char_count,word_count,avg_word_len,num_digits,has_currency,has_unsubscribe,ratio_stopwords,punctuation_ratio,entropy_text,has_reply_marker,has_signature_block,has_shortcode,label,source
111.0,20.0,4.6,0.0,0.0,0.0,0.2,0.08108108,4.350843,0.0,0.0,0.0,0,sms
29.0,6.0,4.0,0.0,0.0,0.0,0.0,0.20689656,3.4906015,0.0,0.0,0.0,0,sms
155.0,28.0,4.571429,25.0,0.0,0.0,0.17857143,0.038709678,4.849076,0.0,0.0,1.0,1,sms
49.0,11.0,3.5454545,0.0,0.0,0.0,0.18181819,0.12244898,3.7114515,0.0,0.0,0.0,0,sms
61.0,13.0,3.7692308,0.0,0.0,0.0,0.46153846,0.032786883,4.001739,0.0,0.0,0.0,0,sms
148.0,32.0,3.65625,4.0,1.0,0.0,0.4375,0.054054055,4.84673,0.0,0.0,0.0,1,sms
77.0,16.0,3.875,0.0,0.0,0.0,0.4375,0.025974026,4.0491457,0.0,0.0,0.0,0,sms
160.0,26.0,5.1923075,1.0,0.0,0.0,0.3846154,0.0375,4.336794,0.0,0.0,0.0,0,sms
158.0,26.0,5.1153846,19.0,1.0,0.0,0.26923078,0.03797468,4.961245,0.0,0.0,0.0,1,sms
154.0,29.0,4.3448277,13.0,0.0,0.0,0.3448276,0.012987013,4.6295724,0.0,0.0,0.0,1,sms
109.0,21.0,4.2380953,0.0,0.0,0.0,0.42857143,0.055045873,4.2876654,0.0,0.0,0.0,0,sms
136.0,26.0,4.269231,22.0,0.0,0.0,0.1923077,0.05882353,5.00947,0.0,0.0,1.0,1,sms
156.0,26.0,5.0384617,20.0,1.0,0.0,0.30769232,0.051282052,5.406899,0.0,0.0,1.0,1,sms
196.0,37.0,4.324324,0.0,0.0,0.0,0.5945946,0.020408163,4.345347,0.0,0.0,0.0,0,sms
35.0,8.0,3.5,0.0,0.0,0.0,0.625,0.057142857,3.7803946,0.0,0.0,0.0,0,sms
149.0,19.0,6.894737,0.0,0.0,0.0,0.31578946,0.0738255,5.0080633,0.0,0.0,0.0,1,sms
26.0,4.0,5.75,0.0,0.0,0.0,0.0,0.23076923,3.9361804,0.0,0.0,0.0,0,sms
81.0,19.0,3.3157895,1.0,0.0,0.0,0.31578946,0.061728396,4.322075,0.0,0.0,0.0,0,sms
58.0,13.0,3.5384614,0.0,0.0,0.0,0.30769232,0.01724138,3.9935503,0.0,0.0,0.0,0,sms
156.0,24.0,5.5416665,23.0,0.0,0.0,0.125,0.051282052,5.340168,0.0,0.0,1.0,1,sms
41.0,8.0,4.25,0.0,0.0,0.0,0.625,0.024390243,3.8924866,0.0,0.0,0.0,0,sms
49.0,11.0,3.5454545,1.0,0.0,0.0,0.27272728,0.0,4.0604167,0.0,0.0,0.0,0,sms
53.0,11.0,3.909091,0.0,0.0,0.0,0.36363637,0.13207547,4.2801204,0.0,0.0,0.0,0,sms
88.0,20.0,3.45,1.0,0.0,0.0,0.25,0.03409091,4.2836924,0.0,0.0,0.0,0,sms
57.0,11.0,4.2727275,0.0,0.0,0.0,0.54545456,0.03508772,4.1759934,0.0,0.0,0.0,0,sms
144.0,28.0,4.178571,0.0,0.0,0.0,0.4642857,0.048611112,4.5744977,0.0,0.0,0.0,0,sms
30.0,5.0,5.2,0.0,0.0,0.0,0.4,0.033333335,3.7483287,0.0,0.0,0.0,0,sms
134.0,32.0,3.21875,0.0,0.0,0.0,0.5,0.04477612,4.3107796,0.0,0.0,0.0,0,sms
75.0,15.0,4.0666666,0.0,0.0,0.0,0.4,0.093333334,4.4159236,0.0,0.0,0.0,0,sms
64.0,12.0,4.4166665,0.0,0.0,0.0,0.33333334,0.0625,4.29633,0.0,0.0,0.0,0,sms
130.0,26.0,4.0384617,0.0,0.0,0.0,0.5769231,0.03076923,4.0473666,0.0,0.0,0.0,0,sms
189.0,41.0,3.609756,2.0,0.0,0.0,0.4878049,0.037037037,4.357908,0.0,1.0,0.0,0,sms
29.0,6.0,4.0,0.0,0.0,0.0,0.33333334,0.03448276,3.8035088,0.0,0.0,0.0,0,sms
84.0,17.0,4.0,0.0,0.0,0.0,0.64705884,0.011904762,4.2895975,0.0,0.0,0.0,0,sms
159.0,29.0,4.5172415,1.0,1.0,0.0,0.51724136,0.012578616,4.718237,0.0,0.0,0.0,1,sms
123.0,28.0,3.4285715,2.0,0.0,0.0,0.42857143,0.05691057,4.2622137,0.0,0.0,0.0,0,sms
47.0,9.0,4.3333335,0.0,0.0,0.0,0.44444445,0.06382979,4.0604167,0.0,0.0,0.0,0,sms
28.0,8.0,2.625,0.0,0.0,0.0,0.5,0.0,3.517816,0.0,0.0,0.0,0,sms
27.0,4.0,6.0,0.0,0.0,0.0,0.0,0.22222222,3.6053886,0.0,0.0,0.0,0,sms
155.0,30.0,4.2,0.0,0.0,0.0,0.6,0.045161292,4.327663,0.0,0.0,0.0,0,sms
82.0,17.0,3.8823528,0.0,0.0,0.0,0.47058824,0.036585364,4.158857,0.0,0.0,0.0,0,sms
142.0,34.0,3.2058823,0.0,0.0,0.0,0.47058824,0.1056338,4.3357177,0.0,0.0,0.0,0,sms
172.0,33.0,4.242424,22.0,0.0,0.0,0.33333334,0.029069768,4.7193723,0.0,0.0,0.0,1,sms
19.0,4.0,4.0,0.0,0.0,0.0,0.75,0.05263158,3.5778196,0.0,0.0,0.0,0,sms
72.0,13.0,4.4615383,0.0,0.0,0.0,0.3846154,0.1388889,4.4801164,0.0,0.0,0.0,0,sms
32.0,3.0,10.0,0.0,0.0,0.0,0.33333334,0.125,3.268182,0.0,0.0,0.0,0,sms
45.0,8.0,4.75,0.0,0.0,0.0,0.375,0.044444446,3.9118512,0.0,0.0,0.0,0,sms
31.0,5.0,5.4,0.0,0.0,0.0,0.0,0.06451613,3.5282426,0.0,0.0,0.0,0,sms
67.0,14.0,3.857143,0.0,0.0,0.0,0.35714287,0.029850746,4.3006406,0.0,0.0,0.0,0,sms
148.0,30.0,3.9666667,0.0,0.0,0.0,0.46666667,0.0472973,4.398862,0.0,0.0,0.0,0,sms
58.0,12.0,3.9166667,0.0,0.0,0.0,0.5,0.03448276,4.153008,0.0,0.0,0.0,0,sms
124.0,23.0,4.347826,0.0,0.0,0.0,0.3043478,0.088709675,4.288655,0.0,0.0,0.0,0,sms
80.0,16.0,4.0625,0.0,0.0,0.0,0.375,0.0125,4.2162127,0.0,0.0,0.0,0,sms
291.0,55.0,4.309091,0.0,0.0,0.0,0.58181816,0.05498282,4.445128,0.0,0.0,0.0,0,sms
120.0,22.0,4.5,0.0,0.0,0.0,0.18181819,0.041666668,4.7538958,0.0,0.0,0.0,1,sms
76.0,13.0,4.8461537,0.0,0.0,0.0,0.46153846,0.078947365,4.47881,0.0,0.0,0.0,0,sms
161.0,27.0,4.962963,24.0,0.0,0.0,0.11111111,0.07453416,5.008702,0.0,0.0,0.0,1,sms
34.0,6.0,4.8333335,0.0,0.0,0.0,0.33333334,0.0882353,3.8538632,0.0,0.0,0.0,0,sms
22.0,4.0,4.75,0.0,0.0,0.0,0.5,0.0,3.3211043,0.0,0.0,0.0,0,sms
40.0,7.0,4.857143,0.0,0.0,0.0,0.42857143,0.075,3.822182,0.0,0.0,0.0,0,sms
108.0,23.0,3.7391305,1.0,1.0,0.0,0.47826087,0.046296295,4.461742,0.0,0.0,0.0,0,sms
48.0,9.0,4.4444447,0.0,0.0,0.0,0.11111111,0.041666668,3.9037018,0.0,0.0,0.0,0,sms
25.0,6.0,3.3333333,0.0,0.0,0.0,0.5,0.0,3.9219282,0.0,0.0,0.0,0,sms
56.0,12.0,3.75,0.0,0.0,0.0,0.41666666,0.035714287,3.899659,0.0,0.0,0.0,0,sms
110.0,24.0,3.625,0.0,0.0,0.0,0.25,0.018181818,4.167709,0.0,0.0,0.0,0,sms
153.0,28.0,4.5,15.0,1.0,0.0,0.4642857,0.019607844,4.8192544,0.0,0.0,1.0,1,sms
124.0,23.0,4.4347825,0.0,0.0,0.0,0.3478261,0.08064516,4.4925056,0.0,0.0,0.0,0,sms
161.0,22.0,6.3636365,21.0,1.0,0.0,0.22727273,0.062111802,5.230705,0.0,0.0,1.0,1,sms
80.0,15.0,4.4,0.0,0.0,0.0,0.53333336,0.0875,4.54977,0.0,0.0,0.0,1,sms
34.0,8.0,3.375,0.0,0.0,0.0,0.5,0.029411765,3.7821221,0.0,0.0,0.0,0,sms
46.0,8.0,4.875,0.0,0.0,0.0,0.25,0.19565217,3.6408134,0.0,0.0,0.0,0,sms
29.0,5.0,5.0,0.0,0.0,0.0,0.4,0.03448276,3.8136606,0.0,0.0,0.0,0,sms
45.0,10.0,3.6,0.0,0.0,0.0,0.3,0.022222223,3.7527153,0.0,0.0,0.0,0,sms
42.0,6.0,6.1666665,0.0,0.0,0.0,0.5,0.14285715,4.010412,0.0,0.0,0.0,0,sms
20.0,5.0,3.2,0.0,0.0,0.0,0.4,0.15,3.2028196,0.0,0.0,0.0,0,sms
43.0,9.0,3.8888888,0.0,0.0,0.0,0.5555556,0.046511628,4.011585,0.0,0.0,0.0,0,sms
73.0,14.0,4.285714,0.0,0.0,0.0,0.5714286,0.02739726,4.0795293,0.0,0.0,0.0,0,sms
50.0,11.0,3.6363637,0.0,0.0,0.0,0.54545456,0.06,4.1939425,0.0,0.0,0.0,0,sms
42.0,7.0,4.857143,0.0,0.0,0.0,0.71428573,0.11904762,3.7633584,0.0,0.0,0.0,0,sms
76.0,16.0,3.8125,0.0,0.0,0.0,0.5,0.05263158,4.325292,0.0,0.0,0.0,0,sms
22.0,4.0,4.75,0.0,0.0,0.0,0.25,0.09090909,3.2813735,0.0,0.0,0.0,0,sms
32.0,8.0,3.0,0.0,0.0,0.0,0.625,0.0625,4.2516294,0.0,0.0,0.0,0,sms
32.0,10.0,2.3,0.0,0.0,0.0,0.5,0.0,3.4144413,0.0,0.0,0.0,0,sms
36.0,9.0,3.1111112,0.0,0.0,0.0,0.7777778,0.0,3.842371,0.0,0.0,0.0,0,sms
14.0,3.0,4.0,0.0,0.0,0.0,0.0,0.071428575,3.251629,0.0,0.0,0.0,0,sms
55.0,11.0,4.090909,0.0,0.0,0.0,0.45454547,0.09090909,4.34131,0.0,0.0,0.0,0,sms
121.0,26.0,3.6923077,1.0,0.0,0.0,0.5,0.03305785,4.240643,0.0,0.0,0.0,0,sms
144.0,31.0,3.6774194,0.0,0.0,0.0,0.4516129,0.027777778,4.262777,0.0,0.0,0.0,0,sms
42.0,9.0,3.7777777,0.0,0.0,0.0,0.5555556,0.023809524,3.8810055,0.0,0.0,0.0,0,sms
41.0,7.0,5.0,0.0,0.0,0.0,0.0,0.12195122,3.900153,0.0,0.0,0.0,0,sms
62.0,10.0,5.3,0.0,0.0,0.0,0.1,0.048387095,4.186589,0.0,0.0,0.0,0,sms
195.0,39.0,4.0,2.0,0.0,0.0,0.53846157,0.025641026,4.258357,0.0,0.0,0.0,0,sms
141.0,26.0,4.4615383,1.0,0.0,0.0,0.1923077,0.014184397,4.398989,0.0,0.0,0.0,0,sms
139.0,23.0,5.0869565,22.0,1.0,0.0,0.39130434,0.01438849,4.6158648,0.0,0.0,1.0,1,sms
107.0,20.0,4.4,3.0,0.0,0.0,0.2,0.028037382,4.436372,0.0,0.0,0.0,0,sms
125.0,22.0,4.7272725,5.0,0.0,0.0,0.36363637,0.048,4.783018,0.0,0.0,1.0,1,sms
33.0,5.0,5.8,0.0,0.0,0.0,0.0,0.09090909,3.9783335,0.0,0.0,0.0,0,sms
51.0,12.0,3.3333333,0.0,0.0,0.0,0.5833333,0.019607844,3.827567,0.0,0.0,0.0,0,sms
184.0,39.0,3.7435896,0.0,0.0,0.0,0.41025642,0.048913043,4.344697,0.0,0.0,0.0,0,sms
57.0,11.0,4.2727275,0.0,0.0,0.0,0.45454547,0.05263158,3.972365,0.0,0.0,0.0,0,sms
81.0,21.0,2.9047618,0.0,0.0,0.0,0.33333334,0.024691358,4.3439507,0.0,0.0,0.0,0,sms
76.0,16.0,3.8125,1.0,0.0,0.0,0.4375,0.039473683,4.3340144,0.0,0.0,0.0,0,sms
160.0,26.0,5.1923075,1.0,0.0,0.0,0.3846154,0.0375,4.336794,0.0,0.0,0.0,0,sms
183.0,36.0,4.111111,0.0,0.0,0.0,0.44444445,0.043715846,4.342607,0.0,0.0,0.0,0,sms
44.0,10.0,3.5,0.0,0.0,0.0,0.3,0.0,3.6395984,0.0,0.0,0.0,0,sms
95.0,17.0,4.647059,0.0,0.0,0.0,0.47058824,0.021052632,4.2075825,0.0,0.0,0.0,0,sms
43.0,10.0,3.4,0.0,0.0,0.0,0.6,0.046511628,4.1607046,0.0,0.0,0.0,0,sms
82.0,14.0,4.928571,0.0,0.0,0.0,0.42857143,0.0121951215,4.1565385,0.0,0.0,0.0,0,sms
115.0,24.0,3.8333333,0.0,0.0,0.0,0.5,0.052173913,4.3695593,0.0,0.0,0.0,0,sms
30.0,6.0,4.1666665,0.0,0.0,0.0,0.33333334,0.1,3.843856,0.0,0.0,0.0,0,sms
40.0,8.0,4.125,0.0,0.0,0.0,0.625,0.025,3.8242528,0.0,0.0,0.0,0,sms
31.0,5.0,5.4,0.0,0.0,0.0,0.4,0.06451613,3.8561964,0.0,0.0,0.0,0,sms
96.0,24.0,3.0416667,1.0,0.0,0.0,0.29166666,0.041666668,4.3350286,0.0,0.0,0.0,0,sms
159.0,27.0,4.9259257,22.0,1.0,0.0,0.25925925,0.03773585,5.1059246,0.0,0.0,1.0,1,sms
143.0,24.0,5.0,0.0,0.0,0.0,0.25,0.10489511,4.4031353,0.0,0.0,0.0,0,sms
156.0,32.0,3.90625,1.0,0.0,0.0,0.40625,0.083333336,4.603851,0.0,0.0,0.0,0,sms
153.0,27.0,4.6666665,22.0,1.0,0.0,0.33333334,0.045751635,4.761914,0.0,0.0,1.0,1,sms
72.0,12.0,5.0,0.0,0.0,0.0,0.16666667,0.055555556,4.102213,0.0,0.0,0.0,0,sms
86.0,15.0,4.8,0.0,0.0,0.0,0.4,0.069767445,4.369607,0.0,0.0,0.0,0,sms
144.0,20.0,6.25,34.0,0.0,0.0,0.15,0.020833334,5.0573707,0.0,0.0,1.0,1,sms
157.0,26.0,5.076923,26.0,1.0,0.0,0.30769232,0.03821656,5.254728,0.0,0.0,1.0,1,sms
53.0,8.0,5.75,0.0,0.0,0.0,0.5,0.056603774,3.8360476,0.0,0.0,0.0,0,sms
156.0,27.0,4.814815,22.0,1.0,0.0,0.25925925,0.012820513,4.658096,0.0,0.0,1.0,1,sms
52.0,13.0,3.0,2.0,0.0,0.0,0.53846157,0.01923077,4.009135,0.0,0.0,0.0,0,sms
40.0,7.0,4.857143,0.0,0.0,0.0,0.0,0.075,4.370859,0.0,0.0,0.0,0,sms
20.0,4.0,4.25,0.0,0.0,0.0,0.25,0.1,3.4548223,0.0,0.0,0.0,0,sms
244.0,46.0,4.326087,0.0,0.0,0.0,0.6086956,0.036885247,4.263106,0.0,0.0,0.0,0,sms
22.0,5.0,3.6,0.0,0.0,0.0,0.8,0.045454547,3.3774438,0.0,0.0,0.0,0,sms
107.0,27.0,3.0,0.0,0.0,0.0,0.2962963,0.037383176,4.341238,0.0,0.0,0.0,0,sms
28.0,5.0,4.8,0.0,0.0,0.0,0.4,0.17857143,3.9701755,0.0,0.0,0.0,0,sms
9.0,2.0,4.0,0.0,0.0,0.0,0.5,0.22222222,2.75,0.0,0.0,0.0,0,sms
39.0,5.0,7.0,0.0,0.0,0.0,0.2,0.07692308,3.8401568,0.0,0.0,0.0,0,sms
25.0,4.0,5.5,0.0,0.0,0.0,0.25,0.04,3.788755,0.0,0.0,0.0,0,sms
126.0,25.0,4.08,8.0,1.0,0.0,0.24,0.03968254,5.001898,0.0,0.0,1.0,1,sms
162.0,28.0,4.821429,13.0,0.0,0.0,0.071428575,0.049382716,4.9167705,0.0,0.0,1.0,1,sms
38.0,6.0,5.5,0.0,0.0,0.0,0.5,0.10526316,4.1501584,0.0,0.0,0.0,0,sms
34.0,8.0,3.375,0.0,0.0,0.0,0.625,0.029411765,3.8804564,0.0,0.0,0.0,0,sms
46.0,9.0,4.2222223,0.0,0.0,0.0,0.44444445,0.02173913,4.0605745,0.0,0.0,0.0,0,sms
155.0,32.0,3.875,5.0,0.0,0.0,0.3125,0.025806451,4.746214,0.0,0.0,1.0,1,sms
86.0,20.0,3.35,0.0,0.0,0.0,0.4,0.15116279,4.216011,0.0,0.0,0.0,0,sms
33.0,8.0,3.25,0.0,0.0,0.0,0.625,0.060606062,3.6864195,0.0,0.0,0.0,0,sms
27.0,5.0,4.6,0.0,0.0,0.0,0.4,0.074074075,3.7950885,0.0,0.0,0.0,0,sms
158.0,26.0,5.1153846,2.0,0.0,0.0,0.26923078,0.06962025,4.470517,0.0,0.0,0.0,0,sms
42.0,10.0,3.3,0.0,0.0,0.0,0.5,0.04761905,4.127283,0.0,0.0,0.0,0,sms
25.0,7.0,2.7142856,0.0,0.0,0.0,0.42857143,0.0,3.115834,0.0,0.0,0.0,0,sms
48.0,10.0,3.9,0.0,0.0,0.0,0.4,0.020833334,3.9359357,0.0,0.0,0.0,0,sms
159.0,29.0,4.5172415,14.0,0.0,0.0,0.3448276,0.044025157,4.8347473,0.0,0.0,0.0,1,sms
84.0,15.0,4.6666665,0.0,0.0,0.0,0.33333334,0.035714287,4.307257,0.0,0.0,0.0,0,sms
33.0,6.0,4.6666665,0.0,0.0,0.0,0.33333334,0.09090909,3.794336,0.0,0.0,0.0,0,sms
30.0,7.0,3.4285715,0.0,0.0,0.0,0.14285715,0.06666667,3.8553886,0.0,0.0,0.0,0,sms
45.0,9.0,4.111111,0.0,0.0,0.0,0.6666667,0.06666667,3.8383977,0.0,0.0,0.0,0,sms
59.0,15.0,3.0,2.0,0.0,0.0,0.26666668,0.016949153,4.2946463,0.0,0.0,0.0,0,sms
25.0,4.0,5.5,0.0,0.0,0.0,0.0,0.24,3.3908055,0.0,0.0,0.0,0,sms
160.0,26.0,5.1923075,1.0,0.0,0.0,0.3846154,0.0375,4.336794,0.0,0.0,0.0,0,sms
384.0,80.0,3.8125,0.0,0.0,0.0,0.5,0.041666668,4.334229,0.0,0.0,0.0,0,sms
28.0,5.0,4.8,0.0,0.0,0.0,0.6,0.035714287,3.459148,0.0,0.0,0.0,0,sms
27.0,5.0,4.6,0.0,0.0,0.0,0.4,0.14814815,3.9690015,0.0,0.0,0.0,0,sms
157.0,33.0,3.7878788,0.0,0.0,0.0,0.6060606,0.050955415,4.3452253,0.0,0.0,0.0,0,sms
124.0,19.0,5.5789475,11.0,0.0,0.0,0.31578946,0.016129032,4.4762745,0.0,0.0,0.0,1,sms
146.0,27.0,4.4444447,20.0,1.0,0.0,0.33333334,0.020547945,4.6257925,0.0,0.0,1.0,1,sms
115.0,24.0,3.8333333,0.0,0.0,0.0,0.5833333,0.008695652,4.0006247,0.0,0.0,0.0,0,sms
64.0,13.0,4.0,0.0,0.0,0.0,0.46153846,0.078125,4.349693,0.0,0.0,0.0,0,sms
85.0,19.0,3.5263157,0.0,0.0,0.0,0.57894737,0.05882353,4.3153396,0.0,0.0,0.0,0,sms
152.0,24.0,5.375,13.0,0.0,0.0,0.29166666,0.08552632,5.0838423,0.0,0.0,1.0,1,sms
155.0,30.0,4.2,1.0,0.0,0.0,0.26666668,0.038709678,4.658275,0.0,0.0,0.0,1,sms
51.0,10.0,4.2,0.0,0.0,0.0,0.3,0.019607844,3.853527,0.0,0.0,0.0,0,sms
157.0,27.0,4.851852,18.0,1.0,0.0,0.33333334,0.031847134,5.134238,0.0,0.0,0.0,1,sms
74.0,13.0,4.769231,0.0,0.0,0.0,0.30769232,0.04054054,4.252584,0.0,0.0,0.0,0,sms
67.0,13.0,4.1538463,0.0,0.0,0.0,0.3846154,0.029850746,4.1473203,0.0,0.0,0.0,0,sms
59.0,10.0,5.0,0.0,0.0,0.0,0.3,0.084745765,4.143982,0.0,0.0,0.0,0,sms
50.0,10.0,4.1,0.0,0.0,0.0,0.3,0.04,4.22671,0.0,0.0,0.0,0,sms
94.0,20.0,3.7,1.0,0.0,0.0,0.15,0.12765957,4.348609,0.0,0.0,0.0,0,sms
33.0,6.0,4.5,0.0,0.0,0.0,0.5,0.030303031,4.0323033,0.0,0.0,0.0,0,sms
105.0,21.0,4.0,0.0,0.0,0.0,0.2857143,0.057142857,4.447386,0.0,0.0,0.0,0,sms
61.0,11.0,4.6363635,0.0,0.0,0.0,0.36363637,0.114754096,4.1627445,0.0,0.0,0.0,0,sms
65.0,14.0,3.7142856,0.0,0.0,0.0,0.5,0.015384615,3.9594913,0.0,0.0,0.0,0,sms
26.0,6.0,3.5,0.0,0.0,0.0,0.33333334,0.03846154,3.4992275,0.0,0.0,0.0,0,sms
146.0,30.0,3.8666666,0.0,1.0,0.0,0.4,0.09589041,4.4288225,0.0,0.0,0.0,0,sms
66.0,16.0,3.1875,0.0,0.0,0.0,0.5625,0.015151516,4.191075,0.0,0.0,0.0,0,sms
126.0,25.0,4.08,0.0,0.0,0.0,0.48,0.03968254,4.6315603,0.0,0.0,0.0,0,sms
159.0,31.0,4.16129,1.0,0.0,0.0,0.5483871,0.018867925,4.343634,0.0,0.0,0.0,0,sms
23.0,6.0,3.0,0.0,0.0,0.0,0.16666667,0.08695652,3.7254806,0.0,0.0,0.0,0,sms
65.0,13.0,4.076923,0.0,0.0,0.0,0.61538464,0.03076923,4.110022,0.0,0.0,0.0,0,sms
24.0,5.0,4.0,0.0,0.0,0.0,0.4,0.083333336,3.5841837,0.0,0.0,0.0,0,sms
26.0,4.0,5.75,0.0,0.0,0.0,0.25,0.03846154,3.5013978,0.0,0.0,0.0,0,sms
152.0,32.0,3.78125,0.0,0.0,0.0,0.375,0.04605263,4.4896774,0.0,0.0,0.0,0,sms
34.0,7.0,4.0,0.0,0.0,0.0,0.5714286,0.029411765,3.6105773,0.0,0.0,0.0,0,sms
149.0,24.0,5.25,22.0,1.0,0.0,0.375,0.013422819,4.8722596,0.0,0.0,1.0,1,sms
55.0,13.0,3.3076923,0.0,0.0,0.0,0.61538464,0.018181818,4.1160626,0.0,0.0,0.0,0,sms
88.0,19.0,3.6842105,0.0,0.0,0.0,0.31578946,0.056818184,4.202597,0.0,0.0,0.0,0,sms
72.0,10.0,6.3,2.0,0.0,0.0,0.4,0.06944445,4.2281895,0.0,0.0,0.0,1,sms
185.0,38.0,3.8947368,0.0,0.0,0.0,0.5,0.043243244,4.265418,0.0,0.0,0.0,0,sms
37.0,6.0,5.3333335,0.0,0.0,0.0,0.33333334,0.10810811,4.1403193,0.0,0.0,0.0,0,sms
111.0,22.0,4.090909,0.0,0.0,0.0,0.5,0.018018018,4.0007067,0.0,0.0,0.0,0,sms
92.0,19.0,3.8947368,1.0,0.0,0.0,0.5263158,0.032608695,4.312107,0.0,0.0,0.0,0,sms
28.0,7.0,3.142857,0.0,0.0,0.0,0.14285715,0.0,3.6069367,0.0,0.0,0.0,0,sms
28.0,6.0,3.8333333,0.0,0.0,0.0,0.33333334,0.0,3.6753109,0.0,0.0,0.0,0,sms
64.0,14.0,3.5714285,1.0,0.0,0.0,0.42857143,0.03125,3.871789,0.0,0.0,0.0,0,sms
131.0,30.0,3.4,0.0,0.0,0.0,0.5,0.03816794,4.529441,0.0,0.0,0.0,0,sms
40.0,8.0,4.0,0.0,0.0,0.0,0.25,0.2,4.375,0.0,0.0,0.0,0,sms
28.0,5.0,4.4,0.0,0.0,0.0,0.4,0.17857143,3.879664,0.0,0.0,0.0,0,sms
84.0,18.0,3.7222223,0.0,0.0,0.0,0.33333334,0.0,4.087217,0.0,0.0,0.0,0,sms
174.0,26.0,5.6538463,0.0,0.0,0.0,0.30769232,0.09195402,4.774427,0.0,0.0,0.0,0,sms
24.0,3.0,7.3333335,0.0,0.0,0.0,0.0,0.041666668,3.6292198,0.0,0.0,0.0,0,sms
25.0,7.0,2.7142856,2.0,0.0,0.0,0.2857143,0.04,3.4316235,0.0,0.0,0.0,0,sms
64.0,13.0,4.0,0.0,0.0,0.0,0.15384616,0.046875,4.005956,0.0,0.0,0.0,0,sms
156.0,32.0,3.90625,1.0,0.0,0.0,0.40625,0.083333336,4.603851,0.0,0.0,0.0,0,sms
28.0,5.0,4.8,0.0,0.0,0.0,0.0,0.035714287,3.4182959,0.0,0.0,0.0,0,sms
86.0,13.0,5.5384617,0.0,0.0,0.0,0.3846154,0.046511628,4.5007854,0.0,0.0,0.0,0,sms
39.0,9.0,3.4444444,0.0,0.0,0.0,0.33333334,0.07692308,3.885828,0.0,0.0,0.0,0,sms
73.0,14.0,4.285714,0.0,0.0,0.0,0.5,0.05479452,4.1980686,0.0,0.0,0.0,0,sms
26.0,6.0,3.5,0.0,0.0,0.0,0.5,0.0,3.5351746,0.0,0.0,0.0,0,sms
23.0,2.0,11.0,0.0,0.0,0.0,0.0,0.3043478,3.7544417,0.0,0.0,0.0,0,sms
24.0,5.0,4.0,0.0,0.0,0.0,0.2,0.29166666,3.3464394,0.0,0.0,0.0,0,sms
31.0,6.0,4.3333335,0.0,0.0,0.0,0.33333334,0.06451613,3.9790978,0.0,0.0,0.0,0,sms
58.0,9.0,5.5555553,0.0,0.0,0.0,0.33333334,0.01724138,4.11327,0.0,0.0,0.0,0,sms
48.0,9.0,4.4444447,0.0,0.0,0.0,0.44444445,0.0625,3.9873261,0.0,0.0,0.0,0,sms
41.0,7.0,5.0,0.0,0.0,0.0,0.14285715,0.07317073,3.8297417,0.0,0.0,0.0,0,sms
32.0,8.0,3.125,1.0,0.0,0.0,0.5,0.0,3.6732697,0.0,0.0,0.0,0,sms
159.0,35.0,3.5714285,0.0,0.0,0.0,0.5714286,0.031446543,4.2928967,0.0,0.0,0.0,0,sms
25.0,6.0,3.3333333,0.0,0.0,0.0,0.16666667,0.08,3.821928,0.0,0.0,0.0,0,sms
161.0,30.0,4.4,0.0,0.0,0.0,0.43333334,0.031055901,4.23334,0.0,0.0,0.0,0,sms
22.0,4.0,4.75,0.0,0.0,0.0,0.25,0.09090909,3.2813735,0.0,0.0,0.0,0,sms
119.0,26.0,3.6153846,0.0,0.0,0.0,0.26923078,0.05042017,4.2814183,0.0,0.0,0.0,0,sms
143.0,21.0,5.857143,31.0,1.0,0.0,0.1904762,0.07692308,5.3293467,0.0,0.0,1.0,1,sms
69.0,13.0,4.3846154,0.0,0.0,0.0,0.30769232,0.028985508,4.025983,0.0,0.0,0.0,0,sms
137.0,30.0,3.6,2.0,0.0,0.0,0.2,0.04379562,4.613587,0.0,0.0,0.0,1,sms
30.0,5.0,5.2,0.0,0.0,0.0,0.0,0.033333335,3.6423714,0.0,0.0,0.0,0,sms
165.0,27.0,5.148148,0.0,0.0,0.0,0.22222222,0.07272727,4.365305,0.0,0.0,0.0,0,sms
34.0,8.0,3.375,0.0,0.0,0.0,0.625,0.0,3.6582341,0.0,0.0,0.0,0,sms
109.0,20.0,4.5,0.0,0.0,0.0,0.3,0.06422018,4.242746,0.0,0.0,0.0,0,sms
37.0,8.0,3.75,0.0,0.0,0.0,0.5,0.0,3.615922,0.0,0.0,0.0,0,sms
33.0,6.0,4.6666665,0.0,0.0,0.0,0.33333334,0.060606062,3.651479,0.0,0.0,0.0,0,sms
48.0,8.0,5.125,0.0,0.0,0.0,0.25,0.083333336,4.073913,0.0,0.0,0.0,0,sms
157.0,34.0,3.6470587,7.0,0.0,0.0,0.23529412,0.050955415,4.980469,0.0,0.0,0.0,1,sms
50.0,9.0,4.4444447,0.0,0.0,0.0,0.44444445,0.12,4.3250704,0.0,0.0,0.0,0,sms
65.0,15.0,3.4,0.0,0.0,0.0,0.53333336,0.0,3.6593215,0.0,0.0,0.0,0,sms
38.0,7.0,4.571429,0.0,0.0,0.0,0.42857143,0.05263158,3.5108912,0.0,0.0,0.0,0,sms
145.0,27.0,4.4074073,0.0,0.0,0.0,0.25925925,0.096551724,4.948625,0.0,0.0,0.0,0,sms
145.0,25.0,4.84,24.0,0.0,0.0,0.44,0.020689655,4.7847633,0.0,0.0,0.0,1,sms
51.0,10.0,4.2,0.0,0.0,0.0,0.4,0.019607844,3.9963844,0.0,0.0,0.0,0,sms
45.0,7.0,5.571429,0.0,0.0,0.0,0.14285715,0.0,3.1485314,0.0,0.0,0.0,0,sms
83.0,16.0,4.25,0.0,0.0,0.0,0.5,0.060240965,4.131098,0.0,0.0,0.0,0,sms
155.0,32.0,3.875,1.0,0.0,0.0,0.25,0.058064517,4.4522767,0.0,0.0,0.0,0,sms
37.0,6.0,5.3333335,0.0,0.0,0.0,0.33333334,0.054054055,3.8042293,0.0,0.0,0.0,0,sms
78.0,17.0,3.6470587,0.0,0.0,0.0,0.7058824,0.03846154,3.9618893,0.0,0.0,0.0,0,sms
30.0,8.0,2.875,0.0,0.0,0.0,0.625,0.0,3.9148662,0.0,0.0,0.0,0,sms
31.0,6.0,4.3333335,1.0,0.0,0.0,0.16666667,0.032258064,3.4885254,0.0,0.0,0.0,0,sms
146.0,30.0,3.9,0.0,0.0,0.0,0.43333334,0.034246575,4.35802,0.0,0.0,0.0,0,sms
150.0,23.0,5.5652175,22.0,0.0,0.0,0.13043478,0.02,4.937746,0.0,0.0,1.0,1,sms
44.0,8.0,4.625,1.0,0.0,0.0,0.125,0.0,3.9128542,0.0,0.0,0.0,0,sms
179.0,34.0,4.2941175,0.0,0.0,0.0,0.20588236,0.061452515,4.4908996,0.0,0.0,0.0,0,sms
27.0,5.0,4.6,0.0,0.0,0.0,0.6,0.074074075,3.7409532,0.0,0.0,0.0,0,sms
179.0,37.0,3.8648648,2.0,0.0,0.0,0.5135135,0.016759777,4.3411922,0.0,0.0,0.0,0,sms
38.0,7.0,4.571429,0.0,0.0,0.0,0.42857143,0.078947365,3.9886086,0.0,0.0,0.0,0,sms
97.0,18.0,4.4444447,0.0,0.0,0.0,0.6111111,0.020618556,4.2500706,0.0,0.0,0.0,0,sms
43.0,10.0,3.4,0.0,0.0,0.0,0.3,0.069767445,3.97645,0.0,0.0,0.0,0,sms
36.0,9.0,3.1111112,0.0,0.0,0.0,0.5555556,0.11111111,3.601125,0.0,0.0,0.0,0,sms
154.0,27.0,4.740741,14.0,0.0,0.0,0.4074074,0.025974026,4.8558784,0.0,0.0,0.0,1,sms
74.0,15.0,4.0,0.0,0.0,0.0,0.53333336,0.067567565,4.4379077,0.0,0.0,0.0,0,sms
3.0,1.0,3.0,0.0,0.0,0.0,0.0,0.0,1.5849625,0.0,0.0,0.0,0,sms
85.0,18.0,3.7777777,0.0,0.0,0.0,0.33333334,0.047058824,4.141624,0.0,0.0,0.0,0,sms
51.0,11.0,3.7272727,10.0,0.0,0.0,0.36363637,0.05882353,4.464157,0.0,0.0,0.0,0,sms
121.0,25.0,3.88,13.0,0.0,1.0,0.32,0.0,4.4010587,0.0,0.0,1.0,1,sms
26.0,6.0,3.5,0.0,0.0,0.0,0.5,0.03846154,3.8208888,0.0,0.0,0.0,0,sms
35.0,7.0,4.142857,0.0,0.0,0.0,0.2857143,0.028571429,3.6209362,0.0,0.0,0.0,0,sms
47.0,11.0,3.3636363,0.0,0.0,0.0,0.45454547,0.021276595,3.9182525,0.0,0.0,0.0,0,sms
159.0,27.0,4.9259257,19.0,0.0,0.0,0.14814815,0.044025157,5.113861,0.0,0.0,1.0,1,sms
47.0,9.0,4.3333335,0.0,0.0,0.0,0.5555556,0.06382979,4.0191436,0.0,0.0,0.0,0,sms
133.0,24.0,4.5833335,0.0,0.0,0.0,0.375,0.02255639,4.417928,0.0,0.0,0.0,1,sms
53.0,9.0,5.0,0.0,0.0,0.0,0.44444445,0.03773585,3.7268326,0.0,0.0,0.0,0,sms
147.0,29.0,4.1034484,0.0,0.0,0.0,0.37931034,0.020408163,4.27203,0.0,0.0,0.0,0,sms
155.0,25.0,5.24,12.0,0.0,0.0,0.24,0.045161292,5.0782924,0.0,0.0,1.0,1,sms
37.0,9.0,3.2222223,1.0,0.0,0.0,0.22222222,0.027027028,4.047299,0.0,0.0,0.0,0,sms
31.0,6.0,4.3333335,0.0,0.0,0.0,0.5,0.06451613,3.6864195,0.0,0.0,0.0,0,sms
8.0,1.0,8.0,0.0,0.0,0.0,0.0,0.375,2.4056392,0.0,0.0,0.0,0,sms
38.0,9.0,3.3333333,0.0,0.0,0.0,0.44444445,0.0,3.8817277,0.0,0.0,0.0,0,sms
30.0,7.0,3.4285715,0.0,0.0,0.0,0.5714286,0.06666667,3.9182959,0.0,0.0,0.0,0,sms
47.0,11.0,3.3636363,0.0,0.0,0.0,0.54545456,0.04255319,4.0236616,0.0,0.0,0.0,0,sms
56.0,10.0,4.7,0.0,0.0,0.0,0.3,0.05357143,3.974149,0.0,0.0,0.0,0,sms
22.0,5.0,3.6,0.0,0.0,0.0,0.4,0.045454547,3.2390978,0.0,0.0,0.0,0,sms
19.0,4.0,4.0,0.0,0.0,0.0,0.0,0.05263158,3.0306392,0.0,0.0,0.0,0,sms
29.0,7.0,3.2857144,0.0,0.0,0.0,0.42857143,0.03448276,3.882045,0.0,0.0,0.0,0,sms
7.0,1.0,7.0,0.0,0.0,0.0,0.0,0.42857143,2.1280854,0.0,0.0,0.0,0,sms
121.0,25.0,3.88,0.0,0.0,0.0,0.44,0.024793388,4.3291078,0.0,0.0,0.0,0,sms
58.0,13.0,3.5384614,0.0,0.0,0.0,0.46153846,0.01724138,4.114997,0.0,0.0,0.0,0,sms
4.0,1.0,4.0,0.0,0.0,0.0,0.0,0.5,1.5,0.0,0.0,0.0,0,sms
148.0,35.0,3.2571428,1.0,0.0,0.0,0.42857143,0.006756757,4.3147774,0.0,0.0,0.0,0,sms
160.0,33.0,3.878788,0.0,0.0,0.0,0.54545456,0.0875,4.5587416,0.0,0.0,0.0,0,sms
152.0,21.0,6.285714,0.0,0.0,0.0,0.2857143,0.04605263,4.1026125,0.0,0.0,0.0,0,sms
37.0,8.0,3.75,0.0,0.0,0.0,0.375,0.027027028,3.6980686,0.0,0.0,0.0,0,sms
55.0,13.0,3.3076923,0.0,0.0,0.0,0.23076923,0.036363635,4.390699,0.0,0.0,0.0,0,sms
21.0,5.0,3.4,1.0,0.0,0.0,0.2,0.0952381,3.3815806,0.0,0.0,0.0,0,sms
22.0,5.0,3.6,0.0,0.0,0.0,0.6,0.0,3.6835423,0.0,0.0,0.0,0,sms
50.0,7.0,6.285714,0.0,0.0,0.0,0.2857143,0.04,3.6228716,0.0,0.0,0.0,0,sms
159.0,29.0,4.5172415,13.0,0.0,0.0,0.2413793,0.050314464,5.0908675,0.0,0.0,1.0,1,sms
67.0,12.0,4.6666665,0.0,0.0,0.0,0.5,0.014925373,4.289149,0.0,0.0,0.0,0,sms
153.0,35.0,3.4,0.0,0.0,0.0,0.4,0.07189543,4.879672,0.0,0.0,0.0,0,sms
51.0,11.0,3.7272727,0.0,0.0,0.0,0.27272728,0.019607844,4.092325,0.0,0.0,0.0,0,sms
67.0,12.0,4.6666665,0.0,0.0,0.0,0.33333334,0.04477612,4.116588,0.0,0.0,0.0,0,sms
88.0,17.0,4.2352943,0.0,0.0,0.0,0.3529412,0.022727273,3.9378545,0.0,0.0,0.0,0,sms
157.0,31.0,4.096774,0.0,0.0,0.0,0.41935483,0.031847134,4.33507,0.0,0.0,0.0,0,sms
91.0,21.0,3.3333333,0.0,0.0,0.0,0.61904764,0.021978023,4.104962,0.0,0.0,0.0,0,sms
24.0,5.0,4.0,0.0,0.0,0.0,0.6,0.0,3.7841837,0.0,0.0,0.0,0,sms
146.0,23.0,5.3913045,8.0,0.0,0.0,0.2173913,0.10273973,5.076753,0.0,0.0,0.0,1,sms
57.0,11.0,4.181818,0.0,0.0,0.0,0.6363636,0.15789473,4.1314077,0.0,0.0,0.0,0,sms
26.0,7.0,2.857143,0.0,0.0,0.0,0.14285715,0.03846154,3.7841837,0.0,0.0,0.0,0,sms
71.0,14.0,4.142857,0.0,0.0,0.0,0.35714287,0.04225352,4.295854,0.0,0.0,0.0,0,sms
138.0,24.0,4.7916665,5.0,0.0,0.0,0.29166666,0.04347826,4.600525,0.0,0.0,1.0,1,sms
55.0,10.0,4.6,0.0,0.0,0.0,0.7,0.036363635,3.7770686,0.0,0.0,0.0,0,sms
156.0,24.0,5.5416665,3.0,0.0,0.0,0.125,0.01923077,4.7210155,0.0,0.0,0.0,0,sms
134.0,25.0,4.4,18.0,1.0,0.0,0.16,0.07462686,5.3153744,0.0,0.0,1.0,1,sms
119.0,24.0,4.0,0.0,0.0,0.0,0.5833333,0.025210084,4.123327,0.0,0.0,0.0,0,sms
142.0,33.0,3.3333333,2.0,0.0,0.0,0.36363637,0.04225352,4.4520454,0.0,0.0,0.0,0,sms
41.0,10.0,3.2,0.0,0.0,0.0,0.5,0.048780486,3.6320488,0.0,0.0,0.0,0,sms
26.0,3.0,8.0,0.0,0.0,0.0,0.0,0.15384616,3.8868423,0.0,0.0,0.0,0,sms
119.0,24.0,4.0,1.0,0.0,0.0,0.16666667,0.11764706,4.2575445,0.0,0.0,0.0,0,sms
46.0,9.0,4.2222223,0.0,0.0,0.0,0.44444445,0.08695652,4.155565,0.0,0.0,0.0,0,sms
157.0,27.0,4.851852,13.0,0.0,0.0,0.37037036,0.025477707,4.6603928,0.0,0.0,0.0,1,sms
23.0,4.0,5.0,0.0,0.0,0.0,0.25,0.17391305,3.4841838,0.0,0.0,0.0,0,sms
51.0,10.0,4.2,0.0,0.0,0.0,0.4,0.05882353,3.987705,0.0,0.0,0.0,0,sms
62.0,13.0,3.7692308,0.0,0.0,0.0,0.3846154,0.09677419,4.1150374,0.0,0.0,0.0,0,sms
107.0,28.0,2.857143,4.0,0.0,0.0,0.10714286,0.018691588,4.4600315,0.0,0.0,0.0,0,sms
157.0,31.0,4.096774,0.0,0.0,0.0,0.4516129,0.03821656,4.4133506,0.0,0.0,0.0,0,sms
30.0,6.0,4.1666665,0.0,0.0,0.0,0.6666667,0.06666667,4.0194707,0.0,0.0,0.0,0,sms
32.0,3.0,10.0,0.0,0.0,0.0,0.33333334,0.125,3.268182,0.0,0.0,0.0,0,sms
31.0,6.0,4.3333335,0.0,0.0,0.0,0.33333334,0.09677419,3.8252518,0.0,0.0,0.0,0,sms
79.0,16.0,4.0,0.0,0.0,0.0,0.3125,0.050632913,4.2867384,0.0,0.0,0.0,0,sms
32.0,6.0,4.5,0.0,0.0,0.0,0.5,0.0625,4.0006456,0.0,0.0,0.0,0,sms
86.0,20.0,3.35,0.0,0.0,0.0,0.6,0.034883723,4.099692,0.0,0.0,0.0,0,sms
22.0,3.0,6.6666665,0.0,0.0,0.0,0.0,0.22727273,3.5841837,0.0,0.0,0.0,0,sms
76.0,14.0,4.5,0.0,0.0,0.0,0.35714287,0.05263158,4.137087,0.0,0.0,0.0,0,sms
128.0,24.0,4.375,12.0,0.0,0.0,0.20833333,0.03125,4.5627007,0.0,0.0,1.0,1,sms
232.0,43.0,4.418605,0.0,0.0,0.0,0.60465115,0.01724138,4.322509,0.0,0.0,0.0,0,sms
159.0,27.0,4.9259257,23.0,1.0,0.0,0.37037036,0.044025157,4.9610095,0.0,0.0,1.0,1,sms
45.0,10.0,3.6,0.0,0.0,0.0,0.5,0.08888889,3.9675858,0.0,0.0,0.0,0,sms
57.0,11.0,4.2727275,0.0,0.0,0.0,0.45454547,0.03508772,3.9958415,0.0,0.0,0.0,0,sms
26.0,3.0,8.0,0.0,0.0,0.0,0.33333334,0.07692308,3.7720551,0.0,0.0,0.0,0,sms
22.0,4.0,4.75,0.0,0.0,0.0,0.25,0.09090909,3.2813735,0.0,0.0,0.0,0,sms
41.0,8.0,4.25,0.0,0.0,0.0,0.25,0.09756097,4.057476,0.0,0.0,0.0,0,sms
28.0,6.0,3.8333333,0.0,0.0,0.0,0.16666667,0.071428575,3.5840123,0.0,0.0,0.0,0,sms
151.0,31.0,3.903226,4.0,0.0,0.0,0.4516129,0.026490066,4.4930143,0.0,0.0,0.0,0,sms
29.0,5.0,5.0,0.0,0.0,0.0,0.4,0.03448276,3.5590796,0.0,0.0,0.0,0,sms
34.0,7.0,4.0,0.0,0.0,0.0,0.5714286,0.029411765,3.583617,0.0,0.0,0.0,0,sms
52.0,9.0,4.888889,0.0,0.0,0.0,0.22222222,0.01923077,3.9368472,0.0,0.0,0.0,0,sms
33.0,3.0,10.333333,0.0,0.0,0.0,0.33333334,0.21212122,3.5131953,0.0,0.0,0.0,0,sms
85.0,20.0,3.3,0.0,0.0,0.0,0.3,0.047058824,3.9621832,0.0,0.0,0.0,0,sms
31.0,5.0,5.4,0.0,0.0,0.0,0.0,0.032258064,3.8380399,0.0,0.0,0.0,0,sms
111.0,20.0,4.6,8.0,0.0,0.0,0.2,0.072072074,4.8213515,0.0,0.0,1.0,1,sms
78.0,15.0,4.266667,0.0,0.0,0.0,0.46666667,0.025641026,4.2077622,0.0,0.0,0.0,0,sms
50.0,10.0,4.1,0.0,0.0,0.0,0.4,0.06,3.9121587,0.0,0.0,0.0,0,sms
63.0,15.0,3.2666667,0.0,0.0,0.0,0.6666667,0.031746034,4.0937033,0.0,0.0,0.0,0,sms
148.0,30.0,3.9666667,0.0,0.0,0.0,0.36666667,0.0472973,5.1129246,0.0,0.0,0.0,0,sms
129.0,28.0,3.642857,0.0,0.0,0.0,0.5,0.007751938,4.2431865,0.0,0.0,0.0,0,sms
45.0,8.0,4.75,1.0,0.0,0.0,0.125,0.15555556,4.260828,0.0,0.0,0.0,0,sms
202.0,34.0,4.970588,0.0,0.0,0.0,0.44117647,0.034653466,4.6981897,0.0,0.0,0.0,0,sms
150.0,23.0,5.5652175,22.0,0.0,0.0,0.13043478,0.02,4.937746,0.0,0.0,1.0,1,sms
148.0,22.0,5.7727275,28.0,0.0,0.0,0.22727273,0.06081081,5.142405,0.0,0.0,1.0,1,sms
168.0,31.0,4.451613,0.0,0.0,0.0,0.48387095,0.05952381,4.453549,0.0,0.0,0.0,0,sms
85.0,17.0,4.0588236,0.0,0.0,0.0,0.4117647,0.05882353,4.3570485,0.0,0.0,0.0,0,sms
38.0,6.0,5.5,0.0,0.0,0.0,0.0,0.18421052,3.6653101,0.0,0.0,0.0,0,sms
15.0,4.0,3.0,0.0,0.0,0.0,0.25,0.13333334,3.0220551,0.0,0.0,0.0,0,sms
31.0,5.0,5.4,0.0,0.0,0.0,0.2,0.032258064,4.0323033,0.0,0.0,0.0,0,sms
88.0,16.0,4.5625,0.0,0.0,0.0,0.3125,0.056818184,4.2011323,0.0,0.0,0.0,0,sms
160.0,34.0,3.735294,0.0,0.0,0.0,0.47058824,0.05,4.4190845,0.0,0.0,0.0,0,sms
50.0,12.0,3.25,0.0,0.0,0.0,0.41666666,0.04,3.914019,0.0,0.0,0.0,0,sms
165.0,25.0,5.64,18.0,0.0,0.0,0.12,0.06666667,5.143529,0.0,0.0,1.0,1,sms
129.0,16.0,7.125,17.0,0.0,0.0,0.3125,0.046511628,4.7095566,0.0,0.0,0.0,1,sms
26.0,5.0,4.4,0.0,0.0,0.0,0.4,0.07692308,3.879664,0.0,0.0,0.0,0,sms
31.0,6.0,4.3333335,0.0,0.0,0.0,0.5,0.06451613,3.8402655,0.0,0.0,0.0,0,sms
129.0,29.0,3.4827585,0.0,0.0,0.0,0.4827586,0.069767445,4.3377366,0.0,0.0,0.0,0,sms
34.0,9.0,2.8888888,0.0,0.0,0.0,0.5555556,0.05882353,3.7633424,0.0,0.0,0.0,0,sms
54.0,10.0,4.3,0.0,0.0,0.0,0.4,0.14814815,4.361743,0.0,0.0,0.0,0,sms
162.0,37.0,3.4054055,0.0,0.0,0.0,0.5675676,0.0061728396,4.205213,0.0,0.0,0.0,0,sms
157.0,26.0,5.076923,14.0,0.0,1.0,0.3846154,0.01910828,4.779508,0.0,0.0,0.0,1,sms
23.0,5.0,3.8,0.0,0.0,0.0,0.6,0.0,3.4058223,0.0,0.0,0.0,0,sms
53.0,9.0,5.0,0.0,0.0,0.0,0.33333334,0.11320755,4.2157216,0.0,0.0,0.0,0,sms
131.0,25.0,4.28,0.0,0.0,0.0,0.4,0.022900764,4.2022185,0.0,0.0,0.0,0,sms
36.0,7.0,4.285714,0.0,0.0,0.0,0.42857143,0.0,3.8314018,0.0,0.0,0.0,0,sms
143.0,27.0,4.3333335,0.0,0.0,0.0,0.2962963,0.034965035,4.41212,0.0,0.0,0.0,0,sms
300.0,57.0,4.2807016,0.0,0.0,0.0,0.50877196,0.046666667,4.391288,0.0,0.0,0.0,0,sms
59.0,12.0,4.0,0.0,0.0,0.0,0.41666666,0.016949153,4.1959825,0.0,0.0,0.0,0,sms
42.0,9.0,3.7777777,0.0,0.0,0.0,0.22222222,0.11904762,3.9735126,0.0,0.0,0.0,0,sms
41.0,10.0,3.2,3.0,0.0,0.0,0.5,0.09756097,3.9178379,0.0,0.0,0.0,0,sms
149.0,22.0,5.818182,16.0,0.0,0.0,0.22727273,0.026845638,4.883717,0.0,0.0,0.0,1,sms
22.0,6.0,2.8333333,1.0,0.0,0.0,0.16666667,0.0,3.4548223,0.0,0.0,0.0,0,sms
31.0,6.0,4.3333335,0.0,0.0,0.0,0.33333334,0.032258064,3.7923765,0.0,0.0,0.0,0,sms
30.0,7.0,3.4285715,0.0,0.0,0.0,0.2857143,0.0,3.751629,0.0,0.0,0.0,0,sms
155.0,26.0,5.0,16.0,0.0,0.0,0.15384616,0.025806451,4.816522,0.0,0.0,0.0,1,sms
47.0,9.0,4.3333335,0.0,0.0,0.0,0.22222222,0.06382979,4.4068213,0.0,0.0,0.0,0,sms
25.0,5.0,4.2,0.0,0.0,0.0,0.2,0.16,3.88018,0.0,0.0,0.0,0,sms
80.0,16.0,4.0,0.0,0.0,0.0,0.5,0.025,4.1103797,0.0,0.0,0.0,0,sms
22.0,5.0,3.6,0.0,0.0,0.0,0.6,0.045454547,3.350209,0.0,0.0,0.0,0,sms
115.0,28.0,3.142857,0.0,0.0,0.0,0.5714286,0.017391304,4.171796,0.0,0.0,0.0,0,sms
56.0,11.0,4.090909,3.0,0.0,0.0,0.54545456,0.05357143,4.3835354,0.0,0.0,0.0,0,sms
102.0,16.0,5.4375,0.0,0.0,0.0,0.375,0.029411765,4.0459514,0.0,0.0,0.0,0,sms
118.0,26.0,3.5769231,1.0,0.0,0.0,0.3846154,0.033898305,4.338704,0.0,0.0,0.0,0,sms
221.0,43.0,4.162791,0.0,0.0,0.0,0.4651163,0.027149322,4.2741814,0.0,0.0,0.0,0,sms
204.0,30.0,5.8333335,0.0,0.0,0.0,0.4,0.05392157,4.647856,0.0,0.0,0.0,0,sms
114.0,16.0,6.1875,0.0,0.0,0.0,0.25,0.096491225,4.307303,0.0,0.0,0.0,0,sms
158.0,32.0,3.96875,28.0,1.0,0.0,0.3125,0.01898734,4.82095,0.0,0.0,1.0,1,sms
39.0,9.0,3.4444444,0.0,0.0,0.0,0.6666667,0.025641026,3.9134007,0.0,0.0,0.0,0,sms
36.0,7.0,4.285714,0.0,0.0,0.0,0.5714286,0.027777778,3.7614064,0.0,0.0,0.0,0,sms
48.0,9.0,4.4444447,0.0,0.0,0.0,0.33333334,0.020833334,3.8134606,0.0,0.0,0.0,0,sms
77.0,13.0,4.8461537,0.0,0.0,0.0,0.30769232,0.077922076,4.1830645,0.0,0.0,0.0,0,sms
60.0,14.0,3.357143,0.0,0.0,0.0,0.35714287,0.016666668,4.1104546,0.0,0.0,0.0,0,sms
168.0,32.0,4.28125,0.0,0.0,0.0,0.34375,0.035714287,4.4180546,0.0,0.0,0.0,0,sms
51.0,9.0,4.7777777,0.0,0.0,0.0,0.22222222,0.05882353,4.211408,0.0,0.0,0.0,0,sms
22.0,3.0,6.6666665,0.0,0.0,0.0,0.0,0.0,3.7219281,0.0,0.0,0.0,0,sms
152.0,21.0,6.285714,0.0,0.0,0.0,0.14285715,0.059210528,4.1874638,0.0,0.0,0.0,0,sms
75.0,17.0,3.4705882,0.0,0.0,0.0,0.64705884,0.0,3.9994295,0.0,0.0,0.0,0,sms
30.0,8.0,2.875,0.0,0.0,0.0,0.625,0.0,3.6753109,0.0,0.0,0.0,0,sms
95.0,20.0,3.75,0.0,0.0,0.0,0.15,0.12631579,4.3369846,0.0,0.0,0.0,0,sms
24.0,5.0,4.0,0.0,0.0,0.0,0.2,0.041666668,3.7841837,0.0,0.0,0.0,0,sms
49.0,6.0,7.3333335,19.0,0.0,0.0,0.0,0.020408163,4.43626,0.0,0.0,0.0,1,sms
35.0,7.0,4.142857,0.0,0.0,0.0,0.14285715,0.028571429,3.6990278,0.0,0.0,0.0,0,sms
29.0,7.0,3.2857144,0.0,0.0,0.0,0.5714286,0.0,3.6211755,0.0,0.0,0.0,0,sms
107.0,18.0,5.0,10.0,1.0,0.0,0.2777778,0.046728972,4.768979,0.0,0.0,1.0,1,sms
66.0,14.0,3.7857144,0.0,0.0,0.0,0.64285713,0.045454547,4.0918803,0.0,0.0,0.0,0,sms
159.0,32.0,4.0,31.0,0.0,0.0,0.15625,0.018867925,5.281621,0.0,0.0,1.0,1,sms
48.0,8.0,5.125,0.0,0.0,0.0,0.25,0.083333336,4.101846,0.0,0.0,0.0,0,sms
162.0,27.0,5.037037,19.0,0.0,0.0,0.4814815,0.012345679,4.64846,0.0,0.0,0.0,1,sms
24.0,5.0,4.0,0.0,0.0,0.0,0.4,0.125,3.6464393,0.0,0.0,0.0,0,sms
137.0,22.0,5.2727275,21.0,1.0,0.0,0.3181818,0.02919708,5.075136,0.0,0.0,1.0,1,sms
248.0,33.0,6.4848485,9.0,0.0,0.0,0.24242425,0.12096774,4.695315,0.0,0.0,0.0,0,sms
25.0,6.0,3.3333333,0.0,0.0,0.0,0.5,0.12,3.6841838,0.0,0.0,0.0,0,sms
27.0,4.0,6.0,0.0,0.0,0.0,0.5,0.14814815,3.3035088,0.0,0.0,0.0,0,sms
37.0,7.0,4.428571,0.0,0.0,0.0,0.42857143,0.027027028,3.650765,0.0,0.0,0.0,0,sms
69.0,16.0,3.375,1.0,0.0,0.0,0.375,0.072463766,4.1809297,0.0,0.0,0.0,0,sms
150.0,27.0,4.5555553,0.0,0.0,0.0,0.33333334,0.11333334,4.486334,0.0,0.0,0.0,0,sms
24.0,5.0,4.0,0.0,0.0,0.0,0.2,0.041666668,3.8841836,0.0,0.0,0.0,0,sms
80.0,15.0,4.4,0.0,0.0,0.0,0.46666667,0.0,3.9842236,0.0,0.0,0.0,0,sms
157.0,26.0,5.076923,33.0,0.0,0.0,0.115384616,0.012738854,4.9412646,0.0,0.0,1.0,1,sms
25.0,4.0,5.5,0.0,0.0,0.0,0.25,0.04,3.823068,0.0,0.0,0.0,0,sms
73.0,11.0,5.6363635,0.0,0.0,0.0,0.18181819,0.12328767,4.4299464,0.0,0.0,0.0,0,sms
89.0,15.0,4.733333,0.0,0.0,0.0,0.33333334,0.19101124,4.2912226,0.0,0.0,0.0,0,sms
58.0,12.0,3.9166667,0.0,0.0,0.0,0.25,0.03448276,4.0943933,0.0,0.0,0.0,0,sms
36.0,6.0,5.1666665,0.0,0.0,0.0,0.33333334,0.0,3.9746954,0.0,0.0,0.0,0,sms
76.0,15.0,4.133333,2.0,0.0,0.0,0.26666668,0.039473683,4.385096,0.0,0.0,0.0,0,sms
47.0,11.0,3.3636363,0.0,0.0,0.0,0.6363636,0.04255319,3.8720496,0.0,0.0,0.0,0,sms
104.0,16.0,5.5625,0.0,0.0,0.0,0.25,0.07692308,4.271596,0.0,0.0,0.0,0,sms
38.0,8.0,3.875,0.0,0.0,0.0,0.625,0.10526316,4.042433,0.0,0.0,0.0,0,sms
69.0,17.0,3.1176472,0.0,0.0,0.0,0.47058824,0.13043478,4.0834203,0.0,0.0,0.0,0,sms
22.0,4.0,4.75,0.0,0.0,0.0,0.25,0.09090909,3.2813735,0.0,0.0,0.0,0,sms
66.0,9.0,6.4444447,0.0,0.0,0.0,0.11111111,0.030303031,3.8700461,0.0,0.0,0.0,0,sms
94.0,19.0,4.0,0.0,0.0,0.0,0.5263158,0.06382979,4.3721204,0.0,0.0,0.0,0,sms
70.0,12.0,4.8333335,0.0,0.0,0.0,0.16666667,0.08571429,4.0679355,0.0,0.0,0.0,0,sms
73.0,14.0,4.285714,0.0,0.0,0.0,0.42857143,0.04109589,4.0712414,0.0,0.0,0.0,0,sms
42.0,9.0,3.7777777,0.0,0.0,0.0,0.33333334,0.0952381,4.124084,0.0,0.0,0.0,0,sms
17.0,4.0,3.5,2.0,0.0,0.0,0.0,0.1764706,3.46772,0.0,0.0,0.0,0,sms
13.0,2.0,6.0,0.0,0.0,0.0,0.0,0.07692308,3.251629,0.0,0.0,0.0,0,sms
45.0,10.0,3.6,0.0,0.0,0.0,0.5,0.0,3.7289722,0.0,0.0,0.0,0,sms
57.0,9.0,5.4444447,0.0,0.0,0.0,0.44444445,0.10526316,4.1887035,0.0,0.0,0.0,0,sms
105.0,21.0,4.047619,0.0,0.0,0.0,0.52380955,0.01904762,4.116366,0.0,0.0,0.0,0,sms
164.0,28.0,4.892857,19.0,1.0,0.0,0.2857143,0.05487805,4.897767,0.0,0.0,1.0,1,sms
47.0,10.0,3.8,0.0,0.0,0.0,0.2,0.04255319,3.977805,0.0,0.0,0.0,0,sms
117.0,25.0,3.72,0.0,0.0,0.0,0.36,0.025641026,4.141858,0.0,0.0,0.0,0,sms
158.0,28.0,4.678571,0.0,0.0,0.0,0.4642857,0.01898734,4.2119045,0.0,0.0,0.0,0,sms
79.0,17.0,3.7058823,3.0,0.0,0.0,0.1764706,0.07594936,4.26857,0.0,0.0,0.0,0,sms
142.0,22.0,5.5,0.0,0.0,0.0,0.54545456,0.02112676,4.1422114,0.0,0.0,0.0,0,sms
62.0,15.0,3.2,0.0,0.0,0.0,0.6,0.016129032,3.9281752,0.0,0.0,0.0,0,sms
71.0,13.0,4.5384617,0.0,0.0,0.0,0.30769232,0.028169014,3.9613168,0.0,0.0,0.0,0,sms
175.0,29.0,5.0689654,13.0,0.0,0.0,0.2413793,0.045714285,5.0938745,0.0,0.0,1.0,1,sms
29.0,6.0,4.0,0.0,0.0,0.0,0.16666667,0.06896552,3.569774,0.0,0.0,0.0,0,sms
29.0,8.0,2.75,0.0,0.0,0.0,0.625,0.0,3.64125,0.0,0.0,0.0,0,sms
148.0,26.0,4.6538463,0.0,0.0,0.0,0.26923078,0.074324325,4.564946,0.0,0.0,0.0,0,sms
83.0,16.0,4.25,0.0,0.0,0.0,0.5625,0.024096385,4.047433,0.0,0.0,0.0,0,sms
37.0,8.0,3.75,0.0,0.0,0.0,0.625,0.027027028,3.7898982,0.0,0.0,0.0,0,sms
44.0,11.0,3.090909,2.0,0.0,0.0,0.18181819,0.09090909,4.278352,0.0,0.0,0.0,0,sms
45.0,8.0,4.75,0.0,0.0,0.0,0.5,0.044444446,3.734091,0.0,0.0,0.0,0,sms
161.0,27.0,5.0,24.0,0.0,0.0,0.25925925,0.031055901,5.097337,0.0,0.0,1.0,1,sms
50.0,9.0,4.6666665,0.0,0.0,0.0,0.5555556,0.04,4.121268,0.0,0.0,0.0,0,sms
298.0,50.0,4.92,1.0,0.0,0.0,0.38,0.060402684,4.3987436,0.0,0.0,0.0,0,sms
159.0,27.0,4.9259257,13.0,0.0,0.0,0.11111111,0.044025157,4.8270044,0.0,0.0,0.0,1,sms
125.0,26.0,3.8461537,2.0,0.0,0.0,0.3846154,0.08,4.5972443,0.0,0.0,0.0,0,sms
51.0,11.0,3.7272727,0.0,0.0,0.0,0.36363637,0.019607844,4.004285,0.0,0.0,0.0,0,sms
28.0,5.0,4.8,0.0,0.0,0.0,0.2,0.14285715,3.4182959,0.0,0.0,0.0,0,sms
34.0,4.0,7.75,0.0,0.0,0.0,0.0,0.0882353,3.977917,0.0,0.0,0.0,0,sms
46.0,10.0,3.7,1.0,0.0,0.0,0.5,0.06521739,4.195676,0.0,0.0,0.0,0,sms
81.0,15.0,4.4666667,0.0,0.0,0.0,0.4,0.024691358,4.2420144,0.0,0.0,0.0,0,sms
28.0,7.0,3.142857,0.0,0.0,0.0,0.2857143,0.035714287,3.6246803,0.0,0.0,0.0,0,sms
90.0,17.0,4.352941,0.0,0.0,0.0,0.5294118,0.033333335,4.234074,0.0,0.0,0.0,0,sms
18.0,3.0,5.3333335,0.0,0.0,0.0,0.0,0.16666667,3.5778196,0.0,0.0,0.0,0,sms
54.0,11.0,4.0,0.0,0.0,0.0,0.36363637,0.074074075,4.0462313,0.0,0.0,0.0,0,sms
55.0,9.0,5.2222223,0.0,0.0,0.0,0.44444445,0.0,4.1069484,0.0,0.0,0.0,0,sms
45.0,11.0,3.1818182,1.0,0.0,0.0,0.45454547,0.022222223,3.9788642,0.0,0.0,0.0,0,sms
146.0,23.0,5.3913045,14.0,0.0,0.0,0.3043478,0.02739726,4.910225,0.0,0.0,0.0,1,sms
40.0,7.0,4.857143,0.0,0.0,0.0,0.42857143,0.025,3.8810055,0.0,0.0,0.0,0,sms
107.0,22.0,3.909091,2.0,0.0,0.0,0.4090909,0.037383176,4.378171,0.0,0.0,0.0,0,sms
50.0,11.0,3.6363637,0.0,0.0,0.0,0.54545456,0.04,4.046439,0.0,0.0,0.0,0,sms
120.0,26.0,3.6538463,0.0,0.0,0.0,0.42307693,0.016666668,4.272195,0.0,0.0,0.0,0,sms
160.0,27.0,4.962963,24.0,0.0,0.0,0.11111111,0.075,5.008702,0.0,0.0,0.0,1,sms
32.0,5.0,5.6,0.0,0.0,0.0,0.2,0.0625,3.7673757,0.0,0.0,0.0,0,sms
34.0,5.0,5.6,0.0,0.0,0.0,0.4,0.1764706,4.1375375,0.0,0.0,0.0,0,sms
32.0,7.0,3.7142856,0.0,0.0,0.0,0.42857143,0.0625,3.6902604,0.0,0.0,0.0,0,sms
16.0,3.0,4.6666665,0.0,0.0,0.0,0.0,0.25,3.182006,0.0,0.0,0.0,0,sms
67.0,14.0,3.857143,0.0,0.0,0.0,0.5,0.08955224,4.0988517,0.0,0.0,0.0,0,sms
55.0,11.0,4.090909,0.0,0.0,0.0,0.6363636,0.036363635,3.925109,0.0,0.0,0.0,0,sms
43.0,7.0,5.285714,1.0,0.0,0.0,0.14285715,0.046511628,3.9927087,0.0,0.0,0.0,0,sms
23.0,5.0,3.8,0.0,0.0,0.0,0.4,0.0,3.115834,0.0,0.0,0.0,0,sms
149.0,35.0,3.2857144,1.0,0.0,0.0,0.31428573,0.026845638,4.064546,0.0,0.0,0.0,0,sms
21.0,5.0,3.4,0.0,0.0,0.0,0.4,0.0952381,3.6168747,0.0,0.0,0.0,0,sms
23.0,3.0,7.0,0.0,0.0,0.0,0.33333334,0.04347826,3.916127,0.0,0.0,0.0,0,sms
40.0,8.0,4.125,0.0,0.0,0.0,0.5,0.125,4.006071,0.0,0.0,0.0,0,sms
170.0,27.0,5.3333335,41.0,1.0,0.0,0.33333334,0.04117647,5.105719,0.0,0.0,1.0,1,sms
117.0,26.0,3.5384614,1.0,0.0,0.0,0.30769232,0.042735044,4.228024,0.0,0.0,0.0,0,sms
62.0,11.0,4.7272725,0.0,0.0,0.0,0.27272728,0.032258064,4.1781607,0.0,0.0,0.0,0,sms
166.0,32.0,4.21875,0.0,0.0,0.0,0.4375,0.072289154,4.436346,0.0,0.0,0.0,0,sms
24.0,3.0,7.3333335,0.0,0.0,0.0,0.33333334,0.083333336,3.6069367,0.0,0.0,0.0,0,sms
136.0,26.0,4.269231,9.0,0.0,0.0,0.15384616,0.0882353,4.737583,0.0,0.0,0.0,0,sms
99.0,23.0,3.347826,1.0,0.0,0.0,0.5217391,0.02020202,4.19066,0.0,0.0,0.0,0,sms
45.0,5.0,8.2,0.0,0.0,0.0,0.2,0.17777778,3.793187,0.0,0.0,0.0,0,sms
23.0,5.0,3.8,0.0,0.0,0.0,0.2,0.08695652,3.7216117,0.0,0.0,0.0,0,sms
25.0,4.0,5.5,0.0,0.0,0.0,0.0,0.16,3.6069367,0.0,0.0,0.0,0,sms
148.0,25.0,4.96,18.0,1.0,0.0,0.28,0.0472973,5.2218575,0.0,0.0,1.0,1,sms
26.0,4.0,5.75,0.0,0.0,0.0,0.25,0.115384616,3.708132,0.0,0.0,0.0,0,sms
146.0,32.0,3.59375,10.0,0.0,0.0,0.21875,0.047945205,5.124085,0.0,0.0,0.0,1,sms
89.0,13.0,5.923077,0.0,0.0,0.0,0.53846157,0.056179777,4.4542556,0.0,0.0,0.0,1,sms
168.0,35.0,3.7428572,0.0,0.0,0.0,0.4,0.029761905,4.287863,0.0,0.0,0.0,0,sms
117.0,20.0,4.9,0.0,0.0,0.0,0.45,0.025641026,4.228174,0.0,0.0,0.0,0,sms
46.0,9.0,4.2222223,0.0,0.0,0.0,0.44444445,0.04347826,3.879085,0.0,0.0,0.0,0,sms
26.0,6.0,3.5,0.0,0.0,0.0,0.33333334,0.0,3.5585186,0.0,0.0,0.0,0,sms
28.0,6.0,3.8333333,0.0,0.0,0.0,0.33333334,0.0,3.2733495,0.0,0.0,0.0,0,sms
32.0,6.0,4.5,0.0,0.0,0.0,0.5,0.09375,4.134336,0.0,0.0,0.0,0,sms
145.0,24.0,5.0833335,24.0,1.0,0.0,0.33333334,0.06896552,5.2481604,0.0,0.0,1.0,1,sms
57.0,13.0,3.4615386,1.0,0.0,0.0,0.30769232,0.07017544,4.352204,0.0,0.0,0.0,0,sms
160.0,28.0,4.75,24.0,1.0,0.0,0.10714286,0.0625,5.184919,0.0,0.0,1.0,1,sms
42.0,9.0,3.7777777,0.0,0.0,0.0,0.44444445,0.04761905,4.1162996,0.0,0.0,0.0,0,sms
111.0,20.0,4.6,5.0,0.0,0.0,0.3,0.009009009,4.427277,0.0,0.0,0.0,1,sms
36.0,6.0,5.1666665,0.0,0.0,0.0,0.5,0.055555556,3.861477,0.0,0.0,0.0,0,sms
146.0,19.0,6.6842103,40.0,0.0,0.0,0.10526316,0.05479452,5.052436,0.0,0.0,1.0,1,sms
50.0,6.0,7.5,0.0,0.0,0.0,0.5,0.14,3.8588765,0.0,0.0,0.0,0,sms
33.0,3.0,10.333333,0.0,0.0,0.0,0.33333334,0.21212122,3.5131953,0.0,0.0,0.0,0,sms
15.0,3.0,4.3333335,0.0,0.0,0.0,0.6666667,0.26666668,2.8150723,0.0,0.0,0.0,0,sms
177.0,38.0,3.6842105,1.0,0.0,0.0,0.55263156,0.033898305,4.4236555,0.0,0.0,0.0,0,sms
160.0,34.0,3.735294,0.0,0.0,0.0,0.44117647,0.03125,4.2926116,0.0,0.0,0.0,0,sms
63.0,12.0,4.3333335,0.0,0.0,0.0,0.41666666,0.06349207,4.0941744,0.0,0.0,0.0,0,sms
84.0,17.0,4.0,0.0,0.0,0.0,0.5882353,0.023809524,4.2340913,0.0,0.0,0.0,0,sms
84.0,15.0,4.6666665,0.0,0.0,0.0,0.2,0.023809524,4.369647,0.0,0.0,0.0,0,sms
57.0,12.0,3.8333333,0.0,0.0,0.0,0.5,0.03508772,4.0772724,0.0,0.0,0.0,0,sms
96.0,10.0,8.7,6.0,0.0,0.0,0.1,0.0625,4.729891,0.0,0.0,0.0,1,sms
169.0,27.0,5.296296,0.0,0.0,0.0,0.4074074,0.088757396,4.508247,0.0,0.0,0.0,0,sms
76.0,17.0,3.5294118,0.0,0.0,0.0,0.47058824,0.05263158,4.003923,0.0,0.0,0.0,0,sms
47.0,11.0,3.3636363,1.0,0.0,0.0,0.45454547,0.04255319,3.9669082,0.0,0.0,0.0,0,sms
130.0,26.0,4.0384617,0.0,0.0,0.0,0.5,0.023076924,4.264415,0.0,0.0,0.0,0,sms
23.0,4.0,5.0,0.0,0.0,0.0,0.5,0.04347826,3.621928,0.0,0.0,0.0,0,sms
149.0,32.0,3.6875,0.0,0.0,0.0,0.5625,0.020134227,4.2059712,0.0,0.0,0.0,0,sms
32.0,7.0,3.7142856,0.0,0.0,0.0,0.42857143,0.03125,3.530964,0.0,0.0,0.0,0,sms
22.0,3.0,6.0,0.0,0.0,0.0,0.0,0.3181818,3.4613202,0.0,0.0,0.0,0,sms
101.0,22.0,3.6363637,1.0,0.0,0.0,0.4090909,0.03960396,4.3873262,0.0,0.0,0.0,0,sms
281.0,56.0,4.035714,0.0,0.0,0.0,0.53571427,0.03202847,4.413045,0.0,0.0,0.0,0,sms
54.0,9.0,5.111111,0.0,0.0,0.0,0.33333334,0.055555556,4.2033653,0.0,0.0,0.0,0,sms
120.0,21.0,4.7619047,0.0,0.0,0.0,0.47619048,0.016666668,4.1850505,0.0,0.0,0.0,0,sms
138.0,30.0,3.6333334,0.0,0.0,0.0,0.43333334,0.028985508,4.454009,0.0,0.0,0.0,0,sms
135.0,28.0,3.857143,0.0,0.0,0.0,0.42857143,0.0074074073,4.318327,0.0,0.0,0.0,0,sms
66.0,10.0,5.7,0.0,0.0,0.0,0.1,0.030303031,3.9195805,0.0,0.0,0.0,0,sms
40.0,6.0,5.8333335,0.0,0.0,0.0,0.6666667,0.1,4.0144386,0.0,0.0,0.0,0,sms
40.0,8.0,4.125,0.0,0.0,0.0,0.375,0.025,3.8818326,0.0,0.0,0.0,0,sms
70.0,14.0,4.071429,0.0,0.0,0.0,0.5714286,0.057142857,4.317037,0.0,0.0,0.0,0,sms
160.0,32.0,4.0,0.0,0.0,0.0,0.28125,0.11875,4.442012,0.0,0.0,0.0,0,sms
26.0,5.0,4.4,0.0,0.0,0.0,0.2,0.1923077,3.6069367,0.0,0.0,0.0,0,sms
32.0,7.0,3.7142856,1.0,0.0,0.0,0.14285715,0.125,3.9689186,0.0,0.0,0.0,0,sms
51.0,12.0,3.3333333,0.0,0.0,0.0,0.5,0.05882353,4.074024,0.0,0.0,0.0,0,sms
160.0,27.0,4.9259257,22.0,1.0,0.0,0.25925925,0.0375,5.1059246,0.0,0.0,1.0,1,sms
146.0,34.0,3.3235295,0.0,0.0,0.0,0.4117647,0.10958904,4.20851,0.0,0.0,0.0,0,sms
103.0,22.0,3.7272727,2.0,0.0,0.0,0.22727273,0.019417476,4.3867383,0.0,0.0,0.0,0,sms
45.0,9.0,4.111111,0.0,0.0,0.0,0.33333334,0.044444446,4.0804143,0.0,0.0,0.0,0,sms
142.0,31.0,3.612903,0.0,0.0,0.0,0.516129,0.049295776,4.3932257,0.0,0.0,0.0,0,sms
92.0,19.0,3.8947368,0.0,0.0,0.0,0.47368422,0.032608695,4.3747964,0.0,0.0,0.0,0,sms
26.0,6.0,3.5,0.0,0.0,0.0,0.33333334,0.03846154,3.6897037,0.0,0.0,0.0,0,sms
134.0,28.0,3.8214285,2.0,0.0,0.0,0.2857143,0.06716418,4.24975,0.0,0.0,0.0,0,sms
37.0,8.0,3.75,0.0,0.0,0.0,0.5,0.0,3.8565648,0.0,0.0,0.0,0,sms
22.0,5.0,3.6,0.0,0.0,0.0,0.6,0.045454547,3.5032582,0.0,0.0,0.0,0,sms
22.0,4.0,4.75,0.0,0.0,0.0,0.5,0.045454547,3.7216117,0.0,0.0,0.0,0,sms
33.0,7.0,3.7142856,1.0,0.0,0.0,0.2857143,0.09090909,3.8731406,0.0,0.0,0.0,0,sms
69.0,12.0,4.8333335,19.0,0.0,0.0,0.5,0.08695652,4.3253284,0.0,0.0,0.0,1,sms
109.0,23.0,3.7826087,0.0,0.0,0.0,0.6956522,0.04587156,4.291512,0.0,0.0,0.0,0,sms
36.0,10.0,2.7,2.0,0.0,0.0,0.3,0.055555556,3.9545305,0.0,0.0,0.0,0,sms
100.0,19.0,4.3157897,15.0,1.0,0.0,0.36842105,0.02,4.4335933,0.0,0.0,1.0,1,sms
140.0,28.0,4.035714,0.0,0.0,0.0,0.25,0.035714287,4.3270273,0.0,0.0,0.0,0,sms
51.0,9.0,4.7777777,0.0,0.0,0.0,0.33333334,0.078431375,4.254997,0.0,0.0,0.0,0,sms
46.0,10.0,3.7,0.0,0.0,0.0,0.5,0.0,3.8002923,0.0,0.0,0.0,0,sms
149.0,29.0,4.172414,17.0,0.0,0.0,0.41379312,0.0,4.321535,0.0,0.0,0.0,1,sms
63.0,14.0,3.5714285,0.0,0.0,0.0,0.5,0.04761905,4.2415934,0.0,0.0,0.0,0,sms
95.0,17.0,4.647059,0.0,0.0,0.0,0.4117647,0.042105265,4.3900285,0.0,0.0,0.0,0,sms
69.0,16.0,3.375,1.0,0.0,0.0,0.4375,0.014492754,4.1272893,0.0,0.0,0.0,0,sms
110.0,23.0,3.7826087,0.0,0.0,0.0,0.3043478,0.10909091,4.4006357,0.0,0.0,0.0,0,sms
55.0,9.0,5.2222223,0.0,0.0,0.0,0.22222222,0.07272727,4.162548,0.0,0.0,0.0,0,sms
27.0,6.0,3.6666667,0.0,0.0,0.0,0.16666667,0.0,3.5503407,0.0,0.0,0.0,0,sms
34.0,8.0,3.375,0.0,0.0,0.0,0.625,0.05882353,3.485826,0.0,0.0,0.0,0,sms
127.0,19.0,5.736842,24.0,1.0,0.0,0.21052632,0.08661418,5.097063,0.0,0.0,1.0,1,sms
142.0,24.0,4.9583335,19.0,0.0,0.0,0.29166666,0.049295776,4.914041,0.0,0.0,1.0,1,sms
148.0,21.0,6.095238,40.0,0.0,0.0,0.0952381,0.06081081,5.08369,0.0,0.0,1.0,1,sms
24.0,5.0,4.0,0.0,0.0,0.0,0.4,0.041666668,3.821928,0.0,0.0,0.0,0,sms
147.0,28.0,4.285714,0.0,0.0,0.0,0.4642857,0.06122449,4.3722143,0.0,0.0,0.0,0,sms
24.0,6.0,3.1666667,0.0,0.0,0.0,0.6666667,0.083333336,3.6818807,0.0,0.0,0.0,0,sms
29.0,7.0,3.2857144,0.0,0.0,0.0,0.2857143,0.0,3.5883543,0.0,0.0,0.0,0,sms
86.0,13.0,5.6923075,11.0,0.0,0.0,0.23076923,0.023255814,4.6938457,0.0,0.0,1.0,1,sms
87.0,17.0,4.1764708,0.0,0.0,0.0,0.47058824,0.03448276,4.1877723,0.0,0.0,0.0,0,sms
38.0,8.0,3.875,0.0,0.0,0.0,0.375,0.078947365,3.9535656,0.0,0.0,0.0,0,sms
104.0,16.0,5.5625,0.0,0.0,0.0,0.375,0.07692308,4.4226613,0.0,0.0,0.0,0,sms
59.0,13.0,3.6153846,0.0,0.0,0.0,0.3846154,0.06779661,4.153008,0.0,0.0,0.0,0,sms
38.0,8.0,3.875,0.0,0.0,0.0,0.625,0.02631579,3.9101794,0.0,0.0,0.0,0,sms
38.0,8.0,3.875,0.0,0.0,0.0,0.5,0.02631579,3.9746954,0.0,0.0,0.0,0,sms
22.0,4.0,4.75,0.0,0.0,0.0,0.25,0.13636364,3.4316235,0.0,0.0,0.0,0,sms
25.0,6.0,3.3333333,0.0,0.0,0.0,0.0,0.0,3.621928,0.0,0.0,0.0,0,sms
135.0,17.0,6.9411764,27.0,0.0,0.0,0.1764706,0.05925926,4.864979,0.0,0.0,0.0,1,sms
87.0,18.0,3.8888888,0.0,0.0,0.0,0.44444445,0.0,3.8598008,0.0,0.0,0.0,0,sms
19.0,4.0,4.0,0.0,0.0,0.0,0.25,0.15789473,3.75,0.0,0.0,0.0,0,sms
66.0,14.0,3.7857144,0.0,0.0,0.0,0.35714287,0.060606062,4.172963,0.0,0.0,0.0,0,sms
140.0,30.0,3.7,11.0,0.0,0.0,0.4,0.014285714,4.7615256,0.0,0.0,1.0,1,sms
156.0,33.0,3.7575758,1.0,0.0,0.0,0.36363637,0.057692308,4.3405766,0.0,0.0,0.0,0,sms
22.0,4.0,4.75,0.0,0.0,0.0,0.5,0.0,3.3660913,0.0,0.0,0.0,0,sms
107.0,25.0,3.32,3.0,0.0,0.0,0.28,0.009345794,4.23483,0.0,0.0,0.0,0,sms
65.0,13.0,4.076923,0.0,0.0,0.0,0.61538464,0.046153847,4.0203075,0.0,0.0,0.0,0,sms
149.0,27.0,4.5555553,1.0,0.0,0.0,0.4814815,0.053691275,4.3925877,0.0,0.0,0.0,0,sms
137.0,28.0,3.9285715,0.0,0.0,0.0,0.21428572,0.02919708,4.0776796,0.0,0.0,0.0,0,sms
25.0,4.0,5.5,0.0,0.0,0.0,0.5,0.08,3.823068,0.0,0.0,0.0,0,sms
60.0,12.0,4.0833335,0.0,0.0,0.0,0.16666667,0.11666667,4.198708,0.0,0.0,0.0,0,sms
103.0,19.0,4.4736843,0.0,0.0,0.0,0.42105263,0.029126214,4.053877,0.0,0.0,0.0,0,sms
37.0,7.0,4.142857,0.0,0.0,0.0,0.14285715,0.13513513,3.909368,0.0,0.0,0.0,0,sms
58.0,11.0,4.3636365,0.0,0.0,0.0,0.18181819,0.0862069,4.0042477,0.0,0.0,0.0,0,sms
87.0,16.0,4.5,0.0,0.0,0.0,0.4375,0.011494253,4.098057,0.0,0.0,0.0,0,sms
58.0,13.0,3.5384614,0.0,0.0,0.0,0.3846154,0.06896552,4.2654247,0.0,0.0,0.0,0,sms
123.0,22.0,4.6363635,0.0,0.0,0.0,0.45454547,0.024390243,4.160162,0.0,0.0,0.0,0,sms
67.0,14.0,3.857143,1.0,0.0,0.0,0.5,0.029850746,4.1245337,0.0,0.0,0.0,0,sms
66.0,15.0,3.4666667,0.0,0.0,0.0,0.53333336,0.015151516,3.8841805,0.0,0.0,0.0,0,sms
102.0,23.0,3.4782608,1.0,0.0,0.0,0.3478261,0.019607844,4.206235,0.0,0.0,0.0,0,sms
130.0,25.0,4.24,10.0,0.0,0.0,0.2,0.015384615,4.9515767,0.0,0.0,1.0,1,sms
150.0,25.0,5.04,21.0,1.0,0.0,0.36,0.013333334,4.7355275,0.0,0.0,1.0,1,sms
35.0,8.0,3.5,0.0,0.0,0.0,0.0,0.028571429,3.699514,0.0,0.0,0.0,0,sms
8.0,2.0,3.5,0.0,0.0,0.0,0.0,0.125,2.807355,0.0,0.0,0.0,0,sms
62.0,13.0,3.8461537,0.0,0.0,0.0,0.61538464,0.016129032,3.8611476,0.0,0.0,0.0,0,sms
58.0,11.0,4.3636365,0.0,0.0,0.0,0.09090909,0.03448276,4.1114407,0.0,0.0,0.0,0,sms
143.0,22.0,5.5454545,7.0,0.0,0.0,0.22727273,0.09090909,4.786534,0.0,0.0,1.0,1,sms
20.0,5.0,3.2,0.0,0.0,0.0,0.6,0.15,3.4056392,0.0,0.0,0.0,0,sms
100.0,19.0,4.3157897,0.0,0.0,0.0,0.5263158,0.03,4.223125,0.0,0.0,0.0,0,sms
51.0,10.0,4.2,0.0,0.0,0.0,0.1,0.11764706,4.1595926,0.0,0.0,0.0,0,sms
36.0,8.0,3.625,0.0,0.0,0.0,0.75,0.055555556,3.952303,0.0,0.0,0.0,0,sms
53.0,11.0,3.909091,0.0,0.0,0.0,0.45454547,0.018867925,3.9697719,0.0,0.0,0.0,0,sms
88.0,15.0,4.9333334,0.0,0.0,0.0,0.46666667,0.03409091,4.312456,0.0,0.0,0.0,0,sms
133.0,27.0,3.8888888,0.0,0.0,0.0,0.44444445,0.05263158,4.2215357,0.0,0.0,0.0,0,sms
36.0,8.0,3.625,0.0,0.0,0.0,0.375,0.0,3.633506,0.0,0.0,0.0,0,sms
37.0,8.0,3.75,0.0,0.0,0.0,0.25,0.08108108,3.8729055,0.0,0.0,0.0,0,sms
127.0,25.0,4.12,0.0,0.0,0.0,0.48,0.023622047,4.489004,0.0,0.0,0.0,0,sms
92.0,16.0,4.8125,0.0,0.0,0.0,0.3125,0.08695652,4.3194056,0.0,0.0,0.0,0,sms
80.0,17.0,3.764706,0.0,0.0,0.0,0.64705884,0.025,4.3725786,0.0,0.0,0.0,0,sms
136.0,20.0,5.85,29.0,0.0,0.0,0.1,0.066176474,5.1044106,0.0,0.0,1.0,1,sms
35.0,8.0,3.5,0.0,0.0,0.0,0.625,0.057142857,4.0661087,0.0,0.0,0.0,0,sms
97.0,17.0,4.7647057,24.0,0.0,0.0,0.3529412,0.11340206,4.7752213,0.0,0.0,0.0,1,sms
66.0,11.0,5.090909,0.0,0.0,0.0,0.18181819,0.060606062,4.199514,0.0,0.0,0.0,0,sms
119.0,23.0,4.2173915,0.0,0.0,0.0,0.4347826,0.05042017,4.29304,0.0,0.0,0.0,0,sms
65.0,14.0,3.7142856,0.0,0.0,0.0,0.5,0.046153847,4.2531633,0.0,0.0,0.0,0,sms
26.0,6.0,3.5,0.0,0.0,0.0,0.5,0.03846154,3.6897037,0.0,0.0,0.0,0,sms
28.0,6.0,3.8333333,0.0,0.0,0.0,0.33333334,0.0,3.6753109,0.0,0.0,0.0,0,sms
45.0,7.0,5.571429,0.0,0.0,0.0,0.2857143,0.022222223,3.7103786,0.0,0.0,0.0,0,sms
157.0,37.0,3.2702703,0.0,0.0,0.0,0.35135135,0.025477707,4.1855135,0.0,0.0,0.0,0,sms
36.0,9.0,3.1111112,0.0,0.0,0.0,0.7777778,0.0,3.842371,0.0,0.0,0.0,0,sms
94.0,18.0,4.2777777,0.0,0.0,0.0,0.44444445,0.031914894,4.0238895,0.0,0.0,0.0,0,sms
59.0,9.0,5.6666665,21.0,0.0,0.0,0.22222222,0.0,4.1747675,0.0,0.0,1.0,1,sms
140.0,29.0,3.862069,1.0,0.0,0.0,0.62068963,0.07857143,4.0150256,0.0,0.0,0.0,0,sms
22.0,4.0,4.75,0.0,0.0,0.0,0.25,0.09090909,3.6818807,0.0,0.0,0.0,0,sms
57.0,10.0,4.8,0.0,0.0,0.0,0.1,0.12280702,4.1551876,0.0,0.0,0.0,0,sms
43.0,7.0,5.285714,0.0,0.0,0.0,0.2857143,0.20930232,3.9386547,0.0,0.0,0.0,0,sms
61.0,13.0,3.7692308,0.0,0.0,0.0,0.46153846,0.04918033,4.2783027,0.0,0.0,0.0,0,sms
56.0,8.0,6.125,0.0,0.0,0.0,0.125,0.071428575,4.211222,0.0,0.0,0.0,0,sms
54.0,12.0,3.5833333,0.0,0.0,0.0,0.5833333,0.018518519,3.934661,0.0,0.0,0.0,0,sms
37.0,5.0,6.2,0.0,0.0,0.0,0.4,0.16216215,4.3492,0.0,0.0,0.0,0,sms
25.0,5.0,4.2,0.0,0.0,0.0,0.4,0.04,3.6897037,0.0,0.0,0.0,0,sms
21.0,5.0,3.4,0.0,0.0,0.0,0.4,0.04761905,3.5724695,0.0,0.0,0.0,0,sms
36.0,9.0,3.1111112,0.0,0.0,0.0,0.0,0.055555556,3.824863,0.0,0.0,0.0,0,sms
42.0,7.0,5.142857,4.0,0.0,0.0,0.0,0.071428575,4.447703,0.0,0.0,0.0,1,sms
154.0,32.0,3.84375,21.0,1.0,0.0,0.21875,0.019480519,5.0231853,0.0,0.0,0.0,1,sms
153.0,30.0,4.133333,0.0,0.0,0.0,0.56666666,0.045751635,4.5419703,0.0,0.0,0.0,0,sms
46.0,10.0,3.6,0.0,0.0,0.0,0.3,0.17391305,4.4267335,0.0,0.0,0.0,0,sms
34.0,8.0,3.375,0.0,0.0,0.0,0.375,0.0882353,4.0043445,0.0,0.0,0.0,0,sms
80.0,15.0,4.2,0.0,0.0,0.0,0.4,0.05,4.2883334,0.0,0.0,0.0,0,sms
69.0,14.0,4.0,1.0,0.0,0.0,0.14285715,0.11594203,4.4506736,0.0,0.0,0.0,0,sms
24.0,5.0,4.0,0.0,0.0,0.0,0.4,0.041666668,3.9219282,0.0,0.0,0.0,0,sms
108.0,22.0,3.9545455,0.0,0.0,0.0,0.36363637,0.055555556,4.3222136,0.0,0.0,0.0,0,sms
46.0,9.0,4.2222223,0.0,0.0,0.0,0.44444445,0.08695652,4.2210975,0.0,0.0,0.0,0,sms
30.0,7.0,3.4285715,2.0,0.0,0.0,0.2857143,0.06666667,4.2516294,0.0,0.0,0.0,0,sms
22.0,6.0,2.8333333,1.0,0.0,0.0,0.16666667,0.045454547,3.8521688,0.0,0.0,0.0,0,sms
158.0,35.0,3.5428572,14.0,0.0,0.0,0.37142858,0.056962024,4.9708943,0.0,0.0,1.0,1,sms
87.0,20.0,3.4,1.0,0.0,0.0,0.4,0.03448276,4.2451925,0.0,0.0,0.0,0,sms
30.0,6.0,4.1666665,0.0,0.0,0.0,0.33333334,0.1,4.2136607,0.0,0.0,0.0,0,sms
143.0,29.0,3.9655173,1.0,0.0,0.0,0.37931034,0.027972028,4.9016724,0.0,0.0,0.0,0,sms
169.0,30.0,4.6666665,0.0,0.0,0.0,0.2,0.03550296,4.1987276,0.0,0.0,0.0,0,sms
42.0,9.0,3.7777777,0.0,0.0,0.0,0.5555556,0.04761905,4.216591,0.0,0.0,0.0,0,sms
111.0,15.0,6.4666667,23.0,0.0,0.0,0.4,0.027027028,4.600907,0.0,0.0,0.0,1,sms
18.0,4.0,3.75,0.0,0.0,0.0,0.5,0.055555556,3.640224,0.0,0.0,0.0,0,sms
109.0,24.0,3.5833333,15.0,0.0,0.0,0.20833333,0.07339449,4.7466984,0.0,0.0,1.0,0,sms
76.0,15.0,4.133333,0.0,0.0,0.0,0.46666667,0.039473683,4.238381,0.0,0.0,0.0,0,sms
73.0,16.0,3.625,0.0,0.0,0.0,0.5,0.02739726,4.3313375,0.0,0.0,0.0,0,sms
92.0,21.0,3.4285715,0.0,0.0,0.0,0.3809524,0.010869565,4.336185,0.0,0.0,0.0,0,sms
36.0,6.0,5.1666665,0.0,0.0,0.0,0.16666667,0.055555556,3.7937393,0.0,0.0,0.0,0,sms
54.0,10.0,4.5,0.0,0.0,0.0,0.4,0.055555556,4.303321,0.0,0.0,0.0,0,sms
78.0,16.0,3.9375,0.0,0.0,0.0,0.4375,0.025641026,4.19151,0.0,0.0,0.0,0,sms
30.0,7.0,3.4285715,0.0,0.0,0.0,0.14285715,0.13333334,3.8868423,0.0,0.0,0.0,0,sms
40.0,9.0,3.5555556,0.0,0.0,0.0,0.33333334,0.1,3.9375,0.0,0.0,0.0,0,sms
29.0,7.0,3.2857144,0.0,0.0,0.0,0.2857143,0.06896552,4.175736,0.0,0.0,0.0,0,sms
22.0,4.0,4.75,0.0,0.0,0.0,0.25,0.09090909,3.2813735,0.0,0.0,0.0,0,sms
77.0,13.0,5.0,0.0,0.0,0.0,0.53846157,0.0,4.085347,0.0,0.0,0.0,0,sms
109.0,23.0,3.7826087,0.0,0.0,0.0,0.5217391,0.055045873,4.249553,0.0,0.0,0.0,0,sms
75.0,15.0,4.0666666,0.0,0.0,0.0,0.4,0.093333334,4.0265574,0.0,0.0,0.0,0,sms
76.0,17.0,3.5294118,0.0,0.0,0.0,0.5294118,0.02631579,4.091993,0.0,0.0,0.0,0,sms
30.0,7.0,3.4285715,0.0,0.0,0.0,0.5714286,0.0,3.6572683,0.0,0.0,0.0,0,sms
49.0,10.0,4.0,2.0,0.0,0.0,0.1,0.12244898,3.9464393,0.0,0.0,0.0,0,sms
155.0,24.0,5.5,1.0,0.0,1.0,0.33333334,0.038709678,4.731785,0.0,0.0,0.0,1,sms
160.0,26.0,5.1923075,16.0,0.0,0.0,0.15384616,0.0375,4.8923593,0.0,0.0,0.0,1,sms
269.0,52.0,4.1923075,2.0,0.0,0.0,0.40384614,0.044609666,4.459195,0.0,0.0,0.0,0,sms
195.0,40.0,3.9,0.0,0.0,0.0,0.575,0.0,4.0910573,0.0,0.0,0.0,0,sms
37.0,5.0,6.6,16.0,0.0,0.0,0.2,0.027027028,4.043802,0.0,0.0,0.0,1,sms
125.0,24.0,4.25,0.0,0.0,0.0,0.5416667,0.024,4.197819,0.0,0.0,0.0,0,sms
48.0,11.0,3.4545455,0.0,0.0,0.0,0.36363637,0.041666668,3.9983501,0.0,0.0,0.0,0,sms
39.0,9.0,3.4444444,0.0,0.0,0.0,0.5555556,0.025641026,3.6553361,0.0,0.0,0.0,0,sms
163.0,23.0,6.130435,47.0,1.0,0.0,0.26086956,0.042944785,5.2106967,0.0,0.0,1.0,1,sms
121.0,24.0,4.0833335,4.0,0.0,0.0,0.5,0.07438017,4.627779,0.0,0.0,0.0,0,sms
147.0,24.0,5.1666665,22.0,1.0,0.0,0.41666666,0.013605442,4.7473793,0.0,0.0,1.0,1,sms
162.0,28.0,4.821429,0.0,0.0,0.0,0.4642857,0.024691358,4.6015167,0.0,0.0,0.0,0,sms
29.0,7.0,3.2857144,0.0,0.0,0.0,0.42857143,0.03448276,3.5013978,0.0,0.0,0.0,0,sms
38.0,7.0,4.571429,0.0,0.0,0.0,0.42857143,0.10526316,3.7386086,0.0,0.0,0.0,0,sms
25.0,5.0,4.2,0.0,0.0,0.0,0.4,0.04,3.88018,0.0,0.0,0.0,0,sms
40.0,8.0,4.125,0.0,0.0,0.0,0.5,0.0,3.6987464,0.0,0.0,0.0,0,sms
226.0,42.0,4.404762,0.0,0.0,0.0,0.52380955,0.044247787,4.2324643,0.0,0.0,0.0,0,sms
70.0,13.0,4.4615383,0.0,0.0,0.0,0.30769232,0.071428575,4.1782236,0.0,0.0,0.0,0,sms
140.0,35.0,3.0285714,1.0,0.0,0.0,0.37142858,0.092857145,4.378752,0.0,0.0,0.0,0,sms
47.0,9.0,4.3333335,1.0,0.0,0.0,0.33333334,0.021276595,3.974648,0.0,0.0,0.0,0,sms
63.0,12.0,4.3333335,0.0,0.0,0.0,0.5,0.031746034,4.36421,0.0,0.0,0.0,0,sms
17.0,5.0,2.6,0.0,0.0,0.0,0.2,0.05882353,3.3927474,0.0,0.0,0.0,0,sms
101.0,13.0,6.8461537,4.0,0.0,0.0,0.07692308,0.03960396,4.626439,0.0,0.0,0.0,1,sms
41.0,8.0,4.25,0.0,0.0,0.0,0.375,0.07317073,4.219528,0.0,0.0,0.0,0,sms
80.0,19.0,3.2631578,0.0,0.0,0.0,0.5263158,0.025,4.1089764,0.0,0.0,0.0,0,sms
137.0,26.0,4.3076925,0.0,0.0,0.0,0.34615386,0.02919708,4.16709,0.0,0.0,0.0,0,sms
103.0,17.0,5.117647,0.0,0.0,0.0,0.3529412,0.029126214,4.222194,0.0,0.0,0.0,0,sms
29.0,7.0,3.2857144,0.0,0.0,0.0,0.71428573,0.0,3.5883543,0.0,0.0,0.0,0,sms
51.0,9.0,4.7777777,0.0,0.0,0.0,0.44444445,0.039215688,4.1619735,0.0,0.0,0.0,0,sms
149.0,25.0,5.0,15.0,1.0,0.0,0.2,0.060402684,5.2191753,0.0,0.0,1.0,1,sms
25.0,6.0,3.3333333,0.0,0.0,0.0,0.6666667,0.04,3.5464394,0.0,0.0,0.0,0,sms
149.0,31.0,3.8387096,0.0,0.0,0.0,0.29032257,0.046979867,4.3281846,0.0,0.0,0.0,0,sms
38.0,9.0,3.3333333,0.0,0.0,0.0,0.44444445,0.05263158,3.9362433,0.0,0.0,0.0,0,sms
62.0,12.0,4.25,0.0,0.0,0.0,0.33333334,0.06451613,3.9943113,0.0,0.0,0.0,0,sms
181.0,40.0,3.55,2.0,0.0,0.0,0.525,0.044198897,4.3648367,0.0,0.0,0.0,0,sms
34.0,8.0,3.375,0.0,0.0,0.0,0.375,0.05882353,3.7784235,0.0,0.0,0.0,0,sms
47.0,9.0,4.3333335,0.0,0.0,0.0,0.33333334,0.04255319,3.9610052,0.0,0.0,0.0,0,sms
40.0,9.0,3.5555556,3.0,0.0,0.0,0.22222222,0.05,4.2653193,0.0,0.0,0.0,0,sms
110.0,23.0,3.826087,0.0,0.0,0.0,0.39130434,0.045454547,4.3814654,0.0,0.0,0.0,0,sms
132.0,25.0,4.32,19.0,1.0,0.0,0.36,0.007575758,4.890405,0.0,0.0,1.0,1,sms
101.0,21.0,3.857143,0.0,0.0,0.0,0.61904764,0.01980198,4.100145,0.0,0.0,0.0,0,sms
42.0,9.0,3.7777777,0.0,0.0,0.0,0.33333334,0.023809524,4.1973257,0.0,0.0,0.0,0,sms
102.0,18.0,4.7222223,2.0,0.0,0.0,0.5,0.029411765,4.215076,0.0,0.0,0.0,1,sms
65.0,9.0,6.3333335,0.0,0.0,0.0,0.44444445,0.015384615,4.1813293,0.0,0.0,0.0,1,sms
27.0,5.0,4.6,0.0,0.0,0.0,0.2,0.0,3.882045,0.0,0.0,0.0,0,sms
31.0,7.0,3.5714285,0.0,0.0,0.0,0.71428573,0.0,3.7834651,0.0,0.0,0.0,0,sms
82.0,15.0,4.4666667,0.0,0.0,0.0,0.4,0.07317073,4.421985,0.0,0.0,0.0,0,sms
23.0,5.0,3.8,0.0,0.0,0.0,0.6,0.04347826,3.5766177,0.0,0.0,0.0,0,sms
59.0,14.0,3.2857144,0.0,0.0,0.0,0.35714287,0.033898305,3.9330997,0.0,0.0,0.0,0,sms
133.0,17.0,6.882353,0.0,0.0,0.0,0.23529412,0.037593983,4.3449783,0.0,0.0,0.0,0,sms
33.0,6.0,4.6666665,0.0,0.0,0.0,0.5,0.0,3.7534344,0.0,0.0,0.0,0,sms
95.0,18.0,4.3333335,0.0,0.0,0.0,0.44444445,0.042105265,4.3463182,0.0,0.0,0.0,0,sms
96.0,16.0,5.0625,16.0,1.0,0.0,0.125,0.052083332,4.983696,0.0,0.0,0.0,1,sms
135.0,28.0,3.857143,0.0,0.0,0.0,0.42857143,0.044444446,4.315661,0.0,0.0,0.0,0,sms
161.0,15.0,9.8,33.0,1.0,0.0,0.13333334,0.031055901,5.207659,0.0,0.0,0.0,1,sms
151.0,32.0,3.75,0.0,0.0,0.0,0.21875,0.0794702,4.2334924,0.0,0.0,0.0,0,sms
75.0,14.0,4.428571,0.0,0.0,0.0,0.35714287,0.08,4.5869236,0.0,0.0,0.0,0,sms
151.0,23.0,5.6086955,25.0,1.0,0.0,0.17391305,0.03311258,5.3470078,0.0,0.0,1.0,1,sms
103.0,20.0,4.2,1.0,0.0,0.0,0.25,0.097087376,4.1219587,0.0,0.0,0.0,0,sms
22.0,4.0,4.75,0.0,0.0,0.0,0.25,0.09090909,3.2813735,0.0,0.0,0.0,0,sms
51.0,11.0,3.7272727,0.0,0.0,0.0,0.27272728,0.019607844,4.092325,0.0,0.0,0.0,0,sms
137.0,24.0,4.75,0.0,0.0,0.0,0.41666666,0.04379562,4.403232,0.0,0.0,0.0,0,sms
58.0,10.0,4.9,0.0,0.0,0.0,0.4,0.01724138,3.9717815,0.0,0.0,0.0,0,sms
89.0,18.0,3.9444444,1.0,0.0,0.0,0.3888889,0.056179777,4.4188476,0.0,0.0,0.0,0,sms
81.0,18.0,3.5555556,0.0,0.0,0.0,0.5555556,0.012345679,3.9678888,0.0,0.0,0.0,0,sms
57.0,11.0,4.090909,0.0,0.0,0.0,0.54545456,0.10526316,4.2946463,0.0,0.0,0.0,0,sms
26.0,3.0,8.0,0.0,0.0,0.0,0.33333334,0.07692308,3.7720551,0.0,0.0,0.0,0,sms
32.0,6.0,4.5,0.0,0.0,0.0,0.5,0.03125,3.986188,0.0,0.0,0.0,0,sms
145.0,29.0,4.034483,0.0,0.0,0.0,0.55172414,0.013793103,4.1845345,0.0,0.0,0.0,0,sms
122.0,27.0,3.5555556,0.0,0.0,0.0,0.4814815,0.04918033,4.395995,0.0,0.0,0.0,0,sms
143.0,27.0,4.3333335,0.0,0.0,0.0,0.4074074,0.02097902,4.346057,0.0,0.0,0.0,0,sms
23.0,5.0,3.8,0.0,0.0,0.0,0.4,0.0,3.4316235,0.0,0.0,0.0,0,sms
136.0,26.0,4.269231,9.0,0.0,0.0,0.15384616,0.0882353,4.737583,0.0,0.0,0.0,0,sms
94.0,22.0,3.3181818,2.0,0.0,0.0,0.4090909,0.11702128,4.3484597,0.0,0.0,0.0,0,sms
8.0,1.0,8.0,0.0,0.0,0.0,0.0,0.125,2.4056392,0.0,0.0,0.0,0,sms
99.0,15.0,5.6666665,11.0,0.0,0.0,0.26666668,0.02020202,4.831097,0.0,0.0,1.0,1,sms
65.0,12.0,4.5,1.0,0.0,0.0,0.25,0.015384615,4.1226845,0.0,0.0,0.0,0,sms
71.0,14.0,4.142857,0.0,0.0,0.0,0.5714286,0.04225352,4.122719,0.0,0.0,0.0,0,sms
117.0,24.0,3.9166667,0.0,0.0,0.0,0.5416667,0.025641026,4.139049,0.0,0.0,0.0,0,sms
129.0,23.0,4.652174,3.0,0.0,0.0,0.3478261,0.03875969,4.8281384,0.0,0.0,0.0,1,sms
158.0,26.0,5.1153846,30.0,1.0,0.0,0.115384616,0.03797468,4.937088,0.0,0.0,1.0,1,sms
28.0,7.0,3.142857,0.0,0.0,0.0,0.14285715,0.0,3.6069367,0.0,0.0,0.0,0,sms
150.0,29.0,4.206897,0.0,0.0,0.0,0.4827586,0.026666667,4.405385,0.0,0.0,0.0,0,sms
31.0,8.0,3.0,1.0,0.0,0.0,0.125,0.09677419,4.0535088,0.0,0.0,0.0,0,sms
72.0,12.0,5.0833335,0.0,0.0,0.0,0.25,0.15277778,4.214864,0.0,0.0,0.0,0,sms
70.0,14.0,4.071429,0.0,0.0,0.0,0.5,0.042857144,4.224283,0.0,0.0,0.0,0,sms
94.0,16.0,4.9375,0.0,0.0,0.0,0.4375,0.06382979,4.1666794,0.0,0.0,0.0,0,sms
48.0,8.0,5.125,0.0,0.0,0.0,0.5,0.041666668,4.043545,0.0,0.0,0.0,0,sms
160.0,27.0,4.962963,13.0,0.0,0.0,0.25925925,0.05,5.0851636,0.0,0.0,1.0,1,sms
98.0,17.0,4.8235292,0.0,0.0,0.0,0.5294118,0.040816326,4.2900023,0.0,0.0,0.0,0,sms
31.0,9.0,2.5555556,1.0,0.0,0.0,0.33333334,0.032258064,3.9690015,0.0,0.0,0.0,0,sms
43.0,7.0,5.0,0.0,0.0,0.0,0.2857143,0.20930232,4.1287246,0.0,0.0,0.0,0,sms
154.0,26.0,4.9615383,18.0,1.0,0.0,0.115384616,0.058441557,5.2353625,0.0,0.0,1.0,1,sms
71.0,15.0,3.8,0.0,0.0,0.0,0.4,0.09859155,4.4251914,0.0,0.0,0.0,0,sms
162.0,29.0,4.62069,19.0,0.0,0.0,0.13793103,0.043209877,5.1033597,0.0,0.0,1.0,1,sms
143.0,27.0,4.3333335,29.0,1.0,0.0,0.25925925,0.027972028,4.909799,0.0,0.0,1.0,1,sms
25.0,6.0,3.3333333,1.0,0.0,0.0,0.6666667,0.08,3.441446,0.0,0.0,0.0,0,sms
22.0,6.0,2.8333333,1.0,0.0,0.0,0.5,0.0,3.5724695,0.0,0.0,0.0,0,sms
48.0,10.0,3.9,0.0,0.0,0.0,0.3,0.041666668,3.8872144,0.0,0.0,0.0,0,sms
33.0,6.0,4.6666665,0.0,0.0,0.0,0.33333334,0.060606062,3.6550455,0.0,0.0,0.0,0,sms
44.0,11.0,3.090909,0.0,0.0,0.0,0.45454547,0.0,3.9254107,0.0,0.0,0.0,0,sms
47.0,11.0,3.3636363,0.0,0.0,0.0,0.54545456,0.08510638,4.0875673,0.0,0.0,0.0,0,sms
26.0,3.0,7.6666665,0.0,0.0,0.0,0.0,0.3846154,4.001823,0.0,0.0,0.0,0,sms
112.0,21.0,4.3809524,0.0,0.0,0.0,0.52380955,0.035714287,4.023541,0.0,0.0,0.0,0,sms
150.0,23.0,5.5652175,19.0,1.0,0.0,0.13043478,0.02,5.006809,0.0,0.0,1.0,1,sms
19.0,5.0,3.0,0.0,0.0,0.0,0.2,0.05263158,3.1395721,0.0,0.0,0.0,0,sms
133.0,23.0,4.826087,6.0,0.0,0.0,0.2173913,0.037593983,4.7537627,0.0,0.0,0.0,1,sms
48.0,9.0,4.4444447,0.0,0.0,0.0,0.44444445,0.125,4.1464396,0.0,0.0,0.0,0,sms
107.0,23.0,3.6956522,0.0,0.0,0.0,0.6086956,0.037383176,4.2165384,0.0,0.0,0.0,0,sms
38.0,7.0,4.571429,0.0,0.0,0.0,0.42857143,0.0,3.6442475,0.0,0.0,0.0,0,sms
27.0,5.0,4.6,0.0,0.0,0.0,0.8,0.0,3.708132,0.0,0.0,0.0,0,sms
129.0,23.0,4.652174,2.0,0.0,0.0,0.08695652,0.07751938,4.5666175,0.0,0.0,0.0,0,sms
131.0,24.0,4.5,0.0,0.0,0.0,0.33333334,0.06870229,4.459064,0.0,0.0,0.0,0,sms
23.0,6.0,3.0,0.0,0.0,0.0,0.5,0.0,3.3921473,0.0,0.0,0.0,0,sms
156.0,20.0,6.85,18.0,0.0,1.0,0.15,0.06410257,5.3022695,0.0,0.0,0.0,1,sms
161.0,31.0,4.225806,20.0,0.0,0.0,0.19354838,0.031055901,4.8038254,0.0,0.0,1.0,1,sms
25.0,5.0,4.2,0.0,0.0,0.0,0.4,0.04,3.6897037,0.0,0.0,0.0,0,sms
42.0,9.0,3.7777777,0.0,0.0,0.0,0.11111111,0.23809524,3.7711427,0.0,0.0,0.0,0,sms
27.0,4.0,6.0,0.0,0.0,0.0,0.25,0.074074075,3.569774,0.0,0.0,0.0,0,sms
22.0,5.0,3.6,0.0,0.0,0.0,0.4,0.09090909,3.8365917,0.0,0.0,0.0,0,sms
98.0,17.0,4.7058825,0.0,0.0,0.0,0.29411766,0.06122449,4.1409574,0.0,0.0,0.0,0,sms
89.0,14.0,5.428571,0.0,0.0,0.0,0.42857143,0.033707865,4.350388,0.0,0.0,0.0,0,sms
147.0,27.0,4.4814816,25.0,0.0,0.0,0.22222222,0.040816326,5.1023035,0.0,0.0,0.0,1,sms
130.0,29.0,3.5172415,2.0,0.0,0.0,0.27586207,0.0076923077,4.4097605,0.0,0.0,0.0,0,sms
152.0,24.0,5.375,5.0,0.0,0.0,0.29166666,0.08552632,4.735382,0.0,0.0,1.0,1,sms
215.0,43.0,4.023256,0.0,0.0,0.0,0.4883721,0.037209302,4.4978666,0.0,0.0,0.0,0,sms
26.0,4.0,5.75,0.0,0.0,0.0,0.25,0.07692308,3.5883543,0.0,0.0,0.0,0,sms
66.0,10.0,5.7,0.0,0.0,0.0,0.3,0.21212122,4.1698375,0.0,0.0,0.0,0,sms
149.0,28.0,4.357143,17.0,0.0,0.0,0.32142857,0.0,4.6704516,0.0,0.0,0.0,1,sms
372.0,76.0,3.8947368,0.0,1.0,0.0,0.5,0.034946237,4.430043,0.0,0.0,0.0,0,sms
155.0,28.0,4.571429,14.0,0.0,0.0,0.32142857,0.0,4.6645,0.0,0.0,0.0,1,sms
162.0,28.0,4.821429,25.0,1.0,0.0,0.14285715,0.043209877,5.13247,0.0,0.0,1.0,1,sms
82.0,20.0,3.15,2.0,0.0,0.0,0.15,0.0,4.2601676,0.0,0.0,0.0,0,sms
73.0,14.0,4.285714,0.0,0.0,0.0,0.5714286,0.04109589,4.282589,0.0,0.0,0.0,0,sms
76.0,12.0,5.4166665,0.0,0.0,0.0,0.33333334,0.039473683,4.1113987,0.0,0.0,0.0,0,sms
153.0,26.0,4.8846154,27.0,0.0,0.0,0.15384616,0.039215688,5.230437,0.0,0.0,0.0,1,sms
24.0,4.0,5.25,0.0,0.0,0.0,0.5,0.16666667,4.011365,0.0,0.0,0.0,0,sms
231.0,41.0,4.609756,0.0,0.0,0.0,0.4390244,0.043290045,4.4275455,0.0,0.0,0.0,0,sms
87.0,18.0,3.8888888,0.0,0.0,0.0,0.44444445,0.03448276,4.0961432,0.0,0.0,0.0,0,sms
72.0,13.0,4.6153846,0.0,0.0,0.0,0.61538464,0.11111111,4.30291,0.0,0.0,0.0,0,sms
105.0,21.0,4.047619,0.0,0.0,0.0,0.2857143,0.03809524,4.190882,0.0,0.0,0.0,0,sms
160.0,28.0,4.75,24.0,1.0,0.0,0.10714286,0.0625,5.184919,0.0,0.0,1.0,1,sms
54.0,11.0,4.0,1.0,0.0,0.0,0.0,0.037037037,4.2438874,0.0,0.0,0.0,0,sms
58.0,12.0,3.9166667,0.0,0.0,0.0,0.5,0.0862069,4.078332,0.0,0.0,0.0,0,sms
54.0,12.0,3.5833333,0.0,0.0,0.0,0.5,0.018518519,3.9522164,0.0,0.0,0.0,0,sms
118.0,21.0,4.6666665,1.0,0.0,0.0,0.0952381,0.059322033,4.440593,0.0,0.0,0.0,0,sms
88.0,18.0,3.9444444,0.0,0.0,0.0,0.6111111,0.056818184,4.0808196,0.0,0.0,0.0,0,sms
144.0,28.0,4.178571,5.0,0.0,0.0,0.35714287,0.027777778,4.5427437,0.0,0.0,1.0,1,sms
29.0,7.0,3.2857144,0.0,0.0,0.0,0.42857143,0.03448276,3.6211755,0.0,0.0,0.0,0,sms
136.0,26.0,4.1923075,0.0,0.0,0.0,0.46153846,0.05147059,4.511311,0.0,0.0,0.0,0,sms
23.0,5.0,3.8,0.0,0.0,0.0,0.6,0.04347826,3.5766177,0.0,0.0,0.0,0,sms
39.0,8.0,4.0,0.0,0.0,0.0,0.5,0.0,3.8042293,0.0,0.0,0.0,0,sms
35.0,8.0,3.5,0.0,0.0,0.0,0.5,0.057142857,3.7404156,0.0,0.0,0.0,0,sms
24.0,5.0,4.0,0.0,0.0,0.0,0.6,0.0,3.5841837,0.0,0.0,0.0,0,sms
95.0,20.0,3.8,0.0,0.0,0.0,0.5,0.042105265,4.355984,0.0,0.0,0.0,0,sms
73.0,18.0,3.1111112,0.0,0.0,0.0,0.5,0.01369863,3.8790078,0.0,0.0,0.0,0,sms
45.0,8.0,4.75,0.0,0.0,0.0,0.25,0.0,3.6782238,0.0,0.0,0.0,0,sms
161.0,24.0,5.75,15.0,1.0,0.0,0.20833333,0.024844721,5.053231,0.0,0.0,0.0,1,sms
159.0,30.0,4.3333335,0.0,0.0,0.0,0.53333336,0.012578616,4.319908,0.0,0.0,0.0,0,sms
149.0,22.0,5.818182,34.0,0.0,0.0,0.09090909,0.060402684,5.13374,0.0,0.0,1.0,1,sms
134.0,28.0,3.8214285,0.0,0.0,0.0,0.39285713,0.029850746,4.238785,0.0,0.0,0.0,1,sms
154.0,32.0,3.84375,14.0,0.0,0.0,0.34375,0.025974026,4.572393,0.0,0.0,1.0,1,sms
92.0,19.0,3.8947368,0.0,0.0,0.0,0.47368422,0.02173913,4.087446,0.0,0.0,0.0,0,sms
102.0,13.0,6.923077,0.0,0.0,0.0,0.15384616,0.078431375,4.042746,0.0,0.0,0.0,0,sms
31.0,8.0,3.0,0.0,0.0,0.0,0.625,0.032258064,3.8868423,0.0,0.0,0.0,0,sms
77.0,17.0,3.5882354,0.0,0.0,0.0,0.5294118,0.038961038,4.242316,0.0,0.0,0.0,0,sms
139.0,21.0,5.6190476,0.0,0.0,0.0,0.47619048,0.13669065,5.001554,0.0,0.0,0.0,0,sms
158.0,28.0,4.678571,28.0,1.0,0.0,0.10714286,0.044303797,5.1141715,0.0,0.0,0.0,1,sms
44.0,9.0,4.0,0.0,0.0,0.0,0.5555556,0.022727273,3.8537006,0.0,0.0,0.0,0,sms
137.0,26.0,4.3076925,8.0,1.0,0.0,0.1923077,0.03649635,5.0009284,0.0,0.0,1.0,1,sms
132.0,24.0,4.5416665,12.0,0.0,0.0,0.45833334,0.022727273,4.6262465,0.0,0.0,0.0,1,sms
143.0,24.0,5.0,14.0,0.0,0.0,0.45833334,0.034965035,4.765575,0.0,0.0,0.0,1,sms
127.0,20.0,5.4,0.0,0.0,0.0,0.4,0.070866145,4.2166915,0.0,0.0,0.0,1,sms
276.0,57.0,3.8596492,1.0,0.0,0.0,0.42105263,0.032608695,4.438726,0.0,0.0,0.0,0,sms
78.0,16.0,3.9375,0.0,0.0,0.0,0.4375,0.06410257,4.136166,0.0,0.0,0.0,0,sms
27.0,6.0,3.6666667,0.0,0.0,0.0,0.5,0.0,3.697846,0.0,0.0,0.0,0,sms
79.0,16.0,4.0,0.0,0.0,0.0,0.375,0.012658228,4.3240876,0.0,0.0,0.0,0,sms
24.0,3.0,7.3333335,0.0,0.0,0.0,0.0,0.041666668,3.732159,0.0,0.0,0.0,0,sms
52.0,14.0,2.7857144,0.0,0.0,0.0,0.42857143,0.03846154,3.8140156,0.0,0.0,0.0,0,sms
68.0,15.0,3.6,0.0,0.0,0.0,0.26666668,0.073529415,4.205837,0.0,0.0,0.0,0,sms
24.0,3.0,7.3333335,0.0,0.0,0.0,0.33333334,0.0,3.6635327,0.0,0.0,0.0,0,sms
44.0,8.0,4.625,0.0,0.0,0.0,0.375,0.022727273,4.096987,0.0,0.0,0.0,0,sms
24.0,5.0,4.0,0.0,0.0,0.0,0.6,0.041666668,3.8841836,0.0,0.0,0.0,0,sms
55.0,11.0,4.090909,0.0,0.0,0.0,0.54545456,0.07272727,4.2946463,0.0,0.0,0.0,0,sms
62.0,9.0,6.0,0.0,0.0,0.0,0.11111111,0.11290322,3.184332,0.0,0.0,0.0,0,sms
104.0,25.0,3.2,1.0,0.0,0.0,0.4,0.048076924,4.1439447,0.0,0.0,0.0,0,sms
87.0,15.0,4.8,0.0,0.0,0.0,0.46666667,0.08045977,4.3029857,0.0,0.0,0.0,0,sms
150.0,26.0,4.8076925,0.0,0.0,0.0,0.34615386,0.06666667,4.3816566,0.0,0.0,0.0,0,sms
49.0,10.0,4.0,0.0,0.0,0.0,0.6,0.020408163,4.1561985,0.0,0.0,0.0,0,sms
154.0,32.0,3.84375,0.0,0.0,0.0,0.59375,0.045454547,4.385133,0.0,0.0,0.0,0,sms
56.0,10.0,4.7,0.0,0.0,0.0,0.4,0.071428575,4.187805,0.0,0.0,0.0,0,sms
125.0,22.0,4.7272725,5.0,0.0,0.0,0.36363637,0.048,4.783018,0.0,0.0,1.0,1,sms
126.0,22.0,4.7727275,0.0,0.0,0.0,0.36363637,0.015873017,4.226383,0.0,0.0,0.0,0,sms
43.0,9.0,3.8888888,0.0,0.0,0.0,0.5555556,0.046511628,4.0931497,0.0,0.0,0.0,0,sms
77.0,18.0,3.3333333,0.0,0.0,0.0,0.44444445,0.025974026,4.0437164,0.0,0.0,0.0,0,sms
49.0,9.0,4.4444447,0.0,0.0,0.0,0.44444445,0.08163265,4.058695,0.0,0.0,0.0,0,sms
84.0,14.0,5.071429,0.0,0.0,0.0,0.42857143,0.023809524,3.93826,0.0,0.0,0.0,0,sms
49.0,9.0,4.5555553,0.0,0.0,0.0,0.33333334,0.040816326,3.8787913,0.0,0.0,0.0,0,sms
162.0,26.0,5.269231,5.0,0.0,0.0,0.30769232,0.037037037,4.7857347,0.0,0.0,1.0,1,sms
79.0,16.0,4.0,0.0,0.0,0.0,0.4375,0.025316456,4.070472,0.0,0.0,0.0,0,sms
31.0,6.0,4.3333335,0.0,0.0,0.0,0.33333334,0.0,3.551428,0.0,0.0,0.0,0,sms
155.0,24.0,5.5,28.0,0.0,0.0,0.16666667,0.07096774,4.914339,0.0,0.0,0.0,1,sms
146.0,35.0,3.2,0.0,0.0,0.0,0.5714286,0.02739726,4.391627,0.0,0.0,0.0,0,sms
23.0,6.0,3.0,0.0,0.0,0.0,0.5,0.04347826,3.4613202,0.0,0.0,0.0,0,sms
160.0,33.0,3.878788,0.0,0.0,0.0,0.5151515,0.06875,4.3370543,0.0,0.0,0.0,0,sms
62.0,12.0,4.25,0.0,0.0,0.0,0.41666666,0.032258064,4.21872,0.0,0.0,0.0,0,sms
39.0,9.0,3.4444444,0.0,0.0,0.0,0.5555556,0.051282052,3.9746954,0.0,0.0,0.0,0,sms
67.0,15.0,3.5333333,0.0,0.0,0.0,0.46666667,0.0,4.1978526,0.0,0.0,0.0,0,sms
73.0,13.0,4.6923075,0.0,0.0,0.0,0.53846157,0.01369863,4.070345,0.0,0.0,0.0,0,sms
148.0,26.0,4.730769,0.0,0.0,0.0,0.3846154,0.074324325,4.6415157,0.0,0.0,0.0,0,sms
88.0,17.0,4.1764708,0.0,0.0,0.0,0.4117647,0.022727273,4.2145734,0.0,0.0,0.0,0,sms
37.0,9.0,3.2222223,0.0,0.0,0.0,0.44444445,0.027027028,3.9614294,0.0,0.0,0.0,0,sms
23.0,6.0,3.0,0.0,0.0,0.0,0.5,0.0,3.127987,0.0,0.0,0.0,0,sms
56.0,12.0,3.75,0.0,0.0,0.0,0.5,0.035714287,4.1168685,0.0,0.0,0.0,0,sms
53.0,10.0,4.4,0.0,0.0,0.0,0.5,0.03773585,3.7512212,0.0,0.0,0.0,0,sms
73.0,12.0,5.1666665,0.0,0.0,0.0,0.16666667,0.06849315,3.9767227,0.0,0.0,0.0,0,sms
80.0,11.0,6.3636365,0.0,0.0,0.0,0.45454547,0.05,4.062694,0.0,0.0,0.0,0,sms
44.0,7.0,5.285714,0.0,0.0,0.0,0.0,0.18181819,4.3445883,0.0,0.0,0.0,0,sms
92.0,21.0,3.4285715,1.0,0.0,0.0,0.52380955,0.054347824,4.57731,0.0,0.0,0.0,0,sms
35.0,7.0,4.142857,0.0,0.0,0.0,0.2857143,0.114285715,4.004364,0.0,0.0,0.0,0,sms
23.0,6.0,3.0,0.0,0.0,0.0,0.5,0.04347826,3.308271,0.0,0.0,0.0,0,sms
140.0,26.0,4.423077,17.0,1.0,0.0,0.1923077,0.042857144,4.6717114,0.0,0.0,1.0,1,sms
106.0,20.0,4.35,1.0,0.0,0.0,0.35,0.0754717,4.5089817,0.0,0.0,0.0,0,sms
103.0,21.0,3.952381,0.0,0.0,0.0,0.3809524,0.009708738,4.1351337,0.0,0.0,0.0,0,sms
34.0,7.0,4.0,0.0,0.0,0.0,0.5714286,0.0,3.6105773,0.0,0.0,0.0,0,sms
77.0,16.0,3.875,0.0,0.0,0.0,0.5625,0.025974026,4.3414516,0.0,0.0,0.0,0,sms
159.0,23.0,5.9565215,24.0,1.0,0.0,0.17391305,0.031446543,5.078087,0.0,0.0,1.0,1,sms
26.0,5.0,4.4,0.0,0.0,0.0,0.2,0.115384616,3.6292198,0.0,0.0,0.0,0,sms
47.0,8.0,5.0,0.0,0.0,0.0,0.375,0.08510638,3.9634607,0.0,0.0,0.0,0,sms
24.0,4.0,5.25,0.0,0.0,0.0,0.5,0.16666667,3.975418,0.0,0.0,0.0,0,sms
149.0,23.0,5.521739,28.0,1.0,0.0,0.13043478,0.040268455,5.2060575,0.0,0.0,0.0,1,sms
133.0,26.0,4.1538463,0.0,0.0,0.0,0.46153846,0.030075189,4.3572216,0.0,0.0,0.0,0,sms
126.0,25.0,4.08,0.0,0.0,0.0,0.48,0.04761905,4.3090997,0.0,0.0,0.0,0,sms
78.0,14.0,4.642857,0.0,0.0,0.0,0.5,0.025641026,4.0692644,0.0,0.0,0.0,0,sms
132.0,24.0,4.5416665,3.0,0.0,0.0,0.41666666,0.03787879,4.7905736,0.0,0.0,0.0,1,sms
116.0,24.0,3.875,0.0,0.0,0.0,0.5,0.00862069,4.2573743,0.0,0.0,0.0,0,sms
221.0,43.0,4.162791,0.0,0.0,0.0,0.53488374,0.018099548,4.2148886,0.0,0.0,0.0,0,sms
59.0,13.0,3.6153846,0.0,0.0,0.0,0.46153846,0.06779661,4.0497155,0.0,0.0,0.0,0,sms
137.0,24.0,4.75,28.0,0.0,0.0,0.20833333,0.05839416,5.138236,0.0,0.0,1.0,1,sms
143.0,29.0,3.9310346,0.0,0.0,0.0,0.44827586,0.027972028,4.2159686,0.0,0.0,0.0,0,sms
24.0,6.0,3.1666667,0.0,0.0,0.0,0.16666667,0.0,4.037401,0.0,0.0,0.0,0,sms
38.0,9.0,3.3333333,0.0,0.0,0.0,0.6666667,0.02631579,3.6225798,0.0,0.0,0.0,0,sms
42.0,6.0,6.1666665,0.0,0.0,0.0,0.16666667,0.04761905,3.7764926,0.0,0.0,0.0,0,sms
24.0,5.0,4.0,0.0,0.0,0.0,0.0,0.25,3.2464395,0.0,0.0,0.0,0,sms
159.0,26.0,5.1538463,0.0,0.0,0.0,0.30769232,0.06918239,4.5459533,0.0,0.0,0.0,0,sms
47.0,9.0,4.3333335,0.0,0.0,0.0,0.33333334,0.021276595,3.852728,0.0,0.0,0.0,0,sms
41.0,7.0,5.0,0.0,0.0,0.0,0.42857143,0.0,4.2645783,0.0,0.0,0.0,1,sms
122.0,27.0,3.5555556,2.0,0.0,0.0,0.2962963,0.10655738,4.3199997,0.0,0.0,0.0,0,sms
126.0,24.0,4.2916665,0.0,0.0,0.0,0.45833334,0.055555556,4.3020644,0.0,0.0,0.0,0,sms
26.0,4.0,5.75,0.0,0.0,0.0,0.25,0.0,3.344457,0.0,0.0,0.0,0,sms
114.0,25.0,3.56,0.0,0.0,0.0,0.56,0.03508772,4.2942166,0.0,0.0,0.0,0,sms
7.0,2.0,3.0,0.0,0.0,0.0,0.5,0.14285715,2.251629,0.0,0.0,0.0,0,sms
34.0,8.0,3.375,0.0,0.0,0.0,0.125,0.05882353,3.7821221,0.0,0.0,0.0,0,sms
157.0,27.0,4.851852,18.0,1.0,0.0,0.37037036,0.031847134,5.054581,0.0,0.0,0.0,1,sms
92.0,16.0,4.8125,0.0,0.0,0.0,0.3125,0.08695652,4.3194056,0.0,0.0,0.0,0,sms
90.0,16.0,4.6875,0.0,0.0,0.0,0.3125,0.033333335,4.141584,0.0,0.0,0.0,0,sms
22.0,5.0,3.6,0.0,0.0,0.0,0.6,0.0,3.6835423,0.0,0.0,0.0,0,sms
85.0,18.0,3.6666667,0.0,0.0,0.0,0.5555556,0.07058824,4.2090087,0.0,0.0,0.0,0,sms
63.0,15.0,3.2666667,0.0,0.0,0.0,0.46666667,0.04761905,3.8538797,0.0,0.0,0.0,0,sms
220.0,45.0,3.911111,0.0,0.0,0.0,0.53333336,0.04090909,4.8731136,0.0,0.0,0.0,0,sms
41.0,8.0,4.25,0.0,0.0,0.0,0.5,0.024390243,4.0796785,0.0,0.0,0.0,0,sms
60.0,14.0,3.357143,4.0,0.0,0.0,0.35714287,0.05,4.153008,0.0,0.0,0.0,0,sms
88.0,20.0,3.45,1.0,0.0,0.0,0.15,0.045454547,4.146436,0.0,0.0,0.0,0,sms
31.0,6.0,4.3333335,0.0,0.0,0.0,0.33333334,0.032258064,3.6133373,0.0,0.0,0.0,0,sms
37.0,9.0,3.2222223,0.0,0.0,0.0,0.33333334,0.027027028,3.728502,0.0,0.0,0.0,0,sms
28.0,5.0,4.8,0.0,0.0,0.0,0.6,0.035714287,3.8868423,0.0,0.0,0.0,0,sms
24.0,5.0,4.0,0.0,0.0,0.0,0.0,0.125,3.7841837,0.0,0.0,0.0,0,sms
118.0,28.0,3.2142856,1.0,0.0,0.0,0.25,0.008474576,4.2751164,0.0,0.0,0.0,0,sms
22.0,6.0,2.8333333,0.0,0.0,0.0,0.5,0.0,3.2195282,0.0,0.0,0.0,0,sms
210.0,43.0,3.9069767,0.0,0.0,0.0,0.60465115,0.00952381,4.057352,0.0,0.0,0.0,0,sms
50.0,10.0,4.0,0.0,0.0,0.0,0.4,0.16,4.2750707,0.0,0.0,0.0,0,sms
49.0,8.0,5.25,0.0,0.0,0.0,0.25,0.040816326,3.6591272,0.0,0.0,0.0,0,sms
87.0,16.0,4.5,0.0,0.0,0.0,0.5,0.022988506,4.0547504,0.0,0.0,0.0,0,sms
61.0,13.0,3.7692308,0.0,0.0,0.0,0.46153846,0.032786883,4.262897,0.0,0.0,0.0,0,sms
141.0,22.0,5.4545455,13.0,0.0,0.0,0.045454547,0.04964539,4.8932095,0.0,0.0,0.0,1,sms
54.0,12.0,3.5833333,0.0,0.0,0.0,0.5833333,0.018518519,3.9141822,0.0,0.0,0.0,0,sms
28.0,6.0,3.8333333,0.0,0.0,0.0,0.5,0.0,3.7950885,0.0,0.0,0.0,0,sms
49.0,9.0,4.3333335,0.0,0.0,0.0,0.44444445,0.12244898,4.118485,0.0,0.0,0.0,0,sms
53.0,11.0,3.7272727,0.0,0.0,0.0,0.54545456,0.16981132,4.2570786,0.0,0.0,0.0,0,sms
145.0,30.0,3.8666666,0.0,0.0,0.0,0.4,0.089655176,4.5208306,0.0,0.0,0.0,0,sms
162.0,26.0,5.269231,23.0,0.0,0.0,0.1923077,0.08024691,4.903633,0.0,0.0,0.0,0,sms
53.0,12.0,3.5,0.0,0.0,0.0,0.33333334,0.056603774,4.282099,0.0,0.0,0.0,0,sms
12.0,3.0,3.3333333,2.0,0.0,0.0,0.33333334,0.0,3.321928,0.0,0.0,0.0,0,sms
142.0,30.0,3.7666667,2.0,0.0,0.0,0.46666667,0.028169014,4.1579103,0.0,0.0,0.0,0,sms
73.0,16.0,3.625,0.0,0.0,0.0,0.375,0.1369863,4.2303324,0.0,0.0,0.0,0,sms
129.0,25.0,4.2,0.0,0.0,0.0,0.28,0.08527132,4.2733917,0.0,0.0,0.0,0,sms
33.0,7.0,3.857143,0.0,0.0,0.0,0.71428573,0.121212125,3.958229,0.0,0.0,0.0,0,sms
47.0,8.0,5.0,0.0,0.0,0.0,0.25,0.14893617,3.7348294,0.0,0.0,0.0,0,sms
72.0,17.0,3.2941177,0.0,0.0,0.0,0.5294118,0.041666668,4.0541263,0.0,0.0,0.0,0,sms
148.0,31.0,3.7741935,0.0,0.0,0.0,0.58064514,0.033783782,4.2822156,0.0,0.0,0.0,0,sms
107.0,29.0,2.724138,1.0,0.0,0.0,0.31034482,0.046728972,4.4865036,0.0,0.0,0.0,0,sms
41.0,8.0,4.25,0.0,0.0,0.0,0.5,0.024390243,4.020855,0.0,0.0,0.0,0,sms
23.0,4.0,5.0,0.0,0.0,0.0,0.0,0.17391305,3.1841838,0.0,0.0,0.0,0,sms
149.0,24.0,5.25,22.0,1.0,0.0,0.375,0.013422819,4.8722596,0.0,0.0,1.0,1,sms
104.0,16.0,5.5625,0.0,0.0,0.0,0.25,0.07692308,4.271596,0.0,0.0,0.0,0,sms
45.0,8.0,4.625,0.0,0.0,0.0,0.5,0.13333334,4.229327,0.0,0.0,0.0,0,sms
26.0,5.0,4.4,0.0,0.0,0.0,0.4,0.03846154,3.697846,0.0,0.0,0.0,0,sms
37.0,9.0,3.2222223,0.0,0.0,0.0,0.5555556,0.0,3.6729972,0.0,0.0,0.0,0,sms
150.0,22.0,5.8636365,13.0,0.0,0.0,0.13636364,0.04,4.798991,0.0,0.0,0.0,1,sms
132.0,30.0,3.4333334,3.0,0.0,0.0,0.53333336,0.053030305,4.5006175,0.0,0.0,0.0,0,sms
63.0,5.0,11.8,0.0,0.0,0.0,0.0,0.15873016,4.3230495,0.0,0.0,0.0,0,sms
108.0,18.0,5.0,0.0,0.0,0.0,0.3888889,0.06481481,4.433373,0.0,0.0,0.0,0,sms
93.0,21.0,3.4761906,0.0,0.0,0.0,0.52380955,0.0,4.1499634,0.0,0.0,0.0,0,sms
43.0,10.0,3.4,0.0,0.0,0.0,0.4,0.046511628,4.101881,0.0,0.0,0.0,0,sms
46.0,10.0,3.7,0.0,0.0,0.0,0.3,0.13043478,4.0671654,0.0,0.0,0.0,0,sms
56.0,12.0,3.75,0.0,0.0,0.0,0.33333334,0.05357143,4.2275453,0.0,0.0,0.0,0,sms
37.0,6.0,5.3333335,0.0,0.0,0.0,0.16666667,0.10810811,3.9496987,0.0,0.0,0.0,0,sms
124.0,18.0,5.9444447,0.0,0.0,0.0,0.2777778,0.05645161,4.393501,0.0,0.0,0.0,0,sms
158.0,29.0,4.4827585,19.0,0.0,0.0,0.13793103,0.03797468,5.096993,0.0,0.0,1.0,1,sms
38.0,9.0,3.3333333,0.0,0.0,0.0,0.44444445,0.02631579,3.9144094,0.0,0.0,0.0,0,sms
53.0,10.0,4.4,0.0,0.0,0.0,0.2,0.13207547,3.9530528,0.0,0.0,0.0,0,sms
31.0,6.0,4.3333335,0.0,0.0,0.0,0.5,0.09677419,3.5654483,0.0,0.0,0.0,0,sms
224.0,42.0,4.357143,0.0,0.0,0.0,0.4047619,0.04017857,4.4214683,0.0,0.0,0.0,0,sms
156.0,25.0,5.28,22.0,0.0,0.0,0.28,0.025641026,5.1595445,0.0,0.0,0.0,1,sms
24.0,5.0,4.0,0.0,0.0,0.0,0.6,0.041666668,3.5464394,0.0,0.0,0.0,0,sms
24.0,6.0,3.1666667,0.0,0.0,0.0,0.33333334,0.0,3.5766177,0.0,0.0,0.0,0,sms
52.0,8.0,5.625,0.0,0.0,0.0,0.5,0.03846154,3.7019567,0.0,0.0,0.0,0,sms
48.0,10.0,3.9,0.0,0.0,0.0,0.6,0.041666668,3.728247,0.0,0.0,0.0,0,sms
28.0,7.0,3.142857,0.0,0.0,0.0,0.2857143,0.035714287,4.186704,0.0,0.0,0.0,0,sms
43.0,9.0,3.8888888,0.0,0.0,0.0,0.5555556,0.046511628,3.9713023,0.0,0.0,0.0,0,sms
49.0,12.0,3.1666667,0.0,0.0,0.0,0.41666666,0.06122449,4.1684656,0.0,0.0,0.0,0,sms
26.0,6.0,3.5,0.0,0.0,0.0,0.5,0.07692308,3.916127,0.0,0.0,0.0,0,sms
58.0,11.0,4.3636365,0.0,0.0,0.0,0.36363637,0.03448276,4.103846,0.0,0.0,0.0,0,sms
17.0,3.0,5.0,0.0,0.0,0.0,0.0,0.1764706,3.4565647,0.0,0.0,0.0,0,sms
26.0,6.0,3.5,1.0,0.0,0.0,0.16666667,0.03846154,3.4273336,0.0,0.0,0.0,0,sms
127.0,26.0,3.9230769,0.0,0.0,0.0,0.5,0.070866145,4.8924046,0.0,0.0,0.0,0,sms
103.0,22.0,3.7272727,3.0,0.0,0.0,0.22727273,0.0,4.251169,0.0,0.0,0.0,0,sms
157.0,33.0,3.7878788,0.0,0.0,0.0,0.42424244,0.070063695,4.5125747,0.0,0.0,0.0,0,sms
34.0,6.0,4.8333335,0.0,0.0,0.0,0.5,0.029411765,4.1852303,0.0,0.0,0.0,0,sms
128.0,22.0,4.8636365,0.0,0.0,0.0,0.09090909,0.0859375,4.1017575,0.0,0.0,0.0,0,sms
143.0,28.0,4.142857,0.0,0.0,0.0,0.4642857,0.04195804,4.4941244,0.0,0.0,0.0,0,sms
51.0,10.0,4.2,0.0,0.0,0.0,0.5,0.039215688,3.9657426,0.0,0.0,0.0,0,sms
60.0,13.0,3.6923077,0.0,0.0,0.0,0.53846157,0.016666668,3.740268,0.0,0.0,0.0,0,sms
30.0,6.0,4.1666665,0.0,0.0,0.0,0.5,0.06666667,3.6732697,0.0,0.0,0.0,0,sms
41.0,7.0,5.0,0.0,0.0,0.0,0.14285715,0.07317073,3.8297417,0.0,0.0,0.0,0,sms
103.0,24.0,3.3333333,1.0,0.0,0.0,0.45833334,0.029126214,4.1577373,0.0,0.0,0.0,0,sms
101.0,19.0,4.368421,17.0,0.0,0.0,0.31578946,0.02970297,4.8637404,0.0,0.0,0.0,1,sms
19.0,4.0,3.75,0.0,0.0,0.0,0.25,0.15789473,3.7735572,0.0,0.0,0.0,0,sms
114.0,19.0,5.0526314,2.0,0.0,0.0,0.2631579,0.07017544,4.2273426,0.0,0.0,0.0,0,sms
104.0,23.0,3.5652175,10.0,0.0,0.0,0.17391305,0.057692308,5.0126657,0.0,0.0,1.0,1,sms
78.0,18.0,3.3888888,1.0,0.0,0.0,0.2777778,0.025641026,4.3727775,0.0,0.0,0.0,0,sms
135.0,25.0,4.44,11.0,0.0,1.0,0.32,0.022222223,4.8344603,0.0,0.0,1.0,1,sms
41.0,8.0,4.25,1.0,0.0,0.0,0.5,0.024390243,3.900271,0.0,0.0,0.0,0,sms
46.0,11.0,3.2727273,1.0,0.0,0.0,0.09090909,0.02173913,3.7873018,0.0,0.0,0.0,0,sms
136.0,25.0,4.48,0.0,0.0,0.0,0.44,0.022058824,4.1434608,0.0,0.0,0.0,0,sms
46.0,6.0,6.8333335,0.0,0.0,0.0,0.16666667,0.02173913,3.7020812,0.0,0.0,0.0,0,sms
157.0,35.0,3.5142858,3.0,0.0,0.0,0.25714287,0.03821656,4.4536343,0.0,0.0,0.0,0,sms
24.0,5.0,4.0,0.0,0.0,0.0,0.4,0.083333336,3.7464395,0.0,0.0,0.0,0,sms
17.0,4.0,3.5,0.0,0.0,0.0,0.25,0.05882353,3.5216405,0.0,0.0,0.0,0,sms
20.0,5.0,3.2,3.0,0.0,0.0,0.0,0.1,3.75,0.0,0.0,0.0,0,sms
84.0,16.0,4.3125,0.0,0.0,0.0,0.5,0.05952381,4.178853,0.0,0.0,0.0,0,sms
153.0,31.0,3.967742,15.0,1.0,0.0,0.22580644,0.045751635,5.3483086,0.0,0.0,1.0,1,sms
63.0,7.0,8.142858,0.0,0.0,0.0,0.14285715,0.07936508,4.375108,0.0,0.0,0.0,0,sms
155.0,30.0,4.2,1.0,0.0,0.0,0.46666667,0.025806451,4.2900743,0.0,0.0,0.0,0,sms
122.0,26.0,3.7307692,0.0,0.0,0.0,0.5,0.040983606,4.373073,0.0,0.0,0.0,0,sms
143.0,26.0,4.5384617,5.0,0.0,0.0,0.34615386,0.034965035,4.7917433,0.0,0.0,0.0,1,sms
50.0,10.0,4.1,0.0,0.0,0.0,0.6,0.06,3.9753315,0.0,0.0,0.0,0,sms
25.0,6.0,3.3333333,1.0,0.0,0.0,0.33333334,0.04,3.6464393,0.0,0.0,0.0,0,sms
44.0,10.0,3.5,0.0,0.0,0.0,0.5,0.045454547,4.0931497,0.0,0.0,0.0,0,sms
65.0,16.0,3.125,0.0,0.0,0.0,0.4375,0.046153847,4.0961747,0.0,0.0,0.0,0,sms
134.0,25.0,4.4,17.0,0.0,0.0,0.24,0.02238806,5.1368136,0.0,0.0,0.0,1,sms
21.0,3.0,6.3333335,0.0,0.0,0.0,0.0,0.14285715,3.4316235,0.0,0.0,0.0,0,sms
47.0,9.0,4.3333335,0.0,0.0,0.0,0.33333334,0.04255319,4.0604167,0.0,0.0,0.0,0,sms
157.0,27.0,4.851852,18.0,1.0,0.0,0.37037036,0.031847134,5.054581,0.0,0.0,0.0,1,sms
90.0,18.0,4.0555553,5.0,0.0,0.0,0.3888889,0.033333335,4.563753,0.0,0.0,1.0,1,sms
135.0,25.0,4.44,0.0,0.0,0.0,0.36,0.02962963,4.273961,0.0,0.0,0.0,0,sms
39.0,9.0,3.4444444,0.0,0.0,0.0,0.33333334,0.0,3.8890495,0.0,0.0,0.0,0,sms
83.0,17.0,3.9411764,0.0,0.0,0.0,0.0,0.072289154,4.1255927,0.0,0.0,0.0,0,sms
44.0,7.0,5.428571,0.0,0.0,0.0,0.2857143,0.045454547,3.9880774,0.0,0.0,0.0,0,sms
28.0,5.0,4.8,0.0,0.0,0.0,0.4,0.035714287,3.4701755,0.0,0.0,0.0,0,sms
24.0,5.0,4.0,0.0,0.0,0.0,0.6,0.0,3.821928,0.0,0.0,0.0,0,sms
67.0,13.0,4.230769,1.0,0.0,0.0,0.15384616,0.04477612,4.556195,0.0,0.0,0.0,0,sms
67.0,15.0,3.5333333,0.0,0.0,0.0,0.4,0.014925373,4.032179,0.0,0.0,0.0,0,sms
33.0,8.0,3.25,0.0,0.0,0.0,0.375,0.030303031,3.9790978,0.0,0.0,0.0,0,sms
24.0,5.0,4.0,0.0,0.0,0.0,0.2,0.125,3.3037016,0.0,0.0,0.0,0,sms
119.0,26.0,3.6153846,0.0,0.0,0.0,0.30769232,0.025210084,3.9802802,0.0,0.0,0.0,0,sms
910.0,171.0,4.3274856,0.0,0.0,0.0,0.53801167,0.024175825,4.3052254,0.0,0.0,0.0,0,sms
158.0,35.0,3.5428572,3.0,0.0,0.0,0.25714287,0.06329114,4.9383087,0.0,0.0,0.0,0,sms
35.0,7.0,4.142857,0.0,0.0,0.0,0.5714286,0.057142857,3.7454064,0.0,0.0,0.0,0,sms
24.0,5.0,4.0,0.0,0.0,0.0,0.6,0.0,3.9219282,0.0,0.0,0.0,0,sms
153.0,25.0,5.16,28.0,1.0,0.0,0.2,0.05882353,4.966811,0.0,0.0,0.0,1,sms
53.0,8.0,5.625,0.0,0.0,0.0,0.375,0.094339624,4.36676,0.0,0.0,0.0,0,sms
147.0,24.0,5.125,24.0,1.0,0.0,0.29166666,0.013605442,5.0843143,0.0,0.0,1.0,1,sms
72.0,15.0,3.8666666,0.0,0.0,0.0,0.26666668,0.027777778,3.9355679,0.0,0.0,0.0,0,sms
19.0,4.0,4.0,0.0,0.0,0.0,0.5,0.05263158,3.1493974,0.0,0.0,0.0,0,sms
188.0,37.0,4.108108,0.0,0.0,0.0,0.5135135,0.03723404,4.1882167,0.0,0.0,0.0,0,sms
71.0,17.0,3.235294,0.0,0.0,0.0,0.47058824,0.07042254,3.9451103,0.0,0.0,0.0,0,sms
23.0,3.0,7.0,0.0,0.0,0.0,0.0,0.08695652,3.8208888,0.0,0.0,0.0,0,sms
142.0,26.0,4.5,9.0,1.0,0.0,0.26923078,0.014084507,4.71325,0.0,0.0,1.0,1,sms
160.0,29.0,4.551724,0.0,0.0,0.0,0.44827586,0.05625,4.401307,0.0,0.0,0.0,0,sms
73.0,15.0,3.9333334,0.0,0.0,0.0,0.6,0.04109589,4.4285674,0.0,0.0,0.0,0,sms
106.0,21.0,4.095238,0.0,0.0,0.0,0.47619048,0.03773585,4.21309,0.0,0.0,0.0,0,sms
80.0,17.0,3.764706,0.0,0.0,0.0,0.7058824,0.0125,4.1513615,0.0,0.0,0.0,0,sms
105.0,19.0,4.5789475,0.0,0.0,0.0,0.2631579,0.04761905,4.0996256,0.0,0.0,0.0,0,sms
43.0,10.0,3.4,0.0,0.0,0.0,0.2,0.1627907,4.043058,0.0,0.0,0.0,0,sms
68.0,14.0,3.9285715,1.0,0.0,0.0,0.2857143,0.05882353,4.306931,0.0,0.0,0.0,0,sms
159.0,25.0,5.4,2.0,0.0,0.0,0.36,0.044025157,4.4419885,0.0,0.0,0.0,1,sms
32.0,7.0,3.7142856,0.0,0.0,0.0,0.42857143,0.03125,3.349693,0.0,0.0,0.0,0,sms
159.0,35.0,3.5714285,0.0,0.0,0.0,0.42857143,0.08176101,4.4032316,0.0,0.0,0.0,0,sms
140.0,28.0,4.035714,0.0,0.0,0.0,0.5714286,0.007142857,4.115065,0.0,0.0,0.0,0,sms
101.0,22.0,3.6363637,0.0,0.0,0.0,0.54545456,0.06930693,4.4019837,0.0,0.0,0.0,0,sms
31.0,4.0,7.0,0.0,0.0,0.0,0.25,0.22580644,3.5515957,0.0,0.0,0.0,0,sms
23.0,5.0,3.8,0.0,0.0,0.0,0.2,0.0,3.6163485,0.0,0.0,0.0,0,sms
58.0,12.0,3.9166667,1.0,0.0,0.0,0.41666666,0.03448276,3.944151,0.0,0.0,0.0,0,sms
37.0,8.0,3.75,0.0,0.0,0.0,0.5,0.0,3.828073,0.0,0.0,0.0,0,sms
61.0,15.0,3.1333334,0.0,0.0,0.0,0.6666667,0.04918033,4.1521177,0.0,0.0,0.0,0,sms
60.0,10.0,5.1,0.0,0.0,0.0,0.3,0.083333336,4.186652,0.0,0.0,0.0,0,sms
54.0,10.0,4.5,0.0,0.0,0.0,0.4,0.018518519,3.994429,0.0,0.0,0.0,0,sms
69.0,14.0,4.0,0.0,0.0,0.0,0.5,0.072463766,4.1325254,0.0,0.0,0.0,0,sms
70.0,11.0,5.4545455,27.0,1.0,0.0,0.45454547,0.057142857,4.2024794,0.0,0.0,0.0,1,sms
72.0,17.0,3.2941177,2.0,0.0,0.0,0.29411766,0.027777778,4.3183537,0.0,0.0,0.0,0,sms
156.0,27.0,4.814815,22.0,0.0,0.0,0.25925925,0.03846154,5.1887255,0.0,0.0,1.0,1,sms
40.0,6.0,5.8333335,0.0,0.0,0.0,0.16666667,0.05,3.832595,0.0,0.0,0.0,0,sms
153.0,29.0,4.3103447,17.0,0.0,0.0,0.3448276,0.0,4.580182,0.0,0.0,0.0,1,sms
36.0,5.0,6.4,0.0,0.0,0.0,0.0,0.1388889,3.8553379,0.0,0.0,0.0,0,sms
35.0,6.0,5.0,0.0,0.0,0.0,0.33333334,0.057142857,4.00291,0.0,0.0,0.0,0,sms
34.0,7.0,4.0,1.0,0.0,0.0,0.0,0.0882353,3.6245186,0.0,0.0,0.0,0,sms
156.0,30.0,4.233333,15.0,0.0,0.0,0.33333334,0.03846154,4.8313584,0.0,0.0,1.0,1,sms
79.0,16.0,3.9375,0.0,0.0,0.0,0.5625,0.03797468,4.214811,0.0,0.0,0.0,0,sms
114.0,23.0,4.0,0.0,0.0,0.0,0.39130434,0.0877193,4.3586216,0.0,0.0,0.0,0,sms
105.0,19.0,4.5789475,12.0,1.0,0.0,0.2631579,0.03809524,4.907048,0.0,0.0,1.0,1,sms
64.0,11.0,4.909091,0.0,0.0,0.0,0.6363636,0.03125,3.979141,0.0,0.0,0.0,0,sms
25.0,5.0,4.2,0.0,0.0,0.0,0.0,0.12,3.8208888,0.0,0.0,0.0,0,sms
22.0,4.0,4.75,0.0,0.0,0.0,0.25,0.09090909,3.2813735,0.0,0.0,0.0,0,sms
35.0,6.0,5.0,0.0,0.0,0.0,0.33333334,0.057142857,4.00291,0.0,0.0,0.0,0,sms
156.0,32.0,3.90625,1.0,0.0,0.0,0.40625,0.083333336,4.603851,0.0,0.0,0.0,0,sms
58.0,13.0,3.5384614,1.0,0.0,0.0,0.15384616,0.05172414,4.2459335,0.0,0.0,0.0,0,sms
31.0,8.0,3.0,0.0,0.0,0.0,0.5,0.0,3.6368423,0.0,0.0,0.0,0,sms
120.0,19.0,5.368421,12.0,0.0,0.0,0.42105263,0.033333335,4.7013583,0.0,0.0,0.0,1,sms
24.0,6.0,3.1666667,0.0,0.0,0.0,0.5,0.125,3.5368867,0.0,0.0,0.0,0,sms
17.0,4.0,3.5,0.0,0.0,0.0,0.25,0.11764706,3.6644979,0.0,0.0,0.0,0,sms
152.0,21.0,6.285714,0.0,0.0,0.0,0.14285715,0.059210528,4.1874638,0.0,0.0,0.0,0,sms
41.0,7.0,5.0,0.0,0.0,0.0,0.2857143,0.07317073,4.2074356,0.0,0.0,0.0,0,sms
158.0,28.0,4.678571,16.0,0.0,0.0,0.35714287,0.08227848,5.1392164,0.0,0.0,1.0,1,sms
80.0,17.0,3.764706,0.0,0.0,0.0,0.5294118,0.025,4.232259,0.0,0.0,0.0,0,sms
85.0,18.0,3.7777777,0.0,0.0,0.0,0.6111111,0.03529412,4.022848,0.0,0.0,0.0,0,sms
115.0,25.0,3.64,1.0,0.0,0.0,0.16,0.11304348,4.4803157,0.0,0.0,0.0,0,sms
115.0,18.0,5.4444447,16.0,0.0,0.0,0.16666667,0.026086956,4.9234977,0.0,0.0,1.0,1,sms
25.0,7.0,2.7142856,0.0,0.0,0.0,0.2857143,0.28,3.8924072,0.0,0.0,0.0,0,sms
45.0,10.0,3.6,0.0,0.0,0.0,0.4,0.11111111,4.252715,0.0,0.0,0.0,0,sms
70.0,13.0,4.4615383,0.0,0.0,0.0,0.3846154,0.1,4.139178,0.0,0.0,0.0,0,sms
22.0,6.0,2.8333333,0.0,0.0,0.0,0.6666667,0.0,3.4548223,0.0,0.0,0.0,0,sms
43.0,9.0,3.8888888,0.0,0.0,0.0,0.44444445,0.069767445,4.0144386,0.0,0.0,0.0,0,sms
22.0,4.0,4.75,0.0,0.0,0.0,0.25,0.09090909,3.2813735,0.0,0.0,0.0,0,sms
22.0,5.0,3.6,0.0,0.0,0.0,0.2,0.13636364,3.5724313,0.0,0.0,0.0,0,sms
140.0,30.0,3.7,17.0,1.0,0.0,0.16666667,0.057142857,4.9776163,0.0,0.0,1.0,1,sms
72.0,15.0,3.8666666,0.0,0.0,0.0,0.46666667,0.027777778,4.0717773,0.0,0.0,0.0,0,sms
91.0,18.0,4.111111,0.0,0.0,0.0,0.3888889,0.021978023,4.1786704,0.0,0.0,0.0,0,sms
70.0,14.0,4.071429,0.0,0.0,0.0,0.2857143,0.08571429,4.178438,0.0,0.0,0.0,0,sms
140.0,26.0,4.423077,0.0,0.0,0.0,0.42307693,0.035714287,4.271147,0.0,0.0,0.0,0,sms
31.0,5.0,5.4,0.0,0.0,0.0,0.0,0.22580644,3.9265716,0.0,0.0,0.0,0,sms
52.0,9.0,4.888889,4.0,0.0,0.0,0.11111111,0.115384616,4.1097937,0.0,0.0,1.0,0,sms
40.0,8.0,4.125,0.0,0.0,0.0,0.5,0.0,3.9077342,0.0,0.0,0.0,0,sms
23.0,6.0,3.0,0.0,0.0,0.0,0.6666667,0.04347826,3.4613202,0.0,0.0,0.0,0,sms
155.0,28.0,4.571429,25.0,0.0,0.0,0.17857143,0.038709678,4.849076,0.0,0.0,1.0,1,sms
145.0,27.0,4.4074073,0.0,0.0,0.0,0.25925925,0.096551724,4.948625,0.0,0.0,0.0,0,sms
54.0,9.0,5.111111,0.0,0.0,0.0,0.22222222,0.037037037,3.8120608,0.0,0.0,0.0,0,sms
43.0,11.0,3.0,0.0,0.0,0.0,0.54545456,0.023255814,3.5893633,0.0,0.0,0.0,0,sms
30.0,7.0,3.4285715,0.0,0.0,0.0,0.71428573,0.0,3.7720551,0.0,0.0,0.0,0,sms
39.0,8.0,4.0,0.0,0.0,0.0,0.5,0.051282052,3.8011086,0.0,0.0,0.0,0,sms
71.0,18.0,3.0,0.0,0.0,0.0,0.44444445,0.056338027,3.9714844,0.0,0.0,0.0,0,sms
146.0,31.0,3.7419355,1.0,0.0,0.0,0.3548387,0.02739726,4.303631,0.0,0.0,0.0,0,sms
73.0,14.0,4.285714,0.0,0.0,0.0,0.5714286,0.01369863,4.2253265,0.0,0.0,0.0,0,sms
159.0,32.0,4.0,8.0,0.0,0.0,0.3125,0.062893085,5.0440335,0.0,0.0,1.0,1,sms
23.0,4.0,5.0,0.0,0.0,0.0,0.0,0.04347826,3.6464393,0.0,0.0,0.0,0,sms
26.0,7.0,2.857143,0.0,0.0,0.0,0.14285715,0.03846154,3.9219282,0.0,0.0,0.0,0,sms
59.0,12.0,4.0,1.0,0.0,0.0,0.5,0.033898305,3.8682203,0.0,0.0,0.0,0,sms
150.0,33.0,3.5757575,2.0,0.0,0.0,0.3030303,0.046666667,4.362766,0.0,0.0,0.0,0,sms
167.0,38.0,3.3947368,2.0,0.0,0.0,0.47368422,0.017964073,4.494842,0.0,0.0,0.0,0,sms
26.0,7.0,2.857143,0.0,0.0,0.0,0.42857143,0.07692308,3.821928,0.0,0.0,0.0,0,sms
66.0,12.0,4.5833335,0.0,0.0,0.0,0.41666666,0.045454547,4.0994782,0.0,0.0,0.0,0,sms
35.0,8.0,3.5,0.0,0.0,0.0,0.625,0.028571429,3.651479,0.0,0.0,0.0,0,sms
26.0,4.0,5.75,0.0,0.0,0.0,0.5,0.115384616,3.7622674,0.0,0.0,0.0,0,sms
26.0,5.0,4.4,0.0,0.0,0.0,0.4,0.03846154,3.788755,0.0,0.0,0.0,0,sms
49.0,10.0,3.8,0.0,0.0,0.0,0.4,0.12244898,4.08044,0.0,0.0,0.0,0,sms
38.0,9.0,3.3333333,0.0,0.0,0.0,0.44444445,0.02631579,3.8565648,0.0,0.0,0.0,0,sms
36.0,8.0,3.625,0.0,0.0,0.0,0.375,0.055555556,3.9783335,0.0,0.0,0.0,0,sms
18.0,3.0,5.3333335,0.0,0.0,0.0,0.33333334,0.11111111,3.0778196,0.0,0.0,0.0,0,sms
48.0,8.0,5.0,0.0,0.0,0.0,0.375,0.14583333,4.1373262,0.0,0.0,0.0,0,sms
68.0,15.0,3.6,0.0,0.0,0.0,0.46666667,0.029411765,3.877883,0.0,0.0,0.0,0,sms
73.0,11.0,5.7272725,0.0,0.0,0.0,0.36363637,0.04109589,4.091817,0.0,0.0,0.0,0,sms
49.0,11.0,3.5454545,0.0,0.0,0.0,0.54545456,0.020408163,3.843381,0.0,0.0,0.0,0,sms
13.0,2.0,6.0,0.0,0.0,0.0,0.5,0.30769232,2.7924812,0.0,0.0,0.0,0,sms
63.0,14.0,3.5714285,0.0,0.0,0.0,0.35714287,0.031746034,3.9811475,0.0,0.0,0.0,0,sms
133.0,27.0,3.9629629,0.0,0.0,0.0,0.6296296,0.02255639,4.299552,0.0,0.0,0.0,0,sms
155.0,30.0,4.2,18.0,1.0,0.0,0.3,0.045161292,5.124107,0.0,0.0,1.0,1,sms
13.0,3.0,3.6666667,0.0,0.0,0.0,0.0,0.46153846,2.049452,0.0,0.0,0.0,0,sms
49.0,8.0,5.25,12.0,0.0,0.0,0.25,0.020408163,4.2587547,0.0,0.0,0.0,1,sms
74.0,15.0,4.0,0.0,0.0,0.0,0.6,0.027027028,3.7322628,0.0,0.0,0.0,0,sms
48.0,11.0,3.4545455,0.0,0.0,0.0,0.36363637,0.041666668,3.9983501,0.0,0.0,0.0,0,sms
138.0,31.0,3.483871,1.0,0.0,0.0,0.4516129,0.036231883,4.435224,0.0,0.0,0.0,0,sms
164.0,22.0,6.2272725,0.0,0.0,0.0,0.36363637,0.15243903,4.6065083,0.0,0.0,0.0,0,sms
40.0,6.0,5.8333335,0.0,0.0,0.0,0.16666667,0.075,4.011585,0.0,0.0,0.0,0,sms
20.0,5.0,3.2,0.0,0.0,0.0,0.6,0.0,3.5778196,0.0,0.0,0.0,0,sms
61.0,12.0,4.0833335,1.0,0.0,0.0,0.16666667,0.032786883,3.9463708,0.0,0.0,0.0,0,sms
61.0,10.0,5.2,0.0,0.0,0.0,0.4,0.04918033,4.173823,0.0,0.0,0.0,0,sms
147.0,26.0,4.6923075,19.0,1.0,0.0,0.23076923,0.040816326,5.113127,0.0,0.0,1.0,1,sms
130.0,25.0,4.24,0.0,0.0,0.0,0.4,0.023076924,4.2105412,0.0,0.0,0.0,0,sms
148.0,29.0,4.137931,10.0,0.0,0.0,0.41379312,0.054054055,4.911416,0.0,0.0,1.0,1,sms
37.0,9.0,3.2222223,0.0,0.0,0.0,0.6666667,0.08108108,3.857307,0.0,0.0,0.0,0,sms
31.0,6.0,4.3333335,0.0,0.0,0.0,0.5,0.0,3.5804622,0.0,0.0,0.0,0,sms
27.0,7.0,3.0,0.0,0.0,0.0,0.42857143,0.037037037,3.4992275,0.0,0.0,0.0,0,sms
41.0,8.0,4.25,1.0,0.0,0.0,0.5,0.048780486,3.903208,0.0,0.0,0.0,0,sms
49.0,12.0,3.1666667,0.0,0.0,0.0,0.5,0.0,3.8526762,0.0,0.0,0.0,0,sms
52.0,11.0,3.8181818,0.0,0.0,0.0,0.27272728,0.03846154,3.71067,0.0,0.0,0.0,0,sms
124.0,25.0,4.0,0.0,0.0,0.0,0.44,0.048387095,4.288493,0.0,0.0,0.0,0,sms
63.0,13.0,3.9230769,0.0,0.0,0.0,0.53846157,0.04761905,4.091147,0.0,0.0,0.0,0,sms
85.0,15.0,4.733333,0.0,0.0,0.0,0.33333334,0.05882353,4.3189383,0.0,0.0,0.0,0,sms
50.0,8.0,5.375,12.0,0.0,0.0,0.25,0.04,4.235119,0.0,0.0,0.0,1,sms
70.0,15.0,3.7333333,0.0,0.0,0.0,0.53333336,0.014285714,3.920072,0.0,0.0,0.0,0,sms
55.0,8.0,6.0,0.0,0.0,0.0,0.375,0.14545454,4.3294487,0.0,0.0,0.0,0,sms
119.0,25.0,3.8,1.0,0.0,0.0,0.48,0.042016808,4.3635707,0.0,0.0,0.0,0,sms
143.0,31.0,3.6451614,14.0,0.0,0.0,0.16129032,0.04895105,4.9088845,0.0,0.0,1.0,1,sms
22.0,4.0,4.75,0.0,0.0,0.0,0.5,0.045454547,3.5766177,0.0,0.0,0.0,0,sms
43.0,9.0,3.8888888,0.0,0.0,0.0,0.44444445,0.046511628,3.900153,0.0,0.0,0.0,0,sms
46.0,8.0,4.75,0.0,0.0,0.0,0.25,0.0,3.968212,0.0,0.0,0.0,0,sms
146.0,27.0,4.4444447,20.0,1.0,0.0,0.33333334,0.020547945,4.6257925,0.0,0.0,1.0,1,sms
75.0,14.0,4.428571,1.0,0.0,0.0,0.42857143,0.04,4.106691,0.0,0.0,0.0,0,sms
159.0,23.0,5.9565215,15.0,0.0,0.0,0.39130434,0.018867925,5.0829697,0.0,0.0,0.0,1,sms
43.0,8.0,4.5,0.0,0.0,0.0,0.25,0.069767445,4.228972,0.0,0.0,0.0,0,sms
123.0,21.0,4.904762,21.0,1.0,0.0,0.23809524,0.040650405,4.9592547,0.0,0.0,1.0,1,sms
31.0,7.0,3.5714285,0.0,0.0,0.0,0.14285715,0.09677419,3.6234653,0.0,0.0,0.0,0,sms
76.0,15.0,4.0666666,0.0,0.0,0.0,0.4,0.09210526,4.102491,0.0,0.0,0.0,0,sms
51.0,13.0,3.0,0.0,0.0,0.0,0.3846154,0.078431375,4.272331,0.0,0.0,0.0,0,sms
27.0,5.0,4.6,1.0,0.0,0.0,0.0,0.074074075,3.7622674,0.0,0.0,0.0,0,sms
34.0,7.0,4.0,0.0,0.0,0.0,0.2857143,0.0882353,3.9232519,0.0,0.0,0.0,0,sms
129.0,21.0,5.1904764,3.0,0.0,0.0,0.14285715,0.093023255,4.735864,0.0,0.0,0.0,0,sms
136.0,26.0,4.269231,9.0,0.0,0.0,0.15384616,0.0882353,4.737583,0.0,0.0,0.0,0,sms
24.0,5.0,4.0,0.0,0.0,0.0,0.6,0.041666668,3.7841837,0.0,0.0,0.0,0,sms
33.0,9.0,2.7777777,0.0,0.0,0.0,0.33333334,0.030303031,3.6194706,0.0,0.0,0.0,0,sms
63.0,11.0,4.818182,0.0,0.0,0.0,0.36363637,0.031746034,4.0318766,0.0,0.0,0.0,0,sms
96.0,19.0,4.105263,0.0,0.0,0.0,0.57894737,0.03125,4.083294,0.0,0.0,0.0,0,sms
53.0,14.0,2.7857144,1.0,0.0,0.0,0.21428572,0.056603774,4.509385,0.0,0.0,0.0,0,sms
59.0,12.0,4.0,0.0,0.0,0.0,0.5,0.06779661,4.154316,0.0,0.0,0.0,0,sms
52.0,10.0,4.3,0.0,0.0,0.0,0.4,0.0,3.6988072,0.0,0.0,0.0,0,sms
45.0,10.0,3.6,0.0,0.0,0.0,0.4,0.11111111,4.0650797,0.0,0.0,0.0,0,sms
34.0,7.0,4.0,1.0,0.0,0.0,0.2857143,0.11764706,3.892725,0.0,0.0,0.0,0,sms
53.0,10.0,4.4,0.0,0.0,0.0,0.4,0.0,3.8436685,0.0,0.0,0.0,0,sms
111.0,21.0,4.2380953,2.0,0.0,0.0,0.3809524,0.054054055,4.5049787,0.0,0.0,0.0,0,sms
60.0,13.0,3.6923077,0.0,0.0,0.0,0.3846154,0.05,4.2665415,0.0,0.0,0.0,0,sms
152.0,27.0,4.6666665,4.0,0.0,0.0,0.11111111,0.04605263,4.368382,0.0,0.0,0.0,0,sms
55.0,11.0,4.090909,0.0,0.0,0.0,0.45454547,0.09090909,4.34131,0.0,0.0,0.0,0,sms
84.0,15.0,4.6666665,0.0,0.0,0.0,0.2,0.023809524,4.369647,0.0,0.0,0.0,0,sms
81.0,13.0,5.3076925,11.0,0.0,0.0,0.46153846,0.0,4.4703674,0.0,0.0,0.0,1,sms
87.0,20.0,3.4,0.0,0.0,0.0,0.45,0.0,3.9719582,0.0,0.0,0.0,0,sms
84.0,17.0,3.9411764,0.0,0.0,0.0,0.3529412,0.071428575,4.080245,0.0,0.0,0.0,0,sms
26.0,5.0,4.4,0.0,0.0,0.0,0.6,0.03846154,3.6635327,0.0,0.0,0.0,0,sms
58.0,12.0,3.9166667,0.0,0.0,0.0,0.25,0.03448276,4.100024,0.0,0.0,0.0,0,sms
46.0,9.0,4.2222223,0.0,0.0,0.0,0.44444445,0.13043478,4.0605745,0.0,0.0,0.0,0,sms
43.0,10.0,3.4,0.0,0.0,0.0,0.6,0.046511628,4.219528,0.0,0.0,0.0,0,sms
24.0,5.0,4.0,0.0,0.0,0.0,0.2,0.083333336,3.6841838,0.0,0.0,0.0,0,sms
97.0,18.0,4.4444447,0.0,0.0,0.0,0.2777778,0.010309278,4.268254,0.0,0.0,0.0,0,sms
70.0,14.0,4.071429,0.0,0.0,0.0,0.42857143,0.071428575,4.3567677,0.0,0.0,0.0,0,sms
179.0,35.0,4.142857,0.0,0.0,0.0,0.4857143,0.044692736,4.52256,0.0,0.0,0.0,0,sms
120.0,20.0,5.05,27.0,0.0,0.0,0.2,0.058333334,4.9737644,0.0,0.0,0.0,1,sms
54.0,11.0,4.0,0.0,0.0,0.0,0.45454547,0.09259259,4.0732107,0.0,0.0,0.0,0,sms
26.0,7.0,2.857143,0.0,0.0,0.0,0.5714286,0.0,3.5841837,0.0,0.0,0.0,0,sms
156.0,19.0,7.263158,1.0,0.0,0.0,0.21052632,0.025641026,4.4158645,0.0,0.0,0.0,0,sms
47.0,9.0,4.3333335,0.0,0.0,0.0,0.33333334,0.021276595,3.955292,0.0,0.0,0.0,0,sms
48.0,8.0,5.125,0.0,0.0,0.0,0.25,0.041666668,3.915615,0.0,0.0,0.0,0,sms
147.0,27.0,4.4814816,20.0,1.0,0.0,0.2962963,0.013605442,5.1549044,0.0,0.0,0.0,1,sms
40.0,8.0,4.125,0.0,0.0,0.0,0.25,0.075,3.4694192,0.0,0.0,0.0,0,sms
81.0,19.0,3.3157895,0.0,0.0,0.0,0.36842105,0.037037037,4.251832,0.0,0.0,0.0,0,sms
116.0,26.0,3.5,0.0,0.0,0.0,0.5,0.0,4.03155,0.0,0.0,0.0,0,sms
5.0,1.0,5.0,0.0,0.0,0.0,0.0,0.6,1.3709506,0.0,0.0,0.0,0,sms
66.0,12.0,4.5833335,5.0,0.0,0.0,0.33333334,0.07575758,4.307986,0.0,0.0,1.0,1,sms
81.0,18.0,3.5555556,0.0,0.0,0.0,0.5,0.049382716,4.0642805,0.0,0.0,0.0,0,sms
20.0,6.0,2.5,1.0,0.0,0.0,0.16666667,0.05,3.4565647,0.0,0.0,0.0,0,sms
13.0,3.0,3.6666667,0.0,0.0,0.0,0.6666667,0.23076923,2.845351,0.0,0.0,0.0,0,sms
37.0,8.0,3.75,0.0,0.0,0.0,0.25,0.0,3.6729057,0.0,0.0,0.0,0,sms
66.0,17.0,2.9411764,3.0,0.0,0.0,0.47058824,0.09090909,4.16637,0.0,0.0,0.0,0,sms
69.0,15.0,3.6666667,2.0,0.0,0.0,0.13333334,0.057971016,4.3654633,0.0,0.0,0.0,0,sms
55.0,13.0,3.3076923,0.0,0.0,0.0,0.3846154,0.018181818,3.7135034,0.0,0.0,0.0,0,sms
45.0,9.0,4.111111,0.0,0.0,0.0,0.6666667,0.044444446,4.111367,0.0,0.0,0.0,0,sms
160.0,32.0,4.03125,0.0,0.0,0.0,0.25,0.1,4.7739305,0.0,0.0,0.0,0,sms
25.0,5.0,4.2,0.0,0.0,0.0,0.2,0.08,3.6537566,0.0,0.0,0.0,0,sms
28.0,6.0,3.8333333,0.0,0.0,0.0,0.5,0.10714286,3.8279097,0.0,0.0,0.0,0,sms
40.0,7.0,4.857143,0.0,0.0,0.0,0.5714286,0.025,3.830726,0.0,0.0,0.0,0,sms
156.0,31.0,4.064516,0.0,0.0,0.0,0.3548387,0.01923077,4.322523,0.0,0.0,0.0,0,sms
138.0,33.0,3.2121212,0.0,0.0,0.0,0.54545456,0.028985508,4.1978135,0.0,0.0,0.0,0,sms
24.0,6.0,3.1666667,0.0,0.0,0.0,0.16666667,0.041666668,3.4713545,0.0,0.0,0.0,0,sms
70.0,12.0,4.9166665,8.0,1.0,0.0,0.16666667,0.14285715,4.5004587,0.0,0.0,0.0,0,sms
62.0,14.0,3.4285715,2.0,0.0,0.0,0.071428575,0.09677419,4.061641,0.0,0.0,0.0,0,sms
86.0,17.0,4.117647,0.0,0.0,0.0,0.47058824,0.034883723,4.1758213,0.0,0.0,0.0,0,sms
174.0,35.0,4.0,0.0,0.0,0.0,0.45714286,0.01724138,4.272444,0.0,0.0,0.0,0,sms
48.0,8.0,5.125,0.0,0.0,0.0,0.125,0.125,3.9763522,0.0,0.0,0.0,0,sms
48.0,10.0,3.9,0.0,0.0,0.0,0.2,0.041666668,4.02593,0.0,0.0,0.0,0,sms
25.0,6.0,3.3333333,0.0,0.0,0.0,0.33333334,0.04,3.208695,0.0,0.0,0.0,0,sms
54.0,10.0,4.5,0.0,0.0,0.0,0.5,0.037037037,4.30554,0.0,0.0,0.0,0,sms
38.0,10.0,2.9,1.0,0.0,0.0,0.5,0.078947365,4.1852303,0.0,0.0,0.0,0,sms
46.0,10.0,3.7,0.0,0.0,0.0,0.5,0.0,4.114066,0.0,0.0,0.0,0,sms
64.0,12.0,4.4166665,0.0,0.0,0.0,0.33333334,0.046875,4.024076,0.0,0.0,0.0,0,sms
133.0,23.0,4.826087,0.0,0.0,0.0,0.39130434,0.007518797,4.2776995,0.0,0.0,0.0,0,sms
36.0,8.0,3.625,0.0,0.0,0.0,0.25,0.083333336,3.8404026,0.0,0.0,0.0,0,sms
132.0,31.0,3.2903225,3.0,0.0,0.0,0.22580644,0.022727273,4.504569,0.0,0.0,0.0,0,sms
51.0,11.0,3.7272727,0.0,0.0,0.0,0.27272728,0.019607844,4.092325,0.0,0.0,0.0,0,sms
48.0,8.0,5.125,0.0,0.0,0.0,0.375,0.0625,4.13465,0.0,0.0,0.0,0,sms
62.0,10.0,5.3,0.0,0.0,0.0,0.4,0.032258064,4.1192718,0.0,0.0,0.0,0,sms
163.0,23.0,6.0869565,15.0,0.0,0.0,0.26086956,0.055214725,4.826572,0.0,0.0,0.0,1,sms
155.0,28.0,4.571429,6.0,0.0,0.0,0.10714286,0.045161292,4.406717,0.0,0.0,0.0,1,sms
48.0,11.0,3.4545455,0.0,0.0,0.0,0.27272728,0.083333336,4.260828,0.0,0.0,0.0,0,sms
39.0,9.0,3.4444444,0.0,0.0,0.0,0.33333334,0.102564104,4.2201676,0.0,0.0,0.0,0,sms
103.0,23.0,3.5217392,0.0,0.0,0.0,0.4347826,0.058252428,4.160916,0.0,0.0,0.0,0,sms
83.0,20.0,3.2,0.0,0.0,0.0,0.4,0.036144577,4.255238,0.0,0.0,0.0,0,sms
84.0,19.0,3.4736843,1.0,0.0,0.0,0.31578946,0.035714287,4.282216,0.0,0.0,0.0,0,sms
39.0,8.0,4.0,0.0,0.0,0.0,0.5,0.025641026,4.093139,0.0,0.0,0.0,0,sms
122.0,25.0,3.92,1.0,0.0,0.0,0.28,0.040983606,4.310014,0.0,0.0,0.0,0,sms
154.0,30.0,4.1666665,2.0,0.0,0.0,0.16666667,0.071428575,4.5979757,0.0,0.0,0.0,0,sms
36.0,7.0,4.285714,0.0,0.0,0.0,0.2857143,0.027777778,3.9144094,0.0,0.0,0.0,0,sms
140.0,26.0,4.423077,2.0,0.0,0.0,0.30769232,0.035714287,4.639205,0.0,0.0,0.0,1,sms
5.0,1.0,5.0,0.0,0.0,0.0,0.0,0.6,1.3709506,0.0,0.0,0.0,0,sms
30.0,6.0,4.1666665,0.0,0.0,0.0,0.5,0.033333335,3.6390796,0.0,0.0,0.0,0,sms
57.0,11.0,4.2727275,0.0,0.0,0.0,0.45454547,0.05263158,4.102699,0.0,0.0,0.0,0,sms
54.0,10.0,4.5,0.0,0.0,0.0,0.4,0.09259259,4.172207,0.0,0.0,0.0,0,sms
34.0,7.0,4.0,0.0,0.0,0.0,0.2857143,0.14705883,3.6105773,0.0,0.0,0.0,0,sms
85.0,19.0,3.5263157,4.0,0.0,0.0,0.36842105,0.047058824,4.469168,0.0,0.0,0.0,0,sms
139.0,29.0,3.8275862,1.0,0.0,0.0,0.4827586,0.035971224,4.4490967,0.0,0.0,0.0,0,sms
35.0,7.0,4.142857,0.0,0.0,0.0,0.2857143,0.028571429,4.07333,0.0,0.0,0.0,0,sms
31.0,6.0,4.3333335,0.0,0.0,0.0,0.5,0.06451613,3.9500637,0.0,0.0,0.0,0,sms
126.0,26.0,3.8846154,11.0,1.0,0.0,0.23076923,0.06349207,4.964887,0.0,0.0,1.0,1,sms
48.0,11.0,3.4545455,1.0,0.0,0.0,0.45454547,0.041666668,4.08044,0.0,0.0,0.0,0,sms
94.0,21.0,3.5238094,0.0,0.0,0.0,0.5714286,0.010638298,3.9090614,0.0,0.0,0.0,0,sms
27.0,6.0,3.6666667,0.0,0.0,0.0,0.33333334,0.074074075,4.095795,0.0,0.0,0.0,0,sms
28.0,6.0,3.8333333,0.0,0.0,0.0,0.16666667,0.0,3.8492239,0.0,0.0,0.0,0,sms
41.0,8.0,4.25,0.0,0.0,0.0,0.125,0.19512194,3.6781645,0.0,0.0,0.0,0,sms
42.0,8.0,4.375,0.0,0.0,0.0,0.125,0.23809524,3.7427309,0.0,0.0,0.0,0,sms
150.0,35.0,3.3142858,0.0,0.0,0.0,0.37142858,0.04,4.4483857,0.0,0.0,0.0,0,sms
162.0,29.0,4.62069,0.0,0.0,0.0,0.41379312,0.055555556,4.5282736,0.0,0.0,0.0,0,sms
82.0,18.0,3.6111112,1.0,0.0,0.0,0.44444445,0.024390243,3.9763763,0.0,0.0,0.0,0,sms
45.0,10.0,3.6,0.0,0.0,0.0,0.4,0.08888889,4.0623055,0.0,0.0,0.0,0,sms
56.0,11.0,4.181818,0.0,0.0,0.0,0.27272728,0.05357143,4.0480337,0.0,0.0,0.0,0,sms
41.0,6.0,6.0,0.0,0.0,0.0,0.16666667,0.09756097,4.159799,0.0,0.0,0.0,0,sms
23.0,5.0,3.8,0.0,0.0,0.0,0.0,0.04347826,3.5766177,0.0,0.0,0.0,0,sms
112.0,22.0,4.1363635,1.0,0.0,0.0,0.5,0.017857144,4.3229995,0.0,0.0,0.0,0,sms
38.0,7.0,4.571429,0.0,0.0,0.0,0.42857143,0.02631579,4.1167293,0.0,0.0,0.0,0,sms
160.0,33.0,3.878788,0.0,0.0,0.0,0.3030303,0.05,4.4668245,0.0,0.0,0.0,0,sms
32.0,4.0,7.25,0.0,0.0,0.0,0.5,0.0,3.64208,0.0,0.0,0.0,0,sms
47.0,9.0,4.3333335,0.0,0.0,0.0,0.22222222,0.0,3.8678584,0.0,0.0,0.0,0,sms
82.0,18.0,3.6111112,0.0,0.0,0.0,0.5,0.024390243,4.08495,0.0,0.0,0.0,0,sms
25.0,5.0,4.2,0.0,0.0,0.0,0.4,0.04,3.1961548,0.0,0.0,0.0,0,sms
51.0,9.0,4.7777777,0.0,0.0,0.0,0.22222222,0.05882353,4.3213863,0.0,0.0,0.0,0,sms
155.0,26.0,5.0,21.0,1.0,0.0,0.1923077,0.045161292,5.3086762,0.0,0.0,1.0,1,sms
22.0,4.0,4.5,0.0,0.0,0.0,0.0,0.13636364,3.5724313,0.0,0.0,0.0,0,sms
30.0,6.0,4.1666665,0.0,0.0,0.0,0.16666667,0.033333335,3.8332696,0.0,0.0,0.0,0,sms
121.0,25.0,3.88,1.0,0.0,0.0,0.16,0.049586777,4.63709,0.0,0.0,0.0,0,sms
53.0,9.0,5.0,0.0,0.0,0.0,0.0,0.056603774,3.8661084,0.0,0.0,0.0,0,sms
84.0,20.0,3.25,1.0,0.0,0.0,0.5,0.071428575,4.2115602,0.0,0.0,0.0,0,sms
24.0,5.0,4.0,0.0,0.0,0.0,0.6,0.0,3.821928,0.0,0.0,0.0,0,sms
81.0,16.0,4.125,0.0,0.0,0.0,0.4375,0.0,3.8560798,0.0,0.0,0.0,0,sms
152.0,32.0,3.78125,0.0,0.0,0.0,0.375,0.02631579,4.3630986,0.0,0.0,0.0,0,sms
131.0,26.0,4.076923,1.0,0.0,0.0,0.3846154,0.022900764,4.3183603,0.0,0.0,0.0,0,sms
327.0,63.0,4.15873,1.0,0.0,0.0,0.34920636,0.08562691,4.6131306,0.0,0.0,0.0,0,sms
49.0,10.0,4.0,0.0,0.0,0.0,0.4,0.0,3.587326,0.0,0.0,0.0,0,sms
65.0,13.0,4.076923,1.0,0.0,0.0,0.07692308,0.046153847,4.079164,0.0,0.0,0.0,0,sms
29.0,6.0,4.0,0.0,0.0,0.0,0.5,0.03448276,3.6368423,0.0,0.0,0.0,0,sms
207.0,42.0,3.952381,0.0,0.0,0.0,0.45238096,0.028985508,4.33409,0.0,0.0,0.0,0,sms
114.0,24.0,3.7916667,0.0,0.0,0.0,0.45833334,0.05263158,4.3230996,0.0,0.0,0.0,0,sms
101.0,19.0,4.368421,23.0,0.0,0.0,0.10526316,0.02970297,5.2484155,0.0,0.0,1.0,1,sms
49.0,11.0,3.5454545,2.0,0.0,0.0,0.27272728,0.020408163,4.182337,0.0,0.0,0.0,0,sms
108.0,20.0,4.45,0.0,0.0,0.0,0.3,0.046296295,4.2383356,0.0,0.0,0.0,0,sms
36.0,6.0,5.1666665,0.0,0.0,0.0,0.33333334,0.1388889,4.1471143,0.0,0.0,0.0,0,sms
32.0,6.0,4.5,0.0,0.0,0.0,0.33333334,0.03125,3.9400728,0.0,0.0,0.0,0,sms
50.0,10.0,4.1,0.0,0.0,0.0,0.3,0.04,4.0251327,0.0,0.0,0.0,0,sms
80.0,19.0,3.2631578,0.0,0.0,0.0,0.42105263,0.0125,4.136402,0.0,0.0,0.0,0,sms
141.0,24.0,4.875,5.0,0.0,0.0,0.20833333,0.12765957,4.675073,0.0,0.0,0.0,0,sms
151.0,27.0,4.6296296,25.0,0.0,0.0,0.18518518,0.07284768,4.9702764,0.0,0.0,0.0,1,sms
154.0,22.0,6.0454545,31.0,1.0,0.0,0.18181819,0.071428575,5.3945003,0.0,0.0,1.0,1,sms
23.0,4.0,5.0,0.0,0.0,0.0,0.25,0.04347826,3.3464394,0.0,0.0,0.0,0,sms
40.0,8.0,4.125,0.0,0.0,0.0,0.25,0.0,3.6542637,0.0,0.0,0.0,0,sms
159.0,24.0,5.6666665,17.0,0.0,0.0,0.20833333,0.03773585,4.8241963,0.0,0.0,0.0,1,sms
25.0,5.0,4.2,0.0,0.0,0.0,0.0,0.12,3.8208888,0.0,0.0,0.0,0,sms
143.0,31.0,3.6451614,14.0,0.0,0.0,0.16129032,0.04895105,4.9088845,0.0,0.0,1.0,1,sms
22.0,7.0,2.2857144,0.0,0.0,0.0,0.2857143,0.0,3.0,0.0,0.0,0.0,0,sms
155.0,29.0,4.37931,0.0,0.0,0.0,0.4827586,0.08387097,4.387862,0.0,0.0,0.0,0,sms
72.0,18.0,3.0555556,0.0,0.0,0.0,0.44444445,0.0,4.063114,0.0,0.0,0.0,0,sms
203.0,32.0,5.375,0.0,0.0,0.0,0.34375,0.044334974,4.1069207,0.0,0.0,0.0,0,sms
278.0,63.0,3.4285715,1.0,0.0,0.0,0.31746033,0.118705034,4.8467207,0.0,0.0,0.0,0,sms
115.0,23.0,4.0434785,0.0,0.0,0.0,0.4347826,0.04347826,4.333507,0.0,0.0,0.0,0,sms
27.0,7.0,3.0,1.0,0.0,0.0,0.14285715,0.037037037,3.4992275,0.0,0.0,0.0,0,sms
139.0,29.0,3.8275862,1.0,0.0,0.0,0.37931034,0.02877698,4.375473,0.0,0.0,0.0,0,sms
46.0,10.0,3.7,0.0,0.0,0.0,0.3,0.04347826,4.229327,0.0,0.0,0.0,0,sms
115.0,24.0,3.8333333,1.0,0.0,0.0,0.16666667,0.07826087,4.2599053,0.0,0.0,0.0,0,sms
155.0,36.0,3.3333333,0.0,0.0,0.0,0.4722222,0.038709678,4.2368546,0.0,0.0,0.0,0,sms
35.0,6.0,5.0,0.0,0.0,0.0,0.16666667,0.028571429,3.815061,0.0,0.0,0.0,0,sms
82.0,17.0,3.8823528,1.0,0.0,0.0,0.1764706,0.13414635,4.1348596,0.0,0.0,0.0,0,sms
7.0,2.0,3.0,0.0,0.0,0.0,0.0,0.2857143,2.251629,0.0,0.0,0.0,0,sms
36.0,7.0,4.285714,1.0,0.0,0.0,0.14285715,0.027777778,3.7068906,0.0,0.0,0.0,0,sms
73.0,14.0,4.285714,0.0,0.0,0.0,0.5714286,0.02739726,4.1730237,0.0,0.0,0.0,0,sms
24.0,5.0,4.0,0.0,0.0,0.0,0.4,0.041666668,3.5464394,0.0,0.0,0.0,0,sms
49.0,12.0,3.1666667,2.0,0.0,0.0,0.25,0.12244898,3.9182084,0.0,0.0,0.0,0,sms
48.0,10.0,3.9,0.0,0.0,0.0,0.6,0.020833334,4.077212,0.0,0.0,0.0,0,sms
155.0,27.0,4.703704,0.0,0.0,0.0,0.44444445,0.06451613,4.635221,0.0,0.0,0.0,0,sms
93.0,18.0,4.2222223,0.0,0.0,0.0,0.5,0.010752688,4.2008104,0.0,0.0,0.0,0,sms
99.0,18.0,4.5555553,0.0,0.0,0.0,0.055555556,0.16161616,4.2321024,0.0,0.0,0.0,0,sms
155.0,27.0,4.703704,0.0,0.0,0.0,0.44444445,0.06451613,4.635221,0.0,0.0,0.0,0,sms
48.0,8.0,5.125,0.0,0.0,0.0,0.375,0.041666668,4.2690353,0.0,0.0,0.0,0,sms
42.0,7.0,5.142857,0.0,0.0,0.0,0.2857143,0.023809524,3.8746698,0.0,0.0,0.0,0,sms
24.0,3.0,7.3333335,0.0,0.0,0.0,0.0,0.20833333,3.788755,0.0,0.0,0.0,0,sms
163.0,26.0,5.3076925,2.0,0.0,0.0,0.3846154,0.049079753,4.3124847,0.0,0.0,0.0,1,sms
30.0,7.0,3.4285715,0.0,0.0,0.0,0.85714287,0.0,3.3758147,0.0,0.0,0.0,0,sms
44.0,8.0,4.625,0.0,0.0,0.0,0.375,0.045454547,4.121219,0.0,0.0,0.0,0,sms
24.0,5.0,4.0,0.0,0.0,0.0,0.8,0.0,3.3841836,0.0,0.0,0.0,0,sms
34.0,6.0,4.8333335,0.0,0.0,0.0,0.33333334,0.029411765,3.7974677,0.0,0.0,0.0,0,sms
144.0,25.0,4.8,0.0,0.0,0.0,0.4,0.034722224,3.941574,0.0,0.0,0.0,0,sms
179.0,34.0,4.2941175,0.0,0.0,0.0,0.20588236,0.061452515,4.4908996,0.0,0.0,0.0,0,sms
143.0,22.0,5.5454545,16.0,0.0,0.0,0.3181818,0.055944055,5.205757,0.0,0.0,1.0,1,sms
52.0,11.0,3.8181818,0.0,0.0,0.0,0.45454547,0.01923077,3.9214976,0.0,0.0,0.0,0,sms
82.0,17.0,3.8823528,0.0,0.0,0.0,0.5294118,0.0,4.195074,0.0,0.0,0.0,0,sms
39.0,7.0,4.714286,0.0,0.0,0.0,0.14285715,0.102564104,3.7865222,0.0,0.0,0.0,0,sms
80.0,18.0,3.5,0.0,0.0,0.0,0.3888889,0.1125,4.1795278,0.0,0.0,0.0,0,sms
35.0,9.0,3.0,0.0,0.0,0.0,0.44444445,0.057142857,3.7639658,0.0,0.0,0.0,0,sms
82.0,14.0,4.928571,0.0,0.0,0.0,0.5,0.12195122,4.500294,0.0,0.0,0.0,0,sms
41.0,7.0,5.0,0.0,0.0,0.0,0.42857143,0.07317073,4.0931497,0.0,0.0,0.0,0,sms
27.0,7.0,3.0,0.0,0.0,0.0,0.5714286,0.037037037,3.784942,0.0,0.0,0.0,0,sms
152.0,25.0,5.12,19.0,1.0,0.0,0.12,0.019736841,5.006809,0.0,0.0,1.0,1,sms
32.0,6.0,4.5,0.0,0.0,0.0,0.16666667,0.03125,3.810081,0.0,0.0,0.0,0,sms
33.0,6.0,4.6666665,0.0,0.0,0.0,0.5,0.121212125,3.6105773,0.0,0.0,0.0,0,sms
41.0,8.0,4.0,0.0,0.0,0.0,0.5,0.14634146,4.1403193,0.0,0.0,0.0,0,sms
5.0,1.0,5.0,0.0,0.0,0.0,0.0,0.6,1.3709506,0.0,0.0,0.0,0,sms
126.0,24.0,4.2916665,1.0,0.0,0.0,0.16666667,0.023809524,4.1724434,0.0,0.0,0.0,0,sms
153.0,29.0,4.3103447,0.0,0.0,0.0,0.4827586,0.026143791,4.1741323,0.0,0.0,0.0,0,sms
71.0,12.0,5.0,0.0,0.0,0.0,0.33333334,0.04225352,3.8590903,0.0,0.0,0.0,1,sms
141.0,30.0,3.7333333,0.0,0.0,0.0,0.6,0.04255319,4.283978,0.0,0.0,0.0,0,sms
124.0,22.0,4.681818,0.0,0.0,0.0,0.4090909,0.048387095,4.4528003,0.0,0.0,0.0,0,sms
38.0,7.0,4.571429,0.0,0.0,0.0,0.42857143,0.02631579,4.1403193,0.0,0.0,0.0,0,sms
63.0,13.0,3.8461537,0.0,0.0,0.0,0.46153846,0.031746034,4.055338,0.0,0.0,0.0,0,sms
47.0,10.0,3.8,0.0,0.0,0.0,0.4,0.021276595,3.9026797,0.0,0.0,0.0,0,sms
22.0,4.0,4.5,0.0,0.0,0.0,0.25,0.13636364,3.4613202,0.0,0.0,0.0,0,sms
115.0,22.0,4.2272725,0.0,0.0,0.0,0.36363637,0.04347826,4.28768,0.0,0.0,0.0,0,sms
71.0,16.0,3.5,1.0,0.0,0.0,0.25,0.07042254,4.243358,0.0,0.0,0.0,0,sms
34.0,6.0,4.6666665,0.0,0.0,0.0,0.16666667,0.0882353,4.0121884,0.0,0.0,0.0,0,sms
72.0,16.0,3.5625,0.0,0.0,0.0,0.4375,0.013888889,4.178109,0.0,0.0,0.0,0,sms
134.0,21.0,5.428571,0.0,0.0,0.0,0.23809524,0.15671642,4.98798,0.0,0.0,0.0,0,sms
26.0,3.0,8.0,0.0,0.0,0.0,0.33333334,0.15384616,3.7720551,0.0,0.0,0.0,0,sms
38.0,10.0,2.9,0.0,0.0,0.0,0.4,0.078947365,3.8143718,0.0,0.0,0.0,0,sms
141.0,26.0,4.4615383,25.0,1.0,0.0,0.115384616,0.035460994,4.9297338,0.0,0.0,1.0,1,sms
25.0,3.0,7.6666665,0.0,0.0,0.0,0.33333334,0.0,3.6424897,0.0,0.0,0.0,0,sms
27.0,6.0,3.6666667,0.0,0.0,0.0,0.6666667,0.0,3.4817145,0.0,0.0,0.0,0,sms
159.0,32.0,4.0,3.0,0.0,0.0,0.34375,0.018867925,4.3866425,0.0,0.0,0.0,0,sms
107.0,20.0,4.4,0.0,0.0,0.0,0.4,0.018691588,4.336884,0.0,0.0,0.0,0,sms
142.0,28.0,4.107143,10.0,1.0,0.0,0.35714287,0.0,4.495987,0.0,0.0,1.0,1,sms
13.0,2.0,5.5,1.0,0.0,0.0,0.0,0.07692308,3.0957952,0.0,0.0,0.0,0,sms
25.0,5.0,4.2,0.0,0.0,0.0,0.4,0.04,3.784942,0.0,0.0,0.0,0,sms
65.0,12.0,4.3333335,0.0,0.0,0.0,0.33333334,0.07692308,4.2488256,0.0,0.0,0.0,0,sms
33.0,6.0,4.6666665,0.0,0.0,0.0,0.33333334,0.060606062,3.8962915,0.0,0.0,0.0,0,sms
23.0,3.0,7.0,0.0,0.0,0.0,0.33333334,0.04347826,3.5225716,0.0,0.0,0.0,0,sms
53.0,11.0,3.909091,0.0,0.0,0.0,0.27272728,0.056603774,4.106384,0.0,0.0,0.0,0,sms
159.0,29.0,4.5172415,12.0,0.0,0.0,0.2413793,0.025157232,5.076394,0.0,0.0,0.0,1,sms
104.0,20.0,4.25,0.0,0.0,0.0,0.25,0.086538464,4.2940207,0.0,0.0,0.0,0,sms
154.0,26.0,4.9615383,19.0,1.0,0.0,0.23076923,0.019480519,5.1355023,0.0,0.0,0.0,1,sms
149.0,35.0,3.2857144,1.0,0.0,0.0,0.31428573,0.026845638,4.064546,0.0,0.0,0.0,0,sms
81.0,14.0,4.857143,1.0,0.0,0.0,0.21428572,0.0,3.8036764,0.0,0.0,0.0,1,sms
144.0,25.0,4.8,0.0,0.0,0.0,0.08,0.0625,4.552544,0.0,0.0,0.0,0,sms
51.0,10.0,4.2,0.0,0.0,0.0,0.2,0.05882353,4.2141285,0.0,0.0,0.0,0,sms
153.0,25.0,5.16,35.0,1.0,0.0,0.36,0.045751635,4.998431,0.0,0.0,0.0,1,sms
114.0,24.0,3.7916667,0.0,0.0,0.0,0.25,0.10526316,4.3063326,0.0,0.0,0.0,0,sms
131.0,29.0,3.5517242,1.0,0.0,0.0,0.31034482,0.03816794,4.360357,0.0,0.0,0.0,0,sms
159.0,25.0,5.4,27.0,1.0,0.0,0.28,0.056603774,5.3426456,0.0,0.0,1.0,1,sms
174.0,26.0,5.6538463,0.0,0.0,0.0,0.30769232,0.09195402,4.774427,0.0,0.0,0.0,0,sms
42.0,8.0,4.375,0.0,0.0,0.0,0.625,0.023809524,3.7502928,0.0,0.0,0.0,0,sms
161.0,28.0,4.785714,18.0,1.0,0.0,0.21428572,0.01863354,5.1780505,0.0,0.0,0.0,1,sms
153.0,30.0,4.133333,8.0,0.0,0.0,0.13333334,0.045751635,4.8227243,0.0,0.0,0.0,0,sms
37.0,7.0,4.428571,0.0,0.0,0.0,0.2857143,0.0,3.5822825,0.0,0.0,0.0,0,sms
61.0,11.0,4.6363635,0.0,0.0,0.0,0.27272728,0.032786883,4.4540143,0.0,0.0,0.0,0,sms
74.0,16.0,3.6875,0.0,0.0,0.0,0.5625,0.027027028,4.1284065,0.0,0.0,0.0,0,sms
93.0,21.0,3.4761906,0.0,0.0,0.0,0.5714286,0.032258064,4.0565414,0.0,0.0,0.0,0,sms
141.0,30.0,3.7333333,0.0,0.0,0.0,0.53333336,0.04964539,4.0574408,0.0,0.0,0.0,0,sms
85.0,15.0,4.733333,0.0,0.0,0.0,0.33333334,0.09411765,4.488731,0.0,0.0,0.0,0,sms
78.0,20.0,2.95,2.0,0.0,0.0,0.3,0.03846154,4.251205,0.0,0.0,0.0,0,sms
33.0,7.0,3.857143,0.0,0.0,0.0,0.5714286,0.0,3.884155,0.0,0.0,0.0,0,sms
90.0,19.0,3.7894738,0.0,0.0,0.0,0.5263158,0.022222223,4.26804,0.0,0.0,0.0,0,sms
147.0,30.0,3.9333334,1.0,0.0,0.0,0.4,0.027210884,4.3320985,0.0,0.0,0.0,0,sms
33.0,6.0,4.6666665,0.0,0.0,0.0,0.5,0.030303031,3.7803946,0.0,0.0,0.0,0,sms
32.0,6.0,4.5,0.0,0.0,0.0,0.5,0.0625,4.0323033,0.0,0.0,0.0,0,sms
5.0,1.0,5.0,0.0,0.0,0.0,0.0,0.6,1.3709506,0.0,0.0,0.0,0,sms
149.0,24.0,5.25,0.0,0.0,0.0,0.45833334,0.020134227,4.25385,0.0,0.0,0.0,0,sms
22.0,4.0,4.75,0.0,0.0,0.0,0.25,0.09090909,3.2813735,0.0,0.0,0.0,0,sms
132.0,30.0,3.4333334,0.0,0.0,0.0,0.56666666,0.03787879,4.25847,0.0,0.0,0.0,0,sms
154.0,33.0,3.6969697,0.0,0.0,0.0,0.5151515,0.038961038,4.4481277,0.0,0.0,0.0,0,sms
31.0,6.0,4.3333335,0.0,0.0,0.0,0.5,0.06451613,3.8441064,0.0,0.0,0.0,0,sms
51.0,9.0,4.7777777,0.0,0.0,0.0,0.5555556,0.019607844,3.89955,0.0,0.0,0.0,0,sms
18.0,4.0,3.75,0.0,0.0,0.0,0.25,0.11111111,3.3232315,0.0,0.0,0.0,0,sms
172.0,34.0,4.0882354,0.0,0.0,0.0,0.47058824,0.023255814,4.223499,0.0,0.0,0.0,0,sms
130.0,22.0,4.9545455,13.0,0.0,0.0,0.36363637,0.053846154,4.8336797,0.0,0.0,1.0,1,sms
76.0,15.0,4.133333,0.0,0.0,0.0,0.46666667,0.02631579,4.157048,0.0,0.0,0.0,0,sms
78.0,14.0,4.642857,0.0,0.0,0.0,0.64285713,0.14102565,3.870853,0.0,0.0,0.0,0,sms
112.0,22.0,4.1363635,0.0,0.0,0.0,0.45454547,0.026785715,4.2977533,0.0,0.0,0.0,0,sms
58.0,12.0,3.9166667,0.0,0.0,0.0,0.25,0.05172414,4.1291904,0.0,0.0,0.0,0,sms
158.0,34.0,3.6764705,0.0,0.0,0.0,0.5,0.03797468,4.187852,0.0,0.0,0.0,0,sms
60.0,11.0,4.3636365,0.0,0.0,0.0,0.6363636,0.1,4.522055,0.0,0.0,0.0,0,sms
154.0,29.0,4.3448277,0.0,0.0,0.0,0.20689656,0.019480519,3.9970255,0.0,0.0,0.0,0,sms
154.0,28.0,4.535714,2.0,0.0,0.0,0.14285715,0.058441557,4.9123535,0.0,0.0,0.0,1,sms
34.0,5.0,6.0,0.0,0.0,0.0,0.2,0.05882353,4.3199024,0.0,0.0,0.0,0,sms
122.0,24.0,4.125,23.0,0.0,0.0,0.16666667,0.008196721,5.1485147,0.0,0.0,1.0,1,sms
26.0,5.0,4.4,0.0,0.0,0.0,0.6,0.115384616,3.8110378,0.0,0.0,0.0,0,sms
31.0,6.0,4.0,0.0,0.0,0.0,0.5,0.19354838,3.7406015,0.0,0.0,0.0,0,sms
26.0,6.0,3.5,0.0,0.0,0.0,0.33333334,0.07692308,3.6897037,0.0,0.0,0.0,0,sms
64.0,10.0,5.5,0.0,0.0,0.0,0.2,0.03125,4.0827065,0.0,0.0,0.0,0,sms
121.0,24.0,4.0833335,0.0,0.0,0.0,0.5,0.024793388,4.54321,0.0,0.0,0.0,1,sms
179.0,34.0,4.2941175,0.0,0.0,0.0,0.20588236,0.061452515,4.4908996,0.0,0.0,0.0,0,sms
56.0,9.0,5.3333335,0.0,0.0,0.0,0.22222222,0.0,3.879786,0.0,0.0,0.0,0,sms
148.0,33.0,3.5151515,0.0,0.0,0.0,0.3939394,0.033783782,4.152787,0.0,0.0,0.0,0,sms
90.0,16.0,4.6875,0.0,0.0,0.0,0.5625,0.06666667,4.4005985,0.0,0.0,0.0,0,sms
110.0,22.0,4.0454545,0.0,0.0,0.0,0.5,0.036363635,4.344535,0.0,0.0,0.0,0,sms
458.0,95.0,3.831579,0.0,0.0,0.0,0.5473684,0.030567685,4.389559,0.0,0.0,0.0,0,sms
36.0,6.0,5.1666665,0.0,0.0,0.0,0.33333334,0.027777778,4.1069493,0.0,0.0,0.0,0,sms
28.0,3.0,8.666667,0.0,0.0,0.0,0.33333334,0.25,3.8731406,0.0,0.0,0.0,0,sms
33.0,7.0,3.857143,0.0,0.0,0.0,0.5714286,0.060606062,4.060262,0.0,0.0,0.0,0,sms
51.0,11.0,3.7272727,0.0,0.0,0.0,0.45454547,0.05882353,3.7836661,0.0,0.0,0.0,0,sms
157.0,28.0,4.642857,0.0,0.0,0.0,0.39285713,0.01910828,4.229846,0.0,0.0,0.0,1,sms
45.0,10.0,3.6,0.0,0.0,0.0,0.3,0.022222223,4.009524,0.0,0.0,0.0,0,sms
37.0,6.0,5.3333335,0.0,0.0,0.0,0.0,0.054054055,4.10141,0.0,0.0,0.0,0,sms
159.0,27.0,4.9259257,23.0,1.0,0.0,0.33333334,0.050314464,5.185092,0.0,0.0,1.0,1,sms
39.0,8.0,4.0,0.0,0.0,0.0,0.5,0.025641026,3.9528196,0.0,0.0,0.0,0,sms
96.0,23.0,3.2173913,2.0,0.0,0.0,0.17391305,0.041666668,4.1585803,0.0,0.0,0.0,0,sms
15.0,3.0,4.3333335,0.0,0.0,0.0,0.0,0.2,3.3346791,0.0,0.0,0.0,0,sms
29.0,5.0,5.0,0.0,0.0,0.0,0.4,0.10344828,4.053661,0.0,0.0,0.0,0,sms
32.0,7.0,3.7142856,0.0,0.0,0.0,0.2857143,0.03125,3.9790978,0.0,0.0,0.0,0,sms
152.0,37.0,3.1351352,0.0,0.0,0.0,0.5135135,0.065789476,4.3852644,0.0,0.0,0.0,0,sms
29.0,4.0,6.5,0.0,0.0,0.0,0.25,0.06896552,3.7962177,0.0,0.0,0.0,0,sms
36.0,7.0,4.285714,0.0,0.0,0.0,0.42857143,0.055555556,3.9898982,0.0,0.0,0.0,0,sms
54.0,10.0,4.5,0.0,0.0,0.0,0.6,0.0,4.054719,0.0,0.0,0.0,0,sms
29.0,5.0,5.0,0.0,0.0,0.0,0.2,0.03448276,3.5932696,0.0,0.0,0.0,0,sms
47.0,11.0,3.3636363,0.0,0.0,0.0,0.45454547,0.08510638,3.9794595,0.0,0.0,0.0,0,sms
172.0,36.0,3.8055556,0.0,0.0,0.0,0.6388889,0.023255814,4.2460012,0.0,0.0,0.0,0,sms
32.0,6.0,4.5,0.0,0.0,0.0,0.33333334,0.1875,3.7821221,0.0,0.0,0.0,0,sms
22.0,4.0,4.75,0.0,0.0,0.0,0.5,0.09090909,3.5766177,0.0,0.0,0.0,0,sms
150.0,28.0,4.392857,16.0,0.0,0.0,0.4642857,0.046666667,4.9392567,0.0,0.0,1.0,1,sms
91.0,18.0,4.111111,0.0,0.0,0.0,0.33333334,0.054945055,4.3527327,0.0,0.0,0.0,0,sms
53.0,10.0,4.4,0.0,0.0,0.0,0.3,0.03773585,4.1806893,0.0,0.0,0.0,0,sms
24.0,4.0,5.25,0.0,0.0,0.0,0.5,0.0,3.3680425,0.0,0.0,0.0,0,sms
121.0,24.0,4.0833335,0.0,0.0,0.0,0.5833333,0.03305785,4.225872,0.0,0.0,0.0,0,sms
36.0,7.0,4.285714,0.0,0.0,0.0,0.42857143,0.027777778,3.6062388,0.0,0.0,0.0,0,sms
212.0,39.0,4.4615383,0.0,0.0,0.0,0.23076923,0.061320756,5.0932803,0.0,0.0,0.0,0,sms
25.0,4.0,5.5,0.0,0.0,0.0,0.25,0.08,3.64125,0.0,0.0,0.0,0,sms
156.0,26.0,5.0384617,5.0,0.0,0.0,0.1923077,0.070512824,4.594961,0.0,0.0,0.0,1,sms
59.0,10.0,5.0,0.0,0.0,0.0,0.5,0.033898305,3.9668868,0.0,0.0,0.0,0,sms
155.0,35.0,3.4571428,0.0,0.0,0.0,0.4857143,0.051612902,4.5685115,0.0,0.0,0.0,0,sms
37.0,6.0,5.3333335,0.0,0.0,0.0,0.0,0.16216215,3.8431392,0.0,0.0,0.0,0,sms
79.0,17.0,3.7058823,0.0,0.0,0.0,0.3529412,0.07594936,4.2407703,0.0,0.0,0.0,0,sms
24.0,6.0,3.1666667,0.0,0.0,0.0,0.33333334,0.041666668,3.5368867,0.0,0.0,0.0,0,sms
50.0,11.0,3.6363637,0.0,0.0,0.0,0.27272728,0.02,4.046439,0.0,0.0,0.0,0,sms
75.0,16.0,3.75,0.0,0.0,0.0,0.4375,0.026666667,4.1290855,0.0,0.0,0.0,0,sms
41.0,10.0,3.2,0.0,0.0,0.0,0.2,0.048780486,4.16391,0.0,0.0,0.0,0,sms
8.0,2.0,3.5,0.0,0.0,0.0,0.0,0.375,1.842371,0.0,0.0,0.0,0,sms
36.0,8.0,3.625,0.0,0.0,0.0,0.5,0.027777778,3.8833375,0.0,0.0,0.0,0,sms
31.0,7.0,3.5714285,0.0,0.0,0.0,0.42857143,0.06451613,3.6234653,0.0,0.0,0.0,0,sms
73.0,15.0,3.9333334,2.0,0.0,0.0,0.26666668,0.01369863,4.1317916,0.0,0.0,0.0,0,sms
127.0,26.0,3.9230769,0.0,0.0,0.0,0.53846157,0.03937008,4.294906,0.0,0.0,0.0,0,sms
14.0,4.0,2.75,0.0,0.0,0.0,0.0,0.071428575,3.4594316,0.0,0.0,0.0,0,sms
97.0,23.0,3.2608695,0.0,0.0,0.0,0.6086956,0.030927835,4.325551,0.0,0.0,0.0,0,sms
73.0,13.0,4.6923075,1.0,0.0,0.0,0.23076923,0.1369863,4.242316,0.0,0.0,0.0,0,sms
92.0,19.0,3.8947368,0.0,0.0,0.0,0.47368422,0.02173913,3.8591514,0.0,0.0,0.0,0,sms
63.0,11.0,4.818182,1.0,0.0,0.0,0.18181819,0.07936508,4.056159,0.0,0.0,0.0,0,sms
58.0,12.0,3.9166667,0.0,0.0,0.0,0.33333334,0.01724138,4.1291904,0.0,0.0,0.0,0,sms
46.0,10.0,3.7,0.0,0.0,0.0,0.3,0.04347826,3.9927087,0.0,0.0,0.0,0,sms
26.0,5.0,4.4,1.0,0.0,0.0,0.0,0.03846154,3.788755,0.0,0.0,0.0,0,sms
143.0,29.0,3.8275862,1.0,0.0,0.0,0.44827586,0.13286713,4.4226007,0.0,0.0,0.0,0,sms
29.0,8.0,2.75,0.0,0.0,0.0,0.875,0.03448276,3.3564925,0.0,0.0,0.0,0,sms
31.0,5.0,5.4,0.0,0.0,0.0,0.0,0.06451613,3.912114,0.0,0.0,0.0,0,sms
156.0,24.0,5.5416665,3.0,0.0,0.0,0.125,0.01923077,4.7210155,0.0,0.0,0.0,0,sms
37.0,8.0,3.75,0.0,0.0,0.0,0.5,0.027027028,3.9232314,0.0,0.0,0.0,0,sms
63.0,11.0,4.818182,0.0,0.0,0.0,0.36363637,0.0952381,4.0271854,0.0,0.0,0.0,0,sms
33.0,4.0,7.5,0.0,0.0,0.0,0.0,0.030303031,3.828073,0.0,0.0,0.0,0,sms
145.0,22.0,5.6363635,28.0,0.0,0.0,0.22727273,0.055172414,5.141421,0.0,0.0,1.0,1,sms
149.0,28.0,4.357143,17.0,0.0,0.0,0.17857143,0.053691275,5.306728,0.0,0.0,1.0,1,sms
104.0,25.0,3.2,1.0,0.0,0.0,0.32,0.028846154,4.1606774,0.0,0.0,0.0,0,sms
58.0,11.0,4.3636365,0.0,0.0,0.0,0.09090909,0.22413793,3.7580752,0.0,0.0,0.0,0,sms
62.0,14.0,3.5,0.0,0.0,0.0,0.5714286,0.06451613,4.3540072,0.0,0.0,0.0,0,sms
184.0,38.0,3.868421,0.0,0.0,0.0,0.5,0.02173913,4.1683373,0.0,0.0,0.0,0,sms
611.0,103.0,4.76699,4.0,0.0,0.0,0.116504855,0.21767594,4.6162314,0.0,0.0,0.0,0,sms
61.0,12.0,4.1666665,0.0,0.0,0.0,0.5,0.04918033,4.1248894,0.0,0.0,0.0,0,sms
62.0,13.0,3.8461537,0.0,0.0,0.0,0.30769232,0.048387095,4.2259793,0.0,0.0,0.0,0,sms
64.0,11.0,4.909091,0.0,0.0,0.0,0.36363637,0.0,3.835119,0.0,0.0,0.0,0,sms
47.0,9.0,4.3333335,1.0,0.0,0.0,0.22222222,0.10638298,4.214263,0.0,0.0,0.0,0,sms
92.0,19.0,3.8421052,0.0,0.0,0.0,0.57894737,0.097826086,4.3672004,0.0,0.0,0.0,0,sms
22.0,4.0,4.75,0.0,0.0,0.0,0.25,0.09090909,3.2813735,0.0,0.0,0.0,0,sms
338.0,69.0,3.884058,1.0,0.0,0.0,0.5362319,0.026627218,4.433259,0.0,0.0,0.0,0,sms
86.0,15.0,4.8,0.0,0.0,0.0,0.6,0.0,3.9291391,0.0,0.0,0.0,0,sms
159.0,32.0,4.0,0.0,0.0,0.0,0.25,0.044025157,4.564235,0.0,0.0,0.0,0,sms
30.0,7.0,3.4285715,1.0,0.0,0.0,0.2857143,0.06666667,3.7201755,0.0,0.0,0.0,0,sms
105.0,25.0,3.24,0.0,0.0,0.0,0.56,0.04761905,4.375249,0.0,0.0,0.0,0,sms
148.0,33.0,3.5151515,1.0,0.0,0.0,0.15151516,0.12837838,4.4209094,0.0,0.0,0.0,0,sms
30.0,5.0,5.2,0.0,0.0,0.0,0.2,0.13333334,3.9021747,0.0,0.0,0.0,0,sms
52.0,10.0,4.3,0.0,0.0,0.0,0.5,0.0,3.992573,0.0,0.0,0.0,0,sms
136.0,20.0,5.85,29.0,0.0,0.0,0.1,0.066176474,5.129144,0.0,0.0,1.0,1,sms
152.0,28.0,4.464286,0.0,0.0,0.0,0.25,0.04605263,4.3492036,0.0,0.0,0.0,0,sms
43.0,8.0,4.5,0.0,0.0,0.0,0.375,0.023255814,3.687034,0.0,0.0,0.0,0,sms
146.0,29.0,4.0689654,9.0,1.0,0.0,0.37931034,0.01369863,4.6334367,0.0,0.0,1.0,1,sms
144.0,23.0,5.304348,24.0,1.0,0.0,0.3043478,0.027777778,5.0705,0.0,0.0,1.0,1,sms
35.0,8.0,3.5,0.0,0.0,0.0,0.375,0.057142857,3.96772,0.0,0.0,0.0,0,sms
47.0,9.0,4.3333335,0.0,0.0,0.0,0.33333334,0.021276595,4.057856,0.0,0.0,0.0,0,sms
25.0,4.0,5.5,0.0,0.0,0.0,0.5,0.08,3.879664,0.0,0.0,0.0,0,sms
127.0,27.0,3.7407408,0.0,0.0,0.0,0.5185185,0.015748031,4.059375,0.0,0.0,0.0,0,sms
25.0,4.0,5.5,0.0,0.0,0.0,0.0,0.16,4.2776136,0.0,0.0,0.0,0,sms
143.0,26.0,4.5,2.0,0.0,0.0,0.53846157,0.034965035,4.4162965,0.0,0.0,0.0,0,sms
128.0,19.0,5.7894735,1.0,0.0,0.0,0.36842105,0.0234375,4.6440635,0.0,0.0,0.0,0,sms
24.0,5.0,4.0,0.0,0.0,0.0,0.6,0.041666668,3.6464393,0.0,0.0,0.0,0,sms
43.0,8.0,4.5,0.0,0.0,0.0,0.375,0.1627907,3.988555,0.0,0.0,0.0,0,sms
99.0,21.0,3.7619047,4.0,0.0,0.0,0.2857143,0.05050505,4.37883,0.0,0.0,0.0,0,sms
152.0,36.0,3.25,0.0,0.0,0.0,0.5555556,0.039473683,4.0312066,0.0,0.0,0.0,0,sms
37.0,8.0,3.75,0.0,0.0,0.0,0.375,0.054054055,3.8947396,0.0,0.0,0.0,0,sms
32.0,7.0,3.7142856,0.0,0.0,0.0,0.42857143,0.03125,3.6902604,0.0,0.0,0.0,0,sms
3.0,1.0,3.0,3.0,0.0,0.0,0.0,0.0,1.5849625,0.0,0.0,0.0,0,sms
153.0,20.0,6.7,13.0,0.0,0.0,0.2,0.08496732,5.0657716,0.0,0.0,0.0,1,sms
28.0,6.0,3.8333333,1.0,0.0,0.0,0.16666667,0.071428575,3.8279097,0.0,0.0,0.0,0,sms
55.0,10.0,4.6,0.0,0.0,0.0,0.2,0.054545455,4.1912966,0.0,0.0,0.0,0,sms
28.0,8.0,2.625,0.0,0.0,0.0,0.625,0.0,3.3680425,0.0,0.0,0.0,0,sms
121.0,25.0,3.88,0.0,0.0,0.0,0.4,0.016528925,4.318835,0.0,0.0,0.0,0,sms
29.0,6.0,4.0,0.0,0.0,0.0,0.33333334,0.03448276,3.9701755,0.0,0.0,0.0,0,sms
115.0,22.0,4.2272725,1.0,1.0,0.0,0.36363637,0.052173913,4.381713,0.0,0.0,0.0,0,sms
39.0,9.0,3.4444444,0.0,0.0,0.0,0.44444445,0.0,3.821312,0.0,0.0,0.0,0,sms
154.0,37.0,3.1891892,0.0,0.0,0.0,0.45945945,0.11038961,4.3409266,0.0,0.0,0.0,0,sms
148.0,24.0,5.2083335,0.0,0.0,0.0,0.375,0.10810811,4.4968853,0.0,0.0,0.0,0,sms
132.0,24.0,4.5416665,12.0,0.0,0.0,0.45833334,0.022727273,4.596475,0.0,0.0,0.0,1,sms
44.0,7.0,5.428571,0.0,0.0,0.0,0.14285715,0.06818182,4.1459723,0.0,0.0,0.0,0,sms
71.0,14.0,4.142857,8.0,0.0,0.0,0.35714287,0.028169014,4.3745484,0.0,0.0,1.0,1,sms
156.0,32.0,3.90625,0.0,0.0,0.0,0.53125,0.03846154,4.395702,0.0,0.0,0.0,0,sms
25.0,6.0,3.3333333,0.0,0.0,0.0,0.5,0.08,3.521928,0.0,0.0,0.0,0,sms
147.0,27.0,4.4814816,23.0,1.0,0.0,0.2962963,0.040816326,5.223264,0.0,0.0,0.0,1,sms
41.0,8.0,4.25,0.0,0.0,0.0,0.375,0.09756097,4.1529207,0.0,0.0,0.0,0,sms
83.0,17.0,3.9411764,0.0,0.0,0.0,0.3529412,0.024096385,4.0762944,0.0,0.0,0.0,0,sms
45.0,11.0,3.1818182,2.0,0.0,0.0,0.36363637,0.06666667,4.0715814,0.0,0.0,0.0,0,sms
73.0,15.0,3.9333334,1.0,0.0,0.0,0.33333334,0.04109589,4.2787585,0.0,0.0,0.0,0,sms
158.0,28.0,4.678571,0.0,0.0,0.0,0.5,0.06329114,4.5065312,0.0,0.0,0.0,0,sms
47.0,10.0,3.8,0.0,0.0,0.0,0.6,0.04255319,4.0304365,0.0,0.0,0.0,0,sms
161.0,23.0,6.0434785,19.0,0.0,0.0,0.08695652,0.055900622,5.3618026,0.0,0.0,1.0,1,sms
159.0,32.0,4.0,0.0,0.0,0.0,0.46875,0.044025157,4.364101,0.0,0.0,0.0,0,sms
165.0,36.0,3.6111112,0.0,0.0,0.0,0.6111111,0.024242423,4.2752476,0.0,0.0,0.0,0,sms
91.0,14.0,5.571429,1.0,1.0,0.0,0.5,0.054945055,4.622497,0.0,0.0,0.0,1,sms
37.0,5.0,6.6,0.0,0.0,0.0,0.0,0.10810811,4.2336397,0.0,0.0,0.0,0,sms
160.0,31.0,4.193548,26.0,0.0,0.0,0.19354838,0.01875,4.9732056,0.0,0.0,1.0,1,sms
41.0,8.0,4.25,0.0,0.0,0.0,0.375,0.07317073,3.630822,0.0,0.0,0.0,0,sms
136.0,32.0,3.25,0.0,0.0,0.0,0.65625,0.05882353,4.2067313,0.0,0.0,0.0,0,sms
24.0,4.0,5.25,0.0,0.0,0.0,0.0,0.0,3.0416255,0.0,0.0,0.0,0,sms
35.0,7.0,4.142857,0.0,0.0,0.0,0.42857143,0.057142857,4.047299,0.0,0.0,0.0,0,sms
25.0,5.0,4.2,0.0,0.0,0.0,0.4,0.08,3.5944657,0.0,0.0,0.0,0,sms
31.0,7.0,3.5714285,1.0,0.0,0.0,0.42857143,0.06451613,3.7336607,0.0,0.0,0.0,0,sms
36.0,7.0,4.285714,0.0,0.0,0.0,0.2857143,0.055555556,3.9362433,0.0,0.0,0.0,0,sms
132.0,28.0,3.75,0.0,0.0,0.0,0.2857143,0.06818182,4.635362,0.0,0.0,0.0,0,sms
156.0,27.0,4.814815,0.0,0.0,0.0,0.25925925,0.08974359,4.6566787,0.0,0.0,0.0,0,sms
30.0,7.0,3.4285715,0.0,0.0,0.0,0.5714286,0.033333335,3.5383203,0.0,0.0,0.0,0,sms
118.0,27.0,3.4074075,0.0,0.0,0.0,0.5925926,0.042372882,4.2344265,0.0,0.0,0.0,0,sms
82.0,17.0,3.8823528,0.0,0.0,0.0,0.3529412,0.1097561,4.0948744,0.0,0.0,0.0,0,sms
123.0,19.0,5.5263157,23.0,1.0,0.0,0.21052632,0.07317073,5.0739694,0.0,0.0,1.0,1,sms
147.0,33.0,3.4545455,0.0,0.0,0.0,0.42424244,0.10204082,4.500911,0.0,0.0,0.0,0,sms
75.0,14.0,4.428571,0.0,0.0,0.0,0.35714287,0.08,4.5869236,0.0,0.0,0.0,0,sms
22.0,7.0,2.2857144,1.0,0.0,0.0,0.42857143,0.045454547,3.625,0.0,0.0,0.0,0,sms
90.0,19.0,3.7894738,0.0,0.0,0.0,0.36842105,0.06666667,4.438964,0.0,0.0,0.0,0,sms
61.0,11.0,4.6363635,0.0,0.0,0.0,0.36363637,0.08196721,4.1690717,0.0,0.0,0.0,0,sms
148.0,22.0,5.7727275,35.0,1.0,0.0,0.27272728,0.04054054,5.2198462,0.0,0.0,1.0,1,sms
28.0,5.0,4.8,0.0,0.0,0.0,0.2,0.10714286,3.8239348,0.0,0.0,0.0,0,sms
42.0,10.0,3.3,0.0,0.0,0.0,0.5,0.04761905,3.9454648,0.0,0.0,0.0,0,sms
75.0,14.0,4.428571,0.0,0.0,0.0,0.5,0.053333335,4.246288,0.0,0.0,0.0,0,sms
160.0,25.0,5.44,19.0,1.0,0.0,0.16,0.00625,5.1921563,0.0,0.0,0.0,1,sms
27.0,6.0,3.6666667,0.0,0.0,0.0,0.5,0.037037037,3.7499025,0.0,0.0,0.0,0,sms
14.0,4.0,2.75,0.0,0.0,0.0,0.25,0.21428572,2.845351,0.0,0.0,0.0,0,sms
129.0,27.0,3.8148148,0.0,0.0,0.0,0.4074074,0.07751938,4.220068,0.0,0.0,0.0,0,sms
73.0,14.0,4.285714,0.0,0.0,0.0,0.5,0.0,3.9233952,0.0,0.0,0.0,0,sms
88.0,19.0,3.6842105,0.0,0.0,0.0,0.57894737,0.011363637,4.2235675,0.0,0.0,0.0,0,sms
27.0,5.0,4.6,0.0,0.0,0.0,0.4,0.14814815,3.7294462,0.0,0.0,0.0,0,sms
75.0,12.0,5.3333335,0.0,0.0,0.0,0.25,0.026666667,4.1847177,0.0,0.0,0.0,0,sms
11.0,2.0,5.0,1.0,0.0,0.0,0.0,0.09090909,3.321928,0.0,0.0,0.0,0,sms
23.0,5.0,3.8,0.0,0.0,0.0,0.4,0.04347826,3.5766177,0.0,0.0,0.0,0,sms
158.0,28.0,4.678571,18.0,1.0,0.0,0.35714287,0.03164557,5.045717,0.0,0.0,0.0,1,sms
73.0,13.0,4.6923075,6.0,0.0,0.0,0.30769232,0.05479452,4.5761604,0.0,0.0,1.0,1,sms
25.0,6.0,3.3333333,0.0,0.0,0.0,0.16666667,0.0,3.5464394,0.0,0.0,0.0,0,sms
81.0,14.0,4.857143,0.0,0.0,0.0,0.42857143,0.061728396,4.382854,0.0,0.0,0.0,0,sms
51.0,11.0,3.6363637,1.0,1.0,0.0,0.36363637,0.11764706,4.03628,0.0,0.0,0.0,0,sms
40.0,9.0,3.5555556,0.0,0.0,0.0,0.5555556,0.025,3.8431392,0.0,0.0,0.0,0,sms
156.0,29.0,4.413793,0.0,0.0,0.0,0.44827586,0.03846154,4.3187995,0.0,0.0,0.0,0,sms
124.0,23.0,4.4347825,0.0,0.0,0.0,0.3478261,0.08064516,4.4925056,0.0,0.0,0.0,0,sms
18.0,4.0,3.75,0.0,0.0,0.0,0.25,0.16666667,3.2729056,0.0,0.0,0.0,0,sms
6.0,2.0,2.5,0.0,0.0,0.0,0.5,0.16666667,2.321928,0.0,0.0,0.0,0,sms
126.0,30.0,3.2333333,1.0,0.0,0.0,0.4,0.015873017,4.189249,0.0,0.0,0.0,0,sms
46.0,9.0,4.2222223,0.0,0.0,0.0,0.44444445,0.0,4.106241,0.0,0.0,0.0,0,sms
30.0,8.0,2.875,1.0,0.0,0.0,0.375,0.0,3.6381476,0.0,0.0,0.0,0,sms
35.0,6.0,5.0,0.0,0.0,0.0,0.16666667,0.028571429,4.0314016,0.0,0.0,0.0,0,sms
174.0,28.0,5.25,21.0,1.0,0.0,0.2857143,0.01724138,4.7535706,0.0,0.0,1.0,1,sms
114.0,16.0,6.1875,18.0,0.0,0.0,0.125,0.06140351,4.6229663,0.0,0.0,1.0,1,sms
32.0,5.0,5.6,0.0,0.0,0.0,0.2,0.0625,3.485228,0.0,0.0,0.0,0,sms
23.0,5.0,3.8,0.0,0.0,0.0,0.2,0.0,3.4713545,0.0,0.0,0.0,0,sms
126.0,25.0,4.08,8.0,1.0,0.0,0.24,0.03968254,5.001898,0.0,0.0,1.0,1,sms
42.0,9.0,3.7777777,0.0,0.0,0.0,0.5555556,0.04761905,4.057476,0.0,0.0,0.0,0,sms
99.0,18.0,4.5555553,0.0,0.0,0.0,0.3888889,0.04040404,4.2880096,0.0,0.0,0.0,0,sms
96.0,20.0,3.85,1.0,0.0,0.0,0.35,0.041666668,4.185347,0.0,0.0,0.0,0,sms
74.0,15.0,3.9333334,0.0,0.0,0.0,0.26666668,0.067567565,4.2062044,0.0,0.0,0.0,0,sms
72.0,12.0,5.0833335,0.0,0.0,0.0,0.33333334,0.125,4.0649414,0.0,0.0,0.0,0,sms
76.0,16.0,3.8125,0.0,0.0,0.0,0.375,0.02631579,4.167757,0.0,0.0,0.0,0,sms
60.0,12.0,4.0833335,0.0,0.0,0.0,0.41666666,0.05,3.855918,0.0,0.0,0.0,0,sms
148.0,27.0,4.5185184,5.0,0.0,0.0,0.4814815,0.027027028,4.297017,0.0,0.0,1.0,1,sms
5.0,1.0,5.0,0.0,0.0,0.0,0.0,0.6,1.3709506,0.0,0.0,0.0,0,sms
31.0,6.0,4.3333335,0.0,0.0,0.0,0.16666667,0.0,3.6902604,0.0,0.0,0.0,0,sms
77.0,15.0,4.2,0.0,0.0,0.0,0.33333334,0.077922076,3.8931494,0.0,0.0,0.0,0,sms
33.0,8.0,3.25,2.0,0.0,0.0,0.5,0.030303031,3.8731406,0.0,0.0,0.0,0,sms
25.0,5.0,4.2,0.0,0.0,0.0,0.2,0.08,3.7489948,0.0,0.0,0.0,0,sms
126.0,20.0,5.35,0.0,0.0,0.0,0.3,0.055555556,4.5778174,0.0,0.0,0.0,0,sms
71.0,15.0,3.8,0.0,0.0,0.0,0.13333334,0.08450704,4.3682594,0.0,0.0,0.0,0,sms
75.0,16.0,3.75,0.0,0.0,0.0,0.4375,0.06666667,4.021346,0.0,0.0,0.0,0,sms
68.0,12.0,4.75,0.0,0.0,0.0,0.5,0.04411765,4.088011,0.0,0.0,0.0,0,sms
144.0,31.0,3.6774194,0.0,0.0,0.0,0.5483871,0.048611112,4.35863,0.0,0.0,0.0,0,sms
59.0,14.0,3.2857144,0.0,0.0,0.0,0.21428572,0.10169491,3.9304268,0.0,0.0,0.0,0,sms
60.0,10.0,5.1,0.0,0.0,0.0,0.3,0.06666667,4.0082927,0.0,0.0,0.0,0,sms
49.0,11.0,3.5454545,0.0,0.0,0.0,0.6363636,0.040816326,4.284901,0.0,0.0,0.0,0,sms
66.0,14.0,3.7857144,0.0,0.0,0.0,0.5,0.015151516,3.9178798,0.0,0.0,0.0,0,sms
145.0,23.0,5.347826,22.0,0.0,0.0,0.13043478,0.04137931,5.2404947,0.0,0.0,0.0,1,sms
24.0,6.0,3.1666667,0.0,0.0,0.0,0.6666667,0.041666668,3.5766177,0.0,0.0,0.0,0,sms
58.0,13.0,3.5384614,0.0,0.0,0.0,0.3846154,0.03448276,4.2924924,0.0,0.0,0.0,0,sms
107.0,20.0,4.4,1.0,0.0,0.0,0.5,0.046728972,4.240144,0.0,0.0,0.0,0,sms
138.0,25.0,4.56,10.0,0.0,0.0,0.16,0.06521739,5.344094,0.0,0.0,1.0,1,sms
53.0,9.0,5.0,0.0,0.0,0.0,0.22222222,0.11320755,4.046974,0.0,0.0,0.0,0,sms
73.0,16.0,3.625,0.0,0.0,0.0,0.25,0.08219178,4.1873975,0.0,0.0,0.0,0,sms
149.0,35.0,3.2857144,1.0,0.0,0.0,0.31428573,0.026845638,4.064546,0.0,0.0,0.0,0,sms
144.0,25.0,4.8,0.0,0.0,0.0,0.32,0.0069444445,4.2251554,0.0,0.0,0.0,0,sms
63.0,10.0,5.3,0.0,0.0,0.0,0.2,0.04761905,4.052562,0.0,0.0,0.0,0,sms
159.0,32.0,4.0,8.0,1.0,0.0,0.125,0.062893085,4.669148,0.0,0.0,0.0,0,sms
39.0,8.0,3.875,1.0,0.0,0.0,0.5,0.15384616,4.1800027,0.0,0.0,0.0,0,sms
67.0,13.0,4.076923,0.0,0.0,0.0,0.53846157,0.08955224,4.2536,0.0,0.0,0.0,0,sms
131.0,26.0,4.076923,2.0,0.0,0.0,0.23076923,0.06870229,4.4334264,0.0,0.0,0.0,0,sms
24.0,5.0,4.0,0.0,0.0,0.0,0.4,0.0,3.121928,0.0,0.0,0.0,0,sms
136.0,22.0,5.2272725,1.0,0.0,0.0,0.45454547,0.04411765,4.300532,0.0,0.0,0.0,0,sms
34.0,8.0,3.375,0.0,0.0,0.0,0.5,0.0,3.736007,0.0,0.0,0.0,0,sms
27.0,5.0,4.4,0.0,0.0,0.0,0.2,0.037037037,3.845351,0.0,0.0,0.0,0,sms
55.0,11.0,4.090909,0.0,0.0,0.0,0.36363637,0.018181818,3.8125725,0.0,0.0,0.0,0,sms
27.0,5.0,4.6,0.0,0.0,0.0,0.4,0.074074075,3.4685767,0.0,0.0,0.0,0,sms
224.0,34.0,5.617647,23.0,1.0,0.0,0.4117647,0.071428575,4.832224,0.0,0.0,1.0,1,sms
39.0,8.0,4.0,0.0,0.0,0.0,0.375,0.07692308,3.8400183,0.0,0.0,0.0,0,sms
36.0,7.0,4.285714,0.0,0.0,0.0,0.71428573,0.0,3.7898982,0.0,0.0,0.0,0,sms
23.0,5.0,3.8,0.0,0.0,0.0,0.4,0.0,3.300559,0.0,0.0,0.0,0,sms
51.0,11.0,3.7272727,0.0,0.0,0.0,0.27272728,0.019607844,4.092325,0.0,0.0,0.0,0,sms
34.0,7.0,4.0,0.0,0.0,0.0,0.14285715,0.14705883,4.0086217,0.0,0.0,0.0,0,sms
34.0,7.0,4.0,0.0,0.0,0.0,0.14285715,0.05882353,3.7979026,0.0,0.0,0.0,0,sms
159.0,27.0,4.9259257,29.0,1.0,0.0,0.25925925,0.018867925,5.192868,0.0,0.0,1.0,1,sms
74.0,15.0,4.0,0.0,0.0,0.0,0.6,0.054054055,4.056031,0.0,0.0,0.0,0,sms
146.0,26.0,4.6538463,1.0,0.0,0.0,0.15384616,0.10273973,4.4237666,0.0,0.0,0.0,0,sms
32.0,8.0,3.125,0.0,0.0,0.0,0.5,0.03125,3.6732697,0.0,0.0,0.0,0,sms
155.0,24.0,5.5,18.0,0.0,0.0,0.45833334,0.012903226,4.6169686,0.0,0.0,0.0,1,sms
160.0,33.0,3.878788,1.0,0.0,0.0,0.33333334,0.03125,4.488234,0.0,0.0,0.0,0,sms
86.0,18.0,3.8333333,0.0,0.0,0.0,0.44444445,0.046511628,4.102108,0.0,0.0,0.0,0,sms
32.0,7.0,3.7142856,0.0,0.0,0.0,0.42857143,0.03125,3.9210296,0.0,0.0,0.0,0,sms
166.0,29.0,4.7586207,0.0,0.0,0.0,0.37931034,0.072289154,4.8164434,0.0,0.0,0.0,0,sms
22.0,6.0,2.8333333,0.0,0.0,0.0,0.33333334,0.0,3.3371754,0.0,0.0,0.0,0,sms
26.0,4.0,5.75,0.0,0.0,0.0,0.0,0.15384616,3.534219,0.0,0.0,0.0,0,sms
92.0,18.0,4.1666665,1.0,0.0,0.0,0.22222222,0.010869565,4.052385,0.0,0.0,0.0,0,sms
37.0,7.0,4.428571,0.0,0.0,0.0,0.2857143,0.0,3.885828,0.0,0.0,0.0,0,sms
46.0,11.0,3.2727273,0.0,0.0,0.0,0.09090909,0.04347826,4.2736845,0.0,0.0,0.0,0,sms
62.0,13.0,3.8461537,0.0,0.0,0.0,0.61538464,0.032258064,4.16637,0.0,0.0,0.0,0,sms
39.0,5.0,7.0,0.0,0.0,0.0,0.2,0.102564104,4.0220003,0.0,0.0,0.0,0,sms
50.0,12.0,3.25,0.0,0.0,0.0,0.41666666,0.02,3.9772086,0.0,0.0,0.0,0,sms
35.0,8.0,3.5,0.0,0.0,0.0,0.0,0.114285715,3.6245186,0.0,0.0,0.0,0,sms
21.0,4.0,4.5,0.0,0.0,0.0,0.5,0.1904762,3.4193819,0.0,0.0,0.0,0,sms
107.0,26.0,3.1538463,1.0,0.0,0.0,0.42307693,0.018691588,4.150347,0.0,0.0,0.0,0,sms
38.0,6.0,5.5,0.0,0.0,0.0,0.0,0.13157895,3.9831955,0.0,0.0,0.0,0,sms
205.0,31.0,5.645161,0.0,0.0,0.0,0.29032257,0.043902438,4.2694116,0.0,0.0,0.0,0,sms
158.0,23.0,5.9130435,0.0,0.0,0.0,0.26086956,0.06329114,4.3400254,0.0,0.0,0.0,0,sms
67.0,13.0,4.230769,0.0,0.0,0.0,0.3846154,0.05970149,4.10429,0.0,0.0,0.0,0,sms
143.0,22.0,5.5454545,23.0,1.0,0.0,0.27272728,0.04895105,5.3299384,0.0,0.0,1.0,1,sms
121.0,20.0,5.1,6.0,1.0,0.0,0.45,0.10743801,4.386696,0.0,0.0,1.0,0,sms
162.0,30.0,4.4333334,16.0,0.0,0.0,0.43333334,0.043209877,5.1254673,0.0,0.0,1.0,1,sms
26.0,7.0,2.857143,0.0,0.0,0.0,0.2857143,0.07692308,3.7841837,0.0,0.0,0.0,0,sms
68.0,14.0,3.9285715,0.0,0.0,0.0,0.5,0.014705882,4.0493894,0.0,0.0,0.0,0,sms
123.0,29.0,3.275862,2.0,0.0,0.0,0.37931034,0.06504065,4.299972,0.0,0.0,0.0,0,sms
61.0,11.0,4.6363635,0.0,0.0,0.0,0.27272728,0.04918033,4.203098,0.0,0.0,0.0,0,sms
33.0,8.0,3.25,0.0,0.0,0.0,0.125,0.09090909,3.9979527,0.0,0.0,0.0,0,sms
156.0,33.0,3.7575758,0.0,0.0,0.0,0.42424244,0.032051284,4.4762564,0.0,0.0,0.0,0,sms
41.0,8.0,4.25,0.0,0.0,0.0,0.5,0.048780486,4.032336,0.0,0.0,0.0,0,sms
50.0,10.0,4.1,1.0,0.0,0.0,0.5,0.12,4.454636,0.0,0.0,0.0,0,sms
41.0,9.0,3.6666667,0.0,0.0,0.0,0.5555556,0.024390243,4.1471324,0.0,0.0,0.0,0,sms
33.0,6.0,4.6666665,11.0,0.0,0.0,0.0,0.030303031,4.1375375,0.0,0.0,1.0,1,sms
154.0,28.0,4.535714,5.0,0.0,0.0,0.10714286,0.051948052,4.656388,0.0,0.0,0.0,1,sms
153.0,30.0,4.133333,8.0,0.0,0.0,0.13333334,0.045751635,4.8227243,0.0,0.0,0.0,0,sms
164.0,28.0,4.892857,19.0,1.0,0.0,0.2857143,0.05487805,4.897767,0.0,0.0,1.0,1,sms
154.0,27.0,4.740741,25.0,0.0,0.0,0.14814815,0.032467533,5.256651,0.0,0.0,0.0,1,sms
22.0,6.0,2.8333333,0.0,0.0,0.0,0.0,0.18181819,3.6901164,0.0,0.0,0.0,0,sms
53.0,10.0,4.4,0.0,0.0,0.0,0.4,0.03773585,4.016615,0.0,0.0,0.0,0,sms
62.0,13.0,3.8461537,0.0,0.0,0.0,0.3846154,0.016129032,3.9970822,0.0,0.0,0.0,0,sms
159.0,32.0,4.0,0.0,0.0,0.0,0.25,0.044025157,4.564235,0.0,0.0,0.0,0,sms
34.0,9.0,2.8888888,0.0,0.0,0.0,0.22222222,0.05882353,3.7962177,0.0,0.0,0.0,0,sms
151.0,29.0,4.2413793,0.0,0.0,0.0,0.4827586,0.059602648,4.6519876,0.0,0.0,0.0,0,sms
26.0,4.0,5.75,0.0,0.0,0.0,0.25,0.23076923,3.7950885,0.0,0.0,0.0,0,sms
27.0,7.0,3.0,0.0,0.0,0.0,0.42857143,0.0,3.4273336,0.0,0.0,0.0,0,sms
52.0,11.0,3.8181818,0.0,0.0,0.0,0.54545456,0.03846154,4.0940003,0.0,0.0,0.0,0,sms
100.0,22.0,3.590909,0.0,0.0,0.0,0.59090906,0.03,4.25633,0.0,0.0,0.0,0,sms
164.0,30.0,4.5,3.0,0.0,0.0,0.3,0.024390243,4.403866,0.0,0.0,0.0,0,sms
132.0,25.0,4.32,5.0,0.0,0.0,0.4,0.07575758,4.710803,0.0,0.0,1.0,1,sms
39.0,8.0,4.0,0.0,0.0,0.0,0.5,0.025641026,4.0542293,0.0,0.0,0.0,0,sms
32.0,7.0,3.7142856,0.0,0.0,0.0,0.42857143,0.0625,4.008132,0.0,0.0,0.0,0,sms
158.0,34.0,3.6764705,0.0,0.0,0.0,0.5294118,0.01898734,4.322657,0.0,0.0,0.0,0,sms
120.0,24.0,4.0416665,0.0,0.0,0.0,0.5416667,0.033333335,4.241553,0.0,0.0,0.0,0,sms
42.0,8.0,4.375,0.0,0.0,0.0,0.5,0.023809524,3.7697456,0.0,0.0,0.0,0,sms
46.0,10.0,3.7,0.0,0.0,0.0,0.3,0.04347826,3.895151,0.0,0.0,0.0,0,sms
44.0,12.0,2.75,0.0,0.0,0.0,0.6666667,0.06818182,3.9831955,0.0,0.0,0.0,0,sms
123.0,21.0,4.8095236,0.0,0.0,0.0,0.42857143,0.08130081,4.4632616,0.0,0.0,0.0,0,sms
24.0,5.0,4.0,0.0,0.0,0.0,0.4,0.0,3.3841836,0.0,0.0,0.0,0,sms
29.0,6.0,4.0,0.0,0.0,0.0,0.16666667,0.13793103,3.938722,0.0,0.0,0.0,0,sms
34.0,8.0,3.375,0.0,0.0,0.0,0.625,0.0882353,4.134336,0.0,0.0,0.0,0,sms
29.0,5.0,4.6,0.0,0.0,0.0,0.4,0.1724138,3.6753109,0.0,0.0,0.0,0,sms
47.0,8.0,5.0,0.0,0.0,0.0,0.25,0.10638298,3.9750705,0.0,0.0,0.0,0,sms
156.0,26.0,5.0,21.0,1.0,0.0,0.26923078,0.0064102565,4.619662,0.0,0.0,1.0,1,sms
47.0,11.0,3.3636363,0.0,0.0,0.0,0.54545456,0.04255319,3.8588002,0.0,0.0,0.0,0,sms
115.0,24.0,3.8333333,0.0,0.0,0.0,0.33333334,0.11304348,4.121913,0.0,0.0,0.0,0,sms
37.0,8.0,3.75,0.0,0.0,0.0,0.625,0.054054055,4.0980687,0.0,0.0,0.0,0,sms
64.0,15.0,3.3333333,0.0,0.0,0.0,0.53333336,0.0625,4.128884,0.0,0.0,0.0,0,sms
83.0,19.0,3.4210527,1.0,0.0,0.0,0.31578946,0.04819277,4.4469275,0.0,0.0,0.0,0,sms
124.0,26.0,3.8076923,3.0,0.0,0.0,0.23076923,0.07258064,4.4186954,0.0,0.0,0.0,0,sms
24.0,5.0,4.0,0.0,0.0,0.0,0.4,0.041666668,3.6464393,0.0,0.0,0.0,0,sms
89.0,23.0,2.9130435,0.0,0.0,0.0,0.5217391,0.011235955,4.2672906,0.0,0.0,0.0,0,sms
67.0,12.0,4.6666665,1.0,0.0,0.0,0.083333336,0.104477614,4.2396684,0.0,0.0,0.0,0,sms
44.0,9.0,4.0,0.0,0.0,0.0,0.44444445,0.045454547,4.0623055,0.0,0.0,0.0,0,sms
33.0,7.0,3.857143,1.0,0.0,0.0,0.42857143,0.09090909,3.986188,0.0,0.0,0.0,0,sms
28.0,6.0,3.8333333,0.0,0.0,0.0,0.5,0.035714287,3.9690015,0.0,0.0,0.0,0,sms
37.0,8.0,3.75,0.0,0.0,0.0,0.125,0.13513513,3.9898982,0.0,0.0,0.0,0,sms
76.0,13.0,4.923077,0.0,0.0,0.0,0.30769232,0.05263158,4.1411266,0.0,0.0,0.0,0,sms
150.0,36.0,3.1944444,0.0,0.0,0.0,0.6388889,0.006666667,4.253335,0.0,0.0,0.0,0,sms
45.0,9.0,4.111111,0.0,0.0,0.0,0.5555556,0.044444446,3.7764926,0.0,0.0,0.0,0,sms
84.0,18.0,3.7222223,0.0,0.0,0.0,0.2777778,0.13095239,4.1441765,0.0,0.0,0.0,0,sms
24.0,6.0,3.1666667,0.0,0.0,0.0,0.16666667,0.0,3.5766177,0.0,0.0,0.0,0,sms
119.0,26.0,3.6153846,0.0,0.0,0.0,0.30769232,0.025210084,3.9802802,0.0,0.0,0.0,0,sms
332.0,64.0,4.1875,0.0,0.0,0.0,0.484375,0.05120482,4.555088,0.0,0.0,0.0,0,sms
80.0,15.0,4.4,0.0,0.0,0.0,0.2,0.05,4.2838364,0.0,0.0,0.0,0,sms
24.0,6.0,3.1666667,0.0,0.0,0.0,0.33333334,0.0,3.5766177,0.0,0.0,0.0,0,sms
151.0,28.0,4.428571,13.0,0.0,0.0,0.2857143,0.026490066,4.6094236,0.0,0.0,1.0,1,sms
34.0,7.0,4.0,0.0,0.0,0.0,0.42857143,0.05882353,3.601125,0.0,0.0,0.0,0,sms
65.0,13.0,4.076923,0.0,0.0,0.0,0.3846154,0.06153846,4.2408876,0.0,0.0,0.0,0,sms
27.0,6.0,3.6666667,0.0,0.0,0.0,0.33333334,0.037037037,3.6069367,0.0,0.0,0.0,0,sms
24.0,5.0,4.0,0.0,0.0,0.0,0.6,0.041666668,3.7464395,0.0,0.0,0.0,0,sms
53.0,11.0,3.909091,0.0,0.0,0.0,0.45454547,0.0,3.8126814,0.0,0.0,0.0,0,sms
28.0,6.0,3.8333333,0.0,0.0,0.0,0.5,0.071428575,3.6381476,0.0,0.0,0.0,0,sms
22.0,5.0,3.6,0.0,0.0,0.0,0.4,0.045454547,3.6143694,0.0,0.0,0.0,0,sms
23.0,4.0,5.0,0.0,0.0,0.0,0.5,0.08695652,3.7219281,0.0,0.0,0.0,0,sms
161.0,30.0,4.4,24.0,0.0,0.0,0.23333333,0.03726708,5.0353055,0.0,0.0,1.0,1,sms
191.0,41.0,3.682927,3.0,0.0,0.0,0.36585367,0.03141361,4.289361,0.0,0.0,0.0,0,sms
75.0,16.0,3.75,0.0,0.0,0.0,0.4375,0.026666667,4.131402,0.0,0.0,0.0,0,sms
23.0,6.0,3.0,0.0,0.0,0.0,0.6666667,0.04347826,3.6143694,0.0,0.0,0.0,0,sms
29.0,4.0,6.5,0.0,0.0,0.0,0.25,0.1724138,4.132944,0.0,0.0,0.0,0,sms
37.0,5.0,6.6,0.0,0.0,0.0,0.2,0.054054055,3.9683404,0.0,0.0,0.0,0,sms
40.0,8.0,4.125,0.0,0.0,0.0,0.375,0.05,3.9195633,0.0,0.0,0.0,0,sms
93.0,22.0,3.2727273,0.0,0.0,0.0,0.3181818,0.11827957,4.264142,0.0,0.0,0.0,0,sms
107.0,22.0,3.909091,0.0,0.0,0.0,0.54545456,0.037383176,4.0716386,0.0,0.0,0.0,0,sms
158.0,22.0,6.2272725,24.0,0.0,0.0,0.18181819,0.056962024,5.0641847,0.0,0.0,0.0,1,sms
52.0,10.0,4.3,0.0,0.0,0.0,0.4,0.01923077,3.8835044,0.0,0.0,0.0,0,sms
71.0,16.0,3.5,2.0,0.0,0.0,0.375,0.04225352,4.2753825,0.0,0.0,0.0,0,sms
54.0,11.0,3.909091,0.0,0.0,0.0,0.18181819,0.09259259,4.2953534,0.0,0.0,0.0,0,sms
51.0,12.0,3.3333333,7.0,0.0,0.0,0.083333336,0.039215688,4.293943,0.0,0.0,0.0,0,sms
154.0,30.0,4.133333,19.0,0.0,0.0,0.33333334,0.045454547,4.862654,0.0,0.0,0.0,1,sms
98.0,20.0,3.95,0.0,0.0,0.0,0.55,0.030612245,4.238483,0.0,0.0,0.0,0,sms
89.0,17.0,4.2941175,0.0,0.0,0.0,0.23529412,0.04494382,4.1579223,0.0,0.0,0.0,0,sms
50.0,9.0,4.6666665,0.0,0.0,0.0,0.44444445,0.08,4.0916224,0.0,0.0,0.0,0,sms
163.0,29.0,4.6551723,0.0,0.0,0.0,0.3448276,0.09202454,5.095547,0.0,0.0,0.0,0,sms
135.0,27.0,4.037037,0.0,0.0,0.0,0.5555556,0.014814815,4.1494713,0.0,0.0,0.0,0,sms
32.0,7.0,3.7142856,0.0,0.0,0.0,0.5714286,0.0625,3.8731406,0.0,0.0,0.0,0,sms
41.0,9.0,3.6666667,0.0,0.0,0.0,0.44444445,0.07317073,4.078506,0.0,0.0,0.0,0,sms
58.0,11.0,4.3636365,0.0,0.0,0.0,0.45454547,0.03448276,4.105055,0.0,0.0,0.0,0,sms
50.0,10.0,4.1,0.0,0.0,0.0,0.3,0.1,3.7289934,0.0,0.0,0.0,0,sms
790.0,162.0,3.882716,0.0,0.0,0.0,0.5493827,0.043037973,4.406439,0.0,0.0,0.0,0,sms
34.0,8.0,3.375,0.0,0.0,0.0,0.625,0.029411765,3.7541635,0.0,0.0,0.0,0,sms
35.0,9.0,3.0,0.0,0.0,0.0,0.5555556,0.0,3.587859,0.0,0.0,0.0,0,sms
100.0,18.0,4.611111,0.0,0.0,0.0,0.5,0.02,4.1064377,0.0,0.0,0.0,0,sms
46.0,12.0,2.9166667,0.0,0.0,0.0,0.33333334,0.06521739,4.229004,0.0,0.0,0.0,0,sms
183.0,36.0,4.111111,0.0,0.0,0.0,0.3888889,0.114754096,4.557624,0.0,0.0,0.0,0,sms
71.0,16.0,3.5,0.0,0.0,0.0,0.4375,0.014084507,3.8602912,0.0,0.0,0.0,0,sms
30.0,7.0,3.4285715,0.0,0.0,0.0,0.5714286,0.0,3.6053886,0.0,0.0,0.0,0,sms
34.0,7.0,4.0,0.0,0.0,0.0,0.5714286,0.0882353,4.2803946,0.0,0.0,0.0,0,sms
75.0,16.0,3.75,1.0,0.0,0.0,0.375,0.013333334,4.063771,0.0,0.0,0.0,0,sms
55.0,13.0,3.3076923,0.0,0.0,0.0,0.3846154,0.018181818,4.0399942,0.0,0.0,0.0,0,sms
117.0,20.0,4.9,8.0,1.0,0.0,0.4,0.008547009,4.451174,0.0,0.0,1.0,1,sms
84.0,19.0,3.4736843,0.0,0.0,0.0,0.5263158,0.011904762,4.132775,0.0,0.0,0.0,1,sms
155.0,25.0,5.24,12.0,0.0,0.0,0.24,0.045161292,5.0782924,0.0,0.0,1.0,1,sms
33.0,8.0,3.25,0.0,0.0,0.0,0.125,0.09090909,3.9979527,0.0,0.0,0.0,0,sms
97.0,21.0,3.6190476,0.0,0.0,0.0,0.47619048,0.05154639,4.258449,0.0,0.0,0.0,0,sms
33.0,8.0,3.25,0.0,0.0,0.0,0.625,0.0,3.7343082,0.0,0.0,0.0,0,sms
132.0,24.0,4.5416665,12.0,0.0,0.0,0.45833334,0.022727273,4.6078978,0.0,0.0,0.0,1,sms
64.0,13.0,4.0,1.0,0.0,0.0,0.46153846,0.03125,4.2197914,0.0,0.0,0.0,0,sms
23.0,4.0,5.0,0.0,0.0,0.0,0.0,0.13043478,3.5464394,0.0,0.0,0.0,0,sms
32.0,7.0,3.7142856,0.0,0.0,0.0,0.42857143,0.09375,4.132944,0.0,0.0,0.0,0,sms
128.0,24.0,4.375,0.0,0.0,0.0,0.5,0.0859375,4.3632555,0.0,0.0,0.0,0,sms
45.0,10.0,3.6,0.0,0.0,0.0,0.4,0.08888889,3.9857807,0.0,0.0,0.0,0,sms
62.0,14.0,3.5,0.0,0.0,0.0,0.5,0.032258064,4.3773794,0.0,0.0,0.0,0,sms
155.0,22.0,6.0454545,20.0,0.0,0.0,0.3181818,0.051612902,5.2380443,0.0,0.0,1.0,1,sms
153.0,23.0,5.695652,24.0,1.0,0.0,0.13043478,0.026143791,5.151882,0.0,0.0,1.0,1,sms
85.0,19.0,3.5263157,0.0,0.0,0.0,0.57894737,0.023529412,4.167096,0.0,0.0,0.0,0,sms
32.0,8.0,3.125,1.0,0.0,0.0,0.25,0.03125,3.4634652,0.0,0.0,0.0,0,sms
89.0,18.0,4.0,0.0,0.0,0.0,0.3888889,0.033707865,4.319114,0.0,0.0,0.0,0,sms
63.0,12.0,4.3333335,0.0,0.0,0.0,0.6666667,0.015873017,3.8187385,0.0,0.0,0.0,0,sms
163.0,28.0,4.857143,29.0,0.0,0.0,0.25,0.030674847,4.805936,0.0,0.0,0.0,1,sms
28.0,6.0,3.8333333,0.0,0.0,0.0,0.16666667,0.0,3.8492239,0.0,0.0,0.0,0,sms
156.0,33.0,3.7575758,7.0,0.0,0.0,0.3030303,0.051282052,5.03478,0.0,0.0,0.0,1,sms
41.0,9.0,3.6666667,0.0,0.0,0.0,0.5555556,0.048780486,4.2565155,0.0,0.0,0.0,0,sms
110.0,24.0,3.625,1.0,0.0,0.0,0.20833333,0.027272727,4.3649645,0.0,0.0,0.0,0,sms
53.0,11.0,3.909091,0.0,0.0,0.0,0.45454547,0.056603774,3.9958048,0.0,0.0,0.0,0,sms
31.0,7.0,3.5714285,1.0,0.0,0.0,0.0,0.032258064,3.9736607,0.0,0.0,0.0,0,sms
27.0,6.0,3.6666667,0.0,0.0,0.0,0.33333334,0.074074075,3.823068,0.0,0.0,0.0,0,sms
79.0,15.0,4.3333335,0.0,0.0,0.0,0.4,0.07594936,4.408616,0.0,0.0,0.0,0,sms
22.0,4.0,4.75,0.0,0.0,0.0,0.25,0.09090909,3.2813735,0.0,0.0,0.0,0,sms
40.0,8.0,4.125,0.0,0.0,0.0,0.25,0.075,4.165014,0.0,0.0,0.0,0,sms
143.0,30.0,3.8,19.0,0.0,0.0,0.3,0.04195804,4.8442907,0.0,0.0,1.0,1,sms
59.0,10.0,4.9,0.0,0.0,0.0,0.1,0.20338982,3.777177,0.0,0.0,0.0,0,sms
54.0,11.0,4.0,0.0,0.0,0.0,0.54545456,0.055555556,3.879664,0.0,0.0,0.0,0,sms
84.0,16.0,4.3125,0.0,0.0,0.0,0.375,0.023809524,4.014039,0.0,0.0,0.0,0,sms
15.0,4.0,3.0,0.0,0.0,0.0,0.0,0.06666667,2.9182959,0.0,0.0,0.0,0,sms
106.0,25.0,3.24,0.0,0.0,0.0,0.32,0.03773585,4.3069954,0.0,0.0,0.0,0,sms
30.0,7.0,3.4285715,0.0,0.0,0.0,0.14285715,0.033333335,3.8553886,0.0,0.0,0.0,0,sms
108.0,22.0,3.8636363,0.0,0.0,0.0,0.36363637,0.074074075,4.290447,0.0,0.0,0.0,0,sms
92.0,17.0,4.470588,1.0,0.0,0.0,0.29411766,0.032608695,4.361084,0.0,0.0,0.0,0,sms
87.0,17.0,4.1764708,0.0,0.0,0.0,0.4117647,0.057471264,4.3587823,0.0,0.0,0.0,0,sms
16.0,4.0,3.0,0.0,0.0,0.0,0.5,0.0625,3.0220551,0.0,0.0,0.0,0,sms
158.0,30.0,4.3,22.0,0.0,0.0,0.16666667,0.01898734,5.1023083,0.0,0.0,1.0,1,sms
51.0,12.0,3.3333333,0.0,0.0,0.0,0.6666667,0.019607844,3.4307096,0.0,0.0,0.0,0,sms
50.0,11.0,3.6363637,0.0,0.0,0.0,0.54545456,0.02,3.7659574,0.0,0.0,0.0,0,sms
63.0,14.0,3.5714285,0.0,0.0,0.0,0.2857143,0.07936508,3.8697917,0.0,0.0,0.0,0,sms
34.0,6.0,4.8333335,0.0,0.0,0.0,0.33333334,0.029411765,3.7159321,0.0,0.0,0.0,0,sms
160.0,40.0,3.025,2.0,0.0,0.0,0.35,0.04375,4.465906,0.0,0.0,0.0,0,sms
29.0,6.0,4.0,0.0,0.0,0.0,0.33333334,0.0,3.7406015,0.0,0.0,0.0,0,sms
41.0,9.0,3.6666667,0.0,0.0,0.0,0.44444445,0.024390243,3.7983513,0.0,0.0,0.0,0,sms
68.0,16.0,3.3125,2.0,0.0,0.0,0.4375,0.1764706,4.250491,0.0,0.0,0.0,0,sms
91.0,18.0,4.111111,1.0,0.0,0.0,0.5,0.032967035,4.212634,0.0,0.0,0.0,0,sms
2.0,1.0,2.0,0.0,0.0,0.0,0.0,0.0,1.0,0.0,0.0,0.0,0,sms
66.0,12.0,4.4166665,0.0,0.0,0.0,0.25,0.10606061,4.343315,0.0,0.0,0.0,0,sms
135.0,26.0,4.230769,0.0,0.0,0.0,0.42307693,0.05185185,4.3807397,0.0,0.0,0.0,0,sms
30.0,6.0,4.1666665,0.0,0.0,0.0,0.33333334,0.033333335,3.9132698,0.0,0.0,0.0,0,sms
145.0,27.0,4.4074073,28.0,1.0,0.0,0.18518518,0.04137931,4.747088,0.0,0.0,1.0,1,sms
142.0,26.0,4.5,25.0,1.0,0.0,0.115384616,0.03521127,4.9907217,0.0,0.0,1.0,1,sms
35.0,7.0,4.142857,0.0,0.0,0.0,0.71428573,0.0,3.6899016,0.0,0.0,0.0,0,sms
35.0,8.0,3.5,0.0,0.0,0.0,0.375,0.14285715,3.8388045,0.0,0.0,0.0,0,sms
25.0,4.0,5.5,0.0,0.0,0.0,0.0,0.0,3.7544417,0.0,0.0,0.0,0,sms
23.0,5.0,3.8,0.0,0.0,0.0,0.2,0.04347826,3.826875,0.0,0.0,0.0,0,sms
32.0,7.0,3.7142856,0.0,0.0,0.0,0.5714286,0.03125,3.7633424,0.0,0.0,0.0,0,sms
76.0,14.0,4.5,0.0,0.0,0.0,0.64285713,0.039473683,4.253417,0.0,0.0,0.0,0,sms
45.0,8.0,4.75,0.0,0.0,0.0,0.25,0.022222223,3.9553113,0.0,0.0,0.0,0,sms
106.0,20.0,4.35,0.0,0.0,0.0,0.55,0.03773585,4.2651114,0.0,0.0,0.0,0,sms
55.0,10.0,4.6,0.0,0.0,0.0,0.5,0.036363635,4.009459,0.0,0.0,0.0,0,sms
160.0,27.0,4.962963,19.0,1.0,0.0,0.2962963,0.0375,4.9230356,0.0,0.0,0.0,1,sms
124.0,25.0,4.0,1.0,0.0,0.0,0.4,0.008064516,4.1807566,0.0,0.0,0.0,0,sms
162.0,23.0,6.0869565,26.0,1.0,0.0,0.13043478,0.074074075,5.170493,0.0,0.0,1.0,1,sms
46.0,8.0,4.875,0.0,0.0,0.0,0.375,0.1521739,4.214263,0.0,0.0,0.0,0,sms
120.0,28.0,3.3214285,1.0,0.0,0.0,0.42857143,0.033333335,4.458544,0.0,0.0,0.0,0,sms
72.0,16.0,3.5625,0.0,0.0,0.0,0.4375,0.055555556,4.2475476,0.0,0.0,0.0,0,sms
57.0,13.0,3.4615386,4.0,0.0,0.0,0.3846154,0.10526316,4.408985,0.0,0.0,0.0,0,sms
54.0,12.0,3.5,0.0,0.0,0.0,0.25,0.0,3.9390898,0.0,0.0,0.0,0,sms
49.0,10.0,4.0,0.0,0.0,0.0,0.4,0.020408163,4.362815,0.0,0.0,0.0,0,sms
51.0,11.0,3.7272727,0.0,0.0,0.0,0.27272728,0.019607844,4.092325,0.0,0.0,0.0,0,sms
29.0,6.0,4.0,1.0,0.0,0.0,0.16666667,0.06896552,3.6053886,0.0,0.0,0.0,0,sms
37.0,8.0,3.75,0.0,0.0,0.0,0.25,0.054054055,3.9647353,0.0,0.0,0.0,0,sms
67.0,12.0,4.6666665,0.0,0.0,0.0,0.33333334,0.11940298,4.1759577,0.0,0.0,0.0,0,sms
41.0,11.0,2.8181818,1.0,0.0,0.0,0.18181819,0.024390243,4.0180817,0.0,0.0,0.0,0,sms
92.0,14.0,5.642857,0.0,0.0,0.0,0.35714287,0.3043478,3.625304,0.0,0.0,0.0,0,sms
30.0,6.0,4.1666665,0.0,0.0,0.0,0.33333334,0.06666667,3.7336607,0.0,0.0,0.0,0,sms
68.0,14.0,3.9285715,0.0,0.0,0.0,0.42857143,0.04411765,4.1925583,0.0,0.0,0.0,0,sms
46.0,8.0,4.875,0.0,0.0,0.0,0.375,0.1521739,4.214263,0.0,0.0,0.0,0,sms
87.0,18.0,3.8888888,1.0,0.0,0.0,0.44444445,0.022988506,4.169148,0.0,0.0,0.0,0,sms
95.0,19.0,4.0526314,0.0,0.0,0.0,0.47368422,0.05263158,4.389031,0.0,0.0,0.0,0,sms
23.0,4.0,5.0,0.0,0.0,0.0,0.25,0.0,3.508695,0.0,0.0,0.0,0,sms
156.0,25.0,5.28,22.0,0.0,0.0,0.28,0.025641026,5.1660194,0.0,0.0,0.0,1,sms
34.0,6.0,4.8333335,0.0,0.0,0.0,0.33333334,0.029411765,4.07333,0.0,0.0,0.0,0,sms
74.0,14.0,4.357143,14.0,0.0,0.0,0.35714287,0.027027028,4.4427347,0.0,0.0,1.0,1,sms
59.0,10.0,5.0,0.0,0.0,0.0,0.3,0.084745765,4.143982,0.0,0.0,0.0,0,sms
158.0,27.0,4.888889,0.0,0.0,0.0,0.22222222,0.10759494,5.130775,0.0,0.0,0.0,0,sms
73.0,14.0,4.214286,0.0,0.0,0.0,0.42857143,0.04109589,4.346284,0.0,0.0,0.0,0,sms
76.0,14.0,4.5,0.0,0.0,0.0,0.5,0.05263158,4.1296034,0.0,0.0,0.0,0,sms
65.0,15.0,3.4,0.0,0.0,0.0,0.46666667,0.03076923,4.0638156,0.0,0.0,0.0,0,sms
58.0,13.0,3.5384614,1.0,0.0,0.0,0.30769232,0.10344828,3.8412993,0.0,0.0,0.0,0,sms
133.0,25.0,4.36,26.0,1.0,0.0,0.28,0.02255639,4.765974,0.0,0.0,1.0,1,sms
14.0,3.0,4.0,0.0,0.0,0.0,0.33333334,0.2857143,3.188722,0.0,0.0,0.0,0,sms
27.0,6.0,3.6666667,0.0,0.0,0.0,0.0,0.074074075,3.9705732,0.0,0.0,0.0,0,sms
143.0,31.0,3.6451614,0.0,0.0,0.0,0.48387095,0.04195804,4.520845,0.0,0.0,0.0,0,sms
53.0,11.0,3.909091,0.0,0.0,0.0,0.45454547,0.018867925,3.9697719,0.0,0.0,0.0,0,sms
52.0,12.0,3.4166667,0.0,0.0,0.0,0.5833333,0.09615385,4.2291455,0.0,0.0,0.0,0,sms
31.0,5.0,5.4,0.0,0.0,0.0,0.2,0.032258064,3.3935955,0.0,0.0,0.0,0,sms
39.0,8.0,4.0,0.0,0.0,0.0,0.5,0.0,3.388006,0.0,0.0,0.0,0,sms
104.0,21.0,4.0,12.0,1.0,0.0,0.33333334,0.01923077,4.8887014,0.0,0.0,1.0,1,sms
83.0,19.0,3.4210527,0.0,0.0,0.0,0.6315789,0.072289154,4.2448015,0.0,0.0,0.0,0,sms
34.0,6.0,4.8333335,0.0,0.0,0.0,0.33333334,0.029411765,3.6864579,0.0,0.0,0.0,0,sms
22.0,4.0,4.75,0.0,0.0,0.0,0.25,0.09090909,3.2813735,0.0,0.0,0.0,0,sms
89.0,15.0,4.9333334,0.0,0.0,0.0,0.26666668,0.08988764,4.172632,0.0,0.0,0.0,0,sms
61.0,14.0,3.4285715,0.0,0.0,0.0,0.5,0.08196721,4.0118423,0.0,0.0,0.0,0,sms
150.0,27.0,4.5555553,0.0,0.0,0.0,0.33333334,0.11333334,4.486334,0.0,0.0,0.0,0,sms
153.0,24.0,5.4166665,24.0,0.0,0.0,0.125,0.03267974,5.119457,0.0,0.0,1.0,1,sms
123.0,29.0,3.275862,1.0,0.0,0.0,0.3448276,0.040650405,4.3522005,0.0,0.0,0.0,0,sms
24.0,4.0,5.25,0.0,0.0,0.0,0.0,0.083333336,3.5585186,0.0,0.0,0.0,0,sms
32.0,3.0,10.0,0.0,0.0,0.0,0.33333334,0.125,3.268182,0.0,0.0,0.0,0,sms
22.0,4.0,4.75,0.0,0.0,0.0,0.25,0.09090909,3.2813735,0.0,0.0,0.0,0,sms
49.0,10.0,4.0,0.0,0.0,0.0,0.5,0.020408163,3.9898229,0.0,0.0,0.0,0,sms
108.0,24.0,3.5416667,0.0,0.0,0.0,0.375,0.0,4.2539043,0.0,0.0,0.0,0,sms
119.0,24.0,4.0,0.0,0.0,0.0,0.5,0.042016808,4.6573706,0.0,0.0,0.0,0,sms
129.0,18.0,6.2222223,20.0,0.0,1.0,0.2777778,0.03875969,4.529137,0.0,0.0,1.0,1,sms
34.0,9.0,2.8888888,0.0,0.0,0.0,0.0,0.0882353,3.7671835,0.0,0.0,0.0,0,sms
38.0,6.0,5.5,0.0,0.0,0.0,0.6666667,0.02631579,3.9454648,0.0,0.0,0.0,0,sms
26.0,6.0,3.5,0.0,0.0,0.0,0.33333334,0.0,3.5585186,0.0,0.0,0.0,0,sms
32.0,8.0,3.125,0.0,0.0,0.0,0.5,0.0,3.749275,0.0,0.0,0.0,0,sms
31.0,7.0,3.5714285,1.0,0.0,0.0,0.2857143,0.032258064,3.9736607,0.0,0.0,0.0,0,sms
117.0,27.0,3.3703704,0.0,0.0,0.0,0.44444445,0.11965812,4.2861657,0.0,0.0,0.0,0,sms
45.0,9.0,4.111111,0.0,0.0,0.0,0.33333334,0.044444446,4.154871,0.0,0.0,0.0,0,sms
55.0,14.0,3.0,2.0,0.0,0.0,0.2857143,0.054545455,4.2728043,0.0,0.0,0.0,0,sms
38.0,7.0,4.571429,0.0,0.0,0.0,0.2857143,0.05263158,3.8400183,0.0,0.0,0.0,0,sms
143.0,28.0,4.142857,0.0,0.0,0.0,0.32142857,0.04895105,4.5009675,0.0,0.0,0.0,1,sms
80.0,13.0,5.230769,0.0,0.0,0.0,0.30769232,0.1125,3.9673011,0.0,0.0,0.0,0,sms
54.0,8.0,5.75,0.0,0.0,0.0,0.375,0.11111111,4.4229274,0.0,0.0,0.0,0,sms
62.0,11.0,4.7272725,0.0,0.0,0.0,0.27272728,0.032258064,4.072955,0.0,0.0,0.0,0,sms
52.0,9.0,4.888889,1.0,0.0,0.0,0.11111111,0.03846154,3.9628754,0.0,0.0,0.0,0,sms
81.0,16.0,4.0,2.0,0.0,0.0,0.5,0.037037037,4.031807,0.0,0.0,0.0,0,sms
36.0,6.0,5.1666665,0.0,0.0,0.0,0.33333334,0.0,3.716631,0.0,0.0,0.0,0,sms
431.0,89.0,3.8539326,0.0,0.0,0.0,0.56179774,0.041763343,4.333866,0.0,0.0,0.0,0,sms
62.0,14.0,3.5,0.0,0.0,0.0,0.2857143,0.14516129,4.006669,0.0,0.0,0.0,0,sms
375.0,68.0,4.5,1.0,0.0,0.0,0.5147059,0.050666668,4.5624757,0.0,0.0,0.0,0,sms
160.0,25.0,5.44,0.0,0.0,0.0,0.32,0.06875,4.5658207,0.0,0.0,0.0,0,sms
120.0,20.0,5.05,19.0,1.0,0.0,0.25,0.025,4.9851937,0.0,0.0,1.0,1,sms
52.0,6.0,7.8333335,0.0,0.0,0.0,0.16666667,0.13461539,3.6441538,0.0,0.0,0.0,0,sms
138.0,34.0,3.0588236,2.0,0.0,0.0,0.5882353,0.014492754,4.2569165,0.0,0.0,0.0,0,sms
42.0,7.0,5.142857,0.0,0.0,0.0,0.42857143,0.04761905,4.051462,0.0,0.0,0.0,0,sms
63.0,14.0,3.5714285,0.0,0.0,0.0,0.5,0.031746034,4.0704355,0.0,0.0,0.0,0,sms
22.0,6.0,2.8333333,0.0,0.0,0.0,0.5,0.0,3.3815806,0.0,0.0,0.0,0,sms
38.0,8.0,3.875,2.0,0.0,0.0,0.25,0.02631579,3.598841,0.0,0.0,0.0,0,sms
50.0,10.0,4.1,1.0,0.0,0.0,0.1,0.06,4.180365,0.0,0.0,0.0,0,sms
83.0,16.0,4.25,0.0,0.0,0.0,0.5,0.04819277,4.3482766,0.0,0.0,0.0,0,sms
158.0,22.0,6.2272725,14.0,1.0,0.0,0.22727273,0.03164557,5.137571,0.0,0.0,1.0,1,sms
84.0,17.0,4.0,0.0,0.0,0.0,0.5294118,0.011904762,4.119721,0.0,0.0,0.0,0,sms
39.0,8.0,4.0,0.0,0.0,0.0,0.5,0.102564104,4.10141,0.0,0.0,0.0,0,sms
76.0,13.0,4.8461537,0.0,0.0,0.0,0.46153846,0.05263158,4.3100486,0.0,0.0,0.0,0,sms
53.0,12.0,3.5,0.0,0.0,0.0,0.41666666,0.018867925,4.05092,0.0,0.0,0.0,0,sms
94.0,20.0,3.75,3.0,0.0,0.0,0.35,0.021276595,4.1568174,0.0,0.0,0.0,0,sms
38.0,8.0,3.875,1.0,0.0,0.0,0.375,0.0,3.704872,0.0,0.0,0.0,0,sms
38.0,7.0,4.571429,0.0,0.0,0.0,0.5714286,0.02631579,4.0778193,0.0,0.0,0.0,0,sms
75.0,17.0,3.4705882,0.0,0.0,0.0,0.3529412,0.04,4.4057713,0.0,0.0,0.0,0,sms
62.0,14.0,3.5,0.0,0.0,0.0,0.14285715,0.16129032,3.997192,0.0,0.0,0.0,0,sms
59.0,12.0,4.0,0.0,0.0,0.0,0.5,0.10169491,4.248734,0.0,0.0,0.0,0,sms
23.0,6.0,3.0,0.0,0.0,0.0,0.16666667,0.0,3.1971598,0.0,0.0,0.0,0,sms
37.0,6.0,5.3333335,0.0,0.0,0.0,0.5,0.0,3.6525183,0.0,0.0,0.0,0,sms
45.0,7.0,5.571429,0.0,0.0,0.0,0.2857143,0.044444446,3.9772086,0.0,0.0,0.0,0,sms
51.0,10.0,4.2,0.0,0.0,0.0,0.5,0.019607844,4.089245,0.0,0.0,0.0,0,sms
24.0,5.0,4.0,0.0,0.0,0.0,0.4,0.0,3.508695,0.0,0.0,0.0,0,sms
43.0,10.0,3.3,0.0,0.0,0.0,0.5,0.023255814,3.8101802,0.0,0.0,0.0,0,sms
123.0,24.0,4.1666665,1.0,0.0,0.0,0.45833334,0.032520324,4.43225,0.0,0.0,0.0,0,sms
43.0,8.0,4.5,0.0,0.0,0.0,0.5,0.0,3.9511943,0.0,0.0,0.0,0,sms
36.0,7.0,4.285714,0.0,0.0,0.0,0.14285715,0.027777778,3.828073,0.0,0.0,0.0,0,sms
46.0,10.0,3.7,1.0,0.0,0.0,0.6,0.02173913,3.951904,0.0,0.0,0.0,0,sms
155.0,26.0,5.0,16.0,0.0,0.0,0.15384616,0.025806451,4.816522,0.0,0.0,0.0,1,sms
35.0,10.0,2.6,0.0,0.0,0.0,0.6,0.057142857,3.9790978,0.0,0.0,0.0,0,sms
59.0,10.0,5.0,0.0,0.0,0.0,0.4,0.118644066,4.0933404,0.0,0.0,0.0,0,sms
32.0,7.0,3.7142856,0.0,0.0,0.0,0.2857143,0.0625,3.7343082,0.0,0.0,0.0,0,sms
50.0,12.0,3.25,0.0,0.0,0.0,0.5,0.04,3.8872144,0.0,0.0,0.0,0,sms
27.0,7.0,3.0,0.0,0.0,0.0,0.5714286,0.0,3.5537632,0.0,0.0,0.0,0,sms
40.0,7.0,4.857143,1.0,0.0,0.0,0.42857143,0.025,4.219528,0.0,0.0,0.0,0,sms
37.0,8.0,3.75,0.0,0.0,0.0,0.5,0.054054055,3.9647353,0.0,0.0,0.0,0,sms
84.0,21.0,3.047619,1.0,0.0,0.0,0.33333334,0.05952381,4.3033895,0.0,0.0,0.0,0,sms
152.0,26.0,4.8846154,21.0,0.0,0.0,0.15384616,0.078947365,5.1898527,0.0,0.0,0.0,1,sms
125.0,30.0,3.2,4.0,0.0,0.0,0.36666667,0.08,4.4142222,0.0,0.0,0.0,0,sms
45.0,12.0,2.8333333,0.0,0.0,0.0,0.41666666,0.06666667,3.7015977,0.0,0.0,0.0,0,sms
32.0,7.0,3.7142856,0.0,0.0,0.0,0.5714286,0.0625,3.8731406,0.0,0.0,0.0,0,sms
52.0,10.0,4.3,0.0,0.0,0.0,0.5,0.03846154,4.1116295,0.0,0.0,0.0,0,sms
39.0,8.0,4.0,0.0,0.0,0.0,0.125,0.07692308,3.7386086,0.0,0.0,0.0,0,sms
32.0,7.0,3.7142856,0.0,0.0,0.0,0.42857143,0.03125,4.132944,0.0,0.0,0.0,0,sms
52.0,11.0,3.8181818,0.0,0.0,0.0,0.45454547,0.03846154,3.9987621,0.0,0.0,0.0,0,sms
40.0,8.0,4.125,0.0,0.0,0.0,0.25,0.05,3.9077342,0.0,0.0,0.0,0,sms
96.0,26.0,2.7307692,0.0,0.0,0.0,0.34615386,0.09375,4.281279,0.0,0.0,0.0,0,sms
31.0,5.0,5.4,0.0,0.0,0.0,0.6,0.032258064,3.708048,0.0,0.0,0.0,0,sms
159.0,26.0,5.1538463,28.0,1.0,0.0,0.34615386,0.11949685,5.2010484,0.0,0.0,0.0,1,sms
276.0,60.0,3.6166666,0.0,0.0,0.0,0.2,0.072463766,4.6117926,0.0,0.0,0.0,0,sms
51.0,10.0,4.2,0.0,0.0,0.0,0.0,0.078431375,4.121268,0.0,0.0,0.0,0,sms
26.0,5.0,4.4,0.0,0.0,0.0,0.4,0.07692308,3.823068,0.0,0.0,0.0,0,sms
36.0,7.0,4.285714,0.0,0.0,0.0,0.42857143,0.027777778,3.7232313,0.0,0.0,0.0,0,sms
99.0,19.0,4.263158,0.0,0.0,0.0,0.36842105,0.02020202,4.1848392,0.0,0.0,0.0,0,sms
162.0,23.0,6.0434785,19.0,0.0,0.0,0.08695652,0.055555556,5.3618026,0.0,0.0,1.0,1,sms
149.0,30.0,4.0,4.0,0.0,0.0,0.4,0.053691275,4.6911206,0.0,0.0,0.0,1,sms
44.0,6.0,6.5,0.0,0.0,0.0,0.16666667,0.09090909,4.252975,0.0,0.0,0.0,0,sms
23.0,4.0,5.0,0.0,0.0,0.0,0.5,0.0,3.821928,0.0,0.0,0.0,0,sms
161.0,28.0,4.785714,23.0,0.0,0.0,0.10714286,0.07453416,5.2312484,0.0,0.0,1.0,1,sms
63.0,12.0,4.3333335,0.0,0.0,0.0,0.083333336,0.14285715,3.9398844,0.0,0.0,0.0,0,sms
60.0,11.0,4.5454545,0.0,0.0,0.0,0.27272728,0.06666667,4.0483675,0.0,0.0,0.0,0,sms
41.0,8.0,4.25,0.0,0.0,0.0,0.375,0.09756097,3.6938136,0.0,0.0,0.0,0,sms
133.0,28.0,3.7857144,4.0,0.0,0.0,0.21428572,0.02255639,4.4133787,0.0,0.0,0.0,0,sms
30.0,3.0,9.333333,5.0,0.0,0.0,0.0,0.06666667,4.1375375,0.0,0.0,1.0,1,sms
27.0,7.0,3.0,0.0,0.0,0.0,0.5714286,0.0,3.4273336,0.0,0.0,0.0,0,sms
42.0,9.0,3.7777777,0.0,0.0,0.0,0.6666667,0.04761905,3.9735126,0.0,0.0,0.0,0,sms
40.0,7.0,4.857143,0.0,0.0,0.0,0.42857143,0.1,4.138502,0.0,0.0,0.0,0,sms
17.0,3.0,5.0,0.0,0.0,0.0,0.33333334,0.23529412,3.189898,0.0,0.0,0.0,0,sms
81.0,15.0,4.4666667,0.0,0.0,0.0,0.46666667,0.061728396,3.9683976,0.0,0.0,0.0,0,sms
38.0,8.0,3.875,0.0,0.0,0.0,0.5,0.02631579,3.7726095,0.0,0.0,0.0,0,sms
48.0,11.0,3.4545455,0.0,0.0,0.0,0.54545456,0.020833334,4.1459723,0.0,0.0,0.0,0,sms
35.0,8.0,3.5,0.0,0.0,0.0,0.5,0.028571429,3.842371,0.0,0.0,0.0,0,sms
13.0,2.0,6.0,0.0,0.0,0.0,0.0,0.07692308,3.251629,0.0,0.0,0.0,0,sms
156.0,28.0,4.607143,16.0,1.0,0.0,0.17857143,0.03846154,5.092004,0.0,0.0,1.0,1,sms
363.0,72.0,4.0555553,0.0,0.0,0.0,0.44444445,0.063360885,4.4644184,0.0,0.0,0.0,0,sms
40.0,7.0,4.857143,0.0,0.0,0.0,0.14285715,0.15,4.020855,0.0,0.0,0.0,0,sms
47.0,9.0,4.3333335,0.0,0.0,0.0,0.44444445,0.021276595,3.8778675,0.0,0.0,0.0,0,sms
154.0,31.0,4.0,0.0,0.0,0.0,0.516129,0.038961038,4.3501277,0.0,0.0,0.0,0,sms
161.0,27.0,5.0,18.0,1.0,0.0,0.11111111,0.049689442,5.238424,0.0,0.0,1.0,1,sms
144.0,20.0,6.25,34.0,0.0,0.0,0.15,0.020833334,5.0573707,0.0,0.0,1.0,1,sms
31.0,6.0,4.3333335,0.0,0.0,0.0,0.33333334,0.06451613,4.132944,0.0,0.0,0.0,0,sms
11.0,2.0,5.0,0.0,0.0,0.0,0.5,0.36363637,2.8464394,0.0,0.0,0.0,0,sms
44.0,10.0,3.5,0.0,0.0,0.0,0.7,0.0,3.8401568,0.0,0.0,0.0,0,sms
88.0,18.0,3.9444444,2.0,0.0,0.0,0.2777778,0.056818184,4.4568343,0.0,0.0,0.0,0,sms
159.0,23.0,5.9565215,16.0,0.0,1.0,0.17391305,0.094339624,5.248351,0.0,0.0,0.0,1,sms
47.0,8.0,5.0,0.0,0.0,0.0,0.0,0.10638298,4.2464395,0.0,0.0,0.0,0,sms
64.0,15.0,3.3333333,3.0,0.0,0.0,0.33333334,0.046875,4.2382426,0.0,0.0,0.0,0,sms
24.0,3.0,7.3333335,0.0,0.0,0.0,0.0,0.0,3.5383105,0.0,0.0,0.0,0,sms
95.0,18.0,4.3333335,0.0,0.0,0.0,0.5555556,0.021052632,3.8050196,0.0,0.0,0.0,0,sms
134.0,25.0,4.4,0.0,0.0,0.0,0.56,0.014925373,4.2931237,0.0,0.0,0.0,0,sms
23.0,6.0,3.0,0.0,0.0,0.0,0.33333334,0.04347826,3.5032582,0.0,0.0,0.0,0,sms
32.0,7.0,3.7142856,0.0,0.0,0.0,0.42857143,0.125,3.7483287,0.0,0.0,0.0,0,sms
175.0,38.0,3.631579,0.0,0.0,0.0,0.5,0.04,4.2708683,0.0,0.0,0.0,0,sms
155.0,26.0,5.0,21.0,1.0,0.0,0.1923077,0.045161292,5.3086762,0.0,0.0,1.0,1,sms
38.0,8.0,3.75,0.0,0.0,0.0,0.375,0.15789473,4.053236,0.0,0.0,0.0,0,sms
35.0,7.0,4.142857,0.0,0.0,0.0,0.5714286,0.0,3.6469667,0.0,0.0,0.0,0,sms
147.0,32.0,3.625,2.0,0.0,0.0,0.3125,0.020408163,4.3369436,0.0,0.0,0.0,0,sms
159.0,28.0,4.714286,23.0,1.0,0.0,0.42857143,0.018867925,4.581888,0.0,0.0,1.0,1,sms
51.0,10.0,4.2,0.0,0.0,0.0,0.5,0.078431375,4.127569,0.0,0.0,0.0,0,sms
161.0,29.0,4.586207,3.0,0.0,0.0,0.13793103,0.04347826,4.8253098,0.0,0.0,0.0,1,sms
107.0,21.0,4.142857,0.0,0.0,0.0,0.47619048,0.028037382,4.255039,0.0,0.0,0.0,0,sms
38.0,8.0,3.875,0.0,0.0,0.0,0.5,0.05263158,3.8700144,0.0,0.0,0.0,0,sms
60.0,11.0,4.5454545,0.0,0.0,0.0,0.18181819,0.06666667,4.1859794,0.0,0.0,0.0,0,sms
160.0,24.0,5.7083335,14.0,1.0,0.0,0.20833333,0.03125,5.1430807,0.0,0.0,1.0,1,sms
37.0,9.0,3.2222223,0.0,0.0,0.0,0.44444445,0.054054055,4.0993605,0.0,0.0,0.0,0,sms
157.0,29.0,4.448276,1.0,0.0,0.0,0.5862069,0.012738854,4.271694,0.0,0.0,0.0,0,sms
185.0,35.0,4.3142858,0.0,0.0,0.0,0.34285715,0.016216217,4.3176193,0.0,0.0,0.0,0,sms
28.0,6.0,3.8333333,0.0,0.0,0.0,0.6666667,0.035714287,3.6753109,0.0,0.0,0.0,0,sms
170.0,27.0,5.3333335,41.0,1.0,0.0,0.33333334,0.04117647,5.105719,0.0,0.0,1.0,1,sms
159.0,26.0,5.1538463,0.0,0.0,0.0,0.30769232,0.06918239,4.5459533,0.0,0.0,0.0,0,sms
79.0,14.0,4.714286,0.0,0.0,0.0,0.21428572,0.03797468,4.252897,0.0,0.0,0.0,0,sms
40.0,8.0,4.125,0.0,0.0,0.0,0.5,0.0,3.5317836,0.0,0.0,0.0,0,sms
113.0,20.0,4.7,0.0,0.0,0.0,0.35,0.053097345,4.364572,0.0,0.0,0.0,0,sms
30.0,7.0,3.4285715,0.0,0.0,0.0,0.5714286,0.06666667,3.8868423,0.0,0.0,0.0,0,sms
42.0,9.0,3.7777777,0.0,0.0,0.0,0.44444445,0.023809524,3.7604213,0.0,0.0,0.0,0,sms
41.0,9.0,3.6666667,0.0,0.0,0.0,0.33333334,0.048780486,3.8619835,0.0,0.0,0.0,0,sms
113.0,17.0,5.7058825,0.0,0.0,0.0,0.47058824,0.061946902,4.211048,0.0,0.0,0.0,0,sms
137.0,22.0,5.2727275,17.0,0.0,0.0,0.22727273,0.05109489,4.9329896,0.0,0.0,0.0,1,sms
382.0,77.0,3.974026,0.0,0.0,0.0,0.46753246,0.028795812,4.3888435,0.0,0.0,0.0,0,sms
87.0,16.0,4.5,0.0,0.0,0.0,0.5,0.022988506,4.0547504,0.0,0.0,0.0,0,sms
49.0,10.0,4.0,0.0,0.0,0.0,0.5,0.06122449,3.9873261,0.0,0.0,0.0,0,sms
27.0,7.0,2.857143,0.0,0.0,0.0,0.2857143,0.037037037,3.2037017,0.0,0.0,0.0,0,sms
28.0,6.0,3.8333333,0.0,0.0,0.0,0.6666667,0.035714287,3.7294462,0.0,0.0,0.0,0,sms
26.0,6.0,3.5,0.0,0.0,0.0,0.33333334,0.03846154,3.88018,0.0,0.0,0.0,0,sms
49.0,10.0,4.0,0.0,0.0,0.0,0.4,0.040816326,3.9159572,0.0,0.0,0.0,0,sms
39.0,9.0,3.4444444,0.0,0.0,0.0,0.6666667,0.025641026,3.7843685,0.0,0.0,0.0,0,sms
38.0,7.0,4.571429,0.0,0.0,0.0,0.2857143,0.05263158,3.9917293,0.0,0.0,0.0,0,sms
31.0,5.0,5.4,0.0,0.0,0.0,0.4,0.0,3.4676695,0.0,0.0,0.0,0,sms
162.0,30.0,4.4,1.0,0.0,0.0,0.36666667,0.030864198,4.53567,0.0,0.0,0.0,0,sms
154.0,29.0,4.3448277,17.0,0.0,0.0,0.20689656,0.045454547,4.944715,0.0,0.0,0.0,1,sms
161.0,29.0,4.586207,3.0,0.0,0.0,0.13793103,0.04347826,4.8253098,0.0,0.0,0.0,1,sms
25.0,5.0,4.2,0.0,0.0,0.0,0.4,0.04,3.4273336,0.0,0.0,0.0,0,sms
154.0,32.0,3.84375,4.0,0.0,0.0,0.4375,0.051948052,4.6168866,0.0,0.0,0.0,0,sms
22.0,6.0,2.8333333,0.0,0.0,0.0,0.6666667,0.0,3.4548223,0.0,0.0,0.0,0,sms
34.0,6.0,4.8333335,0.0,0.0,0.0,0.0,0.0882353,3.6595366,0.0,0.0,0.0,0,sms
45.0,8.0,4.75,0.0,0.0,0.0,0.5,0.06666667,4.2409625,0.0,0.0,0.0,0,sms
70.0,14.0,4.071429,0.0,0.0,0.0,0.5,0.071428575,4.277711,0.0,0.0,0.0,0,sms
77.0,14.0,4.571429,0.0,0.0,0.0,0.35714287,0.0,4.585883,0.0,0.0,0.0,0,sms
32.0,8.0,3.125,0.0,0.0,0.0,0.375,0.0,3.863465,0.0,0.0,0.0,0,sms
50.0,12.0,3.25,1.0,0.0,0.0,0.41666666,0.0,3.8820932,0.0,0.0,0.0,0,sms
30.0,6.0,4.1666665,0.0,0.0,0.0,0.5,0.06666667,3.9736607,0.0,0.0,0.0,0,sms
114.0,23.0,3.9565217,0.0,0.0,0.0,0.39130434,0.03508772,4.365975,0.0,0.0,0.0,0,sms
588.0,125.0,3.712,2.0,0.0,0.0,0.416,0.100340135,4.8919973,0.0,0.0,0.0,0,sms
114.0,21.0,4.4761906,0.0,0.0,0.0,0.3809524,0.02631579,4.177665,0.0,0.0,0.0,0,sms
147.0,29.0,4.1034484,20.0,0.0,0.0,0.13793103,0.027210884,5.09573,0.0,0.0,1.0,1,sms
114.0,22.0,4.2272725,1.0,0.0,0.0,0.45454547,0.03508772,4.211766,0.0,0.0,0.0,0,sms
50.0,9.0,4.6666665,0.0,0.0,0.0,0.44444445,0.02,4.0706563,0.0,0.0,0.0,0,sms
141.0,24.0,4.875,5.0,0.0,0.0,0.20833333,0.12765957,4.675073,0.0,0.0,0.0,0,sms
158.0,35.0,3.5428572,0.0,0.0,0.0,0.51428574,0.01898734,4.261588,0.0,0.0,0.0,0,sms
56.0,9.0,5.3333335,0.0,0.0,0.0,0.33333334,0.035714287,4.308208,0.0,0.0,0.0,0,sms
29.0,6.0,4.0,1.0,0.0,0.0,0.33333334,0.06896552,3.688722,0.0,0.0,0.0,0,sms
39.0,9.0,3.4444444,0.0,0.0,0.0,0.5555556,0.07692308,4.1958165,0.0,0.0,0.0,0,sms
32.0,5.0,5.6,0.0,0.0,0.0,0.2,0.03125,3.9232519,0.0,0.0,0.0,0,sms
37.0,9.0,3.2222223,0.0,0.0,0.0,0.6666667,0.027027028,3.7883413,0.0,0.0,0.0,0,sms
158.0,28.0,4.678571,28.0,1.0,0.0,0.10714286,0.044303797,5.1141715,0.0,0.0,0.0,1,sms
63.0,11.0,4.818182,1.0,0.0,0.0,0.36363637,0.031746034,4.0438,0.0,0.0,0.0,0,sms
29.0,7.0,3.2857144,0.0,0.0,0.0,0.42857143,0.06896552,3.7950885,0.0,0.0,0.0,0,sms
48.0,8.0,5.125,0.0,0.0,0.0,0.125,0.0,3.6403234,0.0,0.0,0.0,0,sms
59.0,12.0,4.0,0.0,0.0,0.0,0.5,0.050847456,4.035368,0.0,0.0,0.0,0,sms
29.0,6.0,4.0,0.0,0.0,0.0,0.6666667,0.03448276,3.501629,0.0,0.0,0.0,0,sms
24.0,5.0,4.0,0.0,0.0,0.0,0.4,0.083333336,3.7464395,0.0,0.0,0.0,0,sms
31.0,7.0,3.5714285,0.0,0.0,0.0,0.2857143,0.06451613,3.6536608,0.0,0.0,0.0,0,sms
37.0,9.0,3.2222223,0.0,0.0,0.0,0.22222222,0.08108108,4.047299,0.0,0.0,0.0,0,sms
193.0,39.0,3.974359,0.0,0.0,0.0,0.51282054,0.020725388,4.4076943,0.0,0.0,0.0,0,sms
45.0,7.0,5.571429,0.0,0.0,0.0,0.42857143,0.13333334,4.2504144,0.0,0.0,0.0,0,sms
154.0,37.0,3.1891892,0.0,0.0,0.0,0.5405405,0.051948052,4.4961367,0.0,0.0,0.0,0,sms
3.0,1.0,3.0,0.0,0.0,0.0,0.0,0.33333334,1.5849625,0.0,0.0,0.0,0,sms
32.0,9.0,2.6666667,0.0,0.0,0.0,0.44444445,0.03125,3.7406015,0.0,0.0,0.0,0,sms
131.0,23.0,4.7391305,0.0,0.0,0.0,0.13043478,0.06870229,4.232556,0.0,0.0,0.0,0,sms
52.0,14.0,2.7857144,0.0,0.0,0.0,0.64285713,0.0,4.0191436,0.0,0.0,0.0,0,sms
142.0,23.0,5.2173915,0.0,0.0,0.0,0.47826087,0.02112676,4.2518926,0.0,0.0,0.0,0,sms
104.0,20.0,4.25,0.0,0.0,0.0,0.7,0.0,4.255843,0.0,0.0,0.0,0,sms
43.0,8.0,4.5,0.0,0.0,0.0,0.125,0.069767445,4.215355,0.0,0.0,0.0,0,sms
152.0,24.0,5.375,20.0,0.0,0.0,0.16666667,0.039473683,4.87624,0.0,0.0,0.0,1,sms
73.0,17.0,3.3529413,2.0,0.0,0.0,0.29411766,0.05479452,4.3692775,0.0,0.0,0.0,0,sms
105.0,22.0,3.7727273,5.0,0.0,0.0,0.27272728,0.057142857,4.527352,0.0,0.0,0.0,0,sms
54.0,10.0,4.5,0.0,0.0,0.0,0.5,0.037037037,4.0891995,0.0,0.0,0.0,0,sms
108.0,18.0,5.0555553,1.0,0.0,0.0,0.33333334,0.055555556,4.324704,0.0,0.0,0.0,0,sms
77.0,18.0,3.3333333,0.0,0.0,0.0,0.5,0.025974026,4.1978016,0.0,0.0,0.0,0,sms
42.0,9.0,3.6666667,0.0,0.0,0.0,0.5555556,0.0,3.8471282,0.0,0.0,0.0,0,sms
132.0,14.0,8.5,0.0,0.0,0.0,0.071428575,0.16666667,4.686378,0.0,0.0,0.0,0,sms
42.0,8.0,4.375,0.0,0.0,0.0,0.5,0.0952381,4.065875,0.0,0.0,0.0,0,sms
22.0,6.0,2.8333333,0.0,0.0,0.0,0.6666667,0.0,3.1018813,0.0,0.0,0.0,0,sms
30.0,8.0,2.875,1.0,0.0,0.0,0.5,0.1,3.8492239,0.0,0.0,0.0,0,sms
38.0,9.0,3.3333333,0.0,0.0,0.0,0.6666667,0.078947365,3.806239,0.0,0.0,0.0,0,sms
54.0,9.0,5.111111,0.0,0.0,0.0,0.5555556,0.18518518,3.9473991,0.0,0.0,0.0,0,sms
56.0,11.0,4.181818,1.0,0.0,0.0,0.36363637,0.10714286,4.838567,0.0,0.0,0.0,0,sms
66.0,12.0,4.5833335,0.0,0.0,0.0,0.33333334,0.045454547,4.2652855,0.0,0.0,0.0,0,sms
65.0,14.0,3.7142856,0.0,0.0,0.0,0.5,0.06153846,4.3225794,0.0,0.0,0.0,0,sms
93.0,17.0,4.529412,0.0,0.0,0.0,0.4117647,0.06451613,4.4023075,0.0,0.0,0.0,0,sms
132.0,29.0,3.586207,0.0,0.0,0.0,0.51724136,0.022727273,4.267526,0.0,0.0,0.0,0,sms
159.0,26.0,5.1538463,30.0,1.0,0.0,0.34615386,0.050314464,5.2170005,0.0,0.0,0.0,1,sms
112.0,21.0,4.3809524,0.0,0.0,0.0,0.3809524,0.017857144,4.258161,0.0,0.0,0.0,0,sms
161.0,23.0,6.0434785,26.0,1.0,0.0,0.13043478,0.08074534,5.180267,0.0,0.0,1.0,1,sms
22.0,4.0,4.5,0.0,0.0,0.0,0.0,0.045454547,3.3921473,0.0,0.0,0.0,0,sms
68.0,13.0,4.3076925,0.0,0.0,0.0,0.46153846,0.014705882,4.023599,0.0,0.0,0.0,0,sms
119.0,27.0,3.4444444,1.0,0.0,0.0,0.37037036,0.025210084,4.115267,0.0,0.0,0.0,0,sms
58.0,12.0,3.9166667,0.0,0.0,0.0,0.5833333,0.03448276,4.0679016,0.0,0.0,0.0,0,sms
60.0,11.0,4.5454545,1.0,0.0,0.0,0.45454547,0.05,4.3630743,0.0,0.0,0.0,0,sms
54.0,13.0,3.2307692,0.0,0.0,0.0,0.30769232,0.074074075,3.8675768,0.0,0.0,0.0,0,sms
45.0,5.0,8.2,0.0,0.0,0.0,0.2,0.17777778,3.793187,0.0,0.0,0.0,0,sms
66.0,15.0,3.4666667,1.0,0.0,0.0,0.2,0.07575758,4.3951645,0.0,0.0,0.0,0,sms
67.0,14.0,3.857143,0.0,0.0,0.0,0.5714286,0.014925373,4.143118,0.0,0.0,0.0,0,sms
77.0,17.0,3.5882354,0.0,0.0,0.0,0.3529412,0.077922076,4.3088408,0.0,0.0,0.0,0,sms
156.0,26.0,5.0384617,24.0,1.0,0.0,0.3846154,0.012820513,4.7563963,0.0,0.0,1.0,1,sms
76.0,14.0,4.5,0.0,0.0,0.0,0.14285715,0.078947365,4.095097,0.0,0.0,0.0,0,sms
77.0,15.0,4.2,0.0,0.0,0.0,0.4,0.0,3.8267872,0.0,0.0,0.0,0,sms
175.0,34.0,4.1764708,0.0,0.0,0.0,0.47058824,0.028571429,4.3518324,0.0,0.0,0.0,0,sms
157.0,25.0,5.32,17.0,1.0,0.0,0.36,0.025477707,4.7496343,0.0,0.0,0.0,1,sms
77.0,15.0,4.2,0.0,0.0,0.0,0.2,0.14285715,4.2245874,0.0,0.0,0.0,0,sms
102.0,20.0,4.15,0.0,0.0,0.0,0.2,0.029411765,4.3828063,0.0,0.0,0.0,0,sms
39.0,9.0,3.4444444,0.0,0.0,0.0,0.5555556,0.051282052,3.6796875,0.0,0.0,0.0,0,sms
32.0,6.0,4.5,0.0,0.0,0.0,0.33333334,0.125,3.7821221,0.0,0.0,0.0,0,sms
30.0,5.0,5.2,0.0,0.0,0.0,0.6,0.0,3.6573853,0.0,0.0,0.0,0,sms
108.0,20.0,4.45,0.0,0.0,0.0,0.35,0.055555556,4.1614614,0.0,0.0,0.0,0,sms
141.0,30.0,3.7333333,0.0,0.0,0.0,0.3,0.07801419,4.390655,0.0,0.0,0.0,0,sms
130.0,28.0,3.6785715,1.0,0.0,0.0,0.25,0.06153846,4.414467,0.0,0.0,0.0,0,sms
58.0,10.0,4.9,0.0,0.0,0.0,0.2,0.05172414,4.0567775,0.0,0.0,0.0,0,sms
28.0,6.0,3.8333333,0.0,0.0,0.0,0.16666667,0.0,3.8492239,0.0,0.0,0.0,0,sms
77.0,14.0,4.571429,0.0,0.0,0.0,0.2857143,0.038961038,4.11169,0.0,0.0,0.0,0,sms
136.0,15.0,8.133333,2.0,0.0,0.0,0.2,0.066176474,4.680148,0.0,0.0,0.0,0,sms
88.0,17.0,4.2352943,0.0,0.0,0.0,0.4117647,0.022727273,4.0821886,0.0,0.0,0.0,0,sms
127.0,25.0,4.12,0.0,0.0,0.0,0.52,0.031496063,4.189926,0.0,0.0,0.0,0,sms
110.0,23.0,3.826087,0.0,0.0,0.0,0.47826087,0.018181818,4.1177163,0.0,0.0,0.0,0,sms
51.0,10.0,4.0,0.0,0.0,0.0,0.4,0.11764706,4.1561985,0.0,0.0,0.0,0,sms
30.0,7.0,3.4285715,0.0,0.0,0.0,0.5714286,0.06666667,3.6845608,0.0,0.0,0.0,0,sms
25.0,4.0,5.5,0.0,0.0,0.0,0.0,0.04,3.6635327,0.0,0.0,0.0,0,sms
96.0,20.0,3.85,1.0,0.0,0.0,0.3,0.083333336,4.3299627,0.0,0.0,0.0,0,sms
64.0,13.0,4.0,0.0,0.0,0.0,0.46153846,0.0625,4.0871644,0.0,0.0,0.0,0,sms
23.0,3.0,7.0,0.0,0.0,0.0,0.33333334,0.04347826,3.6304126,0.0,0.0,0.0,0,sms
70.0,15.0,3.7333333,0.0,0.0,0.0,0.73333335,0.014285714,3.8602912,0.0,0.0,0.0,0,sms
181.0,31.0,4.870968,1.0,0.0,0.0,0.2580645,0.049723756,4.4704947,0.0,0.0,0.0,1,sms
160.0,29.0,4.551724,23.0,1.0,0.0,0.20689656,0.01875,5.3343415,0.0,0.0,0.0,1,sms
31.0,7.0,3.5714285,0.0,0.0,0.0,0.5714286,0.09677419,3.7532697,0.0,0.0,0.0,0,sms
157.0,25.0,5.32,17.0,1.0,0.0,0.36,0.025477707,4.7353473,0.0,0.0,0.0,1,sms
113.0,19.0,5.0,0.0,0.0,0.0,0.47368422,0.017699115,4.1364684,0.0,0.0,0.0,0,sms
110.0,23.0,3.826087,1.0,0.0,0.0,0.3043478,0.054545455,4.112008,0.0,0.0,0.0,0,sms
36.0,9.0,3.1111112,0.0,0.0,0.0,0.22222222,0.027777778,3.8518233,0.0,0.0,0.0,0,sms
28.0,5.0,4.8,0.0,0.0,0.0,0.0,0.035714287,3.938722,0.0,0.0,0.0,0,sms
23.0,5.0,3.8,0.0,0.0,0.0,0.2,0.08695652,3.787144,0.0,0.0,0.0,0,sms
45.0,10.0,3.6,0.0,0.0,0.0,0.6,0.044444446,3.8389208,0.0,0.0,0.0,0,sms
54.0,11.0,4.0,0.0,0.0,0.0,0.54545456,0.018518519,4.0814953,0.0,0.0,0.0,0,sms
39.0,8.0,4.0,0.0,0.0,0.0,0.25,0.025641026,3.7775183,0.0,0.0,0.0,0,sms
154.0,35.0,3.4285715,0.0,0.0,0.0,0.4,0.051948052,4.542716,0.0,0.0,0.0,0,sms
36.0,7.0,4.285714,0.0,0.0,0.0,0.2857143,0.027777778,3.6980686,0.0,0.0,0.0,0,sms
155.0,28.0,4.571429,8.0,0.0,0.0,0.32142857,0.025806451,4.7476873,0.0,0.0,0.0,1,sms
64.0,17.0,2.8235295,1.0,0.0,0.0,0.5294118,0.015625,3.9906015,0.0,0.0,0.0,0,sms
36.0,6.0,4.8333335,0.0,0.0,0.0,0.5,0.1388889,4.0438557,0.0,0.0,0.0,0,sms
160.0,33.0,3.878788,23.0,0.0,0.0,0.24242425,0.01875,4.98491,0.0,0.0,1.0,1,sms
71.0,18.0,3.0,0.0,0.0,0.0,0.44444445,0.056338027,3.9714844,0.0,0.0,0.0,0,sms
51.0,11.0,3.7272727,0.0,0.0,0.0,0.27272728,0.019607844,4.092325,0.0,0.0,0.0,0,sms
122.0,20.0,5.15,15.0,1.0,0.0,0.3,0.04918033,4.9314713,0.0,0.0,1.0,1,sms
17.0,3.0,5.0,0.0,0.0,0.0,0.0,0.23529412,3.2729056,0.0,0.0,0.0,0,sms
33.0,6.0,4.6666665,11.0,0.0,0.0,0.16666667,0.0,3.8518233,0.0,0.0,1.0,1,sms
22.0,6.0,2.8333333,0.0,0.0,0.0,0.6666667,0.0,3.0286393,0.0,0.0,0.0,0,sms
26.0,6.0,3.5,0.0,0.0,0.0,0.33333334,0.03846154,3.6897037,0.0,0.0,0.0,0,sms
144.0,26.0,4.576923,0.0,0.0,0.0,0.46153846,0.013888889,4.0244956,0.0,0.0,0.0,0,sms
63.0,12.0,4.3333335,1.0,0.0,0.0,0.41666666,0.07936508,4.332451,0.0,0.0,0.0,0,sms
22.0,5.0,3.6,0.0,0.0,0.0,0.2,0.045454547,3.5724313,0.0,0.0,0.0,0,sms
89.0,20.0,3.5,0.0,0.0,0.0,0.5,0.02247191,4.25974,0.0,0.0,0.0,0,sms
42.0,9.0,3.7777777,0.0,0.0,0.0,0.6666667,0.04761905,3.939829,0.0,0.0,0.0,0,sms
28.0,5.0,4.8,0.0,0.0,0.0,0.2,0.14285715,3.4182959,0.0,0.0,0.0,0,sms
135.0,26.0,4.230769,0.0,0.0,0.0,0.26923078,0.05925926,4.4726815,0.0,0.0,0.0,0,sms
78.0,10.0,6.9,7.0,1.0,0.0,0.0,0.1923077,4.445218,0.0,0.0,0.0,0,sms
33.0,6.0,4.6666665,0.0,0.0,0.0,0.33333334,0.060606062,3.7673757,0.0,0.0,0.0,0,sms
27.0,6.0,3.6666667,0.0,0.0,0.0,0.16666667,0.074074075,3.879664,0.0,0.0,0.0,0,sms
52.0,11.0,3.8181818,0.0,0.0,0.0,0.36363637,0.057692308,4.0916224,0.0,0.0,0.0,0,sms
29.0,5.0,5.0,0.0,0.0,0.0,0.6,0.0,3.7532697,0.0,0.0,0.0,0,sms
33.0,7.0,3.857143,0.0,0.0,0.0,0.14285715,0.09090909,3.8282375,0.0,0.0,0.0,0,sms
23.0,4.0,5.0,0.0,0.0,0.0,0.0,0.08695652,3.3841836,0.0,0.0,0.0,0,sms
85.0,18.0,3.7777777,0.0,0.0,0.0,0.3888889,0.023529412,4.342341,0.0,0.0,0.0,0,sms
101.0,23.0,3.4347825,0.0,0.0,0.0,0.5652174,0.01980198,4.196911,0.0,0.0,0.0,0,sms
110.0,25.0,3.44,1.0,0.0,0.0,0.52,0.018181818,4.3790083,0.0,0.0,0.0,0,sms
27.0,5.0,4.6,0.0,0.0,0.0,0.4,0.0,3.708132,0.0,0.0,0.0,0,sms
159.0,26.0,5.1538463,15.0,0.0,0.0,0.23076923,0.018867925,4.8345075,0.0,0.0,0.0,1,sms
58.0,14.0,3.2142856,2.0,0.0,0.0,0.21428572,0.05172414,4.0991635,0.0,0.0,0.0,0,sms
44.0,11.0,3.090909,0.0,0.0,0.0,0.72727275,0.0,3.7970421,0.0,0.0,0.0,0,sms
26.0,5.0,4.4,0.0,0.0,0.0,0.2,0.1923077,3.823068,0.0,0.0,0.0,0,sms
91.0,17.0,4.4117646,1.0,0.0,0.0,0.4117647,0.032967035,4.1840444,0.0,0.0,0.0,0,sms
48.0,8.0,5.125,12.0,0.0,0.0,0.25,0.041666668,4.192322,0.0,0.0,0.0,1,sms
125.0,30.0,3.2,0.0,0.0,0.0,0.43333334,0.016,4.258176,0.0,0.0,0.0,0,sms
183.0,30.0,5.133333,22.0,0.0,0.0,0.4,0.032786883,4.839348,0.0,0.0,0.0,1,sms
25.0,5.0,4.2,0.0,0.0,0.0,0.0,0.12,3.916127,0.0,0.0,0.0,0,sms
69.0,13.0,4.3846154,0.0,0.0,0.0,0.46153846,0.014492754,4.1680856,0.0,0.0,0.0,0,sms
160.0,27.0,4.962963,24.0,0.0,0.0,0.11111111,0.075,5.008702,0.0,0.0,0.0,1,sms
72.0,15.0,3.8666666,0.0,0.0,0.0,0.26666668,0.041666668,4.3598113,0.0,0.0,0.0,0,sms
48.0,8.0,5.125,0.0,0.0,0.0,0.0,0.1875,3.90916,0.0,0.0,0.0,0,sms
28.0,8.0,2.625,0.0,0.0,0.0,0.5,0.0,3.5351746,0.0,0.0,0.0,0,sms
66.0,13.0,4.076923,0.0,0.0,0.0,0.3846154,0.09090909,4.2158647,0.0,0.0,0.0,0,sms
127.0,29.0,3.413793,1.0,0.0,0.0,0.31034482,0.015748031,4.6355157,0.0,0.0,0.0,0,sms
62.0,13.0,3.8461537,0.0,0.0,0.0,0.3846154,0.016129032,3.9791503,0.0,0.0,0.0,0,sms
26.0,4.0,5.75,0.0,0.0,0.0,0.25,0.07692308,3.708132,0.0,0.0,0.0,0,sms
147.0,26.0,4.6923075,19.0,1.0,0.0,0.23076923,0.040816326,5.113127,0.0,0.0,1.0,1,sms
162.0,30.0,4.4333334,23.0,1.0,0.0,0.26666668,0.024691358,5.098958,0.0,0.0,1.0,1,sms
78.0,14.0,4.571429,2.0,0.0,0.0,0.2857143,0.03846154,4.162395,0.0,0.0,0.0,0,sms
151.0,28.0,4.392857,16.0,0.0,0.0,0.4642857,0.046357617,4.9392567,0.0,0.0,1.0,1,sms
158.0,26.0,5.1153846,18.0,1.0,0.0,0.30769232,0.056962024,5.03112,0.0,0.0,0.0,1,sms
114.0,15.0,6.6666665,1.0,0.0,0.0,0.2,0.078947365,4.6112723,0.0,0.0,0.0,1,sms
23.0,6.0,3.0,0.0,0.0,0.0,0.6666667,0.04347826,3.3921473,0.0,0.0,0.0,0,sms
85.0,17.0,4.0588236,0.0,0.0,0.0,0.5294118,0.011764706,4.0785084,0.0,0.0,0.0,0,sms
34.0,5.0,6.0,0.0,0.0,0.0,0.2,0.05882353,4.056565,0.0,0.0,0.0,0,sms
41.0,9.0,3.6666667,0.0,0.0,0.0,0.44444445,0.07317073,4.187889,0.0,0.0,0.0,0,sms
134.0,26.0,4.1923075,0.0,0.0,0.0,0.07692308,0.08208955,4.2517586,0.0,0.0,0.0,0,sms
25.0,6.0,3.3333333,0.0,0.0,0.0,0.5,0.08,3.7219281,0.0,0.0,0.0,0,sms
30.0,7.0,3.4285715,0.0,0.0,0.0,0.5714286,0.033333335,3.8868423,0.0,0.0,0.0,0,sms
45.0,9.0,4.111111,0.0,0.0,0.0,0.5555556,0.044444446,4.121219,0.0,0.0,0.0,0,sms
5.0,1.0,5.0,0.0,0.0,0.0,0.0,0.6,1.3709506,0.0,0.0,0.0,0,sms
23.0,5.0,3.8,0.0,0.0,0.0,0.6,0.04347826,4.037401,0.0,0.0,0.0,0,sms
93.0,18.0,4.2222223,0.0,0.0,0.0,0.2777778,0.05376344,4.263375,0.0,0.0,0.0,0,sms
7.0,2.0,3.0,0.0,0.0,0.0,0.0,0.14285715,2.5849626,0.0,0.0,0.0,0,sms
24.0,4.0,5.25,0.0,0.0,0.0,0.0,0.041666668,3.1416192,0.0,0.0,0.0,0,sms
129.0,25.0,4.2,0.0,0.0,0.0,0.28,0.08527132,4.2733917,0.0,0.0,0.0,0,sms
167.0,27.0,5.2222223,28.0,1.0,0.0,0.2962963,0.13173653,5.1916885,0.0,0.0,1.0,1,sms
45.0,8.0,4.75,0.0,0.0,0.0,0.375,0.08888889,4.076103,0.0,0.0,0.0,0,sms
65.0,13.0,4.076923,0.0,0.0,0.0,0.46153846,0.03076923,4.111117,0.0,0.0,0.0,0,sms
48.0,8.0,5.125,0.0,0.0,0.0,0.125,0.104166664,4.22671,0.0,0.0,0.0,0,sms
18.0,5.0,2.8,0.0,0.0,0.0,0.6,0.0,3.2359264,0.0,0.0,0.0,0,sms
24.0,5.0,4.0,0.0,0.0,0.0,0.6,0.041666668,3.7841837,0.0,0.0,0.0,0,sms
33.0,7.0,3.857143,0.0,0.0,0.0,0.5714286,0.0,3.1578722,0.0,0.0,0.0,0,sms
25.0,5.0,4.2,0.0,0.0,0.0,0.4,0.04,3.7256508,0.0,0.0,0.0,0,sms
51.0,12.0,3.3333333,0.0,0.0,0.0,0.6666667,0.0,3.9873261,0.0,0.0,0.0,0,sms
96.0,15.0,5.4666667,0.0,0.0,0.0,0.33333334,0.0625,4.5744667,0.0,0.0,0.0,0,sms
69.0,13.0,4.3846154,0.0,0.0,0.0,0.46153846,0.072463766,4.360112,0.0,0.0,0.0,0,sms
25.0,6.0,3.3333333,0.0,0.0,0.0,0.5,0.04,3.8841836,0.0,0.0,0.0,0,sms
108.0,20.0,4.45,0.0,0.0,0.0,0.45,0.018518519,4.1899796,0.0,1.0,0.0,0,sms
51.0,9.0,4.7777777,0.0,0.0,0.0,0.44444445,0.05882353,4.0015874,0.0,0.0,0.0,0,sms
65.0,14.0,3.7142856,0.0,0.0,0.0,0.5,0.015384615,4.0247583,0.0,0.0,0.0,0,sms
160.0,24.0,5.7083335,16.0,0.0,0.0,0.25,0.0375,4.9569197,0.0,0.0,0.0,1,sms
141.0,24.0,4.875,5.0,0.0,0.0,0.20833333,0.12765957,4.675073,0.0,0.0,0.0,0,sms
7.0,1.0,7.0,0.0,0.0,0.0,0.0,0.42857143,2.1280854,0.0,0.0,0.0,0,sms
41.0,11.0,2.8181818,2.0,0.0,0.0,0.45454547,0.048780486,3.845663,0.0,0.0,0.0,0,sms
67.0,12.0,4.5833335,0.0,0.0,0.0,0.16666667,0.07462686,4.2942605,0.0,0.0,0.0,0,sms
30.0,6.0,4.1666665,0.0,0.0,0.0,0.5,0.033333335,3.6536608,0.0,0.0,0.0,0,sms
37.0,4.0,8.5,0.0,0.0,0.0,0.25,0.0,3.704535,0.0,0.0,0.0,0,sms
47.0,10.0,3.8,0.0,0.0,0.0,0.4,0.04255319,3.968212,0.0,0.0,0.0,0,sms
36.0,9.0,3.1111112,0.0,0.0,0.0,0.7777778,0.0,3.842371,0.0,0.0,0.0,0,sms
120.0,24.0,4.0,12.0,1.0,0.0,0.20833333,0.025,4.615973,0.0,0.0,1.0,1,sms
29.0,6.0,4.0,0.0,0.0,0.0,0.5,0.06896552,3.8035088,0.0,0.0,0.0,0,sms
82.0,13.0,5.3846154,11.0,0.0,0.0,0.3846154,0.0121951215,4.503744,0.0,0.0,0.0,1,sms
36.0,7.0,4.0,0.0,0.0,0.0,0.42857143,0.16666667,3.9232519,0.0,0.0,0.0,0,sms
281.0,62.0,3.548387,0.0,0.0,0.0,0.43548387,0.053380784,4.619136,0.0,0.0,0.0,0,sms
27.0,4.0,6.0,0.0,0.0,0.0,0.0,0.11111111,3.7406015,0.0,0.0,0.0,0,sms
52.0,9.0,4.888889,0.0,0.0,0.0,0.44444445,0.01923077,4.070354,0.0,0.0,0.0,0,sms
66.0,12.0,4.5833335,0.0,0.0,0.0,0.5,0.015151516,4.019782,0.0,0.0,0.0,0,sms
149.0,28.0,4.357143,18.0,0.0,0.0,0.2857143,0.020134227,4.8428283,0.0,0.0,1.0,1,sms
121.0,24.0,4.0833335,0.0,0.0,0.0,0.375,0.041322313,4.276207,0.0,0.0,0.0,0,sms
56.0,12.0,3.75,0.0,0.0,0.0,0.41666666,0.071428575,4.1554317,0.0,0.0,0.0,0,sms
92.0,19.0,3.8947368,1.0,0.0,0.0,0.5263158,0.032608695,4.312107,0.0,0.0,0.0,0,sms
162.0,30.0,4.4333334,8.0,1.0,0.0,0.33333334,0.024691358,4.840686,0.0,0.0,1.0,1,sms
66.0,15.0,3.4666667,0.0,0.0,0.0,0.46666667,0.0,3.6727102,0.0,0.0,0.0,0,sms
43.0,9.0,3.8888888,0.0,0.0,0.0,0.33333334,0.023255814,3.9084527,0.0,0.0,0.0,0,sms
158.0,32.0,3.96875,21.0,0.0,0.0,0.15625,0.01898734,4.967832,0.0,0.0,0.0,1,sms
127.0,24.0,4.3333335,4.0,0.0,0.0,0.16666667,0.047244094,4.395588,0.0,0.0,0.0,0,sms
43.0,11.0,3.0,1.0,0.0,0.0,0.36363637,0.023255814,3.8619835,0.0,0.0,0.0,0,sms
450.0,96.0,3.6979167,4.0,0.0,0.0,0.28125,0.055555556,4.7414026,0.0,0.0,0.0,0,sms
102.0,24.0,3.25,0.0,0.0,0.0,0.33333334,0.05882353,4.257622,0.0,0.0,0.0,0,sms
88.0,15.0,4.9333334,0.0,0.0,0.0,0.26666668,0.056818184,4.2886567,0.0,0.0,0.0,0,sms
103.0,20.0,4.2,1.0,0.0,0.0,0.45,0.058252428,4.465359,0.0,0.0,0.0,0,sms
158.0,28.0,4.678571,17.0,1.0,0.0,0.35714287,0.025316456,5.1197114,0.0,0.0,1.0,1,sms
24.0,5.0,4.0,0.0,0.0,0.0,0.2,0.125,3.508695,0.0,0.0,0.0,0,sms
95.0,20.0,3.8,3.0,0.0,0.0,0.15,0.042105265,4.767068,0.0,0.0,0.0,0,sms
74.0,18.0,3.1666667,1.0,0.0,0.0,0.3888889,0.04054054,4.12876,0.0,0.0,0.0,0,sms
109.0,22.0,4.0,8.0,0.0,0.0,0.4090909,0.04587156,4.7584023,0.0,0.0,1.0,1,sms
158.0,28.0,4.607143,0.0,0.0,0.0,0.42857143,0.06329114,4.4332824,0.0,0.0,0.0,0,sms
482.0,98.0,3.9183674,0.0,1.0,0.0,0.52040815,0.031120332,4.4102397,0.0,0.0,0.0,0,sms
53.0,14.0,2.857143,1.0,0.0,0.0,0.64285713,0.03773585,4.0964394,0.0,0.0,0.0,0,sms
121.0,27.0,3.5185184,0.0,0.0,0.0,0.2962963,0.08264463,4.5036035,0.0,0.0,0.0,0,sms
31.0,6.0,4.3333335,0.0,0.0,0.0,0.5,0.0,3.7962177,0.0,0.0,0.0,0,sms
22.0,4.0,4.75,0.0,0.0,0.0,0.5,0.045454547,3.5766177,0.0,0.0,0.0,0,sms
22.0,4.0,4.75,0.0,0.0,0.0,0.25,0.09090909,3.2813735,0.0,0.0,0.0,0,sms
161.0,27.0,5.0,17.0,0.0,0.0,0.4074074,0.01863354,4.7480774,0.0,0.0,0.0,1,sms
38.0,4.0,8.75,0.0,0.0,0.0,0.25,0.13157895,3.832595,0.0,0.0,0.0,0,sms
22.0,4.0,4.75,0.0,0.0,0.0,0.25,0.045454547,3.4263675,0.0,0.0,0.0,0,sms
91.0,13.0,6.076923,0.0,0.0,0.0,0.0,0.07692308,4.711089,0.0,0.0,0.0,0,sms
66.0,13.0,4.1538463,0.0,0.0,0.0,0.30769232,0.10606061,4.4839764,0.0,0.0,0.0,0,sms
191.0,37.0,4.1621623,0.0,0.0,0.0,0.4864865,0.036649216,4.1881742,0.0,0.0,0.0,0,sms
27.0,7.0,3.0,0.0,0.0,0.0,0.2857143,0.037037037,3.7256508,0.0,0.0,0.0,0,sms
67.0,14.0,3.857143,0.0,0.0,0.0,0.35714287,0.04477612,4.2386966,0.0,0.0,0.0,0,sms
104.0,20.0,4.2,0.0,0.0,0.0,0.35,0.048076924,4.3909707,0.0,0.0,0.0,0,sms
96.0,21.0,3.6190476,0.0,0.0,0.0,0.3809524,0.104166664,4.405097,0.0,0.0,0.0,0,sms
38.0,9.0,3.3333333,0.0,0.0,0.0,0.33333334,0.21052632,3.5559132,0.0,0.0,0.0,0,sms
40.0,7.0,4.857143,0.0,0.0,0.0,0.2857143,0.1,3.7777767,0.0,0.0,0.0,0,sms
25.0,5.0,4.2,0.0,0.0,0.0,0.4,0.12,3.7489948,0.0,0.0,0.0,0,sms
24.0,5.0,4.0,0.0,0.0,0.0,0.0,0.041666668,3.3841836,0.0,0.0,0.0,0,sms
26.0,5.0,4.4,0.0,0.0,0.0,0.2,0.26923078,3.3908055,0.0,0.0,0.0,0,sms
39.0,9.0,3.4444444,0.0,0.0,0.0,0.5555556,0.07692308,4.1958165,0.0,0.0,0.0,0,sms
152.0,33.0,3.6363637,2.0,0.0,0.0,0.3030303,0.04605263,4.776433,0.0,0.0,0.0,1,sms
54.0,11.0,4.0,0.0,0.0,0.0,0.09090909,0.16666667,3.8593493,0.0,0.0,0.0,0,sms
73.0,13.0,4.6923075,0.0,0.0,0.0,0.30769232,0.01369863,4.279865,0.0,0.0,0.0,0,sms
80.0,19.0,3.2105262,2.0,0.0,0.0,0.57894737,0.0125,4.3132243,0.0,0.0,0.0,0,sms
21.0,3.0,6.3333335,0.0,0.0,0.0,0.33333334,0.1904762,3.4316235,0.0,0.0,0.0,0,sms
53.0,10.0,4.4,0.0,0.0,0.0,0.3,0.094339624,4.1863403,0.0,0.0,0.0,0,sms
444.0,71.0,5.2394366,11.0,0.0,0.0,0.26760563,0.0945946,5.047461,0.0,0.0,0.0,0,sms
41.0,9.0,3.6666667,0.0,0.0,0.0,0.7777778,0.0,3.5063672,0.0,0.0,0.0,0,sms
99.0,22.0,3.5454545,0.0,0.0,0.0,0.27272728,0.05050505,4.305162,0.0,0.0,0.0,0,sms
34.0,7.0,4.0,1.0,0.0,0.0,0.0,0.29411766,3.5741646,0.0,0.0,0.0,0,sms
27.0,6.0,3.6666667,0.0,0.0,0.0,0.33333334,0.037037037,3.7544417,0.0,0.0,0.0,0,sms
158.0,28.0,4.678571,16.0,0.0,0.0,0.35714287,0.08227848,5.1392164,0.0,0.0,1.0,1,sms
116.0,23.0,4.0869565,0.0,0.0,0.0,0.3478261,0.03448276,4.351696,0.0,0.0,0.0,0,sms
24.0,6.0,3.1666667,0.0,0.0,0.0,0.6666667,0.041666668,3.5368867,0.0,0.0,0.0,0,sms
75.0,13.0,4.8461537,0.0,0.0,0.0,0.23076923,0.08,4.0196223,0.0,0.0,0.0,0,sms
47.0,11.0,3.3636363,0.0,0.0,0.0,0.45454547,0.04255319,3.9801576,0.0,0.0,0.0,0,sms
81.0,18.0,3.5,0.0,0.0,0.0,0.11111111,0.11111111,3.886699,0.0,0.0,0.0,0,sms
115.0,11.0,9.545455,0.0,0.0,0.0,0.27272728,0.060869563,4.3775673,0.0,0.0,0.0,0,sms
152.0,22.0,5.9545455,18.0,0.0,1.0,0.18181819,0.019736841,5.1315246,0.0,0.0,0.0,1,sms
52.0,9.0,4.888889,0.0,0.0,0.0,0.11111111,0.115384616,4.1097937,0.0,0.0,0.0,0,sms
83.0,18.0,3.6111112,1.0,0.0,0.0,0.5,0.09638554,4.2410183,0.0,0.0,0.0,0,sms
41.0,9.0,3.6666667,0.0,0.0,0.0,0.33333334,0.024390243,3.4711776,0.0,0.0,0.0,0,sms
22.0,5.0,3.6,0.0,0.0,0.0,0.6,0.13636364,3.4613202,0.0,0.0,0.0,0,sms
46.0,10.0,3.7,0.0,0.0,0.0,0.4,0.06521739,4.154871,0.0,0.0,0.0,0,sms
57.0,12.0,3.8333333,0.0,0.0,0.0,0.16666667,0.1754386,4.1185794,0.0,0.0,0.0,0,sms
158.0,27.0,4.888889,23.0,1.0,0.0,0.37037036,0.03797468,4.955126,0.0,0.0,1.0,1,sms
45.0,10.0,3.4,0.0,0.0,0.0,0.6,0.11111111,4.1529207,0.0,0.0,0.0,0,sms
67.0,13.0,4.230769,0.0,0.0,0.0,0.3846154,0.05970149,4.094325,0.0,0.0,0.0,0,sms
152.0,30.0,4.1,2.0,0.0,0.0,0.5,0.04605263,4.7782383,0.0,0.0,0.0,1,sms
26.0,5.0,4.4,0.0,0.0,0.0,0.6,0.0,3.5726237,0.0,0.0,0.0,0,sms
100.0,18.0,4.611111,0.0,0.0,0.0,0.33333334,0.06,4.4083824,0.0,0.0,0.0,0,sms
53.0,10.0,4.4,0.0,0.0,0.0,0.1,0.13207547,3.9409602,0.0,0.0,0.0,0,sms
632.0,109.0,4.715596,1.0,0.0,0.0,0.33027524,0.087025315,4.797649,0.0,0.0,0.0,0,sms
235.0,46.0,4.130435,1.0,0.0,0.0,0.41304347,0.038297873,4.36719,0.0,0.0,0.0,0,sms
26.0,7.0,2.857143,0.0,0.0,0.0,0.14285715,0.115384616,3.308695,0.0,0.0,0.0,0,sms
114.0,24.0,3.7916667,1.0,0.0,0.0,0.5,0.0,4.121451,0.0,0.0,0.0,0,sms
122.0,18.0,5.8333335,23.0,1.0,0.0,0.16666667,0.09016393,5.092797,0.0,0.0,1.0,1,sms
45.0,11.0,3.090909,1.0,0.0,0.0,0.27272728,0.08888889,4.1162996,0.0,0.0,0.0,0,sms
78.0,15.0,4.266667,4.0,0.0,0.0,0.46666667,0.051282052,4.2383585,0.0,0.0,0.0,0,sms
51.0,11.0,3.7272727,0.0,0.0,0.0,0.54545456,0.05882353,4.076349,0.0,0.0,0.0,0,sms
82.0,17.0,3.8235295,0.0,0.0,0.0,0.4117647,0.024390243,4.333284,0.0,0.0,0.0,0,sms
28.0,6.0,3.8333333,0.0,0.0,0.0,0.6666667,0.0,3.8492239,0.0,0.0,0.0,0,sms
85.0,13.0,5.5384617,0.0,0.0,0.0,0.23076923,0.07058824,4.1264157,0.0,0.0,0.0,0,sms
46.0,10.0,3.7,0.0,0.0,0.0,0.4,0.06521739,4.0236616,0.0,0.0,0.0,0,sms
183.0,35.0,4.257143,0.0,0.0,0.0,0.51428574,0.038251366,4.286803,0.0,0.0,0.0,0,sms
22.0,4.0,4.75,0.0,0.0,0.0,0.25,0.09090909,3.2813735,0.0,0.0,0.0,0,sms
109.0,24.0,3.5833333,0.0,0.0,0.0,0.083333336,0.119266056,4.3495154,0.0,0.0,0.0,0,sms
28.0,7.0,3.142857,0.0,0.0,0.0,0.14285715,0.25,4.004886,0.0,0.0,0.0,0,sms
25.0,5.0,4.2,0.0,0.0,0.0,0.4,0.04,3.6490011,0.0,0.0,0.0,0,sms
23.0,4.0,5.0,0.0,0.0,0.0,0.25,0.13043478,3.8841836,0.0,0.0,0.0,0,sms
74.0,14.0,4.357143,0.0,0.0,0.0,0.21428572,0.054054055,4.2109036,0.0,0.0,0.0,0,sms
50.0,11.0,3.6363637,0.0,0.0,0.0,0.54545456,0.08,4.393943,0.0,0.0,0.0,0,sms
28.0,5.0,4.8,0.0,0.0,0.0,0.4,0.071428575,3.9701755,0.0,0.0,0.0,0,sms
44.0,11.0,3.090909,2.0,0.0,0.0,0.09090909,0.045454547,4.208807,0.0,0.0,0.0,0,sms
88.0,18.0,3.9444444,0.0,0.0,0.0,0.5,0.045454547,4.1364007,0.0,0.0,0.0,0,sms
25.0,5.0,4.2,0.0,0.0,0.0,0.0,0.08,3.6304126,0.0,0.0,0.0,0,sms
29.0,5.0,5.0,0.0,0.0,0.0,0.4,0.13793103,3.7034652,0.0,0.0,0.0,0,sms
39.0,9.0,3.4444444,0.0,0.0,0.0,0.6666667,0.07692308,3.8488846,0.0,0.0,0.0,0,sms
46.0,9.0,4.2222223,0.0,0.0,0.0,0.22222222,0.04347826,4.0465727,0.0,0.0,0.0,0,sms
64.0,13.0,4.0,0.0,0.0,0.0,0.46153846,0.046875,3.8034165,0.0,0.0,0.0,0,sms
15.0,2.0,7.0,0.0,0.0,0.0,0.0,0.2,3.324863,0.0,0.0,0.0,0,sms
126.0,20.0,5.35,0.0,0.0,0.0,0.1,0.06349207,4.08113,0.0,0.0,0.0,0,sms
105.0,22.0,3.8181818,0.0,0.0,0.0,0.22727273,0.15238096,4.621352,0.0,0.0,0.0,0,sms
49.0,10.0,4.0,0.0,0.0,0.0,0.6,0.06122449,4.1275673,0.0,0.0,0.0,0,sms
30.0,7.0,3.4285715,0.0,0.0,0.0,0.42857143,0.1,3.6572683,0.0,0.0,0.0,0,sms
23.0,4.0,5.0,0.0,0.0,0.0,0.5,0.17391305,3.621928,0.0,0.0,0.0,0,sms
84.0,16.0,4.3125,0.0,0.0,0.0,0.5,0.023809524,4.3035197,0.0,0.0,0.0,0,sms
67.0,14.0,3.857143,0.0,0.0,0.0,0.42857143,0.04477612,4.1011796,0.0,0.0,0.0,0,sms
14.0,5.0,2.0,0.0,0.0,0.0,0.6,0.071428575,2.9219282,0.0,0.0,0.0,0,sms
68.0,14.0,3.9285715,3.0,0.0,0.0,0.35714287,0.13235295,3.8556614,0.0,0.0,0.0,0,sms
37.0,7.0,4.428571,0.0,0.0,0.0,0.2857143,0.054054055,3.897587,0.0,0.0,0.0,0,sms
161.0,27.0,5.0,18.0,1.0,0.0,0.11111111,0.049689442,5.238424,0.0,0.0,1.0,1,sms
26.0,6.0,3.5,0.0,0.0,0.0,0.0,0.07692308,4.0706563,0.0,0.0,0.0,0,sms
84.0,15.0,4.5333333,0.0,0.0,0.0,0.26666668,0.0952381,4.3081436,0.0,0.0,0.0,0,sms
29.0,8.0,2.75,0.0,0.0,0.0,0.625,0.0,3.5503407,0.0,0.0,0.0,0,sms
22.0,7.0,2.2857144,0.0,0.0,0.0,0.2857143,0.0,3.0,0.0,0.0,0.0,0,sms
201.0,39.0,4.179487,0.0,0.0,0.0,0.51282054,0.04477612,4.4612327,0.0,0.0,0.0,0,sms
137.0,31.0,3.451613,0.0,0.0,0.0,0.67741936,0.02919708,4.2370725,0.0,0.0,0.0,0,sms
116.0,22.0,4.318182,4.0,0.0,0.0,0.27272728,0.01724138,4.730948,0.0,0.0,1.0,1,sms
168.0,27.0,5.259259,26.0,1.0,0.0,0.11111111,0.041666668,5.1644278,0.0,0.0,0.0,1,sms
33.0,5.0,5.8,0.0,0.0,0.0,0.4,0.21212122,3.7623107,0.0,0.0,0.0,0,sms
101.0,19.0,4.368421,0.0,0.0,0.0,0.57894737,0.03960396,4.3578925,0.0,0.0,0.0,0,sms
45.0,9.0,4.111111,0.0,0.0,0.0,0.22222222,0.0,3.8074453,0.0,0.0,0.0,0,sms
124.0,28.0,3.4642856,0.0,0.0,0.0,0.64285713,0.024193548,4.306999,0.0,0.0,0.0,0,sms
84.0,16.0,4.3125,0.0,0.0,0.0,0.25,0.04761905,4.102675,0.0,0.0,0.0,0,sms
42.0,9.0,3.7777777,0.0,0.0,0.0,0.44444445,0.0,3.9590943,0.0,0.0,0.0,0,sms
78.0,18.0,3.3888888,0.0,0.0,0.0,0.33333334,0.03846154,4.080442,0.0,0.0,0.0,0,sms
70.0,15.0,3.7333333,0.0,0.0,0.0,0.26666668,0.028571429,4.2112107,0.0,0.0,0.0,0,sms
121.0,24.0,4.0833335,1.0,0.0,0.0,0.5,0.05785124,4.6325474,0.0,0.0,0.0,0,sms
81.0,16.0,4.125,0.0,0.0,0.0,0.25,0.086419754,4.1836367,0.0,0.0,0.0,0,sms
42.0,6.0,6.1666665,0.0,0.0,0.0,0.16666667,0.071428575,4.0633354,0.0,0.0,0.0,0,sms
245.0,45.0,4.4666667,0.0,0.0,0.0,0.5777778,0.024489796,4.518247,0.0,0.0,0.0,0,sms
66.0,12.0,4.5833335,0.0,0.0,0.0,0.41666666,0.0,3.7031095,0.0,0.0,0.0,0,sms
139.0,29.0,3.8275862,0.0,0.0,0.0,0.55172414,0.01438849,4.232266,0.0,0.0,0.0,0,sms
150.0,24.0,5.2916665,24.0,1.0,0.0,0.29166666,0.026666667,4.974131,0.0,0.0,0.0,1,sms
167.0,19.0,7.6842103,0.0,0.0,0.0,0.10526316,0.09580839,4.826673,0.0,0.0,0.0,0,sms
51.0,12.0,3.3333333,0.0,0.0,0.0,0.5833333,0.05882353,3.8561983,0.0,0.0,0.0,0,sms
55.0,11.0,3.909091,1.0,0.0,0.0,0.54545456,0.12727273,4.2687197,0.0,0.0,0.0,0,sms
31.0,6.0,4.3333335,0.0,0.0,0.0,0.16666667,0.16129032,3.9500637,0.0,0.0,0.0,0,sms
36.0,7.0,4.285714,0.0,0.0,0.0,0.42857143,0.0,3.9068906,0.0,0.0,0.0,0,sms
28.0,5.0,4.8,0.0,0.0,0.0,0.4,0.14285715,3.4031072,0.0,0.0,0.0,0,sms
306.0,62.0,3.951613,0.0,0.0,0.0,0.46774194,0.04901961,4.507887,0.0,0.0,0.0,0,sms
202.0,40.0,4.075,0.0,0.0,0.0,0.625,0.00990099,4.1917768,0.0,0.0,0.0,0,sms
160.0,34.0,3.735294,0.0,0.0,0.0,0.5,0.0625,4.408438,0.0,0.0,0.0,0,sms
36.0,6.0,5.1666665,0.0,0.0,0.0,0.33333334,0.083333336,3.716631,0.0,0.0,0.0,0,sms
20.0,4.0,4.25,0.0,0.0,0.0,0.25,0.05,3.6168747,0.0,0.0,0.0,0,sms
6.0,1.0,6.0,0.0,0.0,0.0,0.0,0.5,1.7924813,0.0,0.0,0.0,0,sms
5.0,1.0,5.0,0.0,0.0,0.0,0.0,0.6,1.3709506,0.0,0.0,0.0,0,sms
150.0,32.0,3.71875,5.0,0.0,0.0,0.125,0.06666667,4.648302,0.0,0.0,0.0,0,sms
74.0,13.0,4.769231,0.0,0.0,0.0,0.3846154,0.10810811,4.3834853,0.0,0.0,0.0,0,sms
19.0,4.0,4.0,0.0,0.0,0.0,0.0,0.10526316,3.3278196,0.0,0.0,0.0,0,sms
153.0,31.0,3.967742,1.0,0.0,0.0,0.38709676,0.045751635,4.4003615,0.0,0.0,0.0,0,sms
158.0,32.0,3.96875,17.0,0.0,0.0,0.34375,0.03164557,5.0536194,0.0,0.0,1.0,1,sms
45.0,8.0,4.5,0.0,0.0,0.0,0.375,0.11111111,4.495907,0.0,0.0,0.0,0,sms
54.0,11.0,4.0,0.0,0.0,0.0,0.54545456,0.037037037,4.2067175,0.0,0.0,0.0,0,sms
22.0,4.0,4.75,0.0,0.0,0.0,0.25,0.18181819,3.787144,0.0,0.0,0.0,0,sms
22.0,4.0,4.75,0.0,0.0,0.0,0.25,0.09090909,3.2813735,0.0,0.0,0.0,0,sms
67.0,13.0,4.230769,0.0,0.0,0.0,0.3846154,0.05970149,4.10429,0.0,0.0,0.0,0,sms
42.0,11.0,2.909091,0.0,0.0,0.0,0.18181819,0.071428575,4.0778193,0.0,0.0,0.0,0,sms
179.0,33.0,4.4545455,0.0,0.0,0.0,0.54545456,0.022346368,4.3623767,0.0,0.0,0.0,0,sms
22.0,4.0,4.75,0.0,0.0,0.0,0.25,0.09090909,3.2813735,0.0,0.0,0.0,0,sms
82.0,20.0,3.15,1.0,0.0,0.0,0.3,0.09756097,4.219055,0.0,0.0,0.0,0,sms
22.0,4.0,4.75,0.0,0.0,0.0,0.25,0.09090909,3.2813735,0.0,0.0,0.0,0,sms
100.0,18.0,4.611111,10.0,1.0,0.0,0.2777778,0.05,4.8835883,0.0,0.0,1.0,1,sms
163.0,29.0,4.6551723,0.0,0.0,0.0,0.3448276,0.09202454,5.095547,0.0,0.0,0.0,0,sms
46.0,10.0,3.7,2.0,0.0,0.0,0.3,0.02173913,3.9888787,0.0,0.0,0.0,0,sms
158.0,35.0,3.5428572,0.0,0.0,0.0,0.4857143,0.044303797,4.4049773,0.0,0.0,0.0,0,sms
32.0,6.0,4.3333335,0.0,0.0,0.0,0.33333334,0.1875,3.9500637,0.0,0.0,0.0,0,sms
71.0,16.0,3.5,0.0,0.0,0.0,0.625,0.028169014,4.123073,0.0,0.0,0.0,0,sms
34.0,7.0,4.0,0.0,0.0,0.0,0.42857143,0.029411765,3.6959472,0.0,0.0,0.0,0,sms
104.0,17.0,5.1764708,0.0,0.0,0.0,0.47058824,0.01923077,4.2346516,0.0,0.0,0.0,0,sms
9.0,2.0,4.0,0.0,0.0,0.0,0.0,0.33333334,2.4056392,0.0,0.0,0.0,0,sms
95.0,20.0,3.8,2.0,0.0,0.0,0.45,0.042105265,4.2404284,0.0,0.0,0.0,0,sms
29.0,8.0,2.75,0.0,0.0,0.0,0.25,0.06896552,3.732159,0.0,0.0,0.0,0,sms
155.0,29.0,4.37931,0.0,0.0,0.0,0.44827586,0.032258064,4.3780427,0.0,0.0,0.0,0,sms
24.0,6.0,3.1666667,0.0,0.0,0.0,0.8333333,0.0,3.5368867,0.0,0.0,0.0,0,sms
41.0,10.0,3.2,0.0,0.0,0.0,0.4,0.09756097,4.0778193,0.0,0.0,0.0,0,sms
106.0,18.0,4.9444447,1.0,0.0,0.0,0.5,0.009433962,4.0757833,0.0,0.0,0.0,0,sms
32.0,4.0,7.25,0.0,0.0,0.0,0.0,0.09375,4.0303946,0.0,0.0,0.0,0,sms
112.0,22.0,4.1363635,2.0,0.0,0.0,0.45454547,0.026785715,4.291982,0.0,0.0,0.0,0,sms
47.0,11.0,3.3636363,0.0,0.0,0.0,0.45454547,0.08510638,4.0165086,0.0,0.0,0.0,0,sms
28.0,6.0,3.8333333,0.0,0.0,0.0,0.0,0.071428575,3.8279097,0.0,0.0,0.0,0,sms
30.0,5.0,5.2,0.0,0.0,0.0,0.4,0.0,3.6714056,0.0,0.0,0.0,0,sms
289.0,54.0,4.3703704,4.0,0.0,0.0,0.2962963,0.065743946,4.8745055,0.0,0.0,0.0,0,sms
80.0,17.0,3.764706,0.0,0.0,0.0,0.5882353,0.0,3.835883,0.0,0.0,0.0,0,sms
70.0,11.0,5.4545455,0.0,0.0,0.0,0.45454547,0.042857144,4.0933905,0.0,0.0,0.0,0,sms
101.0,11.0,8.272727,15.0,0.0,0.0,0.27272728,0.0990099,4.434371,0.0,0.0,0.0,1,sms
122.0,24.0,4.125,0.0,0.0,0.0,0.5,0.016393442,4.286628,0.0,0.0,0.0,0,sms
59.0,12.0,4.0,0.0,0.0,0.0,0.33333334,0.050847456,4.287782,0.0,0.0,0.0,0,sms
58.0,10.0,4.9,0.0,0.0,0.0,0.2,0.13793103,4.0983067,0.0,0.0,0.0,0,sms
21.0,5.0,3.4,0.0,0.0,0.0,0.2,0.1904762,3.6901164,0.0,0.0,0.0,0,sms
27.0,6.0,3.6666667,0.0,0.0,0.0,0.5,0.074074075,3.823068,0.0,0.0,0.0,0,sms
35.0,8.0,3.5,0.0,0.0,0.0,0.375,0.028571429,3.7709424,0.0,0.0,0.0,0,sms
31.0,7.0,3.5714285,2.0,0.0,0.0,0.2857143,0.12903225,4.053661,0.0,0.0,0.0,0,sms
156.0,24.0,5.5416665,19.0,0.0,0.0,0.29166666,0.051282052,5.445866,0.0,0.0,0.0,1,sms
66.0,14.0,3.7857144,0.0,0.0,0.0,0.35714287,0.07575758,4.1970634,0.0,0.0,0.0,0,sms
70.0,15.0,3.7333333,0.0,0.0,0.0,0.6666667,0.014285714,4.1529765,0.0,0.0,0.0,1,sms
65.0,12.0,4.5,0.0,0.0,0.0,0.41666666,0.015384615,4.140841,0.0,0.0,0.0,0,sms
95.0,22.0,3.3636363,1.0,0.0,0.0,0.22727273,0.07368421,4.278239,0.0,0.0,0.0,0,sms
32.0,6.0,4.5,0.0,0.0,0.0,0.5,0.03125,3.708048,0.0,0.0,0.0,0,sms
23.0,4.0,5.0,0.0,0.0,0.0,0.5,0.0,3.4219282,0.0,0.0,0.0,0,sms
36.0,8.0,3.625,1.0,0.0,0.0,0.375,0.083333336,3.8664331,0.0,0.0,0.0,0,sms
55.0,8.0,6.0,0.0,0.0,0.0,0.375,0.14545454,4.3294487,0.0,0.0,0.0,0,sms
140.0,29.0,3.862069,1.0,0.0,0.0,0.62068963,0.07857143,4.0150256,0.0,0.0,0.0,0,sms
144.0,31.0,3.6774194,0.0,0.0,0.0,0.5483871,0.048611112,4.391359,0.0,0.0,0.0,0,sms
30.0,8.0,2.875,0.0,0.0,0.0,0.75,0.033333335,3.708132,0.0,0.0,0.0,0,sms
28.0,6.0,3.8333333,0.0,0.0,0.0,0.33333334,0.0,3.4472625,0.0,0.0,0.0,0,sms
83.0,18.0,3.6666667,0.0,0.0,0.0,0.5555556,0.04819277,4.192682,0.0,0.0,0.0,0,sms
40.0,6.0,5.8333335,0.0,0.0,0.0,0.0,0.025,3.7370243,0.0,0.0,0.0,0,sms
32.0,8.0,3.125,2.0,0.0,0.0,0.5,0.03125,3.7336607,0.0,0.0,0.0,0,sms
61.0,11.0,4.6363635,0.0,0.0,0.0,0.27272728,0.04918033,4.367929,0.0,0.0,0.0,0,sms
116.0,24.0,3.875,0.0,0.0,0.0,0.5416667,0.00862069,4.087618,0.0,0.0,0.0,0,sms
160.0,26.0,5.1923075,21.0,0.0,0.0,0.0,0.05625,4.9603925,0.0,0.0,0.0,1,sms
153.0,30.0,4.133333,3.0,0.0,0.0,0.4,0.013071896,4.7160125,0.0,0.0,0.0,1,sms
36.0,7.0,4.285714,0.0,0.0,0.0,0.42857143,0.027777778,3.7232313,0.0,0.0,0.0,0,sms
36.0,9.0,3.1111112,1.0,0.0,0.0,0.22222222,0.055555556,4.110577,0.0,0.0,0.0,0,sms
37.0,7.0,4.428571,0.0,0.0,0.0,0.14285715,0.054054055,4.1069493,0.0,0.0,0.0,0,sms
54.0,10.0,4.5,1.0,0.0,0.0,0.4,0.037037037,3.6883304,0.0,0.0,0.0,0,sms
46.0,8.0,4.875,0.0,0.0,0.0,0.25,0.13043478,3.8846538,0.0,0.0,0.0,0,sms
134.0,25.0,4.4,17.0,1.0,0.0,0.36,0.014925373,4.8291583,0.0,0.0,1.0,1,sms
65.0,11.0,5.0,0.0,0.0,0.0,0.54545456,0.046153847,4.1080503,0.0,0.0,0.0,0,sms
131.0,27.0,3.8888888,13.0,1.0,0.0,0.25925925,0.045801528,5.101956,0.0,0.0,1.0,1,sms
37.0,7.0,4.428571,1.0,0.0,0.0,0.42857143,0.054054055,3.950344,0.0,0.0,0.0,0,sms
39.0,10.0,3.0,0.0,0.0,0.0,0.0,0.025641026,2.8892465,0.0,0.0,0.0,0,sms
44.0,9.0,4.0,0.0,0.0,0.0,0.6666667,0.0,3.8774438,0.0,0.0,0.0,0,sms
82.0,15.0,4.5333333,0.0,0.0,0.0,0.33333334,0.024390243,4.0694413,0.0,0.0,0.0,0,sms
23.0,6.0,3.0,0.0,0.0,0.0,0.5,0.04347826,3.6835423,0.0,0.0,0.0,0,sms
155.0,27.0,4.7777777,0.0,0.0,0.0,0.4074074,0.038709678,4.287827,0.0,0.0,0.0,0,sms
153.0,25.0,5.16,11.0,0.0,0.0,0.36,0.05882353,5.01676,0.0,0.0,1.0,1,sms
153.0,32.0,3.8125,1.0,0.0,0.0,0.4375,0.039215688,4.4513035,0.0,0.0,0.0,0,sms
44.0,8.0,4.625,0.0,0.0,0.0,0.25,0.06818182,4.162024,0.0,0.0,0.0,0,sms
117.0,25.0,3.72,0.0,1.0,0.0,0.48,0.102564104,4.5474567,0.0,0.0,0.0,0,sms
55.0,12.0,3.6666667,1.0,0.0,0.0,0.25,0.054545455,3.9002643,0.0,0.0,0.0,0,sms
126.0,26.0,3.8846154,0.0,0.0,0.0,0.46153846,0.031746034,4.020114,0.0,0.0,0.0,0,sms
137.0,26.0,4.3076925,8.0,1.0,0.0,0.1923077,0.03649635,5.0009284,0.0,0.0,1.0,1,sms
109.0,25.0,3.4,0.0,0.0,0.0,0.52,0.10091743,4.1120954,0.0,0.0,0.0,0,sms
65.0,13.0,4.076923,0.0,0.0,0.0,0.30769232,0.13846155,4.0148263,0.0,0.0,0.0,0,sms
16.0,2.0,7.5,0.0,0.0,0.0,0.0,0.375,2.8729055,0.0,0.0,0.0,0,sms
50.0,11.0,3.6363637,0.0,0.0,0.0,0.36363637,0.06,3.9250705,0.0,0.0,0.0,0,sms
46.0,7.0,5.714286,0.0,0.0,0.0,0.2857143,0.19565217,4.3153114,0.0,0.0,0.0,0,sms
4.0,1.0,4.0,0.0,0.0,0.0,0.0,0.0,2.0,0.0,0.0,0.0,0,sms
35.0,7.0,4.0,0.0,0.0,0.0,0.42857143,0.0,3.8154106,0.0,0.0,0.0,0,sms
99.0,18.0,4.5555553,4.0,0.0,0.0,0.5555556,0.07070707,4.2963123,0.0,0.0,0.0,0,sms
57.0,13.0,3.4615386,0.0,0.0,0.0,0.3846154,0.0,3.99221,0.0,0.0,0.0,0,sms
136.0,28.0,3.892857,2.0,0.0,0.0,0.2857143,0.066176474,4.489369,0.0,0.0,0.0,0,sms
56.0,15.0,2.8,1.0,0.0,0.0,0.4,0.035714287,4.0906262,0.0,0.0,0.0,0,sms
62.0,12.0,4.25,0.0,0.0,0.0,0.33333334,0.11290322,4.380772,0.0,0.0,0.0,0,sms
25.0,6.0,3.3333333,0.0,0.0,0.0,0.5,0.04,3.5464394,0.0,0.0,0.0,0,sms
38.0,6.0,5.5,0.0,0.0,0.0,0.5,0.05263158,3.7865222,0.0,0.0,0.0,0,sms
46.0,7.0,5.714286,0.0,0.0,0.0,0.2857143,0.19565217,4.3153114,0.0,0.0,0.0,0,sms
156.0,28.0,4.607143,15.0,1.0,0.0,0.25,0.03846154,4.724373,0.0,0.0,1.0,1,sms
32.0,6.0,4.5,0.0,0.0,0.0,0.33333334,0.1875,4.088221,0.0,0.0,0.0,0,sms
49.0,7.0,6.142857,0.0,0.0,0.0,0.2857143,0.040816326,4.1069846,0.0,0.0,0.0,0,sms
243.0,52.0,3.6923077,0.0,0.0,0.0,0.5769231,0.028806584,4.3079667,0.0,0.0,0.0,0,sms
42.0,8.0,4.125,2.0,0.0,0.0,0.25,0.16666667,4.0518217,0.0,0.0,0.0,0,sms
41.0,11.0,2.8181818,0.0,0.0,0.0,0.45454547,0.024390243,3.6638737,0.0,0.0,0.0,0,sms
51.0,11.0,3.7272727,0.0,0.0,0.0,0.27272728,0.019607844,4.092325,0.0,0.0,0.0,0,sms
81.0,11.0,6.4545455,7.0,1.0,0.0,0.18181819,0.13580246,4.589268,0.0,0.0,0.0,0,sms
173.0,27.0,5.4444447,24.0,0.0,0.0,0.37037036,0.03468208,4.918764,0.0,0.0,0.0,1,sms
9.0,2.0,4.0,0.0,0.0,0.0,0.5,0.11111111,2.75,0.0,0.0,0.0,0,sms
136.0,28.0,3.892857,0.0,0.0,0.0,0.39285713,0.04411765,4.4120073,0.0,0.0,0.0,0,sms
9.0,2.0,4.0,0.0,0.0,0.0,0.0,0.33333334,2.4056392,0.0,0.0,0.0,0,sms
25.0,5.0,4.2,1.0,0.0,0.0,0.2,0.08,3.6537566,0.0,0.0,0.0,0,sms
27.0,5.0,4.4,0.0,0.0,0.0,0.4,0.25925925,3.788755,0.0,0.0,0.0,0,sms
109.0,18.0,5.111111,21.0,1.0,0.0,0.2777778,0.08256881,5.124994,0.0,0.0,1.0,1,sms
45.0,7.0,5.571429,0.0,0.0,0.0,0.42857143,0.044444446,3.9527311,0.0,0.0,0.0,0,sms
115.0,21.0,4.5238094,0.0,0.0,0.0,0.6666667,0.026086956,4.151248,0.0,0.0,0.0,0,sms
65.0,12.0,4.5,0.0,0.0,0.0,0.41666666,0.15384616,3.790129,0.0,0.0,0.0,0,sms
139.0,34.0,3.1176472,1.0,0.0,0.0,0.32352942,0.05035971,4.532987,0.0,0.0,0.0,0,sms
28.0,6.0,3.8333333,0.0,0.0,0.0,0.33333334,0.071428575,4.175736,0.0,0.0,0.0,0,sms
154.0,26.0,4.9615383,31.0,1.0,0.0,0.34615386,0.051948052,5.2502923,0.0,0.0,0.0,1,sms
30.0,7.0,3.4285715,0.0,0.0,0.0,0.5714286,0.033333335,3.8868423,0.0,0.0,0.0,0,sms
53.0,11.0,3.909091,0.0,0.0,0.0,0.45454547,0.056603774,4.078028,0.0,0.0,0.0,0,sms
59.0,12.0,4.0,0.0,0.0,0.0,0.5,0.033898305,4.0969224,0.0,0.0,0.0,0,sms
44.0,7.0,5.428571,0.0,0.0,0.0,0.42857143,0.045454547,3.964904,0.0,0.0,0.0,0,sms
26.0,6.0,3.5,0.0,0.0,0.0,0.5,0.03846154,3.784942,0.0,0.0,0.0,0,sms
85.0,18.0,3.7777777,0.0,0.0,0.0,0.44444445,0.023529412,4.2977204,0.0,0.0,0.0,0,sms
23.0,5.0,3.8,0.0,0.0,0.0,0.4,0.0,3.7216117,0.0,0.0,0.0,0,sms
27.0,7.0,3.0,0.0,0.0,0.0,0.71428573,0.0,3.5351746,0.0,0.0,0.0,0,sms
47.0,7.0,5.857143,1.0,0.0,0.0,0.0,0.06382979,4.0275683,0.0,0.0,0.0,0,sms
147.0,25.0,4.92,18.0,1.0,0.0,0.28,0.040816326,5.1960917,0.0,0.0,1.0,1,sms
49.0,11.0,3.5454545,0.0,0.0,0.0,0.45454547,0.06122449,3.8448687,0.0,0.0,0.0,0,sms
126.0,25.0,4.08,0.0,0.0,0.0,0.48,0.03968254,4.6315603,0.0,0.0,0.0,0,sms
32.0,7.0,3.7142856,0.0,0.0,0.0,0.42857143,0.03125,3.9790978,0.0,0.0,0.0,0,sms
22.0,4.0,4.75,0.0,0.0,0.0,0.25,0.09090909,3.2813735,0.0,0.0,0.0,0,sms
107.0,18.0,5.0,0.0,0.0,0.0,0.44444445,0.046728972,4.231077,0.0,0.0,0.0,0,sms
46.0,7.0,5.714286,0.0,0.0,0.0,0.14285715,0.19565217,4.0316873,0.0,0.0,0.0,0,sms
96.0,19.0,4.0,0.0,0.0,0.0,0.31578946,0.104166664,4.481627,0.0,0.0,0.0,0,sms
157.0,31.0,4.096774,0.0,0.0,0.0,0.58064514,0.01910828,4.2470813,0.0,0.0,0.0,0,sms
50.0,10.0,4.1,0.0,0.0,0.0,0.5,0.02,4.034024,0.0,0.0,0.0,0,sms
63.0,12.0,4.3333335,0.0,0.0,0.0,0.5,0.04761905,4.390075,0.0,0.0,0.0,0,sms
29.0,6.0,4.0,0.0,0.0,0.0,0.5,0.03448276,3.688722,0.0,0.0,0.0,0,sms
87.0,16.0,4.5,0.0,0.0,0.0,0.4375,0.08045977,4.196975,0.0,0.0,0.0,0,sms
27.0,4.0,6.0,0.0,0.0,0.0,0.25,0.11111111,3.1216536,0.0,0.0,0.0,0,sms
33.0,8.0,3.25,0.0,0.0,0.0,0.625,0.060606062,3.8252518,0.0,0.0,0.0,0,sms
33.0,6.0,4.6666665,0.0,0.0,0.0,0.0,0.060606062,3.7673757,0.0,0.0,0.0,0,sms
27.0,4.0,5.5,0.0,0.0,0.0,0.0,0.22222222,3.788755,0.0,0.0,0.0,0,sms
26.0,5.0,4.4,0.0,0.0,0.0,0.2,0.115384616,3.732159,0.0,0.0,0.0,0,sms
5.0,1.0,5.0,0.0,0.0,0.0,0.0,0.6,1.3709506,0.0,0.0,0.0,0,sms
33.0,6.0,4.6666665,0.0,0.0,0.0,0.33333334,0.030303031,3.7979026,0.0,0.0,0.0,0,sms
34.0,8.0,3.375,0.0,0.0,0.0,0.625,0.029411765,3.884155,0.0,0.0,0.0,0,sms
130.0,29.0,3.5172415,0.0,0.0,0.0,0.62068963,0.023076924,4.112809,0.0,0.0,0.0,1,sms
165.0,32.0,4.1875,23.0,0.0,0.0,0.125,0.036363635,5.112294,0.0,0.0,1.0,1,sms
29.0,6.0,4.0,0.0,0.0,0.0,0.33333334,0.0,3.459148,0.0,0.0,0.0,0,sms
30.0,8.0,2.875,0.0,0.0,0.0,0.125,0.033333335,3.3931272,0.0,0.0,0.0,0,sms
140.0,27.0,4.2222223,0.0,0.0,0.0,0.4074074,0.07857143,4.4320893,0.0,0.0,0.0,0,sms
34.0,6.0,4.8333335,0.0,0.0,0.0,0.33333334,0.1764706,3.8143718,0.0,0.0,0.0,0,sms
163.0,28.0,4.857143,11.0,1.0,0.0,0.10714286,0.055214725,4.877671,0.0,0.0,1.0,1,sms
130.0,25.0,4.24,11.0,0.0,0.0,0.48,0.0,4.2057004,0.0,0.0,0.0,1,sms
117.0,21.0,4.6190476,0.0,0.0,0.0,0.42857143,0.051282052,4.323356,0.0,0.0,0.0,0,sms
45.0,8.0,4.625,0.0,0.0,0.0,0.25,0.17777778,4.206226,0.0,0.0,0.0,0,sms
27.0,4.0,6.0,0.0,0.0,0.0,0.0,0.11111111,3.9701755,0.0,0.0,0.0,0,sms
153.0,30.0,4.133333,0.0,0.0,0.0,0.5,0.06535948,4.30702,0.0,0.0,0.0,0,sms
41.0,10.0,3.2,1.0,0.0,0.0,0.6,0.048780486,4.0778193,0.0,0.0,0.0,0,sms
136.0,30.0,3.5666666,0.0,0.0,0.0,0.4,0.16176471,4.3134995,0.0,0.0,0.0,0,sms
56.0,12.0,3.75,0.0,0.0,0.0,0.5,0.05357143,3.861096,0.0,0.0,0.0,0,sms
64.0,13.0,4.0,0.0,0.0,0.0,0.61538464,0.03125,4.133441,0.0,0.0,0.0,0,sms
50.0,11.0,3.6363637,1.0,0.0,0.0,0.27272728,0.0,3.8823328,0.0,0.0,0.0,0,sms
136.0,20.0,5.85,3.0,0.0,0.0,0.2,0.10294118,4.803887,0.0,0.0,0.0,1,sms
444.0,71.0,5.2394366,11.0,0.0,0.0,0.26760563,0.0945946,5.047461,0.0,0.0,0.0,0,sms
27.0,6.0,3.6666667,0.0,0.0,0.0,0.33333334,0.14814815,3.7544417,0.0,0.0,0.0,0,sms
106.0,27.0,2.9629629,0.0,0.0,0.0,0.44444445,0.056603774,4.0095944,0.0,0.0,0.0,0,sms
66.0,12.0,4.5833335,0.0,0.0,0.0,0.5,0.09090909,4.1925583,0.0,0.0,0.0,0,sms
54.0,9.0,5.0,1.0,0.0,0.0,0.22222222,0.12962963,4.1998763,0.0,0.0,0.0,0,sms
158.0,28.0,4.678571,18.0,1.0,0.0,0.35714287,0.03164557,5.054581,0.0,0.0,0.0,1,sms
88.0,16.0,4.5625,0.0,0.0,0.0,0.1875,0.125,4.252396,0.0,0.0,0.0,0,sms
4.0,1.0,4.0,0.0,0.0,0.0,0.0,0.0,2.0,0.0,0.0,0.0,0,sms
54.0,11.0,4.0,0.0,0.0,0.0,0.36363637,0.037037037,3.9540036,0.0,0.0,0.0,0,sms
56.0,12.0,3.6666667,0.0,0.0,0.0,0.083333336,0.14285715,4.416834,0.0,0.0,0.0,0,sms
153.0,28.0,4.464286,23.0,0.0,0.0,0.14285715,0.045751635,5.0871983,0.0,0.0,1.0,1,sms
27.0,7.0,3.0,3.0,0.0,0.0,0.14285715,0.037037037,3.8442328,0.0,0.0,0.0,0,sms
158.0,29.0,4.4827585,24.0,0.0,0.0,0.27586207,0.03164557,5.055936,0.0,0.0,0.0,1,sms
95.0,21.0,3.5714285,0.0,0.0,0.0,0.5714286,0.042105265,4.126314,0.0,0.0,0.0,0,sms
95.0,22.0,3.3636363,0.0,0.0,0.0,0.5,0.11578947,4.5689487,0.0,0.0,0.0,0,sms
52.0,12.0,3.4166667,0.0,0.0,0.0,0.5833333,0.01923077,4.0619564,0.0,0.0,0.0,0,sms
80.0,16.0,4.0625,1.0,0.0,0.0,0.25,0.0875,4.0634074,0.0,0.0,0.0,0,sms
63.0,12.0,4.25,0.0,0.0,0.0,0.5,0.015873017,4.0322537,0.0,0.0,0.0,0,sms
25.0,5.0,4.2,7.0,1.0,0.0,0.2,0.0,4.011365,0.0,0.0,1.0,1,sms
73.0,15.0,3.9333334,0.0,0.0,0.0,0.46666667,0.01369863,4.154588,0.0,0.0,0.0,0,sms
169.0,38.0,3.4210527,2.0,0.0,0.0,0.18421052,0.10059172,5.0642247,0.0,0.0,0.0,0,sms
169.0,34.0,4.0,0.0,0.0,0.0,0.5,0.053254437,4.321654,0.0,0.0,0.0,0,sms
57.0,11.0,4.2727275,0.0,0.0,0.0,0.36363637,0.03508772,4.1095643,0.0,0.0,0.0,0,sms
56.0,11.0,4.181818,1.0,0.0,0.0,0.27272728,0.071428575,4.0635347,0.0,0.0,0.0,0,sms
156.0,29.0,4.413793,7.0,0.0,0.0,0.20689656,0.03846154,4.949244,0.0,0.0,1.0,1,sms
113.0,26.0,3.3846154,0.0,0.0,0.0,0.6923077,0.0088495575,3.921119,0.0,0.0,0.0,0,sms
50.0,10.0,4.1,0.0,0.0,0.0,0.4,0.04,3.8777707,0.0,0.0,0.0,0,sms
160.0,29.0,4.551724,14.0,0.0,0.0,0.13793103,0.03125,5.026858,0.0,0.0,0.0,1,sms
23.0,5.0,3.8,0.0,0.0,0.0,0.4,0.08695652,3.6818807,0.0,0.0,0.0,0,sms
24.0,6.0,3.1666667,0.0,0.0,0.0,0.33333334,0.041666668,3.6818807,0.0,0.0,0.0,0,sms
118.0,16.0,6.4375,20.0,0.0,1.0,0.3125,0.042372882,4.5538597,0.0,0.0,1.0,1,sms
179.0,34.0,4.2941175,0.0,0.0,0.0,0.20588236,0.061452515,4.4908996,0.0,0.0,0.0,0,sms
101.0,23.0,3.4347825,0.0,0.0,0.0,0.4347826,0.00990099,4.1200438,0.0,0.0,0.0,0,sms
54.0,10.0,4.5,0.0,0.0,0.0,0.3,0.12962963,3.8974397,0.0,0.0,0.0,0,sms
96.0,19.0,4.105263,0.0,0.0,0.0,0.36842105,0.052083332,4.3567047,0.0,0.0,0.0,0,sms
59.0,11.0,4.2727275,0.0,0.0,0.0,0.36363637,0.13559322,4.3497124,0.0,0.0,0.0,0,sms
166.0,22.0,6.5454545,0.0,0.0,0.0,0.36363637,0.084337346,4.550561,0.0,0.0,0.0,0,sms
14.0,2.0,6.5,0.0,0.0,0.0,0.0,0.2857143,3.085055,0.0,0.0,0.0,0,sms
135.0,25.0,4.44,11.0,0.0,1.0,0.32,0.022222223,4.8344603,0.0,0.0,1.0,1,sms
46.0,11.0,3.2727273,0.0,0.0,0.0,0.36363637,0.04347826,3.8735073,0.0,0.0,0.0,0,sms
9.0,2.0,4.0,0.0,0.0,0.0,0.0,0.33333334,2.4056392,0.0,0.0,0.0,0,sms
46.0,6.0,6.8333335,0.0,0.0,0.0,0.16666667,0.08695652,4.2898827,0.0,0.0,0.0,0,sms
84.0,16.0,4.3125,0.0,0.0,0.0,0.4375,0.023809524,4.234142,0.0,0.0,0.0,0,sms
71.0,14.0,4.142857,0.0,0.0,0.0,0.5714286,0.056338027,4.20258,0.0,0.0,0.0,0,sms
20.0,4.0,4.25,0.0,0.0,0.0,0.0,0.35,3.057476,0.0,0.0,0.0,0,sms
44.0,8.0,4.625,0.0,0.0,0.0,0.5,0.045454547,4.0236616,0.0,0.0,0.0,0,sms
46.0,11.0,3.2727273,0.0,0.0,0.0,0.8181818,0.0,3.6496735,0.0,0.0,0.0,0,sms
35.0,7.0,4.142857,0.0,0.0,0.0,0.14285715,0.028571429,3.6990278,0.0,0.0,0.0,0,sms
154.0,24.0,5.4583335,25.0,1.0,0.0,0.125,0.051948052,5.0653415,0.0,0.0,1.0,1,sms
166.0,27.0,5.185185,23.0,1.0,0.0,0.14814815,0.036144577,5.130071,0.0,0.0,1.0,1,sms
28.0,6.0,3.8333333,0.0,0.0,0.0,0.16666667,0.10714286,3.8492239,0.0,0.0,0.0,0,sms
53.0,10.0,4.4,0.0,0.0,0.0,0.3,0.018867925,3.8598738,0.0,0.0,0.0,0,sms
82.0,17.0,3.8823528,0.0,0.0,0.0,0.4117647,0.06097561,4.1669183,0.0,0.0,0.0,0,sms
26.0,7.0,2.857143,0.0,0.0,0.0,0.42857143,0.07692308,3.408695,0.0,0.0,0.0,0,sms
48.0,11.0,3.4545455,0.0,0.0,0.0,0.6363636,0.020833334,3.8205898,0.0,0.0,0.0,0,sms
29.0,6.0,4.0,0.0,0.0,0.0,0.33333334,0.03448276,3.7720551,0.0,0.0,0.0,0,sms
41.0,8.0,4.25,0.0,0.0,0.0,0.5,0.048780486,4.057476,0.0,0.0,0.0,0,sms
99.0,23.0,3.3043478,0.0,0.0,0.0,0.2173913,0.02020202,4.2556105,0.0,0.0,0.0,0,sms
55.0,12.0,3.5833333,0.0,0.0,0.0,0.5833333,0.10909091,4.246519,0.0,0.0,0.0,0,sms
22.0,5.0,3.6,0.0,0.0,0.0,0.6,0.0,3.6835423,0.0,0.0,0.0,0,sms
15.0,2.0,7.0,0.0,0.0,0.0,0.0,0.26666668,3.0930693,0.0,0.0,0.0,0,sms
158.0,28.0,4.678571,16.0,0.0,0.0,0.35714287,0.08227848,5.1392164,0.0,0.0,1.0,1,sms
119.0,25.0,3.8,0.0,0.0,0.0,0.4,0.025210084,4.299532,0.0,0.0,0.0,0,sms
154.0,32.0,3.84375,0.0,0.0,0.0,0.5625,0.019480519,4.2193284,0.0,0.0,0.0,0,sms
25.0,5.0,4.2,0.0,0.0,0.0,0.0,0.2,3.2961483,0.0,0.0,0.0,0,sms
29.0,6.0,4.0,1.0,0.0,0.0,0.0,0.10344828,3.9701755,0.0,0.0,0.0,0,sms
29.0,6.0,4.0,0.0,0.0,0.0,0.16666667,0.10344828,3.9182959,0.0,0.0,0.0,0,sms
28.0,5.0,4.8,0.0,0.0,0.0,0.4,0.071428575,3.6053886,0.0,0.0,0.0,0,sms
89.0,18.0,4.0,0.0,0.0,0.0,0.5,0.0,4.185647,0.0,0.0,0.0,0,sms
56.0,12.0,3.75,0.0,0.0,0.0,0.5,0.071428575,4.2193837,0.0,0.0,0.0,0,sms
53.0,14.0,2.857143,2.0,0.0,0.0,0.2857143,0.018867925,4.1240244,0.0,0.0,0.0,0,sms
37.0,9.0,3.2222223,1.0,0.0,0.0,0.11111111,0.054054055,4.1422954,0.0,0.0,0.0,0,sms
26.0,4.0,5.5,0.0,0.0,0.0,0.0,0.15384616,3.6292198,0.0,0.0,0.0,0,sms
129.0,26.0,4.0,0.0,0.0,0.0,0.5,0.015503876,4.223808,0.0,0.0,0.0,0,sms
69.0,15.0,3.6666667,0.0,0.0,0.0,0.46666667,0.04347826,4.3743763,0.0,0.0,0.0,0,sms
21.0,4.0,4.5,0.0,0.0,0.0,0.25,0.04761905,3.5724313,0.0,0.0,0.0,0,sms
89.0,18.0,4.0,0.0,0.0,0.0,0.44444445,0.033707865,4.2463245,0.0,0.0,0.0,0,sms
37.0,8.0,3.75,0.0,0.0,0.0,0.5,0.0,3.8729055,0.0,0.0,0.0,0,sms
39.0,9.0,3.4444444,1.0,0.0,0.0,0.5555556,0.025641026,4.1800027,0.0,0.0,0.0,0,sms
102.0,20.0,4.15,0.0,0.0,0.0,0.4,0.13725491,4.2081404,0.0,0.0,0.0,0,sms
42.0,9.0,3.7777777,0.0,0.0,0.0,0.44444445,0.0,3.9590943,0.0,0.0,0.0,0,sms
63.0,15.0,3.2666667,0.0,0.0,0.0,0.46666667,0.04761905,3.8538797,0.0,0.0,0.0,0,sms
50.0,10.0,4.1,0.0,0.0,0.0,0.4,0.06,4.1315846,0.0,0.0,0.0,0,sms
163.0,29.0,4.6551723,0.0,0.0,0.0,0.3448276,0.09202454,5.095547,0.0,0.0,0.0,0,sms
200.0,39.0,4.1538463,0.0,0.0,0.0,0.46153846,0.025,4.438581,0.0,0.0,0.0,0,sms
41.0,7.0,4.714286,0.0,0.0,0.0,0.5714286,0.0,4.006071,0.0,0.0,0.0,0,sms
155.0,27.0,4.7777777,12.0,0.0,0.0,0.14814815,0.012903226,4.8401427,0.0,0.0,1.0,1,sms
38.0,7.0,4.571429,0.0,0.0,0.0,0.14285715,0.05263158,4.1167293,0.0,0.0,0.0,0,sms
26.0,8.0,2.375,0.0,0.0,0.0,0.625,0.0,3.4713545,0.0,0.0,0.0,0,sms
141.0,29.0,3.8965516,2.0,0.0,0.0,0.31034482,0.021276595,4.4908276,0.0,0.0,0.0,1,sms
29.0,6.0,4.0,0.0,0.0,0.0,0.5,0.03448276,3.7201755,0.0,0.0,0.0,0,sms
16.0,4.0,3.25,0.0,0.0,0.0,0.25,0.0625,3.3927474,0.0,0.0,0.0,0,sms
23.0,4.0,5.0,0.0,0.0,0.0,0.25,0.0,3.6841838,0.0,0.0,0.0,0,sms
124.0,27.0,3.6296296,0.0,0.0,0.0,0.5555556,0.008064516,4.0549865,0.0,0.0,0.0,1,sms
46.0,8.0,4.875,0.0,0.0,0.0,0.0,0.1521739,3.7846503,0.0,0.0,0.0,0,sms
31.0,5.0,5.4,0.0,0.0,0.0,0.4,0.032258064,3.8380399,0.0,0.0,0.0,0,sms
28.0,6.0,3.8333333,0.0,0.0,0.0,0.5,0.0,3.6539967,0.0,0.0,0.0,0,sms
118.0,22.0,4.409091,0.0,0.0,0.0,0.27272728,0.033898305,4.1486816,0.0,0.0,0.0,0,sms
124.0,19.0,5.5789475,23.0,1.0,0.0,0.21052632,0.08064516,5.072504,0.0,0.0,1.0,1,sms
29.0,6.0,4.0,0.0,0.0,0.0,0.33333334,0.10344828,3.5739348,0.0,0.0,0.0,0,sms
63.0,16.0,3.0,1.0,0.0,0.0,0.5,0.031746034,4.153107,0.0,0.0,0.0,0,sms
106.0,18.0,4.9444447,0.0,0.0,0.0,0.44444445,0.028301887,4.3247623,0.0,0.0,0.0,0,sms
121.0,26.0,3.6923077,0.0,0.0,0.0,0.53846157,0.024793388,4.1716213,0.0,0.0,0.0,0,sms
44.0,9.0,4.0,1.0,0.0,0.0,0.44444445,0.06818182,4.1625733,0.0,0.0,0.0,0,sms
22.0,5.0,3.6,0.0,0.0,0.0,0.2,0.09090909,3.5032582,0.0,0.0,0.0,0,sms
22.0,4.0,4.75,0.0,0.0,0.0,0.25,0.0,3.3660913,0.0,0.0,0.0,0,sms
116.0,23.0,4.0869565,0.0,0.0,0.0,0.13043478,0.060344826,4.19605,0.0,0.0,0.0,0,sms
78.0,15.0,4.266667,1.0,0.0,0.0,0.33333334,0.051282052,4.061639,0.0,0.0,0.0,0,sms
59.0,15.0,3.0,0.0,0.0,0.0,0.33333334,0.033898305,4.045329,0.0,0.0,0.0,0,sms
43.0,8.0,4.5,0.0,0.0,0.0,0.5,0.093023255,4.19716,0.0,0.0,0.0,0,sms
131.0,21.0,5.285714,31.0,1.0,0.0,0.0952381,0.030534351,5.1960974,0.0,0.0,0.0,1,sms
124.0,30.0,3.1666667,0.0,0.0,0.0,0.43333334,0.06451613,4.3892527,0.0,0.0,0.0,0,sms
45.0,9.0,4.111111,0.0,0.0,0.0,0.7777778,0.044444446,4.229327,0.0,0.0,0.0,0,sms
142.0,22.0,5.318182,0.0,0.0,0.0,0.22727273,0.13380282,4.7450194,0.0,0.0,0.0,0,sms
32.0,8.0,3.125,0.0,0.0,0.0,0.625,0.125,3.8136606,0.0,0.0,0.0,0,sms
69.0,13.0,4.3846154,0.0,0.0,0.0,0.46153846,0.072463766,4.360112,0.0,0.0,0.0,0,sms
79.0,17.0,3.7058823,0.0,0.0,0.0,0.5882353,0.0,4.090486,0.0,0.0,0.0,0,sms
149.0,24.0,5.25,0.0,0.0,0.0,0.45833334,0.020134227,4.25385,0.0,0.0,0.0,0,sms
63.0,13.0,3.9230769,0.0,0.0,0.0,0.61538464,0.06349207,3.885456,0.0,0.0,0.0,0,sms
155.0,22.0,6.0454545,0.0,0.0,0.0,0.36363637,0.08387097,4.558981,0.0,0.0,0.0,0,sms
29.0,6.0,4.0,0.0,0.0,0.0,0.33333334,0.03448276,3.688722,0.0,0.0,0.0,0,sms
145.0,30.0,3.8666666,0.0,0.0,0.0,0.6,0.03448276,4.342914,0.0,0.0,0.0,0,sms
33.0,4.0,7.5,0.0,0.0,0.0,0.0,0.060606062,4.2565646,0.0,0.0,0.0,1,sms
22.0,4.0,4.75,0.0,0.0,0.0,0.25,0.18181819,3.4713545,0.0,0.0,0.0,0,sms
32.0,8.0,3.125,0.0,0.0,0.0,0.625,0.03125,3.5736606,0.0,0.0,0.0,0,sms
10.0,3.0,2.6666667,0.0,0.0,0.0,0.6666667,0.1,2.5,0.0,0.0,0.0,0,sms
158.0,27.0,4.851852,13.0,0.0,0.0,0.37037036,0.025316456,4.6603928,0.0,0.0,0.0,1,sms
61.0,12.0,4.1666665,0.0,0.0,0.0,0.41666666,0.06557377,4.248884,0.0,0.0,0.0,0,sms
57.0,13.0,3.4615386,1.0,0.0,0.0,0.3846154,0.03508772,4.1803074,0.0,0.0,0.0,0,sms
36.0,9.0,3.1111112,0.0,0.0,0.0,0.5555556,0.0,3.794336,0.0,0.0,0.0,0,sms
52.0,10.0,4.3,0.0,0.0,0.0,0.6,0.01923077,4.0907784,0.0,0.0,0.0,0,sms
163.0,29.0,4.6551723,0.0,0.0,0.0,0.3448276,0.09202454,5.095547,0.0,0.0,0.0,0,sms
133.0,27.0,3.9629629,0.0,0.0,0.0,0.44444445,0.030075189,4.2132745,0.0,0.0,0.0,0,sms
55.0,10.0,4.6,0.0,0.0,0.0,0.5,0.054545455,4.1447377,0.0,0.0,0.0,0,sms
57.0,12.0,3.8333333,1.0,0.0,0.0,0.41666666,0.03508772,4.164229,0.0,0.0,0.0,0,sms
68.0,13.0,4.3076925,0.0,0.0,0.0,0.3846154,0.05882353,4.2913933,0.0,0.0,0.0,0,sms
160.0,25.0,5.44,17.0,0.0,0.0,0.12,0.04375,5.4674845,0.0,0.0,1.0,1,sms
123.0,28.0,3.4285715,1.0,0.0,0.0,0.25,0.09756097,4.2037797,0.0,0.0,0.0,0,sms
111.0,21.0,4.3333335,0.0,0.0,0.0,0.42857143,0.08108108,4.3397684,0.0,0.0,0.0,0,sms
137.0,22.0,5.2727275,10.0,0.0,0.0,0.3181818,0.02189781,4.6482224,0.0,0.0,1.0,1,sms
37.0,6.0,5.3333335,0.0,0.0,0.0,0.33333334,0.08108108,3.6525183,0.0,0.0,0.0,0,sms
152.0,26.0,4.8846154,0.0,0.0,0.0,0.5,0.013157895,4.361139,0.0,0.0,0.0,1,sms
74.0,18.0,3.1666667,1.0,0.0,0.0,0.16666667,0.08108108,4.2296605,0.0,0.0,0.0,0,sms
47.0,11.0,3.3636363,0.0,0.0,0.0,0.36363637,0.08510638,4.046763,0.0,0.0,0.0,0,sms
158.0,27.0,4.888889,18.0,1.0,0.0,0.2962963,0.050632913,4.9962206,0.0,0.0,0.0,1,sms
9.0,2.0,4.0,0.0,0.0,0.0,0.0,0.33333334,2.4056392,0.0,0.0,0.0,0,sms
149.0,32.0,3.65625,0.0,0.0,0.0,0.40625,0.033557046,4.2386813,0.0,0.0,0.0,0,sms
44.0,8.0,4.625,0.0,0.0,0.0,0.375,0.022727273,4.096987,0.0,0.0,0.0,0,sms
160.0,32.0,4.03125,31.0,0.0,0.0,0.15625,0.025,5.290665,0.0,0.0,1.0,1,sms
23.0,4.0,5.0,0.0,0.0,0.0,0.25,0.0,3.508695,0.0,0.0,0.0,0,sms
26.0,5.0,4.4,1.0,0.0,0.0,0.2,0.115384616,3.6292198,0.0,0.0,0.0,0,sms
35.0,7.0,4.142857,0.0,0.0,0.0,0.2857143,0.057142857,3.909368,0.0,0.0,0.0,0,sms
111.0,18.0,5.2222223,32.0,1.0,0.0,0.33333334,0.027027028,5.103977,0.0,0.0,0.0,1,sms
29.0,6.0,4.0,0.0,0.0,0.0,0.16666667,0.03448276,3.688722,0.0,0.0,0.0,0,sms
131.0,21.0,5.285714,0.0,0.0,0.0,0.33333334,0.08396947,4.478113,0.0,0.0,0.0,0,sms
28.0,4.0,6.25,0.0,0.0,0.0,0.5,0.10714286,3.6994705,0.0,0.0,0.0,0,sms
23.0,5.0,3.8,1.0,0.0,0.0,0.0,0.08695652,3.4713545,0.0,0.0,0.0,0,sms
52.0,10.0,4.3,0.0,0.0,0.0,0.4,0.0,3.9398427,0.0,0.0,0.0,0,sms
53.0,10.0,4.4,0.0,0.0,0.0,0.2,0.056603774,4.2155895,0.0,0.0,0.0,0,sms
131.0,29.0,3.5517242,0.0,0.0,0.0,0.37931034,0.19847329,4.24697,0.0,0.0,0.0,0,sms
11.0,2.0,5.0,0.0,0.0,0.0,0.0,0.27272728,2.8464394,0.0,0.0,0.0,0,sms
27.0,4.0,6.0,0.0,0.0,0.0,0.5,0.14814815,3.3035088,0.0,0.0,0.0,0,sms
88.0,17.0,4.2352943,0.0,0.0,0.0,0.5294118,0.06818182,4.3229265,0.0,0.0,0.0,0,sms
166.0,36.0,3.6388888,2.0,0.0,0.0,0.19444445,0.042168673,4.6283803,0.0,0.0,0.0,0,sms
42.0,10.0,3.3,0.0,0.0,0.0,0.7,0.023809524,4.066677,0.0,0.0,0.0,0,sms
32.0,7.0,3.7142856,0.0,0.0,0.0,0.0,0.03125,3.9790978,0.0,0.0,0.0,0,sms
157.0,27.0,4.851852,11.0,0.0,0.0,0.22222222,0.07643312,5.0312,0.0,0.0,1.0,1,sms
588.0,125.0,3.712,2.0,0.0,0.0,0.416,0.100340135,4.8919973,0.0,0.0,0.0,0,sms
151.0,32.0,3.75,23.0,0.0,0.0,0.28125,0.01986755,5.236459,0.0,0.0,1.0,1,sms
74.0,16.0,3.6875,0.0,0.0,0.0,0.4375,0.067567565,4.1200976,0.0,0.0,0.0,0,sms
39.0,7.0,4.714286,0.0,0.0,0.0,0.42857143,0.025641026,3.7754757,0.0,0.0,0.0,0,sms
26.0,5.0,4.4,0.0,0.0,0.0,0.6,0.03846154,3.9139771,0.0,0.0,0.0,0,sms
57.0,12.0,3.8333333,1.0,0.0,0.0,0.33333334,0.05263158,4.2347746,0.0,0.0,0.0,0,sms
54.0,10.0,4.5,0.0,0.0,0.0,0.2,0.14814815,4.144538,0.0,0.0,0.0,0,sms
94.0,20.0,3.75,0.0,0.0,0.0,0.45,0.04255319,4.1549644,0.0,0.0,0.0,0,sms
276.0,61.0,3.5409837,0.0,0.0,0.0,0.5081967,0.06884058,4.561798,0.0,0.0,0.0,0,sms
82.0,17.0,3.8235295,0.0,0.0,0.0,0.29411766,0.1097561,4.265245,0.0,0.0,0.0,0,sms
160.0,33.0,3.878788,1.0,0.0,0.0,0.5151515,0.00625,4.2368073,0.0,0.0,0.0,0,sms
151.0,29.0,4.2413793,0.0,0.0,0.0,0.4827586,0.059602648,4.6519876,0.0,0.0,0.0,0,sms
60.0,16.0,2.8125,0.0,0.0,0.0,0.75,0.0,4.01673,0.0,0.0,0.0,0,sms
51.0,12.0,3.3333333,0.0,0.0,0.0,0.8333333,0.0,3.858695,0.0,0.0,0.0,0,sms
52.0,10.0,4.3,2.0,0.0,0.0,0.5,0.0,4.089429,0.0,0.0,0.0,1,sms
138.0,29.0,3.7586207,0.0,0.0,0.0,0.2413793,0.10144927,4.335602,0.0,0.0,0.0,0,sms
104.0,19.0,4.5263157,0.0,0.0,0.0,0.5263158,0.028846154,4.4015074,0.0,0.0,0.0,0,sms
75.0,16.0,3.75,0.0,0.0,0.0,0.4375,0.026666667,4.1290855,0.0,0.0,0.0,0,sms
29.0,5.0,5.0,0.0,0.0,0.0,0.0,0.06896552,3.6994705,0.0,0.0,0.0,0,sms
142.0,29.0,3.9310346,0.0,0.0,0.0,0.44827586,0.03521127,4.2645054,0.0,0.0,0.0,0,sms
40.0,6.0,5.5,0.0,0.0,0.0,0.33333334,0.15,3.9801693,0.0,0.0,0.0,0,sms
166.0,22.0,6.5454545,0.0,0.0,0.0,0.36363637,0.084337346,4.550561,0.0,0.0,0.0,0,sms
152.0,32.0,3.78125,23.0,0.0,0.0,0.28125,0.02631579,5.2622366,0.0,0.0,1.0,1,sms
130.0,30.0,3.3666666,1.0,0.0,0.0,0.6,0.03076923,4.365372,0.0,0.0,0.0,0,sms
15.0,3.0,4.0,0.0,0.0,0.0,0.33333334,0.06666667,2.9182959,0.0,0.0,0.0,0,sms
31.0,5.0,5.4,0.0,0.0,0.0,0.4,0.032258064,3.6800892,0.0,0.0,0.0,0,sms
52.0,11.0,3.8181818,0.0,0.0,0.0,0.54545456,0.03846154,4.1595926,0.0,0.0,0.0,0,sms
234.0,43.0,4.4651165,0.0,0.0,0.0,0.4883721,0.042735044,4.3713474,0.0,0.0,0.0,0,sms
50.0,10.0,4.1,0.0,0.0,0.0,0.3,0.04,4.0251327,0.0,0.0,0.0,0,sms
103.0,22.0,3.7272727,0.0,0.0,0.0,0.54545456,0.0,4.0019016,0.0,0.0,0.0,0,sms
140.0,29.0,3.862069,12.0,0.0,0.0,0.1724138,0.028571429,5.0165467,0.0,0.0,1.0,1,sms
25.0,5.0,4.2,0.0,0.0,0.0,0.0,0.04,3.4992275,0.0,0.0,0.0,0,sms
154.0,26.0,4.9615383,18.0,1.0,0.0,0.115384616,0.058441557,5.2353625,0.0,0.0,1.0,1,sms
49.0,9.0,4.5555553,0.0,0.0,0.0,0.33333334,0.040816326,3.8787913,0.0,0.0,0.0,0,sms
47.0,9.0,4.3333335,0.0,0.0,0.0,0.33333334,0.04255319,3.89144,0.0,0.0,0.0,0,sms
27.0,5.0,4.6,0.0,0.0,0.0,0.4,0.037037037,3.7622674,0.0,0.0,0.0,0,sms
77.0,12.0,5.5,0.0,0.0,0.0,0.33333334,0.064935066,4.1794047,0.0,0.0,0.0,0,sms
28.0,5.0,4.8,0.0,0.0,0.0,0.0,0.035714287,3.5220551,0.0,0.0,0.0,0,sms
34.0,8.0,3.375,0.0,0.0,0.0,0.375,0.05882353,3.958229,0.0,0.0,0.0,0,sms
22.0,6.0,2.8333333,0.0,0.0,0.0,0.5,0.045454547,3.6168747,0.0,0.0,0.0,0,sms
95.0,20.0,3.8,0.0,0.0,0.0,0.65,0.042105265,4.212148,0.0,0.0,0.0,0,sms
22.0,5.0,3.6,0.0,0.0,0.0,0.4,0.0,3.4613202,0.0,0.0,0.0,0,sms
54.0,9.0,5.111111,0.0,0.0,0.0,0.33333334,0.09259259,3.9531527,0.0,0.0,0.0,0,sms
67.0,14.0,3.857143,0.0,0.0,0.0,0.42857143,0.04477612,4.2791357,0.0,0.0,0.0,0,sms
73.0,16.0,3.625,2.0,0.0,0.0,0.4375,0.08219178,4.3025846,0.0,0.0,0.0,0,sms
56.0,13.0,3.3846154,0.0,0.0,0.0,0.53846157,0.035714287,4.006792,0.0,0.0,0.0,0,sms
32.0,6.0,4.5,0.0,0.0,0.0,0.5,0.21875,3.5546515,0.0,0.0,0.0,0,sms
25.0,5.0,4.2,0.0,0.0,0.0,0.2,0.0,3.4039896,0.0,0.0,0.0,0,sms
163.0,24.0,5.8333335,17.0,0.0,0.0,0.16666667,0.055214725,5.027513,0.0,0.0,1.0,1,sms
66.0,11.0,5.090909,0.0,0.0,0.0,0.18181819,0.015151516,4.03057,0.0,0.0,0.0,0,sms
43.0,11.0,3.0,1.0,0.0,0.0,0.36363637,0.023255814,3.8619835,0.0,0.0,0.0,0,sms
121.0,26.0,3.6923077,2.0,0.0,0.0,0.61538464,0.03305785,4.312857,0.0,0.0,0.0,0,sms
55.0,9.0,5.111111,0.0,0.0,0.0,0.33333334,0.10909091,4.534219,0.0,0.0,0.0,0,sms
139.0,24.0,4.8333335,28.0,0.0,0.0,0.20833333,0.05755396,5.188319,0.0,0.0,1.0,1,sms
126.0,25.0,4.08,0.0,0.0,0.0,0.4,0.031746034,4.3076687,0.0,0.0,0.0,0,sms
27.0,7.0,3.0,0.0,0.0,0.0,0.42857143,0.074074075,3.6897037,0.0,0.0,0.0,0,sms
141.0,35.0,3.057143,2.0,0.0,0.0,0.37142858,0.0,4.1153846,0.0,0.0,0.0,0,sms
111.0,21.0,4.3333335,0.0,0.0,0.0,0.47619048,0.036036037,4.479678,0.0,0.0,0.0,0,sms
125.0,16.0,6.875,0.0,0.0,0.0,0.0625,0.328,4.4712405,0.0,0.0,0.0,0,sms
6.0,1.0,6.0,0.0,0.0,0.0,0.0,0.0,2.5849626,0.0,0.0,0.0,0,sms
142.0,27.0,4.296296,0.0,0.0,0.0,0.44444445,0.02112676,4.195213,0.0,0.0,0.0,0,sms
137.0,22.0,5.2727275,21.0,1.0,0.0,0.3181818,0.02919708,5.075136,0.0,0.0,1.0,1,sms
46.0,11.0,3.2727273,0.0,0.0,0.0,0.54545456,0.02173913,3.627987,0.0,0.0,0.0,0,sms
32.0,5.0,5.6,0.0,0.0,0.0,0.2,0.0625,3.7673757,0.0,0.0,0.0,0,sms
89.0,17.0,4.2941175,0.0,0.0,0.0,0.5882353,0.07865169,4.2357807,0.0,0.0,0.0,0,sms
64.0,10.0,5.3,0.0,0.0,0.0,0.4,0.078125,4.463888,0.0,0.0,0.0,0,sms
148.0,28.0,4.321429,3.0,0.0,1.0,0.2857143,0.027027028,4.8151317,0.0,0.0,0.0,1,sms
77.0,16.0,3.875,1.0,0.0,0.0,0.1875,0.116883114,4.1063185,0.0,0.0,0.0,0,sms
47.0,10.0,3.8,0.0,0.0,0.0,0.6,0.021276595,4.083068,0.0,0.0,0.0,0,sms
42.0,9.0,3.7777777,0.0,0.0,0.0,0.44444445,0.0952381,3.984234,0.0,0.0,0.0,0,sms
29.0,4.0,6.5,0.0,0.0,0.0,0.0,0.27586207,4.0560207,0.0,0.0,0.0,0,sms
37.0,10.0,2.8,0.0,0.0,0.0,0.4,0.027027028,4.0121884,0.0,0.0,0.0,0,sms
86.0,19.0,3.5789473,2.0,0.0,0.0,0.36842105,0.034883723,4.4879313,0.0,0.0,0.0,0,sms
47.0,9.0,4.3333335,0.0,0.0,0.0,0.33333334,0.04255319,4.252975,0.0,0.0,0.0,0,sms
33.0,8.0,3.25,0.0,0.0,0.0,0.5,0.09090909,3.6094964,0.0,0.0,0.0,0,sms
23.0,4.0,5.0,0.0,0.0,0.0,0.25,0.04347826,3.521928,0.0,0.0,0.0,0,sms
67.0,13.0,4.230769,0.0,0.0,0.0,0.23076923,0.04477612,4.106106,0.0,0.0,0.0,0,sms
32.0,7.0,3.7142856,0.0,0.0,0.0,0.5714286,0.03125,4.008132,0.0,0.0,0.0,0,sms
31.0,6.0,4.3333335,0.0,0.0,0.0,0.33333334,0.032258064,3.9790978,0.0,0.0,0.0,0,sms
25.0,5.0,4.2,0.0,0.0,0.0,0.0,0.24,3.4632804,0.0,0.0,0.0,0,sms
11.0,1.0,11.0,0.0,0.0,0.0,0.0,0.27272728,2.845351,0.0,0.0,0.0,0,sms
129.0,25.0,4.2,0.0,0.0,0.0,0.4,0.007751938,4.4204445,0.0,0.0,0.0,0,sms
33.0,6.0,4.6666665,0.0,0.0,0.0,0.16666667,0.09090909,4.110577,0.0,0.0,0.0,0,sms
30.0,6.0,4.0,0.0,0.0,0.0,0.16666667,0.33333334,3.8868423,0.0,0.0,0.0,0,sms
183.0,28.0,5.464286,14.0,0.0,0.0,0.2857143,0.22950819,4.9399247,0.0,0.0,0.0,0,sms
156.0,32.0,3.84375,1.0,0.0,0.0,0.46875,0.044871796,4.426333,0.0,0.0,0.0,0,sms
47.0,11.0,3.3636363,3.0,0.0,0.0,0.36363637,0.06382979,4.172574,0.0,0.0,0.0,0,sms
32.0,8.0,3.125,0.0,0.0,0.0,0.375,0.03125,3.9736607,0.0,0.0,0.0,0,sms
137.0,27.0,4.111111,0.0,0.0,0.0,0.4814815,0.08759124,4.644495,0.0,0.0,0.0,0,sms
101.0,18.0,4.6666665,0.0,0.0,0.0,0.44444445,0.02970297,4.2350945,0.0,0.0,0.0,0,sms
59.0,10.0,5.0,0.0,0.0,0.0,0.3,0.06779661,4.022308,0.0,0.0,0.0,0,sms
43.0,9.0,3.8888888,0.0,0.0,0.0,0.5555556,0.023255814,3.9900172,0.0,0.0,0.0,0,sms
48.0,8.0,5.125,12.0,0.0,0.0,0.25,0.041666668,4.1226935,0.0,0.0,0.0,1,sms
95.0,22.0,3.3636363,1.0,0.0,0.0,0.3181818,0.031578947,4.232508,0.0,0.0,0.0,0,sms
142.0,29.0,3.8965516,1.0,0.0,0.0,0.4827586,0.056338027,4.4335413,0.0,0.0,0.0,0,sms
38.0,4.0,8.75,0.0,0.0,0.0,0.25,0.13157895,3.832595,0.0,0.0,0.0,0,sms
100.0,15.0,5.733333,11.0,0.0,0.0,0.46666667,0.02,4.4513164,0.0,0.0,0.0,1,sms
327.0,70.0,3.6571429,0.0,0.0,0.0,0.5285714,0.042813454,4.46281,0.0,0.0,0.0,0,sms
29.0,7.0,3.2857144,2.0,0.0,0.0,0.14285715,0.10344828,3.7622674,0.0,0.0,0.0,0,sms
36.0,7.0,4.285714,0.0,0.0,0.0,0.2857143,0.055555556,3.8980684,0.0,0.0,0.0,0,sms
87.0,21.0,3.1904762,1.0,0.0,0.0,0.1904762,0.04597701,4.4034014,0.0,0.0,0.0,0,sms
35.0,7.0,4.142857,0.0,0.0,0.0,0.2857143,0.057142857,4.1422954,0.0,0.0,0.0,0,sms
62.0,15.0,3.2,0.0,0.0,0.0,0.6,0.11290322,4.1551876,0.0,0.0,0.0,0,sms
32.0,8.0,3.125,0.0,0.0,0.0,0.5,0.03125,3.6536608,0.0,0.0,0.0,0,sms
24.0,5.0,4.0,0.0,0.0,0.0,0.4,0.125,3.6464393,0.0,0.0,0.0,0,sms
120.0,20.0,5.05,21.0,1.0,0.0,0.25,0.05,5.0942354,0.0,0.0,0.0,1,sms
112.0,22.0,4.1363635,0.0,0.0,0.0,0.45454547,0.035714287,4.0681653,0.0,0.0,0.0,0,sms
57.0,12.0,3.8333333,1.0,0.0,0.0,0.33333334,0.01754386,4.1514006,0.0,0.0,0.0,0,sms
26.0,5.0,4.4,0.0,0.0,0.0,0.4,0.0,3.077324,0.0,0.0,0.0,0,sms
110.0,19.0,4.8421054,0.0,0.0,0.0,0.42105263,0.045454547,4.4700646,0.0,0.0,0.0,0,sms
147.0,27.0,4.4814816,25.0,0.0,0.0,0.22222222,0.040816326,5.1023035,0.0,0.0,0.0,1,sms
147.0,33.0,3.4848485,0.0,0.0,0.0,0.45454547,0.06122449,4.4281898,0.0,0.0,0.0,0,sms
32.0,7.0,3.7142856,0.0,0.0,0.0,0.14285715,0.03125,4.132944,0.0,0.0,0.0,0,sms
151.0,30.0,4.0666666,1.0,0.0,0.0,0.13333334,0.0397351,4.2187576,0.0,0.0,0.0,0,sms
44.0,3.0,14.0,0.0,0.0,0.0,0.0,0.13636364,3.7165902,0.0,0.0,0.0,0,sms
30.0,7.0,3.4285715,0.0,0.0,0.0,0.42857143,0.033333335,3.767894,0.0,0.0,0.0,0,sms
135.0,25.0,4.44,0.0,0.0,0.0,0.56,0.022222223,4.0710015,0.0,0.0,0.0,1,sms
94.0,14.0,5.785714,0.0,0.0,0.0,0.14285715,0.07446808,4.1445107,0.0,0.0,0.0,0,sms
28.0,6.0,3.8333333,0.0,0.0,0.0,0.5,0.14285715,3.8492239,0.0,0.0,0.0,0,sms
164.0,22.0,6.2272725,0.0,0.0,0.0,0.36363637,0.15243903,4.6065083,0.0,0.0,0.0,0,sms
38.0,4.0,8.75,0.0,0.0,0.0,0.0,0.13157895,3.704303,0.0,0.0,0.0,0,sms
46.0,10.0,3.7,0.0,0.0,0.0,0.3,0.02173913,4.057313,0.0,0.0,0.0,0,sms
23.0,6.0,3.0,0.0,0.0,0.0,0.33333334,0.0,3.8365917,0.0,0.0,0.0,0,sms
269.0,52.0,4.1923075,2.0,0.0,0.0,0.40384614,0.044609666,4.459195,0.0,0.0,0.0,0,sms
65.0,16.0,3.125,0.0,0.0,0.0,0.4375,0.03076923,4.0941772,0.0,0.0,0.0,0,sms
24.0,4.0,5.25,0.0,0.0,0.0,0.0,0.041666668,3.784942,0.0,0.0,0.0,0,sms
42.0,9.0,3.7777777,0.0,0.0,0.0,0.44444445,0.04761905,4.043058,0.0,0.0,0.0,0,sms
45.0,8.0,4.75,0.0,0.0,0.0,0.5,0.08888889,4.0734754,0.0,0.0,0.0,0,sms
54.0,15.0,2.6666667,1.0,0.0,0.0,0.4,0.0,3.858695,0.0,0.0,0.0,0,sms
26.0,6.0,3.5,0.0,0.0,0.0,0.33333334,0.07692308,3.7256508,0.0,0.0,0.0,0,sms
60.0,12.0,4.0833335,1.0,0.0,0.0,0.083333336,0.11666667,4.002593,0.0,0.0,0.0,0,sms
159.0,25.0,5.4,19.0,0.0,0.0,0.16,0.050314464,5.0688553,0.0,0.0,1.0,1,sms
141.0,33.0,3.3030303,1.0,0.0,0.0,0.36363637,0.04964539,4.3633165,0.0,0.0,0.0,0,sms
153.0,30.0,4.133333,8.0,0.0,0.0,0.13333334,0.045751635,4.8227243,0.0,0.0,0.0,0,sms
35.0,7.0,4.142857,0.0,0.0,0.0,0.71428573,0.08571429,4.090234,0.0,0.0,0.0,0,sms
32.0,7.0,3.7142856,0.0,0.0,0.0,0.42857143,0.0,3.7962177,0.0,0.0,0.0,0,sms
143.0,29.0,3.9310346,1.0,0.0,0.0,0.4827586,0.02097902,4.4900756,0.0,0.0,0.0,0,sms
60.0,14.0,3.357143,0.0,0.0,0.0,0.2857143,0.13333334,4.2303586,0.0,0.0,0.0,0,sms
107.0,19.0,4.6842103,8.0,1.0,0.0,0.2631579,0.018691588,4.7186794,0.0,0.0,1.0,1,sms
96.0,23.0,3.2173913,0.0,0.0,0.0,0.5217391,0.052083332,4.1077905,0.0,0.0,0.0,0,sms
30.0,6.0,4.1666665,0.0,0.0,0.0,0.6666667,0.033333335,3.9736607,0.0,0.0,0.0,0,sms
147.0,31.0,3.7741935,15.0,0.0,0.0,0.19354838,0.040816326,5.034674,0.0,0.0,1.0,1,sms
126.0,24.0,4.2916665,0.0,0.0,0.0,0.45833334,0.055555556,4.3020644,0.0,0.0,0.0,0,sms
122.0,24.0,4.125,23.0,0.0,0.0,0.16666667,0.008196721,5.1485147,0.0,0.0,1.0,1,sms
41.0,7.0,5.0,0.0,0.0,0.0,0.2857143,0.19512194,4.1474395,0.0,0.0,0.0,0,sms
30.0,7.0,3.4285715,0.0,0.0,0.0,0.71428573,0.06666667,4.1053886,0.0,0.0,0.0,0,sms
157.0,30.0,4.266667,0.0,0.0,0.0,0.53333336,0.01910828,4.1942716,0.0,0.0,0.0,0,sms
71.0,13.0,4.5384617,0.0,0.0,0.0,0.3846154,0.04225352,4.1614757,0.0,0.0,0.0,0,sms
112.0,21.0,4.3809524,0.0,0.0,0.0,0.42857143,0.008928572,4.112401,0.0,0.0,0.0,0,sms
43.0,7.0,5.285714,0.0,0.0,0.0,0.42857143,0.093023255,4.1079698,0.0,0.0,0.0,0,sms
14.0,3.0,4.0,1.0,0.0,0.0,0.33333334,0.0,3.5849626,0.0,0.0,0.0,0,sms
49.0,9.0,4.5555553,0.0,0.0,0.0,0.5555556,0.020408163,3.799642,0.0,0.0,0.0,0,sms
47.0,8.0,5.0,0.0,0.0,0.0,0.375,0.0,4.1153116,0.0,0.0,0.0,0,sms
134.0,23.0,4.869565,5.0,0.0,1.0,0.3043478,0.052238807,4.7441087,0.0,0.0,0.0,1,sms
42.0,7.0,5.142857,0.0,0.0,0.0,0.42857143,0.071428575,3.8218882,0.0,0.0,0.0,0,sms
26.0,7.0,2.857143,0.0,0.0,0.0,0.5714286,0.0,3.5841837,0.0,0.0,0.0,0,sms
111.0,18.0,5.2222223,32.0,1.0,0.0,0.33333334,0.027027028,5.103977,0.0,0.0,0.0,1,sms
23.0,6.0,3.0,0.0,0.0,0.0,0.5,0.04347826,3.6416042,0.0,0.0,0.0,0,sms
30.0,6.0,4.1666665,0.0,0.0,0.0,0.33333334,0.033333335,3.5892751,0.0,0.0,0.0,0,sms
108.0,25.0,3.36,0.0,0.0,0.0,0.6,0.027777778,4.1926985,0.0,0.0,0.0,0,sms
164.0,28.0,4.892857,19.0,1.0,0.0,0.2857143,0.05487805,4.897767,0.0,0.0,1.0,1,sms
110.0,14.0,6.928571,19.0,0.0,0.0,0.14285715,0.06363636,4.946102,0.0,0.0,0.0,1,sms
119.0,19.0,5.3157897,0.0,0.0,0.0,0.21052632,0.13445379,4.706859,0.0,0.0,0.0,0,sms
37.0,6.0,5.3333335,0.0,0.0,0.0,0.0,0.13513513,3.9528196,0.0,0.0,0.0,0,sms
75.0,14.0,4.357143,0.0,0.0,0.0,0.2857143,0.053333335,4.2727795,0.0,0.0,0.0,0,sms
152.0,30.0,4.1,11.0,0.0,0.0,0.2,0.019736841,5.1173286,0.0,0.0,1.0,1,sms
46.0,12.0,2.9166667,1.0,0.0,0.0,0.25,0.04347826,4.150293,0.0,0.0,0.0,0,sms
51.0,9.0,4.5555553,0.0,0.0,0.0,0.44444445,0.11764706,4.192322,0.0,0.0,0.0,0,sms
461.0,66.0,5.9545455,1.0,0.0,0.0,0.10606061,0.05856833,4.9463286,0.0,0.0,0.0,0,sms
127.0,21.0,5.095238,0.0,0.0,0.0,0.33333334,0.023622047,4.208302,0.0,0.0,0.0,0,sms
44.0,9.0,4.0,0.0,0.0,0.0,0.5555556,0.022727273,3.774402,0.0,0.0,0.0,0,sms
34.0,9.0,2.8888888,1.0,0.0,0.0,0.22222222,0.029411765,3.5804622,0.0,0.0,0.0,0,sms
72.0,15.0,3.8666666,0.0,0.0,0.0,0.6666667,0.027777778,4.1244407,0.0,0.0,0.0,0,sms
30.0,7.0,3.4285715,0.0,0.0,0.0,0.42857143,0.033333335,3.5739348,0.0,0.0,0.0,0,sms
27.0,6.0,3.6666667,0.0,0.0,0.0,0.5,0.0,3.823068,0.0,0.0,0.0,0,sms
48.0,11.0,3.4545455,0.0,0.0,0.0,0.72727275,0.041666668,3.540802,0.0,0.0,0.0,0,sms
90.0,20.0,3.55,0.0,0.0,0.0,0.45,0.011111111,4.099409,0.0,0.0,0.0,0,sms
52.0,8.0,5.625,0.0,0.0,0.0,0.5,0.115384616,3.8914974,0.0,0.0,0.0,0,sms
47.0,9.0,4.3333335,0.0,0.0,0.0,0.33333334,0.04255319,4.16042,0.0,0.0,0.0,0,sms
22.0,5.0,3.6,0.0,0.0,0.0,0.6,0.045454547,3.5724313,0.0,0.0,0.0,0,sms
41.0,8.0,4.25,0.0,0.0,0.0,0.625,0.024390243,3.9146893,0.0,0.0,0.0,0,sms
37.0,8.0,3.75,0.0,0.0,0.0,0.5,0.08108108,4.040224,0.0,0.0,0.0,0,sms
173.0,33.0,4.2727275,0.0,0.0,0.0,0.45454547,0.028901733,4.2939095,0.0,0.0,0.0,0,sms
95.0,16.0,4.75,2.0,0.0,0.0,0.3125,0.042105265,4.3570514,0.0,0.0,0.0,0,sms
69.0,13.0,4.3846154,0.0,0.0,0.0,0.3846154,0.13043478,4.280197,0.0,0.0,0.0,0,sms
27.0,5.0,4.6,0.0,0.0,0.0,0.2,0.074074075,4.0887794,0.0,0.0,0.0,0,sms
47.0,7.0,5.571429,0.0,0.0,0.0,0.2857143,0.17021276,4.2629843,0.0,0.0,0.0,0,sms
93.0,17.0,4.529412,0.0,0.0,0.0,0.4117647,0.06451613,4.4023075,0.0,0.0,0.0,0,sms
32.0,7.0,3.7142856,0.0,0.0,0.0,0.14285715,0.15625,3.5654483,0.0,0.0,0.0,0,sms
48.0,10.0,3.9,0.0,0.0,0.0,0.2,0.104166664,3.9678617,0.0,0.0,0.0,0,sms
63.0,13.0,3.9230769,0.0,0.0,0.0,0.6923077,0.031746034,4.0598993,0.0,0.0,0.0,0,sms
75.0,14.0,4.428571,0.0,0.0,0.0,0.35714287,0.08,4.5869236,0.0,0.0,0.0,0,sms
295.0,56.0,4.285714,0.0,0.0,0.0,0.30357143,0.050847456,4.5998397,0.0,0.0,0.0,0,sms
39.0,9.0,3.4444444,0.0,0.0,0.0,0.44444445,0.025641026,3.7969608,0.0,0.0,0.0,0,sms
120.0,28.0,3.3214285,0.0,0.0,0.0,0.64285713,0.041666668,4.1065907,0.0,0.0,0.0,0,sms
43.0,10.0,3.4,5.0,1.0,0.0,0.5,0.046511628,4.1162996,0.0,0.0,0.0,0,sms
169.0,36.0,3.7222223,2.0,0.0,0.0,0.5833333,0.01775148,4.4147954,0.0,0.0,0.0,0,sms
101.0,23.0,3.4347825,0.0,0.0,0.0,0.6086956,0.05940594,4.2860928,0.0,0.0,0.0,0,sms
32.0,6.0,4.5,0.0,0.0,0.0,0.5,0.0625,3.2817602,0.0,0.0,0.0,0,sms
150.0,30.0,4.0,1.0,0.0,0.0,0.26666668,0.06,4.4981456,0.0,0.0,0.0,0,sms
40.0,8.0,4.125,0.0,0.0,0.0,0.375,0.15,3.6195593,0.0,0.0,0.0,0,sms
85.0,17.0,4.0588236,0.0,0.0,0.0,0.47058824,0.03529412,4.332505,0.0,0.0,0.0,0,sms
2.0,1.0,2.0,0.0,0.0,0.0,0.0,0.0,1.0,0.0,0.0,0.0,0,sms
135.0,26.0,4.230769,0.0,0.0,0.0,0.23076923,0.13333334,4.566371,0.0,0.0,0.0,0,sms
49.0,7.0,6.142857,0.0,0.0,0.0,0.2857143,0.08163265,3.914783,0.0,0.0,0.0,0,sms
32.0,7.0,3.7142856,0.0,0.0,0.0,0.2857143,0.03125,3.6385305,0.0,0.0,0.0,0,sms
29.0,6.0,4.0,0.0,0.0,0.0,0.5,0.03448276,3.5424812,0.0,0.0,0.0,0,sms
153.0,31.0,3.967742,15.0,1.0,0.0,0.22580644,0.045751635,5.3483086,0.0,0.0,1.0,1,sms
24.0,4.0,5.25,0.0,0.0,0.0,0.5,0.041666668,3.5944657,0.0,0.0,0.0,0,sms
74.0,15.0,4.0,0.0,0.0,0.0,0.4,0.13513513,4.3980684,0.0,0.0,0.0,0,sms
141.0,22.0,5.4545455,0.0,0.0,0.0,0.45454547,0.06382979,4.357222,0.0,0.0,0.0,1,sms
242.0,45.0,4.3555555,0.0,0.0,0.0,0.4888889,0.05785124,4.411333,0.0,0.0,0.0,0,sms
40.0,5.0,7.2,0.0,0.0,0.0,0.0,0.15,3.7160723,0.0,0.0,0.0,0,sms
66.0,12.0,4.5833335,0.0,0.0,0.0,0.33333334,0.045454547,4.1722054,0.0,0.0,0.0,0,sms
25.0,5.0,4.2,0.0,0.0,0.0,0.4,0.08,3.32734,0.0,0.0,0.0,0,sms
147.0,28.0,4.285714,14.0,0.0,0.0,0.25,0.027210884,4.8694086,0.0,0.0,0.0,1,sms
26.0,6.0,3.5,0.0,0.0,0.0,0.5,0.07692308,4.011365,0.0,0.0,0.0,0,sms
27.0,5.0,4.6,0.0,0.0,0.0,0.2,0.037037037,3.4472625,0.0,0.0,0.0,0,sms
121.0,25.0,3.88,5.0,0.0,0.0,0.44,0.024793388,4.5950327,0.0,0.0,1.0,1,sms
23.0,5.0,3.8,0.0,0.0,0.0,0.2,0.08695652,3.6818807,0.0,0.0,0.0,0,sms
38.0,9.0,3.3333333,0.0,0.0,0.0,0.33333334,0.0,3.7395723,0.0,0.0,0.0,0,sms
34.0,8.0,3.375,0.0,0.0,0.0,0.25,0.0882353,3.736007,0.0,0.0,0.0,0,sms
55.0,14.0,3.0,1.0,0.0,0.0,0.5714286,0.036363635,4.2728043,0.0,0.0,0.0,0,sms
46.0,9.0,4.2222223,0.0,0.0,0.0,0.5555556,0.02173913,3.9457185,0.0,0.0,0.0,0,sms
22.0,5.0,3.6,0.0,0.0,0.0,0.2,0.18181819,3.6835423,0.0,0.0,0.0,0,sms
42.0,8.0,4.375,0.0,0.0,0.0,0.375,0.0,3.8785849,0.0,0.0,0.0,0,sms
35.0,7.0,4.142857,0.0,0.0,0.0,0.42857143,0.08571429,4.211261,0.0,0.0,0.0,0,sms
53.0,9.0,5.0,0.0,0.0,0.0,0.33333334,0.03773585,4.2859716,0.0,0.0,0.0,0,sms
112.0,23.0,3.9130435,0.0,0.0,0.0,0.4347826,0.035714287,4.359172,0.0,0.0,0.0,0,sms
39.0,9.0,3.4444444,0.0,0.0,0.0,0.6666667,0.025641026,3.6403558,0.0,0.0,0.0,0,sms
38.0,8.0,3.875,0.0,0.0,0.0,0.625,0.0,3.704872,0.0,0.0,0.0,0,sms
129.0,29.0,3.4827585,0.0,0.0,0.0,0.44827586,0.13178295,4.3780155,0.0,0.0,0.0,0,sms
67.0,11.0,5.181818,0.0,0.0,0.0,0.27272728,0.08955224,4.0821805,0.0,0.0,0.0,0,sms
147.0,29.0,4.1034484,0.0,0.0,0.0,0.55172414,0.020408163,4.303807,0.0,0.0,0.0,0,sms
61.0,12.0,4.1666665,0.0,0.0,0.0,0.6666667,0.032786883,4.1590796,0.0,0.0,0.0,0,sms
38.0,5.0,6.8,0.0,0.0,0.0,0.4,0.13157895,4.3005543,0.0,0.0,0.0,0,sms
82.0,22.0,2.7727273,4.0,0.0,0.0,0.27272728,0.024390243,4.2651663,0.0,0.0,0.0,0,sms
15.0,4.0,2.75,0.0,0.0,0.0,0.25,0.0,2.845351,0.0,0.0,0.0,0,sms
153.0,34.0,3.5294118,0.0,0.0,0.0,0.5294118,0.078431375,4.270218,0.0,0.0,0.0,0,sms
42.0,9.0,3.7777777,0.0,0.0,0.0,0.44444445,0.071428575,4.1973257,0.0,0.0,0.0,0,sms
155.0,27.0,4.7777777,0.0,0.0,0.0,0.18518518,0.13548388,4.637671,0.0,0.0,0.0,0,sms
50.0,6.0,7.5,0.0,0.0,0.0,0.5,0.14,3.8588765,0.0,0.0,0.0,0,sms
52.0,11.0,3.8181818,0.0,0.0,0.0,0.36363637,0.057692308,4.177566,0.0,0.0,0.0,0,sms
140.0,27.0,4.2222223,3.0,0.0,0.0,0.25925925,0.021428572,5.0404706,0.0,0.0,0.0,1,sms
54.0,11.0,4.0,0.0,0.0,0.0,0.36363637,0.074074075,4.094907,0.0,0.0,0.0,0,sms
49.0,1.0,49.0,4.0,0.0,0.0,0.0,0.1632653,4.270336,0.0,0.0,0.0,0,sms
67.0,12.0,4.6666665,3.0,0.0,0.0,0.41666666,0.07462686,4.532639,0.0,0.0,0.0,0,sms
139.0,27.0,4.148148,0.0,0.0,0.0,0.4814815,0.01438849,4.3319597,0.0,0.0,0.0,0,sms
110.0,19.0,4.8421054,0.0,0.0,0.0,0.36842105,0.06363636,4.3746367,0.0,0.0,0.0,0,sms
37.0,9.0,3.2222223,0.0,0.0,0.0,0.44444445,0.054054055,4.211261,0.0,0.0,0.0,0,sms
40.0,9.0,3.5555556,0.0,0.0,0.0,0.6666667,0.025,4.1792293,0.0,0.0,0.0,0,sms
25.0,6.0,3.3333333,0.0,0.0,0.0,0.16666667,0.24,3.4464393,0.0,0.0,0.0,0,sms
113.0,20.0,4.7,0.0,0.0,0.0,0.35,0.053097345,4.364572,0.0,0.0,0.0,0,sms
28.0,4.0,6.25,0.0,0.0,0.0,0.0,0.035714287,3.1826832,0.0,0.0,0.0,0,sms
48.0,12.0,3.0833333,0.0,0.0,0.0,0.6666667,0.0,4.00056,0.0,0.0,0.0,0,sms
58.0,11.0,4.3636365,0.0,0.0,0.0,0.18181819,0.12068965,4.1080074,0.0,0.0,0.0,0,sms
66.0,16.0,3.1875,0.0,0.0,0.0,0.3125,0.09090909,4.129856,0.0,0.0,0.0,0,sms
26.0,7.0,2.857143,0.0,0.0,0.0,0.71428573,0.03846154,3.5464394,0.0,0.0,0.0,0,sms
297.0,64.0,3.640625,0.0,0.0,0.0,0.53125,0.04040404,4.438545,0.0,0.0,0.0,0,sms
148.0,30.0,3.9666667,0.0,0.0,0.0,0.36666667,0.02027027,4.3154507,0.0,0.0,0.0,0,sms
149.0,33.0,3.5454545,1.0,0.0,0.0,0.4848485,0.040268455,4.3509007,0.0,0.0,0.0,0,sms
154.0,31.0,4.0,0.0,0.0,0.0,0.58064514,0.051948052,4.3547792,0.0,0.0,0.0,0,sms
112.0,19.0,4.9473686,20.0,0.0,0.0,0.10526316,0.026785715,4.917903,0.0,0.0,1.0,1,sms
36.0,9.0,3.0,0.0,0.0,0.0,0.33333334,0.055555556,3.884155,0.0,0.0,0.0,0,sms
35.0,7.0,4.142857,0.0,0.0,0.0,0.42857143,0.057142857,3.6884587,0.0,0.0,0.0,0,sms
31.0,6.0,4.3333335,0.0,0.0,0.0,0.16666667,0.06451613,3.6902604,0.0,0.0,0.0,0,sms
70.0,13.0,4.4615383,0.0,0.0,0.0,0.30769232,0.042857144,4.1694956,0.0,0.0,0.0,0,sms
33.0,8.0,3.25,1.0,0.0,0.0,0.125,0.121212125,3.8731406,0.0,0.0,0.0,0,sms
35.0,6.0,5.0,0.0,0.0,0.0,0.0,0.057142857,4.056565,0.0,0.0,0.0,0,sms
23.0,6.0,3.0,0.0,0.0,0.0,0.5,0.04347826,3.4193819,0.0,0.0,0.0,0,sms
76.0,17.0,3.5294118,0.0,0.0,0.0,0.47058824,0.013157895,4.0315657,0.0,0.0,0.0,0,sms
24.0,5.0,4.0,0.0,0.0,0.0,0.4,0.041666668,3.6841838,0.0,0.0,0.0,0,sms
41.0,8.0,4.25,0.0,0.0,0.0,0.5,0.07317073,4.0545387,0.0,0.0,0.0,0,sms
48.0,7.0,6.0,0.0,0.0,0.0,0.2857143,0.041666668,4.2228074,0.0,0.0,0.0,0,sms
143.0,30.0,3.8,19.0,0.0,0.0,0.3,0.04195804,4.8442907,0.0,0.0,1.0,1,sms
59.0,15.0,3.0,0.0,0.0,0.0,0.53333336,0.016949153,3.772207,0.0,0.0,0.0,0,sms
53.0,10.0,4.4,0.0,0.0,0.0,0.4,0.03773585,4.016615,0.0,0.0,0.0,0,sms
139.0,29.0,3.8275862,20.0,0.0,0.0,0.27586207,0.043165468,5.0286326,0.0,0.0,1.0,1,sms
19.0,5.0,3.0,1.0,0.0,0.0,0.0,0.05263158,3.5068905,0.0,0.0,0.0,0,sms
51.0,10.0,4.2,0.0,0.0,0.0,0.5,0.05882353,4.1595926,0.0,0.0,0.0,0,sms
122.0,25.0,3.92,0.0,0.0,0.0,0.44,0.008196721,4.3285055,0.0,0.0,0.0,0,sms
53.0,11.0,3.909091,0.0,0.0,0.0,0.27272728,0.03773585,4.1558185,0.0,0.0,0.0,0,sms
22.0,6.0,2.8333333,1.0,0.0,0.0,0.5,0.09090909,3.5724695,0.0,0.0,0.0,0,sms
156.0,29.0,4.413793,7.0,0.0,0.0,0.51724136,0.051282052,4.7516103,0.0,0.0,1.0,1,sms
155.0,32.0,3.875,0.0,0.0,0.0,0.5,0.038709678,4.4452715,0.0,0.0,0.0,0,sms
25.0,5.0,4.2,0.0,0.0,0.0,0.6,0.08,3.4992275,0.0,0.0,0.0,0,sms
39.0,9.0,3.4444444,0.0,0.0,0.0,0.33333334,0.051282052,3.9134007,0.0,0.0,0.0,0,sms
119.0,26.0,3.6153846,0.0,0.0,0.0,0.30769232,0.025210084,3.9802802,0.0,0.0,0.0,0,sms
104.0,22.0,3.7727273,0.0,0.0,0.0,0.45454547,0.028846154,4.16397,0.0,0.0,0.0,0,sms
45.0,10.0,3.6,0.0,0.0,0.0,0.8,0.022222223,3.8428574,0.0,0.0,0.0,0,sms
18.0,5.0,2.8,0.0,0.0,0.0,0.2,0.055555556,3.5216405,0.0,0.0,0.0,0,sms
19.0,4.0,4.0,0.0,0.0,0.0,0.25,0.05263158,3.2806392,0.0,0.0,0.0,0,sms
144.0,33.0,3.3939395,4.0,0.0,0.0,0.33333334,0.013888889,5.053321,0.0,0.0,0.0,1,sms
30.0,6.0,4.1666665,0.0,0.0,0.0,0.5,0.0,3.6994705,0.0,0.0,0.0,0,sms
91.0,17.0,4.4117646,1.0,0.0,0.0,0.3529412,0.043956045,4.136744,0.0,0.0,0.0,0,sms
156.0,28.0,4.607143,1.0,0.0,0.0,0.071428575,0.07692308,4.4597416,0.0,0.0,0.0,0,sms
45.0,9.0,4.111111,0.0,0.0,0.0,0.44444445,0.044444446,3.8047462,0.0,0.0,0.0,0,sms
42.0,9.0,3.7777777,0.0,0.0,0.0,0.5555556,0.023809524,3.8529284,0.0,0.0,0.0,0,sms
36.0,6.0,5.1666665,0.0,0.0,0.0,0.0,0.11111111,3.606634,0.0,0.0,0.0,0,sms
113.0,25.0,3.56,0.0,0.0,0.0,0.36,0.017699115,4.0635505,0.0,0.0,0.0,0,sms
141.0,23.0,5.173913,1.0,0.0,0.0,0.04347826,0.056737587,4.572421,0.0,1.0,0.0,0,sms
38.0,7.0,4.428571,0.0,0.0,0.0,0.42857143,0.05263158,3.885828,0.0,0.0,0.0,0,sms
43.0,9.0,3.8888888,0.0,0.0,0.0,0.11111111,0.069767445,4.24301,0.0,0.0,0.0,0,sms
29.0,7.0,3.2857144,0.0,0.0,0.0,0.71428573,0.0,3.6753109,0.0,0.0,0.0,0,sms
145.0,23.0,5.347826,22.0,0.0,0.0,0.13043478,0.04137931,5.2404947,0.0,0.0,0.0,1,sms
61.0,12.0,4.1666665,0.0,0.0,0.0,0.5833333,0.016393442,4.2561746,0.0,0.0,0.0,0,sms
160.0,33.0,3.878788,23.0,0.0,0.0,0.24242425,0.01875,4.98491,0.0,0.0,1.0,1,sms
5.0,1.0,5.0,0.0,0.0,0.0,0.0,0.6,1.3709506,0.0,0.0,0.0,0,sms
33.0,6.0,4.6666665,0.0,0.0,0.0,0.33333334,0.060606062,3.7229075,0.0,0.0,0.0,0,sms
41.0,8.0,4.25,0.0,0.0,0.0,0.375,0.0,4.043058,0.0,0.0,0.0,0,sms
60.0,12.0,4.0833335,0.0,0.0,0.0,0.33333334,0.016666668,4.0628915,0.0,0.0,0.0,0,sms
44.0,11.0,3.090909,0.0,0.0,0.0,0.72727275,0.06818182,4.359378,0.0,0.0,0.0,0,sms
32.0,7.0,3.7142856,0.0,0.0,0.0,0.2857143,0.03125,3.8252518,0.0,0.0,0.0,0,sms
87.0,16.0,4.5,0.0,0.0,0.0,0.5,0.04597701,4.119265,0.0,0.0,0.0,0,sms
66.0,13.0,4.1538463,0.0,0.0,0.0,0.53846157,0.030303031,4.1268106,0.0,0.0,0.0,0,sms
152.0,28.0,4.464286,37.0,1.0,0.0,0.39285713,0.032894738,4.9684153,0.0,0.0,1.0,1,sms
148.0,30.0,3.9666667,0.0,0.0,0.0,0.36666667,0.0472973,5.1129246,0.0,0.0,0.0,0,sms
56.0,12.0,3.75,0.0,0.0,0.0,0.5,0.071428575,3.8952203,0.0,1.0,0.0,0,sms
101.0,19.0,4.368421,23.0,0.0,0.0,0.10526316,0.02970297,5.2484155,0.0,0.0,1.0,1,sms
148.0,26.0,4.730769,0.0,0.0,0.0,0.3846154,0.074324325,4.6415157,0.0,0.0,0.0,0,sms
55.0,10.0,4.6,0.0,0.0,0.0,0.3,0.018181818,4.04228,0.0,0.0,0.0,0,sms
35.0,6.0,5.0,0.0,0.0,0.0,0.33333334,0.114285715,4.281728,0.0,0.0,0.0,0,sms
31.0,7.0,3.5714285,0.0,0.0,0.0,0.42857143,0.06451613,4.053661,0.0,0.0,0.0,0,sms
38.0,6.0,5.5,1.0,0.0,0.0,0.0,0.10526316,3.8848588,0.0,0.0,0.0,0,sms
59.0,12.0,4.0,0.0,0.0,0.0,0.41666666,0.016949153,4.1449747,0.0,0.0,0.0,0,sms
114.0,17.0,5.7647057,0.0,0.0,0.0,0.29411766,0.114035085,4.6063795,0.0,0.0,0.0,1,sms
27.0,5.0,4.6,0.0,0.0,0.0,0.4,0.074074075,3.8279097,0.0,0.0,0.0,0,sms
159.0,27.0,4.9259257,29.0,1.0,0.0,0.25925925,0.018867925,5.192868,0.0,0.0,1.0,1,sms
55.0,10.0,4.6,0.0,0.0,0.0,0.1,0.07272727,4.276082,0.0,0.0,0.0,0,sms
30.0,7.0,3.4285715,0.0,0.0,0.0,0.5714286,0.033333335,3.8349626,0.0,0.0,0.0,0,sms
33.0,7.0,3.857143,0.0,0.0,0.0,0.2857143,0.21212122,4.162295,0.0,0.0,0.0,0,sms
92.0,20.0,3.65,3.0,0.0,0.0,0.4,0.04347826,4.3982606,0.0,0.0,0.0,0,sms
59.0,13.0,3.6153846,0.0,0.0,0.0,0.30769232,0.050847456,3.972365,0.0,0.0,0.0,0,sms
160.0,31.0,4.193548,0.0,0.0,0.0,0.41935483,0.03125,4.279318,0.0,0.0,0.0,0,sms
130.0,24.0,4.4583335,0.0,0.0,0.0,0.41666666,0.16923077,4.7184625,0.0,0.0,0.0,0,sms
112.0,28.0,3.0,3.0,0.0,0.0,0.2857143,0.035714287,4.310282,0.0,0.0,0.0,0,sms
52.0,11.0,3.8181818,0.0,0.0,0.0,0.27272728,0.03846154,4.031335,0.0,0.0,0.0,0,sms
65.0,13.0,4.076923,1.0,0.0,0.0,0.61538464,0.03076923,4.3575583,0.0,0.0,0.0,0,sms
59.0,8.0,6.5,0.0,0.0,0.0,0.25,0.10169491,4.250746,0.0,0.0,0.0,0,sms
23.0,4.0,5.0,0.0,0.0,0.0,0.25,0.0,3.508695,0.0,0.0,0.0,0,sms
153.0,30.0,4.133333,19.0,0.0,0.0,0.33333334,0.045751635,4.846525,0.0,0.0,0.0,1,sms
41.0,9.0,3.5555556,1.0,0.0,0.0,0.44444445,0.14634146,3.9292293,0.0,0.0,0.0,0,sms
137.0,28.0,3.9285715,1.0,0.0,0.0,0.21428572,0.01459854,4.3412952,0.0,0.0,0.0,0,sms
148.0,19.0,6.8421054,25.0,1.0,0.0,0.21052632,0.04054054,5.37095,0.0,0.0,1.0,1,sms
35.0,9.0,3.0,0.0,0.0,0.0,0.33333334,0.028571429,3.810081,0.0,0.0,0.0,0,sms
69.0,16.0,3.375,0.0,0.0,0.0,0.5,0.04347826,4.1492724,0.0,0.0,0.0,0,sms
68.0,13.0,4.230769,0.0,0.0,0.0,0.3846154,0.029411765,4.1231713,0.0,0.0,0.0,0,sms
68.0,12.0,4.75,0.0,0.0,0.0,0.33333334,0.014705882,4.1197543,0.0,0.0,0.0,0,sms
49.0,12.0,3.0833333,0.0,0.0,0.0,0.33333334,0.08163265,4.1416216,0.0,0.0,0.0,0,sms
96.0,20.0,3.85,0.0,0.0,0.0,0.55,0.03125,4.2404323,0.0,0.0,0.0,0,sms
46.0,9.0,4.2222223,2.0,0.0,0.0,0.0,0.1521739,4.0959687,0.0,0.0,0.0,0,sms
47.0,10.0,3.8,0.0,0.0,0.0,0.5,0.04255319,3.7646503,0.0,0.0,0.0,0,sms
50.0,11.0,3.6363637,0.0,0.0,0.0,0.72727275,0.0,3.9873261,0.0,0.0,0.0,0,sms
28.0,4.0,6.25,0.0,0.0,0.0,0.5,0.10714286,3.6994705,0.0,0.0,0.0,0,sms
110.0,21.0,4.285714,0.0,0.0,0.0,0.3809524,0.11818182,4.128128,0.0,0.0,0.0,0,sms
97.0,20.0,3.85,0.0,0.0,0.0,0.45,0.041237112,4.290448,0.0,0.0,0.0,0,sms
46.0,10.0,3.7,0.0,0.0,0.0,0.5,0.06521739,3.959057,0.0,0.0,0.0,0,sms
90.0,18.0,4.0555553,0.0,0.0,0.0,0.6111111,0.044444446,4.2596917,0.0,0.0,0.0,0,sms
13.0,3.0,3.6666667,0.0,0.0,0.0,0.33333334,0.07692308,3.2776134,0.0,0.0,0.0,0,sms
41.0,7.0,5.0,0.0,0.0,0.0,0.42857143,0.024390243,3.7614458,0.0,0.0,0.0,0,sms
65.0,14.0,3.7142856,0.0,0.0,0.0,0.42857143,0.046153847,4.162475,0.0,0.0,0.0,0,sms
134.0,34.0,2.9705882,4.0,0.0,0.0,0.23529412,0.02238806,4.41729,0.0,0.0,0.0,0,sms
145.0,34.0,3.2941177,1.0,0.0,0.0,0.44117647,0.11034483,4.565125,0.0,0.0,0.0,0,sms
131.0,25.0,4.28,2.0,0.0,0.0,0.36,0.045801528,4.4740763,0.0,0.0,0.0,0,sms
33.0,7.0,3.857143,0.0,0.0,0.0,0.42857143,0.09090909,3.8245387,0.0,0.0,0.0,0,sms
14.0,3.0,4.0,0.0,0.0,0.0,0.0,0.14285715,3.5849626,0.0,0.0,0.0,0,sms
105.0,24.0,3.4166667,0.0,0.0,0.0,0.45833334,0.03809524,4.4169097,0.0,0.0,0.0,0,sms
42.0,8.0,4.375,0.0,0.0,0.0,0.5,0.071428575,4.04716,0.0,0.0,0.0,0,sms
159.0,28.0,4.714286,19.0,1.0,0.0,0.35714287,0.031446543,5.1592584,0.0,0.0,1.0,1,sms
40.0,6.0,5.8333335,0.0,0.0,0.0,0.16666667,0.15,4.307715,0.0,0.0,0.0,0,sms
47.0,8.0,5.0,0.0,0.0,0.0,0.375,0.08510638,4.1939425,0.0,0.0,0.0,0,sms
80.0,18.0,3.5,0.0,0.0,0.0,0.5,0.0625,4.1509523,0.0,0.0,0.0,0,sms
72.0,15.0,3.8666666,0.0,0.0,0.0,0.4,0.013888889,4.112147,0.0,0.0,0.0,0,sms
157.0,24.0,5.5833335,16.0,0.0,0.0,0.33333334,0.025477707,4.624524,0.0,0.0,0.0,1,sms
150.0,32.0,3.71875,0.0,0.0,0.0,0.46875,0.06666667,4.5709014,0.0,0.0,0.0,0,sms
33.0,8.0,3.25,0.0,0.0,0.0,0.5,0.0,3.6385305,0.0,0.0,0.0,0,sms
33.0,5.0,5.8,0.0,0.0,0.0,0.2,0.09090909,3.909368,0.0,0.0,0.0,0,sms
32.0,7.0,3.5714285,0.0,0.0,0.0,0.42857143,0.09375,3.4830742,0.0,0.0,0.0,0,sms
281.0,58.0,3.862069,9.0,0.0,0.0,0.25862068,0.10676157,4.606888,0.0,0.0,0.0,0,sms
44.0,8.0,4.625,0.0,0.0,0.0,0.375,0.022727273,4.096987,0.0,0.0,0.0,0,sms
136.0,26.0,4.269231,22.0,0.0,0.0,0.1923077,0.05882353,5.00947,0.0,0.0,1.0,1,sms
142.0,24.0,4.9583335,28.0,0.0,0.0,0.20833333,0.056338027,5.1832147,0.0,0.0,1.0,1,sms
102.0,19.0,4.4210525,0.0,0.0,0.0,0.47368422,0.029411765,4.3998876,0.0,0.0,0.0,0,sms
34.0,9.0,2.8888888,0.0,0.0,0.0,0.5555556,0.05882353,3.9790978,0.0,0.0,0.0,0,sms
73.0,15.0,3.9333334,0.0,0.0,0.0,0.46666667,0.04109589,4.052301,0.0,0.0,0.0,0,sms
149.0,24.0,5.25,0.0,0.0,0.0,0.29166666,0.0738255,4.354013,0.0,0.0,0.0,0,sms
20.0,5.0,3.2,0.0,0.0,0.0,0.2,0.2,3.75,0.0,0.0,0.0,0,sms
22.0,3.0,6.6666665,0.0,0.0,0.0,0.0,0.13636364,3.6464393,0.0,0.0,0.0,0,sms
92.0,20.0,3.65,0.0,0.0,0.0,0.5,0.032608695,4.3124056,0.0,0.0,0.0,0,sms
86.0,18.0,3.8333333,0.0,0.0,0.0,0.16666667,0.034883723,4.207779,0.0,0.0,0.0,0,sms
28.0,5.0,4.8,0.0,0.0,0.0,0.2,0.10714286,3.8349626,0.0,0.0,0.0,0,sms
40.0,9.0,3.5555556,0.0,0.0,0.0,0.5555556,0.05,3.9375,0.0,0.0,0.0,0,sms
90.0,16.0,4.6875,0.0,0.0,0.0,0.3125,0.022222223,4.1274877,0.0,0.0,0.0,0,sms
47.0,10.0,3.8,0.0,0.0,0.0,0.2,0.04255319,4.0933404,0.0,0.0,0.0,0,sms
66.0,10.0,5.7,0.0,0.0,0.0,0.3,0.21212122,4.1698375,0.0,0.0,0.0,0,sms
63.0,13.0,3.9230769,0.0,0.0,0.0,0.46153846,0.031746034,4.2082872,0.0,0.0,0.0,0,sms
147.0,34.0,3.3529413,3.0,0.0,0.0,0.20588236,0.0952381,4.800033,0.0,0.0,0.0,0,sms
47.0,10.0,3.8,0.0,0.0,0.0,0.2,0.12765957,4.2935944,0.0,0.0,0.0,0,sms
151.0,26.0,4.8461537,5.0,0.0,0.0,0.115384616,0.013245033,4.2542124,0.0,0.0,0.0,0,sms
37.0,8.0,3.75,0.0,0.0,0.0,0.375,0.054054055,3.8817277,0.0,0.0,0.0,0,sms
41.0,8.0,4.25,0.0,0.0,0.0,0.5,0.0,4.101881,0.0,0.0,0.0,0,sms
32.0,7.0,3.7142856,0.0,0.0,0.0,0.42857143,0.09375,4.132944,0.0,0.0,0.0,0,sms
24.0,5.0,4.0,0.0,0.0,0.0,0.4,0.041666668,3.7219281,0.0,0.0,0.0,0,sms
29.0,5.0,5.0,0.0,0.0,0.0,0.0,0.06896552,3.9434652,0.0,0.0,0.0,0,sms
50.0,9.0,4.6666665,1.0,0.0,0.0,0.33333334,0.12,3.8559048,0.0,0.0,0.0,0,sms
35.0,5.0,6.2,0.0,0.0,0.0,0.4,0.2,4.1556516,0.0,0.0,0.0,0,sms
38.0,7.0,4.571429,0.0,0.0,0.0,0.42857143,0.15789473,3.7570488,0.0,0.0,0.0,0,sms
41.0,11.0,2.8181818,0.0,0.0,0.0,0.36363637,0.0,3.756796,0.0,0.0,0.0,0,sms
118.0,26.0,3.5769231,0.0,0.0,0.0,0.5769231,0.025423728,4.088801,0.0,0.0,0.0,0,sms
57.0,12.0,3.8333333,0.0,0.0,0.0,0.5833333,0.05263158,3.9096744,0.0,0.0,0.0,0,sms
115.0,24.0,3.8333333,0.0,0.0,0.0,0.5833333,0.017391304,4.2734222,0.0,0.0,0.0,0,sms
157.0,26.0,5.076923,18.0,1.0,0.0,0.30769232,0.050955415,5.0257673,0.0,0.0,0.0,1,sms
51.0,11.0,3.7272727,0.0,0.0,0.0,0.6363636,0.039215688,4.308295,0.0,0.0,0.0,0,sms
82.0,16.0,4.1875,0.0,0.0,0.0,0.4375,0.09756097,4.2763367,0.0,0.0,0.0,0,sms
29.0,7.0,3.2857144,0.0,0.0,0.0,0.5714286,0.0,3.708132,0.0,0.0,0.0,0,sms
23.0,6.0,3.0,0.0,0.0,0.0,0.16666667,0.04347826,3.4613202,0.0,0.0,0.0,0,sms
72.0,14.0,4.071429,0.0,0.0,0.0,0.5,0.097222224,4.333172,0.0,0.0,0.0,0,sms
173.0,30.0,4.8,33.0,0.0,0.0,0.23333333,0.028901733,4.8286324,0.0,0.0,0.0,1,sms
72.0,18.0,3.0555556,0.0,0.0,0.0,0.33333334,0.06944445,4.3187146,0.0,0.0,0.0,0,sms
33.0,9.0,2.7777777,0.0,0.0,0.0,0.33333334,0.030303031,3.7034652,0.0,0.0,0.0,0,sms
111.0,25.0,3.48,0.0,0.0,0.0,0.72,0.036036037,4.1937394,0.0,0.0,0.0,0,sms
34.0,4.0,7.75,0.0,0.0,0.0,0.0,0.0,3.8890495,0.0,0.0,0.0,0,sms
86.0,19.0,3.5789473,0.0,0.0,0.0,0.57894737,0.011627907,4.119721,0.0,0.0,0.0,0,sms
50.0,8.0,5.375,12.0,0.0,0.0,0.25,0.04,4.235119,0.0,0.0,0.0,1,sms
121.0,24.0,4.0833335,0.0,0.0,0.0,0.41666666,0.016528925,4.597986,0.0,0.0,0.0,0,sms
61.0,11.0,4.6363635,0.0,0.0,0.0,0.36363637,0.04918033,4.176726,0.0,0.0,0.0,0,sms
14.0,3.0,4.0,0.0,0.0,0.0,0.33333334,0.21428572,3.0220551,0.0,0.0,0.0,0,sms
120.0,26.0,3.6538463,0.0,0.0,0.0,0.42307693,0.05,4.5132847,0.0,0.0,0.0,0,sms
78.0,16.0,3.9375,0.0,0.0,0.0,0.4375,0.07692308,4.3680086,0.0,0.0,0.0,0,sms
50.0,10.0,4.1,0.0,0.0,0.0,0.6,0.04,4.0555015,0.0,0.0,0.0,0,sms
27.0,4.0,6.0,0.0,0.0,0.0,0.5,0.037037037,3.5220551,0.0,0.0,0.0,0,sms
444.0,71.0,5.2394366,11.0,0.0,0.0,0.26760563,0.0945946,5.047461,0.0,0.0,0.0,0,sms
79.0,13.0,5.1538463,0.0,0.0,0.0,0.46153846,0.06329114,4.2462473,0.0,0.0,0.0,0,sms
84.0,17.0,3.9411764,0.0,0.0,0.0,0.3529412,0.13095239,4.263194,0.0,0.0,0.0,0,sms
62.0,15.0,3.2,0.0,0.0,0.0,0.46666667,0.048387095,4.0238023,0.0,0.0,0.0,0,sms
33.0,8.0,3.25,0.0,0.0,0.0,0.375,0.0,3.4594913,0.0,0.0,0.0,0,sms
68.0,13.0,4.3076925,0.0,0.0,0.0,0.46153846,0.05882353,3.9335032,0.0,0.0,0.0,0,sms
107.0,23.0,3.652174,0.0,0.0,0.0,0.5217391,0.07476635,4.4429803,0.0,0.0,0.0,0,sms
37.0,8.0,3.75,0.0,0.0,0.0,0.5,0.10810811,3.815061,0.0,0.0,0.0,0,sms
132.0,27.0,3.925926,0.0,0.0,0.0,0.4814815,0.015151516,4.2615247,0.0,0.0,0.0,0,sms
139.0,25.0,4.56,18.0,0.0,0.0,0.24,0.02877698,5.155271,0.0,0.0,0.0,1,sms
105.0,17.0,5.2352943,13.0,0.0,0.0,0.1764706,0.028571429,4.602586,0.0,0.0,0.0,1,sms
69.0,17.0,3.1176472,11.0,0.0,0.0,0.5294118,0.04347826,4.40187,0.0,0.0,1.0,0,sms
85.0,15.0,4.733333,0.0,0.0,0.0,0.4,0.05882353,4.23698,0.0,0.0,0.0,0,sms
38.0,7.0,4.571429,0.0,0.0,0.0,0.2857143,0.0,3.753928,0.0,0.0,0.0,0,sms
114.0,25.0,3.6,2.0,0.0,0.0,0.44,0.05263158,4.396338,0.0,0.0,0.0,0,sms
151.0,22.0,5.909091,0.0,0.0,0.0,0.36363637,0.07284768,4.7727714,0.0,0.0,0.0,0,sms
80.0,19.0,3.2631578,0.0,0.0,0.0,0.2631579,0.05,4.259816,0.0,0.0,0.0,0,sms
80.0,21.0,2.857143,2.0,0.0,0.0,0.2857143,0.0375,4.256298,0.0,0.0,0.0,0,sms
157.0,27.0,4.814815,22.0,0.0,0.0,0.22222222,0.012738854,4.6331406,0.0,0.0,1.0,1,sms
134.0,24.0,4.625,5.0,0.0,1.0,0.33333334,0.04477612,4.7125816,0.0,0.0,0.0,1,sms
158.0,27.0,4.888889,0.0,0.0,0.0,0.22222222,0.10759494,5.130775,0.0,0.0,0.0,0,sms
35.0,8.0,3.5,0.0,0.0,0.0,0.75,0.0,3.726474,0.0,0.0,0.0,0,sms
40.0,8.0,4.125,0.0,0.0,0.0,0.125,0.05,4.392583,0.0,0.0,0.0,1,sms
165.0,30.0,4.5333333,0.0,0.0,0.0,0.4,0.030303031,4.3304715,0.0,0.0,0.0,0,sms
42.0,10.0,3.3,0.0,0.0,0.0,0.9,0.071428575,3.7148697,0.0,0.0,0.0,0,sms
153.0,26.0,4.923077,0.0,0.0,0.0,0.23076923,0.026143791,4.2708964,0.0,0.0,0.0,0,sms
320.0,43.0,6.395349,10.0,0.0,0.0,0.023255814,0.084375,4.693217,0.0,0.0,0.0,0,sms
93.0,24.0,2.9166667,3.0,0.0,0.0,0.33333334,0.010752688,4.331679,0.0,0.0,0.0,0,sms
148.0,29.0,4.137931,0.0,0.0,0.0,0.51724136,0.02027027,4.325543,0.0,0.0,0.0,0,sms
50.0,9.0,4.6666665,0.0,0.0,0.0,0.44444445,0.08,3.9807885,0.0,0.0,0.0,0,sms
72.0,15.0,3.8666666,0.0,0.0,0.0,0.33333334,0.06944445,4.310591,0.0,0.0,0.0,0,sms
55.0,13.0,3.3076923,0.0,0.0,0.0,0.3846154,0.018181818,3.7135034,0.0,0.0,0.0,0,sms
158.0,35.0,3.5428572,0.0,0.0,0.0,0.42857143,0.012658228,4.163703,0.0,0.0,0.0,0,sms
54.0,12.0,3.5833333,0.0,0.0,0.0,0.6666667,0.037037037,4.0139613,0.0,0.0,0.0,0,sms
113.0,23.0,3.9565217,0.0,0.0,0.0,0.26086956,0.11504425,4.474751,0.0,0.0,0.0,0,sms
70.0,17.0,3.1764705,1.0,0.0,0.0,0.5294118,0.028571429,4.1760287,0.0,0.0,0.0,0,sms
146.0,23.0,5.3913045,14.0,0.0,0.0,0.3043478,0.02739726,4.910225,0.0,0.0,0.0,1,sms
77.0,16.0,3.875,0.0,0.0,0.0,0.25,0.038961038,4.173909,0.0,0.0,0.0,0,sms
72.0,13.0,4.5384617,0.0,0.0,0.0,0.30769232,0.041666668,4.08537,0.0,0.0,0.0,0,sms
33.0,6.0,4.6666665,0.0,0.0,0.0,0.33333334,0.060606062,3.94076,0.0,0.0,0.0,0,sms
32.0,6.0,4.3333335,0.0,0.0,0.0,0.5,0.09375,3.7483287,0.0,0.0,0.0,0,sms
91.0,20.0,3.6,0.0,0.0,0.0,0.2,0.07692308,4.4447446,0.0,0.0,0.0,0,sms
22.0,6.0,2.8333333,0.0,0.0,0.0,0.16666667,0.0,3.4548223,0.0,0.0,0.0,0,sms
148.0,32.0,3.65625,0.0,0.0,0.0,0.59375,0.02027027,4.4258256,0.0,0.0,0.0,0,sms
145.0,34.0,3.2941177,1.0,0.0,0.0,0.44117647,0.11034483,4.565125,0.0,0.0,0.0,0,sms
126.0,26.0,3.8846154,0.0,0.0,0.0,0.46153846,0.023809524,4.178543,0.0,0.0,0.0,0,sms
28.0,5.0,4.8,0.0,0.0,0.0,0.4,0.21428572,3.3239348,0.0,0.0,0.0,0,sms
52.0,9.0,4.888889,0.0,0.0,0.0,0.11111111,0.07692308,3.9711602,0.0,0.0,0.0,0,sms
36.0,9.0,3.0,2.0,0.0,0.0,0.44444445,0.055555556,4.134336,0.0,0.0,0.0,0,sms
126.0,26.0,3.8846154,1.0,0.0,0.0,0.46153846,0.015873017,4.3206553,0.0,0.0,0.0,0,sms
47.0,8.0,5.0,0.0,0.0,0.0,0.25,0.08510638,4.2841835,0.0,0.0,0.0,0,sms
27.0,5.0,4.6,0.0,0.0,0.0,0.2,0.074074075,3.7409532,0.0,0.0,0.0,0,sms
41.0,9.0,3.6666667,0.0,0.0,0.0,0.33333334,0.048780486,4.1124277,0.0,0.0,0.0,0,sms
129.0,27.0,3.8148148,2.0,0.0,0.0,0.4074074,0.069767445,4.4254904,0.0,0.0,0.0,0,sms
140.0,25.0,4.64,17.0,0.0,0.0,0.52,0.021428572,4.8101563,0.0,0.0,0.0,1,sms
83.0,18.0,3.6666667,0.0,0.0,0.0,0.6111111,0.024096385,4.111943,0.0,0.0,0.0,0,sms
41.0,9.0,3.6666667,0.0,0.0,0.0,0.44444445,0.07317073,3.6394083,0.0,0.0,0.0,0,sms
28.0,6.0,3.8333333,0.0,0.0,0.0,0.16666667,0.10714286,3.882045,0.0,0.0,0.0,0,sms
34.0,8.0,3.375,0.0,0.0,0.0,0.5,0.05882353,3.4080532,0.0,0.0,0.0,0,sms
39.0,10.0,3.0,0.0,0.0,0.0,0.5,0.07692308,4.0314016,0.0,0.0,0.0,0,sms
54.0,11.0,4.0,0.0,0.0,0.0,0.36363637,0.18518518,4.2321587,0.0,0.0,0.0,0,sms
90.0,19.0,3.7894738,0.0,0.0,0.0,0.5263158,0.022222223,4.070434,0.0,0.0,0.0,0,sms
35.0,9.0,3.0,0.0,0.0,0.0,0.44444445,0.08571429,3.6800892,0.0,0.0,0.0,0,sms
34.0,7.0,4.0,0.0,0.0,0.0,0.42857143,0.0882353,3.6420267,0.0,0.0,0.0,0,sms
91.0,19.0,3.8421052,0.0,0.0,0.0,0.47368422,0.043956045,4.327424,0.0,0.0,0.0,0,sms
52.0,11.0,3.8181818,0.0,0.0,0.0,0.54545456,0.057692308,4.168887,0.0,0.0,0.0,0,sms
45.0,7.0,5.571429,0.0,0.0,0.0,0.5714286,0.044444446,3.747603,0.0,0.0,0.0,0,sms
54.0,8.0,5.875,0.0,0.0,0.0,0.0,0.12962963,4.120885,0.0,0.0,0.0,0,sms
77.0,17.0,3.5882354,0.0,0.0,0.0,0.5294118,0.038961038,4.182879,0.0,0.0,0.0,0,sms
22.0,4.0,4.75,0.0,0.0,0.0,0.25,0.09090909,3.2813735,0.0,0.0,0.0,0,sms
22.0,5.0,3.6,0.0,0.0,0.0,0.4,0.09090909,3.6416042,0.0,0.0,0.0,0,sms
368.0,70.0,4.2714286,1.0,0.0,0.0,0.45714286,0.027173912,4.3844385,0.0,0.0,0.0,0,sms
28.0,6.0,3.8333333,0.0,0.0,0.0,0.6666667,0.035714287,3.882045,0.0,0.0,0.0,0,sms
82.0,19.0,3.368421,0.0,0.0,0.0,0.5263158,0.0,3.8653224,0.0,0.0,0.0,0,sms
55.0,12.0,3.6666667,0.0,0.0,0.0,0.33333334,0.09090909,4.0903673,0.0,0.0,0.0,0,sms
68.0,14.0,3.9285715,0.0,0.0,0.0,0.2857143,0.05882353,4.125582,0.0,0.0,0.0,0,sms
29.0,6.0,4.0,1.0,0.0,0.0,0.33333334,0.03448276,3.688722,0.0,0.0,0.0,0,sms
115.0,24.0,3.75,0.0,0.0,0.0,0.45833334,0.026086956,4.262284,0.0,0.0,0.0,0,sms
67.0,8.0,7.5,0.0,0.0,0.0,0.0,0.14925373,4.335546,0.0,0.0,0.0,0,sms
96.0,21.0,3.6190476,0.0,0.0,0.0,0.3809524,0.104166664,4.405097,0.0,0.0,0.0,0,sms
78.0,15.0,4.266667,11.0,0.0,0.0,0.53333336,0.03846154,4.593139,0.0,0.0,0.0,1,sms
25.0,4.0,5.5,0.0,0.0,0.0,0.25,0.08,3.4428623,0.0,0.0,0.0,0,sms
104.0,22.0,3.7727273,0.0,0.0,0.0,0.5,0.01923077,4.1664596,0.0,0.0,0.0,0,sms
44.0,9.0,4.0,0.0,0.0,0.0,0.6666667,0.045454547,3.9721634,0.0,0.0,0.0,0,sms
18.0,3.0,5.3333335,0.0,0.0,0.0,0.33333334,0.3888889,2.9056392,0.0,0.0,0.0,0,sms
47.0,9.0,4.3333335,0.0,0.0,0.0,0.22222222,0.04255319,3.955292,0.0,0.0,0.0,0,sms
22.0,4.0,4.75,0.0,0.0,0.0,0.25,0.09090909,3.2813735,0.0,0.0,0.0,0,sms
31.0,7.0,3.5714285,0.0,0.0,0.0,0.5714286,0.032258064,3.9132698,0.0,0.0,0.0,0,sms
39.0,9.0,3.4444444,0.0,0.0,0.0,0.5555556,0.07692308,3.9937305,0.0,0.0,0.0,0,sms
40.0,7.0,4.857143,0.0,0.0,0.0,0.14285715,0.075,3.7748396,0.0,0.0,0.0,0,sms
69.0,13.0,4.3846154,0.0,0.0,0.0,0.46153846,0.072463766,4.052923,0.0,0.0,0.0,0,sms
79.0,18.0,3.4444444,0.0,0.0,0.0,0.7222222,0.050632913,4.037231,0.0,0.0,0.0,0,sms
117.0,27.0,3.3703704,0.0,0.0,0.0,0.44444445,0.051282052,3.8872862,0.0,0.0,0.0,0,sms
38.0,7.0,4.571429,0.0,0.0,0.0,0.5714286,0.02631579,3.9650183,0.0,0.0,0.0,0,sms
65.0,12.0,4.5,0.0,0.0,0.0,0.41666666,0.03076923,4.0982556,0.0,0.0,0.0,0,sms
23.0,5.0,3.8,0.0,0.0,0.0,0.0,0.0,3.4316235,0.0,0.0,0.0,0,sms
3.0,1.0,2.0,0.0,0.0,0.0,0.0,0.6666667,1.0,0.0,0.0,0.0,0,sms
151.0,29.0,4.2413793,0.0,0.0,0.0,0.4827586,0.03311258,4.3335066,0.0,0.0,0.0,0,sms
58.0,13.0,3.5384614,0.0,0.0,0.0,0.07692308,0.05172414,4.231694,0.0,0.0,0.0,0,sms
24.0,4.0,5.25,0.0,0.0,0.0,0.25,0.0,3.6897037,0.0,0.0,0.0,0,sms
31.0,7.0,3.5714285,0.0,0.0,0.0,0.42857143,0.09677419,3.863465,0.0,0.0,0.0,0,sms
33.0,5.0,5.8,0.0,0.0,0.0,0.4,0.030303031,3.8664331,0.0,0.0,0.0,0,sms
150.0,21.0,6.1904764,27.0,1.0,0.0,0.2857143,0.026666667,5.2614207,0.0,0.0,0.0,1,sms
54.0,11.0,4.0,0.0,0.0,0.0,0.54545456,0.018518519,4.189561,0.0,0.0,0.0,0,sms
60.0,13.0,3.6923077,0.0,0.0,0.0,0.3846154,0.083333336,4.037782,0.0,0.0,0.0,0,sms
160.0,25.0,5.44,16.0,0.0,0.0,0.36,0.01875,4.7897153,0.0,0.0,1.0,1,sms
9.0,2.0,4.0,0.0,0.0,0.0,0.0,0.33333334,2.4056392,0.0,0.0,0.0,0,sms
71.0,16.0,3.5,0.0,0.0,0.0,0.3125,0.09859155,4.1747494,0.0,0.0,0.0,0,sms
28.0,5.0,4.8,0.0,0.0,0.0,0.2,0.035714287,3.7406015,0.0,0.0,0.0,0,sms
41.0,7.0,5.0,1.0,0.0,0.0,0.42857143,0.09756097,3.704303,0.0,0.0,0.0,0,sms
29.0,6.0,4.0,0.0,0.0,0.0,0.33333334,0.03448276,3.8239348,0.0,0.0,0.0,0,sms
81.0,13.0,5.3076925,11.0,0.0,0.0,0.46153846,0.0,4.4703674,0.0,0.0,0.0,1,sms
34.0,8.0,3.375,0.0,0.0,0.0,0.625,0.05882353,3.485826,0.0,0.0,0.0,0,sms
31.0,7.0,3.5714285,0.0,0.0,0.0,0.42857143,0.032258064,3.9132698,0.0,0.0,0.0,0,sms
11.0,2.0,5.0,0.0,0.0,0.0,0.0,0.27272728,2.8464394,0.0,0.0,0.0,0,sms
129.0,28.0,3.642857,0.0,0.0,0.0,0.5714286,0.023255814,4.3778634,0.0,0.0,0.0,0,sms
11.0,3.0,3.0,0.0,0.0,0.0,0.6666667,0.09090909,3.169925,0.0,0.0,0.0,0,sms
127.0,21.0,5.095238,17.0,1.0,0.0,0.33333334,0.023622047,4.8691697,0.0,0.0,1.0,1,sms
28.0,6.0,3.8333333,0.0,0.0,0.0,0.5,0.0,3.4144413,0.0,0.0,0.0,0,sms
47.0,7.0,5.857143,0.0,0.0,0.0,0.5714286,0.021276595,3.9395285,0.0,0.0,0.0,0,sms
59.0,12.0,4.0,1.0,0.0,0.0,0.41666666,0.06779661,4.040939,0.0,0.0,0.0,0,sms
153.0,28.0,4.5,15.0,1.0,0.0,0.4642857,0.019607844,4.8192544,0.0,0.0,1.0,1,sms
31.0,6.0,4.3333335,0.0,0.0,0.0,0.33333334,0.06451613,3.7633424,0.0,0.0,0.0,0,sms
143.0,26.0,4.5384617,0.0,0.0,0.0,0.3846154,0.0979021,4.439338,0.0,0.0,0.0,0,sms
44.0,6.0,6.5,0.0,0.0,0.0,0.16666667,0.09090909,4.252975,0.0,0.0,0.0,0,sms
65.0,16.0,3.125,2.0,0.0,0.0,0.25,0.12307692,4.4161744,0.0,0.0,0.0,0,sms
22.0,4.0,4.75,0.0,0.0,0.0,0.5,0.045454547,3.7216117,0.0,0.0,0.0,0,sms
84.0,14.0,5.071429,3.0,0.0,0.0,0.14285715,0.10714286,4.361103,0.0,0.0,0.0,0,sms
160.0,25.0,5.44,0.0,0.0,0.0,0.32,0.06875,4.5658207,0.0,0.0,0.0,0,sms
157.0,28.0,4.642857,21.0,0.0,0.0,0.25,0.01910828,4.6375465,0.0,0.0,0.0,1,sms
120.0,23.0,4.2173915,0.0,0.0,0.0,0.39130434,0.075,4.339813,0.0,0.0,0.0,0,sms
131.0,27.0,3.8148148,0.0,0.0,0.0,0.33333334,0.114503816,4.4934173,0.0,0.0,0.0,0,sms
40.0,8.0,4.125,0.0,0.0,0.0,0.625,0.025,3.836082,0.0,0.0,0.0,0,sms
52.0,11.0,3.8181818,0.0,0.0,0.0,0.54545456,0.03846154,4.0323315,0.0,0.0,0.0,0,sms
34.0,9.0,2.8888888,0.0,0.0,0.0,0.5555556,0.029411765,3.345852,0.0,0.0,0.0,0,sms
23.0,4.0,5.0,0.0,0.0,0.0,0.25,0.13043478,3.7219281,0.0,0.0,0.0,0,sms
29.0,6.0,4.0,0.0,0.0,0.0,0.33333334,0.0,3.459148,0.0,0.0,0.0,0,sms
48.0,9.0,4.4444447,0.0,0.0,0.0,0.22222222,0.0,4.058695,0.0,0.0,0.0,0,sms
38.0,9.0,3.3333333,1.0,0.0,0.0,0.22222222,0.078947365,4.1647353,0.0,0.0,0.0,0,sms
136.0,28.0,3.892857,0.0,0.0,0.0,0.39285713,0.04411765,4.5794263,0.0,0.0,0.0,1,sms
157.0,28.0,4.642857,18.0,0.0,0.0,0.25,0.006369427,4.8071566,0.0,0.0,0.0,1,sms
153.0,28.0,4.5,15.0,1.0,0.0,0.4642857,0.019607844,4.8223524,0.0,0.0,1.0,1,sms
64.0,12.0,4.4166665,2.0,0.0,0.0,0.33333334,0.046875,4.7483706,0.0,0.0,0.0,1,sms
160.0,20.0,7.05,18.0,0.0,0.0,0.05,0.05625,4.982175,0.0,0.0,1.0,1,sms
158.0,28.0,4.678571,2.0,1.0,0.0,0.32142857,0.03164557,4.719364,0.0,0.0,0.0,1,sms
161.0,30.0,4.4,21.0,1.0,0.0,0.1,0.0124223605,5.2938495,0.0,0.0,0.0,1,sms
31.0,6.0,4.3333335,0.0,0.0,0.0,0.5,0.06451613,3.305645,0.0,0.0,0.0,0,sms
86.0,17.0,4.117647,0.0,0.0,0.0,0.47058824,0.011627907,4.251809,0.0,0.0,0.0,0,sms
34.0,5.0,5.8,0.0,0.0,0.0,0.0,0.1764706,3.4266095,0.0,0.0,0.0,0,sms
58.0,10.0,4.9,0.0,0.0,0.0,0.2,0.10344828,4.3111525,0.0,0.0,0.0,0,sms
193.0,32.0,5.0625,0.0,0.0,0.0,0.59375,0.015544041,4.2917976,0.0,0.0,0.0,0,sms
34.0,6.0,4.8333335,0.0,0.0,0.0,0.5,0.05882353,3.9228287,0.0,0.0,0.0,0,sms
124.0,27.0,3.5925925,1.0,0.0,0.0,0.4814815,0.048387095,4.6744075,0.0,0.0,0.0,0,sms
106.0,17.0,5.2941175,13.0,0.0,0.0,0.1764706,0.03773585,4.617296,0.0,0.0,0.0,1,sms
152.0,20.0,6.65,0.0,0.0,0.0,0.45,0.1513158,4.283265,0.0,0.0,0.0,0,sms
65.0,12.0,4.5,1.0,0.0,0.0,0.5,0.015384615,4.057341,0.0,0.0,0.0,0,sms
105.0,17.0,5.2352943,0.0,0.0,0.0,0.3529412,0.057142857,4.3211226,0.0,0.0,0.0,0,sms
51.0,10.0,4.2,0.0,0.0,0.0,0.4,0.039215688,3.8831728,0.0,0.0,0.0,0,sms
29.0,5.0,5.0,0.0,0.0,0.0,0.8,0.03448276,3.7532697,0.0,0.0,0.0,0,sms
25.0,6.0,3.3333333,0.0,0.0,0.0,0.6666667,0.0,3.541446,0.0,0.0,0.0,0,sms
78.0,16.0,3.9375,0.0,0.0,0.0,0.375,0.051282052,4.043434,0.0,0.0,0.0,0,sms
30.0,6.0,4.1666665,0.0,0.0,0.0,0.5,0.033333335,3.6732697,0.0,0.0,0.0,0,sms
139.0,28.0,4.0,7.0,0.0,0.0,0.2857143,0.043165468,4.7008424,0.0,0.0,1.0,1,sms
153.0,20.0,6.7,0.0,0.0,0.0,0.4,0.03267974,4.390091,0.0,0.0,0.0,1,sms
135.0,24.0,4.6666665,1.0,0.0,0.0,0.375,0.037037037,4.3478904,0.0,0.0,0.0,0,sms
44.0,10.0,3.5,0.0,0.0,0.0,0.5,0.045454547,4.0331535,0.0,0.0,0.0,0,sms
91.0,13.0,6.076923,0.0,0.0,0.0,0.0,0.07692308,4.711089,0.0,0.0,0.0,0,sms
142.0,27.0,4.259259,0.0,0.0,0.0,0.14814815,0.09859155,4.1696396,0.0,0.0,0.0,0,sms
49.0,11.0,3.5454545,0.0,0.0,0.0,0.18181819,0.040816326,4.16042,0.0,0.0,0.0,0,sms
54.0,11.0,3.909091,0.0,0.0,0.0,0.45454547,0.12962963,4.219886,0.0,0.0,0.0,0,sms
19.0,4.0,3.75,0.0,0.0,0.0,0.0,0.31578946,3.240224,0.0,0.0,0.0,0,sms
34.0,6.0,4.8333335,0.0,0.0,0.0,0.16666667,0.05882353,3.7193758,0.0,0.0,0.0,0,sms
107.0,24.0,3.5,2.0,0.0,0.0,0.5,0.009345794,4.274385,0.0,0.0,0.0,0,sms
24.0,5.0,4.0,0.0,0.0,0.0,0.2,0.0,3.2841837,0.0,0.0,0.0,0,sms
274.0,37.0,6.4324327,0.0,0.0,0.0,0.4054054,0.04379562,4.4659376,0.0,0.0,0.0,0,sms
118.0,27.0,3.4074075,0.0,0.0,0.0,0.5925926,0.042372882,4.2344265,0.0,0.0,0.0,0,sms
158.0,34.0,3.6764705,2.0,0.0,0.0,0.23529412,0.03164557,4.3592496,0.0,0.0,0.0,0,sms
28.0,6.0,3.8333333,0.0,0.0,0.0,0.33333334,0.10714286,3.8492239,0.0,0.0,0.0,0,sms
127.0,29.0,3.413793,1.0,0.0,0.0,0.31034482,0.015748031,4.6355157,0.0,0.0,0.0,0,sms
52.0,10.0,4.3,0.0,0.0,0.0,0.5,0.03846154,4.1558185,0.0,0.0,0.0,0,sms
153.0,32.0,3.8125,13.0,0.0,0.0,0.46875,0.019607844,4.80263,0.0,0.0,0.0,1,sms
131.0,25.0,4.28,2.0,0.0,0.0,0.36,0.03816794,4.393351,0.0,0.0,0.0,0,sms
155.0,41.0,2.804878,12.0,0.0,0.0,0.2195122,0.06451613,4.6003585,0.0,0.0,1.0,0,sms
101.0,12.0,7.5,12.0,0.0,0.0,0.25,0.07920792,4.757473,0.0,0.0,0.0,1,sms
73.0,17.0,3.3529413,0.0,0.0,0.0,0.64705884,0.02739726,3.8777683,0.0,0.0,0.0,0,sms
8.0,2.0,3.5,0.0,0.0,0.0,0.5,0.0,2.807355,0.0,0.0,0.0,0,sms
57.0,10.0,4.8,0.0,0.0,0.0,0.3,0.03508772,4.252167,0.0,0.0,0.0,0,sms
106.0,20.0,4.35,0.0,0.0,0.0,0.5,0.018867925,4.338934,0.0,0.0,0.0,0,sms
157.0,27.0,4.851852,18.0,1.0,0.0,0.37037036,0.031847134,5.054581,0.0,0.0,0.0,1,sms
56.0,11.0,4.181818,0.0,0.0,0.0,0.18181819,0.08928572,4.2468433,0.0,0.0,0.0,0,sms
49.0,7.0,6.142857,0.0,0.0,0.0,0.2857143,0.08163265,4.173374,0.0,0.0,0.0,0,sms
27.0,4.0,6.0,0.0,0.0,0.0,0.5,0.14814815,3.3035088,0.0,0.0,0.0,0,sms
176.0,31.0,4.709677,0.0,0.0,0.0,0.19354838,0.0625,4.505566,0.0,0.0,0.0,0,sms
92.0,19.0,3.8947368,0.0,0.0,0.0,0.47368422,0.032608695,4.251212,0.0,0.0,0.0,0,sms
31.0,6.0,4.3333335,0.0,0.0,0.0,0.33333334,0.032258064,3.8441064,0.0,0.0,0.0,0,sms
38.0,7.0,4.571429,0.0,0.0,0.0,0.2857143,0.10526316,4.0542293,0.0,0.0,0.0,0,sms
156.0,31.0,4.064516,0.0,0.0,0.0,0.3548387,0.01923077,4.322523,0.0,0.0,0.0,0,sms
66.0,10.0,5.5,0.0,0.0,0.0,0.2,0.121212125,4.460829,0.0,0.0,0.0,0,sms
180.0,35.0,4.142857,0.0,0.0,0.0,0.45714286,0.033333335,4.1318555,0.0,0.0,0.0,0,sms
63.0,15.0,3.2666667,0.0,0.0,0.0,0.6,0.015873017,4.0642166,0.0,0.0,0.0,0,sms
59.0,11.0,4.4545455,0.0,0.0,0.0,0.36363637,0.016949153,3.9458437,0.0,0.0,0.0,0,sms
25.0,5.0,4.2,0.0,0.0,0.0,0.6,0.04,3.88018,0.0,0.0,0.0,0,sms
24.0,5.0,4.0,0.0,0.0,0.0,0.2,0.20833333,3.7841837,0.0,0.0,0.0,0,sms
148.0,27.0,4.5185184,17.0,0.0,0.0,0.33333334,0.0,4.551514,0.0,0.0,0.0,1,sms
149.0,31.0,3.8387096,0.0,0.0,0.0,0.3548387,0.06711409,4.528466,0.0,0.0,0.0,0,sms
165.0,32.0,4.125,1.0,0.0,0.0,0.3125,0.084848486,4.5477166,0.0,0.0,0.0,0,sms
63.0,11.0,4.818182,0.0,0.0,0.0,0.36363637,0.0952381,4.0271854,0.0,0.0,0.0,0,sms
32.0,5.0,5.6,0.0,0.0,0.0,0.4,0.03125,3.5705981,0.0,0.0,0.0,0,sms
29.0,4.0,6.5,0.0,0.0,0.0,0.0,0.06896552,3.7483287,0.0,0.0,0.0,0,sms
35.0,9.0,3.0,0.0,0.0,0.0,0.44444445,0.08571429,3.6800892,0.0,0.0,0.0,0,sms
22.0,5.0,3.6,0.0,0.0,0.0,0.4,0.09090909,3.350209,0.0,0.0,0.0,0,sms
105.0,25.0,3.16,1.0,0.0,0.0,0.4,0.028571429,4.0822096,0.0,0.0,0.0,0,sms
3.0,1.0,3.0,0.0,0.0,0.0,0.0,0.33333334,1.5849625,0.0,0.0,0.0,0,sms
126.0,23.0,4.478261,0.0,0.0,0.0,0.39130434,0.08730159,4.7139587,0.0,0.0,0.0,0,sms
31.0,7.0,3.5714285,0.0,0.0,0.0,0.5714286,0.032258064,3.6536608,0.0,0.0,0.0,0,sms
140.0,25.0,4.64,17.0,0.0,0.0,0.52,0.021428572,4.827398,0.0,0.0,0.0,1,sms
161.0,30.0,4.4,16.0,0.0,0.0,0.33333334,0.07453416,4.863206,0.0,0.0,1.0,1,sms
75.0,14.0,4.428571,0.0,0.0,0.0,0.071428575,0.08,4.199871,0.0,0.0,0.0,0,sms
121.0,24.0,4.0833335,0.0,0.0,0.0,0.5,0.024793388,4.2212267,0.0,0.0,0.0,0,sms
75.0,16.0,3.75,0.0,0.0,0.0,0.5625,0.026666667,4.2413545,0.0,0.0,0.0,0,sms
95.0,18.0,4.3333335,0.0,0.0,0.0,0.3888889,0.010526316,4.15278,0.0,0.0,0.0,0,sms
156.0,23.0,5.826087,6.0,1.0,0.0,0.3043478,0.16666667,5.2565546,0.0,0.0,0.0,1,sms
114.0,22.0,4.090909,0.0,0.0,0.0,0.45454547,0.12280702,4.363819,0.0,0.0,0.0,0,sms
26.0,7.0,2.857143,0.0,0.0,0.0,0.5714286,0.0,3.521928,0.0,0.0,0.0,0,sms
48.0,12.0,3.0833333,1.0,0.0,0.0,0.41666666,0.0625,4.003259,0.0,0.0,0.0,0,sms
25.0,6.0,3.3333333,0.0,0.0,0.0,0.8333333,0.0,3.3841836,0.0,0.0,0.0,0,sms
38.0,6.0,5.5,0.0,0.0,0.0,0.0,0.02631579,3.2041197,0.0,0.0,0.0,0,sms
7.0,1.0,7.0,0.0,0.0,0.0,0.0,0.42857143,2.1280854,0.0,0.0,0.0,0,sms
36.0,6.0,5.1666665,0.0,0.0,0.0,0.16666667,0.055555556,4.0022683,0.0,0.0,0.0,0,sms
189.0,36.0,4.25,5.0,0.0,0.0,0.3888889,0.04232804,4.5654807,0.0,0.0,0.0,0,sms
125.0,26.0,3.8461537,3.0,0.0,0.0,0.115384616,0.032,4.5444293,0.0,0.0,0.0,0,sms
55.0,11.0,4.090909,0.0,0.0,0.0,0.36363637,0.0,3.9934993,0.0,0.0,0.0,0,sms
38.0,8.0,3.875,0.0,0.0,0.0,0.625,0.05263158,3.885828,0.0,0.0,0.0,0,sms
29.0,5.0,5.0,0.0,0.0,0.0,0.0,0.10344828,3.863465,0.0,0.0,0.0,0,sms
46.0,7.0,5.714286,0.0,0.0,0.0,0.2857143,0.02173913,3.8341837,0.0,0.0,0.0,0,sms
62.0,14.0,3.5,0.0,0.0,0.0,0.42857143,0.032258064,4.10167,0.0,0.0,0.0,0,sms
32.0,6.0,4.5,0.0,0.0,0.0,0.16666667,0.09375,3.7639658,0.0,0.0,0.0,0,sms
194.0,40.0,3.875,0.0,0.0,0.0,0.575,0.020618556,4.3439198,0.0,0.0,0.0,0,sms
287.0,60.0,3.8,0.0,0.0,0.0,0.46666667,0.020905923,4.36367,0.0,0.0,0.0,0,sms
37.0,8.0,3.75,0.0,0.0,0.0,0.5,0.027027028,3.9898982,0.0,0.0,0.0,0,sms
42.0,8.0,4.375,0.0,0.0,0.0,0.625,0.0,4.0715814,0.0,0.0,0.0,0,sms
70.0,16.0,3.4375,1.0,0.0,0.0,0.5625,0.028571429,4.1075807,0.0,0.0,0.0,0,sms
77.0,16.0,3.8125,0.0,0.0,0.0,0.4375,0.051948052,4.178379,0.0,0.0,0.0,0,sms
115.0,25.0,3.64,1.0,0.0,0.0,0.28,0.026086956,4.454631,0.0,0.0,0.0,0,sms
15.0,3.0,4.3333335,0.0,0.0,0.0,0.0,0.13333334,3.2389011,0.0,0.0,0.0,0,sms
49.0,9.0,4.5555553,0.0,0.0,0.0,0.22222222,0.020408163,3.7802098,0.0,0.0,0.0,0,sms
53.0,12.0,3.5,1.0,0.0,0.0,0.41666666,0.056603774,4.1032944,0.0,0.0,0.0,0,sms
92.0,21.0,3.4285715,3.0,0.0,0.0,0.1904762,0.07608695,4.270107,0.0,0.0,0.0,0,sms
33.0,7.0,3.857143,0.0,0.0,0.0,0.42857143,0.09090909,4.134336,0.0,0.0,0.0,0,sms
150.0,23.0,5.5652175,25.0,1.0,0.0,0.39130434,0.02,4.963312,0.0,0.0,1.0,1,sms
157.0,32.0,3.9375,3.0,0.0,0.0,0.375,0.050955415,4.713506,0.0,0.0,0.0,1,sms
87.0,19.0,3.631579,2.0,0.0,0.0,0.5263158,0.04597701,4.1417623,0.0,0.0,0.0,0,sms
36.0,6.0,5.1666665,0.0,0.0,0.0,0.33333334,0.083333336,3.8245335,0.0,0.0,0.0,0,sms
134.0,28.0,3.75,0.0,0.0,0.0,0.4642857,0.06716418,4.42522,0.0,0.0,0.0,0,sms
22.0,4.0,4.75,0.0,0.0,0.0,0.25,0.09090909,3.2813735,0.0,0.0,0.0,0,sms
26.0,5.0,4.4,0.0,0.0,0.0,0.4,0.07692308,3.788755,0.0,0.0,0.0,0,sms
24.0,5.0,4.0,0.0,0.0,0.0,0.4,0.083333336,3.508695,0.0,0.0,0.0,0,sms
97.0,23.0,3.2608695,1.0,0.0,0.0,0.3043478,0.06185567,4.1461945,0.0,0.0,0.0,0,sms
153.0,31.0,3.967742,0.0,0.0,0.0,0.38709676,0.09803922,4.3468685,0.0,0.0,0.0,0,sms
139.0,21.0,5.6666665,1.0,0.0,0.0,0.42857143,0.01438849,4.2525835,0.0,0.0,0.0,0,sms
45.0,9.0,4.111111,0.0,0.0,0.0,0.5555556,0.044444446,3.9696074,0.0,0.0,0.0,0,sms
69.0,15.0,3.6666667,1.0,0.0,0.0,0.46666667,0.028985508,3.9373019,0.0,0.0,0.0,0,sms
40.0,8.0,4.125,0.0,0.0,0.0,0.75,0.0,3.6542637,0.0,0.0,0.0,0,sms
30.0,9.0,2.4444444,2.0,0.0,0.0,0.22222222,0.0,3.823068,0.0,0.0,0.0,0,sms
40.0,8.0,4.125,0.0,0.0,0.0,0.25,0.125,3.9195633,0.0,0.0,0.0,0,sms
84.0,17.0,4.0,0.0,0.0,0.0,0.29411766,0.035714287,4.125357,0.0,0.0,0.0,0,sms
25.0,5.0,4.2,0.0,0.0,0.0,0.4,0.0,3.5944657,0.0,0.0,0.0,0,sms
140.0,34.0,3.1470587,1.0,0.0,0.0,0.4117647,0.057142857,4.346914,0.0,0.0,0.0,0,sms
152.0,29.0,4.275862,27.0,0.0,0.0,0.10344828,0.05263158,5.1194124,0.0,0.0,1.0,1,sms
73.0,13.0,4.6923075,1.0,0.0,0.0,0.23076923,0.1369863,4.242316,0.0,0.0,0.0,0,sms
85.0,18.0,3.7777777,0.0,1.0,0.0,0.33333334,0.09411765,4.3001437,0.0,0.0,0.0,0,sms
69.0,15.0,3.6666667,0.0,0.0,0.0,0.46666667,0.014492754,3.7885847,0.0,0.0,0.0,0,sms
23.0,6.0,3.0,0.0,0.0,0.0,0.6666667,0.13043478,3.4138339,0.0,0.0,0.0,0,sms
25.0,5.0,4.2,0.0,0.0,0.0,0.0,0.04,3.5944657,0.0,0.0,0.0,0,sms
24.0,7.0,2.5714285,3.0,0.0,0.0,0.2857143,0.0,3.7254806,0.0,0.0,0.0,0,sms
30.0,7.0,3.4285715,0.0,0.0,0.0,0.71428573,0.0,3.5739348,0.0,0.0,0.0,0,sms
162.0,28.0,4.821429,25.0,1.0,0.0,0.10714286,0.018518519,4.9698696,0.0,0.0,0.0,1,sms
28.0,7.0,3.142857,0.0,0.0,0.0,0.42857143,0.10714286,3.6635327,0.0,0.0,0.0,0,sms
43.0,8.0,4.5,0.0,0.0,0.0,0.625,0.093023255,3.8428574,0.0,0.0,0.0,0,sms
39.0,10.0,3.0,0.0,0.0,0.0,0.3,0.051282052,3.7110806,0.0,0.0,0.0,0,sms
157.0,27.0,4.851852,23.0,1.0,0.0,0.33333334,0.025477707,5.165257,0.0,0.0,0.0,1,sms
83.0,17.0,3.9411764,0.0,0.0,0.0,0.4117647,0.036144577,4.219095,0.0,0.0,0.0,0,sms
68.0,12.0,4.75,13.0,0.0,0.0,0.16666667,0.029411765,4.4710364,0.0,0.0,1.0,1,sms
73.0,15.0,3.9333334,0.0,0.0,0.0,0.4,0.06849315,4.170614,0.0,0.0,0.0,0,sms
133.0,28.0,3.7857144,14.0,1.0,0.0,0.21428572,0.075187966,4.939421,0.0,0.0,1.0,1,sms
47.0,9.0,4.3333335,0.0,0.0,0.0,0.44444445,0.04255319,4.201693,0.0,0.0,0.0,0,sms
322.0,58.0,4.551724,6.0,0.0,0.0,0.3275862,0.07453416,4.9111323,0.0,0.0,0.0,0,sms
59.0,14.0,3.2857144,0.0,0.0,0.0,0.5,0.06779661,3.822718,0.0,0.0,0.0,0,sms
134.0,20.0,5.75,8.0,1.0,0.0,0.15,0.07462686,5.218553,0.0,0.0,1.0,1,sms
42.0,8.0,4.375,0.0,0.0,0.0,0.25,0.0,3.9357276,0.0,0.0,0.0,0,sms
31.0,5.0,5.4,0.0,0.0,0.0,0.4,0.06451613,3.4578671,0.0,0.0,0.0,0,sms
145.0,24.0,5.0833335,15.0,1.0,0.0,0.20833333,0.055172414,5.1637597,0.0,0.0,1.0,1,sms
30.0,7.0,3.4285715,0.0,0.0,0.0,0.5714286,0.033333335,3.6053886,0.0,0.0,0.0,0,sms
36.0,7.0,4.285714,0.0,0.0,0.0,0.14285715,0.055555556,4.189898,0.0,0.0,0.0,0,sms
149.0,27.0,4.5555553,3.0,0.0,0.0,0.4814815,0.046979867,4.7436404,0.0,0.0,0.0,1,sms
29.0,7.0,3.2857144,0.0,0.0,0.0,0.42857143,0.03448276,3.5883543,0.0,0.0,0.0,0,sms
59.0,14.0,3.2857144,0.0,0.0,0.0,0.71428573,0.016949153,3.926085,0.0,0.0,0.0,0,sms
154.0,27.0,4.740741,0.0,0.0,0.0,0.4074074,0.051948052,4.685414,0.0,0.0,0.0,0,sms
47.0,8.0,4.875,0.0,0.0,0.0,0.5,0.0,4.02593,0.0,0.0,0.0,0,sms
87.0,18.0,3.7777777,0.0,0.0,0.0,0.2777778,0.06896552,4.45131,0.0,0.0,0.0,0,sms
126.0,20.0,5.35,0.0,0.0,0.0,0.3,0.023809524,4.195526,0.0,0.0,0.0,0,sms
128.0,27.0,3.7777777,0.0,0.0,0.0,0.5925926,0.015625,4.1981454,0.0,0.0,0.0,0,sms
12.0,3.0,3.3333333,1.0,0.0,0.0,0.0,0.25,2.6464393,0.0,0.0,0.0,0,sms
53.0,9.0,5.0,0.0,0.0,0.0,0.33333334,0.03773585,4.207977,0.0,0.0,0.0,0,sms
41.0,8.0,4.25,0.0,0.0,0.0,0.375,0.024390243,3.7123191,0.0,0.0,0.0,0,sms
143.0,22.0,5.5454545,23.0,1.0,0.0,0.27272728,0.04895105,5.3299384,0.0,0.0,1.0,1,sms
176.0,31.0,4.709677,0.0,0.0,0.0,0.19354838,0.0625,4.505566,0.0,0.0,0.0,0,sms
155.0,32.0,3.875,14.0,0.0,0.0,0.34375,0.012903226,4.76414,0.0,0.0,0.0,1,sms
99.0,19.0,4.263158,0.0,0.0,0.0,0.42105263,0.04040404,4.3211346,0.0,0.0,0.0,0,sms
72.0,13.0,4.6153846,0.0,0.0,0.0,0.30769232,0.027777778,4.098499,0.0,0.0,0.0,0,sms
123.0,26.0,3.7692308,0.0,0.0,0.0,0.61538464,0.048780486,4.3445315,0.0,0.0,0.0,0,sms
69.0,15.0,3.6666667,0.0,0.0,0.0,0.46666667,0.028985508,4.2794805,0.0,0.0,0.0,0,sms
39.0,9.0,3.4444444,0.0,0.0,0.0,0.44444445,0.0,3.8087196,0.0,0.0,0.0,0,sms
17.0,3.0,5.0,0.0,0.0,0.0,0.33333334,0.1764706,3.4565647,0.0,0.0,0.0,0,sms
22.0,4.0,4.75,0.0,0.0,0.0,0.25,0.09090909,3.2813735,0.0,0.0,0.0,0,sms
157.0,29.0,4.448276,21.0,0.0,0.0,0.2413793,0.01910828,4.843796,0.0,0.0,0.0,1,sms
48.0,11.0,3.4545455,1.0,0.0,0.0,0.18181819,0.020833334,4.122799,0.0,0.0,0.0,0,sms
38.0,6.0,5.5,0.0,0.0,0.0,0.0,0.05263158,4.0815325,0.0,0.0,0.0,0,sms
115.0,18.0,5.4444447,19.0,1.0,0.0,0.2777778,0.052173913,4.791664,0.0,0.0,1.0,1,sms
30.0,7.0,3.4285715,0.0,0.0,0.0,0.71428573,0.06666667,3.8868423,0.0,0.0,0.0,0,sms
38.0,9.0,3.3333333,0.0,0.0,0.0,0.22222222,0.05263158,4.056565,0.0,0.0,0.0,0,sms
25.0,6.0,3.3333333,0.0,0.0,0.0,0.5,0.0,3.2464395,0.0,0.0,0.0,0,sms
28.0,6.0,3.8333333,0.0,0.0,0.0,0.5,0.035714287,3.5013978,0.0,0.0,0.0,0,sms
46.0,8.0,4.875,0.0,0.0,0.0,0.375,0.02173913,3.8459415,0.0,0.0,0.0,0,sms
72.0,14.0,4.214286,0.0,0.0,0.0,0.64285713,0.027777778,4.141201,0.0,0.0,0.0,0,sms
41.0,8.0,4.25,0.0,0.0,0.0,0.375,0.14634146,4.278352,0.0,0.0,0.0,0,sms
31.0,6.0,4.3333335,0.0,0.0,0.0,0.16666667,0.032258064,3.6385305,0.0,0.0,0.0,0,sms
59.0,13.0,3.6153846,0.0,0.0,0.0,0.46153846,0.084745765,4.0327635,0.0,0.0,0.0,0,sms
28.0,7.0,3.142857,0.0,0.0,0.0,0.85714287,0.0,3.4428623,0.0,0.0,0.0,0,sms
30.0,6.0,4.1666665,0.0,0.0,0.0,0.0,0.033333335,4.053661,0.0,0.0,0.0,0,sms
131.0,27.0,3.8148148,0.0,0.0,0.0,0.33333334,0.114503816,4.4934173,0.0,0.0,0.0,0,sms
55.0,12.0,3.6666667,0.0,0.0,0.0,0.33333334,0.054545455,4.03509,0.0,0.0,0.0,0,sms
32.0,7.0,3.7142856,0.0,0.0,0.0,0.42857143,0.0625,3.8731406,0.0,0.0,0.0,0,sms
138.0,27.0,4.148148,0.0,0.0,0.0,0.4074074,0.02173913,4.281538,0.0,0.0,0.0,0,sms
125.0,23.0,4.478261,0.0,0.0,0.0,0.2173913,0.032,4.310951,0.0,0.0,0.0,0,sms
13.0,4.0,2.5,0.0,0.0,0.0,0.0,0.15384616,3.321928,0.0,0.0,0.0,0,sms
81.0,12.0,5.8333335,0.0,0.0,0.0,0.33333334,0.037037037,4.28947,0.0,0.0,0.0,0,sms
155.0,30.0,4.133333,0.0,0.0,0.0,0.46666667,0.038709678,4.377946,0.0,0.0,0.0,0,sms
74.0,14.0,4.357143,1.0,0.0,0.0,0.21428572,0.027027028,4.211166,0.0,0.0,0.0,0,sms
34.0,8.0,3.375,0.0,0.0,0.0,0.375,0.05882353,3.736007,0.0,0.0,0.0,0,sms
166.0,32.0,4.1875,24.0,0.0,0.0,0.1875,0.024096385,5.145839,0.0,0.0,1.0,1,sms
84.0,18.0,3.6666667,0.0,0.0,0.0,0.6111111,0.05952381,4.1032863,0.0,0.0,0.0,0,sms
190.0,37.0,4.1621623,0.0,0.0,0.0,0.5675676,0.015789473,4.262871,0.0,0.0,0.0,0,sms
42.0,8.0,4.25,0.0,0.0,0.0,0.125,0.14285715,3.7411559,0.0,0.0,0.0,0,sms
37.0,7.0,4.428571,0.0,0.0,0.0,0.2857143,0.054054055,3.756796,0.0,0.0,0.0,0,sms
38.0,4.0,8.75,0.0,0.0,0.0,0.25,0.13157895,3.832595,0.0,0.0,0.0,0,sms
87.0,20.0,3.4,0.0,0.0,0.0,0.5,0.022988506,4.602261,0.0,0.0,0.0,0,sms
43.0,8.0,4.5,0.0,0.0,0.0,0.25,0.069767445,4.127987,0.0,0.0,0.0,0,sms
73.0,15.0,3.9333334,0.0,0.0,0.0,0.4,0.06849315,4.170614,0.0,0.0,0.0,0,sms
65.0,16.0,3.125,0.0,0.0,0.0,0.4375,0.046153847,4.0961747,0.0,0.0,0.0,0,sms
36.0,7.0,4.285714,0.0,0.0,0.0,0.71428573,0.0,3.644414,0.0,0.0,0.0,0,sms
157.0,28.0,4.642857,16.0,1.0,0.0,0.21428572,0.01910828,5.0694737,0.0,0.0,1.0,1,sms
38.0,7.0,4.571429,0.0,0.0,0.0,0.5714286,0.10526316,3.9917293,0.0,0.0,0.0,0,sms
27.0,6.0,3.6666667,0.0,0.0,0.0,0.33333334,0.037037037,3.5337713,0.0,0.0,0.0,0,sms
21.0,6.0,2.6666667,0.0,0.0,0.0,0.33333334,0.04761905,3.1493974,0.0,0.0,0.0,0,sms
73.0,10.0,5.9,0.0,0.0,0.0,0.2,0.21917808,4.091277,0.0,0.0,0.0,0,sms
191.0,38.0,4.0526314,0.0,0.0,0.0,0.6052632,0.041884817,4.3417172,0.0,0.0,0.0,0,sms
104.0,20.0,4.25,2.0,0.0,0.0,0.25,0.067307696,4.3205237,0.0,0.0,0.0,0,sms
34.0,7.0,4.0,0.0,0.0,0.0,0.42857143,0.029411765,3.9232519,0.0,0.0,0.0,0,sms
152.0,24.0,5.375,18.0,0.0,0.0,0.41666666,0.032894738,4.5723624,0.0,0.0,0.0,1,sms
31.0,7.0,3.5714285,0.0,0.0,0.0,0.14285715,0.06451613,3.9736607,0.0,0.0,0.0,0,sms
154.0,29.0,4.3448277,0.0,0.0,0.0,0.55172414,0.0064935065,4.184643,0.0,0.0,0.0,0,sms
128.0,20.0,5.45,3.0,0.0,0.0,0.25,0.0859375,4.9179397,0.0,0.0,0.0,1,sms
98.0,19.0,4.2105265,1.0,0.0,0.0,0.2631579,0.091836736,4.174905,0.0,0.0,0.0,0,sms
107.0,21.0,4.142857,0.0,0.0,0.0,0.3809524,0.056074765,4.488768,0.0,0.0,0.0,0,sms
27.0,6.0,3.6666667,0.0,0.0,0.0,0.33333334,0.11111111,3.9139771,0.0,0.0,0.0,0,sms
156.0,25.0,5.28,10.0,1.0,0.0,0.16,0.057692308,4.637402,0.0,0.0,1.0,1,sms
59.0,13.0,3.6153846,0.0,0.0,0.0,0.53846157,0.016949153,4.076207,0.0,0.0,0.0,0,sms
57.0,13.0,3.4615386,0.0,0.0,0.0,0.46153846,0.05263158,4.302747,0.0,0.0,0.0,0,sms
136.0,22.0,5.2272725,1.0,0.0,0.0,0.45454547,0.04411765,4.300532,0.0,0.0,0.0,0,sms
56.0,11.0,4.181818,0.0,0.0,0.0,0.36363637,0.10714286,4.3253136,0.0,0.0,0.0,0,sms
77.0,16.0,3.875,1.0,0.0,0.0,0.5,0.038961038,4.3103876,0.0,0.0,0.0,0,sms
44.0,10.0,3.5,0.0,0.0,0.0,0.4,0.09090909,3.9900172,0.0,0.0,0.0,0,sms
46.0,8.0,4.875,0.0,0.0,0.0,0.375,0.02173913,4.0385,0.0,0.0,0.0,0,sms
53.0,11.0,3.909091,0.0,0.0,0.0,0.45454547,0.03773585,4.089429,0.0,0.0,0.0,0,sms
32.0,7.0,3.7142856,0.0,0.0,0.0,0.71428573,0.0,3.6133373,0.0,0.0,0.0,0,sms
31.0,5.0,5.4,1.0,0.0,0.0,0.0,0.032258064,4.060262,0.0,0.0,0.0,0,sms
55.0,11.0,4.090909,0.0,0.0,0.0,0.45454547,0.09090909,4.110987,0.0,0.0,0.0,0,sms
40.0,7.0,4.857143,0.0,0.0,0.0,0.2857143,0.075,3.854635,0.0,0.0,0.0,0,sms
51.0,11.0,3.7272727,0.0,0.0,0.0,0.18181819,0.05882353,4.317816,0.0,0.0,0.0,0,sms
39.0,6.0,5.5,0.0,0.0,0.0,0.16666667,0.25641027,4.0289464,0.0,0.0,0.0,0,sms
43.0,8.0,4.25,0.0,0.0,0.0,0.375,0.11627907,4.1162996,0.0,0.0,0.0,0,sms
35.0,7.0,4.142857,0.0,0.0,0.0,0.5714286,0.028571429,3.74052,0.0,0.0,0.0,0,sms
133.0,27.0,3.925926,2.0,0.0,0.0,0.6296296,0.04511278,4.5539994,0.0,0.0,0.0,0,sms
160.0,27.0,4.962963,0.0,0.0,0.0,0.4074074,0.1625,4.381134,0.0,0.0,0.0,0,sms
48.0,9.0,4.4444447,1.0,0.0,0.0,0.33333334,0.0625,4.0250707,0.0,0.0,0.0,0,sms
37.0,8.0,3.75,0.0,0.0,0.0,0.125,0.1891892,3.7647352,0.0,0.0,0.0,0,sms
169.0,35.0,3.857143,0.0,0.0,0.0,0.4,0.053254437,4.4761295,0.0,0.0,0.0,0,sms
135.0,30.0,3.5333333,0.0,0.0,0.0,0.23333333,0.096296296,4.5343676,0.0,0.0,0.0,0,sms
33.0,7.0,3.857143,0.0,0.0,0.0,0.42857143,0.030303031,4.0286045,0.0,0.0,0.0,0,sms
52.0,11.0,3.8181818,0.0,0.0,0.0,0.36363637,0.0,3.9440098,0.0,0.0,0.0,0,sms
29.0,5.0,5.0,0.0,0.0,0.0,0.0,0.20689656,3.323074,0.0,0.0,0.0,0,sms
29.0,7.0,3.2857144,0.0,0.0,0.0,0.14285715,0.06896552,4.001823,0.0,0.0,0.0,0,sms
103.0,23.0,3.4782608,5.0,0.0,0.0,0.3043478,0.067961164,4.3633914,0.0,0.0,0.0,0,sms
55.0,10.0,4.6,0.0,0.0,0.0,0.5,0.036363635,4.240528,0.0,0.0,0.0,0,sms
150.0,28.0,4.392857,16.0,0.0,0.0,0.4642857,0.046666667,4.9392567,0.0,0.0,1.0,1,sms
24.0,5.0,4.0,0.0,0.0,0.0,0.6,0.125,3.621928,0.0,0.0,0.0,0,sms
54.0,9.0,5.111111,0.0,0.0,0.0,0.22222222,0.11111111,4.2468433,0.0,0.0,0.0,0,sms
43.0,8.0,4.5,0.0,0.0,0.0,0.625,0.046511628,3.5832746,0.0,0.0,0.0,0,sms
179.0,27.0,5.6666665,32.0,1.0,0.0,0.14814815,0.039106146,5.3899465,0.0,0.0,1.0,1,sms
23.0,3.0,7.0,0.0,0.0,0.0,0.33333334,0.04347826,3.5225716,0.0,0.0,0.0,0,sms
51.0,11.0,3.7272727,0.0,0.0,0.0,0.27272728,0.019607844,4.092325,0.0,0.0,0.0,0,sms
40.0,8.0,4.125,0.0,0.0,0.0,0.375,0.0,3.6889682,0.0,0.0,0.0,0,sms
155.0,32.0,3.875,2.0,0.0,0.0,0.25,0.032258064,4.5883203,0.0,0.0,0.0,0,sms
83.0,20.0,3.2,1.0,0.0,0.0,0.5,0.10843374,4.1698017,0.0,0.0,0.0,0,sms
26.0,6.0,3.5,0.0,0.0,0.0,0.33333334,0.0,3.4992275,0.0,0.0,0.0,0,sms
38.0,7.0,4.285714,0.0,0.0,0.0,0.5714286,0.18421052,4.0980687,0.0,0.0,0.0,0,sms
82.0,16.0,4.0625,0.0,0.0,0.0,0.4375,0.085365854,4.3892145,0.0,0.0,0.0,0,sms
38.0,8.0,3.875,0.0,0.0,0.0,0.25,0.05263158,3.8245335,0.0,0.0,0.0,0,sms
26.0,6.0,3.5,0.0,0.0,0.0,0.6666667,0.03846154,3.5585186,0.0,0.0,0.0,0,sms
25.0,4.0,5.5,0.0,0.0,0.0,0.25,0.04,3.5383105,0.0,0.0,0.0,0,sms
24.0,5.0,4.0,0.0,0.0,0.0,0.4,0.0,3.2841837,0.0,0.0,0.0,0,sms
58.0,12.0,3.9166667,0.0,0.0,0.0,0.41666666,0.05172414,4.0175924,0.0,0.0,0.0,0,sms
46.0,11.0,3.2727273,0.0,0.0,0.0,0.8181818,0.0,3.6496735,0.0,0.0,0.0,0,sms
90.0,19.0,3.7894738,0.0,0.0,0.0,0.6315789,0.033333335,4.1217995,0.0,0.0,0.0,0,sms
128.0,27.0,3.7777777,0.0,0.0,0.0,0.4074074,0.0078125,4.3378677,0.0,0.0,0.0,0,sms
70.0,12.0,4.75,1.0,0.0,0.0,0.5,0.1,4.3665075,0.0,0.0,0.0,0,sms
30.0,7.0,3.2857144,0.0,0.0,0.0,0.5714286,0.06666667,3.7622674,0.0,0.0,0.0,0,sms
159.0,28.0,4.714286,23.0,1.0,0.0,0.42857143,0.018867925,4.6364264,0.0,0.0,1.0,1,sms
44.0,8.0,4.625,1.0,0.0,0.0,0.375,0.11363637,4.2425766,0.0,0.0,0.0,0,sms
69.0,14.0,4.0,0.0,0.0,0.0,0.35714287,0.14492753,4.132113,0.0,0.0,0.0,0,sms
42.0,7.0,5.142857,0.0,0.0,0.0,0.14285715,0.21428572,3.8264658,0.0,0.0,0.0,0,sms
21.0,5.0,3.4,0.0,0.0,0.0,0.4,0.04761905,3.8521688,0.0,0.0,0.0,0,sms
158.0,38.0,3.1842105,0.0,0.0,0.0,0.5,0.101265825,4.241745,0.0,0.0,0.0,0,sms
127.0,27.0,3.7407408,0.0,0.0,0.0,0.4814815,0.09448819,4.37398,0.0,0.0,0.0,0,sms
39.0,9.0,3.4444444,1.0,0.0,0.0,0.22222222,0.102564104,3.9016418,0.0,0.0,0.0,0,sms
47.0,9.0,4.3333335,0.0,0.0,0.0,0.5555556,0.06382979,4.189123,0.0,0.0,0.0,0,sms
65.0,10.0,5.6,0.0,0.0,0.0,0.0,0.07692308,4.116801,0.0,0.0,0.0,0,sms
36.0,8.0,3.625,0.0,0.0,0.0,0.375,0.0,3.7679935,0.0,0.0,0.0,0,sms
114.0,16.0,6.1875,18.0,0.0,0.0,0.125,0.06140351,4.6229663,0.0,0.0,1.0,1,sms
36.0,5.0,6.4,0.0,0.0,0.0,0.0,0.1388889,3.8553379,0.0,0.0,0.0,0,sms
37.0,8.0,3.75,0.0,0.0,0.0,0.625,0.054054055,3.8565648,0.0,0.0,0.0,0,sms
31.0,8.0,3.0,0.0,0.0,0.0,0.25,0.06451613,3.8553886,0.0,0.0,0.0,0,sms
18.0,4.0,3.75,0.0,0.0,0.0,0.25,0.055555556,3.640224,0.0,0.0,0.0,0,sms
86.0,20.0,3.35,0.0,0.0,0.0,0.4,0.069767445,4.1326294,0.0,0.0,0.0,0,sms
159.0,31.0,4.16129,0.0,0.0,0.0,0.4516129,0.050314464,4.5498724,0.0,0.0,0.0,0,sms
92.0,12.0,6.75,0.0,0.0,0.0,0.33333334,0.14130434,4.102611,0.0,0.0,0.0,0,sms
39.0,4.0,9.0,0.0,0.0,0.0,0.0,0.025641026,3.988555,0.0,0.0,0.0,0,sms
28.0,6.0,3.8333333,0.0,0.0,0.0,0.5,0.071428575,3.882045,0.0,0.0,0.0,0,sms
66.0,14.0,3.7857144,0.0,0.0,0.0,0.5714286,0.045454547,4.40187,0.0,0.0,0.0,0,sms
197.0,26.0,6.6153846,16.0,0.0,0.0,0.30769232,0.060913704,4.773464,0.0,0.0,0.0,1,sms
35.0,8.0,3.5,0.0,0.0,0.0,0.5,0.028571429,3.824863,0.0,0.0,0.0,0,sms
37.0,8.0,3.75,0.0,0.0,0.0,0.375,0.054054055,3.6980686,0.0,0.0,0.0,0,sms
38.0,7.0,4.571429,0.0,0.0,0.0,0.42857143,0.18421052,3.7570488,0.0,0.0,0.0,0,sms
34.0,7.0,4.0,0.0,0.0,0.0,0.42857143,0.029411765,3.708966,0.0,0.0,0.0,0,sms
156.0,23.0,5.826087,18.0,0.0,0.0,0.13043478,0.06410257,5.2186837,0.0,0.0,1.0,1,sms
34.0,7.0,4.0,0.0,0.0,0.0,0.14285715,0.0882353,4.039149,0.0,0.0,0.0,0,sms
30.0,7.0,3.4285715,0.0,0.0,0.0,0.2857143,0.1,4.0535088,0.0,0.0,0.0,0,sms
45.0,6.0,6.6666665,0.0,0.0,0.0,0.0,0.08888889,4.1464396,0.0,0.0,0.0,0,sms
137.0,27.0,4.111111,2.0,0.0,0.0,0.33333334,0.02189781,4.282609,0.0,0.0,0.0,0,sms
24.0,5.0,4.0,0.0,0.0,0.0,0.4,0.083333336,3.508695,0.0,0.0,0.0,0,sms
51.0,12.0,3.3333333,0.0,0.0,0.0,0.5,0.039215688,3.772574,0.0,0.0,0.0,0,sms
293.0,53.0,4.5471697,1.0,0.0,0.0,0.24528302,0.0784983,4.714232,0.0,0.0,0.0,0,sms
28.0,7.0,3.142857,0.0,0.0,0.0,0.14285715,0.0,3.6069367,0.0,0.0,0.0,0,sms
37.0,7.0,4.428571,0.0,0.0,0.0,0.2857143,0.054054055,4.1471143,0.0,0.0,0.0,0,sms
33.0,7.0,3.857143,2.0,0.0,0.0,0.0,0.09090909,3.884155,0.0,0.0,0.0,0,sms
33.0,8.0,3.25,1.0,1.0,0.0,0.375,0.060606062,4.0231457,0.0,0.0,0.0,0,sms
49.0,10.0,4.0,0.0,0.0,0.0,0.4,0.020408163,3.8740244,0.0,0.0,0.0,0,sms
263.0,54.0,3.8703704,0.0,0.0,0.0,0.35185185,0.08745247,4.633984,0.0,0.0,0.0,0,sms
50.0,11.0,3.6363637,0.0,0.0,0.0,0.45454547,0.0,3.9964395,0.0,0.0,0.0,0,sms
26.0,5.0,4.4,0.0,0.0,0.0,0.6,0.0,3.4474015,0.0,0.0,0.0,0,sms
39.0,10.0,3.0,0.0,0.0,0.0,0.3,0.051282052,3.7110806,0.0,0.0,0.0,0,sms
13.0,2.0,6.0,8.0,0.0,0.0,0.0,0.07692308,3.251629,0.0,0.0,0.0,1,sms
58.0,13.0,3.5384614,0.0,0.0,0.0,0.3846154,0.15517241,4.1869545,0.0,0.0,0.0,0,sms
62.0,11.0,4.7272725,0.0,0.0,0.0,0.36363637,0.048387095,4.29591,0.0,0.0,0.0,0,sms
70.0,14.0,4.071429,0.0,0.0,0.0,0.5,0.014285714,4.012739,0.0,0.0,0.0,0,sms
50.0,10.0,4.1,0.0,0.0,0.0,0.4,0.04,4.1874504,0.0,0.0,0.0,0,sms
38.0,7.0,4.571429,0.0,0.0,0.0,0.42857143,0.078947365,4.1792293,0.0,0.0,0.0,0,sms
62.0,15.0,3.1333334,0.0,0.0,0.0,0.46666667,0.11290322,3.8717465,0.0,0.0,0.0,0,sms
152.0,36.0,3.25,0.0,0.0,0.0,0.44444445,0.02631579,4.4577575,0.0,0.0,0.0,0,sms
147.0,25.0,4.92,15.0,0.0,0.0,0.16,0.006802721,4.7205443,0.0,0.0,0.0,1,sms
158.0,34.0,3.6764705,0.0,0.0,0.0,0.47058824,0.050632913,4.579856,0.0,0.0,0.0,0,sms
45.0,7.0,5.571429,0.0,0.0,0.0,0.14285715,0.15555556,3.6078146,0.0,0.0,0.0,0,sms
22.0,6.0,2.8333333,0.0,0.0,0.0,0.6666667,0.045454547,3.4992275,0.0,0.0,0.0,0,sms
26.0,7.0,2.857143,0.0,0.0,0.0,0.42857143,0.0,3.3464394,0.0,0.0,0.0,0,sms
101.0,12.0,7.5,12.0,0.0,0.0,0.25,0.07920792,4.757473,0.0,0.0,0.0,1,sms
47.0,8.0,5.0,0.0,0.0,0.0,0.5,0.10638298,4.053056,0.0,0.0,0.0,0,sms
48.0,8.0,5.125,0.0,0.0,0.0,0.25,0.083333336,4.073913,0.0,0.0,0.0,0,sms
109.0,22.0,4.0,8.0,0.0,0.0,0.4090909,0.04587156,4.7584023,0.0,0.0,1.0,1,sms
48.0,11.0,3.4545455,0.0,0.0,0.0,0.45454547,0.020833334,4.0605745,0.0,0.0,0.0,0,sms
67.0,11.0,5.181818,0.0,0.0,0.0,0.18181819,0.07462686,4.5822897,0.0,0.0,0.0,0,sms
30.0,5.0,4.8,0.0,0.0,0.0,0.4,0.2,3.938722,0.0,0.0,0.0,0,sms
110.0,23.0,3.826087,0.0,0.0,0.0,0.6086956,0.036363635,4.1709056,0.0,0.0,0.0,0,sms
158.0,29.0,4.4827585,19.0,0.0,0.0,0.13793103,0.03797468,5.096993,0.0,0.0,1.0,1,sms
34.0,6.0,4.5,0.0,0.0,0.0,0.33333334,0.23529412,3.884155,0.0,0.0,0.0,0,sms
65.0,12.0,4.5,0.0,0.0,0.0,0.41666666,0.0,4.0649176,0.0,0.0,0.0,0,sms
137.0,25.0,4.48,17.0,0.0,0.0,0.24,0.02919708,5.141341,0.0,0.0,0.0,1,sms
23.0,3.0,7.0,0.0,0.0,0.0,0.0,0.13043478,3.88018,0.0,0.0,0.0,0,sms
35.0,6.0,5.0,0.0,0.0,0.0,0.16666667,0.057142857,3.8980684,0.0,0.0,0.0,0,sms
22.0,5.0,3.6,0.0,0.0,0.0,0.6,0.045454547,3.3921473,0.0,0.0,0.0,0,sms
96.0,20.0,3.85,1.0,0.0,0.0,0.35,0.041666668,4.185347,0.0,0.0,0.0,0,sms
75.0,15.0,4.0666666,0.0,0.0,0.0,0.46666667,0.053333335,4.34639,0.0,0.0,0.0,0,sms
81.0,16.0,4.125,0.0,0.0,0.0,0.375,0.037037037,4.2275243,0.0,0.0,0.0,0,sms
37.0,7.0,4.428571,0.0,0.0,0.0,0.2857143,0.0,3.7843685,0.0,0.0,0.0,0,sms
71.0,15.0,3.8,0.0,0.0,0.0,0.46666667,0.056338027,4.1874437,0.0,0.0,0.0,0,sms
21.0,4.0,4.5,0.0,0.0,0.0,0.25,0.23809524,3.1496735,0.0,0.0,0.0,0,sms
126.0,25.0,4.08,0.0,0.0,0.0,0.48,0.03968254,4.6315603,0.0,0.0,0.0,0,sms
25.0,7.0,2.7142856,1.0,0.0,0.0,0.14285715,0.08,3.8924072,0.0,0.0,0.0,0,sms
159.0,29.0,4.5172415,27.0,1.0,0.0,0.20689656,0.0754717,5.10904,0.0,0.0,1.0,1,sms
302.0,62.0,3.887097,3.0,0.0,0.0,0.4032258,0.052980132,4.621119,0.0,0.0,0.0,0,sms
86.0,13.0,5.6923075,16.0,0.0,0.0,0.30769232,0.034883723,4.916903,0.0,0.0,0.0,1,sms
23.0,5.0,3.8,0.0,0.0,0.0,0.2,0.08695652,3.932138,0.0,0.0,0.0,0,sms
198.0,36.0,4.5277777,0.0,0.0,0.0,0.3888889,0.065656565,4.414198,0.0,0.0,0.0,0,sms
32.0,9.0,2.6666667,0.0,0.0,0.0,0.44444445,0.0625,3.7201755,0.0,0.0,0.0,0,sms
30.0,5.0,5.2,0.0,0.0,0.0,0.6,0.033333335,3.6094964,0.0,0.0,0.0,0,sms
39.0,8.0,4.0,0.0,0.0,0.0,0.125,0.0,3.539717,0.0,0.0,0.0,0,sms
98.0,19.0,4.2105265,0.0,0.0,0.0,0.36842105,0.05102041,4.2388973,0.0,0.0,0.0,0,sms
14.0,4.0,2.75,0.0,0.0,0.0,0.0,0.071428575,3.4594316,0.0,0.0,0.0,0,sms
27.0,4.0,6.0,0.0,0.0,0.0,0.5,0.037037037,3.6012275,0.0,0.0,0.0,0,sms
155.0,27.0,4.7777777,3.0,0.0,0.0,0.22222222,0.038709678,4.5322247,0.0,0.0,0.0,1,sms
37.0,8.0,3.75,0.0,0.0,0.0,0.625,0.054054055,3.7144094,0.0,0.0,0.0,0,sms
157.0,34.0,3.6470587,0.0,0.0,0.0,0.44117647,0.10191083,4.5671077,0.0,0.0,0.0,0,sms
156.0,24.0,5.5416665,25.0,0.0,0.0,0.20833333,0.070512824,4.8474917,0.0,0.0,0.0,1,sms
54.0,11.0,4.0,0.0,0.0,0.0,0.36363637,0.074074075,4.2150025,0.0,0.0,0.0,0,sms
39.0,9.0,3.4444444,0.0,0.0,0.0,0.44444445,0.051282052,3.9746954,0.0,0.0,0.0,0,sms
33.0,7.0,3.857143,0.0,0.0,0.0,0.2857143,0.060606062,3.884155,0.0,0.0,0.0,0,sms
45.0,8.0,4.75,0.0,0.0,0.0,0.25,0.06666667,3.95421,0.0,0.0,0.0,0,sms
144.0,27.0,4.3703704,0.0,0.0,0.0,0.4814815,0.013888889,4.1515703,0.0,0.0,0.0,0,sms
180.0,26.0,5.8076925,0.0,0.0,0.0,0.34615386,0.2,4.9246755,0.0,0.0,0.0,0,sms
169.0,38.0,3.4210527,2.0,0.0,0.0,0.18421052,0.10059172,5.0642247,0.0,0.0,0.0,0,sms
61.0,11.0,4.5454545,0.0,0.0,0.0,0.27272728,0.13114753,4.3182425,0.0,0.0,0.0,0,sms
158.0,28.0,4.678571,14.0,0.0,0.0,0.42857143,0.025316456,4.8472433,0.0,0.0,0.0,1,sms
39.0,7.0,4.714286,0.0,0.0,0.0,0.2857143,0.07692308,3.7606206,0.0,0.0,0.0,0,sms
41.0,10.0,3.2,0.0,0.0,0.0,0.5,0.024390243,3.852217,0.0,0.0,0.0,0,sms
74.0,13.0,4.769231,0.0,0.0,0.0,0.15384616,0.054054055,4.310432,0.0,0.0,0.0,0,sms
204.0,40.0,4.05,0.0,0.0,0.0,0.325,0.13235295,4.509944,0.0,0.0,0.0,0,sms
88.0,15.0,4.9333334,0.0,0.0,0.0,0.33333334,0.022727273,4.066167,0.0,0.0,0.0,0,sms
159.0,27.0,4.9259257,18.0,1.0,0.0,0.33333334,0.031446543,5.135564,0.0,0.0,0.0,1,sms
74.0,14.0,4.357143,0.0,0.0,0.0,0.35714287,0.013513514,4.041634,0.0,0.0,0.0,0,sms
37.0,9.0,3.2222223,0.0,0.0,0.0,0.44444445,0.08108108,4.004364,0.0,0.0,0.0,0,sms
39.0,8.0,4.0,0.0,0.0,0.0,0.5,0.0,3.8042293,0.0,0.0,0.0,0,sms
35.0,7.0,4.142857,0.0,0.0,0.0,0.5714286,0.057142857,4.0303946,0.0,0.0,0.0,0,sms
43.0,7.0,5.285714,0.0,0.0,0.0,0.2857143,0.046511628,3.7522602,0.0,0.0,0.0,0,sms
42.0,10.0,3.3,6.0,0.0,0.0,0.4,0.071428575,4.0407753,0.0,0.0,0.0,0,sms
37.0,7.0,4.428571,0.0,0.0,0.0,0.2857143,0.054054055,3.8890495,0.0,0.0,0.0,0,sms
30.0,7.0,3.4285715,1.0,0.0,0.0,0.14285715,0.13333334,3.6053886,0.0,0.0,0.0,0,sms
82.0,16.0,4.1875,0.0,0.0,0.0,0.375,0.06097561,4.154256,0.0,0.0,0.0,0,sms
32.0,8.0,3.125,0.0,0.0,0.0,0.5,0.03125,3.509275,0.0,0.0,0.0,0,sms
28.0,6.0,3.8333333,0.0,0.0,0.0,0.6666667,0.071428575,3.708132,0.0,0.0,0.0,0,sms
120.0,24.0,4.0416665,17.0,1.0,0.0,0.041666668,0.016666668,5.064522,0.0,0.0,1.0,1,sms
55.0,11.0,4.090909,0.0,0.0,0.0,0.54545456,0.036363635,4.178088,0.0,0.0,0.0,0,sms
67.0,12.0,4.5,0.0,0.0,0.0,0.33333334,0.08955224,4.2560782,0.0,0.0,0.0,0,sms
244.0,47.0,4.212766,0.0,0.0,0.0,0.5106383,0.045081966,4.3387403,0.0,0.0,0.0,0,sms
24.0,5.0,4.0,0.0,0.0,0.0,0.6,0.083333336,3.821928,0.0,0.0,0.0,0,sms
159.0,22.0,6.2727275,0.0,0.0,0.0,0.22727273,0.03773585,4.5587883,0.0,0.0,0.0,0,sms
159.0,35.0,3.5714285,0.0,0.0,0.0,0.6571429,0.012578616,4.1140027,0.0,0.0,0.0,0,sms
70.0,14.0,4.071429,0.0,0.0,0.0,0.42857143,0.028571429,4.055974,0.0,0.0,0.0,0,sms
57.0,7.0,7.285714,0.0,0.0,0.0,0.2857143,0.07017544,4.099115,0.0,0.0,0.0,0,sms
162.0,27.0,5.0,16.0,1.0,0.0,0.22222222,0.024691358,4.942066,0.0,0.0,0.0,1,sms
139.0,33.0,3.2424242,0.0,0.0,0.0,0.57575756,0.035971224,4.2880406,0.0,0.0,0.0,0,sms
40.0,11.0,2.7272727,0.0,0.0,0.0,0.6363636,0.05,4.0817275,0.0,0.0,0.0,0,sms
86.0,17.0,4.117647,0.0,0.0,0.0,0.5294118,0.034883723,4.1985874,0.0,0.0,0.0,0,sms
116.0,24.0,3.875,0.0,0.0,0.0,0.29166666,0.13793103,4.532608,0.0,0.0,0.0,0,sms
3.0,1.0,3.0,0.0,0.0,0.0,0.0,0.33333334,1.5849625,0.0,0.0,0.0,0,sms
53.0,11.0,3.909091,0.0,0.0,0.0,0.45454547,0.018867925,3.9697719,0.0,0.0,0.0,0,sms
42.0,9.0,3.7777777,0.0,0.0,0.0,0.22222222,0.04761905,3.822182,0.0,0.0,0.0,0,sms
54.0,9.0,5.111111,0.0,0.0,0.0,0.44444445,0.055555556,3.8519564,0.0,0.0,0.0,0,sms
33.0,9.0,2.7777777,3.0,0.0,0.0,0.33333334,0.060606062,4.133661,0.0,0.0,0.0,0,sms
30.0,5.0,5.2,0.0,0.0,0.0,0.2,0.06666667,4.10391,0.0,0.0,0.0,0,sms
70.0,16.0,3.4375,0.0,0.0,0.0,0.5625,0.028571429,3.8542655,0.0,0.0,0.0,0,sms
94.0,19.0,4.0,3.0,0.0,0.0,0.36842105,0.06382979,4.529922,0.0,0.0,0.0,0,sms
62.0,12.0,4.25,0.0,0.0,0.0,0.0,0.06451613,4.015494,0.0,0.0,0.0,0,sms
72.0,12.0,5.0833335,0.0,0.0,0.0,0.41666666,0.055555556,3.9217973,0.0,0.0,0.0,0,sms
142.0,24.0,4.875,0.0,0.0,0.0,0.5,0.07042254,4.6725125,0.0,0.0,0.0,0,sms
85.0,16.0,4.375,0.0,0.0,0.0,0.4375,0.08235294,4.044907,0.0,0.0,0.0,0,sms
66.0,12.0,4.5833335,0.0,0.0,0.0,0.33333334,0.045454547,4.074263,0.0,0.0,0.0,0,sms
32.0,7.0,3.7142856,0.0,0.0,0.0,0.2857143,0.15625,3.5654483,0.0,0.0,0.0,0,sms
55.0,11.0,4.0,0.0,0.0,0.0,0.27272728,0.10909091,4.220129,0.0,0.0,0.0,0,sms
162.0,30.0,4.4333334,8.0,1.0,0.0,0.33333334,0.024691358,4.840686,0.0,0.0,1.0,1,sms
58.0,11.0,4.3636365,0.0,0.0,0.0,0.36363637,0.03448276,4.3218546,0.0,0.0,0.0,0,sms
16.0,4.0,3.25,0.0,0.0,0.0,0.25,0.0625,3.180833,0.0,0.0,0.0,0,sms
71.0,14.0,4.071429,0.0,0.0,0.0,0.5714286,0.028169014,4.279463,0.0,0.0,0.0,0,sms
38.0,6.0,5.5,0.0,0.0,0.0,0.6666667,0.10526316,3.8818326,0.0,0.0,0.0,0,sms
44.0,9.0,4.0,0.0,0.0,0.0,0.11111111,0.25,4.239098,0.0,0.0,0.0,0,sms
77.0,14.0,4.571429,1.0,0.0,0.0,0.14285715,0.077922076,4.4890122,0.0,0.0,0.0,0,sms
148.0,29.0,4.137931,0.0,0.0,0.0,0.31034482,0.08108108,4.3448443,0.0,0.0,0.0,0,sms
152.0,26.0,4.8846154,23.0,1.0,0.0,0.26923078,0.032894738,4.92528,0.0,0.0,0.0,1,sms
32.0,7.0,3.7142856,0.0,0.0,0.0,0.5714286,0.0625,3.7343082,0.0,0.0,0.0,0,sms
85.0,20.0,3.3,0.0,0.0,0.0,0.4,0.047058824,4.479873,0.0,0.0,0.0,0,sms
22.0,5.0,3.6,0.0,0.0,0.0,0.0,0.045454547,3.6143694,0.0,0.0,0.0,0,sms
139.0,26.0,4.3846154,2.0,0.0,0.0,0.30769232,0.035971224,4.6072516,0.0,0.0,0.0,1,sms
38.0,8.0,3.875,0.0,0.0,0.0,0.375,0.05263158,3.873236,0.0,0.0,0.0,0,sms
109.0,6.0,17.333334,19.0,0.0,0.0,0.0,0.16513762,5.1851707,0.0,0.0,1.0,1,sms
32.0,7.0,3.7142856,0.0,0.0,0.0,0.14285715,0.0625,3.8731406,0.0,0.0,0.0,0,sms
107.0,22.0,3.909091,3.0,1.0,0.0,0.3181818,0.056074765,4.7679,0.0,0.0,0.0,1,sms
198.0,34.0,4.852941,0.0,0.0,0.0,0.44117647,0.065656565,4.960843,0.0,0.0,0.0,0,sms
104.0,18.0,4.8333335,1.0,0.0,0.0,0.11111111,0.048076924,4.45318,0.0,0.0,0.0,0,sms
44.0,8.0,4.625,0.0,0.0,0.0,0.375,0.022727273,3.6982062,0.0,0.0,0.0,0,sms
42.0,8.0,4.375,0.0,0.0,0.0,0.5,0.04761905,4.025592,0.0,0.0,0.0,0,sms
61.0,14.0,3.4285715,0.0,0.0,0.0,0.64285713,0.016393442,3.844842,0.0,0.0,0.0,0,sms
43.0,11.0,3.0,0.0,0.0,0.0,0.6363636,0.046511628,3.65729,0.0,0.0,0.0,0,sms
46.0,10.0,3.7,1.0,0.0,0.0,0.2,0.06521739,4.098118,0.0,0.0,0.0,0,sms
76.0,14.0,4.5,0.0,0.0,0.0,0.35714287,0.02631579,4.2368236,0.0,0.0,0.0,0,sms
61.0,9.0,5.888889,0.0,0.0,0.0,0.22222222,0.04918033,4.1346097,0.0,0.0,0.0,0,sms
76.0,15.0,4.133333,0.0,0.0,0.0,0.2,0.17105263,4.7504997,0.0,0.0,0.0,0,sms
46.0,8.0,4.875,0.0,0.0,0.0,0.5,0.06521739,3.9846573,0.0,0.0,0.0,0,sms
61.0,14.0,3.4285715,0.0,0.0,0.0,0.35714287,0.09836066,4.0663404,0.0,0.0,0.0,0,sms
22.0,5.0,3.6,0.0,0.0,0.0,0.4,0.0,3.1971598,0.0,0.0,0.0,0,sms
50.0,8.0,5.25,0.0,0.0,0.0,0.375,0.06,3.9736552,0.0,0.0,0.0,0,sms
44.0,10.0,3.5,0.0,0.0,0.0,0.6,0.045454547,3.9188678,0.0,0.0,0.0,0,sms
257.0,46.0,4.5652175,0.0,0.0,0.0,0.54347825,0.027237354,4.342402,0.0,0.0,0.0,0,sms
159.0,39.0,3.102564,0.0,0.0,0.0,0.23076923,0.025157232,4.5036006,0.0,0.0,0.0,0,sms
58.0,11.0,4.3636365,0.0,0.0,0.0,0.36363637,0.03448276,4.3218546,0.0,0.0,0.0,0,sms
33.0,7.0,3.857143,0.0,0.0,0.0,0.2857143,0.060606062,3.884155,0.0,0.0,0.0,0,sms
96.0,19.0,4.0526314,1.0,1.0,0.0,0.47368422,0.104166664,4.596613,0.0,0.0,0.0,0,sms
96.0,13.0,6.4615383,7.0,0.0,0.0,0.53846157,0.114583336,4.574424,0.0,0.0,1.0,1,sms
29.0,6.0,4.0,0.0,0.0,0.0,0.5,0.0,3.8553886,0.0,0.0,0.0,0,sms
63.0,11.0,4.818182,0.0,0.0,0.0,0.36363637,0.031746034,3.8335123,0.0,0.0,0.0,0,sms
53.0,10.0,4.4,0.0,0.0,0.0,0.4,0.03773585,4.094907,0.0,0.0,0.0,0,sms
34.0,5.0,6.0,0.0,0.0,0.0,0.4,0.23529412,3.1362433,0.0,0.0,0.0,0,sms
33.0,4.0,7.5,0.0,0.0,0.0,0.0,0.060606062,3.4410849,0.0,0.0,0.0,0,sms
151.0,22.0,5.909091,18.0,0.0,0.0,0.18181819,0.0397351,4.927584,0.0,0.0,1.0,1,sms
65.0,12.0,4.5,0.0,0.0,0.0,0.5,0.06153846,4.1904354,0.0,0.0,0.0,0,sms
151.0,24.0,5.3333335,23.0,1.0,0.0,0.375,0.01986755,5.182175,0.0,0.0,0.0,1,sms
30.0,6.0,4.1666665,0.0,0.0,0.0,0.6666667,0.033333335,4.003856,0.0,0.0,0.0,0,sms
153.0,26.0,4.923077,24.0,0.0,0.0,0.26923078,0.026143791,5.075175,0.0,0.0,1.0,1,sms
19.0,3.0,5.3333335,0.0,0.0,0.0,0.0,0.05263158,3.375,0.0,0.0,0.0,0,sms
121.0,23.0,4.304348,17.0,1.0,0.0,0.17391305,0.041322313,4.66397,0.0,0.0,1.0,1,sms
36.0,6.0,5.1666665,0.0,0.0,0.0,0.33333334,0.083333336,4.0667844,0.0,0.0,0.0,0,sms
40.0,6.0,5.8333335,0.0,0.0,0.0,0.16666667,0.075,4.011585,0.0,0.0,0.0,0,sms
63.0,12.0,4.25,0.0,0.0,0.0,0.25,0.15873016,4.1891165,0.0,0.0,0.0,0,sms
4.0,1.0,4.0,0.0,0.0,0.0,0.0,0.0,2.0,0.0,0.0,0.0,0,sms
50.0,10.0,4.1,0.0,0.0,0.0,0.5,0.08,4.198777,0.0,0.0,0.0,0,sms
28.0,6.0,3.8333333,0.0,0.0,0.0,0.33333334,0.035714287,3.882045,0.0,0.0,0.0,0,sms
57.0,13.0,3.4615386,1.0,0.0,0.0,0.15384616,0.05263158,4.1532125,0.0,0.0,0.0,0,sms
128.0,18.0,6.1666665,26.0,0.0,0.0,0.16666667,0.03125,4.7575946,0.0,0.0,1.0,1,sms
145.0,24.0,5.0833335,14.0,0.0,0.0,0.25,0.027586207,4.5670314,0.0,0.0,0.0,1,sms
32.0,5.0,5.6,0.0,0.0,0.0,0.0,0.0625,3.4547012,0.0,0.0,0.0,0,sms
38.0,9.0,3.3333333,0.0,0.0,0.0,0.6666667,0.0,3.6062388,0.0,0.0,0.0,0,sms
86.0,16.0,4.4375,0.0,0.0,0.0,0.4375,0.046511628,4.1461577,0.0,0.0,0.0,0,sms
37.0,6.0,5.3333335,0.0,0.0,0.0,0.33333334,0.027027028,3.9261086,0.0,0.0,0.0,0,sms
116.0,23.0,4.0869565,0.0,0.0,0.0,0.47826087,0.03448276,4.163559,0.0,0.0,0.0,0,sms
77.0,15.0,4.2,0.0,0.0,0.0,0.4,0.18181819,3.9894617,0.0,0.0,0.0,0,sms
86.0,13.0,5.6923075,11.0,0.0,0.0,0.23076923,0.023255814,4.6938457,0.0,0.0,1.0,1,sms
17.0,3.0,5.0,0.0,0.0,0.0,0.0,0.0,3.189898,0.0,0.0,0.0,0,sms
156.0,24.0,5.5416665,3.0,0.0,0.0,0.125,0.01923077,4.7210155,0.0,0.0,0.0,0,sms
38.0,9.0,3.3333333,3.0,0.0,0.0,0.22222222,0.078947365,4.231402,0.0,0.0,0.0,0,sms
13.0,4.0,2.5,0.0,0.0,0.0,0.0,0.15384616,3.121928,0.0,0.0,0.0,0,sms
88.0,21.0,3.2380953,0.0,0.0,0.0,0.2857143,0.06818182,4.0192137,0.0,0.0,0.0,0,sms
64.0,14.0,3.642857,0.0,0.0,0.0,0.35714287,0.09375,4.0598993,0.0,0.0,0.0,0,sms
205.0,40.0,4.15,0.0,0.0,0.0,0.575,0.058536585,4.463558,0.0,0.0,0.0,0,sms
158.0,28.0,4.678571,9.0,1.0,0.0,0.17857143,0.050632913,5.088612,0.0,0.0,0.0,1,sms
114.0,19.0,5.0526314,2.0,0.0,0.0,0.2631579,0.07017544,4.2273426,0.0,0.0,0.0,0,sms
78.0,16.0,3.9375,0.0,0.0,0.0,0.375,0.06410257,4.346406,0.0,0.0,0.0,0,sms
121.0,26.0,3.6923077,0.0,0.0,0.0,0.46153846,0.049586777,4.2920957,0.0,0.0,0.0,0,sms
25.0,4.0,5.5,0.0,0.0,0.0,0.0,0.08,3.64125,0.0,0.0,0.0,0,sms
46.0,8.0,4.875,0.0,0.0,0.0,0.625,0.04347826,4.118485,0.0,0.0,0.0,0,sms
28.0,6.0,3.6666667,0.0,0.0,0.0,0.16666667,0.10714286,3.788755,0.0,0.0,0.0,0,sms
126.0,24.0,4.2916665,0.0,0.0,0.0,0.45833334,0.04761905,4.331407,0.0,0.0,0.0,0,sms
46.0,11.0,3.2727273,0.0,0.0,0.0,0.36363637,0.10869565,3.9857807,0.0,0.0,0.0,0,sms
23.0,5.0,3.8,0.0,0.0,0.0,0.2,0.08695652,3.787144,0.0,0.0,0.0,0,sms
84.0,18.0,3.6666667,1.0,0.0,0.0,0.2777778,0.04761905,4.379781,0.0,0.0,0.0,0,sms
72.0,13.0,4.6153846,0.0,0.0,0.0,0.3846154,0.041666668,3.8387945,0.0,0.0,0.0,0,sms
30.0,7.0,3.4285715,0.0,0.0,0.0,0.42857143,0.06666667,4.0535088,0.0,0.0,0.0,0,sms
22.0,4.0,4.75,0.0,0.0,0.0,0.0,0.09090909,3.932138,0.0,0.0,0.0,0,sms
48.0,11.0,3.4545455,0.0,0.0,0.0,0.18181819,0.041666668,3.925853,0.0,0.0,0.0,0,sms
24.0,6.0,3.1666667,0.0,0.0,0.0,0.33333334,0.083333336,3.4316235,0.0,0.0,0.0,0,sms
46.0,9.0,4.2222223,0.0,0.0,0.0,0.33333334,0.02173913,3.9579394,0.0,0.0,0.0,0,sms
86.0,18.0,3.8333333,0.0,0.0,0.0,0.5,0.034883723,4.228112,0.0,0.0,0.0,0,sms
158.0,27.0,4.888889,0.0,0.0,0.0,0.4074074,0.03164557,4.0843954,0.0,0.0,0.0,0,sms
31.0,8.0,3.0,0.0,0.0,0.0,0.25,0.09677419,3.8035088,0.0,0.0,0.0,0,sms
25.0,6.0,3.3333333,0.0,0.0,0.0,0.5,0.04,3.5464394,0.0,0.0,0.0,0,sms
102.0,17.0,5.0588236,0.0,0.0,0.0,0.1764706,0.05882353,4.758335,0.0,0.0,0.0,1,sms
35.0,5.0,6.2,0.0,0.0,0.0,0.4,0.057142857,3.9535656,0.0,0.0,0.0,0,sms
106.0,27.0,2.9629629,0.0,0.0,0.0,0.44444445,0.056603774,4.0095944,0.0,0.0,0.0,0,sms
48.0,9.0,4.4444447,4.0,0.0,0.0,0.22222222,0.14583333,3.958695,0.0,0.0,0.0,0,sms
60.0,11.0,4.5454545,0.0,0.0,0.0,0.45454547,0.06666667,3.879165,0.0,0.0,0.0,0,sms
97.0,24.0,3.0833333,0.0,0.0,0.0,0.25,0.030927835,4.435126,0.0,0.0,0.0,0,sms
36.0,6.0,5.1666665,0.0,0.0,0.0,0.16666667,0.055555556,3.8488846,0.0,0.0,0.0,0,sms
71.0,14.0,4.142857,0.0,0.0,0.0,0.5,0.028169014,4.104695,0.0,0.0,0.0,0,sms
83.0,17.0,3.9411764,0.0,0.0,0.0,0.4117647,0.036144577,4.364013,0.0,0.0,0.0,0,sms
153.0,34.0,3.5294118,2.0,0.0,0.0,0.1764706,0.045751635,4.385721,0.0,0.0,0.0,0,sms
38.0,10.0,2.9,0.0,0.0,0.0,0.0,0.0,3.8833375,0.0,0.0,0.0,0,sms
82.0,18.0,3.5555556,0.0,0.0,0.0,0.22222222,0.07317073,4.210883,0.0,0.0,0.0,0,sms
114.0,22.0,4.2272725,11.0,0.0,0.0,0.22727273,0.07017544,4.6802998,0.0,0.0,1.0,1,sms
94.0,20.0,3.75,0.0,0.0,0.0,0.5,0.06382979,4.4398723,0.0,0.0,0.0,0,sms
52.0,12.0,3.4166667,0.0,0.0,0.0,0.25,0.13461539,3.8723361,0.0,0.0,0.0,0,sms
84.0,16.0,4.25,0.0,0.0,0.0,0.4375,0.10714286,4.267015,0.0,0.0,0.0,0,sms
33.0,6.0,4.6666665,0.0,0.0,0.0,0.5,0.09090909,3.8154106,0.0,0.0,0.0,0,sms
42.0,10.0,3.3,0.0,0.0,0.0,0.5,0.071428575,3.9912157,0.0,0.0,0.0,0,sms
24.0,6.0,3.1666667,0.0,0.0,0.0,0.5,0.041666668,3.3660913,0.0,0.0,0.0,0,sms
54.0,10.0,4.5,0.0,0.0,0.0,0.3,0.018518519,4.068762,0.0,0.0,0.0,0,sms
23.0,6.0,3.0,0.0,0.0,0.0,0.5,0.04347826,3.8365917,0.0,0.0,0.0,0,sms
138.0,23.0,5.0434785,19.0,0.0,0.0,0.3043478,0.06521739,4.983792,0.0,0.0,1.0,1,sms
45.0,10.0,3.6,0.0,0.0,0.0,0.6,0.022222223,3.687034,0.0,0.0,0.0,0,sms
37.0,10.0,2.8,0.0,0.0,0.0,0.3,0.10810811,4.0121884,0.0,0.0,0.0,0,sms
28.0,5.0,4.8,0.0,0.0,0.0,0.2,0.14285715,3.4182959,0.0,0.0,0.0,0,sms
44.0,10.0,3.5,0.0,0.0,0.0,0.4,0.045454547,4.261725,0.0,0.0,0.0,0,sms
135.0,25.0,4.44,14.0,1.0,0.0,0.48,0.022222223,5.096042,0.0,0.0,0.0,1,sms
73.0,15.0,3.9333334,0.0,0.0,0.0,0.53333336,0.09589041,3.9930847,0.0,0.0,0.0,0,sms
202.0,39.0,4.205128,0.0,0.0,0.0,0.53846157,0.034653466,4.4141746,0.0,0.0,0.0,0,sms
140.0,26.0,4.3846154,0.0,0.0,0.0,0.34615386,0.05,4.4726963,0.0,0.0,0.0,0,sms
146.0,24.0,5.125,24.0,0.0,0.0,0.16666667,0.020547945,4.910722,0.0,0.0,0.0,1,sms
13.0,5.0,1.8,1.0,0.0,0.0,0.2,0.07692308,2.947703,0.0,0.0,0.0,0,sms
29.0,5.0,5.0,0.0,0.0,0.0,0.2,0.03448276,3.7336607,0.0,0.0,0.0,0,sms
53.0,10.0,4.4,2.0,0.0,0.0,0.3,0.018867925,4.235016,0.0,0.0,0.0,0,sms
132.0,18.0,6.388889,0.0,0.0,0.0,0.2777778,0.23484848,3.890489,0.0,0.0,0.0,0,sms
35.0,9.0,3.0,0.0,0.0,0.0,0.44444445,0.028571429,3.5085363,0.0,0.0,0.0,0,sms
160.0,29.0,4.551724,14.0,0.0,0.0,0.13793103,0.03125,5.026858,0.0,0.0,0.0,1,sms
96.0,19.0,4.105263,0.0,0.0,0.0,0.47368422,0.020833334,3.9926083,0.0,0.0,0.0,0,sms
73.0,14.0,4.285714,1.0,0.0,0.0,0.14285715,0.05479452,4.089002,0.0,0.0,0.0,0,sms
18.0,2.0,8.5,5.0,0.0,0.0,0.0,0.0,3.1751232,0.0,0.0,1.0,1,sms
55.0,13.0,3.3076923,0.0,0.0,0.0,0.46153846,0.018181818,4.188607,0.0,0.0,0.0,0,sms
60.0,15.0,3.0666666,0.0,0.0,0.0,0.4,0.033333335,4.0130415,0.0,0.0,0.0,0,sms
83.0,14.0,5.0,0.0,0.0,0.0,0.2857143,0.036144577,4.0810795,0.0,0.0,0.0,0,sms
111.0,24.0,3.6666667,0.0,0.0,0.0,0.45833334,0.08108108,4.28589,0.0,0.0,0.0,0,sms
40.0,6.0,5.8333335,0.0,0.0,0.0,0.33333334,0.075,3.9760108,0.0,0.0,0.0,0,sms
141.0,30.0,3.7333333,0.0,0.0,0.0,0.53333336,0.04964539,4.0574408,0.0,0.0,0.0,0,sms
63.0,12.0,4.3333335,1.0,0.0,0.0,0.16666667,0.031746034,4.2892075,0.0,0.0,0.0,1,sms
104.0,22.0,3.7727273,0.0,0.0,0.0,0.4090909,0.057692308,4.2773423,0.0,0.0,0.0,0,sms
133.0,30.0,3.4666667,2.0,0.0,0.0,0.2,0.04511278,4.3868184,0.0,0.0,0.0,0,sms
137.0,22.0,5.2727275,6.0,1.0,0.0,0.3181818,0.17518248,5.1724377,0.0,0.0,0.0,1,sms
26.0,8.0,2.375,0.0,0.0,0.0,0.625,0.0,3.4713545,0.0,0.0,0.0,0,sms
53.0,10.0,4.4,0.0,0.0,0.0,0.4,0.03773585,4.189561,0.0,0.0,0.0,0,sms
70.0,12.0,4.9166665,0.0,0.0,0.0,0.16666667,0.042857144,4.3188353,0.0,0.0,0.0,0,sms
67.0,15.0,3.5333333,0.0,0.0,0.0,0.46666667,0.05970149,4.2131906,0.0,0.0,0.0,0,sms
22.0,5.0,3.6,0.0,0.0,0.0,0.4,0.045454547,3.1971598,0.0,0.0,0.0,0,sms
63.0,12.0,4.25,0.0,0.0,0.0,0.5833333,0.0952381,4.2039185,0.0,0.0,0.0,0,sms
95.0,13.0,6.3846154,13.0,0.0,0.0,0.15384616,0.08421053,4.597342,0.0,0.0,0.0,1,sms
143.0,28.0,4.142857,14.0,0.0,0.0,0.39285713,0.0,4.7258906,0.0,0.0,0.0,1,sms
33.0,5.0,5.8,0.0,0.0,0.0,0.4,0.21212122,3.8833375,0.0,0.0,0.0,0,sms
159.0,30.0,4.3333335,19.0,1.0,0.0,0.4,0.044025157,4.8407826,0.0,0.0,0.0,1,sms
74.0,15.0,4.0,0.0,0.0,0.0,0.6,0.054054055,4.117156,0.0,0.0,0.0,0,sms
60.0,13.0,3.6923077,0.0,0.0,0.0,0.46153846,0.033333335,4.0042477,0.0,0.0,0.0,0,sms
144.0,25.0,4.8,0.0,0.0,0.0,0.4,0.034722224,3.941574,0.0,0.0,0.0,0,sms
220.0,41.0,4.390244,0.0,0.0,0.0,0.58536583,0.022727273,4.155622,0.0,0.0,0.0,0,sms
55.0,11.0,3.909091,5.0,0.0,0.0,0.0,0.09090909,4.0162835,0.0,0.0,0.0,0,sms
127.0,25.0,4.12,2.0,0.0,0.0,0.24,0.031496063,4.288443,0.0,0.0,0.0,0,sms
27.0,6.0,3.6666667,1.0,0.0,0.0,0.33333334,0.074074075,3.6292198,0.0,0.0,0.0,0,sms
162.0,34.0,3.7941177,0.0,0.0,0.0,0.44117647,0.043209877,4.4241805,0.0,0.0,0.0,0,sms
112.0,21.0,4.3333335,0.0,0.0,0.0,0.3809524,0.0625,4.2659225,0.0,0.0,0.0,0,sms
161.0,30.0,4.4,16.0,0.0,0.0,0.33333334,0.07453416,4.863206,0.0,0.0,1.0,1,sms
149.0,24.0,5.25,22.0,1.0,0.0,0.375,0.013422819,4.8722596,0.0,0.0,1.0,1,sms
30.0,5.0,5.2,0.0,0.0,0.0,0.4,0.033333335,3.8731406,0.0,0.0,0.0,0,sms
3.0,1.0,3.0,0.0,0.0,0.0,0.0,0.33333334,1.5849625,0.0,0.0,0.0,0,sms
61.0,11.0,4.6363635,0.0,0.0,0.0,0.27272728,0.08196721,4.262305,0.0,0.0,0.0,0,sms
73.0,12.0,5.1666665,0.0,0.0,0.0,0.33333334,0.04109589,4.3022223,0.0,0.0,0.0,1,sms
39.0,8.0,4.0,0.0,0.0,0.0,0.5,0.07692308,4.0542293,0.0,0.0,0.0,0,sms
103.0,20.0,4.2,1.0,0.0,0.0,0.2,0.03883495,4.170709,0.0,0.0,0.0,0,sms
48.0,7.0,6.0,0.0,0.0,0.0,0.14285715,0.104166664,4.010984,0.0,0.0,0.0,0,sms
159.0,29.0,4.5172415,23.0,1.0,0.0,0.2413793,0.044025157,5.121599,0.0,0.0,0.0,1,sms
34.0,4.0,7.75,0.0,0.0,0.0,0.25,0.029411765,3.9134007,0.0,0.0,0.0,0,sms
37.0,7.0,4.428571,0.0,0.0,0.0,0.42857143,0.027027028,3.7937393,0.0,0.0,0.0,0,sms
89.0,20.0,3.5,1.0,0.0,0.0,0.15,0.056179777,4.243709,0.0,0.0,0.0,0,sms
31.0,6.0,4.3333335,0.0,0.0,0.0,0.16666667,0.06451613,3.50738,0.0,0.0,0.0,0,sms
22.0,5.0,3.6,0.0,0.0,0.0,0.0,0.09090909,3.6416042,0.0,0.0,0.0,0,sms
36.0,6.0,4.8333335,0.0,0.0,0.0,0.5,0.19444445,3.909368,0.0,0.0,0.0,0,sms
23.0,5.0,3.8,0.0,0.0,0.0,0.0,0.17391305,4.037401,0.0,0.0,0.0,0,sms
45.0,9.0,4.111111,0.0,0.0,0.0,0.44444445,0.06666667,4.0777154,0.0,0.0,0.0,0,sms
42.0,9.0,3.7777777,0.0,0.0,0.0,0.33333334,0.023809524,3.7826238,0.0,0.0,0.0,0,sms
40.0,8.0,4.125,0.0,0.0,0.0,0.25,0.125,4.187889,0.0,0.0,0.0,0,sms
28.0,7.0,3.142857,0.0,0.0,0.0,0.71428573,0.071428575,3.845351,0.0,0.0,0.0,0,sms
84.0,14.0,5.071429,0.0,0.0,0.0,0.21428572,0.04761905,4.3321195,0.0,0.0,0.0,0,sms
52.0,12.0,3.4166667,0.0,0.0,0.0,0.41666666,0.057692308,3.9753315,0.0,0.0,0.0,0,sms
78.0,16.0,3.9375,0.0,0.0,0.0,0.5625,0.051282052,4.3133316,0.0,0.0,0.0,0,sms
54.0,14.0,2.9285715,1.0,0.0,0.0,0.14285715,0.055555556,4.348184,0.0,0.0,0.0,0,sms
159.0,28.0,4.714286,14.0,1.0,0.0,0.42857143,0.012578616,5.043876,0.0,0.0,0.0,1,sms
23.0,5.0,3.8,0.0,0.0,0.0,0.6,0.04347826,3.8924072,0.0,0.0,0.0,0,sms
93.0,16.0,4.8125,0.0,0.0,0.0,0.25,0.07526882,3.980692,0.0,0.0,0.0,0,sms
24.0,5.0,4.0,0.0,0.0,0.0,0.6,0.041666668,3.6464393,0.0,0.0,0.0,0,sms
51.0,11.0,3.7272727,0.0,0.0,0.0,0.27272728,0.019607844,4.092325,0.0,0.0,0.0,0,sms
22.0,5.0,3.6,0.0,0.0,0.0,0.4,0.18181819,3.5724313,0.0,0.0,0.0,0,sms
149.0,24.0,5.25,22.0,1.0,0.0,0.375,0.013422819,4.8722596,0.0,0.0,1.0,1,sms
23.0,6.0,3.0,0.0,0.0,0.0,0.33333334,0.04347826,3.3921473,0.0,0.0,0.0,0,sms
65.0,13.0,3.9230769,0.0,0.0,0.0,0.61538464,0.07692308,4.336367,0.0,0.0,0.0,0,sms
21.0,5.0,3.2,0.0,0.0,0.0,0.4,0.0952381,3.625,0.0,0.0,0.0,0,sms
29.0,6.0,4.0,0.0,0.0,0.0,0.5,0.06896552,3.767894,0.0,0.0,0.0,0,sms
47.0,10.0,3.8,8.0,1.0,0.0,0.3,0.0,4.010571,0.0,0.0,1.0,1,sms
156.0,23.0,5.826087,16.0,0.0,0.0,0.3043478,0.025641026,4.6338162,0.0,0.0,0.0,1,sms
66.0,16.0,3.1875,0.0,0.0,0.0,0.5625,0.015151516,4.108727,0.0,0.0,0.0,0,sms
32.0,6.0,4.5,0.0,0.0,0.0,0.33333334,0.03125,3.708048,0.0,0.0,0.0,0,sms
34.0,7.0,4.0,0.0,0.0,0.0,0.2857143,0.05882353,3.6550455,0.0,0.0,0.0,0,sms
153.0,26.0,4.923077,0.0,0.0,0.0,0.34615386,0.052287582,4.327327,0.0,0.0,0.0,0,sms
23.0,5.0,3.8,0.0,0.0,0.0,0.4,0.08695652,3.5766177,0.0,0.0,0.0,0,sms
32.0,6.0,4.5,0.0,0.0,0.0,0.5,0.0625,3.8063824,0.0,0.0,0.0,0,sms
69.0,16.0,3.375,0.0,0.0,0.0,0.3125,0.0,3.9050667,0.0,0.0,0.0,0,sms
180.0,32.0,4.65625,0.0,0.0,0.0,0.53125,0.03888889,4.2640486,0.0,0.0,0.0,0,sms
255.0,49.0,4.2244897,0.0,0.0,0.0,0.30612245,0.08235294,4.557726,0.0,0.0,0.0,0,sms
31.0,6.0,4.3333335,0.0,0.0,0.0,0.6666667,0.06451613,3.713844,0.0,0.0,0.0,0,sms
59.0,12.0,4.0,1.0,0.0,0.0,0.33333334,0.033898305,4.061308,0.0,0.0,0.0,0,sms
156.0,29.0,4.413793,23.0,1.0,0.0,0.27586207,0.025641026,5.0929103,0.0,0.0,1.0,1,sms
159.0,24.0,5.6666665,19.0,1.0,0.0,0.25,0.062893085,5.108693,0.0,0.0,0.0,1,sms
138.0,29.0,3.7931035,0.0,0.0,0.0,0.5862069,0.04347826,4.3908615,0.0,0.0,0.0,0,sms
67.0,15.0,3.5333333,0.0,0.0,0.0,0.53333336,0.029850746,3.9894495,0.0,0.0,0.0,0,sms
37.0,8.0,3.75,0.0,0.0,0.0,0.5,0.08108108,3.8980684,0.0,0.0,0.0,0,sms
122.0,22.0,4.590909,0.0,0.0,0.0,0.3181818,0.13114753,4.4939513,0.0,0.0,0.0,0,sms
29.0,6.0,4.0,0.0,0.0,0.0,0.5,0.03448276,3.5220551,0.0,0.0,0.0,0,sms
97.0,18.0,4.3333335,0.0,0.0,0.0,0.44444445,0.06185567,4.309299,0.0,0.0,0.0,0,sms
149.0,26.0,4.730769,14.0,0.0,0.0,0.53846157,0.013422819,4.806398,0.0,0.0,0.0,1,sms
141.0,21.0,5.7619047,2.0,1.0,0.0,0.33333334,0.04255319,4.748536,0.0,0.0,0.0,1,sms
76.0,15.0,4.133333,0.0,0.0,0.0,0.2,0.02631579,4.2144465,0.0,0.0,0.0,0,sms
84.0,20.0,3.25,0.0,0.0,0.0,0.55,0.023809524,4.1932316,0.0,0.0,0.0,0,sms
56.0,12.0,3.75,0.0,0.0,0.0,0.33333334,0.125,3.927328,0.0,0.0,0.0,0,sms
106.0,16.0,5.6875,11.0,0.0,0.0,0.375,0.028301887,4.580429,0.0,0.0,0.0,1,sms
36.0,7.0,4.285714,0.0,0.0,0.0,0.42857143,0.0,3.8477428,0.0,0.0,0.0,0,sms
84.0,17.0,4.0,0.0,0.0,0.0,0.23529412,0.035714287,4.1977057,0.0,0.0,0.0,0,sms
128.0,19.0,5.7894735,1.0,0.0,0.0,0.36842105,0.0234375,4.6440635,0.0,0.0,0.0,0,sms
114.0,25.0,3.6,16.0,0.0,0.0,0.24,0.02631579,4.795361,0.0,0.0,1.0,1,sms
96.0,20.0,3.85,0.0,0.0,0.0,0.45,0.010416667,3.8037531,0.0,0.0,0.0,0,sms
35.0,5.0,6.2,0.0,0.0,0.0,0.2,0.028571429,3.6467986,0.0,0.0,0.0,0,sms
46.0,7.0,5.428571,0.0,0.0,0.0,0.2857143,0.13043478,4.228062,0.0,0.0,0.0,0,sms
276.0,56.0,3.9107144,0.0,0.0,0.0,0.44642857,0.04347826,4.5053606,0.0,0.0,0.0,0,sms
25.0,5.0,4.2,0.0,0.0,0.0,0.2,0.08,4.106603,0.0,0.0,0.0,0,sms
46.0,9.0,4.2222223,0.0,0.0,0.0,0.44444445,0.02173913,4.0605745,0.0,0.0,0.0,0,sms
153.0,32.0,3.8125,0.0,0.0,0.0,0.40625,0.08496732,4.3488297,0.0,0.0,0.0,0,sms
74.0,16.0,3.6875,0.0,0.0,0.0,0.25,0.0945946,4.053602,0.0,0.0,0.0,0,sms
154.0,29.0,4.3448277,0.0,0.0,0.0,0.3448276,0.032467533,4.4758444,0.0,0.0,0.0,1,sms
27.0,5.0,4.6,0.0,0.0,0.0,0.6,0.037037037,3.3274848,0.0,0.0,0.0,0,sms
148.0,21.0,6.095238,40.0,0.0,0.0,0.0952381,0.06081081,5.109053,0.0,0.0,1.0,1,sms
63.0,13.0,3.9230769,0.0,0.0,0.0,0.46153846,0.0,3.993491,0.0,0.0,0.0,0,sms
147.0,31.0,3.7741935,0.0,0.0,0.0,0.38709676,0.054421768,4.516095,0.0,0.0,0.0,0,sms
135.0,27.0,4.037037,14.0,0.0,0.0,0.4074074,0.0074074073,4.7531877,0.0,0.0,0.0,1,sms
154.0,35.0,3.4,1.0,0.0,0.0,0.31428573,0.045454547,4.631908,0.0,0.0,0.0,0,sms
70.0,12.0,4.9166665,0.0,0.0,0.0,0.5833333,0.014285714,4.1173043,0.0,0.0,0.0,0,sms
163.0,29.0,4.6551723,0.0,0.0,0.0,0.27586207,0.08588957,4.389519,0.0,0.0,0.0,0,sms
24.0,6.0,3.1666667,0.0,0.0,0.0,0.5,0.083333336,3.6818807,0.0,0.0,0.0,0,sms
85.0,16.0,4.375,0.0,0.0,0.0,0.5,0.023529412,4.0276184,0.0,0.0,0.0,0,sms
49.0,13.0,2.8461537,2.0,0.0,0.0,0.23076923,0.06122449,4.2266283,0.0,0.0,0.0,0,sms
26.0,7.0,2.857143,0.0,0.0,0.0,0.5714286,0.0,3.508695,0.0,0.0,0.0,0,sms
48.0,9.0,4.4444447,0.0,0.0,0.0,0.5555556,0.020833334,4.2464395,0.0,0.0,0.0,0,sms
35.0,10.0,2.6,1.0,0.0,0.0,0.4,0.028571429,4.0560207,0.0,0.0,0.0,0,sms
24.0,6.0,3.1666667,0.0,0.0,0.0,0.6666667,0.125,3.4316235,0.0,0.0,0.0,0,sms
167.0,26.0,5.4615383,16.0,1.0,0.0,0.15384616,0.059880238,5.3401346,0.0,0.0,0.0,1,sms
49.0,12.0,3.1666667,0.0,0.0,0.0,0.5,0.0,3.8526762,0.0,0.0,0.0,0,sms
132.0,24.0,4.5416665,12.0,0.0,0.0,0.45833334,0.022727273,4.596475,0.0,0.0,0.0,1,sms
48.0,11.0,3.4545455,0.0,0.0,0.0,0.36363637,0.020833334,4.165838,0.0,0.0,0.0,0,sms
80.0,19.0,3.2631578,1.0,0.0,0.0,0.2631579,0.075,4.151799,0.0,0.0,0.0,0,sms
39.0,8.0,4.0,1.0,0.0,0.0,0.5,0.025641026,4.0778193,0.0,0.0,0.0,0,sms
122.0,24.0,4.125,23.0,0.0,0.0,0.16666667,0.008196721,5.122966,0.0,0.0,1.0,1,sms
29.0,6.0,4.0,0.0,0.0,0.0,0.33333334,0.03448276,3.5068665,0.0,0.0,0.0,0,sms
32.0,7.0,3.7142856,0.0,0.0,0.0,0.42857143,0.09375,3.8731406,0.0,0.0,0.0,0,sms
75.0,14.0,4.428571,0.0,0.0,0.0,0.42857143,0.053333335,4.2774987,0.0,0.0,0.0,0,sms
141.0,21.0,5.7619047,24.0,0.0,0.0,0.2857143,0.04255319,5.105316,0.0,0.0,1.0,1,sms
25.0,5.0,4.2,0.0,0.0,0.0,0.4,0.08,3.6897037,0.0,0.0,0.0,0,sms
60.0,12.0,4.0833335,0.0,0.0,0.0,0.33333334,0.06666667,4.292855,0.0,0.0,0.0,0,sms
154.0,37.0,3.1891892,0.0,0.0,0.0,0.6486486,0.058441557,4.135955,0.0,0.0,0.0,0,sms
230.0,42.0,4.5,0.0,0.0,0.0,0.45238096,0.04347826,4.3233733,0.0,0.0,0.0,0,sms
27.0,5.0,4.6,0.0,0.0,0.0,0.6,0.074074075,3.7409532,0.0,0.0,0.0,0,sms
94.0,18.0,4.2777777,1.0,0.0,0.0,0.33333334,0.021276595,4.244077,0.0,0.0,0.0,0,sms
87.0,20.0,3.4,4.0,0.0,0.0,0.3,0.057471264,4.4247017,0.0,0.0,0.0,0,sms
116.0,23.0,4.0869565,0.0,0.0,0.0,0.26086956,0.03448276,4.385944,0.0,0.0,0.0,0,sms
126.0,28.0,3.5357144,0.0,0.0,0.0,0.39285713,0.103174604,4.5491,0.0,0.0,0.0,0,sms
28.0,6.0,3.8333333,0.0,0.0,0.0,0.5,0.14285715,3.8492239,0.0,0.0,0.0,0,sms
160.0,32.0,4.03125,0.0,0.0,0.0,0.46875,0.025,4.3078074,0.0,0.0,0.0,0,sms
60.0,14.0,3.357143,0.0,0.0,0.0,0.5,0.016666668,3.9875944,0.0,0.0,0.0,0,sms
153.0,32.0,3.8125,0.0,0.0,0.0,0.375,0.06535948,4.41461,0.0,0.0,0.0,0,sms
55.0,9.0,5.2222223,0.0,0.0,0.0,0.44444445,0.09090909,4.0357785,0.0,0.0,0.0,0,sms
157.0,24.0,5.5833335,28.0,0.0,0.0,0.16666667,0.070063695,4.9529004,0.0,0.0,0.0,1,sms
22.0,4.0,4.75,0.0,0.0,0.0,0.25,0.09090909,3.2813735,0.0,0.0,0.0,0,sms
42.0,9.0,3.7777777,0.0,0.0,0.0,0.44444445,0.0,3.9590943,0.0,0.0,0.0,0,sms
36.0,8.0,3.625,0.0,0.0,0.0,0.625,0.1388889,3.857307,0.0,0.0,0.0,0,sms
34.0,8.0,3.375,0.0,0.0,0.0,0.75,0.029411765,3.6302752,0.0,0.0,0.0,0,sms
77.0,17.0,3.5882354,0.0,0.0,0.0,0.3529412,0.038961038,3.9733589,0.0,0.0,0.0,0,sms
147.0,36.0,3.1111112,0.0,0.0,0.0,0.44444445,0.013605442,4.518187,0.0,0.0,0.0,0,sms
152.0,30.0,4.1,14.0,0.0,0.0,0.3,0.04605263,4.860585,0.0,0.0,0.0,1,sms
55.0,12.0,3.6666667,0.0,0.0,0.0,0.5833333,0.036363635,4.146376,0.0,0.0,0.0,0,sms
54.0,13.0,3.2307692,0.0,0.0,0.0,0.53846157,0.018518519,3.964361,0.0,0.0,0.0,0,sms
34.0,7.0,4.0,0.0,0.0,0.0,0.42857143,0.029411765,3.4816616,0.0,0.0,0.0,0,sms
22.0,4.0,4.5,0.0,0.0,0.0,0.5,0.22727273,3.0805006,0.0,0.0,0.0,0,sms
111.0,19.0,4.894737,0.0,0.0,0.0,0.21052632,0.08108108,4.6157837,0.0,0.0,0.0,0,sms
160.0,32.0,4.03125,0.0,0.0,0.0,0.25,0.1,4.7739305,0.0,0.0,0.0,0,sms
89.0,19.0,3.7368422,8.0,0.0,0.0,0.31578946,0.08988764,4.6760964,0.0,0.0,0.0,0,sms
153.0,27.0,4.703704,1.0,0.0,0.0,0.4074074,0.05882353,4.4162602,0.0,0.0,0.0,0,sms
67.0,14.0,3.857143,0.0,0.0,0.0,0.64285713,0.014925373,3.7865064,0.0,0.0,0.0,0,sms
146.0,30.0,3.9,4.0,0.0,0.0,0.33333334,0.06849315,4.773889,0.0,0.0,1.0,1,sms
48.0,10.0,3.9,0.0,0.0,0.0,0.3,0.0625,4.070426,0.0,0.0,0.0,0,sms
57.0,12.0,3.8333333,0.0,0.0,0.0,0.5,0.01754386,4.240528,0.0,0.0,0.0,0,sms
161.0,32.0,4.0625,0.0,0.0,0.0,0.375,0.024844721,4.440481,0.0,0.0,0.0,0,sms
139.0,27.0,4.185185,0.0,0.0,0.0,0.5185185,0.021582734,4.33715,0.0,0.0,0.0,0,sms
160.0,28.0,4.75,11.0,0.0,0.0,0.25,0.03125,4.7257743,0.0,0.0,1.0,1,sms
158.0,37.0,3.2972972,0.0,0.0,0.0,0.45945945,0.056962024,4.347131,0.0,0.0,0.0,0,sms
90.0,19.0,3.7894738,0.0,0.0,0.0,0.42105263,0.07777778,4.317184,0.0,0.0,0.0,0,sms
29.0,6.0,4.0,0.0,0.0,0.0,0.16666667,0.10344828,3.8553886,0.0,0.0,0.0,0,sms
22.0,3.0,6.6666665,0.0,0.0,0.0,0.0,0.09090909,3.3464394,0.0,0.0,0.0,0,sms
161.0,23.0,6.0434785,26.0,1.0,0.0,0.13043478,0.08074534,5.180267,0.0,0.0,1.0,1,sms
38.0,10.0,2.9,1.0,0.0,0.0,0.1,0.05263158,3.6469667,0.0,0.0,0.0,0,sms
144.0,26.0,4.576923,15.0,0.0,0.0,0.1923077,0.020833334,4.4861183,0.0,0.0,0.0,1,sms
92.0,21.0,3.4285715,0.0,0.0,0.0,0.52380955,0.02173913,4.1834564,0.0,0.0,0.0,0,sms
84.0,16.0,4.3125,0.0,0.0,0.0,0.4375,0.011904762,4.160374,0.0,0.0,0.0,0,sms
74.0,11.0,5.818182,0.0,0.0,0.0,0.36363637,0.0,3.9079638,0.0,0.0,0.0,0,sms
40.0,10.0,3.1,1.0,0.0,0.0,0.2,0.05,3.9746954,0.0,0.0,0.0,0,sms
63.0,11.0,4.818182,0.0,0.0,0.0,0.36363637,0.14285715,4.039544,0.0,0.0,0.0,0,sms
154.0,29.0,4.3448277,13.0,0.0,0.0,0.3448276,0.012987013,4.6295724,0.0,0.0,0.0,1,sms
134.0,21.0,5.428571,0.0,0.0,0.0,0.23809524,0.04477612,4.4506254,0.0,0.0,0.0,0,sms
35.0,7.0,4.142857,0.0,0.0,0.0,0.5714286,0.028571429,3.9002419,0.0,0.0,0.0,0,sms
35.0,7.0,4.142857,0.0,0.0,0.0,0.2857143,0.028571429,4.047299,0.0,0.0,0.0,0,sms
112.0,17.0,5.647059,0.0,0.0,0.0,0.29411766,0.10714286,4.597292,0.0,0.0,0.0,1,sms
54.0,10.0,4.5,0.0,0.0,0.0,0.6,0.037037037,3.9993806,0.0,0.0,0.0,0,sms
27.0,7.0,3.0,0.0,0.0,0.0,0.5714286,0.037037037,3.7489948,0.0,0.0,0.0,0,sms
157.0,26.0,5.076923,33.0,0.0,0.0,0.115384616,0.012738854,4.9412646,0.0,0.0,1.0,1,sms
111.0,20.0,4.6,0.0,0.0,0.0,0.55,0.036036037,4.250616,0.0,0.0,0.0,0,sms
157.0,32.0,3.9375,0.0,0.0,0.0,0.375,0.08280255,4.5828843,0.0,0.0,0.0,0,sms
124.0,23.0,4.3913045,0.0,0.0,0.0,0.26086956,0.06451613,4.392677,0.0,0.0,0.0,0,sms
22.0,4.0,4.75,0.0,0.0,0.0,0.25,0.09090909,3.2813735,0.0,0.0,0.0,0,sms
77.0,15.0,4.2,1.0,0.0,0.0,0.2,0.064935066,4.122232,0.0,0.0,0.0,0,sms
37.0,7.0,4.428571,0.0,0.0,0.0,0.14285715,0.0,3.6151712,0.0,0.0,0.0,0,sms
71.0,14.0,4.142857,0.0,0.0,0.0,0.5714286,0.04225352,4.109258,0.0,0.0,0.0,0,sms
74.0,16.0,3.6875,0.0,0.0,0.0,0.5,0.04054054,4.1936812,0.0,0.0,0.0,0,sms
28.0,7.0,3.142857,0.0,0.0,0.0,0.2857143,0.10714286,3.4251184,0.0,0.0,0.0,0,sms
34.0,6.0,4.8333335,0.0,0.0,0.0,0.33333334,0.0,3.857307,0.0,0.0,0.0,0,sms
35.0,9.0,3.0,0.0,0.0,0.0,0.44444445,0.057142857,3.9302704,0.0,0.0,0.0,0,sms
67.0,13.0,4.230769,1.0,0.0,0.0,0.15384616,0.07462686,4.258658,0.0,0.0,0.0,0,sms
41.0,9.0,3.6666667,0.0,0.0,0.0,0.22222222,0.07317073,4.006071,0.0,0.0,0.0,0,sms
144.0,23.0,5.304348,26.0,1.0,0.0,0.08695652,0.041666668,5.2503295,0.0,0.0,0.0,1,sms
33.0,6.0,4.6666665,0.0,0.0,0.0,0.33333334,0.060606062,3.7673757,0.0,0.0,0.0,0,sms
83.0,17.0,3.9411764,1.0,0.0,0.0,0.5294118,0.012048192,4.1393194,0.0,0.0,0.0,0,sms
38.0,7.0,4.571429,0.0,0.0,0.0,0.5714286,0.078947365,3.8758073,0.0,0.0,0.0,0,sms
61.0,14.0,3.4285715,0.0,0.0,0.0,0.35714287,0.04918033,4.020513,0.0,0.0,0.0,0,sms
32.0,6.0,4.5,0.0,0.0,0.0,0.16666667,0.0,3.7639658,0.0,0.0,0.0,0,sms
62.0,13.0,3.8461537,0.0,0.0,0.0,0.23076923,0.0,3.8750849,0.0,0.0,0.0,0,sms
79.0,14.0,4.642857,0.0,0.0,0.0,0.2857143,0.11392405,4.4111514,0.0,0.0,0.0,0,sms
22.0,4.0,4.75,0.0,0.0,0.0,0.25,0.09090909,3.2813735,0.0,0.0,0.0,0,sms
158.0,22.0,6.2272725,0.0,0.0,0.0,0.3181818,0.044303797,4.3988605,0.0,0.0,0.0,0,sms
37.0,7.0,4.285714,0.0,0.0,0.0,0.2857143,0.13513513,3.9199026,0.0,0.0,0.0,0,sms
23.0,5.0,3.8,0.0,0.0,0.0,0.2,0.08695652,3.5368867,0.0,0.0,0.0,0,sms
43.0,8.0,4.5,0.0,0.0,0.0,0.5,0.023255814,3.9166079,0.0,0.0,0.0,0,sms
149.0,22.0,5.818182,16.0,0.0,0.0,0.22727273,0.026845638,4.883717,0.0,0.0,0.0,1,sms
108.0,21.0,4.1904764,0.0,0.0,0.0,0.5714286,0.06481481,4.3067136,0.0,0.0,0.0,0,sms
158.0,29.0,4.4827585,19.0,0.0,0.0,0.13793103,0.03797468,5.096993,0.0,0.0,1.0,1,sms
155.0,27.0,4.7777777,3.0,0.0,0.0,0.22222222,0.038709678,4.5322247,0.0,0.0,0.0,1,sms
148.0,30.0,3.9666667,4.0,1.0,0.0,0.26666668,0.074324325,4.792951,0.0,0.0,0.0,1,sms
23.0,5.0,3.8,0.0,0.0,0.0,0.4,0.0,3.300559,0.0,0.0,0.0,0,sms
81.0,15.0,4.4666667,0.0,0.0,0.0,0.4,0.012345679,4.0518847,0.0,0.0,0.0,0,sms
154.0,35.0,3.4285715,0.0,0.0,0.0,0.45714286,0.071428575,4.4212594,0.0,0.0,0.0,0,sms
85.0,18.0,3.7777777,1.0,0.0,0.0,0.22222222,0.03529412,4.286794,0.0,0.0,0.0,0,sms
54.0,9.0,5.111111,0.0,0.0,0.0,0.44444445,0.037037037,4.0915117,0.0,0.0,0.0,0,sms
157.0,22.0,6.181818,6.0,0.0,0.0,0.18181819,0.05732484,5.0345445,0.0,0.0,0.0,1,sms
22.0,5.0,3.6,0.0,0.0,0.0,0.6,0.09090909,3.2810361,0.0,0.0,0.0,0,sms
34.0,7.0,4.0,0.0,0.0,0.0,0.14285715,0.0882353,3.6550455,0.0,0.0,0.0,0,sms
69.0,17.0,3.1176472,1.0,0.0,0.0,0.3529412,0.072463766,4.3179383,0.0,0.0,0.0,0,sms
74.0,17.0,3.4117646,4.0,0.0,0.0,0.3529412,0.067567565,4.6469665,0.0,0.0,0.0,0,sms
102.0,16.0,5.4375,0.0,0.0,0.0,0.4375,0.0882353,4.2047434,0.0,0.0,0.0,0,sms
22.0,5.0,3.6,0.0,0.0,0.0,0.4,0.0,3.3921473,0.0,0.0,0.0,0,sms
72.0,11.0,5.6363635,11.0,0.0,0.0,0.27272728,0.027777778,4.2129827,0.0,0.0,0.0,1,sms
32.0,6.0,4.5,0.0,0.0,0.0,0.5,0.03125,3.6302752,0.0,0.0,0.0,0,sms
77.0,18.0,3.3333333,3.0,0.0,0.0,0.22222222,0.038961038,4.3460784,0.0,0.0,0.0,0,sms
26.0,6.0,3.5,0.0,0.0,0.0,0.5,0.07692308,3.88018,0.0,0.0,0.0,0,sms
29.0,7.0,3.2857144,0.0,0.0,0.0,0.14285715,0.0,3.708132,0.0,0.0,0.0,0,sms
52.0,11.0,3.8181818,1.0,0.0,0.0,0.45454547,0.03846154,4.279721,0.0,0.0,0.0,0,sms
60.0,11.0,4.5454545,1.0,0.0,0.0,0.36363637,0.033333335,4.300631,0.0,0.0,0.0,0,sms
44.0,10.0,3.5,0.0,0.0,0.0,0.5,0.06818182,3.6855881,0.0,0.0,0.0,0,sms
77.0,18.0,3.3333333,1.0,0.0,0.0,0.11111111,0.025974026,4.010383,0.0,0.0,0.0,0,sms
263.0,54.0,3.8703704,0.0,0.0,0.0,0.35185185,0.08745247,4.633984,0.0,0.0,0.0,0,sms
65.0,13.0,4.076923,0.0,0.0,0.0,0.3846154,0.03076923,4.1904874,0.0,0.0,0.0,0,sms
31.0,6.0,4.3333335,0.0,0.0,0.0,0.33333334,0.0,3.7483287,0.0,0.0,0.0,0,sms
73.0,13.0,4.6923075,0.0,0.0,0.0,0.30769232,0.02739726,4.2544284,0.0,0.0,0.0,0,sms
115.0,21.0,4.5238094,0.0,0.0,0.0,0.52380955,0.069565214,4.2169814,0.0,0.0,0.0,0,sms
131.0,25.0,4.28,0.0,0.0,0.0,0.28,0.03816794,4.3922668,0.0,0.0,0.0,0,sms
31.0,6.0,4.3333335,0.0,0.0,0.0,0.33333334,0.12903225,3.9462228,0.0,0.0,0.0,0,sms
24.0,5.0,4.0,0.0,0.0,0.0,0.6,0.0,3.6841838,0.0,0.0,0.0,0,sms
71.0,15.0,3.8,0.0,0.0,0.0,0.6,0.04225352,4.137641,0.0,0.0,0.0,0,sms
23.0,5.0,3.8,0.0,0.0,0.0,0.6,0.04347826,3.826875,0.0,0.0,0.0,0,sms
79.0,19.0,3.2105262,3.0,0.0,0.0,0.2631579,0.025316456,4.335652,0.0,0.0,0.0,0,sms
24.0,5.0,4.0,0.0,0.0,0.0,0.4,0.083333336,3.508695,0.0,0.0,0.0,0,sms
97.0,20.0,3.9,0.0,0.0,0.0,0.5,0.082474224,4.152408,0.0,0.0,0.0,0,sms
71.0,17.0,3.235294,0.0,0.0,0.0,0.47058824,0.07042254,3.9451103,0.0,0.0,0.0,0,sms
157.0,31.0,4.096774,4.0,0.0,0.0,0.4516129,0.01910828,4.7485647,0.0,0.0,1.0,1,sms
160.0,24.0,5.7083335,14.0,1.0,0.0,0.20833333,0.03125,5.1430807,0.0,0.0,1.0,1,sms
38.0,6.0,5.5,0.0,0.0,0.0,0.16666667,0.02631579,3.9344187,0.0,0.0,0.0,0,sms
44.0,9.0,4.0,0.0,0.0,0.0,0.33333334,0.022727273,4.2736845,0.0,0.0,0.0,0,sms
88.0,20.0,3.45,2.0,0.0,0.0,0.1,0.03409091,4.217798,0.0,0.0,0.0,0,sms
155.0,32.0,3.875,0.0,0.0,0.0,0.5,0.038709678,4.666691,0.0,0.0,0.0,0,sms
36.0,7.0,4.285714,0.0,0.0,0.0,0.2857143,0.083333336,3.8444138,0.0,0.0,0.0,0,sms
135.0,25.0,4.44,8.0,0.0,0.0,0.2,0.05185185,4.649288,0.0,0.0,1.0,1,sms
7.0,1.0,7.0,0.0,0.0,0.0,0.0,0.42857143,2.1280854,0.0,0.0,0.0,0,sms
71.0,15.0,3.8,0.0,0.0,0.0,0.6,0.056338027,4.243357,0.0,0.0,0.0,0,sms
27.0,5.0,4.6,3.0,0.0,0.0,0.2,0.037037037,4.001823,0.0,0.0,0.0,0,sms
49.0,9.0,4.5555553,0.0,0.0,0.0,0.33333334,0.0,3.9300075,0.0,0.0,0.0,0,sms
105.0,17.0,5.2352943,5.0,0.0,0.0,0.23529412,0.01904762,4.3852572,0.0,0.0,1.0,1,sms
74.0,14.0,4.357143,0.0,0.0,0.0,0.42857143,0.027027028,4.303243,0.0,0.0,0.0,1,sms
46.0,9.0,4.2222223,0.0,0.0,0.0,0.22222222,0.04347826,3.8301828,0.0,0.0,0.0,0,sms
23.0,5.0,3.8,0.0,0.0,0.0,0.6,0.04347826,3.8924072,0.0,0.0,0.0,0,sms
183.0,37.0,3.9729729,0.0,0.0,0.0,0.5135135,0.043715846,4.543849,0.0,0.0,0.0,0,sms
118.0,22.0,4.409091,0.0,0.0,0.0,0.3181818,0.042372882,4.6252832,0.0,0.0,0.0,0,sms
92.0,20.0,3.65,0.0,0.0,0.0,0.35,0.10869565,4.2592363,0.0,0.0,0.0,0,sms
38.0,6.0,5.5,0.0,0.0,0.0,0.5,0.078947365,4.248495,0.0,0.0,0.0,0,sms
157.0,27.0,4.851852,1.0,1.0,0.0,0.37037036,0.012738854,4.7748365,0.0,0.0,0.0,1,sms
87.0,18.0,3.8888888,0.0,0.0,0.0,0.44444445,0.04597701,4.3020496,0.0,0.0,0.0,0,sms
152.0,22.0,5.9545455,2.0,0.0,0.0,0.22727273,0.059210528,5.0663033,0.0,0.0,0.0,1,sms
29.0,8.0,2.75,0.0,0.0,0.0,0.875,0.03448276,3.3564925,0.0,0.0,0.0,0,sms
154.0,35.0,3.4285715,0.0,0.0,0.0,0.4,0.051948052,4.542716,0.0,0.0,0.0,0,sms
45.0,10.0,3.6,0.0,0.0,0.0,0.5,0.022222223,4.0231414,0.0,0.0,0.0,0,sms
24.0,5.0,4.0,0.0,0.0,0.0,0.2,0.0,3.4841838,0.0,0.0,0.0,0,sms
69.0,13.0,4.3846154,0.0,0.0,0.0,0.53846157,0.028985508,4.109121,0.0,0.0,0.0,0,sms
141.0,25.0,4.64,0.0,0.0,0.0,0.12,0.09219858,4.269286,0.0,0.0,0.0,0,sms
114.0,23.0,4.0,0.0,0.0,0.0,0.6086956,0.02631579,4.271491,0.0,0.0,0.0,0,sms
132.0,27.0,3.8888888,0.0,0.0,0.0,0.5555556,0.053030305,4.549355,0.0,0.0,0.0,0,sms
85.0,15.0,4.733333,0.0,0.0,0.0,0.33333334,0.047058824,3.8763387,0.0,0.0,0.0,0,sms
75.0,17.0,3.4705882,7.0,0.0,0.0,0.23529412,0.0,4.2953763,0.0,0.0,0.0,0,sms
32.0,7.0,3.5714285,0.0,0.0,0.0,0.42857143,0.03125,3.5434651,0.0,0.0,0.0,0,sms
37.0,7.0,4.428571,0.0,0.0,0.0,0.14285715,0.027027028,3.845663,0.0,0.0,0.0,0,sms
122.0,24.0,4.125,0.0,0.0,0.0,0.41666666,0.008196721,4.1201024,0.0,0.0,0.0,0,sms
136.0,22.0,5.2272725,21.0,0.0,0.0,0.3181818,0.0882353,5.271717,0.0,0.0,1.0,1,sms
19.0,4.0,4.0,0.0,0.0,0.0,0.5,0.05263158,2.9528196,0.0,0.0,0.0,0,sms
106.0,22.0,3.8636363,0.0,0.0,0.0,0.3181818,0.03773585,4.2448025,0.0,0.0,0.0,0,sms
67.0,13.0,4.230769,0.0,0.0,0.0,0.3846154,0.07462686,4.187405,0.0,0.0,0.0,0,sms
51.0,8.0,5.5,0.0,0.0,0.0,0.375,0.05882353,4.1015086,0.0,0.0,0.0,0,sms
40.0,8.0,4.125,0.0,0.0,0.0,0.5,0.025,3.7297251,0.0,0.0,0.0,0,sms
40.0,7.0,4.857143,0.0,0.0,0.0,0.5714286,0.075,4.0796785,0.0,0.0,0.0,0,sms
28.0,4.0,6.25,0.0,0.0,0.0,0.25,0.14285715,3.8936608,0.0,0.0,0.0,0,sms
163.0,27.0,5.0740743,3.0,0.0,0.0,0.33333334,0.061349694,4.624854,0.0,0.0,0.0,1,sms
158.0,26.0,5.1153846,19.0,1.0,0.0,0.26923078,0.03797468,4.961245,0.0,0.0,0.0,1,sms
152.0,33.0,3.6363637,1.0,0.0,0.0,0.27272728,0.039473683,4.5023518,0.0,0.0,0.0,0,sms
17.0,4.0,3.5,0.0,0.0,0.0,0.25,0.1764706,2.8962915,0.0,0.0,0.0,0,sms
138.0,23.0,5.0434785,0.0,0.0,0.0,0.4347826,0.04347826,4.235217,0.0,0.0,0.0,0,sms
60.0,12.0,4.0833335,0.0,0.0,0.0,0.5,0.033333335,4.0100327,0.0,0.0,0.0,0,sms
28.0,6.0,3.8333333,0.0,0.0,0.0,0.8333333,0.0,3.551191,0.0,0.0,0.0,0,sms
142.0,28.0,4.107143,0.0,0.0,0.0,0.5,0.028169014,4.2306013,0.0,0.0,0.0,0,sms
139.0,32.0,3.375,0.0,0.0,0.0,0.25,0.11510792,4.26601,0.0,0.0,0.0,0,sms
80.0,16.0,4.0,0.0,0.0,0.0,0.375,0.0,4.059425,0.0,0.0,0.0,0,sms
34.0,6.0,4.8333335,0.0,0.0,0.0,0.33333334,0.11764706,4.0212684,0.0,0.0,0.0,0,sms
290.0,59.0,3.9322033,0.0,0.0,0.0,0.5423729,0.031034483,4.362927,0.0,0.0,0.0,0,sms
25.0,5.0,4.2,0.0,0.0,0.0,0.4,0.16,3.5944657,0.0,0.0,0.0,0,sms
5.0,1.0,5.0,0.0,0.0,0.0,0.0,0.4,1.921928,0.0,0.0,0.0,0,sms
63.0,13.0,3.9230769,0.0,0.0,0.0,0.46153846,0.0,4.03795,0.0,0.0,0.0,0,sms
74.0,15.0,4.0,9.0,0.0,0.0,0.2,0.04054054,4.796404,0.0,0.0,1.0,1,sms
155.0,25.0,5.24,12.0,0.0,0.0,0.24,0.045161292,5.0782924,0.0,0.0,1.0,1,sms
81.0,13.0,5.3076925,11.0,0.0,0.0,0.46153846,0.0,4.481308,0.0,0.0,0.0,1,sms
138.0,20.0,5.95,0.0,0.0,0.0,0.35,0.057971016,4.0706577,0.0,0.0,0.0,1,sms
162.0,23.0,6.0869565,26.0,1.0,0.0,0.13043478,0.074074075,5.170493,0.0,0.0,1.0,1,sms
153.0,35.0,3.4,0.0,0.0,0.0,0.4,0.07189543,4.879672,0.0,0.0,0.0,0,sms
104.0,17.0,5.1764708,0.0,0.0,0.0,0.4117647,0.057692308,4.242602,0.0,0.0,0.0,0,sms
82.0,16.0,4.1875,0.0,0.0,0.0,0.3125,0.0121951215,4.1927776,0.0,0.0,0.0,0,sms
74.0,18.0,3.1666667,1.0,0.0,0.0,0.22222222,0.027027028,3.9593112,0.0,0.0,0.0,0,sms
15.0,3.0,4.3333335,0.0,0.0,0.0,0.33333334,0.26666668,3.180833,0.0,0.0,0.0,0,sms
77.0,13.0,5.0,0.0,0.0,0.0,0.30769232,0.064935066,4.2371507,0.0,0.0,0.0,0,sms
37.0,8.0,3.75,0.0,0.0,0.0,0.5,0.0,3.5525842,0.0,0.0,0.0,0,sms
129.0,28.0,3.642857,0.0,0.0,0.0,0.32142857,0.03875969,4.439521,0.0,0.0,0.0,0,sms
54.0,10.0,4.5,1.0,0.0,0.0,0.3,0.018518519,3.8856158,0.0,0.0,0.0,0,sms
63.0,14.0,3.5714285,0.0,0.0,0.0,0.42857143,0.06349207,3.7562454,0.0,0.0,0.0,0,sms
66.0,15.0,3.4666667,0.0,0.0,0.0,0.6,0.030303031,3.993307,0.0,0.0,0.0,0,sms
134.0,25.0,4.4,17.0,0.0,0.0,0.24,0.02238806,5.1368136,0.0,0.0,0.0,1,sms
329.0,62.0,4.322581,1.0,0.0,0.0,0.48387095,0.027355623,4.367074,0.0,0.0,0.0,0,sms
40.0,10.0,3.1,0.0,0.0,0.0,0.3,0.075,4.257111,0.0,0.0,0.0,0,sms
86.0,19.0,3.5789473,0.0,0.0,0.0,0.57894737,0.069767445,4.3599024,0.0,0.0,0.0,0,sms
82.0,16.0,4.1875,2.0,0.0,0.0,0.125,0.036585364,4.287324,0.0,0.0,0.0,0,sms
24.0,5.0,4.0,0.0,0.0,0.0,0.6,0.083333336,3.5464394,0.0,0.0,0.0,0,sms
111.0,22.0,4.090909,0.0,0.0,0.0,0.5,0.054054055,4.3035007,0.0,0.0,0.0,0,sms
156.0,37.0,3.2162163,1.0,0.0,0.0,0.2972973,0.01923077,4.172781,0.0,0.0,0.0,0,sms
36.0,6.0,5.1666665,0.0,0.0,0.0,0.16666667,0.1388889,3.977917,0.0,0.0,0.0,0,sms
35.0,6.0,5.0,0.0,0.0,0.0,0.5,0.028571429,4.006239,0.0,0.0,0.0,0,sms
112.0,26.0,3.2692308,0.0,0.0,0.0,0.5,0.008928572,4.219875,0.0,0.0,0.0,0,sms
72.0,14.0,4.142857,0.0,0.0,0.0,0.5,0.11111111,4.2878475,0.0,0.0,0.0,0,sms
61.0,15.0,3.1333334,0.0,0.0,0.0,0.53333336,0.04918033,3.947166,0.0,0.0,0.0,0,sms
27.0,5.0,4.6,0.0,0.0,0.0,0.2,0.0,3.7579255,0.0,0.0,0.0,0,sms
30.0,7.0,3.4285715,0.0,0.0,0.0,0.71428573,0.0,3.7720551,0.0,0.0,0.0,0,sms
46.0,9.0,4.2222223,0.0,0.0,0.0,0.33333334,0.02173913,4.1261067,0.0,0.0,0.0,0,sms
32.0,4.0,7.25,0.0,0.0,0.0,0.25,0.0,3.643523,0.0,0.0,0.0,0,sms
43.0,9.0,3.8888888,0.0,0.0,0.0,0.5555556,0.023255814,4.0687284,0.0,0.0,0.0,0,sms
161.0,26.0,5.230769,21.0,0.0,0.0,0.0,0.062111802,4.9731073,0.0,0.0,0.0,1,sms
154.0,21.0,6.3809524,6.0,0.0,0.0,0.04761905,0.116883114,4.931871,0.0,0.0,0.0,0,sms
55.0,12.0,3.6666667,0.0,0.0,0.0,0.5833333,0.018181818,3.6924179,0.0,0.0,0.0,0,sms
27.0,5.0,4.6,0.0,0.0,0.0,0.2,0.11111111,3.3816202,0.0,0.0,0.0,0,sms
35.0,7.0,4.142857,0.0,0.0,0.0,0.2857143,0.0,3.633506,0.0,0.0,0.0,0,sms
39.0,8.0,3.875,0.0,0.0,0.0,0.25,0.12820514,4.1714654,0.0,0.0,0.0,0,sms
70.0,15.0,3.7333333,0.0,0.0,0.0,0.26666668,0.057142857,4.142728,0.0,0.0,0.0,0,sms
115.0,22.0,4.2727275,1.0,0.0,0.0,0.22727273,0.034782607,4.3636947,0.0,0.0,0.0,0,sms
68.0,13.0,4.1538463,0.0,0.0,0.0,0.3846154,0.10294118,4.460144,0.0,0.0,0.0,0,sms
29.0,8.0,2.75,1.0,0.0,0.0,0.25,0.0,3.879664,0.0,0.0,0.0,0,sms
27.0,6.0,3.6666667,0.0,0.0,0.0,0.5,0.037037037,3.4817145,0.0,0.0,0.0,0,sms
34.0,7.0,4.0,0.0,0.0,0.0,0.14285715,0.029411765,3.46772,0.0,0.0,0.0,0,sms
66.0,13.0,4.076923,0.0,0.0,0.0,0.30769232,0.10606061,4.282087,0.0,0.0,0.0,0,sms
21.0,5.0,3.4,0.0,0.0,0.0,0.4,0.0952381,3.3815806,0.0,0.0,0.0,0,sms
139.0,27.0,4.185185,1.0,0.0,0.0,0.5185185,0.07194245,4.440019,0.0,0.0,0.0,0,sms
150.0,33.0,3.5757575,1.0,0.0,0.0,0.33333334,0.06,4.260534,0.0,0.0,0.0,0,sms
49.0,8.0,5.25,0.0,0.0,0.0,0.375,0.06122449,4.022656,0.0,0.0,0.0,0,sms
19.0,3.0,5.6666665,0.0,0.0,0.0,0.0,0.15789473,3.6901164,0.0,0.0,0.0,0,sms
40.0,8.0,4.125,1.0,0.0,0.0,0.375,0.05,4.0289464,0.0,0.0,0.0,0,sms
145.0,25.0,4.84,24.0,0.0,0.0,0.44,0.020689655,4.7847633,0.0,0.0,0.0,1,sms
113.0,24.0,3.6666667,0.0,0.0,0.0,0.41666666,0.061946902,4.5050287,0.0,0.0,0.0,0,sms
44.0,10.0,3.5,0.0,0.0,0.0,0.2,0.13636364,3.832595,0.0,0.0,0.0,0,sms
51.0,11.0,3.7272727,0.0,0.0,0.0,0.54545456,0.039215688,3.6916065,0.0,0.0,0.0,0,sms
156.0,31.0,4.064516,0.0,0.0,0.0,0.3548387,0.01923077,4.322523,0.0,0.0,0.0,0,sms
33.0,7.0,3.857143,0.0,0.0,0.0,0.14285715,0.060606062,4.134336,0.0,0.0,0.0,0,sms
157.0,29.0,4.448276,1.0,0.0,0.0,0.3448276,0.012738854,4.338715,0.0,0.0,0.0,0,sms
163.0,22.0,6.4545455,6.0,0.0,0.0,0.22727273,0.055214725,5.1966195,0.0,0.0,0.0,1,sms
32.0,7.0,3.7142856,0.0,0.0,0.0,0.42857143,0.09375,4.132944,0.0,0.0,0.0,0,sms
46.0,9.0,4.2222223,0.0,0.0,0.0,0.5555556,0.04347826,4.1029334,0.0,0.0,0.0,0,sms
142.0,32.0,3.46875,3.0,0.0,0.0,0.1875,0.028169014,4.470999,0.0,0.0,0.0,0,sms
126.0,23.0,4.521739,20.0,0.0,0.0,0.3478261,0.023809524,5.157829,0.0,0.0,0.0,1,sms
36.0,7.0,4.285714,0.0,0.0,0.0,0.42857143,0.083333336,3.80291,0.0,0.0,0.0,0,sms
117.0,22.0,4.318182,0.0,0.0,0.0,0.36363637,0.042735044,4.474406,0.0,0.0,0.0,0,sms
94.0,19.0,4.0,1.0,0.0,0.0,0.47368422,0.095744684,4.3957148,0.0,0.0,0.0,0,sms
52.0,10.0,4.3,0.0,0.0,0.0,0.3,0.03846154,3.997755,0.0,0.0,0.0,0,sms
180.0,33.0,4.4848485,1.0,0.0,0.0,0.121212125,0.083333336,4.8253717,0.0,0.0,0.0,0,sms
39.0,8.0,4.0,0.0,0.0,0.0,0.75,0.025641026,3.7303379,0.0,0.0,0.0,0,sms
87.0,13.0,5.769231,0.0,0.0,0.0,0.30769232,0.03448276,4.156854,0.0,0.0,0.0,0,sms
47.0,11.0,3.3636363,0.0,0.0,0.0,0.36363637,0.06382979,4.314334,0.0,0.0,0.0,0,sms
70.0,14.0,4.071429,0.0,0.0,0.0,0.42857143,0.014285714,4.0846667,0.0,0.0,0.0,0,sms
121.0,26.0,3.6923077,2.0,0.0,0.0,0.53846157,0.024793388,4.0849986,0.0,0.0,0.0,0,sms
14.0,2.0,6.5,0.0,0.0,0.0,0.0,0.21428572,3.3346791,0.0,0.0,0.0,0,sms
135.0,25.0,4.44,14.0,0.0,0.0,0.36,0.02962963,4.910313,0.0,0.0,0.0,1,sms
142.0,23.0,5.2173915,0.0,0.0,0.0,0.47826087,0.02112676,4.2518926,0.0,0.0,0.0,0,sms
133.0,28.0,3.7857144,8.0,1.0,0.0,0.21428572,0.09774436,4.9609632,0.0,0.0,1.0,1,sms
23.0,3.0,7.0,0.0,0.0,0.0,0.33333334,0.08695652,3.6897037,0.0,0.0,0.0,0,sms
64.0,15.0,3.3333333,0.0,0.0,0.0,0.6666667,0.046875,4.08605,0.0,0.0,0.0,0,sms
146.0,23.0,5.3913045,5.0,1.0,0.0,0.4347826,0.05479452,4.9898562,0.0,0.0,0.0,1,sms
144.0,27.0,4.3703704,10.0,0.0,0.0,0.25925925,0.0625,5.080133,0.0,0.0,0.0,1,sms
25.0,6.0,3.3333333,1.0,0.0,0.0,0.5,0.04,3.9219282,0.0,0.0,0.0,0,sms
45.0,9.0,4.111111,0.0,0.0,0.0,0.44444445,0.044444446,3.7224386,0.0,0.0,0.0,0,sms
36.0,8.0,3.625,0.0,0.0,0.0,0.75,0.027777778,4.0303946,0.0,0.0,0.0,0,sms
101.0,19.0,4.368421,0.0,0.0,0.0,0.31578946,0.01980198,4.1224656,0.0,0.0,0.0,0,sms
38.0,7.0,4.571429,0.0,0.0,0.0,0.42857143,0.0,3.4178379,0.0,0.0,0.0,0,sms
142.0,28.0,4.107143,0.0,0.0,0.0,0.25,0.02112676,4.297034,0.0,0.0,0.0,0,sms
51.0,12.0,3.3333333,0.0,0.0,0.0,0.33333334,0.078431375,3.9275672,0.0,0.0,0.0,0,sms
163.0,32.0,4.125,1.0,0.0,0.0,0.375,0.018404908,4.2889805,0.0,0.0,0.0,0,sms
156.0,29.0,4.413793,20.0,0.0,0.0,0.2413793,0.01923077,4.853405,0.0,0.0,0.0,1,sms
146.0,27.0,4.4074073,0.0,0.0,0.0,0.37037036,0.05479452,4.251756,0.0,1.0,0.0,0,sms
27.0,5.0,4.6,0.0,0.0,0.0,0.4,0.14814815,3.6381476,0.0,0.0,0.0,0,sms
41.0,7.0,5.0,0.0,0.0,0.0,0.42857143,0.07317073,3.8389614,0.0,0.0,0.0,0,sms
25.0,5.0,4.0,0.0,0.0,0.0,0.2,0.32,4.0219283,0.0,0.0,0.0,0,sms
151.0,29.0,4.2413793,0.0,0.0,0.0,0.4827586,0.059602648,4.6519876,0.0,0.0,0.0,0,sms
85.0,15.0,4.733333,0.0,0.0,0.0,0.33333334,0.047058824,3.8763387,0.0,0.0,0.0,0,sms
30.0,6.0,4.1666665,0.0,0.0,0.0,0.5,0.033333335,3.6234653,0.0,0.0,0.0,0,sms
72.0,12.0,5.0833335,2.0,0.0,0.0,0.5,0.083333336,4.3095264,0.0,0.0,0.0,1,sms
60.0,14.0,3.357143,0.0,0.0,0.0,0.35714287,0.083333336,3.837499,0.0,0.0,0.0,0,sms
74.0,14.0,4.357143,0.0,0.0,0.0,0.5,0.054054055,4.131317,0.0,0.0,0.0,0,sms
61.0,14.0,3.4285715,0.0,0.0,0.0,0.42857143,0.06557377,4.2615085,0.0,0.0,0.0,0,sms
22.0,5.0,3.6,0.0,0.0,0.0,0.4,0.045454547,3.5032582,0.0,0.0,0.0,0,sms
408.0,70.0,4.8428574,0.0,0.0,0.0,0.44285715,0.014705882,4.2382245,0.0,0.0,0.0,0,sms
56.0,11.0,4.181818,0.0,0.0,0.0,0.36363637,0.035714287,4.2468433,0.0,0.0,0.0,0,sms
31.0,7.0,3.5714285,1.0,0.0,0.0,0.0,0.09677419,3.8830743,0.0,0.0,0.0,0,sms
45.0,10.0,3.5,0.0,0.0,0.0,0.4,0.0,3.767812,0.0,0.0,0.0,0,sms
138.0,22.0,5.318182,1.0,0.0,0.0,0.18181819,0.050724637,4.7787232,0.0,0.0,0.0,0,sms
22.0,4.0,4.75,0.0,0.0,0.0,0.25,0.0,3.787144,0.0,0.0,0.0,0,sms
38.0,6.0,5.3333335,0.0,0.0,0.0,0.16666667,0.18421052,4.030639,0.0,0.0,0.0,0,sms
53.0,12.0,3.5,0.0,0.0,0.0,0.16666667,0.056603774,3.987705,0.0,0.0,0.0,0,sms
132.0,25.0,4.32,4.0,0.0,1.0,0.36,0.022727273,4.670029,0.0,0.0,0.0,1,sms
93.0,19.0,3.8947368,0.0,0.0,0.0,0.42105263,0.086021505,4.2840796,0.0,0.0,0.0,0,sms
283.0,50.0,4.68,0.0,0.0,0.0,0.52,0.028268551,4.5183873,0.0,0.0,0.0,0,sms
83.0,15.0,4.6,0.0,0.0,0.0,0.4,0.04819277,4.722311,0.0,0.0,0.0,1,sms
36.0,10.0,2.7,0.0,0.0,0.0,0.1,0.0,3.3800943,0.0,0.0,0.0,0,sms
60.0,12.0,4.0833335,0.0,0.0,0.0,0.41666666,0.0,3.950447,0.0,0.0,0.0,0,sms
36.0,7.0,4.285714,0.0,0.0,0.0,0.2857143,0.083333336,4.0314016,0.0,0.0,0.0,0,sms
154.0,35.0,3.4285715,0.0,0.0,0.0,0.4,0.051948052,4.542716,0.0,0.0,0.0,0,sms
103.0,20.0,4.2,0.0,0.0,0.0,0.5,0.019417476,4.1475396,0.0,0.0,0.0,0,sms
65.0,15.0,3.4,0.0,0.0,0.0,0.6,0.046153847,4.0914607,0.0,0.0,0.0,0,sms
149.0,30.0,4.0,0.0,0.0,0.0,0.3,0.026845638,4.3979154,0.0,0.0,0.0,0,sms
200.0,41.0,3.878049,1.0,0.0,0.0,0.4878049,0.045,4.2865934,0.0,0.0,0.0,0,sms
26.0,6.0,3.5,0.0,0.0,0.0,0.5,0.03846154,3.7442393,0.0,0.0,0.0,0,sms
124.0,23.0,4.4347825,0.0,0.0,0.0,0.4347826,0.04032258,4.3718233,0.0,0.0,0.0,0,sms
31.0,9.0,2.5555556,1.0,0.0,0.0,0.33333334,0.032258064,3.9690015,0.0,0.0,0.0,0,sms
65.0,11.0,5.0,0.0,0.0,0.0,0.18181819,0.15384616,4.035664,0.0,0.0,0.0,0,sms
39.0,8.0,4.0,0.0,0.0,0.0,0.25,0.17948718,3.7373009,0.0,0.0,0.0,0,sms
83.0,15.0,4.6,0.0,0.0,0.0,0.33333334,0.084337346,4.370043,0.0,0.0,0.0,0,sms
42.0,7.0,5.142857,0.0,0.0,0.0,0.14285715,0.04761905,4.1070175,0.0,0.0,0.0,0,sms
35.0,7.0,4.142857,0.0,0.0,0.0,0.42857143,0.08571429,4.07333,0.0,0.0,0.0,0,sms
23.0,5.0,3.8,0.0,0.0,0.0,0.4,0.04347826,3.5766177,0.0,0.0,0.0,0,sms
41.0,9.0,3.6666667,0.0,0.0,0.0,0.6666667,0.024390243,3.8848588,0.0,0.0,0.0,0,sms
72.0,15.0,3.8666666,1.0,0.0,0.0,0.13333334,0.083333336,4.2761083,0.0,0.0,0.0,0,sms
66.0,13.0,4.1538463,0.0,0.0,0.0,0.30769232,0.060606062,4.152971,0.0,0.0,0.0,0,sms
43.0,10.0,3.4,0.0,0.0,0.0,0.1,0.11627907,3.7555742,0.0,0.0,0.0,0,sms
46.0,9.0,4.2222223,1.0,0.0,0.0,0.44444445,0.04347826,3.6653233,0.0,0.0,0.0,0,sms
116.0,22.0,4.2727275,0.0,0.0,0.0,0.4090909,0.060344826,4.4904766,0.0,0.0,0.0,0,sms
56.0,14.0,3.0714285,1.0,0.0,0.0,0.2857143,0.017857144,4.1558185,0.0,0.0,0.0,0,sms
55.0,11.0,4.090909,0.0,0.0,0.0,0.27272728,0.054545455,4.144538,0.0,0.0,0.0,0,sms
137.0,23.0,5.0,25.0,0.0,0.0,0.17391305,0.0729927,4.9187613,0.0,0.0,0.0,1,sms
166.0,22.0,6.5454545,0.0,0.0,0.0,0.36363637,0.084337346,4.550561,0.0,0.0,0.0,0,sms
29.0,7.0,3.2857144,0.0,0.0,0.0,0.2857143,0.03448276,3.4685767,0.0,0.0,0.0,0,sms
96.0,21.0,3.6190476,0.0,0.0,0.0,0.5714286,0.020833334,4.101234,0.0,0.0,0.0,0,sms
36.0,8.0,3.625,0.0,0.0,0.0,0.375,0.055555556,3.7159321,0.0,0.0,0.0,0,sms
49.0,11.0,3.5454545,0.0,0.0,0.0,0.6363636,0.040816326,4.087221,0.0,0.0,0.0,0,sms
61.0,11.0,4.6363635,1.0,0.0,0.0,0.27272728,0.04918033,4.090009,0.0,0.0,0.0,0,sms
39.0,8.0,4.0,0.0,0.0,0.0,0.5,0.0,3.9056392,0.0,0.0,0.0,0,sms
141.0,33.0,3.3030303,1.0,0.0,0.0,0.4848485,0.014184397,4.293251,0.0,0.0,0.0,0,sms
30.0,5.0,5.2,0.0,0.0,0.0,0.2,0.0,3.1463485,0.0,0.0,0.0,0,sms
30.0,6.0,4.1666665,1.0,0.0,0.0,0.33333334,0.06666667,3.749275,0.0,0.0,0.0,0,sms
31.0,6.0,4.3333335,0.0,0.0,0.0,0.33333334,0.032258064,3.7671835,0.0,0.0,0.0,0,sms
73.0,14.0,4.285714,0.0,0.0,0.0,0.64285713,0.0,4.0498376,0.0,0.0,0.0,0,sms
25.0,6.0,3.3333333,0.0,0.0,0.0,0.5,0.08,3.8841836,0.0,0.0,0.0,0,sms
161.0,22.0,6.3636365,21.0,1.0,0.0,0.22727273,0.062111802,5.230705,0.0,0.0,1.0,1,sms
29.0,6.0,4.0,0.0,0.0,0.0,0.6666667,0.03448276,3.6053886,0.0,0.0,0.0,0,sms
381.0,76.0,4.0263157,0.0,0.0,0.0,0.6315789,0.044619422,4.432619,0.0,0.0,0.0,0,sms
69.0,12.0,4.8333335,0.0,0.0,0.0,0.41666666,0.04347826,4.0670447,0.0,0.0,0.0,0,sms
26.0,5.0,4.0,0.0,0.0,0.0,0.4,0.1923077,3.821928,0.0,0.0,0.0,0,sms
36.0,8.0,3.625,0.0,0.0,0.0,0.25,0.083333336,4.047299,0.0,0.0,0.0,0,sms
278.0,63.0,3.4285715,1.0,0.0,0.0,0.31746033,0.118705034,4.8467207,0.0,0.0,0.0,0,sms
68.0,13.0,4.3076925,0.0,0.0,0.0,0.46153846,0.04411765,4.2866673,0.0,0.0,0.0,0,sms
50.0,10.0,4.1,0.0,0.0,0.0,0.5,0.02,4.094761,0.0,0.0,0.0,0,sms
89.0,18.0,4.0,1.0,0.0,0.0,0.2777778,0.11235955,4.148549,0.0,0.0,0.0,0,sms
151.0,26.0,4.8461537,19.0,0.0,0.0,0.30769232,0.052980132,4.918571,0.0,0.0,1.0,1,sms
237.0,48.0,3.9583333,0.0,0.0,0.0,0.5416667,0.025316456,4.3850875,0.0,0.0,0.0,0,sms
236.0,49.0,3.8367348,0.0,0.0,0.0,0.4489796,0.025423728,4.3777595,0.0,0.0,0.0,0,sms
95.0,17.0,4.647059,0.0,0.0,0.0,0.47058824,0.042105265,4.2744513,0.0,0.0,0.0,0,sms
85.0,19.0,3.5263157,1.0,0.0,0.0,0.31578946,0.03529412,4.318706,0.0,0.0,0.0,0,sms
44.0,8.0,4.625,1.0,0.0,0.0,0.125,0.0,3.9128542,0.0,0.0,0.0,0,sms
99.0,15.0,5.6666665,0.0,0.0,0.0,0.13333334,0.05050505,4.2241797,0.0,1.0,0.0,0,sms
23.0,6.0,3.0,0.0,0.0,0.0,0.33333334,0.04347826,3.5724313,0.0,0.0,0.0,0,sms
145.0,34.0,3.2941177,1.0,0.0,0.0,0.44117647,0.11034483,4.565125,0.0,0.0,0.0,0,sms
26.0,5.0,4.4,0.0,0.0,0.0,0.2,0.0,3.788755,0.0,0.0,0.0,0,sms
160.0,39.0,3.128205,3.0,0.0,0.0,0.20512821,0.025,4.4265532,0.0,0.0,0.0,0,sms
97.0,20.0,3.9,1.0,0.0,0.0,0.5,0.020618556,4.3593893,0.0,0.0,0.0,0,sms
39.0,6.0,5.6666665,0.0,0.0,0.0,0.16666667,0.30769232,3.3515937,0.0,0.0,0.0,0,sms
47.0,8.0,5.0,1.0,0.0,0.0,0.375,0.04255319,4.1250706,0.0,0.0,0.0,1,sms
24.0,6.0,3.1666667,0.0,0.0,0.0,0.6666667,0.041666668,3.4316235,0.0,0.0,0.0,0,sms
65.0,11.0,5.0,15.0,0.0,0.0,0.09090909,0.046153847,4.6408315,0.0,0.0,0.0,1,sms
33.0,6.0,4.6666665,0.0,0.0,0.0,0.33333334,0.060606062,3.824863,0.0,0.0,0.0,0,sms
76.0,17.0,3.5294118,3.0,0.0,0.0,0.5882353,0.039473683,4.0913415,0.0,0.0,0.0,0,sms
49.0,9.0,4.5555553,1.0,0.0,0.0,0.11111111,0.06122449,4.1506267,0.0,0.0,0.0,0,sms
15.0,3.0,4.3333335,0.0,0.0,0.0,0.33333334,0.06666667,3.5465937,0.0,0.0,0.0,0,sms
22.0,2.0,10.5,0.0,0.0,0.0,0.0,0.0,3.5944657,0.0,0.0,0.0,0,sms
51.0,10.0,4.2,0.0,0.0,0.0,0.3,0.09803922,4.058603,0.0,0.0,0.0,0,sms
28.0,5.0,4.8,0.0,0.0,0.0,0.2,0.14285715,3.6053886,0.0,0.0,0.0,0,sms
69.0,15.0,3.6666667,1.0,0.0,0.0,0.33333334,0.028985508,4.0033517,0.0,0.0,0.0,0,sms
159.0,27.0,4.9259257,0.0,0.0,0.0,0.25925925,0.018867925,4.2488346,0.0,0.0,0.0,0,sms
44.0,8.0,4.625,0.0,0.0,0.0,0.125,0.09090909,4.208925,0.0,0.0,0.0,0,sms
24.0,4.0,5.25,0.0,0.0,0.0,0.75,0.041666668,3.5944657,0.0,0.0,0.0,0,sms
20.0,4.0,4.25,0.0,0.0,0.0,0.25,0.1,3.3815806,0.0,0.0,0.0,0,sms
126.0,21.0,5.047619,0.0,0.0,0.0,0.0952381,0.023809524,4.2500105,0.0,0.0,0.0,0,sms
41.0,9.0,3.6666667,1.0,0.0,0.0,0.44444445,0.048780486,3.9801693,0.0,0.0,0.0,0,sms
40.0,9.0,3.5555556,0.0,0.0,0.0,0.11111111,0.0,3.9248009,0.0,0.0,0.0,0,sms
162.0,27.0,5.0,1.0,0.0,0.0,0.4074074,0.043209877,4.474168,0.0,0.0,0.0,0,sms
171.0,30.0,4.7,0.0,0.0,0.0,0.43333334,0.05263158,4.3552146,0.0,0.0,0.0,0,sms
28.0,5.0,4.8,0.0,0.0,0.0,0.2,0.0,3.6682959,0.0,0.0,0.0,0,sms
62.0,13.0,3.8461537,0.0,0.0,0.0,0.3846154,0.14516129,4.36637,0.0,0.0,0.0,0,sms
71.0,16.0,3.5,0.0,0.0,0.0,0.625,0.028169014,4.071299,0.0,0.0,0.0,0,sms
109.0,22.0,4.0,0.0,0.0,0.0,0.5,0.027522936,4.127165,0.0,0.0,0.0,0,sms
135.0,27.0,4.037037,0.0,0.0,0.0,0.5555556,0.014814815,4.2100635,0.0,0.0,0.0,0,sms
2.0,1.0,2.0,0.0,0.0,0.0,0.0,0.0,1.0,0.0,0.0,0.0,0,sms
125.0,18.0,6.0,14.0,1.0,0.0,0.11111111,0.064,5.3412924,0.0,0.0,1.0,1,sms
158.0,22.0,6.2272725,18.0,0.0,1.0,0.18181819,0.06329114,5.3022695,0.0,0.0,0.0,1,sms
17.0,4.0,3.5,0.0,0.0,0.0,0.0,0.05882353,3.3787835,0.0,0.0,0.0,0,sms
21.0,4.0,4.5,0.0,0.0,0.0,0.25,0.0952381,3.6143694,0.0,0.0,0.0,0,sms
25.0,7.0,2.7142856,1.0,0.0,0.0,0.42857143,0.04,3.6818807,0.0,0.0,0.0,0,sms
23.0,3.0,7.0,0.0,0.0,0.0,0.33333334,0.04347826,3.5225716,0.0,0.0,0.0,0,sms
74.0,13.0,4.769231,0.0,0.0,0.0,0.46153846,0.067567565,4.171207,0.0,0.0,0.0,0,sms
73.0,13.0,4.6923075,2.0,0.0,0.0,0.3846154,0.02739726,4.313865,0.0,0.0,0.0,1,sms
26.0,5.0,4.4,0.0,0.0,0.0,0.6,0.03846154,3.788755,0.0,0.0,0.0,0,sms
149.0,34.0,3.4117646,1.0,0.0,0.0,0.2647059,0.06711409,4.3942165,0.0,0.0,0.0,0,sms
24.0,5.0,4.0,0.0,0.0,0.0,0.6,0.041666668,3.6464393,0.0,0.0,0.0,0,sms
30.0,5.0,5.2,0.0,0.0,0.0,0.0,0.033333335,3.7923765,0.0,0.0,0.0,0,sms
62.0,12.0,4.25,0.0,0.0,0.0,0.5,0.032258064,4.044277,0.0,0.0,0.0,0,sms
132.0,27.0,3.925926,0.0,0.0,0.0,0.44444445,0.06818182,4.3166676,0.0,0.0,0.0,0,sms
43.0,9.0,3.8888888,0.0,0.0,0.0,0.6666667,0.046511628,4.036007,0.0,0.0,0.0,0,sms
51.0,12.0,3.3333333,3.0,0.0,0.0,0.5,0.0,4.0250707,0.0,0.0,0.0,1,sms
42.0,8.0,4.375,0.0,0.0,0.0,0.375,0.11904762,4.204582,0.0,0.0,0.0,0,sms
58.0,11.0,4.3636365,0.0,0.0,0.0,0.45454547,0.01724138,3.988521,0.0,0.0,0.0,0,sms
161.0,26.0,5.230769,21.0,0.0,0.0,0.0,0.062111802,4.9731073,0.0,0.0,0.0,1,sms
125.0,18.0,6.0,0.0,0.0,0.0,0.22222222,0.08,4.254478,0.0,0.0,0.0,0,sms
94.0,19.0,4.0,0.0,0.0,0.0,0.57894737,0.04255319,4.337186,0.0,0.0,0.0,0,sms
104.0,22.0,3.7727273,5.0,0.0,0.0,0.3181818,0.03846154,4.5413756,0.0,0.0,0.0,0,sms
94.0,22.0,3.3181818,0.0,0.0,0.0,0.5,0.021276595,4.1377187,0.0,0.0,0.0,0,sms
39.0,8.0,4.0,0.0,0.0,0.0,0.125,0.102564104,3.9292293,0.0,0.0,0.0,0,sms
26.0,7.0,2.857143,2.0,0.0,0.0,0.2857143,0.0,3.4841838,0.0,0.0,0.0,0,sms
60.0,13.0,3.6923077,0.0,0.0,0.0,0.53846157,0.033333335,4.2985334,0.0,0.0,0.0,0,sms
22.0,5.0,3.6,0.0,0.0,0.0,0.4,0.18181819,3.8365917,0.0,0.0,0.0,0,sms
158.0,34.0,3.6764705,1.0,0.0,0.0,0.38235295,0.012658228,4.210029,0.0,0.0,0.0,0,sms
163.0,35.0,3.6857142,15.0,1.0,0.0,0.22857143,0.06748466,5.208897,0.0,0.0,1.0,1,sms
58.0,12.0,3.9166667,0.0,0.0,0.0,0.5,0.0862069,4.2476544,0.0,0.0,0.0,0,sms
120.0,28.0,3.3214285,3.0,0.0,0.0,0.35714287,0.033333335,4.3628516,0.0,0.0,0.0,0,sms
47.0,8.0,5.0,0.0,0.0,0.0,0.125,0.04255319,4.2775674,0.0,0.0,0.0,0,sms
110.0,21.0,4.285714,0.0,0.0,0.0,0.47619048,0.06363636,4.434645,0.0,0.0,0.0,0,sms
205.0,41.0,4.02439,0.0,0.0,0.0,0.4390244,0.019512195,4.3383327,0.0,0.0,0.0,0,sms
73.0,15.0,3.9333334,0.0,0.0,0.0,0.6,0.04109589,4.338684,0.0,0.0,0.0,0,sms
160.0,34.0,3.735294,12.0,0.0,0.0,0.20588236,0.01875,4.458586,0.0,0.0,1.0,1,sms
31.0,8.0,3.0,1.0,0.0,0.0,0.375,0.06451613,3.517894,0.0,0.0,0.0,0,sms
29.0,7.0,3.2857144,0.0,0.0,0.0,0.2857143,0.0,3.3274848,0.0,0.0,0.0,0,sms
152.0,28.0,4.464286,0.0,0.0,0.0,0.25,0.04605263,4.3492036,0.0,0.0,0.0,0,sms
42.0,8.0,4.375,0.0,0.0,0.0,0.375,0.04761905,3.9928706,0.0,0.0,0.0,0,sms
48.0,10.0,3.9,0.0,0.0,0.0,0.5,0.083333336,4.182337,0.0,0.0,0.0,0,sms
137.0,28.0,3.9285715,0.0,0.0,0.0,0.53571427,0.03649635,4.2607193,0.0,0.0,0.0,0,sms
105.0,18.0,4.888889,0.0,0.0,0.0,0.22222222,0.06666667,4.4859686,0.0,0.0,0.0,0,sms
155.0,29.0,4.37931,0.0,0.0,0.0,0.4827586,0.051612902,4.511829,0.0,0.0,0.0,0,sms
143.0,30.0,3.8,22.0,0.0,0.0,0.2,0.027972028,5.114235,0.0,0.0,1.0,1,sms
45.0,8.0,4.75,0.0,0.0,0.0,0.5,0.022222223,4.0208435,0.0,0.0,0.0,0,sms
35.0,7.0,4.142857,0.0,0.0,0.0,0.5714286,0.028571429,3.909368,0.0,0.0,0.0,0,sms
78.0,18.0,3.3888888,0.0,0.0,0.0,0.16666667,0.14102565,4.290111,0.0,0.0,0.0,0,sms
159.0,31.0,4.16129,0.0,0.0,0.0,0.41935483,0.03773585,4.5624046,0.0,0.0,0.0,0,sms
126.0,25.0,4.0,2.0,0.0,0.0,0.4,0.04761905,4.2768908,0.0,0.0,0.0,0,sms
49.0,10.0,4.0,0.0,0.0,0.0,0.6,0.020408163,4.1561985,0.0,0.0,0.0,0,sms
73.0,14.0,4.285714,0.0,0.0,0.0,0.42857143,0.01369863,4.2362432,0.0,0.0,0.0,0,sms
166.0,42.0,2.9761906,3.0,0.0,0.0,0.3809524,0.060240965,4.587261,0.0,0.0,0.0,0,sms
50.0,9.0,4.6666665,0.0,0.0,0.0,0.22222222,0.06,3.9400861,0.0,0.0,0.0,0,sms
142.0,27.0,4.296296,3.0,0.0,0.0,0.33333334,0.07746479,4.695186,0.0,0.0,0.0,0,sms
120.0,25.0,3.76,0.0,0.0,0.0,0.28,0.1,4.212269,0.0,0.0,0.0,0,sms
54.0,10.0,4.5,0.0,0.0,0.0,0.4,0.018518519,4.005323,0.0,0.0,0.0,0,sms
153.0,30.0,4.133333,8.0,0.0,0.0,0.13333334,0.045751635,4.8227243,0.0,0.0,0.0,0,sms
23.0,5.0,3.8,0.0,0.0,0.0,0.2,0.0,3.6818807,0.0,0.0,0.0,0,sms
52.0,12.0,3.4166667,0.0,0.0,0.0,0.5,0.03846154,4.022697,0.0,0.0,0.0,0,sms
90.0,17.0,4.352941,0.0,0.0,0.0,0.47058824,0.033333335,3.9650304,0.0,0.0,0.0,0,sms
23.0,6.0,3.0,0.0,0.0,0.0,0.16666667,0.13043478,3.7254806,0.0,0.0,0.0,0,sms
24.0,5.0,4.0,0.0,0.0,0.0,0.2,0.16666667,3.7841837,0.0,0.0,0.0,0,sms
156.0,31.0,4.064516,0.0,0.0,0.0,0.516129,0.025641026,4.337978,0.0,0.0,0.0,0,sms
25.0,6.0,3.3333333,0.0,0.0,0.0,0.33333334,0.04,3.7841837,0.0,0.0,0.0,0,sms
73.0,12.0,5.0833335,0.0,0.0,0.0,0.083333336,0.10958904,4.7384577,0.0,0.0,0.0,0,sms
34.0,7.0,4.0,0.0,0.0,0.0,0.71428573,0.0,3.8962915,0.0,0.0,0.0,0,sms
158.0,27.0,4.888889,0.0,0.0,0.0,0.22222222,0.10759494,5.130775,0.0,0.0,0.0,0,sms
208.0,43.0,3.8139534,1.0,0.0,0.0,0.53488374,0.072115384,4.5726576,0.0,0.0,0.0,0,sms
56.0,11.0,4.181818,0.0,0.0,0.0,0.8181818,0.0,3.934571,0.0,0.0,0.0,0,sms
112.0,25.0,3.52,0.0,0.0,0.0,0.24,0.026785715,4.285859,0.0,0.0,0.0,0,sms
35.0,7.0,4.142857,0.0,0.0,0.0,0.5714286,0.0,4.112821,0.0,0.0,0.0,0,sms
156.0,32.0,3.90625,15.0,0.0,0.0,0.28125,0.044871796,5.186969,0.0,0.0,1.0,1,sms
34.0,4.0,7.75,0.0,0.0,0.0,0.0,0.029411765,4.0911355,0.0,0.0,0.0,0,sms
30.0,8.0,2.875,0.0,0.0,0.0,0.5,0.033333335,3.882045,0.0,0.0,0.0,0,sms
148.0,17.0,7.7647057,35.0,1.0,0.0,0.3529412,0.067567565,5.283099,0.0,0.0,0.0,1,sms
24.0,5.0,4.0,0.0,0.0,0.0,0.6,0.25,3.4219282,0.0,0.0,0.0,0,sms
46.0,8.0,4.875,1.0,0.0,0.0,0.125,0.1521739,4.0729866,0.0,0.0,0.0,0,sms
115.0,21.0,4.5238094,15.0,0.0,0.0,0.14285715,0.008695652,4.725473,0.0,0.0,1.0,1,sms
159.0,28.0,4.714286,2.0,0.0,0.0,0.2857143,0.044025157,4.7406764,0.0,0.0,0.0,1,sms
152.0,26.0,4.8846154,27.0,0.0,0.0,0.15384616,0.039473683,5.230437,0.0,0.0,0.0,1,sms
34.0,8.0,3.375,0.0,0.0,0.0,0.625,0.05882353,4.106377,0.0,0.0,0.0,0,sms
142.0,25.0,4.68,0.0,0.0,0.0,0.32,0.15492958,4.5271435,0.0,0.0,0.0,0,sms
75.0,15.0,4.0666666,0.0,0.0,0.0,0.4,0.026666667,4.066006,0.0,0.0,0.0,0,sms
95.0,21.0,3.5714285,0.0,0.0,0.0,0.47619048,0.06315789,4.4496293,0.0,0.0,0.0,0,sms
127.0,19.0,5.736842,24.0,1.0,0.0,0.21052632,0.08661418,5.097063,0.0,0.0,1.0,1,sms
77.0,15.0,4.2,0.0,0.0,0.0,0.46666667,0.038961038,4.0179496,0.0,0.0,0.0,0,sms
158.0,24.0,5.625,26.0,0.0,0.0,0.45833334,0.03164557,4.8469496,0.0,0.0,0.0,1,sms
159.0,29.0,4.5172415,27.0,1.0,0.0,0.20689656,0.0754717,5.10904,0.0,0.0,1.0,1,sms
79.0,19.0,3.2105262,0.0,0.0,0.0,0.57894737,0.025316456,4.1292567,0.0,0.0,0.0,0,sms
229.0,52.0,3.4230769,0.0,0.0,0.0,0.5576923,0.02183406,4.4402733,0.0,0.0,0.0,0,sms
44.0,8.0,4.625,0.0,0.0,0.0,0.5,0.022727273,4.0777154,0.0,0.0,0.0,0,sms
117.0,27.0,3.3703704,0.0,0.0,0.0,0.44444445,0.051282052,3.8872862,0.0,0.0,0.0,0,sms
156.0,28.0,4.607143,16.0,1.0,0.0,0.17857143,0.03846154,5.092004,0.0,0.0,1.0,1,sms
70.0,14.0,4.071429,0.0,0.0,0.0,0.5,0.014285714,4.11625,0.0,0.0,0.0,0,sms
53.0,13.0,3.1538463,0.0,0.0,0.0,0.23076923,0.056603774,4.277926,0.0,0.0,0.0,0,sms
106.0,23.0,3.652174,0.0,0.0,0.0,0.47826087,0.018867925,4.0628333,0.0,0.0,0.0,0,sms
30.0,7.0,3.4285715,0.0,0.0,0.0,0.42857143,0.0,3.6053886,0.0,0.0,0.0,0,sms
86.0,21.0,3.142857,0.0,0.0,0.0,0.6666667,0.023255814,4.387451,0.0,0.0,0.0,0,sms
38.0,8.0,3.875,0.0,0.0,0.0,0.25,0.10526316,3.781147,0.0,0.0,0.0,0,sms
67.0,16.0,3.1875,0.0,0.0,0.0,0.3125,0.05970149,4.1062627,0.0,0.0,0.0,0,sms
39.0,8.0,4.0,0.0,0.0,0.0,0.5,0.025641026,3.7334585,0.0,0.0,0.0,0,sms
97.0,23.0,3.2173913,2.0,0.0,0.0,0.3043478,0.0,4.3522606,0.0,0.0,0.0,0,sms
144.0,26.0,4.576923,10.0,0.0,0.0,0.23076923,0.048611112,4.9342003,0.0,0.0,1.0,1,sms
30.0,7.0,3.4285715,0.0,0.0,0.0,0.14285715,0.06666667,3.767894,0.0,0.0,0.0,0,sms
73.0,16.0,3.625,0.0,0.0,0.0,0.5625,0.02739726,4.1420193,0.0,0.0,0.0,0,sms
35.0,8.0,3.5,1.0,0.0,0.0,0.25,0.057142857,3.7673757,0.0,0.0,0.0,0,sms
72.0,18.0,3.0555556,1.0,0.0,0.0,0.5555556,0.041666668,4.3588357,0.0,0.0,0.0,0,sms
134.0,25.0,4.36,0.0,0.0,0.0,0.12,0.14925373,4.2781534,0.0,0.0,0.0,0,sms
106.0,19.0,4.631579,1.0,0.0,0.0,0.47368422,0.018867925,4.0415454,0.0,0.0,0.0,0,sms
35.0,7.0,4.0,0.0,0.0,0.0,0.42857143,0.14285715,3.682006,0.0,0.0,0.0,0,sms
22.0,5.0,3.6,0.0,0.0,0.0,0.2,0.045454547,3.5724313,0.0,0.0,0.0,0,sms
31.0,7.0,3.5714285,0.0,0.0,0.0,0.5714286,0.032258064,3.8136606,0.0,0.0,0.0,0,sms
19.0,4.0,4.0,0.0,0.0,0.0,0.0,0.10526316,3.5778196,0.0,0.0,0.0,0,sms
54.0,12.0,3.5833333,0.0,0.0,0.0,0.33333334,0.037037037,4.024761,0.0,0.0,0.0,0,sms
29.0,6.0,4.0,0.0,0.0,0.0,0.5,0.0,3.9182959,0.0,0.0,0.0,0,sms
101.0,19.0,4.368421,3.0,0.0,0.0,0.21052632,0.03960396,4.376589,0.0,0.0,0.0,0,sms
108.0,20.0,4.45,5.0,0.0,0.0,0.3,0.027777778,4.8322406,0.0,0.0,1.0,1,sms
22.0,4.0,4.75,0.0,0.0,0.0,0.0,0.13636364,3.2608283,0.0,0.0,0.0,0,sms
89.0,19.0,3.7368422,0.0,0.0,0.0,0.47368422,0.056179777,4.1312084,0.0,0.0,0.0,0,sms
75.0,15.0,4.0666666,0.0,0.0,0.0,0.4,0.12,4.176056,0.0,0.0,0.0,0,sms
34.0,6.0,4.8333335,0.0,0.0,0.0,0.33333334,0.0882353,3.8538632,0.0,0.0,0.0,0,sms
27.0,6.0,3.6666667,0.0,0.0,0.0,0.5,0.0,3.7544417,0.0,0.0,0.0,0,sms
34.0,5.0,6.0,0.0,0.0,0.0,0.0,0.05882353,3.7362435,0.0,0.0,0.0,0,sms
37.0,7.0,4.428571,0.0,0.0,0.0,0.42857143,0.027027028,3.833071,0.0,0.0,0.0,0,sms
172.0,27.0,5.4074073,0.0,0.0,0.0,0.037037037,0.075581394,4.4953566,0.0,0.0,0.0,0,sms
52.0,9.0,4.888889,0.0,0.0,0.0,0.11111111,0.03846154,4.0894165,0.0,0.0,0.0,0,sms
24.0,6.0,3.1666667,0.0,0.0,0.0,0.6666667,0.083333336,3.787144,0.0,0.0,0.0,0,sms
54.0,13.0,3.2307692,0.0,0.0,0.0,0.46153846,0.12962963,3.8821764,0.0,0.0,0.0,0,sms
139.0,23.0,5.0869565,22.0,1.0,0.0,0.39130434,0.01438849,4.6158648,0.0,0.0,1.0,1,sms
166.0,28.0,4.964286,22.0,1.0,0.0,0.2857143,0.012048192,4.749036,0.0,0.0,1.0,1,sms
56.0,9.0,5.3333335,0.0,0.0,0.0,0.5555556,0.035714287,4.004786,0.0,0.0,0.0,0,sms
41.0,7.0,5.0,0.0,0.0,0.0,0.2857143,0.048780486,4.1071563,0.0,0.0,0.0,0,sms
89.0,18.0,4.0,0.0,0.0,0.0,0.33333334,0.02247191,3.9512348,0.0,0.0,0.0,0,sms
34.0,8.0,3.375,0.0,0.0,0.0,0.625,0.05882353,3.485826,0.0,0.0,0.0,0,sms
43.0,8.0,4.5,0.0,0.0,0.0,0.125,0.023255814,4.120635,0.0,0.0,0.0,0,sms
43.0,9.0,3.8888888,0.0,0.0,0.0,0.6666667,0.046511628,3.7929716,0.0,0.0,0.0,0,sms
43.0,11.0,3.0,0.0,0.0,0.0,0.36363637,0.1627907,4.006071,0.0,0.0,0.0,0,sms
26.0,7.0,2.857143,0.0,0.0,0.0,0.2857143,0.03846154,3.7219281,0.0,0.0,0.0,0,sms
55.0,13.0,3.3076923,0.0,0.0,0.0,0.3846154,0.018181818,3.7135034,0.0,0.0,0.0,0,sms
66.0,11.0,5.090909,0.0,0.0,0.0,0.36363637,0.060606062,4.194453,0.0,0.0,0.0,0,sms
55.0,12.0,3.6666667,0.0,0.0,0.0,0.41666666,0.054545455,4.1097937,0.0,0.0,0.0,0,sms
49.0,9.0,4.5555553,0.0,0.0,0.0,0.5555556,0.0,4.0107403,0.0,0.0,0.0,0,sms
7.0,1.0,7.0,0.0,0.0,0.0,0.0,0.14285715,2.807355,0.0,0.0,0.0,0,sms
143.0,19.0,6.5789475,12.0,0.0,0.0,0.36842105,0.04895105,4.7546353,0.0,0.0,0.0,1,sms
27.0,6.0,3.6666667,0.0,0.0,0.0,0.33333334,0.037037037,3.788755,0.0,0.0,0.0,0,sms
28.0,6.0,3.8333333,0.0,0.0,0.0,0.33333334,0.0,3.6753109,0.0,0.0,0.0,0,sms
33.0,6.0,4.6666665,0.0,0.0,0.0,0.5,0.030303031,3.8388045,0.0,0.0,0.0,0,sms
155.0,29.0,4.37931,14.0,0.0,0.0,0.37931034,0.0,4.4570503,0.0,0.0,0.0,1,sms
157.0,32.0,3.9375,1.0,0.0,0.0,0.28125,0.031847134,4.490411,0.0,0.0,0.0,0,sms
38.0,8.0,3.875,0.0,0.0,0.0,0.375,0.05263158,3.9101794,0.0,0.0,0.0,0,sms
159.0,22.0,6.2727275,0.0,0.0,0.0,0.22727273,0.03773585,4.5587883,0.0,0.0,0.0,0,sms
139.0,24.0,4.8333335,0.0,0.0,0.0,0.375,0.13669065,4.9358807,0.0,0.0,0.0,0,sms
158.0,27.0,4.851852,17.0,1.0,0.0,0.4074074,0.012658228,5.188057,0.0,0.0,0.0,1,sms
22.0,5.0,3.6,0.0,0.0,0.0,0.2,0.045454547,3.0385623,0.0,0.0,0.0,0,sms
48.0,11.0,3.4545455,0.0,0.0,0.0,0.54545456,0.041666668,4.0036063,0.0,0.0,0.0,0,sms
32.0,7.0,3.7142856,0.0,0.0,0.0,0.5714286,0.03125,3.7633424,0.0,0.0,0.0,0,sms
80.0,14.0,4.785714,0.0,0.0,0.0,0.35714287,0.025,4.116161,0.0,0.0,0.0,0,sms
26.0,5.0,4.4,0.0,0.0,0.0,0.4,0.07692308,4.061482,0.0,0.0,0.0,0,sms
136.0,20.0,5.85,29.0,0.0,0.0,0.1,0.066176474,5.0567994,0.0,0.0,1.0,1,sms
106.0,20.0,4.35,1.0,0.0,0.0,0.4,0.056603774,4.50898,0.0,0.0,0.0,0,sms
51.0,11.0,3.7272727,0.0,0.0,0.0,0.27272728,0.019607844,4.092325,0.0,0.0,0.0,0,sms
56.0,12.0,3.75,0.0,0.0,0.0,0.5,0.035714287,3.925109,0.0,0.0,0.0,0,sms
13.0,3.0,3.6666667,0.0,0.0,0.0,0.33333334,0.23076923,2.845351,0.0,0.0,0.0,0,sms
33.0,7.0,3.857143,0.0,0.0,0.0,0.14285715,0.030303031,3.7821221,0.0,0.0,0.0,0,sms
30.0,5.0,5.2,0.0,0.0,0.0,0.2,0.1,3.7633424,0.0,0.0,0.0,0,sms
31.0,5.0,5.4,0.0,0.0,0.0,0.2,0.032258064,3.8659985,0.0,0.0,0.0,0,sms
35.0,8.0,3.5,0.0,0.0,0.0,0.0,0.08571429,3.485228,0.0,0.0,0.0,0,sms
24.0,3.0,7.3333335,0.0,0.0,0.0,0.0,0.16666667,3.4817145,0.0,0.0,0.0,0,sms
26.0,6.0,3.3333333,0.0,0.0,0.0,0.33333334,0.03846154,3.6841838,0.0,0.0,0.0,0,sms
49.0,10.0,3.9,2.0,0.0,0.0,0.3,0.0,3.8427186,0.0,0.0,0.0,0,sms
70.0,14.0,4.071429,0.0,0.0,0.0,0.42857143,0.1,4.4936147,0.0,0.0,0.0,0,sms
59.0,11.0,4.4545455,0.0,0.0,0.0,0.36363637,0.050847456,3.897588,0.0,0.0,0.0,0,sms
64.0,13.0,4.0,0.0,0.0,0.0,0.46153846,0.03125,4.0753727,0.0,0.0,0.0,0,sms
152.0,24.0,5.375,18.0,0.0,0.0,0.41666666,0.032894738,4.64403,0.0,0.0,0.0,1,sms
109.0,25.0,3.4,2.0,0.0,0.0,0.28,0.08256881,4.4602056,0.0,0.0,0.0,0,sms
25.0,5.0,4.2,0.0,0.0,0.0,0.4,0.08,4.011365,0.0,0.0,0.0,0,sms
160.0,31.0,4.193548,3.0,0.0,0.0,0.38709676,0.05,4.631952,0.0,0.0,0.0,1,sms
24.0,5.0,4.0,0.0,0.0,0.0,0.2,0.125,3.6464393,0.0,0.0,0.0,0,sms
36.0,8.0,3.625,9.0,0.0,0.0,0.25,0.083333336,4.211261,0.0,0.0,0.0,0,sms
55.0,12.0,3.6666667,0.0,0.0,0.0,0.5833333,0.018181818,3.654297,0.0,0.0,0.0,0,sms
36.0,8.0,3.625,0.0,0.0,0.0,0.375,0.11111111,4.004364,0.0,0.0,0.0,0,sms
66.0,12.0,4.5833335,0.0,0.0,0.0,0.5,0.060606062,4.0905647,0.0,0.0,0.0,0,sms
25.0,6.0,3.3333333,0.0,0.0,0.0,0.5,0.04,3.6841838,0.0,0.0,0.0,0,sms
37.0,9.0,3.2222223,1.0,0.0,0.0,0.33333334,0.027027028,3.8278327,0.0,0.0,0.0,0,sms
44.0,11.0,3.090909,0.0,0.0,0.0,0.27272728,0.022727273,4.0796785,0.0,0.0,0.0,0,sms
160.0,33.0,3.878788,0.0,0.0,0.0,0.54545456,0.0875,4.5587416,0.0,0.0,0.0,0,sms
63.0,12.0,4.1666665,0.0,0.0,0.0,0.41666666,0.11111111,4.183982,0.0,0.0,0.0,0,sms
33.0,7.0,3.857143,0.0,0.0,0.0,0.2857143,0.030303031,3.958229,0.0,0.0,0.0,0,sms
17.0,3.0,5.0,0.0,0.0,0.0,0.33333334,0.1764706,3.4565647,0.0,0.0,0.0,0,sms
40.0,8.0,4.125,0.0,0.0,0.0,0.5,0.075,4.006071,0.0,0.0,0.0,0,sms
43.0,10.0,3.4,0.0,0.0,0.0,0.6,0.046511628,3.752637,0.0,0.0,0.0,0,sms
10.0,3.0,2.6666667,0.0,0.0,0.0,0.33333334,0.0,2.75,0.0,0.0,0.0,0,sms
51.0,10.0,4.2,0.0,0.0,0.0,0.4,0.078431375,4.0526824,0.0,0.0,0.0,0,sms
154.0,30.0,4.1666665,0.0,0.0,0.0,0.53333336,0.038961038,4.4839973,0.0,0.0,0.0,0,sms
113.0,20.0,4.7,0.0,0.0,0.0,0.35,0.053097345,4.364572,0.0,0.0,0.0,0,sms
147.0,30.0,3.9333334,0.0,0.0,0.0,0.53333336,0.027210884,4.380659,0.0,0.0,0.0,0,sms
155.0,25.0,5.24,35.0,1.0,0.0,0.36,0.051612902,5.175306,0.0,0.0,1.0,1,sms
50.0,12.0,3.25,0.0,0.0,0.0,0.5,0.02,3.974648,0.0,0.0,0.0,0,sms
64.0,13.0,4.0,0.0,0.0,0.0,0.46153846,0.03125,4.3622894,0.0,0.0,0.0,0,sms
26.0,5.0,4.4,0.0,0.0,0.0,0.6,0.115384616,3.8110378,0.0,0.0,0.0,0,sms
9.0,2.0,3.5,0.0,0.0,0.0,0.0,0.0,2.5216405,0.0,0.0,0.0,0,sms
132.0,25.0,4.32,5.0,0.0,0.0,0.4,0.07575758,4.710803,0.0,0.0,1.0,1,sms
22.0,5.0,3.6,0.0,0.0,0.0,0.4,0.0,3.5032582,0.0,0.0,0.0,0,sms
10.0,1.0,10.0,0.0,0.0,0.0,0.0,0.3,2.8464394,0.0,0.0,0.0,0,sms
124.0,22.0,4.681818,0.0,0.0,0.0,0.3181818,0.14516129,4.3797345,0.0,0.0,0.0,0,sms
32.0,7.0,3.7142856,0.0,0.0,0.0,0.42857143,0.03125,3.6133373,0.0,0.0,0.0,0,sms
24.0,6.0,3.1666667,0.0,0.0,0.0,0.5,0.125,3.64215,0.0,0.0,0.0,0,sms
95.0,19.0,4.0526314,0.0,0.0,0.0,0.2631579,0.05263158,4.3426957,0.0,0.0,0.0,0,sms
35.0,6.0,5.0,0.0,0.0,0.0,0.16666667,0.028571429,4.0980687,0.0,0.0,0.0,0,sms
59.0,12.0,4.0,1.0,0.0,0.0,0.41666666,0.050847456,4.1415415,0.0,0.0,0.0,0,sms
73.0,15.0,3.9333334,0.0,0.0,0.0,0.46666667,0.04109589,3.986197,0.0,0.0,0.0,0,sms
88.0,16.0,4.5625,1.0,0.0,0.0,0.0625,0.13636364,4.3629994,0.0,0.0,0.0,0,sms
77.0,19.0,3.1052632,2.0,0.0,0.0,0.31578946,0.077922076,4.1425023,0.0,0.0,0.0,0,sms
64.0,13.0,4.0,0.0,0.0,0.0,0.30769232,0.046875,4.313152,0.0,0.0,0.0,0,sms
76.0,12.0,5.4166665,0.0,0.0,0.0,0.33333334,0.0,4.0909557,0.0,0.0,0.0,0,sms
55.0,13.0,3.3076923,0.0,0.0,0.0,0.30769232,0.10909091,4.173374,0.0,0.0,0.0,0,sms
26.0,6.0,3.5,1.0,0.0,0.0,0.33333334,0.15384616,3.88018,0.0,0.0,0.0,0,sms
112.0,24.0,3.7083333,0.0,0.0,0.0,0.375,0.05357143,4.4983463,0.0,0.0,0.0,0,sms
77.0,18.0,3.3333333,0.0,0.0,0.0,0.6111111,0.051948052,4.2559133,0.0,0.0,0.0,0,sms
53.0,10.0,4.4,0.0,0.0,0.0,0.4,0.03773585,4.016615,0.0,0.0,0.0,0,sms
102.0,19.0,4.4210525,0.0,0.0,0.0,0.21052632,0.14705883,4.2128572,0.0,0.0,0.0,0,sms
79.0,15.0,4.3333335,0.0,0.0,0.0,0.4,0.088607594,4.1389885,0.0,0.0,0.0,0,sms
42.0,9.0,3.7777777,0.0,0.0,0.0,0.22222222,0.14285715,4.219528,0.0,0.0,0.0,0,sms
59.0,12.0,4.0,0.0,0.0,0.0,0.33333334,0.16949153,4.282268,0.0,0.0,0.0,0,sms
32.0,6.0,4.5,0.0,0.0,0.0,0.16666667,0.0625,3.6521306,0.0,0.0,0.0,0,sms
153.0,29.0,4.3103447,5.0,0.0,0.0,0.13793103,0.045751635,4.834992,0.0,0.0,0.0,1,sms
70.0,12.0,4.9166665,0.0,0.0,0.0,0.41666666,0.042857144,4.143165,0.0,0.0,0.0,0,sms
70.0,16.0,3.4375,0.0,0.0,0.0,0.5625,0.014285714,4.080471,0.0,0.0,0.0,0,sms
143.0,26.0,4.5384617,2.0,0.0,0.0,0.30769232,0.04195804,4.866829,0.0,0.0,0.0,1,sms
124.0,24.0,4.1666665,0.0,0.0,0.0,0.41666666,0.08064516,4.945979,0.0,0.0,0.0,0,sms
21.0,3.0,6.3333335,0.0,0.0,0.0,0.33333334,0.0952381,3.3660913,0.0,0.0,0.0,0,sms
77.0,16.0,3.875,0.0,0.0,0.0,0.375,0.038961038,4.1951857,0.0,0.0,0.0,0,sms
25.0,4.0,5.5,0.0,0.0,0.0,0.25,0.16,3.697846,0.0,0.0,0.0,0,sms
36.0,8.0,3.625,0.0,0.0,0.0,0.125,0.083333336,3.9783335,0.0,0.0,0.0,0,sms
75.0,11.0,5.909091,0.0,0.0,0.0,0.27272728,0.18666667,4.353976,0.0,0.0,0.0,0,sms
154.0,28.0,4.535714,5.0,0.0,0.0,0.10714286,0.051948052,4.656388,0.0,0.0,0.0,1,sms
36.0,6.0,5.1666665,0.0,0.0,0.0,0.33333334,0.083333336,3.624542,0.0,0.0,0.0,0,sms
48.0,7.0,6.0,0.0,0.0,0.0,0.42857143,0.020833334,3.6057565,0.0,0.0,0.0,0,sms
175.0,31.0,4.677419,0.0,0.0,0.0,0.32258064,0.05142857,4.4765606,0.0,0.0,0.0,0,sms
237.0,49.0,3.857143,3.0,0.0,0.0,0.3265306,0.029535865,4.3811297,0.0,0.0,0.0,0,sms
23.0,6.0,3.0,0.0,0.0,0.0,0.5,0.0,3.5724313,0.0,0.0,0.0,0,sms
105.0,18.0,4.888889,0.0,0.0,0.0,0.44444445,0.0952381,4.213797,0.0,0.0,0.0,0,sms
62.0,12.0,4.25,0.0,0.0,0.0,0.41666666,0.032258064,4.0843134,0.0,0.0,0.0,0,sms
37.0,8.0,3.75,0.0,0.0,0.0,0.25,0.08108108,3.8729055,0.0,0.0,0.0,0,sms
52.0,12.0,3.4166667,0.0,0.0,0.0,0.5,0.03846154,4.022697,0.0,0.0,0.0,0,sms
22.0,5.0,3.6,0.0,0.0,0.0,0.2,0.27272728,3.7254806,0.0,0.0,0.0,0,sms
106.0,17.0,5.2941175,13.0,0.0,0.0,0.1764706,0.03773585,4.617296,0.0,0.0,0.0,1,sms
42.0,10.0,3.3,0.0,0.0,0.0,0.3,0.023809524,3.9831955,0.0,0.0,0.0,0,sms
79.0,17.0,3.7058823,0.0,0.0,0.0,0.5294118,0.050632913,4.3606377,0.0,0.0,0.0,0,sms
133.0,25.0,4.36,1.0,0.0,0.0,0.4,0.060150377,4.279839,0.0,0.0,0.0,0,sms
91.0,18.0,4.111111,2.0,0.0,0.0,0.11111111,0.054945055,4.440401,0.0,0.0,0.0,0,sms
99.0,23.0,3.347826,0.0,0.0,0.0,0.47826087,0.02020202,4.304778,0.0,0.0,0.0,0,sms
160.0,27.0,4.962963,3.0,0.0,0.0,0.14814815,0.1125,4.777653,0.0,0.0,0.0,1,sms
62.0,13.0,3.8461537,0.0,0.0,0.0,0.3846154,0.0,4.105979,0.0,0.0,0.0,0,sms
155.0,25.0,5.24,0.0,0.0,0.0,0.32,0.077419356,4.5427947,0.0,0.0,0.0,1,sms
34.0,10.0,2.5,1.0,0.0,0.0,0.2,0.11764706,3.7336607,0.0,0.0,0.0,0,sms
40.0,10.0,3.1,1.0,0.0,0.0,0.2,0.05,3.873236,0.0,0.0,0.0,0,sms
157.0,29.0,4.448276,1.0,0.0,0.0,0.3448276,0.07643312,4.3740807,0.0,0.0,0.0,0,sms
133.0,30.0,3.4666667,0.0,0.0,0.0,0.53333336,0.02255639,4.3448515,0.0,0.0,0.0,0,sms
144.0,23.0,5.304348,24.0,1.0,0.0,0.3043478,0.027777778,5.0705,0.0,0.0,1.0,1,sms
139.0,27.0,4.185185,11.0,1.0,0.0,0.25925925,0.01438849,4.7168717,0.0,0.0,1.0,1,sms
56.0,11.0,4.181818,0.0,0.0,0.0,0.27272728,0.05357143,4.1070127,0.0,0.0,0.0,0,sms
93.0,19.0,3.9473684,11.0,1.0,0.0,0.2631579,0.12903225,4.7121706,0.0,0.0,0.0,0,sms
31.0,7.0,3.5714285,0.0,0.0,0.0,0.42857143,0.032258064,3.7532697,0.0,0.0,0.0,0,sms
26.0,5.0,4.4,0.0,0.0,0.0,0.4,0.07692308,3.5337713,0.0,0.0,0.0,0,sms
83.0,10.0,7.4,0.0,0.0,0.0,0.3,0.072289154,4.2261,0.0,0.0,0.0,0,sms
76.0,17.0,3.5294118,0.0,0.0,0.0,0.64705884,0.013157895,4.2630706,0.0,0.0,0.0,0,sms
22.0,4.0,4.75,0.0,0.0,0.0,0.25,0.045454547,3.6818807,0.0,0.0,0.0,0,sms
89.0,15.0,5.0,20.0,0.0,0.0,0.26666668,0.011235955,4.6765566,0.0,0.0,1.0,1,sms
42.0,8.0,4.375,0.0,0.0,0.0,0.5,0.023809524,3.9432895,0.0,0.0,0.0,0,sms
120.0,21.0,4.7619047,0.0,0.0,0.0,0.23809524,0.025,4.192586,0.0,0.0,0.0,0,sms
62.0,13.0,3.8461537,0.0,0.0,0.0,0.15384616,0.032258064,4.0304356,0.0,1.0,0.0,0,sms
24.0,5.0,4.0,0.0,0.0,0.0,0.2,0.16666667,3.821928,0.0,0.0,0.0,0,sms
158.0,28.0,4.607143,0.0,0.0,0.0,0.42857143,0.06329114,4.4332824,0.0,0.0,0.0,0,sms
46.0,11.0,3.2727273,0.0,0.0,0.0,0.18181819,0.02173913,3.8373091,0.0,0.0,0.0,0,sms
61.0,12.0,4.1666665,0.0,0.0,0.0,0.083333336,0.04918033,4.03327,0.0,0.0,0.0,0,sms
156.0,29.0,4.413793,0.0,0.0,0.0,0.44827586,0.03846154,4.3187995,0.0,0.0,0.0,0,sms
53.0,10.0,4.4,0.0,0.0,0.0,0.3,0.0754717,3.9905863,0.0,0.0,0.0,0,sms
73.0,14.0,4.285714,0.0,0.0,0.0,0.2857143,0.02739726,4.109686,0.0,0.0,0.0,0,sms
87.0,21.0,3.1904762,0.0,0.0,0.0,0.33333334,0.011494253,4.032435,0.0,0.0,0.0,0,sms
74.0,17.0,3.4117646,0.0,0.0,0.0,0.47058824,0.013513514,3.7141385,0.0,0.0,0.0,0,sms
58.0,13.0,3.5384614,0.0,0.0,0.0,0.46153846,0.0,3.7783298,0.0,0.0,0.0,0,sms
80.0,17.0,3.7058823,0.0,0.0,0.0,0.29411766,0.0375,4.163965,0.0,0.0,0.0,0,sms
32.0,7.0,3.7142856,0.0,0.0,0.0,0.42857143,0.0625,3.9500637,0.0,0.0,0.0,0,sms
147.0,28.0,4.285714,0.0,0.0,0.0,0.4642857,0.027210884,4.2891803,0.0,0.0,0.0,0,sms
51.0,13.0,3.0,0.0,0.0,0.0,0.61538464,0.039215688,3.824025,0.0,0.0,0.0,0,sms
147.0,23.0,5.4347825,27.0,1.0,0.0,0.08695652,0.040816326,5.3373218,0.0,0.0,0.0,1,sms
45.0,9.0,4.111111,0.0,0.0,0.0,0.44444445,0.0,3.8747485,0.0,0.0,0.0,0,sms
29.0,7.0,3.2857144,0.0,0.0,0.0,0.2857143,0.03448276,3.4685767,0.0,0.0,0.0,0,sms
157.0,31.0,4.096774,2.0,0.0,0.0,0.22580644,0.06369427,4.5702806,0.0,0.0,0.0,0,sms
56.0,11.0,4.181818,0.0,0.0,0.0,0.72727275,0.017857144,3.7042015,0.0,0.0,0.0,0,sms
68.0,14.0,3.9285715,0.0,0.0,0.0,0.21428572,0.05882353,4.219298,0.0,0.0,0.0,0,sms
22.0,4.0,4.75,0.0,0.0,0.0,0.5,0.13636364,3.5110855,0.0,0.0,0.0,0,sms
22.0,6.0,2.8333333,1.0,0.0,0.0,0.0,0.13636364,3.9698157,0.0,0.0,0.0,0,sms
84.0,22.0,2.8636363,0.0,0.0,0.0,0.6363636,0.035714287,4.100219,0.0,0.0,0.0,0,sms
43.0,9.0,3.8888888,0.0,0.0,0.0,0.44444445,0.046511628,4.2074356,0.0,0.0,0.0,0,sms
62.0,12.0,4.25,0.0,0.0,0.0,0.33333334,0.0,4.1446576,0.0,0.0,0.0,0,sms
136.0,23.0,4.9565215,15.0,1.0,0.0,0.39130434,0.014705882,5.0673494,0.0,0.0,0.0,1,sms
158.0,25.0,5.36,17.0,0.0,0.0,0.2,0.044303797,4.7330112,0.0,0.0,0.0,1,sms
46.0,10.0,3.7,0.0,0.0,0.0,0.5,0.04347826,4.064466,0.0,0.0,0.0,0,sms
47.0,9.0,4.3333335,0.0,0.0,0.0,0.44444445,0.021276595,3.89144,0.0,0.0,0.0,0,sms
151.0,32.0,3.75,0.0,0.0,0.0,0.5625,0.026490066,4.2478304,0.0,0.0,0.0,0,sms
240.0,48.0,4.0208335,0.0,0.0,0.0,0.5208333,0.020833334,4.453068,0.0,0.0,0.0,0,sms
45.0,7.0,5.571429,0.0,0.0,0.0,0.5714286,0.044444446,3.747603,0.0,0.0,0.0,0,sms
30.0,7.0,3.4285715,0.0,0.0,0.0,0.71428573,0.0,3.6368423,0.0,0.0,0.0,0,sms
114.0,21.0,4.4761906,0.0,0.0,0.0,0.2857143,0.01754386,4.4172497,0.0,0.0,0.0,0,sms
32.0,6.0,4.5,0.0,0.0,0.0,0.33333334,0.03125,3.6898916,0.0,0.0,0.0,0,sms
43.0,11.0,3.0,0.0,0.0,0.0,0.36363637,0.023255814,3.9306097,0.0,0.0,0.0,0,sms
153.0,21.0,6.3333335,36.0,0.0,0.0,0.14285715,0.05882353,5.1100454,0.0,0.0,1.0,1,sms
110.0,23.0,3.826087,0.0,0.0,0.0,0.47826087,0.045454547,4.210709,0.0,0.0,0.0,0,sms
201.0,40.0,4.05,0.0,0.0,0.0,0.525,0.014925373,4.298318,0.0,0.0,0.0,0,sms
151.0,30.0,4.0666666,0.0,0.0,0.0,0.56666666,0.01986755,4.41233,0.0,0.0,0.0,0,sms
86.0,15.0,4.8,0.0,0.0,0.0,0.26666668,0.10465116,4.167995,0.0,0.0,0.0,0,sms
46.0,10.0,3.7,0.0,0.0,0.0,0.4,0.04347826,4.1752734,0.0,0.0,0.0,0,sms
41.0,9.0,3.4444444,0.0,0.0,0.0,0.44444445,0.12195122,3.7843685,0.0,0.0,0.0,0,sms
84.0,15.0,4.6666665,0.0,0.0,0.0,0.2,0.023809524,4.369647,0.0,0.0,0.0,0,sms
29.0,7.0,3.142857,0.0,0.0,0.0,0.42857143,0.10344828,3.4428623,0.0,0.0,0.0,0,sms
98.0,15.0,5.6,1.0,0.0,0.0,0.33333334,0.091836736,4.2566347,0.0,0.0,0.0,0,sms
86.0,17.0,4.117647,0.0,0.0,0.0,0.47058824,0.023255814,4.1589613,0.0,0.0,0.0,0,sms
15.0,3.0,4.3333335,0.0,0.0,0.0,0.0,0.13333334,3.3927474,0.0,0.0,0.0,0,sms
37.0,6.0,5.3333335,0.0,0.0,0.0,0.0,0.10810811,4.0542293,0.0,0.0,0.0,0,sms
69.0,10.0,6.0,0.0,0.0,0.0,0.2,0.04347826,4.5647354,0.0,0.0,0.0,1,sms
42.0,8.0,4.375,0.0,0.0,0.0,0.5,0.0952381,4.036007,0.0,0.0,0.0,0,sms
152.0,29.0,4.275862,22.0,1.0,0.0,0.20689656,0.039473683,4.690563,0.0,0.0,1.0,1,sms
7.0,2.0,3.0,0.0,0.0,0.0,0.0,0.85714287,1.5849625,0.0,0.0,0.0,0,sms
111.0,26.0,3.3076923,0.0,0.0,0.0,0.30769232,0.117117114,4.42076,0.0,0.0,0.0,0,sms
42.0,10.0,3.3,0.0,0.0,0.0,0.6,0.04761905,3.9454648,0.0,0.0,0.0,0,sms
29.0,6.0,4.0,0.0,0.0,0.0,0.6666667,0.03448276,3.5220551,0.0,0.0,0.0,0,sms
68.0,14.0,3.9285715,0.0,0.0,0.0,0.5,0.073529415,4.228922,0.0,0.0,0.0,0,sms
62.0,12.0,4.25,0.0,0.0,0.0,0.41666666,0.016129032,3.924672,0.0,0.0,0.0,0,sms
69.0,12.0,4.8333335,0.0,0.0,0.0,0.33333334,0.014492754,4.093966,0.0,0.0,0.0,0,sms
145.0,23.0,5.347826,0.0,0.0,0.0,0.3478261,0.14482759,4.511808,0.0,0.0,0.0,0,sms
38.0,7.0,4.571429,0.0,0.0,0.0,0.14285715,0.42105263,3.539717,0.0,0.0,0.0,0,sms
46.0,10.0,3.7,0.0,0.0,0.0,0.3,0.04347826,3.9227064,0.0,0.0,0.0,0,sms
153.0,22.0,6.0,28.0,1.0,0.0,0.22727273,0.08496732,5.4046073,0.0,0.0,1.0,1,sms
29.0,6.0,4.0,0.0,0.0,0.0,0.33333334,0.03448276,3.6368423,0.0,0.0,0.0,0,sms
121.0,27.0,3.5185184,2.0,0.0,0.0,0.4814815,0.041322313,4.0536246,0.0,0.0,0.0,0,sms
33.0,6.0,4.6666665,0.0,0.0,0.0,0.16666667,0.060606062,3.682006,0.0,0.0,0.0,0,sms
42.0,6.0,6.1666665,0.0,0.0,0.0,0.16666667,0.11904762,3.8312447,0.0,0.0,0.0,0,sms
89.0,20.0,3.5,0.0,0.0,0.0,0.5,0.02247191,4.307486,0.0,0.0,0.0,0,sms
74.0,14.0,4.357143,0.0,0.0,0.0,0.5,0.027027028,4.08611,0.0,0.0,0.0,0,sms
135.0,20.0,5.8,28.0,0.0,0.0,0.1,0.06666667,5.0940447,0.0,0.0,1.0,1,sms
71.0,14.0,4.142857,0.0,0.0,0.0,0.21428572,0.112676054,4.1159887,0.0,0.0,0.0,0,sms
45.0,8.0,4.75,0.0,0.0,0.0,0.375,0.044444446,3.7775512,0.0,0.0,0.0,0,sms
37.0,7.0,4.428571,0.0,0.0,0.0,0.42857143,0.027027028,3.7198524,0.0,0.0,0.0,0,sms
136.0,25.0,4.44,14.0,1.0,0.0,0.48,0.022058824,5.096042,0.0,0.0,0.0,1,sms
33.0,5.0,5.8,0.0,0.0,0.0,0.2,0.030303031,3.7193758,0.0,0.0,0.0,0,sms
54.0,12.0,3.5833333,0.0,0.0,0.0,0.33333334,0.0,3.9964056,0.0,0.0,0.0,0,sms
69.0,15.0,3.6666667,0.0,0.0,0.0,0.46666667,0.028985508,4.2794805,0.0,0.0,0.0,0,sms
43.0,7.0,5.285714,0.0,0.0,0.0,0.42857143,0.046511628,3.7843437,0.0,0.0,0.0,0,sms
81.0,15.0,4.3333335,0.0,0.0,0.0,0.26666668,0.09876543,4.336466,0.0,0.0,0.0,0,sms
53.0,9.0,5.0,0.0,0.0,0.0,0.44444445,0.056603774,3.9754345,0.0,0.0,0.0,0,sms
76.0,14.0,4.5,0.0,0.0,0.0,0.35714287,0.039473683,4.0263295,0.0,0.0,0.0,0,sms
22.0,5.0,3.6,0.0,0.0,0.0,0.4,0.0,3.6835423,0.0,0.0,0.0,0,sms
27.0,6.0,3.6666667,0.0,0.0,0.0,0.5,0.074074075,3.93626,0.0,0.0,0.0,0,sms
109.0,23.0,3.7826087,0.0,0.0,0.0,0.4347826,0.018348623,4.103347,0.0,0.0,0.0,0,sms
12.0,3.0,3.3333333,0.0,0.0,0.0,0.6666667,0.25,2.8464394,0.0,0.0,0.0,0,sms
44.0,9.0,4.0,0.0,0.0,0.0,0.33333334,0.045454547,3.8054967,0.0,0.0,0.0,0,sms
58.0,13.0,3.3846154,0.0,0.0,0.0,0.46153846,0.03448276,3.907598,0.0,0.0,0.0,0,sms
5.0,1.0,5.0,0.0,0.0,0.0,0.0,0.6,1.3709506,0.0,0.0,0.0,0,sms
121.0,27.0,3.5185184,0.0,0.0,0.0,0.4814815,0.03305785,4.3705616,0.0,0.0,0.0,0,sms
80.0,15.0,4.4,1.0,0.0,0.0,0.4,0.1,4.4758215,0.0,0.0,0.0,0,sms
22.0,4.0,4.75,0.0,0.0,0.0,0.25,0.09090909,3.6818807,0.0,0.0,0.0,0,sms
159.0,23.0,5.9565215,18.0,0.0,1.0,0.13043478,0.050314464,5.1316495,0.0,0.0,0.0,1,sms
95.0,13.0,6.3846154,13.0,0.0,0.0,0.15384616,0.08421053,4.597342,0.0,0.0,0.0,1,sms
58.0,10.0,4.9,0.0,0.0,0.0,0.3,0.10344828,4.06882,0.0,0.0,0.0,0,sms
40.0,9.0,3.5555556,0.0,0.0,0.0,0.44444445,0.025,3.7334585,0.0,0.0,0.0,0,sms
299.0,60.0,4.0,0.0,0.0,0.0,0.53333336,0.09364548,4.5792975,0.0,0.0,0.0,0,sms
39.0,6.0,5.6666665,0.0,0.0,0.0,0.16666667,0.025641026,4.1973257,0.0,0.0,0.0,0,sms
92.0,16.0,4.8125,0.0,0.0,0.0,0.3125,0.08695652,4.3194056,0.0,0.0,0.0,0,sms
158.0,25.0,5.32,9.0,0.0,0.0,0.0,0.101265825,4.4776564,0.0,0.0,0.0,0,sms
82.0,17.0,3.8823528,0.0,0.0,0.0,0.29411766,0.048780486,4.263742,0.0,0.0,0.0,0,sms
35.0,7.0,4.142857,0.0,0.0,0.0,0.42857143,0.057142857,4.047299,0.0,0.0,0.0,0,sms
66.0,15.0,3.4666667,4.0,0.0,0.0,0.4,0.060606062,4.4979525,0.0,0.0,0.0,0,sms
27.0,5.0,4.4,0.0,0.0,0.0,0.2,0.11111111,3.9705732,0.0,0.0,0.0,0,sms
32.0,6.0,4.5,0.0,0.0,0.0,0.33333334,0.0,3.6898916,0.0,0.0,0.0,0,sms
85.0,18.0,3.7777777,0.0,0.0,0.0,0.2777778,0.03529412,4.223605,0.0,0.0,0.0,0,sms
137.0,21.0,5.571429,13.0,0.0,0.0,0.33333334,0.09489051,5.2250605,0.0,0.0,1.0,1,sms
126.0,19.0,5.6842103,0.0,0.0,0.0,0.5263158,0.055555556,4.1828427,0.0,0.0,0.0,0,sms
147.0,31.0,3.7741935,15.0,0.0,0.0,0.19354838,0.040816326,5.034674,0.0,0.0,1.0,1,sms
75.0,15.0,4.0666666,0.0,0.0,0.0,0.33333334,0.026666667,4.17008,0.0,0.0,0.0,0,sms
92.0,19.0,3.8947368,0.0,0.0,0.0,0.5263158,0.010869565,3.8686545,0.0,0.0,0.0,0,sms
27.0,6.0,3.6666667,0.0,0.0,0.0,0.6666667,0.037037037,3.879664,0.0,0.0,0.0,0,sms
35.0,9.0,3.0,2.0,0.0,0.0,0.33333334,0.028571429,3.7821221,0.0,0.0,0.0,0,sms
145.0,27.0,4.4074073,0.0,0.0,0.0,0.25925925,0.096551724,4.948625,0.0,0.0,0.0,0,sms
113.0,20.0,4.7,0.0,0.0,0.0,0.45,0.0088495575,3.888975,0.0,0.0,0.0,0,sms
31.0,7.0,3.5714285,0.0,0.0,0.0,0.0,0.032258064,3.669275,0.0,0.0,0.0,0,sms
22.0,5.0,3.6,1.0,0.0,0.0,0.8,0.0,3.6143694,0.0,0.0,0.0,0,sms
150.0,25.0,5.04,21.0,1.0,0.0,0.36,0.013333334,4.7355275,0.0,0.0,1.0,1,sms
166.0,36.0,3.6388888,0.0,0.0,0.0,0.5,0.030120483,4.272926,0.0,0.0,0.0,0,sms
276.0,61.0,3.5409837,0.0,0.0,0.0,0.5081967,0.06884058,4.561798,0.0,0.0,0.0,0,sms
171.0,36.0,3.7777777,0.0,0.0,0.0,0.3611111,0.058479533,4.3368926,0.0,0.0,0.0,0,sms
76.0,16.0,3.8125,0.0,0.0,0.0,0.5,0.02631579,3.9807093,0.0,0.0,0.0,0,sms
158.0,29.0,4.4827585,1.0,0.0,0.0,0.41379312,0.03164557,4.2873077,0.0,0.0,0.0,0,sms
22.0,5.0,3.6,0.0,0.0,0.0,0.4,0.0,3.1496735,0.0,0.0,0.0,0,sms
24.0,5.0,4.0,0.0,0.0,0.0,0.6,0.0,3.821928,0.0,0.0,0.0,0,sms
132.0,21.0,5.3333335,14.0,0.0,0.0,0.1904762,0.022727273,4.455737,0.0,0.0,0.0,1,sms
44.0,8.0,4.625,1.0,0.0,0.0,0.375,0.06818182,4.046763,0.0,0.0,0.0,0,sms
51.0,11.0,3.7272727,0.0,0.0,0.0,0.27272728,0.019607844,4.092325,0.0,0.0,0.0,0,sms
44.0,8.0,4.625,0.0,0.0,0.0,0.375,0.045454547,3.7125864,0.0,0.0,0.0,0,sms
47.0,10.0,3.8,0.0,0.0,0.0,0.5,0.021276595,3.7539566,0.0,0.0,0.0,0,sms
146.0,25.0,4.88,18.0,1.0,0.0,0.24,0.04109589,5.1699996,0.0,0.0,1.0,1,sms
44.0,12.0,2.75,2.0,0.0,0.0,0.0,0.045454547,4.135303,0.0,0.0,0.0,0,sms
134.0,25.0,4.4,16.0,0.0,0.0,0.2,0.02238806,5.1870484,0.0,0.0,1.0,1,sms
36.0,6.0,5.1666665,1.0,0.0,0.0,0.16666667,0.16666667,4.1556516,0.0,0.0,0.0,0,sms
415.0,88.0,3.7272727,0.0,0.0,0.0,0.54545456,0.06746988,4.485934,0.0,0.0,0.0,0,sms
181.0,30.0,5.0666666,11.0,0.0,0.0,0.06666667,0.0718232,5.031926,0.0,0.0,1.0,1,sms
32.0,6.0,4.5,0.0,0.0,0.0,0.33333334,0.0,3.708048,0.0,0.0,0.0,0,sms
22.0,3.0,6.6666665,0.0,0.0,0.0,0.33333334,0.045454547,3.6841838,0.0,0.0,0.0,0,sms
40.0,8.0,4.125,0.0,0.0,0.0,0.5,0.1,4.066677,0.0,0.0,0.0,0,sms
24.0,6.0,3.1666667,0.0,0.0,0.0,0.5,0.041666668,3.3918927,0.0,0.0,0.0,0,sms
160.0,28.0,4.75,3.0,0.0,0.0,0.2857143,0.01875,4.1794195,0.0,0.0,0.0,0,sms
80.0,17.0,3.764706,0.0,0.0,0.0,0.5294118,0.0,3.9195087,0.0,0.0,0.0,0,sms
27.0,7.0,3.0,0.0,0.0,0.0,0.71428573,0.037037037,3.784942,0.0,0.0,0.0,0,sms
155.0,32.0,3.875,7.0,0.0,0.0,0.28125,0.025806451,4.578746,0.0,0.0,0.0,1,sms
237.0,40.0,4.95,0.0,0.0,0.0,0.475,0.06329114,4.330256,0.0,0.0,0.0,0,sms
134.0,25.0,4.36,0.0,0.0,0.0,0.44,0.03731343,4.27007,0.0,0.0,0.0,0,sms
33.0,7.0,3.857143,0.0,0.0,0.0,0.2857143,0.030303031,4.014147,0.0,0.0,0.0,0,sms
153.0,30.0,4.133333,19.0,0.0,0.0,0.33333334,0.045751635,4.846525,0.0,0.0,0.0,1,sms
80.0,18.0,3.5,0.0,0.0,0.0,0.5555556,0.0,3.986138,0.0,0.0,0.0,0,sms
45.0,9.0,4.111111,0.0,0.0,0.0,0.5555556,0.06666667,4.3241863,0.0,0.0,0.0,0,sms
48.0,8.0,5.125,0.0,0.0,0.0,0.25,0.041666668,4.031588,0.0,0.0,0.0,0,sms
148.0,33.0,3.5151515,0.0,0.0,0.0,0.33333334,0.074324325,4.48651,0.0,0.0,0.0,0,sms
156.0,32.0,3.90625,0.0,0.0,0.0,0.53125,0.03846154,4.395702,0.0,0.0,0.0,0,sms
38.0,7.0,4.428571,0.0,0.0,0.0,0.14285715,0.15789473,3.369699,0.0,0.0,0.0,0,sms
49.0,10.0,3.8,1.0,0.0,0.0,0.4,0.06122449,3.9251733,0.0,0.0,0.0,0,sms
38.0,9.0,3.3333333,0.0,0.0,0.0,0.33333334,0.10526316,3.8565648,0.0,0.0,0.0,0,sms
48.0,9.0,4.4444447,0.0,0.0,0.0,0.33333334,0.041666668,4.134184,0.0,0.0,0.0,0,sms
22.0,5.0,3.6,0.0,0.0,0.0,0.4,0.13636364,3.6835423,0.0,0.0,0.0,0,sms
98.0,18.0,4.5,0.0,0.0,0.0,0.6111111,0.010204081,4.051313,0.0,0.0,0.0,0,sms
159.0,32.0,4.0,8.0,0.0,0.0,0.3125,0.062893085,5.0440335,0.0,0.0,1.0,1,sms
124.0,24.0,4.2083335,0.0,0.0,0.0,0.41666666,0.024193548,4.501809,0.0,0.0,0.0,1,sms
149.0,36.0,3.1666667,0.0,0.0,0.0,0.5,0.06711409,4.371176,0.0,0.0,0.0,0,sms
37.0,5.0,6.2,1.0,0.0,0.0,0.2,0.16216215,4.103728,0.0,0.0,0.0,0,sms
22.0,5.0,3.6,0.0,0.0,0.0,0.4,0.045454547,3.3921473,0.0,0.0,0.0,0,sms
33.0,7.0,3.857143,0.0,0.0,0.0,0.42857143,0.060606062,3.7821221,0.0,0.0,0.0,0,sms
83.0,18.0,3.6666667,0.0,0.0,0.0,0.3888889,0.04819277,4.219854,0.0,0.0,0.0,0,sms
24.0,2.0,11.5,0.0,0.0,0.0,0.0,0.29166666,3.670969,0.0,0.0,0.0,0,sms
38.0,9.0,3.3333333,0.0,0.0,0.0,0.5555556,0.0,3.7647352,0.0,0.0,0.0,0,sms
129.0,26.0,4.0,0.0,0.0,0.0,0.42307693,0.007751938,4.2474174,0.0,0.0,0.0,0,sms
85.0,18.0,3.7222223,1.0,0.0,0.0,0.44444445,0.08235294,4.4013476,0.0,0.0,0.0,0,sms
46.0,12.0,2.9166667,1.0,0.0,0.0,0.33333334,0.08695652,4.229004,0.0,0.0,0.0,0,sms
87.0,17.0,4.1764708,0.0,0.0,0.0,0.5294118,0.022988506,4.319489,0.0,0.0,0.0,0,sms
106.0,21.0,4.095238,1.0,0.0,0.0,0.2857143,0.11320755,4.355296,0.0,0.0,0.0,0,sms
95.0,14.0,5.857143,0.0,0.0,0.0,0.2857143,0.042105265,4.17253,0.0,0.0,0.0,0,sms
86.0,17.0,4.117647,0.0,0.0,0.0,0.5294118,0.034883723,4.0647187,0.0,0.0,0.0,0,sms
107.0,22.0,3.909091,0.0,0.0,0.0,0.5,0.018691588,4.3322263,0.0,0.0,0.0,0,sms
40.0,8.0,4.125,0.0,0.0,0.0,0.5,0.025,3.9424388,0.0,0.0,0.0,0,sms
120.0,20.0,5.05,19.0,1.0,0.0,0.25,0.025,4.9851937,0.0,0.0,1.0,1,sms
137.0,29.0,3.7586207,0.0,0.0,0.0,0.5862069,0.03649635,4.3575573,0.0,0.0,0.0,1,sms
33.0,9.0,2.7777777,0.0,0.0,0.0,0.6666667,0.0,3.863465,0.0,0.0,0.0,0,sms
146.0,32.0,3.59375,0.0,0.0,0.0,0.5,0.006849315,4.2060547,0.0,0.0,0.0,0,sms
136.0,30.0,3.5666666,3.0,0.0,0.0,0.36666667,0.014705882,4.2265816,0.0,0.0,0.0,0,sms
140.0,24.0,4.875,4.0,0.0,0.0,0.41666666,0.021428572,4.5721984,0.0,0.0,0.0,1,sms
100.0,20.0,4.05,1.0,0.0,0.0,0.3,0.03,4.3895874,0.0,0.0,0.0,0,sms
64.0,15.0,3.3333333,1.0,0.0,0.0,0.26666668,0.0625,4.218172,0.0,0.0,0.0,0,sms
73.0,17.0,3.3529413,0.0,0.0,0.0,0.5882353,0.02739726,4.3486204,0.0,0.0,0.0,0,sms
146.0,30.0,3.9,0.0,0.0,0.0,0.33333334,0.05479452,4.379056,0.0,0.0,0.0,0,sms
39.0,7.0,4.714286,0.0,0.0,0.0,0.42857143,0.102564104,4.309101,0.0,0.0,0.0,0,sms
32.0,7.0,3.7142856,0.0,0.0,0.0,0.5714286,0.0625,3.7671835,0.0,0.0,0.0,0,sms
65.0,15.0,3.4,2.0,0.0,0.0,0.53333336,0.06153846,4.3395987,0.0,0.0,0.0,0,sms
41.0,8.0,4.0,0.0,0.0,0.0,0.375,0.19512194,4.35141,0.0,0.0,0.0,0,sms
152.0,36.0,3.25,0.0,0.0,0.0,0.44444445,0.02631579,4.4577575,0.0,0.0,0.0,0,sms
9.0,2.0,4.0,0.0,0.0,0.0,0.0,0.33333334,2.4056392,0.0,0.0,0.0,0,sms
34.0,7.0,4.0,0.0,0.0,0.0,0.42857143,0.0882353,3.5566566,0.0,0.0,0.0,0,sms
153.0,24.0,5.4166665,5.0,0.0,0.0,0.29166666,0.05882353,4.6314898,0.0,0.0,0.0,1,sms
66.0,15.0,3.4666667,0.0,0.0,0.0,0.6666667,0.030303031,3.993307,0.0,0.0,0.0,0,sms
160.0,28.0,4.75,21.0,1.0,0.0,0.35714287,0.03125,5.092856,0.0,0.0,1.0,1,sms
137.0,24.0,4.75,12.0,1.0,0.0,0.375,0.02919708,5.008238,0.0,0.0,1.0,1,sms
133.0,25.0,4.36,0.0,0.0,0.0,0.64,0.10526316,4.0823393,0.0,0.0,0.0,0,sms
125.0,30.0,3.2,1.0,0.0,0.0,0.56666666,0.024,4.1584845,0.0,0.0,0.0,0,sms
132.0,25.0,4.32,0.0,0.0,0.0,0.48,0.03787879,4.225838,0.0,0.0,0.0,0,sms
44.0,9.0,4.0,0.0,0.0,0.0,0.44444445,0.09090909,3.8292398,0.0,0.0,0.0,0,sms
42.0,9.0,3.7777777,0.0,0.0,0.0,0.44444445,0.0952381,4.06602,0.0,0.0,0.0,0,sms
142.0,26.0,4.5,0.0,0.0,0.0,0.42307693,0.03521127,4.5383444,0.0,0.0,0.0,0,sms
62.0,14.0,3.5,1.0,0.0,0.0,0.14285715,0.08064516,4.295747,0.0,0.0,0.0,0,sms
54.0,11.0,4.0,0.0,0.0,0.0,0.09090909,0.074074075,4.12695,0.0,0.0,0.0,0,sms
54.0,10.0,4.5,0.0,0.0,0.0,0.3,0.074074075,4.2035384,0.0,0.0,0.0,0,sms
56.0,11.0,4.181818,1.0,0.0,0.0,0.36363637,0.10714286,4.838567,0.0,0.0,0.0,0,sms
90.0,22.0,3.1363637,2.0,0.0,0.0,0.3181818,0.044444446,4.287863,0.0,0.0,0.0,0,sms
111.0,22.0,4.090909,0.0,0.0,0.0,0.4090909,0.045045044,4.3775544,0.0,0.0,0.0,0,sms
22.0,5.0,3.6,0.0,0.0,0.0,0.6,0.045454547,3.5724313,0.0,0.0,0.0,0,sms
22.0,5.0,3.6,0.0,0.0,0.0,0.4,0.045454547,3.5032582,0.0,0.0,0.0,0,sms
57.0,10.0,4.7,0.0,0.0,0.0,0.3,0.14035088,4.410452,0.0,0.0,0.0,0,sms
24.0,4.0,5.25,0.0,0.0,0.0,0.25,0.041666668,3.784942,0.0,0.0,0.0,0,sms
138.0,22.0,5.318182,13.0,0.0,0.0,0.3181818,0.08695652,5.1684127,0.0,0.0,1.0,1,sms
38.0,7.0,4.571429,1.0,0.0,0.0,0.14285715,0.05263158,3.7775183,0.0,0.0,0.0,0,sms
32.0,8.0,3.125,1.0,0.0,0.0,0.25,0.125,3.863465,0.0,0.0,0.0,0,sms
70.0,15.0,3.7333333,0.0,0.0,0.0,0.6,0.071428575,4.1372514,0.0,0.0,0.0,0,sms
25.0,2.0,12.0,0.0,0.0,0.0,0.5,0.48,3.3553886,0.0,0.0,0.0,0,sms
96.0,19.0,4.105263,0.0,0.0,0.0,0.5263158,0.041666668,4.614519,0.0,0.0,0.0,0,sms
177.0,31.0,4.7419353,21.0,1.0,0.0,0.22580644,0.011299435,4.7481623,0.0,0.0,1.0,1,sms
97.0,19.0,4.1578946,4.0,0.0,0.0,0.2631579,0.082474224,4.5118203,0.0,0.0,0.0,0,sms
27.0,5.0,4.6,0.0,0.0,0.0,0.2,0.14814815,3.7294462,0.0,0.0,0.0,0,sms
9.0,2.0,4.0,0.0,0.0,0.0,0.0,0.11111111,2.75,0.0,0.0,0.0,0,sms
42.0,10.0,3.3,0.0,0.0,0.0,0.6,0.023809524,3.8391082,0.0,0.0,0.0,0,sms
61.0,13.0,3.7692308,0.0,0.0,0.0,0.53846157,0.016393442,4.123004,0.0,0.0,0.0,0,sms
51.0,10.0,4.2,0.0,0.0,0.0,0.4,0.019607844,3.9274178,0.0,0.0,0.0,0,sms
28.0,4.0,6.25,0.0,0.0,0.0,0.25,0.14285715,3.429275,0.0,0.0,0.0,0,sms
22.0,5.0,3.6,0.0,0.0,0.0,0.6,0.09090909,3.8365917,0.0,0.0,0.0,0,sms
26.0,5.0,4.4,0.0,0.0,0.0,0.0,0.115384616,3.9139771,0.0,0.0,0.0,0,sms
78.0,14.0,4.642857,0.0,0.0,0.0,0.42857143,0.025641026,4.0604324,0.0,0.0,0.0,0,sms
51.0,9.0,4.7777777,0.0,0.0,0.0,0.33333334,0.039215688,4.222208,0.0,0.0,0.0,0,sms
42.0,8.0,4.375,0.0,0.0,0.0,0.375,0.023809524,3.968449,0.0,0.0,0.0,0,sms
169.0,26.0,5.5,23.0,1.0,0.0,0.115384616,0.02366864,5.073807,0.0,0.0,1.0,1,sms
247.0,47.0,4.212766,0.0,0.0,0.0,0.44680852,0.06882591,4.4086266,0.0,0.0,0.0,0,sms
81.0,18.0,3.5,0.0,0.0,0.0,0.3888889,0.024691358,4.2407703,0.0,0.0,0.0,0,sms
15.0,4.0,3.0,0.0,0.0,0.0,0.25,0.0,2.8553886,0.0,0.0,0.0,0,sms
28.0,7.0,3.142857,0.0,0.0,0.0,0.2857143,0.071428575,3.64125,0.0,0.0,0.0,0,sms
28.0,6.0,3.8333333,0.0,0.0,0.0,0.0,0.0,3.4685767,0.0,0.0,0.0,0,sms
78.0,10.0,6.9,0.0,0.0,0.0,0.2,0.06410257,4.3310976,0.0,0.0,0.0,0,sms
60.0,10.0,5.1,0.0,0.0,0.0,0.4,0.13333334,4.0450974,0.0,0.0,0.0,0,sms
156.0,26.0,5.0384617,24.0,1.0,0.0,0.3846154,0.012820513,4.7150993,0.0,0.0,1.0,1,sms
59.0,13.0,3.6153846,0.0,0.0,0.0,0.23076923,0.016949153,4.18993,0.0,0.0,0.0,0,sms
59.0,12.0,4.0,0.0,0.0,0.0,0.5,0.033898305,4.4468546,0.0,0.0,0.0,0,sms
146.0,31.0,3.7419355,0.0,0.0,0.0,0.4516129,0.10273973,4.354818,0.0,0.0,0.0,0,sms
73.0,18.0,3.1111112,1.0,0.0,0.0,0.5,0.0,4.0519304,0.0,0.0,0.0,0,sms
47.0,9.0,4.2222223,1.0,0.0,0.0,0.22222222,0.08510638,3.955991,0.0,0.0,0.0,0,sms
154.0,22.0,6.0454545,20.0,0.0,0.0,0.3181818,0.051948052,5.2380443,0.0,0.0,1.0,1,sms
152.0,38.0,3.0263157,0.0,0.0,0.0,0.6315789,0.05263158,4.2342234,0.0,0.0,0.0,0,sms
31.0,6.0,4.3333335,0.0,0.0,0.0,0.5,0.06451613,3.9210296,0.0,0.0,0.0,0,sms
66.0,13.0,4.1538463,0.0,0.0,0.0,0.46153846,0.060606062,4.0301576,0.0,0.0,0.0,0,sms
19.0,4.0,4.0,0.0,0.0,0.0,0.0,0.15789473,3.5778196,0.0,0.0,0.0,0,sms
57.0,13.0,3.4615386,0.0,0.0,0.0,0.30769232,0.01754386,3.8470528,0.0,0.0,0.0,0,sms
100.0,19.0,4.3157897,0.0,0.0,0.0,0.47368422,0.01,4.062817,0.0,0.0,0.0,0,sms
22.0,4.0,4.75,0.0,0.0,0.0,0.5,0.045454547,3.4316235,0.0,0.0,0.0,0,sms
44.0,12.0,2.75,1.0,0.0,0.0,0.5833333,0.0,3.8013775,0.0,0.0,0.0,0,sms
146.0,22.0,5.681818,28.0,0.0,0.0,0.22727273,0.061643835,5.1594825,0.0,0.0,1.0,1,sms
133.0,17.0,6.882353,27.0,0.0,0.0,0.11764706,0.067669176,5.1204305,0.0,0.0,1.0,1,sms
67.0,13.0,4.230769,0.0,0.0,0.0,0.61538464,0.014925373,3.778542,0.0,0.0,0.0,0,sms
126.0,21.0,5.047619,24.0,0.0,0.0,0.33333334,0.04761905,4.7352676,0.0,0.0,0.0,1,sms
84.0,16.0,4.3125,0.0,0.0,0.0,0.5,0.023809524,4.3035197,0.0,0.0,0.0,0,sms
48.0,9.0,4.4444447,0.0,0.0,0.0,0.5555556,0.083333336,3.9561982,0.0,0.0,0.0,0,sms
43.0,9.0,3.8888888,0.0,0.0,0.0,0.22222222,0.093023255,4.0004325,0.0,0.0,0.0,0,sms
69.0,14.0,4.0,0.0,0.0,0.0,0.42857143,0.04347826,4.0009527,0.0,0.0,0.0,0,sms
27.0,6.0,3.6666667,0.0,0.0,0.0,0.5,0.0,3.5337713,0.0,0.0,0.0,0,sms
72.0,16.0,3.5625,0.0,0.0,0.0,0.5,0.027777778,3.911838,0.0,0.0,0.0,0,sms
149.0,27.0,4.5555553,3.0,0.0,0.0,0.4814815,0.046979867,4.7436404,0.0,0.0,0.0,1,sms
28.0,6.0,3.8333333,0.0,0.0,0.0,0.5,0.10714286,3.9148662,0.0,0.0,0.0,0,sms
133.0,28.0,3.7857144,0.0,0.0,0.0,0.6785714,0.02255639,4.229337,0.0,0.0,0.0,0,sms
98.0,21.0,3.7142856,0.0,0.0,0.0,0.52380955,0.010204081,4.13196,0.0,0.0,0.0,0,sms
135.0,22.0,5.181818,15.0,0.0,0.0,0.3181818,0.08888889,5.1957374,0.0,0.0,1.0,1,sms
70.0,14.0,4.071429,0.0,0.0,0.0,0.42857143,0.042857144,4.236509,0.0,0.0,0.0,0,sms
109.0,19.0,4.7894735,18.0,0.0,0.0,0.15789473,0.06422018,4.765646,0.0,0.0,1.0,1,sms
41.0,9.0,3.6666667,1.0,0.0,0.0,0.22222222,0.024390243,3.9683404,0.0,0.0,0.0,0,sms
111.0,27.0,3.148148,2.0,0.0,0.0,0.25925925,0.054054055,4.35576,0.0,0.0,0.0,0,sms
97.0,18.0,4.4444447,0.0,0.0,0.0,0.2777778,0.010309278,4.268254,0.0,0.0,0.0,0,sms
89.0,18.0,4.0,1.0,0.0,0.0,0.16666667,0.056179777,4.277497,0.0,0.0,0.0,0,sms
31.0,5.0,5.4,0.0,0.0,0.0,0.4,0.06451613,3.986188,0.0,0.0,0.0,0,sms
89.0,19.0,3.7368422,1.0,0.0,0.0,0.42105263,0.02247191,4.29731,0.0,0.0,0.0,0,sms
143.0,28.0,4.142857,0.0,0.0,0.0,0.4642857,0.04195804,4.4941244,0.0,0.0,0.0,0,sms
43.0,9.0,3.8888888,0.0,0.0,0.0,0.5555556,0.0,3.8820977,0.0,0.0,0.0,0,sms
46.0,9.0,4.2222223,0.0,0.0,0.0,0.33333334,0.08695652,4.2081966,0.0,0.0,0.0,0,sms
111.0,23.0,3.8695652,0.0,0.0,0.0,0.3478261,0.13513513,4.407157,0.0,0.0,0.0,0,sms
27.0,6.0,3.6666667,0.0,0.0,0.0,0.5,0.11111111,3.5160277,0.0,0.0,0.0,0,sms
159.0,24.0,5.6666665,17.0,0.0,0.0,0.20833333,0.03773585,4.8241963,0.0,0.0,0.0,1,sms
175.0,34.0,4.1764708,0.0,0.0,0.0,0.47058824,0.034285713,4.494041,0.0,0.0,0.0,0,sms
42.0,8.0,4.375,0.0,0.0,0.0,0.125,0.023809524,4.0331535,0.0,0.0,0.0,0,sms
138.0,27.0,4.148148,4.0,0.0,0.0,0.2962963,0.10144927,4.3211117,0.0,0.0,1.0,0,sms
50.0,10.0,4.1,0.0,0.0,0.0,0.2,0.1,3.9051404,0.0,0.0,0.0,0,sms
145.0,24.0,5.0833335,24.0,0.0,0.0,0.16666667,0.013793103,4.882291,0.0,0.0,0.0,1,sms
30.0,7.0,3.4285715,0.0,0.0,0.0,0.5714286,0.0,3.751629,0.0,0.0,0.0,0,sms
49.0,10.0,3.9,0.0,0.0,0.0,0.5,0.08163265,4.057856,0.0,0.0,0.0,0,sms
91.0,19.0,3.8421052,1.0,0.0,0.0,0.2631579,0.054945055,4.434277,0.0,0.0,0.0,0,sms
36.0,10.0,2.7,2.0,0.0,0.0,0.1,0.083333336,4.0043445,0.0,0.0,0.0,0,sms
30.0,6.0,4.1666665,0.0,0.0,0.0,0.16666667,0.2,3.5132697,0.0,0.0,0.0,0,sms
63.0,10.0,5.1,0.0,0.0,0.0,0.3,0.20634921,4.1915274,0.0,0.0,0.0,0,sms
119.0,22.0,4.4545455,0.0,0.0,0.0,0.36363637,0.033613447,4.276842,0.0,0.0,0.0,0,sms
132.0,19.0,5.9473686,19.0,1.0,0.0,0.21052632,0.022727273,4.9236307,0.0,0.0,1.0,1,sms
26.0,7.0,2.857143,0.0,0.0,0.0,0.5714286,0.0,3.4219282,0.0,0.0,0.0,0,sms
82.0,14.0,4.928571,0.0,0.0,0.0,0.2857143,0.13414635,4.452657,0.0,0.0,0.0,0,sms
160.0,31.0,4.193548,19.0,0.0,0.0,0.19354838,0.03125,4.7968106,0.0,0.0,1.0,1,sms
23.0,4.0,5.0,0.0,0.0,0.0,0.5,0.04347826,3.4464393,0.0,0.0,0.0,0,sms
137.0,20.0,5.9,26.0,1.0,0.0,0.1,0.04379562,5.200848,0.0,0.0,1.0,1,sms
53.0,6.0,8.0,1.0,0.0,0.0,0.0,0.18867925,3.8879185,0.0,0.0,0.0,0,sms
66.0,13.0,4.076923,0.0,0.0,0.0,0.30769232,0.10606061,4.282087,0.0,0.0,0.0,0,sms
132.0,25.0,4.32,19.0,1.0,0.0,0.44,0.015151516,4.674756,0.0,0.0,1.0,1,sms
62.0,11.0,4.7272725,0.0,0.0,0.0,0.36363637,0.09677419,4.077737,0.0,0.0,0.0,0,sms
74.0,17.0,3.4117646,0.0,0.0,0.0,0.29411766,0.08108108,4.1899624,0.0,0.0,0.0,0,sms
158.0,28.0,4.678571,21.0,0.0,0.0,0.25,0.025316456,4.6668067,0.0,0.0,0.0,1,sms
93.0,20.0,3.7,1.0,0.0,0.0,0.5,0.032258064,4.122136,0.0,0.0,0.0,0,sms
29.0,6.0,4.0,0.0,0.0,0.0,0.16666667,0.03448276,3.751629,0.0,0.0,0.0,0,sms
43.0,10.0,3.4,0.0,0.0,0.0,0.5,0.046511628,3.9590943,0.0,0.0,0.0,0,sms
119.0,13.0,8.230769,1.0,0.0,0.0,0.07692308,0.042016808,4.534894,0.0,0.0,0.0,0,sms
256.0,44.0,4.840909,0.0,0.0,0.0,0.20454545,0.07421875,4.5091653,0.0,0.0,0.0,0,sms
51.0,12.0,3.3333333,1.0,0.0,0.0,0.33333334,0.09803922,4.143943,0.0,0.0,0.0,0,sms
21.0,3.0,6.3333335,0.0,0.0,0.0,0.0,0.14285715,3.4316235,0.0,0.0,0.0,0,sms
51.0,10.0,4.2,0.0,0.0,0.0,0.4,0.039215688,4.0173507,0.0,0.0,0.0,0,sms
85.0,19.0,3.5263157,0.0,0.0,0.0,0.47368422,0.047058824,4.1747575,0.0,0.0,0.0,0,sms
94.0,17.0,4.5882354,0.0,0.0,0.0,0.3529412,0.04255319,4.156078,0.0,0.0,0.0,0,sms
22.0,5.0,3.6,0.0,0.0,0.0,0.4,0.045454547,3.5724313,0.0,0.0,0.0,0,sms
31.0,7.0,3.5714285,0.0,0.0,0.0,0.5714286,0.032258064,3.8332696,0.0,0.0,0.0,0,sms
24.0,4.0,5.25,0.0,0.0,0.0,0.0,0.083333336,3.88018,0.0,0.0,0.0,0,sms
46.0,9.0,4.2222223,0.0,0.0,0.0,0.44444445,0.02173913,4.0605745,0.0,0.0,0.0,0,sms
65.0,13.0,4.076923,1.0,0.0,0.0,0.23076923,0.10769231,4.246235,0.0,0.0,0.0,0,sms
32.0,6.0,4.5,0.0,0.0,0.0,0.5,0.0625,3.7919245,0.0,0.0,0.0,0,sms
120.0,16.0,6.5625,0.0,0.0,0.0,0.25,0.05,4.456582,0.0,0.0,0.0,0,sms
36.0,5.0,6.4,0.0,0.0,0.0,0.0,0.083333336,3.9917293,0.0,0.0,0.0,0,sms
71.0,13.0,4.3846154,0.0,0.0,0.0,0.3846154,0.09859155,4.255867,0.0,0.0,0.0,0,sms
70.0,15.0,3.7333333,0.0,0.0,0.0,0.53333336,0.0,3.9674833,0.0,0.0,0.0,0,sms
149.0,27.0,4.5555553,2.0,0.0,0.0,0.2962963,0.040268455,4.7017703,0.0,0.0,0.0,1,sms
166.0,33.0,4.060606,0.0,0.0,0.0,0.3939394,0.036144577,4.3193026,0.0,0.0,0.0,0,sms
32.0,6.0,4.5,0.0,0.0,0.0,0.5,0.0625,3.9302704,0.0,0.0,0.0,0,sms
41.0,9.0,3.5555556,0.0,0.0,0.0,0.33333334,0.048780486,3.8514097,0.0,0.0,0.0,0,sms
153.0,23.0,5.695652,0.0,0.0,0.0,0.4347826,0.019607844,4.1638594,0.0,0.0,0.0,1,sms
98.0,18.0,4.5,0.0,0.0,0.0,0.5555556,0.010204081,4.405812,0.0,0.0,0.0,0,sms
450.0,96.0,3.6979167,4.0,0.0,0.0,0.28125,0.055555556,4.7414026,0.0,0.0,0.0,0,sms
150.0,27.0,4.5555553,0.0,0.0,0.0,0.33333334,0.11333334,4.486334,0.0,0.0,0.0,0,sms
47.0,9.0,4.3333335,0.0,0.0,0.0,0.33333334,0.021276595,4.02593,0.0,0.0,0.0,0,sms
57.0,15.0,2.8666666,2.0,0.0,0.0,0.26666668,0.0,3.9317377,0.0,0.0,0.0,0,sms
154.0,27.0,4.740741,0.0,0.0,0.0,0.4074074,0.051948052,4.685414,0.0,0.0,0.0,0,sms
33.0,5.0,5.8,0.0,0.0,0.0,0.2,0.030303031,3.9783335,0.0,0.0,0.0,0,sms
47.0,8.0,5.0,12.0,0.0,0.0,0.25,0.021276595,4.2464395,0.0,0.0,0.0,1,sms
27.0,4.0,6.0,0.0,0.0,0.0,0.25,0.14814815,3.5220551,0.0,0.0,0.0,0,sms
159.0,27.0,4.888889,13.0,0.0,0.0,0.37037036,0.025157232,4.689341,0.0,0.0,0.0,1,sms
91.0,18.0,4.111111,2.0,0.0,0.0,0.16666667,0.021978023,4.134403,0.0,0.0,0.0,0,sms
39.0,9.0,3.4444444,0.0,0.0,0.0,0.44444445,0.07692308,4.1714654,0.0,0.0,0.0,0,sms
156.0,28.0,4.607143,6.0,0.0,0.0,0.10714286,0.051282052,4.407813,0.0,0.0,0.0,1,sms
53.0,8.0,5.625,0.0,0.0,0.0,0.375,0.03773585,4.125543,0.0,0.0,0.0,0,sms
88.0,10.0,7.9,0.0,0.0,0.0,0.1,0.125,3.8827815,0.0,0.0,0.0,0,sms
28.0,5.0,4.8,0.0,0.0,0.0,0.6,0.035714287,3.5535088,0.0,0.0,0.0,0,sms
43.0,10.0,3.4,0.0,0.0,0.0,0.5,0.023255814,3.939829,0.0,0.0,0.0,0,sms
44.0,7.0,5.428571,7.0,0.0,0.0,0.2857143,0.022727273,4.4713545,0.0,0.0,1.0,1,sms
32.0,7.0,3.5714285,0.0,0.0,0.0,0.42857143,0.21875,4.133661,0.0,0.0,0.0,0,sms
73.0,13.0,4.6923075,1.0,0.0,0.0,0.23076923,0.09589041,4.2544284,0.0,0.0,0.0,0,sms
30.0,6.0,4.1666665,0.0,0.0,0.0,0.16666667,0.033333335,3.7034652,0.0,0.0,0.0,0,sms
154.0,32.0,3.84375,0.0,0.0,0.0,0.625,0.025974026,4.2208962,0.0,0.0,0.0,0,sms
107.0,22.0,3.909091,1.0,0.0,0.0,0.22727273,0.12149533,4.167151,0.0,0.0,0.0,0,sms
101.0,19.0,4.368421,0.0,0.0,0.0,0.47368422,0.02970297,4.443443,0.0,0.0,0.0,0,sms
31.0,6.0,4.3333335,0.0,0.0,0.0,0.33333334,0.032258064,3.854286,0.0,0.0,0.0,0,sms
49.0,13.0,2.8461537,2.0,0.0,0.0,0.53846157,0.020408163,3.959057,0.0,0.0,0.0,0,sms
281.0,58.0,3.862069,9.0,0.0,0.0,0.25862068,0.10676157,4.606888,0.0,0.0,0.0,0,sms
37.0,8.0,3.75,0.0,0.0,0.0,0.75,0.027027028,3.7395723,0.0,0.0,0.0,0,sms
70.0,16.0,3.4375,0.0,0.0,0.0,0.625,0.071428575,4.421469,0.0,0.0,0.0,0,sms
114.0,20.0,4.65,0.0,0.0,0.0,0.5,0.078947365,4.268615,0.0,0.0,0.0,0,sms
116.0,24.0,3.875,1.0,0.0,0.0,0.33333334,0.060344826,4.4767237,0.0,0.0,0.0,0,sms
47.0,7.0,5.857143,0.0,0.0,0.0,0.2857143,0.06382979,3.9364626,0.0,0.0,0.0,0,sms
27.0,6.0,3.6666667,0.0,0.0,0.0,0.5,0.074074075,3.64125,0.0,0.0,0.0,0,sms
87.0,17.0,4.1764708,0.0,0.0,0.0,0.47058824,0.011494253,3.7094882,0.0,0.0,0.0,0,sms
164.0,25.0,5.6,26.0,1.0,0.0,0.2,0.07317073,5.1847787,0.0,0.0,1.0,1,sms
88.0,19.0,3.631579,0.0,0.0,0.0,0.57894737,0.07954545,4.134929,0.0,0.0,0.0,0,sms
228.0,49.0,3.6734693,1.0,0.0,0.0,0.5510204,0.02631579,4.3698153,0.0,0.0,0.0,0,sms
102.0,18.0,4.7222223,0.0,0.0,0.0,0.3888889,0.019607844,4.122437,0.0,0.0,0.0,0,sms
162.0,29.0,4.62069,19.0,0.0,0.0,0.13793103,0.043209877,5.1033597,0.0,0.0,1.0,1,sms
133.0,27.0,3.9629629,0.0,0.0,0.0,0.5185185,0.02255639,4.240339,0.0,0.0,0.0,0,sms
88.0,20.0,3.45,1.0,0.0,0.0,0.2,0.0,4.069641,0.0,0.0,0.0,0,sms
36.0,7.0,4.285714,0.0,0.0,0.0,0.5714286,0.11111111,4.0817275,0.0,0.0,0.0,0,sms
77.0,17.0,3.5882354,0.0,0.0,0.0,0.29411766,0.14285715,4.25405,0.0,0.0,0.0,0,sms
104.0,16.0,5.5,0.0,0.0,0.0,0.1875,0.03846154,4.1402087,0.0,0.0,0.0,0,sms
156.0,27.0,4.814815,5.0,1.0,0.0,0.4074074,0.025641026,4.704357,0.0,0.0,0.0,1,sms
87.0,17.0,4.1764708,0.0,0.0,0.0,0.23529412,0.08045977,4.256149,0.0,0.0,0.0,0,sms
28.0,6.0,3.8333333,0.0,0.0,0.0,0.33333334,0.071428575,3.6211755,0.0,0.0,0.0,0,sms
130.0,22.0,4.9545455,0.0,0.0,0.0,0.22727273,0.06153846,4.3854456,0.0,0.0,0.0,0,sms
79.0,16.0,4.0,0.0,0.0,0.0,0.5,0.03797468,4.171723,0.0,0.0,0.0,0,sms
184.0,37.0,4.0,0.0,0.0,0.0,0.4864865,0.032608695,4.3640275,0.0,0.0,0.0,0,sms
53.0,10.0,4.4,0.0,0.0,0.0,0.4,0.018867925,3.9358962,0.0,0.0,0.0,0,sms
31.0,5.0,5.2,0.0,0.0,0.0,0.2,0.19354838,4.0269866,0.0,0.0,0.0,0,sms
85.0,20.0,3.3,0.0,0.0,0.0,0.55,0.023529412,3.9517708,0.0,0.0,0.0,0,sms
77.0,13.0,5.0,0.0,0.0,0.0,0.23076923,0.038961038,4.3003345,0.0,0.0,0.0,0,sms
23.0,6.0,3.0,0.0,0.0,0.0,0.16666667,0.13043478,3.7254806,0.0,0.0,0.0,0,sms
76.0,14.0,4.5,1.0,0.0,0.0,0.2857143,0.02631579,4.100473,0.0,0.0,0.0,0,sms
28.0,6.0,3.8333333,0.0,0.0,0.0,0.6666667,0.0,3.708132,0.0,0.0,0.0,0,sms
30.0,6.0,4.1666665,0.0,0.0,0.0,0.33333334,0.13333334,3.749275,0.0,0.0,0.0,0,sms
75.0,17.0,3.4705882,0.0,0.0,0.0,0.47058824,0.04,4.2158856,0.0,0.0,0.0,0,sms
36.0,7.0,4.285714,0.0,0.0,0.0,0.42857143,0.083333336,3.80291,0.0,0.0,0.0,0,sms
23.0,6.0,3.0,0.0,0.0,0.0,0.33333334,0.0,3.2810361,0.0,0.0,0.0,0,sms
160.0,26.0,5.1923075,21.0,0.0,0.0,0.0,0.05625,4.9603925,0.0,0.0,0.0,1,sms
33.0,7.0,3.7142856,0.0,0.0,0.0,0.14285715,0.060606062,3.5325732,0.0,0.0,0.0,0,sms
99.0,23.0,3.347826,0.0,0.0,0.0,0.4347826,0.04040404,4.157197,0.0,0.0,0.0,0,sms
24.0,5.0,4.0,0.0,0.0,0.0,0.4,0.0,3.5841837,0.0,0.0,0.0,0,sms
67.0,15.0,3.5333333,0.0,0.0,0.0,0.53333336,0.029850746,4.4491577,0.0,0.0,0.0,0,sms
24.0,5.0,4.0,0.0,0.0,0.0,0.6,0.083333336,3.7841837,0.0,0.0,0.0,0,sms
85.0,21.0,3.0952382,0.0,0.0,0.0,0.52380955,0.047058824,4.267674,0.0,0.0,0.0,0,sms
28.0,7.0,3.142857,0.0,0.0,0.0,0.2857143,0.071428575,3.64125,0.0,0.0,0.0,0,sms
46.0,9.0,4.2222223,0.0,0.0,0.0,0.44444445,0.06521739,3.9880774,0.0,0.0,0.0,0,sms
4.0,2.0,1.5,1.0,0.0,0.0,0.0,0.25,1.5849625,0.0,0.0,0.0,0,sms
55.0,6.0,8.333333,0.0,0.0,0.0,0.16666667,0.036363635,3.8928788,0.0,0.0,0.0,0,sms
93.0,17.0,4.529412,0.0,0.0,0.0,0.4117647,0.06451613,4.4023075,0.0,0.0,0.0,0,sms
70.0,11.0,5.4545455,0.0,0.0,0.0,0.45454547,0.042857144,4.0933905,0.0,0.0,0.0,0,sms
86.0,17.0,3.9411764,1.0,0.0,0.0,0.47058824,0.046511628,4.2017627,0.0,0.0,0.0,0,sms
119.0,26.0,3.6153846,11.0,0.0,0.0,0.1923077,0.042016808,5.100746,0.0,0.0,1.0,1,sms
101.0,23.0,3.3913043,0.0,0.0,0.0,0.3478261,0.03960396,4.1481066,0.0,0.0,0.0,0,sms
157.0,34.0,3.6470587,0.0,0.0,0.0,0.4117647,0.07643312,4.55163,0.0,0.0,0.0,0,sms
49.0,11.0,3.5454545,0.0,0.0,0.0,0.36363637,0.10204082,4.1284943,0.0,0.0,0.0,0,sms
25.0,6.0,3.3333333,0.0,0.0,0.0,0.5,0.08,3.8841836,0.0,0.0,0.0,0,sms
35.0,7.0,4.142857,0.0,0.0,0.0,0.2857143,0.028571429,3.6469667,0.0,0.0,0.0,0,sms
48.0,11.0,3.4545455,0.0,0.0,0.0,0.54545456,0.0625,3.9976702,0.0,0.0,0.0,0,sms
43.0,10.0,3.4,0.0,0.0,0.0,0.5,0.0,3.9590943,0.0,0.0,0.0,0,sms
27.0,5.0,4.6,0.0,0.0,0.0,0.4,0.0,3.7950885,0.0,0.0,0.0,0,sms
18.0,4.0,3.75,0.0,0.0,0.0,0.25,0.055555556,3.5068905,0.0,0.0,0.0,0,sms
4.0,1.0,4.0,0.0,0.0,0.0,0.0,0.0,2.0,0.0,0.0,0.0,0,sms
142.0,30.0,3.7666667,19.0,0.0,0.0,0.3,0.04225352,4.8139815,0.0,0.0,1.0,1,sms
156.0,30.0,4.233333,6.0,0.0,0.0,0.33333334,0.012820513,4.646378,0.0,0.0,1.0,1,sms
22.0,4.0,4.75,0.0,0.0,0.0,0.25,0.09090909,3.2813735,0.0,0.0,0.0,0,sms
69.0,14.0,4.0,0.0,0.0,0.0,0.14285715,0.13043478,4.0636272,0.0,0.0,0.0,0,sms
37.0,7.0,4.428571,0.0,0.0,0.0,0.5714286,0.08108108,3.925993,0.0,0.0,0.0,0,sms
39.0,8.0,4.0,0.0,0.0,0.0,0.0,0.15384616,3.6792293,0.0,0.0,0.0,0,sms
134.0,30.0,3.5,2.0,0.0,0.0,0.16666667,0.02238806,4.2207227,0.0,0.0,0.0,0,sms
150.0,28.0,4.357143,18.0,0.0,0.0,0.2857143,0.02,4.8428283,0.0,0.0,1.0,1,sms
85.0,18.0,3.7777777,0.0,0.0,0.0,0.5,0.03529412,4.3513584,0.0,0.0,0.0,0,sms
116.0,21.0,4.571429,0.0,0.0,0.0,0.47619048,0.04310345,4.23147,0.0,0.0,0.0,0,sms
42.0,9.0,3.7777777,0.0,0.0,0.0,0.33333334,0.04761905,4.1607046,0.0,0.0,0.0,0,sms
151.0,25.0,5.08,12.0,0.0,0.0,0.2,0.046357617,4.6451483,0.0,0.0,1.0,1,sms
164.0,25.0,5.6,26.0,1.0,0.0,0.2,0.07317073,5.1847787,0.0,0.0,1.0,1,sms
40.0,8.0,4.125,0.0,0.0,0.0,0.25,0.025,3.6283622,0.0,0.0,0.0,0,sms
23.0,3.0,7.0,0.0,0.0,0.0,0.33333334,0.08695652,3.6897037,0.0,0.0,0.0,0,sms
61.0,13.0,3.7692308,0.0,0.0,0.0,0.3846154,0.06557377,4.2395244,0.0,0.0,0.0,0,sms
160.0,26.0,5.1923075,15.0,0.0,0.0,0.23076923,0.01875,4.829553,0.0,0.0,0.0,1,sms
43.0,8.0,4.25,0.0,0.0,0.0,0.375,0.11627907,4.1162996,0.0,0.0,0.0,0,sms
109.0,23.0,3.7826087,0.0,0.0,0.0,0.3043478,0.12844037,4.357002,0.0,0.0,0.0,0,sms
30.0,5.0,5.2,0.0,0.0,0.0,0.4,0.06666667,3.7962177,0.0,0.0,0.0,0,sms
329.0,61.0,4.4098363,0.0,0.0,0.0,0.5409836,0.018237082,4.32269,0.0,0.0,0.0,0,sms
91.0,18.0,4.111111,0.0,0.0,0.0,0.6111111,0.010989011,4.0713463,0.0,0.0,0.0,0,sms
31.0,6.0,4.3333335,0.0,0.0,0.0,0.5,0.032258064,3.5654483,0.0,0.0,0.0,0,sms
29.0,5.0,5.0,0.0,0.0,0.0,0.4,0.10344828,3.7336607,0.0,0.0,0.0,0,sms
22.0,5.0,3.6,1.0,0.0,0.0,0.4,0.045454547,3.6416042,0.0,0.0,0.0,0,sms
136.0,22.0,5.2272725,21.0,0.0,0.0,0.3181818,0.0882353,5.271717,0.0,0.0,1.0,1,sms
40.0,10.0,3.1,0.0,0.0,0.0,0.3,0.075,4.257111,0.0,0.0,0.0,0,sms
29.0,8.0,2.75,0.0,0.0,0.0,0.875,0.03448276,3.3564925,0.0,0.0,0.0,0,sms
38.0,9.0,3.3333333,0.0,0.0,0.0,0.33333334,0.02631579,3.6695766,0.0,0.0,0.0,0,sms
41.0,8.0,4.25,0.0,0.0,0.0,0.375,0.0,4.020855,0.0,0.0,0.0,0,sms
51.0,11.0,3.7272727,0.0,0.0,0.0,0.45454547,0.019607844,3.8162484,0.0,0.0,0.0,0,sms
35.0,9.0,3.0,1.0,0.0,0.0,0.5555556,0.0,3.7821221,0.0,0.0,0.0,0,sms
89.0,18.0,4.0,2.0,0.0,0.0,0.22222222,0.06741573,4.493491,0.0,0.0,0.0,0,sms
51.0,9.0,4.7777777,1.0,0.0,0.0,0.11111111,0.11764706,3.8729162,0.0,0.0,0.0,0,sms
40.0,11.0,2.7272727,0.0,0.0,0.0,0.6363636,0.025,4.006239,0.0,0.0,0.0,0,sms
112.0,24.0,3.7083333,3.0,0.0,0.0,0.25,0.08035714,4.636152,0.0,0.0,0.0,0,sms
141.0,26.0,4.4615383,1.0,0.0,0.0,0.1923077,0.014184397,4.398989,0.0,0.0,0.0,0,sms
45.0,5.0,8.2,0.0,0.0,0.0,0.2,0.17777778,3.793187,0.0,0.0,0.0,0,sms
71.0,13.0,4.5384617,0.0,0.0,0.0,0.46153846,0.04225352,4.1580906,0.0,0.0,0.0,0,sms
146.0,22.0,5.681818,29.0,0.0,0.0,0.09090909,0.07534247,5.132757,0.0,0.0,1.0,1,sms
35.0,8.0,3.5,0.0,0.0,0.0,0.25,0.028571429,3.94076,0.0,0.0,0.0,0,sms
29.0,6.0,4.0,0.0,0.0,0.0,0.5,0.06896552,3.938722,0.0,0.0,0.0,0,sms
143.0,34.0,3.235294,1.0,0.0,0.0,0.61764705,0.02097902,4.1679068,0.0,0.0,0.0,0,sms
159.0,28.0,4.714286,14.0,1.0,0.0,0.42857143,0.012578616,5.043876,0.0,0.0,0.0,1,sms
48.0,9.0,4.4444447,0.0,0.0,0.0,0.44444445,0.041666668,3.837326,0.0,0.0,0.0,0,sms
21.0,5.0,3.4,0.0,0.0,0.0,0.0,0.0952381,3.5724695,0.0,0.0,0.0,0,sms
98.0,21.0,3.7142856,0.0,0.0,0.0,0.61904764,0.020408163,4.234248,0.0,0.0,0.0,0,sms
136.0,26.0,4.269231,9.0,0.0,0.0,0.15384616,0.0882353,4.737583,0.0,0.0,0.0,0,sms
155.0,27.0,4.740741,16.0,0.0,0.0,0.4814815,0.006451613,4.701155,0.0,0.0,0.0,1,sms
32.0,8.0,3.125,0.0,0.0,0.0,0.5,0.0,3.9932697,0.0,0.0,0.0,0,sms
43.0,9.0,3.8888888,1.0,0.0,0.0,0.22222222,0.069767445,3.9760108,0.0,0.0,0.0,0,sms
48.0,9.0,4.4444447,0.0,0.0,0.0,0.0,0.104166664,4.043943,0.0,0.0,0.0,0,sms
25.0,6.0,3.3333333,0.0,0.0,0.0,0.5,0.0,3.9219282,0.0,0.0,0.0,0,sms
19.0,3.0,5.6666665,0.0,0.0,0.0,0.0,0.15789473,3.4548223,0.0,0.0,0.0,0,sms
133.0,27.0,3.9629629,0.0,0.0,0.0,0.2962963,0.13533835,4.3955526,0.0,0.0,0.0,0,sms
66.0,12.0,4.5833335,0.0,0.0,0.0,0.5,0.045454547,4.0623536,0.0,0.0,0.0,0,sms
58.0,11.0,4.3636365,0.0,0.0,0.0,0.36363637,0.06896552,4.1654005,0.0,0.0,0.0,0,sms
119.0,23.0,4.2173915,0.0,0.0,0.0,0.47826087,0.05042017,4.206152,0.0,0.0,0.0,0,sms
53.0,6.0,8.0,1.0,0.0,0.0,0.0,0.18867925,3.8879185,0.0,0.0,0.0,0,sms
38.0,7.0,4.571429,0.0,0.0,0.0,0.0,0.10526316,3.8667293,0.0,0.0,0.0,0,sms
45.0,10.0,3.6,1.0,0.0,0.0,0.5,0.044444446,4.0304933,0.0,0.0,0.0,0,sms
127.0,23.0,4.5652175,24.0,1.0,0.0,0.2173913,0.05511811,5.1115985,0.0,0.0,1.0,1,sms
99.0,20.0,4.0,0.0,0.0,0.0,0.4,0.04040404,4.1070976,0.0,0.0,0.0,0,sms
77.0,15.0,4.2,0.0,0.0,0.0,0.46666667,0.025974026,3.956275,0.0,0.0,0.0,0,sms
55.0,13.0,3.3076923,0.0,0.0,0.0,0.61538464,0.0,3.809386,0.0,0.0,0.0,0,sms
23.0,5.0,3.8,0.0,0.0,0.0,0.2,0.0,3.1813664,0.0,0.0,0.0,0,sms
21.0,3.0,6.3333335,0.0,0.0,0.0,0.0,0.2857143,3.1813664,0.0,0.0,0.0,0,sms
33.0,7.0,3.857143,0.0,0.0,0.0,0.5714286,0.060606062,3.8561964,0.0,0.0,0.0,0,sms
46.0,7.0,5.714286,0.0,0.0,0.0,0.2857143,0.19565217,4.3153114,0.0,0.0,0.0,0,sms
23.0,6.0,3.0,2.0,0.0,0.0,0.33333334,0.08695652,3.127987,0.0,0.0,0.0,0,sms
82.0,18.0,3.6111112,0.0,0.0,0.0,0.33333334,0.0121951215,4.2871847,0.0,0.0,0.0,0,sms
127.0,25.0,4.12,0.0,1.0,0.0,0.36,0.07874016,4.429282,0.0,0.0,0.0,0,sms
74.0,12.0,5.25,0.0,0.0,0.0,0.33333334,0.027027028,4.50211,0.0,0.0,0.0,0,sms
23.0,5.0,3.8,0.0,0.0,0.0,0.6,0.08695652,3.932138,0.0,0.0,0.0,0,sms
65.0,12.0,4.5,0.0,0.0,0.0,0.41666666,0.03076923,4.200289,0.0,0.0,0.0,0,sms
278.0,63.0,3.4285715,1.0,0.0,0.0,0.31746033,0.118705034,4.8467207,0.0,0.0,0.0,0,sms
26.0,4.0,5.75,1.0,0.0,0.0,0.0,0.07692308,3.9148662,0.0,0.0,0.0,0,sms
152.0,33.0,3.6363637,0.0,0.0,0.0,0.45454547,0.0065789474,4.1283126,0.0,0.0,0.0,0,sms
45.0,9.0,4.111111,1.0,0.0,0.0,0.22222222,0.044444446,3.8532152,0.0,0.0,0.0,0,sms
3.0,1.0,3.0,0.0,0.0,0.0,0.0,0.33333334,1.5849625,0.0,0.0,0.0,0,sms
145.0,27.0,4.3703704,10.0,0.0,0.0,0.25925925,0.062068965,5.080133,0.0,0.0,0.0,1,sms
51.0,11.0,3.7272727,0.0,0.0,0.0,0.45454547,0.05882353,3.9459836,0.0,0.0,0.0,0,sms
45.0,11.0,3.1818182,1.0,0.0,0.0,0.36363637,0.022222223,3.8541632,0.0,0.0,0.0,0,sms
152.0,31.0,3.935484,1.0,0.0,0.0,0.38709676,0.05263158,4.482289,0.0,0.0,0.0,0,sms
42.0,8.0,4.375,0.0,0.0,0.0,0.625,0.0952381,3.900153,0.0,0.0,0.0,0,sms
101.0,21.0,3.857143,0.0,0.0,0.0,0.1904762,0.05940594,4.503525,0.0,0.0,0.0,0,sms
29.0,6.0,4.0,0.0,0.0,0.0,0.33333334,0.03448276,3.7406015,0.0,0.0,0.0,0,sms
63.0,13.0,3.9230769,0.0,0.0,0.0,0.15384616,0.031746034,3.9422522,0.0,0.0,0.0,0,sms
168.0,34.0,3.9705882,0.0,0.0,0.0,0.32352942,0.08928572,4.5950665,0.0,0.0,0.0,0,sms
144.0,23.0,5.304348,24.0,1.0,0.0,0.3043478,0.027777778,5.0836935,0.0,0.0,1.0,1,sms
125.0,16.0,6.875,0.0,0.0,0.0,0.0625,0.328,4.4712405,0.0,0.0,0.0,0,sms
35.0,5.0,6.0,0.0,0.0,0.0,0.0,0.2,4.506891,0.0,0.0,0.0,0,sms
38.0,8.0,3.875,0.0,0.0,0.0,0.625,0.10526316,4.2846837,0.0,0.0,0.0,0,sms
49.0,12.0,3.1666667,0.0,0.0,0.0,0.5,0.0,3.5761962,0.0,0.0,0.0,0,sms
31.0,6.0,4.3333335,0.0,0.0,0.0,0.6666667,0.032258064,3.6133373,0.0,0.0,0.0,0,sms
24.0,6.0,3.1666667,0.0,0.0,0.0,0.16666667,0.0,3.5766177,0.0,0.0,0.0,0,sms
156.0,26.0,5.0384617,20.0,1.0,0.0,0.30769232,0.051282052,5.406899,0.0,0.0,1.0,1,sms
40.0,9.0,3.5555556,0.0,0.0,0.0,0.11111111,0.1,4.0153193,0.0,0.0,0.0,0,sms
113.0,23.0,3.9565217,0.0,0.0,0.0,0.3043478,0.22123894,4.2172947,0.0,0.0,0.0,0,sms
119.0,24.0,4.0,0.0,0.0,0.0,0.29166666,0.075630255,4.3887057,0.0,0.0,0.0,0,sms
50.0,12.0,3.25,4.0,0.0,0.0,0.16666667,0.06,4.304257,0.0,0.0,0.0,0,sms
23.0,5.0,3.8,0.0,0.0,0.0,0.4,0.04347826,3.5110855,0.0,0.0,0.0,0,sms
47.0,9.0,4.3333335,0.0,0.0,0.0,0.11111111,0.10638298,4.118485,0.0,0.0,0.0,0,sms
155.0,25.0,5.24,27.0,1.0,0.0,0.12,0.058064517,5.2004824,0.0,0.0,1.0,1,sms
38.0,8.0,3.875,0.0,0.0,0.0,0.625,0.0,3.5514884,0.0,0.0,0.0,0,sms
157.0,24.0,5.5416665,19.0,1.0,0.0,0.041666668,0.025477707,5.106828,0.0,0.0,1.0,1,sms
51.0,12.0,3.3333333,0.0,0.0,0.0,0.6666667,0.019607844,3.9159572,0.0,0.0,0.0,0,sms
32.0,7.0,3.7142856,0.0,0.0,0.0,0.42857143,0.0,3.7483287,0.0,0.0,0.0,0,sms
125.0,22.0,4.7272725,0.0,0.0,0.0,0.45454547,0.04,4.437186,0.0,0.0,0.0,0,sms
36.0,9.0,3.1111112,0.0,0.0,0.0,0.33333334,0.027777778,3.9946804,0.0,0.0,0.0,0,sms
55.0,10.0,4.6,0.0,0.0,0.0,0.0,0.054545455,4.031623,0.0,0.0,0.0,0,sms
23.0,5.0,3.8,0.0,0.0,0.0,0.4,0.04347826,3.5110855,0.0,0.0,0.0,0,sms
35.0,7.0,4.142857,0.0,0.0,0.0,0.5714286,0.0,4.112821,0.0,0.0,0.0,0,sms
87.0,16.0,4.4375,0.0,0.0,0.0,0.375,0.09195402,4.3800464,0.0,0.0,0.0,0,sms
71.0,15.0,3.8,0.0,0.0,0.0,0.46666667,0.08450704,4.2070823,0.0,0.0,0.0,0,sms
94.0,21.0,3.4285715,1.0,0.0,0.0,0.33333334,0.06382979,4.407288,0.0,0.0,0.0,0,sms
99.0,17.0,4.882353,0.0,0.0,0.0,0.47058824,0.060606062,4.395594,0.0,0.0,0.0,0,sms
51.0,13.0,3.0,1.0,0.0,0.0,0.6923077,0.0,3.8746445,0.0,0.0,0.0,0,sms
23.0,5.0,3.6,0.0,0.0,0.0,0.8,0.04347826,3.7254806,0.0,0.0,0.0,0,sms
162.0,33.0,3.939394,0.0,0.0,0.0,0.45454547,0.049382716,4.478939,0.0,1.0,0.0,0,sms
82.0,17.0,3.8235295,3.0,0.0,0.0,0.3529412,0.048780486,4.606779,0.0,0.0,0.0,0,sms
32.0,6.0,4.5,0.0,0.0,0.0,0.5,0.0625,3.5697024,0.0,0.0,0.0,0,sms
146.0,29.0,4.0689654,1.0,0.0,0.0,0.37931034,0.05479452,4.3696036,0.0,0.0,0.0,0,sms
121.0,21.0,4.8095236,0.0,0.0,0.0,0.14285715,0.09917355,4.205954,0.0,0.0,0.0,0,sms
40.0,9.0,3.5555556,0.0,0.0,0.0,0.5555556,0.025,3.7570488,0.0,0.0,0.0,0,sms
157.0,28.0,4.642857,16.0,1.0,0.0,0.21428572,0.01910828,5.0694737,0.0,0.0,1.0,1,sms
27.0,4.0,6.0,0.0,0.0,0.0,0.25,0.074074075,3.569774,0.0,0.0,0.0,0,sms
28.0,5.0,4.8,0.0,0.0,0.0,0.0,0.14285715,3.8553886,0.0,0.0,0.0,0,sms
97.0,21.0,3.6666667,0.0,0.0,0.0,0.42857143,0.030927835,4.290593,0.0,0.0,0.0,0,sms
159.0,33.0,3.8484848,0.0,0.0,0.0,0.42424244,0.062893085,4.657523,0.0,0.0,0.0,0,sms
28.0,4.0,6.25,0.0,0.0,0.0,0.25,0.035714287,3.4936607,0.0,0.0,0.0,0,sms
36.0,8.0,3.625,0.0,0.0,0.0,0.25,0.027777778,3.8404026,0.0,0.0,0.0,0,sms
64.0,14.0,3.642857,1.0,0.0,0.0,0.42857143,0.109375,4.2971516,0.0,0.0,0.0,0,sms
30.0,6.0,4.1666665,0.0,0.0,0.0,0.5,0.06666667,3.8936608,0.0,0.0,0.0,0,sms
26.0,5.0,4.4,0.0,0.0,0.0,0.2,0.115384616,3.9705732,0.0,0.0,0.0,0,sms
189.0,28.0,5.785714,0.0,0.0,0.0,0.39285713,0.037037037,4.4765534,0.0,0.0,0.0,0,sms
160.0,33.0,3.878788,0.0,0.0,0.0,0.3030303,0.08125,4.4990478,0.0,0.0,0.0,0,sms
26.0,5.0,4.4,0.0,0.0,0.0,0.6,0.03846154,3.6069367,0.0,0.0,0.0,0,sms
29.0,5.0,5.0,0.0,0.0,0.0,0.4,0.03448276,4.053661,0.0,0.0,0.0,0,sms
24.0,5.0,4.0,0.0,0.0,0.0,0.4,0.041666668,3.321928,0.0,0.0,0.0,0,sms
29.0,5.0,5.0,0.0,0.0,0.0,0.4,0.06896552,3.7834651,0.0,0.0,0.0,0,sms
47.0,10.0,3.8,0.0,0.0,0.0,0.3,0.04255319,4.043337,0.0,0.0,0.0,0,sms
72.0,15.0,3.8666666,1.0,0.0,0.0,0.46666667,0.013888889,3.9204328,0.0,0.0,0.0,0,sms
37.0,7.0,4.428571,0.0,0.0,0.0,0.14285715,0.054054055,3.9101794,0.0,0.0,0.0,0,sms
125.0,24.0,4.2083335,0.0,0.0,0.0,0.375,0.072,4.5277977,0.0,0.0,0.0,0,sms
52.0,8.0,5.625,0.0,0.0,0.0,0.0,0.07692308,3.8946464,0.0,0.0,0.0,0,sms
192.0,35.0,4.457143,0.0,0.0,0.0,0.54285717,0.088541664,4.5551353,0.0,0.0,0.0,0,sms
126.0,26.0,3.8846154,0.0,0.0,0.0,0.53846157,0.015873017,4.20126,0.0,0.0,0.0,0,sms
39.0,8.0,3.75,0.0,0.0,0.0,0.375,0.17948718,4.215061,0.0,0.0,0.0,0,sms
25.0,6.0,3.3333333,0.0,0.0,0.0,0.6666667,0.04,3.5464394,0.0,0.0,0.0,0,sms
35.0,6.0,5.0,0.0,0.0,0.0,0.5,0.114285715,4.0980687,0.0,0.0,0.0,0,sms
33.0,7.0,3.857143,0.0,0.0,0.0,0.42857143,0.060606062,3.5599,0.0,0.0,0.0,0,sms
38.0,8.0,3.875,0.0,0.0,0.0,0.625,0.02631579,4.0667844,0.0,0.0,0.0,0,sms
156.0,22.0,6.1363635,26.0,0.0,1.0,0.0,0.044871796,5.0381527,0.0,0.0,1.0,1,sms
77.0,13.0,5.0,0.0,0.0,0.0,0.46153846,0.038961038,4.132446,0.0,0.0,0.0,0,sms
38.0,7.0,4.571429,0.0,0.0,0.0,0.42857143,0.02631579,3.8667293,0.0,0.0,0.0,0,sms
17.0,4.0,3.5,0.0,0.0,0.0,0.25,0.11764706,3.5216405,0.0,0.0,0.0,0,sms
130.0,24.0,4.4583335,0.0,0.0,0.0,0.41666666,0.16923077,4.7184625,0.0,0.0,0.0,0,sms
133.0,27.0,3.9629629,1.0,0.0,0.0,0.44444445,0.037593983,4.288823,0.0,0.0,0.0,0,sms
40.0,11.0,2.7272727,0.0,0.0,0.0,0.54545456,0.025,3.8444138,0.0,0.0,0.0,0,sms
11.0,2.0,5.0,0.0,0.0,0.0,0.5,0.36363637,2.6464393,0.0,0.0,0.0,0,sms
45.0,8.0,4.75,0.0,0.0,0.0,0.375,0.044444446,3.8264534,0.0,0.0,0.0,0,sms
67.0,12.0,4.6666665,1.0,0.0,0.0,0.25,0.14925373,4.0654106,0.0,0.0,0.0,0,sms
40.0,7.0,4.857143,0.0,0.0,0.0,0.2857143,0.05,3.9986525,0.0,0.0,0.0,0,sms
84.0,16.0,4.3125,0.0,0.0,0.0,0.3125,0.13095239,4.237036,0.0,0.0,0.0,0,sms
100.0,25.0,3.04,1.0,0.0,0.0,0.24,0.06,4.3662205,0.0,0.0,0.0,0,sms
145.0,23.0,5.347826,0.0,0.0,0.0,0.39130434,0.13793103,4.527388,0.0,0.0,0.0,0,sms
30.0,5.0,5.2,0.0,0.0,0.0,0.2,0.06666667,3.8252518,0.0,0.0,0.0,0,sms
2.0,1.0,2.0,0.0,0.0,0.0,0.0,0.0,1.0,0.0,0.0,0.0,0,sms
125.0,25.0,4.04,0.0,0.0,0.0,0.36,0.048,4.4825797,0.0,0.0,0.0,0,sms
133.0,30.0,3.4,9.0,0.0,0.0,0.2,0.11278196,4.744531,0.0,0.0,0.0,0,sms
56.0,10.0,4.7,0.0,0.0,0.0,0.3,0.08928572,4.1048236,0.0,0.0,0.0,0,sms
42.0,7.0,5.142857,0.0,0.0,0.0,0.42857143,0.071428575,4.1625733,0.0,0.0,0.0,0,sms
70.0,11.0,5.4545455,0.0,0.0,0.0,0.36363637,0.071428575,4.1080213,0.0,0.0,0.0,0,sms
50.0,11.0,3.6363637,3.0,0.0,0.0,0.45454547,0.04,4.043943,0.0,0.0,0.0,0,sms
112.0,18.0,5.2777777,24.0,0.0,0.0,0.2777778,0.04464286,4.7341313,0.0,0.0,0.0,1,sms
106.0,17.0,5.2941175,13.0,0.0,0.0,0.1764706,0.03773585,4.617296,0.0,0.0,0.0,1,sms
157.0,27.0,4.851852,17.0,1.0,0.0,0.4074074,0.012738854,5.188057,0.0,0.0,0.0,1,sms
135.0,26.0,4.230769,0.0,0.0,0.0,0.5,0.02962963,4.16701,0.0,0.0,0.0,0,sms
156.0,23.0,5.826087,16.0,0.0,0.0,0.3043478,0.044871796,5.0880036,0.0,0.0,0.0,1,sms
46.0,9.0,4.0,0.0,0.0,0.0,0.33333334,0.10869565,4.0623055,0.0,0.0,0.0,0,sms
139.0,26.0,4.3846154,0.0,0.0,0.0,0.46153846,0.02877698,4.165972,0.0,0.0,0.0,1,sms
38.0,10.0,2.9,0.0,0.0,0.0,0.4,0.05263158,3.8404026,0.0,0.0,0.0,0,sms
46.0,10.0,3.7,0.0,0.0,0.0,0.3,0.08695652,4.2497296,0.0,0.0,0.0,0,sms
44.0,11.0,3.090909,0.0,0.0,0.0,0.6363636,0.045454547,4.101881,0.0,0.0,0.0,0,sms
212.0,39.0,4.4615383,0.0,0.0,0.0,0.23076923,0.061320756,5.0932803,0.0,0.0,0.0,0,sms
51.0,11.0,3.7272727,0.0,0.0,0.0,0.27272728,0.019607844,4.092325,0.0,0.0,0.0,0,sms
116.0,22.0,4.318182,0.0,0.0,0.0,0.6363636,0.05172414,4.231654,0.0,0.0,0.0,0,sms
90.0,15.0,5.0666666,14.0,0.0,0.0,0.26666668,0.033333335,4.6604905,0.0,0.0,0.0,1,sms
160.0,27.0,4.962963,26.0,1.0,0.0,0.25925925,0.0375,4.9544935,0.0,0.0,1.0,1,sms
80.0,15.0,4.4,0.0,0.0,0.0,0.33333334,0.0,4.168601,0.0,0.0,0.0,0,sms
48.0,8.0,5.125,0.0,0.0,0.0,0.5,0.041666668,4.1435413,0.0,0.0,0.0,0,sms
42.0,7.0,5.142857,12.0,0.0,0.0,0.2857143,0.071428575,4.371178,0.0,0.0,1.0,1,sms
64.0,13.0,3.8461537,0.0,0.0,0.0,0.53846157,0.09375,4.4712725,0.0,0.0,0.0,0,sms
88.0,15.0,4.9333334,0.0,0.0,0.0,0.46666667,0.03409091,4.1505494,0.0,0.0,0.0,0,sms
161.0,31.0,4.225806,1.0,0.0,0.0,0.41935483,0.03726708,4.500566,0.0,0.0,0.0,0,sms
147.0,26.0,4.6923075,0.0,0.0,0.0,0.3846154,0.006802721,4.208281,0.0,0.0,0.0,0,sms
24.0,5.0,4.0,0.0,0.0,0.0,0.4,0.083333336,3.7464395,0.0,0.0,0.0,0,sms
101.0,18.0,4.5555553,0.0,0.0,0.0,0.44444445,0.089108914,4.3937035,0.0,0.0,0.0,0,sms
40.0,9.0,3.5555556,0.0,0.0,0.0,0.5555556,0.075,3.8903196,0.0,0.0,0.0,0,sms
36.0,5.0,6.4,0.0,0.0,0.0,0.0,0.1388889,3.8553379,0.0,0.0,0.0,0,sms
26.0,5.0,4.4,0.0,0.0,0.0,0.2,0.0,3.7544417,0.0,0.0,0.0,0,sms
23.0,4.0,5.0,0.0,0.0,0.0,0.0,0.04347826,3.508695,0.0,0.0,0.0,0,sms
59.0,14.0,3.2857144,0.0,0.0,0.0,0.5,0.0,3.718789,0.0,0.0,0.0,0,sms
104.0,20.0,4.25,0.0,0.0,0.0,0.45,0.048076924,4.2880974,0.0,0.0,0.0,0,sms
41.0,8.0,4.25,0.0,0.0,0.0,0.25,0.024390243,4.0286393,0.0,0.0,0.0,0,sms
50.0,13.0,2.9230769,1.0,0.0,0.0,0.07692308,0.02,3.8404553,0.0,0.0,0.0,0,sms
40.0,8.0,4.125,0.0,0.0,0.0,0.375,0.025,3.8619835,0.0,0.0,0.0,0,sms
29.0,3.0,9.0,0.0,0.0,0.0,0.0,0.03448276,3.7919245,0.0,0.0,0.0,0,sms
49.0,11.0,3.5454545,0.0,0.0,0.0,0.45454547,0.06122449,3.8846538,0.0,0.0,0.0,0,sms
45.0,8.0,4.75,0.0,0.0,0.0,0.5,0.022222223,4.3660913,0.0,0.0,0.0,0,sms
163.0,26.0,5.269231,0.0,0.0,0.0,0.46153846,0.10429448,4.8891163,0.0,0.0,0.0,0,sms
86.0,21.0,3.142857,2.0,0.0,0.0,0.33333334,0.0,4.358661,0.0,0.0,0.0,0,sms
129.0,27.0,3.8148148,0.0,0.0,0.0,0.37037036,0.015503876,4.31262,0.0,0.0,0.0,0,sms
40.0,9.0,3.5555556,0.0,0.0,0.0,0.22222222,0.15,3.7653196,0.0,0.0,0.0,0,sms
69.0,11.0,5.2727275,1.0,0.0,0.0,0.18181819,0.10144927,4.342907,0.0,0.0,0.0,0,sms
28.0,6.0,3.8333333,0.0,0.0,0.0,0.33333334,0.035714287,3.7950885,0.0,0.0,0.0,0,sms
34.0,8.0,3.375,0.0,0.0,0.0,0.5,0.0,3.5282426,0.0,0.0,0.0,0,sms
162.0,36.0,3.5277777,0.0,0.0,0.0,0.30555555,0.074074075,4.5686274,0.0,0.0,0.0,0,sms
23.0,6.0,3.0,0.0,0.0,0.0,0.6666667,0.17391305,3.6835423,0.0,0.0,0.0,0,sms
39.0,8.0,4.0,0.0,0.0,0.0,0.5,0.051282052,3.8011086,0.0,0.0,0.0,0,sms
82.0,19.0,3.368421,2.0,0.0,0.0,0.31578946,0.07317073,4.4593225,0.0,0.0,0.0,0,sms
36.0,9.0,3.1111112,0.0,0.0,0.0,0.22222222,0.083333336,3.726474,0.0,0.0,0.0,0,sms
80.0,15.0,4.4,1.0,0.0,0.0,0.4,0.0375,4.3973756,0.0,0.0,0.0,0,sms
81.0,17.0,3.8235295,2.0,0.0,0.0,0.1764706,0.0,4.2783947,0.0,0.0,0.0,0,sms
10.0,2.0,4.5,0.0,0.0,0.0,0.0,0.0,2.5032582,0.0,0.0,0.0,0,sms
90.0,17.0,4.352941,0.0,0.0,0.0,0.5294118,0.022222223,4.2056975,0.0,0.0,0.0,0,sms
112.0,23.0,3.9130435,2.0,0.0,0.0,0.4347826,0.026785715,4.3826666,0.0,0.0,0.0,0,sms
40.0,8.0,4.125,0.0,0.0,0.0,0.375,0.05,4.1730337,0.0,0.0,0.0,0,sms
72.0,16.0,3.5625,0.0,0.0,0.0,0.6875,0.06944445,4.087558,0.0,0.0,0.0,0,sms
82.0,18.0,3.6111112,0.0,0.0,0.0,0.5,0.09756097,4.3838525,0.0,0.0,0.0,0,sms
37.0,7.0,4.428571,0.0,0.0,0.0,0.2857143,0.054054055,3.990509,0.0,0.0,0.0,0,sms
40.0,6.0,5.8333335,0.0,0.0,0.0,0.16666667,0.075,3.987164,0.0,0.0,0.0,0,sms
39.0,9.0,3.4444444,1.0,0.0,0.0,0.33333334,0.15384616,3.5019526,0.0,0.0,0.0,0,sms
22.0,4.0,4.75,0.0,0.0,0.0,0.25,0.09090909,3.2813735,0.0,0.0,0.0,0,sms
84.0,20.0,3.25,0.0,0.0,0.0,0.2,0.071428575,4.2547703,0.0,0.0,0.0,0,sms
40.0,6.0,5.8333335,0.0,0.0,0.0,0.16666667,0.075,4.011585,0.0,0.0,0.0,0,sms
45.0,10.0,3.6,0.0,0.0,0.0,0.5,0.022222223,4.051462,0.0,0.0,0.0,0,sms
106.0,19.0,4.631579,11.0,0.0,0.0,0.2631579,0.028301887,4.552753,0.0,0.0,0.0,1,sms
32.0,6.0,4.5,0.0,0.0,0.0,0.33333334,0.03125,3.986188,0.0,0.0,0.0,0,sms
97.0,22.0,3.4545455,4.0,0.0,0.0,0.5,0.05154639,4.540709,0.0,0.0,0.0,0,sms
102.0,20.0,4.15,0.0,0.0,0.0,0.6,0.029411765,4.2208366,0.0,0.0,0.0,0,sms
34.0,7.0,4.0,0.0,0.0,0.0,0.71428573,0.029411765,3.566109,0.0,0.0,0.0,0,sms
22.0,6.0,2.8333333,1.0,0.0,0.0,0.16666667,0.045454547,3.7345216,0.0,0.0,0.0,0,sms
51.0,10.0,4.2,0.0,0.0,0.0,0.7,0.019607844,4.089245,0.0,0.0,0.0,0,sms
59.0,11.0,4.4545455,0.0,0.0,0.0,0.36363637,0.0,4.052887,0.0,0.0,0.0,0,sms
33.0,7.0,3.857143,0.0,0.0,0.0,0.42857143,0.121212125,4.060262,0.0,0.0,0.0,0,sms
26.0,6.0,3.5,0.0,0.0,0.0,0.5,0.03846154,3.784942,0.0,0.0,0.0,0,sms
28.0,6.0,3.8333333,0.0,0.0,0.0,0.33333334,0.035714287,3.7294462,0.0,0.0,0.0,0,sms
36.0,6.0,5.1666665,0.0,0.0,0.0,0.16666667,0.1388889,4.0667844,0.0,0.0,0.0,0,sms
44.0,9.0,4.0,1.0,0.0,0.0,0.33333334,0.09090909,3.9274511,0.0,0.0,0.0,0,sms
45.0,8.0,4.75,0.0,0.0,0.0,0.375,0.044444446,3.977805,0.0,0.0,0.0,0,sms
90.0,19.0,3.7894738,0.0,0.0,0.0,0.2631579,0.022222223,4.2471094,0.0,0.0,0.0,0,sms
99.0,21.0,3.7619047,3.0,0.0,0.0,0.47619048,0.04040404,4.308696,0.0,0.0,0.0,0,sms
163.0,31.0,4.290323,15.0,1.0,0.0,0.32258064,0.073619634,4.6377707,0.0,0.0,1.0,1,sms
70.0,13.0,4.4615383,0.0,0.0,0.0,0.53846157,0.071428575,4.248356,0.0,0.0,0.0,0,sms
68.0,15.0,3.6,0.0,0.0,0.0,0.46666667,0.029411765,3.910743,0.0,0.0,0.0,0,sms
104.0,22.0,3.7727273,0.0,0.0,0.0,0.5,0.03846154,4.382197,0.0,0.0,0.0,0,sms
37.0,7.0,4.428571,0.0,0.0,0.0,0.42857143,0.0,3.6151712,0.0,0.0,0.0,0,sms
51.0,10.0,4.2,0.0,0.0,0.0,0.5,0.039215688,4.1485357,0.0,0.0,0.0,0,sms
70.0,12.0,4.9166665,0.0,0.0,0.0,0.16666667,0.042857144,3.8267536,0.0,0.0,0.0,1,sms
23.0,5.0,3.8,0.0,0.0,0.0,0.2,0.08695652,3.6163485,0.0,0.0,0.0,0,sms
251.0,44.0,4.7272725,0.0,0.0,0.0,0.3181818,0.015936255,4.3709865,0.0,0.0,0.0,0,sms
40.0,6.0,5.8333335,0.0,0.0,0.0,0.0,0.125,3.6798813,0.0,0.0,0.0,0,sms
38.0,7.0,4.571429,0.0,0.0,0.0,0.2857143,0.02631579,3.9528196,0.0,0.0,0.0,0,sms
44.0,8.0,4.625,0.0,0.0,0.0,0.5,0.022727273,3.9723065,0.0,0.0,0.0,0,sms
101.0,18.0,4.6666665,0.0,0.0,0.0,0.3888889,0.02970297,4.311828,0.0,0.0,0.0,0,sms
112.0,16.0,6.0625,13.0,0.0,0.0,0.25,0.071428575,4.6156073,0.0,0.0,1.0,1,sms
27.0,7.0,3.0,0.0,0.0,0.0,0.42857143,0.0,3.4273336,0.0,0.0,0.0,0,sms
22.0,4.0,4.75,0.0,0.0,0.0,0.25,0.09090909,3.2813735,0.0,0.0,0.0,0,sms
120.0,24.0,4.0416665,0.0,0.0,0.0,0.5416667,0.06666667,4.4901986,0.0,0.0,0.0,0,sms
157.0,27.0,4.851852,13.0,0.0,0.0,0.37037036,0.025477707,4.6603928,0.0,0.0,0.0,1,sms
51.0,15.0,2.4666667,1.0,0.0,0.0,0.4,0.039215688,4.046763,0.0,0.0,0.0,0,sms
147.0,26.0,4.6923075,10.0,0.0,0.0,0.23076923,0.054421768,4.962368,0.0,0.0,1.0,1,sms
17.0,4.0,3.5,1.0,0.0,0.0,0.25,0.05882353,3.0930693,0.0,0.0,0.0,0,sms
49.0,8.0,5.25,0.0,0.0,0.0,0.375,0.06122449,3.9331696,0.0,0.0,0.0,0,sms
89.0,18.0,4.0,0.0,0.0,0.0,0.2777778,0.02247191,4.525208,0.0,0.0,0.0,0,sms
85.0,5.0,16.2,17.0,0.0,0.0,0.0,0.11764706,4.9335117,0.0,0.0,0.0,1,sms
156.0,27.0,4.814815,5.0,1.0,0.0,0.4074074,0.025641026,4.704357,0.0,0.0,0.0,1,sms
143.0,25.0,4.76,20.0,1.0,0.0,0.32,0.055944055,5.187492,0.0,0.0,1.0,1,sms
7.0,2.0,3.0,0.0,0.0,0.0,0.0,0.14285715,2.5849626,0.0,0.0,0.0,0,sms
26.0,5.0,4.4,0.0,0.0,0.0,0.4,0.03846154,3.6069367,0.0,0.0,0.0,0,sms
3.0,1.0,3.0,0.0,0.0,0.0,0.0,0.0,1.5849625,0.0,0.0,0.0,0,sms
79.0,15.0,4.3333335,0.0,0.0,0.0,0.4,0.03797468,3.9870973,0.0,0.0,0.0,0,sms
35.0,7.0,4.142857,0.0,0.0,0.0,0.14285715,0.057142857,3.97489,0.0,0.0,0.0,0,sms
122.0,26.0,3.7307692,0.0,0.0,0.0,0.46153846,0.057377048,4.2328258,0.0,0.0,0.0,0,sms
54.0,11.0,4.0,0.0,0.0,0.0,0.45454547,0.055555556,4.0726237,0.0,0.0,0.0,0,sms
74.0,14.0,4.357143,0.0,0.0,0.0,0.42857143,0.067567565,4.311164,0.0,0.0,0.0,0,sms
50.0,6.0,7.5,0.0,0.0,0.0,0.5,0.14,3.8588765,0.0,0.0,0.0,0,sms
25.0,4.0,5.25,0.0,0.0,0.0,0.25,0.28,3.8208888,0.0,0.0,0.0,0,sms
61.0,12.0,4.1666665,1.0,0.0,0.0,0.33333334,0.032786883,4.165533,0.0,0.0,0.0,0,sms
35.0,7.0,4.142857,0.0,0.0,0.0,0.42857143,0.08571429,4.090234,0.0,0.0,0.0,0,sms
31.0,6.0,4.3333335,0.0,0.0,0.0,0.33333334,0.0,3.6714056,0.0,0.0,0.0,0,sms
149.0,27.0,4.5555553,22.0,1.0,0.0,0.25925925,0.0,5.1453695,0.0,0.0,1.0,1,sms
79.0,14.0,4.642857,0.0,0.0,0.0,0.21428572,0.07594936,4.1437044,0.0,0.0,0.0,0,sms
169.0,39.0,3.3076923,9.0,0.0,0.0,0.33333334,0.07100592,4.6629066,0.0,0.0,0.0,0,sms
135.0,28.0,3.857143,0.0,0.0,0.0,0.5,0.02962963,4.3729024,0.0,0.0,0.0,0,sms
33.0,6.0,4.6666665,0.0,0.0,0.0,0.33333334,0.0,3.6923807,0.0,0.0,0.0,0,sms
145.0,28.0,4.214286,13.0,0.0,0.0,0.25,0.055172414,4.7527905,0.0,0.0,0.0,1,sms
23.0,6.0,3.0,0.0,0.0,0.0,0.6666667,0.04347826,3.4613202,0.0,0.0,0.0,0,sms
43.0,9.0,3.8888888,1.0,0.0,0.0,0.11111111,0.093023255,4.036007,0.0,0.0,0.0,0,sms
23.0,6.0,3.0,0.0,0.0,0.0,0.6666667,0.04347826,3.4613202,0.0,0.0,0.0,0,sms
65.0,14.0,3.7142856,1.0,0.0,0.0,0.21428572,0.046153847,4.3187385,0.0,0.0,0.0,0,sms
161.0,30.0,4.4,9.0,1.0,0.0,0.26666668,0.03726708,4.9436975,0.0,0.0,1.0,1,sms
65.0,12.0,4.5,0.0,0.0,0.0,0.5833333,0.046153847,4.136664,0.0,0.0,0.0,0,sms
155.0,34.0,3.5882354,0.0,0.0,0.0,0.38235295,0.045161292,4.299338,0.0,0.0,0.0,0,sms
118.0,27.0,3.4074075,0.0,0.0,0.0,0.44444445,0.11016949,4.2873697,0.0,0.0,0.0,0,sms
58.0,15.0,2.9333334,0.0,0.0,0.0,0.46666667,0.05172414,4.03282,0.0,0.0,0.0,0,sms
158.0,22.0,6.2272725,18.0,0.0,1.0,0.18181819,0.06329114,5.3022695,0.0,0.0,0.0,1,sms
34.0,9.0,2.8888888,0.0,0.0,0.0,0.7777778,0.11764706,4.3158245,0.0,0.0,0.0,0,sms
45.0,9.0,4.111111,1.0,0.0,0.0,0.22222222,0.044444446,3.8747485,0.0,0.0,0.0,0,sms
155.0,30.0,4.2,0.0,0.0,0.0,0.33333334,0.045161292,4.329061,0.0,0.0,0.0,0,sms
148.0,21.0,6.095238,40.0,0.0,0.0,0.0952381,0.06081081,5.0711255,0.0,0.0,1.0,1,sms
36.0,7.0,4.285714,0.0,0.0,0.0,0.5714286,0.0,3.589898,0.0,0.0,0.0,0,sms
82.0,15.0,4.5333333,0.0,0.0,0.0,0.4,0.024390243,4.3465724,0.0,0.0,0.0,0,sms
40.0,8.0,3.875,0.0,0.0,0.0,0.375,0.175,4.0022683,0.0,0.0,0.0,0,sms
127.0,26.0,3.9230769,0.0,0.0,0.0,0.5,0.031496063,4.2488422,0.0,0.0,0.0,0,sms
149.0,27.0,4.5555553,1.0,0.0,0.0,0.2962963,0.08053691,4.3226194,0.0,0.0,0.0,0,sms
38.0,8.0,3.875,0.0,0.0,0.0,0.5,0.078947365,3.9535656,0.0,0.0,0.0,0,sms
58.0,11.0,4.2727275,0.0,0.0,0.0,0.27272728,0.03448276,3.9632275,0.0,0.0,0.0,0,sms
61.0,14.0,3.4285715,0.0,0.0,0.0,0.5714286,0.016393442,4.1959825,0.0,0.0,0.0,0,sms
24.0,5.0,4.0,0.0,0.0,0.0,0.4,0.0,3.121928,0.0,0.0,0.0,0,sms
39.0,6.0,5.6666665,0.0,0.0,0.0,0.33333334,0.051282052,4.3005543,0.0,0.0,0.0,0,sms
25.0,5.0,4.2,0.0,0.0,0.0,0.4,0.08,3.975418,0.0,0.0,0.0,0,sms
69.0,13.0,4.1538463,0.0,0.0,0.0,0.46153846,0.17391305,3.8056073,0.0,0.0,0.0,0,sms
33.0,6.0,4.5,0.0,0.0,0.0,0.16666667,0.27272728,3.3739908,0.0,0.0,0.0,0,sms
245.0,56.0,3.392857,0.0,0.0,0.0,0.5714286,0.020408163,4.3607593,0.0,0.0,0.0,0,sms
139.0,29.0,3.8275862,1.0,0.0,0.0,0.20689656,0.107913665,4.4441094,0.0,0.0,0.0,0,sms
166.0,33.0,4.060606,0.0,0.0,0.0,0.3030303,0.060240965,4.4500713,0.0,0.0,0.0,0,sms
122.0,27.0,3.5555556,0.0,0.0,0.0,0.5555556,0.032786883,4.206915,0.0,0.0,0.0,0,sms
56.0,11.0,4.181818,0.0,0.0,0.0,0.45454547,0.017857144,3.9304268,0.0,0.0,0.0,0,sms
32.0,7.0,3.7142856,0.0,0.0,0.0,0.2857143,0.03125,3.6423714,0.0,0.0,0.0,0,sms
35.0,7.0,4.142857,0.0,0.0,0.0,0.42857143,0.057142857,3.9262724,0.0,0.0,0.0,0,sms
35.0,7.0,4.142857,0.0,0.0,0.0,0.2857143,0.114285715,3.771437,0.0,0.0,0.0,0,sms
23.0,4.0,5.0,0.0,0.0,0.0,0.25,0.04347826,3.1464393,0.0,0.0,0.0,0,sms
153.0,25.0,5.16,28.0,1.0,0.0,0.2,0.05882353,4.966811,0.0,0.0,0.0,1,sms
103.0,23.0,3.5217392,0.0,0.0,0.0,0.5652174,0.0,4.0291915,0.0,0.0,0.0,0,sms
134.0,18.0,6.5,29.0,0.0,0.0,0.11111111,0.06716418,5.129144,0.0,0.0,1.0,1,sms
68.0,12.0,4.75,0.0,0.0,0.0,0.41666666,0.04411765,4.2267694,0.0,0.0,0.0,0,sms
49.0,9.0,4.5555553,0.0,0.0,0.0,0.6666667,0.020408163,3.7324498,0.0,0.0,0.0,0,sms
25.0,5.0,4.2,0.0,0.0,0.0,0.6,0.04,3.4039896,0.0,0.0,0.0,0,sms
64.0,13.0,4.0,0.0,0.0,0.0,0.61538464,0.03125,4.0772405,0.0,0.0,0.0,0,sms
60.0,11.0,4.5454545,0.0,0.0,0.0,0.54545456,0.05,4.1112723,0.0,0.0,0.0,0,sms
40.0,6.0,5.8333335,0.0,0.0,0.0,0.6666667,0.0,3.6931498,0.0,0.0,0.0,0,sms
113.0,25.0,3.52,1.0,0.0,0.0,0.52,0.026548672,4.2864614,0.0,0.0,0.0,0,sms
28.0,5.0,4.8,0.0,0.0,0.0,0.4,0.0,3.8553886,0.0,0.0,0.0,0,sms
329.0,61.0,4.4098363,0.0,0.0,0.0,0.5409836,0.018237082,4.32269,0.0,0.0,0.0,0,sms
54.0,11.0,4.0,0.0,0.0,0.0,0.27272728,0.055555556,4.106937,0.0,0.0,0.0,0,sms
90.0,16.0,4.6875,21.0,0.0,0.0,0.0625,0.033333335,4.8874407,0.0,0.0,1.0,1,sms
158.0,36.0,3.4166667,0.0,0.0,0.0,0.6111111,0.01898734,4.2339983,0.0,0.0,0.0,0,sms
26.0,3.0,8.0,0.0,0.0,0.0,0.33333334,0.07692308,3.7720551,0.0,0.0,0.0,0,sms
160.0,33.0,3.878788,14.0,1.0,0.0,0.18181819,0.03125,4.5694075,0.0,0.0,1.0,1,sms
21.0,4.0,4.5,0.0,0.0,0.0,0.25,0.1904762,3.4613202,0.0,0.0,0.0,0,sms
40.0,8.0,4.125,0.0,0.0,0.0,0.375,0.0,3.836082,0.0,0.0,0.0,0,sms
38.0,8.0,3.875,0.0,0.0,0.0,0.125,0.02631579,4.0022683,0.0,0.0,0.0,0,sms
154.0,30.0,4.1666665,0.0,0.0,0.0,0.53333336,0.051948052,4.450931,0.0,0.0,0.0,0,sms
45.0,10.0,3.6,0.0,0.0,0.0,0.6,0.0,3.8191142,0.0,0.0,0.0,0,sms
42.0,8.0,4.375,0.0,0.0,0.0,0.375,0.04761905,3.8074355,0.0,0.0,0.0,0,sms
160.0,28.0,4.75,2.0,0.0,0.0,0.2857143,0.05,4.7481723,0.0,0.0,0.0,1,sms
34.0,8.0,3.375,0.0,0.0,0.0,0.5,0.05882353,4.134336,0.0,0.0,0.0,0,sms
87.0,18.0,3.8888888,0.0,0.0,0.0,0.3888889,0.08045977,4.278226,0.0,0.0,0.0,0,sms
43.0,9.0,3.8888888,0.0,0.0,0.0,0.44444445,0.046511628,4.0220003,0.0,0.0,0.0,0,sms
51.0,10.0,4.2,0.0,0.0,0.0,0.4,0.039215688,4.0323315,0.0,0.0,0.0,0,sms
91.0,17.0,4.4117646,0.0,0.0,0.0,0.47058824,0.010989011,4.1329083,0.0,0.0,0.0,0,sms
27.0,4.0,6.0,0.0,0.0,0.0,0.25,0.074074075,3.569774,0.0,0.0,0.0,0,sms
98.0,20.0,3.95,0.0,0.0,0.0,0.35,0.010204081,4.2637997,0.0,0.0,0.0,0,sms
153.0,38.0,3.0526316,4.0,0.0,0.0,0.28947368,0.03267974,4.459207,0.0,0.0,0.0,0,sms
63.0,12.0,4.3333335,0.0,0.0,0.0,0.41666666,0.0952381,4.150375,0.0,0.0,0.0,0,sms
273.0,48.0,4.6666665,1.0,0.0,0.0,0.5625,0.06593407,4.5021043,0.0,0.0,0.0,0,sms
22.0,4.0,4.75,0.0,0.0,0.0,0.25,0.09090909,3.2813735,0.0,0.0,0.0,0,sms
66.0,13.0,4.0,0.0,0.0,0.0,0.53846157,0.09090909,4.1813297,0.0,0.0,0.0,0,sms
33.0,7.0,3.857143,0.0,0.0,0.0,0.2857143,0.060606062,3.9400728,0.0,0.0,0.0,0,sms
70.0,15.0,3.7333333,0.0,0.0,0.0,0.46666667,0.042857144,4.2131205,0.0,0.0,0.0,0,sms
96.0,18.0,4.388889,1.0,0.0,0.0,0.2777778,0.09375,4.131393,0.0,0.0,0.0,0,sms
19.0,5.0,3.0,1.0,0.0,0.0,0.0,0.05263158,3.5068905,0.0,0.0,0.0,0,sms
67.0,15.0,3.5333333,0.0,0.0,0.0,0.53333336,0.04477612,3.9656546,0.0,0.0,0.0,0,sms
12.0,3.0,3.3333333,0.0,0.0,0.0,0.33333334,0.25,2.8464394,0.0,0.0,0.0,0,sms
147.0,28.0,4.285714,5.0,0.0,0.0,0.32142857,0.020408163,4.7148414,0.0,0.0,0.0,1,sms
161.0,30.0,4.4,21.0,1.0,0.0,0.33333334,0.049689442,4.8657928,0.0,0.0,0.0,1,sms
37.0,8.0,3.75,0.0,0.0,0.0,0.25,0.054054055,4.1647353,0.0,0.0,0.0,0,sms
57.0,10.0,4.8,0.0,0.0,0.0,0.4,0.12280702,4.1811275,0.0,0.0,0.0,0,sms
125.0,26.0,3.8461537,0.0,0.0,0.0,0.5,0.008,4.1568804,0.0,0.0,0.0,0,sms
26.0,6.0,3.5,0.0,0.0,0.0,0.5,0.03846154,3.7256508,0.0,0.0,0.0,0,sms
