model,source,curve,x,y,threshold
IFOREST,sms,pr,1.0,0.13406317300789664,0.0
IFOREST,sms,pr,1.0,0.13861569864538875,0.007940560728610406
IFOREST,sms,pr,0.9973226238286479,0.1386046511627907,0.01591634861931976
IFOREST,sms,pr,0.9973226238286479,0.13863044287309267,0.019717238500606273
IFOREST,sms,pr,0.9973226238286479,0.13865624418388237,0.02050615562475874
IFOREST,sms,pr,0.9973226238286479,0.13868205510052123,0.0205764857200664
IFOREST,sms,pr,0.9973226238286479,0.1387078756283746,0.021346503940926992
IFOREST,sms,pr,0.9973226238286479,0.1387337057728119,0.021725775644618903
IFOREST,sms,pr,0.9973226238286479,0.13894069377098098,0.022933605734889003
IFOREST,sms,pr,0.9973226238286479,0.13896661070695765,0.02300336905722262
IFOREST,sms,pr,0.9973226238286479,0.13899253731343283,0.024751188612754674
IFOREST,sms,pr,0.9973226238286479,0.13909634055265124,0.025211062847396964
IFOREST,sms,pr,0.9973226238286479,0.13914830033619724,0.025282030818883444
IFOREST,sms,pr,0.9973226238286479,0.13917429478796936,0.02799692680679855
IFOREST,sms,pr,0.9973226238286479,0.13922631283872172,0.028020691364022885
IFOREST,sms,pr,0.9973226238286479,0.13930441286462228,0.028114749596038116
IFOREST,sms,pr,0.9973226238286479,0.13940868263473055,0.02813801833782285
IFOREST,sms,pr,0.9973226238286479,0.13948698745553267,0.028161190389756886
IFOREST,sms,pr,0.9973226238286479,0.13951310861423222,0.02818426655235888
IFOREST,sms,pr,0.9973226238286479,0.1396700412448444,0.02827562797665383
IFOREST,sms,pr,0.9973226238286479,0.1397748592870544,0.028320753453655347
IFOREST,sms,pr,0.9973226238286479,0.13980108838431227,0.030687616717060235
IFOREST,sms,pr,0.9973226238286479,0.13982732732732733,0.030807505962315438
IFOREST,sms,pr,0.9973226238286479,0.13985357612164445,0.030854749368034423
IFOREST,sms,pr,0.9973226238286479,0.13987983477281263,0.030948052525949246
IFOREST,sms,pr,0.9973226238286479,0.14014296463506395,0.030971136496377557
IFOREST,sms,pr,0.9973226238286479,0.14035418236623964,0.031039820737303814
IFOREST,sms,pr,0.9973226238286479,0.1403806293574524,0.031062528832845892
IFOREST,sms,pr,0.9973226238286479,0.14046003016591252,0.03110766957807196
IFOREST,sms,pr,0.9973226238286479,0.1404865170658118,0.03347533367057327
IFOREST,sms,pr,0.9973226238286479,0.14051301395699736,0.033571482838956716
IFOREST,sms,pr,0.9973226238286479,0.14072534945221005,0.03371266986288327
IFOREST,sms,pr,0.9973226238286479,0.1407785336356765,0.03373585759801413
IFOREST,sms,pr,0.9973226238286479,0.14085838532803932,0.03373585759801568
IFOREST,sms,pr,0.9973226238286479,0.14091167013429165,0.033758949378915014
IFOREST,sms,pr,0.9973226238286479,0.1409916729750189,0.03378194599673623
IFOREST,sms,pr,0.9973226238286479,0.1410450586898902,0.033804848232883655
IFOREST,sms,pr,0.9973226238286479,0.14109848484848486,0.03382765685918195
IFOREST,sms,pr,0.9973226238286479,0.14117870001895017,0.03472196511685443
IFOREST,sms,pr,0.9973226238286479,0.1412054586808188,0.035771540156004034
IFOREST,sms,pr,0.9973226238286479,0.14158114785252757,0.036152091716252166
IFOREST,sms,pr,0.9973226238286479,0.14160805930431478,0.036239687222732866
IFOREST,sms,pr,0.9973226238286479,0.1417158074947689,0.03636017554968179
IFOREST,sms,pr,0.9973226238286479,0.1417427701674277,0.03647811797555227
IFOREST,sms,pr,0.9973226238286479,0.1418237197791738,0.036501410344290726
IFOREST,sms,pr,0.9973226238286479,0.14185072353389186,0.03650141034429228
IFOREST,sms,pr,0.9973226238286479,0.14187773757379546,0.03652460592500104
IFOREST,sms,pr,0.9973226238286479,0.1419047619047619,0.03654770551901611
IFOREST,sms,pr,0.9973226238286479,0.14206712433257054,0.03659361990288012
IFOREST,sms,pr,0.9973226238286479,0.14209422086591647,0.03661643624648327
IFOREST,sms,pr,0.9973226238286479,0.1422298587247041,0.03663915971121189
IFOREST,sms,pr,0.9973226238286479,0.142338555598013,0.03668433100838083
IFOREST,sms,pr,0.9973226238286479,0.1425291754352401,0.038918551275959716
IFOREST,sms,pr,0.9973226238286479,0.14255644852659777,0.039010408260548204
IFOREST,sms,pr,0.9973226238286479,0.14258373205741626,0.03929109439711669
IFOREST,sms,pr,0.9973226238286479,0.14261102603369066,0.0393142978260605
IFOREST,sms,pr,0.9973226238286479,0.14263833046142063,0.03933740523582979
IFOREST,sms,pr,0.9973226238286479,0.1426656453466105,0.03936041741811095
IFOREST,sms,pr,0.9973226238286479,0.1426929706952691,0.03938333515484285
IFOREST,sms,pr,0.9973226238286479,0.14274765280705115,0.03940615921836603
IFOREST,sms,pr,0.9973226238286479,0.14280237684493002,0.039406159218367584
IFOREST,sms,pr,0.9973226238286479,0.142829754601227,0.03947407695248399
IFOREST,sms,pr,0.9973226238286479,0.14285714285714285,0.04133243972533984
IFOREST,sms,pr,0.9973226238286479,0.14307662761666987,0.041448277220525166
IFOREST,sms,pr,0.9973226238286479,0.14310411064156742,0.04175665736019484
IFOREST,sms,pr,0.9973226238286479,0.14315910837817064,0.04177085585385751
IFOREST,sms,pr,0.9973226238286479,0.14318662310205652,0.04177811054325086
IFOREST,sms,pr,0.9973226238286479,0.1432141484044598,0.04184632455685652
IFOREST,sms,pr,0.9973226238286479,0.1432416842914824,0.042081722340612686
IFOREST,sms,pr,0.9973226238286479,0.14326923076923076,0.04212804884861691
IFOREST,sms,pr,0.9973226238286479,0.14335193380796613,0.04212804884861846
IFOREST,sms,pr,0.9973226238286479,0.1434623531677258,0.04215106881708034
IFOREST,sms,pr,0.9973226238286479,0.14354527938342967,0.04217399430803735
IFOREST,sms,pr,0.9973226238286479,0.14371141975308643,0.042196826094089535
IFOREST,sms,pr,0.9973226238286479,0.14373914721203937,0.04219682609409109
IFOREST,sms,pr,0.9973226238286479,0.14376688537244306,0.042219564938406416
IFOREST,sms,pr,0.9973226238286479,0.1438223938223938,0.04224221159486218
IFOREST,sms,pr,0.9973226238286479,0.14390573691327024,0.04226476680819886
IFOREST,sms,pr,0.9973226238286479,0.14401701140537407,0.04332669013749516
IFOREST,sms,pr,0.9959839357429718,0.14396284829721362,0.04445396630992415
IFOREST,sms,pr,0.9959839357429718,0.14399071027675633,0.04475572913302369
IFOREST,sms,pr,0.9959839357429718,0.1440185830429733,0.04477944092374266
IFOREST,sms,pr,0.9959839357429718,0.14404646660212972,0.0448030525169683
IFOREST,sms,pr,0.9959839357429718,0.14407436096049575,0.04482656475623383
IFOREST,sms,pr,0.9959839357429718,0.14410226612434632,0.04487329449415142
IFOREST,sms,pr,0.9959839357429718,0.14413018209996126,0.04489651362752897
IFOREST,sms,pr,0.9959839357429718,0.1442979053529868,0.04496559768182857
IFOREST,sms,pr,0.9959839357429718,0.14435389988358557,0.04496559768183012
IFOREST,sms,pr,0.9959839357429718,0.14438191344847662,0.0449884371930265
IFOREST,sms,pr,0.9959839357429718,0.1444379732090856,0.045011183731038525
IFOREST,sms,pr,0.9959839357429718,0.14455022343112492,0.0450338380499999
IFOREST,sms,pr,0.9959839357429718,0.1446064139941691,0.04505640089490281
IFOREST,sms,pr,0.9959839357429718,0.14463452566096424,0.04684030175333103
IFOREST,sms,pr,0.9959839357429718,0.14469078179696615,0.0469475387345077
IFOREST,sms,pr,0.9959839357429718,0.14485981308411214,0.04719133807647223
IFOREST,sms,pr,0.9959839357429718,0.14488802336903603,0.047642487268530626
IFOREST,sms,pr,0.9959839357429718,0.1449162446435528,0.04773520458842033
IFOREST,sms,pr,0.9959839357429718,0.14494447691408532,0.04775814559569955
IFOREST,sms,pr,0.9959839357429718,0.14511410181392628,0.047803747068966784
IFOREST,sms,pr,0.9959839357429718,0.14517073170731706,0.047826409053024085
IFOREST,sms,pr,0.9959839357429718,0.14522740581690416,0.04784897953207423
IFOREST,sms,pr,0.9959839357429718,0.14525575946895744,0.048280722794752484
IFOREST,sms,pr,0.9959839357429718,0.1453125,0.04862057040402125
IFOREST,sms,pr,0.9959839357429718,0.14548298787641767,0.04876171176622675
IFOREST,sms,pr,0.9959839357429718,0.14551144142382164,0.04878503883676753
IFOREST,sms,pr,0.9959839357429718,0.14553990610328638,0.04976379844759273
IFOREST,sms,pr,0.9959839357429718,0.1455683819213461,0.05010936272080561
IFOREST,sms,pr,0.9959839357429718,0.1456253669994128,0.050155352626193576
IFOREST,sms,pr,0.9959839357429718,0.1456538762725137,0.05020297426508533
IFOREST,sms,pr,0.9959839357429718,0.14571092831962398,0.05073963024873265
IFOREST,sms,pr,0.9959839357429718,0.14573947110675808,0.05141435497931803
IFOREST,sms,pr,0.9959839357429718,0.14576802507836992,0.051507790610175685
IFOREST,sms,pr,0.9959839357429718,0.14582516660133282,0.05157770970773285
IFOREST,sms,pr,0.9959839357429718,0.14585375416584984,0.05248853588789852
IFOREST,sms,pr,0.9959839357429718,0.14588235294117646,0.05258395094304936
IFOREST,sms,pr,0.9959839357429718,0.14591096293390862,0.05280909899182191
IFOREST,sms,pr,0.9946452476572959,0.14574342879560612,0.05282488995021616
IFOREST,sms,pr,0.9946452476572959,0.1457720227584854,0.05295071341936489
IFOREST,sms,pr,0.9946452476572959,0.14580062794348508,0.05299528664314403
IFOREST,sms,pr,0.9946452476572959,0.14582924435721295,0.05403815038970179
IFOREST,sms,pr,0.9946452476572959,0.1458578720062819,0.054058422589651274
IFOREST,sms,pr,0.9946452476572959,0.14591516103692065,0.05429078404284737
IFOREST,sms,pr,0.9946452476572959,0.14594382243174228,0.055550159929466894
IFOREST,sms,pr,0.9946452476572959,0.14600117901355866,0.05572251847127785
IFOREST,sms,pr,0.9946452476572959,0.1461447678992919,0.05589500068733908
IFOREST,sms,pr,0.9946452476572959,0.1461735195750541,0.05621273891456221
IFOREST,sms,pr,0.9946452476572959,0.14620228256591894,0.056254762706047845
IFOREST,sms,pr,0.9946452476572959,0.14623105687856722,0.05627732264084922
IFOREST,sms,pr,0.9946452476572959,0.14625984251968505,0.056324913756447055
IFOREST,sms,pr,0.9946452476572959,0.14628863949596377,0.05639574335278611
IFOREST,sms,pr,0.9946452476572959,0.14631744781410003,0.05655698074942478
IFOREST,sms,pr,0.9946452476572959,0.14634626748079574,0.05655726255431667
IFOREST,sms,pr,0.9946452476572959,0.14637509850275807,0.056580228074949834
IFOREST,sms,pr,0.9946452476572959,0.1464327946393378,0.057967169853613665
IFOREST,sms,pr,0.9946452476572959,0.14649053627760253,0.05808094565125378
IFOREST,sms,pr,0.9946452476572959,0.14651942417669098,0.05832379631170891
IFOREST,sms,pr,0.9946452476572959,0.1465483234714004,0.05842390050648817
IFOREST,sms,pr,0.9946452476572959,0.14666403474141335,0.05870458258135211
IFOREST,sms,pr,0.9946452476572959,0.14669299111549852,0.059004320301464346
IFOREST,sms,pr,0.9946452476572959,0.1467219589257504,0.05907438933321529
IFOREST,sms,pr,0.9946452476572959,0.1467509381789453,0.05912130509928866
IFOREST,sms,pr,0.9946452476572959,0.14677992888186486,0.059215032803517774
IFOREST,sms,pr,0.9946452476572959,0.1468089310412962,0.05921532176153994
IFOREST,sms,pr,0.9946452476572959,0.14683794466403163,0.05930750112309959
IFOREST,sms,pr,0.9946452476572959,0.14695411392405064,0.0593302871245372
IFOREST,sms,pr,0.9946452476572959,0.14698318496538082,0.059352980746930135
IFOREST,sms,pr,0.9946452476572959,0.1470413615673857,0.05946766756596812
IFOREST,sms,pr,0.9946452476572959,0.14707046714172606,0.05949817810369801
IFOREST,sms,pr,0.9946452476572959,0.1470995842407444,0.05951314807084887
IFOREST,sms,pr,0.9946452476572959,0.14715785304020598,0.05965292028428279
IFOREST,sms,pr,0.9946452476572959,0.14724534284581847,0.06050495762694961
IFOREST,sms,pr,0.9946452476572959,0.14727452923686818,0.06072426297157281
IFOREST,sms,pr,0.9946452476572959,0.14730372720063442,0.06152466435746905
IFOREST,sms,pr,0.9946452476572959,0.14733293674400158,0.061917956689994655
IFOREST,sms,pr,0.9946452476572959,0.1473621578738596,0.06194093710608357
IFOREST,sms,pr,0.9946452476572959,0.14739139059710374,0.06198661691504888
IFOREST,sms,pr,0.9946452476572959,0.14747915839618897,0.06199253746845782
IFOREST,sms,pr,0.9946452476572959,0.1475084375620409,0.06203576652368508
IFOREST,sms,pr,0.9946452476572959,0.14753772835583798,0.0620590339403431
IFOREST,sms,pr,0.9946452476572959,0.14756703078450845,0.06210442772678911
IFOREST,sms,pr,0.9946452476572959,0.1475963448549861,0.062151148657292196
IFOREST,sms,pr,0.9946452476572959,0.14762567057421022,0.0621735680260579
IFOREST,sms,pr,0.9946452476572959,0.1476550079491256,0.062288008140774696
IFOREST,sms,pr,0.9946452476572959,0.14768435698668256,0.06321666510443269
IFOREST,sms,pr,0.9933065595716198,0.14751491053677931,0.06339306875283207
IFOREST,sms,pr,0.9933065595716198,0.1475442433883476,0.06440889159444069
IFOREST,sms,pr,0.9933065595716198,0.14760294410185001,0.06449928399113213
IFOREST,sms,pr,0.9933065595716198,0.14763231197771587,0.06457629404030797
IFOREST,sms,pr,0.9933065595716198,0.14766169154228856,0.0646943385663085
IFOREST,sms,pr,0.9933065595716198,0.14769108280254778,0.06471780864739028
IFOREST,sms,pr,0.9933065595716198,0.1477204857654788,0.06474118079474252
IFOREST,sms,pr,0.9933065595716198,0.14777932682732522,0.06476212286292309
IFOREST,sms,pr,0.9933065595716198,0.14780876494023903,0.06476445582255808
IFOREST,sms,pr,0.9933065595716198,0.14783821478382148,0.064786666600646
IFOREST,sms,pr,0.9933065595716198,0.1478676763650857,0.06478763453490934
IFOREST,sms,pr,0.9933065595716198,0.14789714969105042,0.06485660067175553
IFOREST,sms,pr,0.9933065595716198,0.14792663476874005,0.06485736542495228
IFOREST,sms,pr,0.9933065595716198,0.14795613160518445,0.06487997321120222
IFOREST,sms,pr,0.9933065595716198,0.14801516058248554,0.06490277457040534
IFOREST,sms,pr,0.9933065595716198,0.14804469273743018,0.06492605005283118
IFOREST,sms,pr,0.9933065595716198,0.14807423667930553,0.06497193826332008
IFOREST,sms,pr,0.9933065595716198,0.14810379241516966,0.06497231285980176
IFOREST,sms,pr,0.9933065595716198,0.1481629392971246,0.0650180109347244
IFOREST,sms,pr,0.9933065595716198,0.14825174825174825,0.06501819670182159
IFOREST,sms,pr,0.9933065595716198,0.1483110133919648,0.06531645609738473
IFOREST,sms,pr,0.9933065595716198,0.1483406637345062,0.06542254312841937
IFOREST,sms,pr,0.9933065595716198,0.14837032593481303,0.06556226602848501
IFOREST,sms,pr,0.9933065595716198,0.1484,0.06613543794306115
IFOREST,sms,pr,0.9933065595716198,0.1484593837535014,0.06616895342185276
IFOREST,sms,pr,0.9933065595716198,0.14848909345607364,0.06667005368579593
IFOREST,sms,pr,0.9933065595716198,0.14851881505204162,0.06735159913394688
IFOREST,sms,pr,0.9933065595716198,0.14854854854854854,0.06749238025497956
IFOREST,sms,pr,0.9933065595716198,0.1485782939527433,0.06749356170725315
IFOREST,sms,pr,0.9933065595716198,0.1486080512717805,0.06751458838493511
IFOREST,sms,pr,0.9933065595716198,0.1486378205128205,0.06755903421723977
IFOREST,sms,pr,0.9933065595716198,0.14866760168302945,0.06756370268770312
IFOREST,sms,pr,0.9933065595716198,0.14869739478957916,0.06758165864004514
IFOREST,sms,pr,0.9933065595716198,0.14872719983964722,0.06758301519113775
IFOREST,sms,pr,0.9933065595716198,0.14881668672282392,0.06763355259467592
IFOREST,sms,pr,0.9933065595716198,0.1489062813566125,0.06765673934524931
IFOREST,sms,pr,0.9933065595716198,0.14893617021276595,0.06767983054136646
IFOREST,sms,pr,0.9933065595716198,0.14902590881703154,0.06770254245522682
IFOREST,sms,pr,0.9933065595716198,0.14905584572117317,0.06772591829235391
IFOREST,sms,pr,0.9933065595716198,0.1490857946554149,0.06774882078769372
IFOREST,sms,pr,0.9933065595716198,0.14911575562700966,0.06774891484669589
IFOREST,sms,pr,0.9933065595716198,0.14914572864321607,0.06777069319839696
IFOREST,sms,pr,0.9933065595716198,0.14917571371129876,0.06777069319839851
IFOREST,sms,pr,0.9933065595716198,0.14920571083852804,0.06777181740567342
IFOREST,sms,pr,0.9933065595716198,0.14923572003218022,0.06781734359034068
IFOREST,sms,pr,0.9933065595716198,0.14932582008452405,0.06783996871929428
IFOREST,sms,pr,0.9933065595716198,0.14935587761674718,0.06788568111033218
IFOREST,sms,pr,0.9933065595716198,0.1493859472518623,0.06808083028009541
IFOREST,sms,pr,0.9933065595716198,0.14941602899718082,0.06809326384879122
IFOREST,sms,pr,0.9933065595716198,0.14944612286002015,0.06845434871017225
IFOREST,sms,pr,0.9933065595716198,0.14953647722692462,0.06925068524755437
IFOREST,sms,pr,0.9933065595716198,0.14956661963313847,0.06987143178056866
IFOREST,sms,pr,0.9933065595716198,0.1495967741935484,0.0701518321486218
IFOREST,sms,pr,0.9933065595716198,0.14962694091550716,0.07017530581368539
IFOREST,sms,pr,0.9933065595716198,0.1496873108735122,0.07019879144371313
IFOREST,sms,pr,0.9933065595716198,0.1497175141242938,0.07031564866470491
IFOREST,sms,pr,0.9933065595716198,0.14980819705229154,0.07033865241498664
IFOREST,sms,pr,0.9933065595716198,0.14983844911147012,0.07034041058069067
IFOREST,sms,pr,0.9933065595716198,0.1498687133912341,0.0703604918185572
IFOREST,sms,pr,0.9933065595716198,0.1498989898989899,0.070433193906217
IFOREST,sms,pr,0.9933065595716198,0.14992927864214992,0.07045686916413717
IFOREST,sms,pr,0.9933065595716198,0.14995957962813258,0.07047949225167985
IFOREST,sms,pr,0.9933065595716198,0.15005055611729018,0.07050164484383378
IFOREST,sms,pr,0.9933065595716198,0.15008090614886732,0.07054832463038663
IFOREST,sms,pr,0.9933065595716198,0.15011126846044912,0.07054879513191477
IFOREST,sms,pr,0.9933065595716198,0.1501416430594901,0.07054917150470247
IFOREST,sms,pr,0.9933065595716198,0.15017202995345072,0.07057095722511646
IFOREST,sms,pr,0.9933065595716198,0.15020242914979756,0.07057151954714908
IFOREST,sms,pr,0.9933065595716198,0.15023284065600323,0.07057208181276954
IFOREST,sms,pr,0.9933065595716198,0.15026326447954638,0.07059489885945976
IFOREST,sms,pr,0.9933065595716198,0.1502937006279117,0.0706405338987324
IFOREST,sms,pr,0.9933065595716198,0.15032414910858996,0.07085731101992032
IFOREST,sms,pr,0.9933065595716198,0.150354609929078,0.07096380681445454
IFOREST,sms,pr,0.9933065595716198,0.1503850830968788,0.07109173212780094
IFOREST,sms,pr,0.9933065595716198,0.15050709939148074,0.07111881770973343
IFOREST,sms,pr,0.9933065595716198,0.15053763440860216,0.07129669596520596
IFOREST,sms,pr,0.9933065595716198,0.15056818181818182,0.07161322939137328
IFOREST,sms,pr,0.9933065595716198,0.15059874162776538,0.07173272927098291
IFOREST,sms,pr,0.9933065595716198,0.15062931384490458,0.0724320196216024
IFOREST,sms,pr,0.9933065595716198,0.15069049553208774,0.07243632651884521
IFOREST,sms,pr,0.9933065595716198,0.1507823613086771,0.07247851654559202
IFOREST,sms,pr,0.9933065595716198,0.1508130081300813,0.07250162119495933
IFOREST,sms,pr,0.9933065595716198,0.15084366741207564,0.07253159519650722
IFOREST,sms,pr,0.9933065595716198,0.15090502338824485,0.07270003263280672
IFOREST,sms,pr,0.9933065595716198,0.15093572009764036,0.07281480897307292
IFOREST,sms,pr,0.9933065595716198,0.15096642929806714,0.07285741582795899
IFOREST,sms,pr,0.9933065595716198,0.150997150997151,0.07288100892921964
IFOREST,sms,pr,0.9933065595716198,0.15102788520252391,0.07293407048651246
IFOREST,sms,pr,0.9933065595716198,0.15105863192182412,0.07299626889200508
IFOREST,sms,pr,0.9933065595716198,0.15108939116269599,0.07304657089090823
IFOREST,sms,pr,0.9933065595716198,0.15112016293279024,0.07309287910592999
IFOREST,sms,pr,0.9933065595716198,0.1511509472397637,0.07314154407227849
IFOREST,sms,pr,0.9933065595716198,0.15118174409127955,0.07316474625434916
IFOREST,sms,pr,0.9933065595716198,0.15121255349500715,0.0732116364418801
IFOREST,sms,pr,0.9933065595716198,0.1512433754586221,0.07321163644188165
IFOREST,sms,pr,0.9933065595716198,0.1512742099898063,0.07325804205952964
IFOREST,sms,pr,0.9933065595716198,0.15145948152684222,0.07327838515281021
IFOREST,sms,pr,0.9933065595716198,0.15149040424663127,0.07328124456798724
IFOREST,sms,pr,0.9933065595716198,0.15155228758169934,0.07330283288909463
IFOREST,sms,pr,0.9933065595716198,0.1515832482124617,0.07332679642941166
IFOREST,sms,pr,0.9933065595716198,0.15161422149570902,0.07332717449075447
IFOREST,sms,pr,0.9933065595716198,0.15164520743919885,0.07334999913049484
IFOREST,sms,pr,0.9933065595716198,0.151676206050695,0.07335037563062792
IFOREST,sms,pr,0.9933065595716198,0.1517072173379677,0.07339537155045049
IFOREST,sms,pr,0.9933065595716198,0.15173824130879346,0.07339583837886142
IFOREST,sms,pr,0.9933065595716198,0.1518624641833811,0.07341903664361435
IFOREST,sms,pr,0.9933065595716198,0.1518935516888434,0.07346440944179759
IFOREST,sms,pr,0.9933065595716198,0.15192465192465193,0.0739842412997818
IFOREST,sms,pr,0.9933065595716198,0.1519557648986279,0.07455347724783722
IFOREST,sms,pr,0.9933065595716198,0.15198689061859894,0.07509523615278968
IFOREST,sms,pr,0.9933065595716198,0.1520180290923991,0.07525245147541623
IFOREST,sms,pr,0.9933065595716198,0.15204918032786885,0.07529300273567834
IFOREST,sms,pr,0.9933065595716198,0.15208034433285508,0.07530750719123949
IFOREST,sms,pr,0.9933065595716198,0.15211152111521115,0.07542003612566689
IFOREST,sms,pr,0.9933065595716198,0.15217391304347827,0.07568586227864818
IFOREST,sms,pr,0.9933065595716198,0.15220512820512822,0.07575491926363159
IFOREST,sms,pr,0.9933065595716198,0.15223635617562578,0.0758235083527485
IFOREST,sms,pr,0.9933065595716198,0.15226759696285655,0.07587182977924391
IFOREST,sms,pr,0.9933065595716198,0.15229885057471265,0.07591884665323233
IFOREST,sms,pr,0.9933065595716198,0.15233011701909258,0.07592727768262827
IFOREST,sms,pr,0.9933065595716198,0.15236139630390144,0.07594186597280035
IFOREST,sms,pr,0.9933065595716198,0.15239268843705073,0.07599053124989287
IFOREST,sms,pr,0.9933065595716198,0.15242399342645852,0.07601345186871135
IFOREST,sms,pr,0.9933065595716198,0.1524553112800493,0.0761289403658005
IFOREST,sms,pr,0.9933065595716198,0.15251798561151078,0.07612931855506053
IFOREST,sms,pr,0.9933065595716198,0.15254934210526316,0.07615215091752568
IFOREST,sms,pr,0.9933065595716198,0.15258071149496197,0.07617432801037097
IFOREST,sms,pr,0.9933065595716198,0.15264348899403415,0.07619800567561978
IFOREST,sms,pr,0.9933065595716198,0.15267489711934157,0.07622065371507819
IFOREST,sms,pr,0.9933065595716198,0.15286361763494025,0.07622102577087231
IFOREST,sms,pr,0.9933065595716198,0.15289511642283124,0.07626659993960119
IFOREST,sms,pr,0.9933065595716198,0.15298969072164947,0.0770411248878128
IFOREST,sms,pr,0.9933065595716198,0.15302124149309135,0.07775460644690947
IFOREST,sms,pr,0.9933065595716198,0.1530843820920157,0.07790733697085941
IFOREST,sms,pr,0.9933065595716198,0.153115971935617,0.07798817034409775
IFOREST,sms,pr,0.9933065595716198,0.15314757481940144,0.07812932408075136
IFOREST,sms,pr,0.9919678714859438,0.15297274979355904,0.07824737439417113
IFOREST,sms,pr,0.9919678714859438,0.15300433615527564,0.07832423019665812
IFOREST,sms,pr,0.9919678714859438,0.15303593556381662,0.07845575777144584
IFOREST,sms,pr,0.9919678714859438,0.15309917355371902,0.07853476320940028
IFOREST,sms,pr,0.9919678714859438,0.15313081215127092,0.07869104968114811
IFOREST,sms,pr,0.9919678714859438,0.15316246382802812,0.0787186263199845
IFOREST,sms,pr,0.9919678714859438,0.15319412859210255,0.07876870416187438
IFOREST,sms,pr,0.9919678714859438,0.1532258064516129,0.07878950327025913
IFOREST,sms,pr,0.9919678714859438,0.15325749741468458,0.07885987927297232
IFOREST,sms,pr,0.9919678714859438,0.153416149068323,0.07886294424909368
IFOREST,sms,pr,0.9919678714859438,0.15347970173985087,0.07888530535196878
IFOREST,sms,pr,0.9919678714859438,0.15351149782473586,0.0788862590057443
IFOREST,sms,pr,0.9919678714859438,0.15357512953367874,0.07890871752324159
IFOREST,sms,pr,0.9919678714859438,0.15363881401617252,0.07893241072588948
IFOREST,sms,pr,0.9919678714859438,0.15367067606802157,0.07895477983442042
IFOREST,sms,pr,0.9919678714859438,0.1537025513378967,0.07895525081369306
IFOREST,sms,pr,0.9919678714859438,0.1537344398340249,0.07895553338227969
IFOREST,sms,pr,0.9919678714859438,0.15376634156463997,0.07897856113972082
IFOREST,sms,pr,0.9919678714859438,0.15379825653798257,0.07902414897087273
IFOREST,sms,pr,0.9919678714859438,0.15383018476230018,0.07904708273156182
IFOREST,sms,pr,0.9919678714859438,0.15386212624584716,0.07906992313540348
IFOREST,sms,pr,0.9919678714859438,0.15389408099688473,0.07910106441469332
IFOREST,sms,pr,0.9919678714859438,0.15392604902368093,0.07949873910489323
IFOREST,sms,pr,0.9919678714859438,0.1539580303345107,0.07975193538448337
IFOREST,sms,pr,0.9919678714859438,0.15399002493765587,0.07989707851905103
IFOREST,sms,pr,0.9919678714859438,0.15402203284140512,0.07996084724912511
IFOREST,sms,pr,0.9919678714859438,0.15405405405405406,0.08044255841221651
IFOREST,sms,pr,0.9919678714859438,0.15408608858390518,0.08080852220136103
IFOREST,sms,pr,0.9919678714859438,0.1541181364392679,0.0809457308418025
IFOREST,sms,pr,0.9919678714859438,0.1541501976284585,0.08099151561978886
IFOREST,sms,pr,0.9919678714859438,0.15418227215980024,0.0810979224787208
IFOREST,sms,pr,0.9919678714859438,0.15424646128226477,0.08119960073788829
IFOREST,sms,pr,0.9919678714859438,0.15431070387338608,0.08122070121067096
IFOREST,sms,pr,0.9919678714859438,0.15434284524057487,0.08126946995592917
IFOREST,sms,pr,0.9919678714859438,0.154375,0.08136168769484485
IFOREST,sms,pr,0.9919678714859438,0.15440716816003333,0.08142314458778356
IFOREST,sms,pr,0.9919678714859438,0.15443934972905377,0.08164219459635311
IFOREST,sms,pr,0.9919678714859438,0.15447154471544716,0.08164296422646347
IFOREST,sms,pr,0.9919678714859438,0.1546004590027123,0.08164354137979046
IFOREST,sms,pr,0.9919678714859438,0.15463272120200333,0.08166375815694277
IFOREST,sms,pr,0.9919678714859438,0.15466499686912963,0.08166581178456818
IFOREST,sms,pr,0.9919678714859438,0.1546972860125261,0.08166696134322955
IFOREST,sms,pr,0.9919678714859438,0.1547295886406348,0.08168761244565591
IFOREST,sms,pr,0.9919678714859438,0.15476190476190477,0.08169028398843538
IFOREST,sms,pr,0.9919678714859438,0.15479423438479215,0.08169028398843692
IFOREST,sms,pr,0.9919678714859438,0.15482657751776013,0.08169047476426831
IFOREST,sms,pr,0.9919678714859438,0.15485893416927898,0.08173645132403273
IFOREST,sms,pr,0.9919678714859438,0.15489130434782608,0.08178261735287495
IFOREST,sms,pr,0.9919678714859438,0.1549560853199498,0.08187382562271019
IFOREST,sms,pr,0.9919678714859438,0.15511827506803433,0.08187401026092368
IFOREST,sms,pr,0.9919678714859438,0.1551507537688442,0.08196506878304509
IFOREST,sms,pr,0.9919678714859438,0.15518324607329842,0.0823941853151741
IFOREST,sms,pr,0.9919678714859438,0.15521575198994553,0.08256568803935986
IFOREST,sms,pr,0.9919678714859438,0.1552482715273413,0.08289486366625581
IFOREST,sms,pr,0.9919678714859438,0.15528080469404862,0.08292367108745852
IFOREST,sms,pr,0.9919678714859438,0.1553133514986376,0.08298256236996869
IFOREST,sms,pr,0.9919678714859438,0.15534591194968553,0.0832867852563255
IFOREST,sms,pr,0.9919678714859438,0.1553784860557769,0.08336652844633868
IFOREST,sms,pr,0.9919678714859438,0.15547629039026437,0.08349426948364291
IFOREST,sms,pr,0.9919678714859438,0.15550891920251836,0.08363429011707774
IFOREST,sms,pr,0.9919678714859438,0.15554156171284636,0.08373781048396614
IFOREST,sms,pr,0.9919678714859438,0.15557421792987614,0.0837496924444922
IFOREST,sms,pr,0.9919678714859438,0.15563957151858854,0.08376075728866848
IFOREST,sms,pr,0.9919678714859438,0.15567226890756303,0.0838686049347217
IFOREST,sms,pr,0.9919678714859438,0.15570498003782307,0.08402754524843276
IFOREST,sms,pr,0.9919678714859438,0.1557377049180328,0.0840728639702151
IFOREST,sms,pr,0.9919678714859438,0.15577044355686356,0.08421285542316745
IFOREST,sms,pr,0.9919678714859438,0.1558031959629941,0.08437440679389296
IFOREST,sms,pr,0.9919678714859438,0.15583596214511042,0.08437830536115408
IFOREST,sms,pr,0.9919678714859438,0.15586874211190577,0.08442584278248817
IFOREST,sms,pr,0.9919678714859438,0.1559015358720808,0.08444618953928142
IFOREST,sms,pr,0.9919678714859438,0.15593434343434343,0.08444618953928297
IFOREST,sms,pr,0.9919678714859438,0.15596716480740896,0.0844490765792801
IFOREST,sms,pr,0.9919678714859438,0.156,0.0844954485544421
IFOREST,sms,pr,0.9919678714859438,0.1560328490208465,0.08456429621671803
IFOREST,sms,pr,0.9919678714859438,0.15606571187868576,0.08458705910204722
IFOREST,sms,pr,0.9919678714859438,0.1561314791403287,0.08465619028782849
IFOREST,sms,pr,0.9919678714859438,0.15616438356164383,0.08472571434461841
IFOREST,sms,pr,0.9919678714859438,0.1561973018549747,0.08479678733731312
IFOREST,sms,pr,0.9919678714859438,0.1562302340290955,0.0850694778635334
IFOREST,sms,pr,0.9919678714859438,0.15626318009278786,0.08507324374029716
IFOREST,sms,pr,0.9919678714859438,0.15629614005484074,0.08518082474849883
IFOREST,sms,pr,0.9919678714859438,0.15632911392405063,0.08528993343151481
IFOREST,sms,pr,0.9919678714859438,0.15636210170922135,0.08530497227467881
IFOREST,sms,pr,0.9919678714859438,0.1563951034191642,0.08554995713366399
IFOREST,sms,pr,0.9919678714859438,0.1564281190626979,0.08601024730198534
IFOREST,sms,pr,0.9919678714859438,0.15646114864864866,0.08606691081556787
IFOREST,sms,pr,0.9919678714859438,0.15649419218585006,0.08648380350095865
IFOREST,sms,pr,0.9919678714859438,0.15652724968314322,0.08657027050768491
IFOREST,sms,pr,0.9919678714859438,0.1565603211493767,0.08660459500098822
IFOREST,sms,pr,0.9919678714859438,0.1565934065934066,0.08666193708933513
IFOREST,sms,pr,0.9919678714859438,0.15665961945031712,0.08670677789562578
IFOREST,sms,pr,0.9919678714859438,0.15669274688094734,0.08673915902671687
IFOREST,sms,pr,0.9919678714859438,0.1567258883248731,0.08690390035518296
IFOREST,sms,pr,0.9919678714859438,0.15675904379098793,0.08692479663235317
IFOREST,sms,pr,0.9906291834002677,0.15658061785865426,0.08692561167774805
IFOREST,sms,pr,0.9906291834002677,0.15661375661375662,0.0869268478990924
IFOREST,sms,pr,0.9906291834002677,0.15664690939881457,0.08694838104447782
IFOREST,sms,pr,0.9906291834002677,0.15668007622273977,0.08694894911714615
IFOREST,sms,pr,0.9906291834002677,0.1567132570944515,0.0869509963994601
IFOREST,sms,pr,0.9906291834002677,0.15674645202287651,0.0870434623872724
IFOREST,sms,pr,0.9906291834002677,0.15677966101694915,0.08710965104136173
IFOREST,sms,pr,0.9906291834002677,0.15681288408561136,0.08718496823224677
IFOREST,sms,pr,0.9906291834002677,0.15684612123781264,0.0873013714085779
IFOREST,sms,pr,0.9906291834002677,0.15687937248251008,0.08746226028512127
IFOREST,sms,pr,0.9906291834002677,0.15691263782866835,0.08753048098453149
IFOREST,sms,pr,0.9906291834002677,0.1569459172852598,0.08760058797848284
IFOREST,sms,pr,0.9906291834002677,0.15697921086126432,0.08767216097272093
IFOREST,sms,pr,0.9906291834002677,0.15701251856566942,0.08769037945705326
IFOREST,sms,pr,0.9906291834002677,0.1570458404074703,0.08778742539093072
IFOREST,sms,pr,0.9906291834002677,0.1570791763956697,0.08828483181381418
IFOREST,sms,pr,0.9906291834002677,0.15711252653927812,0.08836622662863629
IFOREST,sms,pr,0.9906291834002677,0.15714589084731365,0.08859555690762387
IFOREST,sms,pr,0.9906291834002677,0.15717926932880205,0.08894301964630769
IFOREST,sms,pr,0.9906291834002677,0.15721266199277673,0.08905962891637395
IFOREST,sms,pr,0.9906291834002677,0.1572460688482788,0.08908244642219314
IFOREST,sms,pr,0.9906291834002677,0.15727948990435706,0.08927791763739569
IFOREST,sms,pr,0.9906291834002677,0.15731292517006804,0.08930800776272324
IFOREST,sms,pr,0.9906291834002677,0.15734637465447587,0.08945403518188182
IFOREST,sms,pr,0.9906291834002677,0.15737983836665248,0.08952189896649829
IFOREST,sms,pr,0.9906291834002677,0.1574133163156775,0.08965238945687345
IFOREST,sms,pr,0.9906291834002677,0.1574468085106383,0.08966346621160934
IFOREST,sms,pr,0.9906291834002677,0.15748031496062992,0.08975684854503238
IFOREST,sms,pr,0.9906291834002677,0.15754737066212476,0.08987415792821907
IFOREST,sms,pr,0.9906291834002677,0.15768165352652888,0.09008163722498126
IFOREST,sms,pr,0.9906291834002677,0.1577152600170503,0.09019837714158403
IFOREST,sms,pr,0.9906291834002677,0.15774888083564273,0.09019991619881637
IFOREST,sms,pr,0.9906291834002677,0.15778251599147122,0.09022335094015839
IFOREST,sms,pr,0.9906291834002677,0.15784982935153583,0.09031600243687465
IFOREST,sms,pr,0.9906291834002677,0.15788350757414124,0.09038468980738533
IFOREST,sms,pr,0.9906291834002677,0.1579172001707213,0.09043875146108336
IFOREST,sms,pr,0.9906291834002677,0.15795090715048027,0.09066289337743035
IFOREST,sms,pr,0.9906291834002677,0.15798462852263023,0.09066392865223251
IFOREST,sms,pr,0.9906291834002677,0.1580183642963912,0.09070277730646621
IFOREST,sms,pr,0.9906291834002677,0.15805211448099102,0.09075356725893083
IFOREST,sms,pr,0.9906291834002677,0.15808587908566546,0.09084913187931676
IFOREST,sms,pr,0.9906291834002677,0.1581196581196581,0.09096311257860257
IFOREST,sms,pr,0.9906291834002677,0.15815345159222055,0.09111299236301137
IFOREST,sms,pr,0.9906291834002677,0.15818725951261223,0.0912046470826453
IFOREST,sms,pr,0.9906291834002677,0.15822108189010048,0.09149492968481365
IFOREST,sms,pr,0.9906291834002677,0.15825491873396064,0.09184065789064105
IFOREST,sms,pr,0.9906291834002677,0.15828877005347594,0.09263162009931375
IFOREST,sms,pr,0.9906291834002677,0.15835651615664456,0.09269983889777013
IFOREST,sms,pr,0.9906291834002677,0.1583904109589041,0.09291073603584918
IFOREST,sms,pr,0.9906291834002677,0.15842432027403125,0.09304664568164929
IFOREST,sms,pr,0.9906291834002677,0.15849218248018848,0.09309984961328602
IFOREST,sms,pr,0.9906291834002677,0.15856010284979644,0.0931085549865665
IFOREST,sms,pr,0.9906291834002677,0.15859408486926704,0.0931710953753688
IFOREST,sms,pr,0.9906291834002677,0.15869611837872613,0.09326083664253834
IFOREST,sms,pr,0.9906291834002677,0.15873015873015872,0.09328255011295379
IFOREST,sms,pr,0.9906291834002677,0.15876421368804977,0.09337947505853643
IFOREST,sms,pr,0.9906291834002677,0.15879828326180256,0.09358624797345297
IFOREST,sms,pr,0.9906291834002677,0.15883236746082852,0.09365649268935208
IFOREST,sms,pr,0.9906291834002677,0.158866466294547,0.09383042006917709
IFOREST,sms,pr,0.9906291834002677,0.15890057977238567,0.0938791947292108
IFOREST,sms,pr,0.9906291834002677,0.15893470790378006,0.09404069964292232
IFOREST,sms,pr,0.9906291834002677,0.158968850698174,0.09422396109061396
IFOREST,sms,pr,0.9906291834002677,0.15900300816501933,0.09496232423195984
IFOREST,sms,pr,0.9906291834002677,0.15903718031377606,0.09520097777824447
IFOREST,sms,pr,0.9906291834002677,0.1590713671539123,0.09536729488470252
IFOREST,sms,pr,0.9906291834002677,0.15910556869490433,0.09537103925050831
IFOREST,sms,pr,0.9906291834002677,0.15920826161790017,0.0953732046341389
IFOREST,sms,pr,0.9906291834002677,0.15924252205724124,0.0955370271308433
IFOREST,sms,pr,0.9906291834002677,0.1592767972449419,0.09588512041323889
IFOREST,sms,pr,0.9906291834002677,0.15931108719052745,0.09604715230046386
IFOREST,sms,pr,0.9906291834002677,0.15934539190353145,0.09604994743195387
IFOREST,sms,pr,0.9906291834002677,0.15937971139349558,0.09609638427646923
IFOREST,sms,pr,0.9906291834002677,0.15941404566996983,0.09618849743974027
IFOREST,sms,pr,0.9906291834002677,0.15948275862068967,0.0966156406282799
IFOREST,sms,pr,0.9906291834002677,0.1595171373140763,0.09670747009471926
IFOREST,sms,pr,0.9906291834002677,0.1595515308322553,0.09673246882784159
IFOREST,sms,pr,0.9906291834002677,0.15958593918481778,0.0967529704801414
IFOREST,sms,pr,0.9906291834002677,0.15962036238136323,0.0967804837727656
IFOREST,sms,pr,0.9906291834002677,0.15965480043149946,0.09689671015895046
IFOREST,sms,pr,0.9906291834002677,0.15968925334484246,0.09698857800934053
IFOREST,sms,pr,0.9906291834002677,0.15972372113101663,0.09715796473794205
IFOREST,sms,pr,0.9906291834002677,0.15986174119680277,0.09741273509912812
IFOREST,sms,pr,0.9906291834002677,0.1598962834917891,0.0974957023699886
IFOREST,sms,pr,0.9906291834002677,0.15993084071752756,0.09769669240171518
IFOREST,sms,pr,0.9906291834002677,0.1599654128837008,0.09776574636762322
IFOREST,sms,pr,0.9906291834002677,0.16,0.09811189991636468
IFOREST,sms,pr,0.9906291834002677,0.1600692191217824,0.09818280798123397
IFOREST,sms,pr,0.9906291834002677,0.16010385114668974,0.09825148835632419
IFOREST,sms,pr,0.9906291834002677,0.1601384981605713,0.09825340021863001
IFOREST,sms,pr,0.9906291834002677,0.16017316017316016,0.09834459853910199
IFOREST,sms,pr,0.9906291834002677,0.16020783719419787,0.09852922672410945
IFOREST,sms,pr,0.9906291834002677,0.16024252923343438,0.09857674578127769
IFOREST,sms,pr,0.9906291834002677,0.16027723630062812,0.09860324427005769
IFOREST,sms,pr,0.9906291834002677,0.16031195840554593,0.09864537459221696
IFOREST,sms,pr,0.9892904953145917,0.1601300108342362,0.0986480584808966
IFOREST,sms,pr,0.9892904953145917,0.1601647160814911,0.0987401770845457
IFOREST,sms,pr,0.9892904953145917,0.16019943637546066,0.09874020149492382
IFOREST,sms,pr,0.9892904953145917,0.16023417172593235,0.09878946951285632
IFOREST,sms,pr,0.9892904953145917,0.16026892214270225,0.09883602327332562
IFOREST,sms,pr,0.9892904953145917,0.16030368763557484,0.09885698367801292
IFOREST,sms,pr,0.9892904953145917,0.1603384682143632,0.09890430288034757
IFOREST,sms,pr,0.9892904953145917,0.1603732638888889,0.09890479241213379
IFOREST,sms,pr,0.9892904953145917,0.1604429005644811,0.09890575475634747
IFOREST,sms,pr,0.9892904953145917,0.16047774158523345,0.0989283595447885
IFOREST,sms,pr,0.9892904953145917,0.1605125977410947,0.09902108550061704
IFOREST,sms,pr,0.9892904953145917,0.16054746904192918,0.09904837517150654
IFOREST,sms,pr,0.9892904953145917,0.16058235549760974,0.09906753895903997
IFOREST,sms,pr,0.9892904953145917,0.16061725711801783,0.09909062260057026
IFOREST,sms,pr,0.9892904953145917,0.16065217391304348,0.09918229996187633
IFOREST,sms,pr,0.9892904953145917,0.16068710589258534,0.09946594444977849
IFOREST,sms,pr,0.9852744310575636,0.16013925152306355,0.09949682077769435
IFOREST,sms,pr,0.9852744310575636,0.1601741022850925,0.09952009679817866
IFOREST,sms,pr,0.9852744310575636,0.16020896821941663,0.09952011540320728
IFOREST,sms,pr,0.9852744310575636,0.1602787456445993,0.09962321295387491
IFOREST,sms,pr,0.9852744310575636,0.16031365715530385,0.09970694933264933
IFOREST,sms,pr,0.9852744310575636,0.16034858387799564,0.10001562115298378
IFOREST,sms,pr,0.9852744310575636,0.1603835258226193,0.10004901828862325
IFOREST,sms,pr,0.9852744310575636,0.16041848299912817,0.10065327469848108
IFOREST,sms,pr,0.9852744310575636,0.16045345541748418,0.10075958904007117
IFOREST,sms,pr,0.9852744310575636,0.16048844308765808,0.10080634772479517
IFOREST,sms,pr,0.9852744310575636,0.16052344601962923,0.10082891925064358
IFOREST,sms,pr,0.9852744310575636,0.16055846422338568,0.1009217896813957
IFOREST,sms,pr,0.9852744310575636,0.16062854648625055,0.10102718329584871
IFOREST,sms,pr,0.9852744310575636,0.16066361056537873,0.1010617675745792
IFOREST,sms,pr,0.9852744310575636,0.16069868995633188,0.10113315771154037
IFOREST,sms,pr,0.9852744310575636,0.16073378466914173,0.10120720053483252
IFOREST,sms,pr,0.9852744310575636,0.16076889471384884,0.10122266656681192
IFOREST,sms,pr,0.9852744310575636,0.16080402010050251,0.10150403551095054
IFOREST,sms,pr,0.9852744310575636,0.16083916083916083,0.10152524567760488
IFOREST,sms,pr,0.9852744310575636,0.1608743169398907,0.10152880984817182
IFOREST,sms,pr,0.9852744310575636,0.16094467526787667,0.10152930622608294
IFOREST,sms,pr,0.9852744310575636,0.1609798775153106,0.10156783660179627
IFOREST,sms,pr,0.9852744310575636,0.16101509516517173,0.10159583394898915
IFOREST,sms,pr,0.9852744310575636,0.16105032822757112,0.10164347421482549
IFOREST,sms,pr,0.9852744310575636,0.16108557671262858,0.10166979463029667
IFOREST,sms,pr,0.9852744310575636,0.16112084063047286,0.10168918672200372
IFOREST,sms,pr,0.9852744310575636,0.16115611999124152,0.10174031330079374
IFOREST,sms,pr,0.9852744310575636,0.16119141480508103,0.1017631186856793
IFOREST,sms,pr,0.9852744310575636,0.16122672508214678,0.10180817059507172
IFOREST,sms,pr,0.9852744310575636,0.16126205083260298,0.10180892786473447
IFOREST,sms,pr,0.9852744310575636,0.16129739206662283,0.10185501290280971
IFOREST,sms,pr,0.9852744310575636,0.16136812102609077,0.10194710321624574
IFOREST,sms,pr,0.9852744310575636,0.16140350877192983,0.1021660555434737
IFOREST,sms,pr,0.9852744310575636,0.1614389120421145,0.10281541294776306
IFOREST,sms,pr,0.9852744310575636,0.16147433084686266,0.10292327775419971
IFOREST,sms,pr,0.9852744310575636,0.16150976519640114,0.10314937124202626
IFOREST,sms,pr,0.9852744310575636,0.16154521510096576,0.10345337545562022
IFOREST,sms,pr,0.9852744310575636,0.16158068057080133,0.10357000690781322
IFOREST,sms,pr,0.9852744310575636,0.16161616161616163,0.10358482886747357
IFOREST,sms,pr,0.9852744310575636,0.16165165824730945,0.10368545640489603
IFOREST,sms,pr,0.9852744310575636,0.1616871704745167,0.1039216064998815
IFOREST,sms,pr,0.9852744310575636,0.16175824175824177,0.1039368997193541
IFOREST,sms,pr,0.9852744310575636,0.16179380083534842,0.10410800170727802
IFOREST,sms,pr,0.9852744310575636,0.16182937554969218,0.10414908507889215
IFOREST,sms,pr,0.9852744310575636,0.16190057193136823,0.10436207339666044
IFOREST,sms,pr,0.9852744310575636,0.16193619361936193,0.10438609261016271
IFOREST,sms,pr,0.9852744310575636,0.1619718309859155,0.104411450710209
IFOREST,sms,pr,0.9839357429718876,0.1617873651771957,0.1044118429737861
IFOREST,sms,pr,0.9839357429718876,0.1618229854689564,0.10445482427482965
IFOREST,sms,pr,0.9839357429718876,0.16185862144902005,0.1044548242748312
IFOREST,sms,pr,0.9839357429718876,0.1618942731277533,0.10445794554465619
IFOREST,sms,pr,0.9839357429718876,0.16192994051553206,0.10445832657606179
IFOREST,sms,pr,0.9839357429718876,0.1619656236227413,0.10448046371415295
IFOREST,sms,pr,0.9839357429718876,0.1620013224597752,0.10448229684701602
IFOREST,sms,pr,0.9839357429718876,0.16207276736493936,0.10450558683508891
IFOREST,sms,pr,0.9839357429718876,0.16214427531436135,0.10455149703625526
IFOREST,sms,pr,0.9839357429718876,0.16218005295675197,0.10457498010834422
IFOREST,sms,pr,0.9839357429718876,0.16221584639152506,0.10459817431012151
IFOREST,sms,pr,0.9839357429718876,0.16225165562913907,0.10462061269504379
IFOREST,sms,pr,0.9839357429718876,0.16228748068006182,0.10462089382940402
IFOREST,sms,pr,0.9839357429718876,0.1623233215547703,0.10466605494040103
IFOREST,sms,pr,0.9839357429718876,0.16235917826375082,0.10466718886423486
IFOREST,sms,pr,0.9839357429718876,0.1623950508174989,0.10467314620682712
IFOREST,sms,pr,0.9839357429718876,0.16243093922651933,0.10469038332328859
IFOREST,sms,pr,0.9839357429718876,0.16246684350132626,0.10473611259102057
IFOREST,sms,pr,0.9839357429718876,0.16250276365244307,0.10485260853934235
IFOREST,sms,pr,0.9839357429718876,0.16253869969040247,0.10495397065362023
IFOREST,sms,pr,0.9839357429718876,0.16257465162574652,0.10501545977016466
IFOREST,sms,pr,0.9839357429718876,0.16261061946902655,0.10541994883327599
IFOREST,sms,pr,0.9839357429718876,0.16264660323080327,0.1055908149638379
IFOREST,sms,pr,0.9839357429718876,0.16268260292164674,0.10571545858517978
IFOREST,sms,pr,0.9839357429718876,0.16271861855213637,0.10611665428456035
IFOREST,sms,pr,0.9839357429718876,0.16275465013286095,0.10635979887351522
IFOREST,sms,pr,0.9839357429718876,0.16279069767441862,0.10639361666395505
IFOREST,sms,pr,0.9839357429718876,0.16282676118741693,0.10642166367093114
IFOREST,sms,pr,0.9839357429718876,0.16286284068247286,0.10646264612374091
IFOREST,sms,pr,0.9839357429718876,0.16289893617021275,0.10674649747579816
IFOREST,sms,pr,0.9839357429718876,0.16293504766127245,0.10676556592324753
IFOREST,sms,pr,0.9839357429718876,0.1629711751662971,0.10701040010142603
IFOREST,sms,pr,0.9839357429718876,0.16300731869594146,0.10701177366882292
IFOREST,sms,pr,0.9839357429718876,0.16304347826086957,0.10703515252354452
IFOREST,sms,pr,0.9839357429718876,0.16307965387175505,0.10705632884219163
IFOREST,sms,pr,0.9839357429718876,0.16311584553928096,0.10719684724154371
IFOREST,sms,pr,0.9839357429718876,0.16315205327413984,0.10724486349821084
IFOREST,sms,pr,0.9839357429718876,0.16318827708703373,0.10724662980971232
IFOREST,sms,pr,0.9839357429718876,0.1632245169886742,0.10726947908148601
IFOREST,sms,pr,0.9839357429718876,0.1632607729897823,0.10729498225896943
IFOREST,sms,pr,0.9839357429718876,0.16329704510108864,0.10731712230523997
IFOREST,sms,pr,0.9839357429718876,0.16333333333333333,0.10733551473893266
IFOREST,sms,pr,0.9839357429718876,0.16336963769726606,0.10733761220851257
IFOREST,sms,pr,0.9839357429718876,0.16340595820364606,0.10734042976640597
IFOREST,sms,pr,0.9839357429718876,0.16344229486324216,0.10734062432878338
IFOREST,sms,pr,0.9839357429718876,0.16347864768683273,0.1073646846928741
IFOREST,sms,pr,0.9839357429718876,0.16355140186915887,0.10738712430812067
IFOREST,sms,pr,0.9839357429718876,0.16358780324949923,0.10740652601866447
IFOREST,sms,pr,0.9839357429718876,0.16362422083704364,0.1074560690362777
IFOREST,sms,pr,0.9839357429718876,0.16366065464261856,0.10747809555477285
IFOREST,sms,pr,0.9839357429718876,0.16369710467706014,0.10747993683447603
IFOREST,sms,pr,0.9839357429718876,0.16377005347593582,0.10750295242035492
IFOREST,sms,pr,0.9839357429718876,0.16380655226209048,0.10752454713335298
IFOREST,sms,pr,0.9839357429718876,0.16387959866220736,0.10755618411976123
IFOREST,sms,pr,0.9839357429718876,0.16391614629794826,0.10770904350012454
IFOREST,sms,pr,0.9839357429718876,0.16395271023867947,0.1077341661834497
IFOREST,sms,pr,0.9839357429718876,0.1639892904953146,0.10775813642848828
IFOREST,sms,pr,0.9839357429718876,0.16402588707877705,0.10809377855883918
IFOREST,sms,pr,0.9839357429718876,0.1640991292699263,0.10814920701807783
IFOREST,sms,pr,0.9839357429718876,0.1641357748995087,0.10822852827934731
IFOREST,sms,pr,0.9839357429718876,0.16417243689970962,0.10841994818031471
IFOREST,sms,pr,0.9839357429718876,0.16420911528150134,0.10856678956884448
IFOREST,sms,pr,0.9839357429718876,0.16424581005586592,0.10870480145106724
IFOREST,sms,pr,0.9839357429718876,0.16428252123379525,0.1087662610451335
IFOREST,sms,pr,0.9839357429718876,0.1643192488262911,0.1088934631970097
IFOREST,sms,pr,0.9839357429718876,0.16435599284436495,0.10917391445320314
IFOREST,sms,pr,0.9839357429718876,0.16439275329903824,0.1091806358990277
IFOREST,sms,pr,0.9839357429718876,0.1644295302013423,0.10946458656951238
IFOREST,sms,pr,0.9839357429718876,0.1644663235623182,0.10949126735760246
IFOREST,sms,pr,0.9839357429718876,0.164503133393017,0.10966061358017407
IFOREST,sms,pr,0.9839357429718876,0.16453995970449967,0.10976136829812204
IFOREST,sms,pr,0.9839357429718876,0.164576802507837,0.10977910248916106
IFOREST,sms,pr,0.9839357429718876,0.16461366181410975,0.10982570744927764
IFOREST,sms,pr,0.9839357429718876,0.1646505376344086,0.1098985910656924
IFOREST,sms,pr,0.9839357429718876,0.16468742997983418,0.1099036867437436
IFOREST,sms,pr,0.9839357429718876,0.1647243388614971,0.10994200908691378
IFOREST,sms,pr,0.9839357429718876,0.16476126429051782,0.10999071772341945
IFOREST,sms,pr,0.9839357429718876,0.1647982062780269,0.10999121534342088
IFOREST,sms,pr,0.9839357429718876,0.16483516483516483,0.11006142334020128
IFOREST,sms,pr,0.9839357429718876,0.1648721399730821,0.11008425156042255
IFOREST,sms,pr,0.9839357429718876,0.1649091317029392,0.1101044292018741
IFOREST,sms,pr,0.9839357429718876,0.16494614003590663,0.11010774710382093
IFOREST,sms,pr,0.9839357429718876,0.16498316498316498,0.11013077641556636
IFOREST,sms,pr,0.9839357429718876,0.16505726476532676,0.11016462803861753
IFOREST,sms,pr,0.9839357429718876,0.1650943396226415,0.11017786636909539
IFOREST,sms,pr,0.9839357429718876,0.1651685393258427,0.11017834536186476
IFOREST,sms,pr,0.9839357429718876,0.16520566419420094,0.11020079256956168
IFOREST,sms,pr,0.9839357429718876,0.16524280575539568,0.11022025889767847
IFOREST,sms,pr,0.9839357429718876,0.1652799640206881,0.11022083057179273
IFOREST,sms,pr,0.9839357429718876,0.16531713900134953,0.11022400091792714
IFOREST,sms,pr,0.9839357429718876,0.16535433070866143,0.11022457523485638
IFOREST,sms,pr,0.9839357429718876,0.16539153915391538,0.11026746275897416
IFOREST,sms,pr,0.9839357429718876,0.16542876434841322,0.11027033494528547
IFOREST,sms,pr,0.9839357429718876,0.16550326503039856,0.11029382636389631
IFOREST,sms,pr,0.9839357429718876,0.16557783284523542,0.11031552058418388
IFOREST,sms,pr,0.9839357429718876,0.16561514195583596,0.11031609025704268
IFOREST,sms,pr,0.9839357429718876,0.16565246788370522,0.11033883156627979
IFOREST,sms,pr,0.9839357429718876,0.1656898106402164,0.11036288820303207
IFOREST,sms,pr,0.9839357429718876,0.1657271702367531,0.1104772448589974
IFOREST,sms,pr,0.9839357429718876,0.16576454668470908,0.1106733983021468
IFOREST,sms,pr,0.9839357429718876,0.1658019399954884,0.11081942003235727
IFOREST,sms,pr,0.9839357429718876,0.1658393501805054,0.11100307493367521
IFOREST,sms,pr,0.9839357429718876,0.16587677725118483,0.11129996183488794
IFOREST,sms,pr,0.9839357429718876,0.16591422121896163,0.11194047865875047
IFOREST,sms,pr,0.9839357429718876,0.1659516820952811,0.1120891402031428
IFOREST,sms,pr,0.9839357429718876,0.1659891598915989,0.11212893569503105
IFOREST,sms,pr,0.9839357429718876,0.16602665461938107,0.11213975631647487
IFOREST,sms,pr,0.9839357429718876,0.16606416629010393,0.11214379545648133
IFOREST,sms,pr,0.9839357429718876,0.16610169491525423,0.11219858728099592
IFOREST,sms,pr,0.9839357429718876,0.1661392405063291,0.11224492765509529
IFOREST,sms,pr,0.9839357429718876,0.1661768030748361,0.11231599702845733
IFOREST,sms,pr,0.9839357429718876,0.16621438263229307,0.11252045686606879
IFOREST,sms,pr,0.9839357429718876,0.16625197919022847,0.11261718655040417
IFOREST,sms,pr,0.9839357429718876,0.166289592760181,0.11264045367181352
IFOREST,sms,pr,0.9839357429718876,0.16632722335369993,0.112733458200199
IFOREST,sms,pr,0.9839357429718876,0.16636487098234495,0.11275626416562154
IFOREST,sms,pr,0.9839357429718876,0.1664025356576862,0.11275785342683806
IFOREST,sms,pr,0.9839357429718876,0.16666666666666666,0.1128759964517496
IFOREST,sms,pr,0.9839357429718876,0.16670446813336356,0.11291646280532239
IFOREST,sms,pr,0.9839357429718876,0.16674228675136116,0.1129430264466183
IFOREST,sms,pr,0.9839357429718876,0.16678012253233493,0.11294362510013174
IFOREST,sms,pr,0.9839357429718876,0.16681797548797095,0.11294507972793288
IFOREST,sms,pr,0.9839357429718876,0.16685584562996594,0.11296637359235231
IFOREST,sms,pr,0.9839357429718876,0.16689373297002724,0.11296964426732825
IFOREST,sms,pr,0.9839357429718876,0.1669316375198728,0.1129890970490629
IFOREST,sms,pr,0.9839357429718876,0.16696955929123125,0.11298977498766441
IFOREST,sms,pr,0.9839357429718876,0.16700749829584186,0.11300204784980296
IFOREST,sms,pr,0.9839357429718876,0.16704545454545455,0.11301671344227864
IFOREST,sms,pr,0.9839357429718876,0.16708342805182996,0.11303545761884207
IFOREST,sms,pr,0.9839357429718876,0.16712141882673942,0.11308497874215899
IFOREST,sms,pr,0.9839357429718876,0.16715942688196497,0.11313160076539212
IFOREST,sms,pr,0.9839357429718876,0.16719745222929935,0.11315406375330256
IFOREST,sms,pr,0.9839357429718876,0.16723549488054607,0.113154442062973
IFOREST,sms,pr,0.9839357429718876,0.16727355484751935,0.11363098669978045
IFOREST,sms,pr,0.9839357429718876,0.16731163214204417,0.11406848306154939
IFOREST,sms,pr,0.9839357429718876,0.16738783876110225,0.11413029954444869
IFOREST,sms,pr,0.9839357429718876,0.1674259681093394,0.11417793232018586
IFOREST,sms,pr,0.9839357429718876,0.1674641148325359,0.11468400700962114
IFOREST,sms,pr,0.9839357429718876,0.16750227894257064,0.11468898240573862
IFOREST,sms,pr,0.9839357429718876,0.16757865937072502,0.11481306006865977
IFOREST,sms,pr,0.9839357429718876,0.1676168757126568,0.1148543415437584
IFOREST,sms,pr,0.9839357429718876,0.1676551094890511,0.11486156043172069
IFOREST,sms,pr,0.9839357429718876,0.1676933607118412,0.11503668045893845
IFOREST,sms,pr,0.9839357429718876,0.1678082191780822,0.11503948793835489
IFOREST,sms,pr,0.9839357429718876,0.16784654030600593,0.1150479296240377
IFOREST,sms,pr,0.9839357429718876,0.16788487894015533,0.11506290447067699
IFOREST,sms,pr,0.9839357429718876,0.16792323509252913,0.11508384298042157
IFOREST,sms,pr,0.9839357429718876,0.1679616087751371,0.11517662693529701
IFOREST,sms,pr,0.9839357429718876,0.16803840877914952,0.11519901521098003
IFOREST,sms,pr,0.9839357429718876,0.1680768351246284,0.11557283584460142
IFOREST,sms,pr,0.9839357429718876,0.16811527904849038,0.11566317701548441
IFOREST,sms,pr,0.9839357429718876,0.16815374056280027,0.11569017438979956
IFOREST,sms,pr,0.9839357429718876,0.16819221967963388,0.11569152187519743
IFOREST,sms,pr,0.9839357429718876,0.16823071641107806,0.1157610196744042
IFOREST,sms,pr,0.9839357429718876,0.16826923076923078,0.11578443823661516
IFOREST,sms,pr,0.9839357429718876,0.16834631241410902,0.11580707786125233
IFOREST,sms,pr,0.9839357429718876,0.16838487972508592,0.11580775988939619
IFOREST,sms,pr,0.9839357429718876,0.16842346471127406,0.11580852303146938
IFOREST,sms,pr,0.9839357429718876,0.16846206738482694,0.11587657656657499
IFOREST,sms,pr,0.9839357429718876,0.16850068775790922,0.11592117908495223
IFOREST,sms,pr,0.9839357429718876,0.16853932584269662,0.11594683423602341
IFOREST,sms,pr,0.9839357429718876,0.16857798165137614,0.11594693115525989
IFOREST,sms,pr,0.9839357429718876,0.1686166551961459,0.11596968785772056
IFOREST,sms,pr,0.9839357429718876,0.16869405554280467,0.11601613376297533
IFOREST,sms,pr,0.9839357429718876,0.16873278236914602,0.11608415408324071
IFOREST,sms,pr,0.9839357429718876,0.1687715269804822,0.11610839011352912
IFOREST,sms,pr,0.9839357429718876,0.16881028938906753,0.11638137562780014
IFOREST,sms,pr,0.9839357429718876,0.16884906960716747,0.11639964531426905
IFOREST,sms,pr,0.9839357429718876,0.16892668352102966,0.11673114923631463
IFOREST,sms,pr,0.9839357429718876,0.16896551724137931,0.11680552831138573
IFOREST,sms,pr,0.9839357429718876,0.1690043688204185,0.11710946451375848
IFOREST,sms,pr,0.9839357429718876,0.1690432382704692,0.11710993380623033
IFOREST,sms,pr,0.9839357429718876,0.16912103083294983,0.11717935469717808
IFOREST,sms,pr,0.9839357429718876,0.16915995397008055,0.11766535160509577
IFOREST,sms,pr,0.9839357429718876,0.1691988950276243,0.11771387556979454
IFOREST,sms,pr,0.9839357429718876,0.16923785401795993,0.11776182520324194
IFOREST,sms,pr,0.9839357429718876,0.16927683095347765,0.11777559197715545
IFOREST,sms,pr,0.9839357429718876,0.16931582584657912,0.11780567204542944
IFOREST,sms,pr,0.9839357429718876,0.1693548387096774,0.11791055713721355
IFOREST,sms,pr,0.9839357429718876,0.16939386955519706,0.11791301249175105
IFOREST,sms,pr,0.9839357429718876,0.169432918395574,0.11799256661891813
IFOREST,sms,pr,0.9839357429718876,0.1694719852432557,0.11800594249680693
IFOREST,sms,pr,0.9839357429718876,0.1695110701107011,0.11802887105608652
IFOREST,sms,pr,0.9839357429718876,0.16958929395477618,0.11805822631364996
IFOREST,sms,pr,0.9839357429718876,0.16962843295638125,0.11806239605452898
IFOREST,sms,pr,0.9839357429718876,0.16966759002770082,0.11814597301882018
IFOREST,sms,pr,0.9839357429718876,0.16970676518125144,0.11819193951213472
IFOREST,sms,pr,0.9839357429718876,0.1697459584295612,0.1182253993120259
IFOREST,sms,pr,0.9839357429718876,0.16978516978516978,0.11825020575463037
IFOREST,sms,pr,0.9839357429718876,0.16982439926062848,0.11825111810533956
IFOREST,sms,pr,0.9839357429718876,0.1698636468685001,0.11833552253943111
IFOREST,sms,pr,0.9839357429718876,0.16990291262135923,0.11836542179793343
IFOREST,sms,pr,0.9839357429718876,0.1699421965317919,0.11848233215034759
IFOREST,sms,pr,0.9839357429718876,0.16998149861239592,0.11848467071485008
IFOREST,sms,pr,0.9839357429718876,0.17002081887578072,0.11852635987721791
IFOREST,sms,pr,0.9839357429718876,0.17006015733456734,0.11855380055397402
IFOREST,sms,pr,0.9839357429718876,0.17009951400138856,0.11860027967427414
IFOREST,sms,pr,0.9839357429718876,0.17017828200972449,0.11860180654810207
IFOREST,sms,pr,0.9839357429718876,0.17021769337656323,0.11862304363028323
IFOREST,sms,pr,0.9839357429718876,0.1702571230020848,0.11869445560441062
IFOREST,sms,pr,0.9839357429718876,0.17029657089898054,0.11869464566097279
IFOREST,sms,pr,0.9839357429718876,0.17033603707995365,0.11871654876231386
IFOREST,sms,pr,0.9839357429718876,0.17037552155771907,0.11874044887962423
IFOREST,sms,pr,0.9839357429718876,0.17041502434500347,0.1187612596036027
IFOREST,sms,pr,0.9839357429718876,0.17045454545454544,0.11877107747646884
IFOREST,sms,pr,0.9825970548862115,0.17026212015773604,0.11878653936116979
IFOREST,sms,pr,0.9825970548862115,0.17030162412993038,0.11880930382636308
IFOREST,sms,pr,0.9825970548862115,0.17034114643768855,0.11884077989224279
IFOREST,sms,pr,0.9825970548862115,0.17038068709377902,0.11885519966028518
IFOREST,sms,pr,0.9825970548862115,0.1704202461109821,0.11890129343221253
IFOREST,sms,pr,0.9825970548862115,0.1704598235020901,0.11897331358968215
IFOREST,sms,pr,0.9825970548862115,0.17049941927990708,0.11908505718635355
IFOREST,sms,pr,0.9825970548862115,0.17053903345724908,0.11922411546994031
IFOREST,sms,pr,0.9825970548862115,0.170578666046944,0.11955043493469346
IFOREST,sms,pr,0.9825970548862115,0.1706183170618317,0.11983083114527313
IFOREST,sms,pr,0.9825970548862115,0.17065798651476402,0.11983770409841947
IFOREST,sms,pr,0.9825970548862115,0.17069767441860464,0.11999917870593785
IFOREST,sms,pr,0.9825970548862115,0.17073738078622935,0.12007315947783136
IFOREST,sms,pr,0.9825970548862115,0.17085661080074488,0.12017880564238242
IFOREST,sms,pr,0.9825970548862115,0.1708963911525029,0.1201997551339151
IFOREST,sms,pr,0.9825970548862115,0.17093619003260363,0.12023614239446455
IFOREST,sms,pr,0.9825970548862115,0.17097600745399488,0.12036302016180535
IFOREST,sms,pr,0.9825970548862115,0.17101584342963652,0.1204929478474838
IFOREST,sms,pr,0.9825970548862115,0.1710556979725006,0.12054104134599293
IFOREST,sms,pr,0.9825970548862115,0.1710955710955711,0.1205886364989009
IFOREST,sms,pr,0.9825970548862115,0.17113546281184425,0.1206623027433154
IFOREST,sms,pr,0.9825970548862115,0.17117537313432835,0.12080652557204409
IFOREST,sms,pr,0.9825970548862115,0.17121530207604385,0.12080660371436606
IFOREST,sms,pr,0.9825970548862115,0.17125524965002334,0.12094734069089853
IFOREST,sms,pr,0.9825970548862115,0.17129521586931154,0.12097181844144339
IFOREST,sms,pr,0.9825970548862115,0.17133520074696545,0.12098795374098324
IFOREST,sms,pr,0.9825970548862115,0.1715354054685674,0.12112817499861339
IFOREST,sms,pr,0.9825970548862115,0.171575502571295,0.12120465131562673
IFOREST,sms,pr,0.9825970548862115,0.17161561842412906,0.12137566449743345
IFOREST,sms,pr,0.9825970548862115,0.1716557530402245,0.12139340996647731
IFOREST,sms,pr,0.9825970548862115,0.17169590643274854,0.1214651774620889
IFOREST,sms,pr,0.9825970548862115,0.17173607861488066,0.12146575255510354
IFOREST,sms,pr,0.9825970548862115,0.17177626959981276,0.12150025421947047
IFOREST,sms,pr,0.9825970548862115,0.17181647940074907,0.12157871681624075
IFOREST,sms,pr,0.9825970548862115,0.1718567080309061,0.12158063899884503
IFOREST,sms,pr,0.9825970548862115,0.1718969555035129,0.12162655276313385
IFOREST,sms,pr,0.9825970548862115,0.17193722183181073,0.12167294093010818
IFOREST,sms,pr,0.9825970548862115,0.17201781110850714,0.12167527098542208
IFOREST,sms,pr,0.9825970548862115,0.17205813408345053,0.1217415047254333
IFOREST,sms,pr,0.9825970548862115,0.17209847596717467,0.12191280775381765
IFOREST,sms,pr,0.9825970548862115,0.1721388367729831,0.12192980657968834
IFOREST,sms,pr,0.9825970548862115,0.1722196152041295,0.1219929950790242
IFOREST,sms,pr,0.9825970548862115,0.17226003285613706,0.12202363121285018
IFOREST,sms,pr,0.9825970548862115,0.17230046948356809,0.1223220167575411
IFOREST,sms,pr,0.9825970548862115,0.17234092509978868,0.12266367528422473
IFOREST,sms,pr,0.9825970548862115,0.17238139971817754,0.12272086812847914
IFOREST,sms,pr,0.9825970548862115,0.1724218933521259,0.12305242711852529
IFOREST,sms,pr,0.9825970548862115,0.172502937720329,0.12312174041569779
IFOREST,sms,pr,0.9825970548862115,0.17254348848142925,0.12335858501659916
IFOREST,sms,pr,0.9825970548862115,0.17258405831177992,0.1234342545986723
IFOREST,sms,pr,0.9825970548862115,0.17262464722483536,0.12344201825224092
IFOREST,sms,pr,0.9825970548862115,0.17266525523406256,0.12348845161806558
IFOREST,sms,pr,0.9825970548862115,0.17270588235294118,0.1235425059566721
IFOREST,sms,pr,0.9825970548862115,0.17274652859496353,0.12354406299194273
IFOREST,sms,pr,0.9825970548862115,0.17278719397363465,0.12360450399940091
IFOREST,sms,pr,0.9825970548862115,0.17282787850247233,0.12375746626622909
IFOREST,sms,pr,0.9825970548862115,0.17286858219500706,0.12386178879463765
IFOREST,sms,pr,0.9825970548862115,0.1729093050647821,0.12402598157977276
IFOREST,sms,pr,0.9825970548862115,0.17295004712535345,0.12418535320351749
IFOREST,sms,pr,0.9825970548862115,0.17299080839028988,0.12430733803543155
IFOREST,sms,pr,0.9825970548862115,0.17303158887317302,0.12433039710730914
IFOREST,sms,pr,0.9825970548862115,0.1731132075471698,0.12433793403245512
IFOREST,sms,pr,0.9825970548862115,0.17315404576551074,0.12440468664869767
IFOREST,sms,pr,0.9825970548862115,0.17319490325625295,0.12444541776364958
IFOREST,sms,pr,0.9825970548862115,0.17323578003304224,0.12446884990645762
IFOREST,sms,pr,0.9825970548862115,0.1732766761095373,0.12449432340807907
IFOREST,sms,pr,0.9825970548862115,0.17331759149940967,0.12453870926047608
IFOREST,sms,pr,0.9825970548862115,0.17335852621634387,0.12456032017040183
IFOREST,sms,pr,0.9825970548862115,0.17339948027403732,0.12465363348491663
IFOREST,sms,pr,0.9825970548862115,0.17344045368620037,0.12477165361610741
IFOREST,sms,pr,0.9825970548862115,0.17348144646655636,0.12488676378551818
IFOREST,sms,pr,0.9825970548862115,0.1735224586288416,0.12500535638207916
IFOREST,sms,pr,0.9825970548862115,0.17360454115421003,0.12501152360175005
IFOREST,sms,pr,0.9825970548862115,0.17364561154483085,0.1251789339313648
IFOREST,sms,pr,0.9825970548862115,0.17368670137245623,0.12533928912239792
IFOREST,sms,pr,0.9825970548862115,0.17372781065088758,0.1256290339014598
IFOREST,sms,pr,0.9825970548862115,0.1737689393939394,0.12588414019461394
IFOREST,sms,pr,0.9825970548862115,0.17381008761543926,0.1258852529960678
IFOREST,sms,pr,0.9825970548862115,0.17385125532922785,0.1259084588472684
IFOREST,sms,pr,0.9825970548862115,0.17389244254915898,0.12596518025408773
IFOREST,sms,pr,0.9825970548862115,0.17393364928909952,0.12603405127580083
IFOREST,sms,pr,0.9825970548862115,0.1739748755629296,0.12610005491792428
IFOREST,sms,pr,0.9825970548862115,0.17401612138454245,0.12610787711813135
IFOREST,sms,pr,0.9825970548862115,0.17405738676784444,0.12618359178640295
IFOREST,sms,pr,0.9825970548862115,0.17409867172675522,0.12623416644106283
IFOREST,sms,pr,0.9825970548862115,0.17413997627520758,0.1263186894018077
IFOREST,sms,pr,0.9825970548862115,0.1741813004271476,0.12633139648365257
IFOREST,sms,pr,0.9825970548862115,0.17426400759734093,0.12635465138805635
IFOREST,sms,pr,0.9825970548862115,0.17434679334916864,0.12637800108266534
IFOREST,sms,pr,0.9825970548862115,0.1744296577946768,0.12644672434583712
IFOREST,sms,pr,0.9825970548862115,0.1744711195626337,0.12650389138312984
IFOREST,sms,pr,0.9825970548862115,0.17455410225921522,0.12657676816675978
IFOREST,sms,pr,0.9825970548862115,0.17459562321598476,0.12660809462232
IFOREST,sms,pr,0.9825970548862115,0.1746371639305258,0.12661078147903304
IFOREST,sms,pr,0.9825970548862115,0.17467872441694432,0.12665641972776126
IFOREST,sms,pr,0.9825970548862115,0.17472030468935967,0.1266698058560176
IFOREST,sms,pr,0.9825970548862115,0.17476190476190476,0.12670428224860814
IFOREST,sms,pr,0.9825970548862115,0.1748035246487259,0.1267483721383884
IFOREST,sms,pr,0.9825970548862115,0.17484516436398284,0.1268686322464346
IFOREST,sms,pr,0.9825970548862115,0.17488682392184893,0.12693763987170983
IFOREST,sms,pr,0.9825970548862115,0.17492850333651097,0.12698339206832596
IFOREST,sms,pr,0.9825970548862115,0.17497020262216925,0.12707694310281456
IFOREST,sms,pr,0.9825970548862115,0.17501192179303768,0.1271029942317968
IFOREST,sms,pr,0.9825970548862115,0.17505366086334367,0.1271468238677411
IFOREST,sms,pr,0.9825970548862115,0.175137198759246,0.12717057069152232
IFOREST,sms,pr,0.9825970548862115,0.17517899761336517,0.12724287634818046
IFOREST,sms,pr,0.9825970548862115,0.17522081642396753,0.12726494861899118
IFOREST,sms,pr,0.9825970548862115,0.17526265520534862,0.12729685183565498
IFOREST,sms,pr,0.9825970548862115,0.17530451397181754,0.12735830047082652
IFOREST,sms,pr,0.9825970548862115,0.1753463927376971,0.12738313050190747
IFOREST,sms,pr,0.9825970548862115,0.17538829151732377,0.12740530083601978
IFOREST,sms,pr,0.9825970548862115,0.1754302103250478,0.12749640196638548
IFOREST,sms,pr,0.9825970548862115,0.1755141080822573,0.12752294269197417
IFOREST,sms,pr,0.9825970548862115,0.17555608706051185,0.12754515401174576
IFOREST,sms,pr,0.9825970548862115,0.17559808612440192,0.12759348098220732
IFOREST,sms,pr,0.9825970548862115,0.1756401052883465,0.12763705918118554
IFOREST,sms,pr,0.9825970548862115,0.17568214456677836,0.12818675624017187
IFOREST,sms,pr,0.9825970548862115,0.17572420397414412,0.12851932112439132
IFOREST,sms,pr,0.9825970548862115,0.17576628352490423,0.12913564990239068
IFOREST,sms,pr,0.9825970548862115,0.17580838323353293,0.12921775167411176
IFOREST,sms,pr,0.9825970548862115,0.17585050311451844,0.12925756285995438
IFOREST,sms,pr,0.9825970548862115,0.1758926431823628,0.12928118939105987
IFOREST,sms,pr,0.9825970548862115,0.17593480345158197,0.12947502369879382
IFOREST,sms,pr,0.9825970548862115,0.17597698393670583,0.12947786761039048
IFOREST,sms,pr,0.9825970548862115,0.17601918465227817,0.12950122762744695
IFOREST,sms,pr,0.9825970548862115,0.1760614056128568,0.12954824491265968
IFOREST,sms,pr,0.9825970548862115,0.17610364683301344,0.12959313031421185
IFOREST,sms,pr,0.9825970548862115,0.17614590832733382,0.12963936462541548
IFOREST,sms,pr,0.9825970548862115,0.17618819011041767,0.12968429673687304
IFOREST,sms,pr,0.9825970548862115,0.17623049219687875,0.12971365577996627
IFOREST,sms,pr,0.9825970548862115,0.17627281460134486,0.1297314833358008
IFOREST,sms,pr,0.9825970548862115,0.17631515733845785,0.12973398345262363
IFOREST,sms,pr,0.9825970548862115,0.17635752042287361,0.12973564415921154
IFOREST,sms,pr,0.9825970548862115,0.1763999038692622,0.12980709968446866
IFOREST,sms,pr,0.9825970548862115,0.1764423076923077,0.1298430121429598
IFOREST,sms,pr,0.9825970548862115,0.17648473190670835,0.12985074099919644
IFOREST,sms,pr,0.9825970548862115,0.1766121270452358,0.12989677534962427
IFOREST,sms,pr,0.9825970548862115,0.1766546329723225,0.12996647587696555
IFOREST,sms,pr,0.9825970548862115,0.17669715936446798,0.1300142617240577
IFOREST,sms,pr,0.9825970548862115,0.17673970623645557,0.1300160214290337
IFOREST,sms,pr,0.9825970548862115,0.17678227360308285,0.1300341180983463
IFOREST,sms,pr,0.9825970548862115,0.17682486147916165,0.13003805214598912
IFOREST,sms,pr,0.9825970548862115,0.17686746987951807,0.13020315108081554
IFOREST,sms,pr,0.9825970548862115,0.17691009881899253,0.13044527961881688
IFOREST,sms,pr,0.9825970548862115,0.17695274831243973,0.13048131934030274
IFOREST,sms,pr,0.9825970548862115,0.1769954183747287,0.1305921631937707
IFOREST,sms,pr,0.9825970548862115,0.17703810902074288,0.1307124678623289
IFOREST,sms,pr,0.9825970548862115,0.17708082026537997,0.13086598272282907
IFOREST,sms,pr,0.9825970548862115,0.17712355212355213,0.13088760506590402
IFOREST,sms,pr,0.9825970548862115,0.17716630461018584,0.13088866975713648
IFOREST,sms,pr,0.9825970548862115,0.17720907774022213,0.13120157097112325
IFOREST,sms,pr,0.9825970548862115,0.17729468599033815,0.13127349354523912
IFOREST,sms,pr,0.9825970548862115,0.17733752114037207,0.1312763891882281
IFOREST,sms,pr,0.9825970548862115,0.17738037699371678,0.1312936974718475
IFOREST,sms,pr,0.9825970548862115,0.17742325356538555,0.13131724825876534
IFOREST,sms,pr,0.9825970548862115,0.17746615087040618,0.1313629382561697
IFOREST,sms,pr,0.9825970548862115,0.17750906892382104,0.13143526832841612
IFOREST,sms,pr,0.9825970548862115,0.177552007740687,0.13167729834996933
IFOREST,sms,pr,0.9825970548862115,0.1775949673360755,0.13180775248240725
IFOREST,sms,pr,0.9825970548862115,0.1776379477250726,0.13188734218880788
IFOREST,sms,pr,0.9825970548862115,0.177680948922779,0.1319017331237446
IFOREST,sms,pr,0.9825970548862115,0.17772397094430992,0.13194781769347322
IFOREST,sms,pr,0.9825970548862115,0.17776701380479534,0.1319692224617452
IFOREST,sms,pr,0.9825970548862115,0.17781007751937986,0.13201269487760586
IFOREST,sms,pr,0.9825970548862115,0.1778531621032227,0.1320446093117632
IFOREST,sms,pr,0.9825970548862115,0.17789626757149782,0.1321216243929271
IFOREST,sms,pr,0.9825970548862115,0.17793939393939395,0.1322729831685102
IFOREST,sms,pr,0.9825970548862115,0.17798254122211446,0.13243869514437093
IFOREST,sms,pr,0.9825970548862115,0.17802570943487753,0.13247456225233095
IFOREST,sms,pr,0.9825970548862115,0.17806889859291605,0.13269836731594242
IFOREST,sms,pr,0.9825970548862115,0.17815533980582524,0.13271945064181848
IFOREST,sms,pr,0.9825970548862115,0.17824186498300146,0.1327413105775125
IFOREST,sms,pr,0.9825970548862115,0.17828515909642945,0.13275352083162814
IFOREST,sms,pr,0.9825970548862115,0.1783284742468416,0.13280744636028396
IFOREST,sms,pr,0.9825970548862115,0.17837181044957473,0.1328145448891156
IFOREST,sms,pr,0.9825970548862115,0.17841516771998056,0.1328791663278023
IFOREST,sms,pr,0.9812583668005355,0.17821541453926573,0.1329755672629884
IFOREST,sms,pr,0.9812583668005355,0.17825875486381323,0.13304457151551047
IFOREST,sms,pr,0.9812583668005355,0.1783021162734128,0.13304810427116534
IFOREST,sms,pr,0.9812583668005355,0.178345498783455,0.13311821532798976
IFOREST,sms,pr,0.9812583668005355,0.17838890240934535,0.13316072677604937
IFOREST,sms,pr,0.9812583668005355,0.17847577307036766,0.13316343722173613
IFOREST,sms,pr,0.9812583668005355,0.1785192401363858,0.13318592909955598
IFOREST,sms,pr,0.9812583668005355,0.17856272838002435,0.133372526134562
IFOREST,sms,pr,0.9812583668005355,0.17860623781676413,0.133428328274523
IFOREST,sms,pr,0.9812583668005355,0.1786497684621009,0.13349930121409875
IFOREST,sms,pr,0.9812583668005355,0.17869332033154559,0.13352009295640288
IFOREST,sms,pr,0.9812583668005355,0.17873689344062424,0.1336645264384432
IFOREST,sms,pr,0.9812583668005355,0.17878048780487804,0.13367251516510292
IFOREST,sms,pr,0.9812583668005355,0.17882410343986338,0.13371534179646574
IFOREST,sms,pr,0.9812583668005355,0.17886774036115177,0.13410689742219023
IFOREST,sms,pr,0.9812583668005355,0.17891139858433,0.13411545453153043
IFOREST,sms,pr,0.9812583668005355,0.178955078125,0.13440916602762973
IFOREST,sms,pr,0.9812583668005355,0.178998778998779,0.134568589284552
IFOREST,sms,pr,0.9812583668005355,0.17904250122129947,0.1346228712823976
IFOREST,sms,pr,0.9812583668005355,0.17908624480820914,0.13486428674677714
IFOREST,sms,pr,0.9812583668005355,0.17913000977517107,0.13494803045025539
IFOREST,sms,pr,0.9812583668005355,0.1791737961378636,0.13495236760661958
IFOREST,sms,pr,0.9812583668005355,0.17921760391198044,0.13505451623337514
IFOREST,sms,pr,0.9812583668005355,0.17926143311323062,0.13507203117055805
IFOREST,sms,pr,0.9799196787148594,0.17906066536203522,0.13511773250279585
IFOREST,sms,pr,0.9799196787148594,0.17914831130690162,0.13514019687110307
IFOREST,sms,pr,0.9785809906291834,0.17894736842105263,0.13514448331846948
IFOREST,sms,pr,0.9785809906291834,0.17899118511263468,0.13516766720496112
IFOREST,sms,pr,0.9785809906291834,0.1790350232672055,0.1353080412320174
IFOREST,sms,pr,0.9785809906291834,0.17907888290053894,0.13530889843517807
IFOREST,sms,pr,0.9785809906291834,0.17912276402842442,0.1354509512209901
IFOREST,sms,pr,0.9785809906291834,0.17921059083108606,0.13551476067103896
IFOREST,sms,pr,0.9785809906291834,0.17925453653751838,0.13554065463113227
IFOREST,sms,pr,0.9785809906291834,0.17929850380181506,0.13555853089886266
IFOREST,sms,pr,0.9785809906291834,0.17934249263984298,0.13560480776180203
IFOREST,sms,pr,0.9785809906291834,0.17938650306748466,0.1356254830866892
IFOREST,sms,pr,0.9772423025435074,0.1791850760922926,0.13572790042909452
IFOREST,sms,pr,0.9772423025435074,0.17922906948195433,0.13582379090322483
IFOREST,sms,pr,0.9772423025435074,0.17927308447937132,0.13584464635262739
IFOREST,sms,pr,0.9772423025435074,0.17931712110046671,0.13584688184433266
IFOREST,sms,pr,0.9772423025435074,0.17936117936117937,0.13586968517247047
IFOREST,sms,pr,0.9772423025435074,0.17940525927746376,0.13589431254356557
IFOREST,sms,pr,0.9772423025435074,0.17944936086529006,0.13591075281934162
IFOREST,sms,pr,0.9772423025435074,0.1794934841406442,0.13594011158451041
IFOREST,sms,pr,0.9772423025435074,0.17967019443760768,0.13596204729564534
IFOREST,sms,pr,0.9772423025435074,0.17971442639094043,0.13596223774632046
IFOREST,sms,pr,0.9772423025435074,0.17975868012804727,0.13600986447128938
IFOREST,sms,pr,0.9772423025435074,0.17980295566502463,0.13603266978067954
IFOREST,sms,pr,0.9772423025435074,0.17989157220305568,0.13607875881991227
IFOREST,sms,pr,0.9772423025435074,0.17993591323638156,0.1361029932862297
IFOREST,sms,pr,0.9772423025435074,0.1799802761341223,0.13612513889008307
IFOREST,sms,pr,0.9772423025435074,0.18002466091245375,0.13612617983608025
IFOREST,sms,pr,0.9772423025435074,0.18011349617567235,0.13653361740184117
IFOREST,sms,pr,0.9772423025435074,0.18015794669299112,0.13657991658489213
IFOREST,sms,pr,0.9772423025435074,0.18020241915576402,0.1365891205828978
IFOREST,sms,pr,0.9772423025435074,0.18024691358024691,0.1369968406832262
IFOREST,sms,pr,0.9772423025435074,0.18029142998271178,0.13701417896050314
IFOREST,sms,pr,0.9772423025435074,0.18042511122095897,0.13752443749748167
IFOREST,sms,pr,0.9772423025435074,0.18046971569839307,0.13771872022551687
IFOREST,sms,pr,0.9772423025435074,0.1805143422354105,0.13773724271909457
IFOREST,sms,pr,0.9772423025435074,0.1806036615536863,0.13786118081249465
IFOREST,sms,pr,0.9772423025435074,0.18064835436773077,0.13801291419613276
IFOREST,sms,pr,0.9772423025435074,0.1806930693069307,0.13824750518617
IFOREST,sms,pr,0.9772423025435074,0.18073780638771975,0.13825063305671356
IFOREST,sms,pr,0.9772423025435074,0.1807825656265478,0.13826836725338695
IFOREST,sms,pr,0.9772423025435074,0.1808273470398811,0.1383225076967438
IFOREST,sms,pr,0.9772423025435074,0.18087215064420217,0.13836077715028047
IFOREST,sms,pr,0.9772423025435074,0.1809169764560099,0.13836121215355726
IFOREST,sms,pr,0.9772423025435074,0.18096182449181952,0.13836612584455585
IFOREST,sms,pr,0.9772423025435074,0.18100669476816267,0.1384053112183837
IFOREST,sms,pr,0.9772423025435074,0.1810515873015873,0.138418026391954
IFOREST,sms,pr,0.9772423025435074,0.1810965021086579,0.13847546730299923
IFOREST,sms,pr,0.9772423025435074,0.18114143920595532,0.1385219492974223
IFOREST,sms,pr,0.9772423025435074,0.18118639861007693,0.13857416064518635
IFOREST,sms,pr,0.9772423025435074,0.18123138033763656,0.13857438046576073
IFOREST,sms,pr,0.9759036144578314,0.18102806059101068,0.13859766952934152
IFOREST,sms,pr,0.9759036144578314,0.1810730253353204,0.13866948984955974
IFOREST,sms,pr,0.9759036144578314,0.18111801242236025,0.13869318420114882
IFOREST,sms,pr,0.9759036144578314,0.18120805369127516,0.13869433682485563
IFOREST,sms,pr,0.9759036144578314,0.18125310790651417,0.1387124767846931
IFOREST,sms,pr,0.9759036144578314,0.18129818453121113,0.13873813011049385
IFOREST,sms,pr,0.9759036144578314,0.18134328358208956,0.13874101212680998
IFOREST,sms,pr,0.9759036144578314,0.18138840507588952,0.138779475082435
IFOREST,sms,pr,0.9759036144578314,0.18143354902936784,0.13878692403524795
IFOREST,sms,pr,0.9759036144578314,0.18147871545929797,0.13882587864461252
IFOREST,sms,pr,0.9759036144578314,0.18152390438247012,0.1388529431095415
IFOREST,sms,pr,0.9759036144578314,0.18156911581569116,0.13894919248568013
IFOREST,sms,pr,0.9759036144578314,0.18161434977578475,0.13894928967272838
IFOREST,sms,pr,0.9759036144578314,0.18165960627959132,0.138995489690024
IFOREST,sms,pr,0.9759036144578314,0.18179551122194515,0.13899880341159465
IFOREST,sms,pr,0.9759036144578314,0.18184085806934397,0.13906450750975646
IFOREST,sms,pr,0.9759036144578314,0.18188622754491018,0.13915800013004873
IFOREST,sms,pr,0.9759036144578314,0.18193161966558521,0.13926244358319986
IFOREST,sms,pr,0.9759036144578314,0.1819770344483275,0.140096473264053
IFOREST,sms,pr,0.9759036144578314,0.18202247191011237,0.1403676554832904
IFOREST,sms,pr,0.9759036144578314,0.1821134149387959,0.14046974136595572
IFOREST,sms,pr,0.9759036144578314,0.18215892053973012,0.1406366307389584
IFOREST,sms,pr,0.9759036144578314,0.18220444888777806,0.1406691668964148
IFOREST,sms,pr,0.9759036144578314,0.18225,0.1407090620661157
IFOREST,sms,pr,0.9759036144578314,0.18234117058529264,0.1407300049202131
IFOREST,sms,pr,0.9759036144578314,0.18238679009256942,0.14074284275532914
IFOREST,sms,pr,0.9759036144578314,0.18243243243243243,0.14089429465676404
IFOREST,sms,pr,0.9759036144578314,0.18247809762202755,0.14091786794443703
IFOREST,sms,pr,0.9759036144578314,0.18252378567851776,0.14092201826447545
IFOREST,sms,pr,0.9759036144578314,0.1825694966190834,0.1409986261603692
IFOREST,sms,pr,0.9759036144578314,0.18261523046092185,0.14107208957878561
IFOREST,sms,pr,0.9759036144578314,0.1826609872212478,0.14129108922877515
IFOREST,sms,pr,0.9759036144578314,0.18270676691729323,0.14130489814178762
IFOREST,sms,pr,0.9759036144578314,0.18275256956630734,0.14135249246009252
IFOREST,sms,pr,0.9759036144578314,0.1828901154039137,0.141354354679958
IFOREST,sms,pr,0.9759036144578314,0.18293601003764115,0.14146916178770622
IFOREST,sms,pr,0.9759036144578314,0.18298192771084337,0.14147399414798237
IFOREST,sms,pr,0.9759036144578314,0.1830278684408737,0.14149520420821435
IFOREST,sms,pr,0.9759036144578314,0.18307383224510296,0.14151725113268407
IFOREST,sms,pr,0.9759036144578314,0.18316582914572865,0.1415867563659523
IFOREST,sms,pr,0.9759036144578314,0.18321186227695402,0.14161121643102242
IFOREST,sms,pr,0.9759036144578314,0.18348854769695444,0.1416807319588273
IFOREST,sms,pr,0.9759036144578314,0.18353474320241692,0.14170383753255933
IFOREST,sms,pr,0.9759036144578314,0.18358096197431378,0.1417729772948589
IFOREST,sms,pr,0.9759036144578314,0.1836272040302267,0.14200002995198174
IFOREST,sms,pr,0.9759036144578314,0.1836734693877551,0.14222529109134155
IFOREST,sms,pr,0.9759036144578314,0.1838124054462935,0.14235233875288467
IFOREST,sms,pr,0.9759036144578314,0.18385876418663305,0.1424129731659319
IFOREST,sms,pr,0.9759036144578314,0.18390514631685168,0.14264562303394368
IFOREST,sms,pr,0.9759036144578314,0.18395155185465556,0.14278576116289982
IFOREST,sms,pr,0.9759036144578314,0.1839979808177688,0.14294104311922087
IFOREST,sms,pr,0.9759036144578314,0.18404443322393335,0.14336813884635838
IFOREST,sms,pr,0.9759036144578314,0.18413740843647386,0.14350650048585645
IFOREST,sms,pr,0.9759036144578314,0.18418393127842345,0.1436041083057718
IFOREST,sms,pr,0.9759036144578314,0.18423047763457165,0.14366523472287848
IFOREST,sms,pr,0.9759036144578314,0.18427704752275026,0.14371948142874447
IFOREST,sms,pr,0.9759036144578314,0.1843236409608091,0.14374693814748127
IFOREST,sms,pr,0.9759036144578314,0.18437025796661607,0.14377874300955873
IFOREST,sms,pr,0.9759036144578314,0.18441689855805718,0.1440518752897754
IFOREST,sms,pr,0.9759036144578314,0.18446356275303644,0.14405421203894297
IFOREST,sms,pr,0.9759036144578314,0.1845102505694761,0.14415366700513554
IFOREST,sms,pr,0.9759036144578314,0.18455696202531646,0.1442236741587909
IFOREST,sms,pr,0.9759036144578314,0.18460369713851607,0.14423045544227908
IFOREST,sms,pr,0.9759036144578314,0.18465045592705168,0.1442449145592989
IFOREST,sms,pr,0.9759036144578314,0.18469723840891816,0.14424648056219716
IFOREST,sms,pr,0.9759036144578314,0.18474404460212873,0.14427244617687204
IFOREST,sms,pr,0.9759036144578314,0.18479087452471482,0.14434049639062385
IFOREST,sms,pr,0.9759036144578314,0.18493150684931506,0.1443422702720863
IFOREST,sms,pr,0.9759036144578314,0.18497843187008373,0.1443428422172211
IFOREST,sms,pr,0.9759036144578314,0.1850253807106599,0.14434352502700862
IFOREST,sms,pr,0.9759036144578314,0.18507235338918507,0.14436509526007518
IFOREST,sms,pr,0.9759036144578314,0.1851193499238192,0.14436519723749353
IFOREST,sms,pr,0.9759036144578314,0.18516637033274067,0.14441277303910185
IFOREST,sms,pr,0.9759036144578314,0.18521341463414634,0.14441344387329355
IFOREST,sms,pr,0.9759036144578314,0.1852604828462516,0.14443703637879693
IFOREST,sms,pr,0.9759036144578314,0.18530757498729028,0.14448317183779866
IFOREST,sms,pr,0.9759036144578314,0.1853546910755149,0.1445526836853851
IFOREST,sms,pr,0.9759036144578314,0.18540183112919634,0.14462101546699324
IFOREST,sms,pr,0.9759036144578314,0.18544899516662428,0.14466118995868738
IFOREST,sms,pr,0.9759036144578314,0.18549618320610686,0.14469999002322884
IFOREST,sms,pr,0.9759036144578314,0.185543395265971,0.14526353163269762
IFOREST,sms,pr,0.9759036144578314,0.1855906313645621,0.1452928293005769
IFOREST,sms,pr,0.9759036144578314,0.18563789152024446,0.14530328878608156
IFOREST,sms,pr,0.9759036144578314,0.18568517575140092,0.14532157430643977
IFOREST,sms,pr,0.9759036144578314,0.1857324840764331,0.14550657498313047
IFOREST,sms,pr,0.9759036144578314,0.18577981651376146,0.14562058108597592
IFOREST,sms,pr,0.9759036144578314,0.18582717308182514,0.14568068810498852
IFOREST,sms,pr,0.9759036144578314,0.1858745537990821,0.14570730107341545
IFOREST,sms,pr,0.9759036144578314,0.18592195868400918,0.14584048479149928
IFOREST,sms,pr,0.9745649263721553,0.18571428571428572,0.14601123639389268
IFOREST,sms,pr,0.9745649263721553,0.18576167389640214,0.14608808559617698
IFOREST,sms,pr,0.9745649263721553,0.18580908626850434,0.14609838618540294
IFOREST,sms,pr,0.9745649263721553,0.18585652284911922,0.14621680871661535
IFOREST,sms,pr,0.9745649263721553,0.18590398365679264,0.14641800846106168
IFOREST,sms,pr,0.9745649263721553,0.1859514687100894,0.1464206834152891
IFOREST,sms,pr,0.9745649263721553,0.18599897802759324,0.14642959594570157
IFOREST,sms,pr,0.9745649263721553,0.18604651162790697,0.14653496667769733
IFOREST,sms,pr,0.9745649263721553,0.18609406952965235,0.1465725607140131
IFOREST,sms,pr,0.9745649263721553,0.1861416517514702,0.14659666313339406
IFOREST,sms,pr,0.9745649263721553,0.18618925831202046,0.1468148977272713
IFOREST,sms,pr,0.9745649263721553,0.1862368892299821,0.14686160401830536
IFOREST,sms,pr,0.9745649263721553,0.1862845445240532,0.1469084271748108
IFOREST,sms,pr,0.9745649263721553,0.18633222421295112,0.14692939047554943
IFOREST,sms,pr,0.9745649263721553,0.1863799283154122,0.14702767331366096
IFOREST,sms,pr,0.9745649263721553,0.18642765685019205,0.1470751755863301
IFOREST,sms,pr,0.9732262382864793,0.18621926229508196,0.14709621866043815
IFOREST,sms,pr,0.9732262382864793,0.1862669741224699,0.14709917146390541
IFOREST,sms,pr,0.9732262382864793,0.18631471040492056,0.14709956408515068
IFOREST,sms,pr,0.9732262382864793,0.18636247116124072,0.14715098680137706
IFOREST,sms,pr,0.9732262382864793,0.1864102564102564,0.1471536737599798
IFOREST,sms,pr,0.9732262382864793,0.1865537593020272,0.14716931133972938
IFOREST,sms,pr,0.9732262382864793,0.18660164271047228,0.1472137962574651
IFOREST,sms,pr,0.9732262382864793,0.18664955070603337,0.14721661407462236
IFOREST,sms,pr,0.9732262382864793,0.1866974833076528,0.147216709820012
IFOREST,sms,pr,0.9732262382864793,0.1868414289385762,0.14723612998409635
IFOREST,sms,pr,0.9732262382864793,0.18688946015424165,0.14733203237079542
IFOREST,sms,pr,0.9732262382864793,0.1869375160709694,0.147425198849833
IFOREST,sms,pr,0.9732262382864793,0.18698559670781892,0.14745528386102488
IFOREST,sms,pr,0.9732262382864793,0.1870337020838693,0.14747106590862014
IFOREST,sms,pr,0.9732262382864793,0.18708183221821925,0.1476703765898256
IFOREST,sms,pr,0.9732262382864793,0.18712998712998713,0.1479000600139128
IFOREST,sms,pr,0.9732262382864793,0.187178166838311,0.14793009696769044
IFOREST,sms,pr,0.9732262382864793,0.1872263713623487,0.14794175068409893
IFOREST,sms,pr,0.9732262382864793,0.1872746007212777,0.1480893315350855
IFOREST,sms,pr,0.9732262382864793,0.1873228549342953,0.14816856006123952
IFOREST,sms,pr,0.9732262382864793,0.18737113402061856,0.14826046579705263
IFOREST,sms,pr,0.9732262382864793,0.18746776689014957,0.14862257241002363
IFOREST,sms,pr,0.9732262382864793,0.18751612071189064,0.14885598296121277
IFOREST,sms,pr,0.9732262382864793,0.18756449948400414,0.14886631734915678
IFOREST,sms,pr,0.9732262382864793,0.18761290322580645,0.1489470897267125
IFOREST,sms,pr,0.9692101740294511,0.18698347107438015,0.14908744896105885
IFOREST,sms,pr,0.9692101740294511,0.18703177473521054,0.1490896630690148
IFOREST,sms,pr,0.9692101740294511,0.18708010335917313,0.14930870135432672
IFOREST,sms,pr,0.9692101740294511,0.1871284569656242,0.14931439177955957
IFOREST,sms,pr,0.9692101740294511,0.18717683557394002,0.14931743234462377
IFOREST,sms,pr,0.9692101740294511,0.18722523920351694,0.14932299702792395
IFOREST,sms,pr,0.9678714859437751,0.18701500258665288,0.14937274178359014
IFOREST,sms,pr,0.9678714859437751,0.1870633893919793,0.1494836153844065
IFOREST,sms,pr,0.9665327978580991,0.18685300207039338,0.14952808523006433
IFOREST,sms,pr,0.9665327978580991,0.18690137199068083,0.14956129159706535
IFOREST,sms,pr,0.9665327978580991,0.18694976696012428,0.1495941970965692
IFOREST,sms,pr,0.9665327978580991,0.186998186998187,0.14982833730320472
IFOREST,sms,pr,0.9665327978580991,0.18704663212435232,0.14990187299393032
IFOREST,sms,pr,0.9665327978580991,0.18709510235812388,0.14992676643867286
IFOREST,sms,pr,0.9665327978580991,0.1871435977190254,0.14999304171022249
IFOREST,sms,pr,0.9665327978580991,0.18719211822660098,0.14999398473857437
IFOREST,sms,pr,0.9665327978580991,0.18724066390041494,0.15006717550163653
IFOREST,sms,pr,0.9665327978580991,0.18728923476005188,0.15008858086066534
IFOREST,sms,pr,0.9665327978580991,0.18733783082511676,0.15008982851428093
IFOREST,sms,pr,0.9665327978580991,0.18738645211523489,0.15013192244367582
IFOREST,sms,pr,0.9665327978580991,0.18743509865005192,0.15032190104153478
IFOREST,sms,pr,0.9665327978580991,0.18748377044923398,0.15048579191453285
IFOREST,sms,pr,0.9665327978580991,0.18753246753246752,0.1508285769323749
IFOREST,sms,pr,0.9665327978580991,0.1875811899194596,0.15132747746978242
IFOREST,sms,pr,0.9665327978580991,0.18762993762993763,0.15152216351124137
IFOREST,sms,pr,0.9665327978580991,0.1876787106836496,0.15156112654282056
IFOREST,sms,pr,0.9665327978580991,0.187727509100364,0.1516545514624476
IFOREST,sms,pr,0.9665327978580991,0.18777633289986997,0.15170859271441006
IFOREST,sms,pr,0.9665327978580991,0.1878251821019771,0.15171655347316162
IFOREST,sms,pr,0.9665327978580991,0.18787405672651575,0.15191999563982017
IFOREST,sms,pr,0.9665327978580991,0.18792295679333682,0.15194196139536864
IFOREST,sms,pr,0.9665327978580991,0.1879718823223119,0.15194729710419194
IFOREST,sms,pr,0.9665327978580991,0.18802083333333333,0.15195350893217385
IFOREST,sms,pr,0.9665327978580991,0.18806980984631413,0.15208329249264566
IFOREST,sms,pr,0.9665327978580991,0.18811881188118812,0.15214404817728241
IFOREST,sms,pr,0.9665327978580991,0.18816783945790982,0.1522997673743213
IFOREST,sms,pr,0.9665327978580991,0.18821689259645463,0.15236781825350337
IFOREST,sms,pr,0.9665327978580991,0.18826597131681877,0.15251374291861902
IFOREST,sms,pr,0.9665327978580991,0.1883150756390193,0.1526339289099029
IFOREST,sms,pr,0.9665327978580991,0.1883642055830942,0.15273100914968435
IFOREST,sms,pr,0.9665327978580991,0.1884133611691023,0.15274568131697228
IFOREST,sms,pr,0.9665327978580991,0.18846254241712346,0.15279993215043836
IFOREST,sms,pr,0.9665327978580991,0.18851174934725848,0.1528574032111432
IFOREST,sms,pr,0.9665327978580991,0.18856098197962914,0.15291736798768066
IFOREST,sms,pr,0.9665327978580991,0.18861024033437826,0.15291794051998284
IFOREST,sms,pr,0.9665327978580991,0.18865952443166972,0.1529179452521367
IFOREST,sms,pr,0.9665327978580991,0.18870883429168844,0.15291842197375197
IFOREST,sms,pr,0.9665327978580991,0.18875816993464054,0.15295198393023046
IFOREST,sms,pr,0.9665327978580991,0.18880753138075315,0.15296336254426673
IFOREST,sms,pr,0.9665327978580991,0.18885691865027465,0.1529860248094821
IFOREST,sms,pr,0.9665327978580991,0.18890633176347463,0.153009171131353
IFOREST,sms,pr,0.9665327978580991,0.18895577074064382,0.15305688077923077
IFOREST,sms,pr,0.9665327978580991,0.18900523560209423,0.1530797327358442
IFOREST,sms,pr,0.9665327978580991,0.1891042430591933,0.15308048840636693
IFOREST,sms,pr,0.9665327978580991,0.18915378569557245,0.15310229882602902
IFOREST,sms,pr,0.9665327978580991,0.18920335429769392,0.15310315887720424
IFOREST,sms,pr,0.9665327978580991,0.1892529488859764,0.1531169407955429
IFOREST,sms,pr,0.9665327978580991,0.18930256948086,0.1531262976351339
IFOREST,sms,pr,0.9665327978580991,0.1893522161028062,0.15317286121641527
IFOREST,sms,pr,0.9665327978580991,0.189401888772298,0.15322485456261323
IFOREST,sms,pr,0.9665327978580991,0.18945158750983992,0.15327516028968924
IFOREST,sms,pr,0.9665327978580991,0.18950131233595802,0.15328802829774518
IFOREST,sms,pr,0.9665327978580991,0.18955106327119978,0.1533140426267586
IFOREST,sms,pr,0.9665327978580991,0.18960084033613445,0.15334729520740134
IFOREST,sms,pr,0.9665327978580991,0.18965064355135278,0.15351659116149793
IFOREST,sms,pr,0.9665327978580991,0.18970047293746717,0.15367946888431291
IFOREST,sms,pr,0.9665327978580991,0.1897503285151117,0.15379056545635406
IFOREST,sms,pr,0.9665327978580991,0.18980021030494218,0.15381516310208665
IFOREST,sms,pr,0.9665327978580991,0.18985011832763607,0.15404671182392604
IFOREST,sms,pr,0.9665327978580991,0.1899000526038927,0.15409231152950975
IFOREST,sms,pr,0.9665327978580991,0.18995001315443305,0.15414955867095945
IFOREST,sms,pr,0.9665327978580991,0.19005001316135825,0.1543398725351231
IFOREST,sms,pr,0.9665327978580991,0.19010005265929436,0.15446500158223922
IFOREST,sms,pr,0.9665327978580991,0.1901501185146168,0.1548509259486259
IFOREST,sms,pr,0.9665327978580991,0.19020021074815596,0.1548979777817972
IFOREST,sms,pr,0.9665327978580991,0.19025032938076417,0.15492628635617817
IFOREST,sms,pr,0.9665327978580991,0.19030047443331577,0.15496738420879477
IFOREST,sms,pr,0.9665327978580991,0.19035064592670708,0.15497200445098513
IFOREST,sms,pr,0.9665327978580991,0.19040084388185655,0.1550397067738649
IFOREST,sms,pr,0.9665327978580991,0.19045106831970457,0.15505630714858326
IFOREST,sms,pr,0.9665327978580991,0.19050131926121372,0.15515645702586364
IFOREST,sms,pr,0.9665327978580991,0.1905515967273687,0.1552036141272422
IFOREST,sms,pr,0.9665327978580991,0.19060190073917635,0.15527217355316594
IFOREST,sms,pr,0.9665327978580991,0.1906522313176657,0.15527305358930973
IFOREST,sms,pr,0.9665327978580991,0.19070258848388802,0.15529920026916497
IFOREST,sms,pr,0.9665327978580991,0.19075297225891677,0.15539494024183778
IFOREST,sms,pr,0.9665327978580991,0.19080338266384778,0.15562935579962064
IFOREST,sms,pr,0.9665327978580991,0.1908538197197991,0.15570101369119677
IFOREST,sms,pr,0.9665327978580991,0.19090428344791116,0.15576949321233605
IFOREST,sms,pr,0.9665327978580991,0.19095477386934673,0.15579096758822045
IFOREST,sms,pr,0.9665327978580991,0.191005291005291,0.15579224158524949
IFOREST,sms,pr,0.9665327978580991,0.19105583487695157,0.15579284272191485
IFOREST,sms,pr,0.9665327978580991,0.1911064055055585,0.15590952507223496
IFOREST,sms,pr,0.9665327978580991,0.19115700291236432,0.1559787793220053
IFOREST,sms,pr,0.9665327978580991,0.19120762711864406,0.15604683555333596
IFOREST,sms,pr,0.9665327978580991,0.19125827814569538,0.1560816338414332
IFOREST,sms,pr,0.9665327978580991,0.19130895601483835,0.15632358026573268
IFOREST,sms,pr,0.965194109772423,0.19109461966604824,0.1563462550996036
IFOREST,sms,pr,0.965194109772423,0.19114528101802758,0.15642688765884288
IFOREST,sms,pr,0.965194109772423,0.19119596923892868,0.15665908908736295
IFOREST,sms,pr,0.965194109772423,0.19124668435013262,0.15688848868087416
IFOREST,sms,pr,0.965194109772423,0.19129742637304326,0.1571328138612669
IFOREST,sms,pr,0.965194109772423,0.19134819532908706,0.1572200404382452
IFOREST,sms,pr,0.965194109772423,0.1913989912397133,0.15726927985885825
IFOREST,sms,pr,0.965194109772423,0.19144981412639406,0.15727813357274298
IFOREST,sms,pr,0.965194109772423,0.19150066401062418,0.15728674605816906
IFOREST,sms,pr,0.965194109772423,0.19155154091392135,0.15734554319100488
IFOREST,sms,pr,0.965194109772423,0.1916024448578262,0.15749342117386178
IFOREST,sms,pr,0.965194109772423,0.1916533758639022,0.15753915244091932
IFOREST,sms,pr,0.9625167336010709,0.19122340425531914,0.1575474358348228
IFOREST,sms,pr,0.9625167336010709,0.19127427507315775,0.15758227605281822
IFOREST,sms,pr,0.9625167336010709,0.19132517296434273,0.1578485505442515
IFOREST,sms,pr,0.9625167336010709,0.1913760979504924,0.15788405760283608
IFOREST,sms,pr,0.9625167336010709,0.19142705005324814,0.15789801158096806
IFOREST,sms,pr,0.9625167336010709,0.1914780292942743,0.157942384081223
IFOREST,sms,pr,0.9625167336010709,0.191580069277911,0.1580791896540635
IFOREST,sms,pr,0.9625167336010709,0.19163113006396587,0.15808238747042683
IFOREST,sms,pr,0.9625167336010709,0.19168221807517996,0.15825817684410035
IFOREST,sms,pr,0.9625167336010709,0.19173333333333334,0.15829331665406146
IFOREST,sms,pr,0.9625167336010709,0.1917844758602294,0.1583163390283323
IFOREST,sms,pr,0.9625167336010709,0.19183564567769476,0.15836211982605933
IFOREST,sms,pr,0.9625167336010709,0.1918868428075794,0.15836281753505987
IFOREST,sms,pr,0.9625167336010709,0.19193806727175655,0.15842703922478327
IFOREST,sms,pr,0.9625167336010709,0.19198931909212283,0.15850008071013463
IFOREST,sms,pr,0.9625167336010709,0.1920405982905983,0.1585051902711888
IFOREST,sms,pr,0.9625167336010709,0.19209190488912636,0.1585305487967598
IFOREST,sms,pr,0.9625167336010709,0.19214323890967397,0.1585502237908276
IFOREST,sms,pr,0.9625167336010709,0.1921946003742315,0.15857202419659366
IFOREST,sms,pr,0.9625167336010709,0.19224598930481285,0.15857752677904752
IFOREST,sms,pr,0.9625167336010709,0.19229740572345547,0.15860049127773213
IFOREST,sms,pr,0.9625167336010709,0.19234884965222043,0.1586028969229424
IFOREST,sms,pr,0.9625167336010709,0.1924003211131924,0.15864515958100134
IFOREST,sms,pr,0.9625167336010709,0.19245182012847967,0.158692244006894
IFOREST,sms,pr,0.9625167336010709,0.19250334672021419,0.15876299344000364
IFOREST,sms,pr,0.9625167336010709,0.1925549009105517,0.158786297741645
IFOREST,sms,pr,0.9625167336010709,0.19260648272167158,0.15883156997031506
IFOREST,sms,pr,0.9625167336010709,0.19265809217577706,0.15892728928571315
IFOREST,sms,pr,0.9625167336010709,0.19270972929509514,0.15909761668535272
IFOREST,sms,pr,0.9625167336010709,0.19276139410187668,0.1591025976902115
IFOREST,sms,pr,0.9625167336010709,0.19281308661839636,0.15911125391948613
IFOREST,sms,pr,0.9625167336010709,0.1928648068669528,0.159192366263422
IFOREST,sms,pr,0.9625167336010709,0.19291655486986853,0.15930977478439412
IFOREST,sms,pr,0.9625167336010709,0.19296833064949007,0.15935732837094116
IFOREST,sms,pr,0.9625167336010709,0.19302013422818792,0.1596152788357436
IFOREST,sms,pr,0.9625167336010709,0.1930719656283566,0.15963901802680872
IFOREST,sms,pr,0.9625167336010709,0.19312382487241472,0.15984868448247033
IFOREST,sms,pr,0.9625167336010709,0.19317571198280495,0.16016201282676412
IFOREST,sms,pr,0.9625167336010709,0.19322762698199408,0.16019955934704785
IFOREST,sms,pr,0.9625167336010709,0.1932795698924731,0.1603214315593147
IFOREST,sms,pr,0.9625167336010709,0.19333154073675718,0.1604945693843359
IFOREST,sms,pr,0.9611780455153949,0.19311457772996235,0.16050809758570342
IFOREST,sms,pr,0.9611780455153949,0.193166532149583,0.16054937850208315
IFOREST,sms,pr,0.9611780455153949,0.19321851453175456,0.160603838934461
IFOREST,sms,pr,0.9611780455153949,0.19327052489905788,0.16063459606471486
IFOREST,sms,pr,0.9611780455153949,0.193322563274098,0.16066983312103905
IFOREST,sms,pr,0.9611780455153949,0.19337462967950445,0.16071685890716902
IFOREST,sms,pr,0.9611780455153949,0.19342672413793102,0.16072609068536914
IFOREST,sms,pr,0.9611780455153949,0.19347884667205606,0.16079577185194452
IFOREST,sms,pr,0.9598393574297188,0.19326145552560647,0.16084190502063586
IFOREST,sms,pr,0.9598393574297188,0.19331356160690213,0.16085464771798813
IFOREST,sms,pr,0.9598393574297188,0.19336569579288027,0.16090824499112605
IFOREST,sms,pr,0.9598393574297188,0.1934178581062854,0.16093204018786855
IFOREST,sms,pr,0.9598393574297188,0.19347004856988667,0.16098248205454666
IFOREST,sms,pr,0.9598393574297188,0.19352226720647772,0.16098271378592618
IFOREST,sms,pr,0.9598393574297188,0.19357451403887688,0.1610196664030665
IFOREST,sms,pr,0.9598393574297188,0.1936267890899271,0.16104996464350588
IFOREST,sms,pr,0.9598393574297188,0.19367909238249595,0.16112271809182008
IFOREST,sms,pr,0.9598393574297188,0.19373142393947582,0.1611492581372819
IFOREST,sms,pr,0.9598393574297188,0.19378378378378378,0.16133662613536276
IFOREST,sms,pr,0.9598393574297188,0.19383617193836172,0.1613894173433183
IFOREST,sms,pr,0.9598393574297188,0.19388858842617632,0.16143751117998661
IFOREST,sms,pr,0.9598393574297188,0.1939410332702191,0.16145126218730482
IFOREST,sms,pr,0.9598393574297188,0.1939935064935065,0.16159099258202406
IFOREST,sms,pr,0.9598393574297188,0.19404600811907985,0.16164014938209686
IFOREST,sms,pr,0.9598393574297188,0.1940985381700054,0.16168527991409168
IFOREST,sms,pr,0.9598393574297188,0.1941510966693745,0.1617084597288702
IFOREST,sms,pr,0.9598393574297188,0.19420368364030335,0.161758004490363
IFOREST,sms,pr,0.9598393574297188,0.19425629910593334,0.1617824261328622
IFOREST,sms,pr,0.9598393574297188,0.1943089430894309,0.16258521405367635
IFOREST,sms,pr,0.9598393574297188,0.19441431670281994,0.16264606073556095
IFOREST,sms,pr,0.9598393574297188,0.19446704637917006,0.16269388678693752
IFOREST,sms,pr,0.9598393574297188,0.19451980466630495,0.16285094722269866
IFOREST,sms,pr,0.9598393574297188,0.19457259158751697,0.16300193974495
IFOREST,sms,pr,0.9598393574297188,0.19462540716612378,0.1630399776834186
IFOREST,sms,pr,0.9598393574297188,0.19467825142546838,0.16306659075001365
IFOREST,sms,pr,0.9598393574297188,0.19473112438891907,0.16315756264493655
IFOREST,sms,pr,0.9598393574297188,0.1947840260798696,0.16339379781929594
IFOREST,sms,pr,0.9598393574297188,0.19483695652173913,0.16345239364660683
IFOREST,sms,pr,0.9598393574297188,0.19494290375203915,0.1634647515811237
IFOREST,sms,pr,0.9598393574297188,0.19499592058743542,0.16347328683363482
IFOREST,sms,pr,0.9598393574297188,0.19504896626768226,0.16355637879685447
IFOREST,sms,pr,0.9598393574297188,0.19510204081632654,0.16367330871600333
IFOREST,sms,pr,0.9598393574297188,0.19515514425694067,0.16368576992921938
IFOREST,sms,pr,0.9598393574297188,0.1952082766131228,0.1637200500068248
IFOREST,sms,pr,0.9598393574297188,0.19526143790849673,0.16373088962171675
IFOREST,sms,pr,0.9598393574297188,0.19531462816671208,0.16377978665195245
IFOREST,sms,pr,0.9598393574297188,0.19536784741144414,0.1637901593803058
IFOREST,sms,pr,0.9598393574297188,0.19542109566639412,0.1638366390292836
IFOREST,sms,pr,0.9598393574297188,0.195474372955289,0.16393187254341468
IFOREST,sms,pr,0.9598393574297188,0.1955810147299509,0.16393402307786414
IFOREST,sms,pr,0.9598393574297188,0.1956343792633015,0.16407236496937952
IFOREST,sms,pr,0.9598393574297188,0.1956877729257642,0.16407311466773872
IFOREST,sms,pr,0.9598393574297188,0.19574119574119575,0.1640957954214912
IFOREST,sms,pr,0.9598393574297188,0.1959016393442623,0.1641887779129712
IFOREST,sms,pr,0.9598393574297188,0.19595517901065865,0.1642170059880272
IFOREST,sms,pr,0.9598393574297188,0.1960087479496993,0.1642599582826061
IFOREST,sms,pr,0.9598393574297188,0.19606234618539786,0.1642847914534727
IFOREST,sms,pr,0.9598393574297188,0.19611597374179432,0.1643923328456621
IFOREST,sms,pr,0.9598393574297188,0.19616963064295487,0.16440218362315745
IFOREST,sms,pr,0.9598393574297188,0.1962233169129721,0.1644476632953557
IFOREST,sms,pr,0.9598393574297188,0.19627703257596496,0.16449757952576582
IFOREST,sms,pr,0.9598393574297188,0.19633077765607887,0.16450756622161364
IFOREST,sms,pr,0.9598393574297188,0.19638455217748563,0.16452027650495352
IFOREST,sms,pr,0.9598393574297188,0.19643835616438357,0.16458618123097007
IFOREST,sms,pr,0.9571619812583668,0.19599780701754385,0.1645969029950438
IFOREST,sms,pr,0.9571619812583668,0.1960515492185358,0.1646833354362153
IFOREST,sms,pr,0.9571619812583668,0.19621295279912185,0.1647627910522625
IFOREST,sms,pr,0.9571619812583668,0.19626681306615426,0.16477727587817845
IFOREST,sms,pr,0.9571619812583668,0.19632070291048875,0.1649867200648912
IFOREST,sms,pr,0.9571619812583668,0.19637462235649547,0.16512409103095696
IFOREST,sms,pr,0.9571619812583668,0.19642857142857142,0.16550159888316354
IFOREST,sms,pr,0.9571619812583668,0.1964825501511404,0.1656388759799454
IFOREST,sms,pr,0.9571619812583668,0.1965365585486531,0.1658371052911797
IFOREST,sms,pr,0.9571619812583668,0.19659059664558703,0.16602212431107746
IFOREST,sms,pr,0.9571619812583668,0.19664466446644666,0.16621558786334403
IFOREST,sms,pr,0.9571619812583668,0.19669876203576342,0.1662957692644922
IFOREST,sms,pr,0.9571619812583668,0.19675288937809576,0.16635784642371584
IFOREST,sms,pr,0.9571619812583668,0.1968070465180292,0.16657850488708398
IFOREST,sms,pr,0.9571619812583668,0.1968612334801762,0.16657909275249155
IFOREST,sms,pr,0.9571619812583668,0.19691545028917654,0.16663244857705395
IFOREST,sms,pr,0.9571619812583668,0.19696969696969696,0.16672017183491641
IFOREST,sms,pr,0.9571619812583668,0.19702397354643153,0.16674141116811333
IFOREST,sms,pr,0.9571619812583668,0.1971326164874552,0.16676502849521918
IFOREST,sms,pr,0.9571619812583668,0.19718698290126863,0.16681186236147438
IFOREST,sms,pr,0.9571619812583668,0.19724137931034483,0.1670212721048189
IFOREST,sms,pr,0.9571619812583668,0.19729580573951436,0.1670225414580867
IFOREST,sms,pr,0.9571619812583668,0.1973502622136351,0.1670645087434964
IFOREST,sms,pr,0.9571619812583668,0.19740474875759248,0.16706470470322035
IFOREST,sms,pr,0.9571619812583668,0.19745926539629938,0.16711877472125863
IFOREST,sms,pr,0.9571619812583668,0.19751381215469613,0.16723561350918384
IFOREST,sms,pr,0.9571619812583668,0.19756838905775076,0.16724503768074092
IFOREST,sms,pr,0.9571619812583668,0.1976229961304588,0.16728296174344817
IFOREST,sms,pr,0.9571619812583668,0.19767763339784353,0.16734901166870142
IFOREST,sms,pr,0.9571619812583668,0.19773230088495575,0.16737349383600536
IFOREST,sms,pr,0.9571619812583668,0.19778699861687413,0.16737799448227808
IFOREST,sms,pr,0.9571619812583668,0.19784172661870503,0.16740010648710293
IFOREST,sms,pr,0.9571619812583668,0.19789648491558262,0.16741899901332818
IFOREST,sms,pr,0.9571619812583668,0.1979512735326689,0.16743139471902038
IFOREST,sms,pr,0.9571619812583668,0.1980060924951537,0.16749330573060167
IFOREST,sms,pr,0.9571619812583668,0.19806094182825484,0.167677375114581
IFOREST,sms,pr,0.9571619812583668,0.19822567230385363,0.16809668035394865
IFOREST,sms,pr,0.9571619812583668,0.1982806433721575,0.16811292059397093
IFOREST,sms,pr,0.9571619812583668,0.19833564493758668,0.16833709108508896
IFOREST,sms,pr,0.9571619812583668,0.19839067702552718,0.16845563164295707
IFOREST,sms,pr,0.9571619812583668,0.19844573966139328,0.1684790040782796
IFOREST,sms,pr,0.9571619812583668,0.19850083287062742,0.1685183291825735
IFOREST,sms,pr,0.9571619812583668,0.19855595667870035,0.1686372192386644
IFOREST,sms,pr,0.9571619812583668,0.1986111111111111,0.16868222802743355
IFOREST,sms,pr,0.9571619812583668,0.19866629619338705,0.16880290879050697
IFOREST,sms,pr,0.9571619812583668,0.19872151195108392,0.16894324926087956
IFOREST,sms,pr,0.9571619812583668,0.19877675840978593,0.16898562465661093
IFOREST,sms,pr,0.9571619812583668,0.19883203559510568,0.1691315551912794
IFOREST,sms,pr,0.9571619812583668,0.19888734353268428,0.16918986819591578
IFOREST,sms,pr,0.9571619812583668,0.19894268224819142,0.16922215329869242
IFOREST,sms,pr,0.9571619812583668,0.19899805176732535,0.16924318175455905
IFOREST,sms,pr,0.9571619812583668,0.1990534521158129,0.16947114300718064
IFOREST,sms,pr,0.9571619812583668,0.19910888331940962,0.169491329896484
IFOREST,sms,pr,0.9571619812583668,0.1991643454038997,0.16968979626628483
IFOREST,sms,pr,0.9571619812583668,0.19927536231884058,0.1698345622050894
IFOREST,sms,pr,0.9571619812583668,0.19933091720100363,0.16988293602864205
IFOREST,sms,pr,0.9571619812583668,0.19938650306748465,0.16996343917843004
IFOREST,sms,pr,0.9571619812583668,0.199442119944212,0.16997465376219334
IFOREST,sms,pr,0.9571619812583668,0.19949776785714285,0.1700909941460867
IFOREST,sms,pr,0.9571619812583668,0.19955344683226348,0.17011484552257883
IFOREST,sms,pr,0.9571619812583668,0.19960915689558906,0.17013834018030108
IFOREST,sms,pr,0.9571619812583668,0.19966489807316393,0.17014143942395016
IFOREST,sms,pr,0.9571619812583668,0.19972067039106145,0.1701619753912737
IFOREST,sms,pr,0.9571619812583668,0.1997764738753842,0.1702810367153286
IFOREST,sms,pr,0.9571619812583668,0.19983230855226383,0.17034924070496132
IFOREST,sms,pr,0.9571619812583668,0.19988817444786133,0.17035013134140245
IFOREST,sms,pr,0.9571619812583668,0.19994407158836688,0.1703521336355726
IFOREST,sms,pr,0.9571619812583668,0.2,0.1704032205345153
IFOREST,sms,pr,0.9571619812583668,0.20005595970900952,0.17044297599633426
IFOREST,sms,pr,0.9571619812583668,0.20011195074167365,0.1704525830795293
IFOREST,sms,pr,0.9571619812583668,0.20016797312430012,0.1705589066618948
IFOREST,sms,pr,0.9571619812583668,0.200224026883226,0.17065529620813347
IFOREST,sms,pr,0.9571619812583668,0.20028011204481794,0.17073644878677885
IFOREST,sms,pr,0.9571619812583668,0.20033622863547212,0.17090682545944946
IFOREST,sms,pr,0.9571619812583668,0.20039237668161436,0.17101371603185564
IFOREST,sms,pr,0.9571619812583668,0.20044855620970004,0.17107090932929386
IFOREST,sms,pr,0.9571619812583668,0.20050476724621424,0.17120983258018718
IFOREST,sms,pr,0.9571619812583668,0.2005610098176718,0.17125828078095154
IFOREST,sms,pr,0.9571619812583668,0.2006172839506173,0.17128986564088494
IFOREST,sms,pr,0.9571619812583668,0.20067358967162505,0.17140916589433197
IFOREST,sms,pr,0.9571619812583668,0.20072992700729927,0.17149023901333693
IFOREST,sms,pr,0.9571619812583668,0.20078629598427408,0.17156028585639133
IFOREST,sms,pr,0.9571619812583668,0.20084269662921347,0.17156596576084215
IFOREST,sms,pr,0.9571619812583668,0.20089912896881146,0.1716904678156496
IFOREST,sms,pr,0.9571619812583668,0.20095559302979202,0.1719843110410654
IFOREST,sms,pr,0.9571619812583668,0.2010120888389092,0.17204980445047152
IFOREST,sms,pr,0.9571619812583668,0.20106861642294713,0.17207860108600173
IFOREST,sms,pr,0.9558232931726908,0.2008438818565401,0.17216579680881156
IFOREST,sms,pr,0.9558232931726908,0.20090039392234102,0.17226725278560154
IFOREST,sms,pr,0.9558232931726908,0.20095693779904306,0.17227860534638562
IFOREST,sms,pr,0.9558232931726908,0.20101351351351351,0.1722906378158169
IFOREST,sms,pr,0.9558232931726908,0.20107012109264996,0.17234038336124113
IFOREST,sms,pr,0.9558232931726908,0.20112676056338027,0.17241248591959252
IFOREST,sms,pr,0.9558232931726908,0.20118343195266272,0.17257369244224446
IFOREST,sms,pr,0.9558232931726908,0.2012401352874859,0.17266789890941275
IFOREST,sms,pr,0.9558232931726908,0.2012968705948689,0.1727146799906108
IFOREST,sms,pr,0.9558232931726908,0.20135363790186125,0.17278752114268017
IFOREST,sms,pr,0.9558232931726908,0.20141043723554303,0.17278834324624287
IFOREST,sms,pr,0.9558232931726908,0.20146726862302483,0.1729502095720015
IFOREST,sms,pr,0.9558232931726908,0.20152413209144793,0.1730217517420921
IFOREST,sms,pr,0.9558232931726908,0.2015810276679842,0.1732090580848576
IFOREST,sms,pr,0.9558232931726908,0.2016379553798362,0.17330232020701286
IFOREST,sms,pr,0.9558232931726908,0.2016949152542373,0.17330317448774504
IFOREST,sms,pr,0.9558232931726908,0.20175190731845155,0.1735240928985389
IFOREST,sms,pr,0.9558232931726908,0.2018089315997739,0.17400147915549372
IFOREST,sms,pr,0.9558232931726908,0.2018659881255301,0.17431852404889192
IFOREST,sms,pr,0.9558232931726908,0.20192307692307693,0.17443465574385236
IFOREST,sms,pr,0.9558232931726908,0.201980198019802,0.17465251472682636
IFOREST,sms,pr,0.9558232931726908,0.20203735144312393,0.17465701917198762
IFOREST,sms,pr,0.9558232931726908,0.2020945372204925,0.17474791151198443
IFOREST,sms,pr,0.9558232931726908,0.20215175537938845,0.174944193999912
IFOREST,sms,pr,0.9558232931726908,0.20220900594732372,0.175009159622078
IFOREST,sms,pr,0.9558232931726908,0.20226628895184137,0.17518953000979906
IFOREST,sms,pr,0.9558232931726908,0.20232360442051572,0.17523259441733186
IFOREST,sms,pr,0.9558232931726908,0.20238095238095238,0.17524065330903627
IFOREST,sms,pr,0.9558232931726908,0.20243833286078822,0.17530650201033102
IFOREST,sms,pr,0.9558232931726908,0.2025531914893617,0.175337951893186
IFOREST,sms,pr,0.9558232931726908,0.2026106696935301,0.1754814686024764
IFOREST,sms,pr,0.9558232931726908,0.20266818052795912,0.17554687681105088
IFOREST,sms,pr,0.9558232931726908,0.20272572402044292,0.17555371403007727
IFOREST,sms,pr,0.9558232931726908,0.20278330019880716,0.17560142091400707
IFOREST,sms,pr,0.9558232931726908,0.2028409090909091,0.17564489837968664
IFOREST,sms,pr,0.9558232931726908,0.2028985507246377,0.1757564854320338
IFOREST,sms,pr,0.9558232931726908,0.2029562251279136,0.17576039438746233
IFOREST,sms,pr,0.9558232931726908,0.20301393232868922,0.17578472134027393
IFOREST,sms,pr,0.9558232931726908,0.2030716723549488,0.17583288433574967
IFOREST,sms,pr,0.9558232931726908,0.20312944523470838,0.1758779835541782
IFOREST,sms,pr,0.9558232931726908,0.20318725099601595,0.17588219276515207
IFOREST,sms,pr,0.9558232931726908,0.20330296127562641,0.1759002284284347
IFOREST,sms,pr,0.9558232931726908,0.20336086585018515,0.17590597102331554
IFOREST,sms,pr,0.9558232931726908,0.20341880341880342,0.17593840186012574
IFOREST,sms,pr,0.9558232931726908,0.20347677400968936,0.17597844432878063
IFOREST,sms,pr,0.9558232931726908,0.20353477765108324,0.1759980100895617
IFOREST,sms,pr,0.9558232931726908,0.20359281437125748,0.1760693477605152
IFOREST,sms,pr,0.9558232931726908,0.20365088419851682,0.17610358234376053
IFOREST,sms,pr,0.9558232931726908,0.20370898716119828,0.17615965922107263
IFOREST,sms,pr,0.9558232931726908,0.20376712328767124,0.17616111452972322
IFOREST,sms,pr,0.9558232931726908,0.20382529260633742,0.17616216127470827
IFOREST,sms,pr,0.9558232931726908,0.20388349514563106,0.1762225950390368
IFOREST,sms,pr,0.9544846050870147,0.20365609825764067,0.17634664181229726
IFOREST,sms,pr,0.9544846050870147,0.2037142857142857,0.1764359063691327
IFOREST,sms,pr,0.9544846050870147,0.20388904775521877,0.17675556953977697
IFOREST,sms,pr,0.9544846050870147,0.20394736842105263,0.17685101521684513
IFOREST,sms,pr,0.9544846050870147,0.2040057224606581,0.17688473739004407
IFOREST,sms,pr,0.9544846050870147,0.20406410990269033,0.17739043001671487
IFOREST,sms,pr,0.9544846050870147,0.2041225307758374,0.17771239208671094
IFOREST,sms,pr,0.9531459170013387,0.20389461626575028,0.1777427979087058
IFOREST,sms,pr,0.9531459170013387,0.20395302205671728,0.17774953157049017
IFOREST,sms,pr,0.9531459170013387,0.20401146131805156,0.17791298721797041
IFOREST,sms,pr,0.9531459170013387,0.20406993407853252,0.17791578798460067
IFOREST,sms,pr,0.9531459170013387,0.20412844036697247,0.17808400732420065
IFOREST,sms,pr,0.9531459170013387,0.204245553643144,0.17811036079484902
IFOREST,sms,pr,0.9518072289156626,0.20401721664275466,0.17829242243068982
IFOREST,sms,pr,0.9518072289156626,0.20407577497129736,0.17829480436793313
IFOREST,sms,pr,0.9518072289156626,0.2041343669250646,0.17836319145543206
IFOREST,sms,pr,0.9518072289156626,0.204192992533027,0.17845877653098383
IFOREST,sms,pr,0.9518072289156626,0.20425165182418845,0.17846007365731997
IFOREST,sms,pr,0.9518072289156626,0.2043103448275862,0.17847668041574316
IFOREST,sms,pr,0.9518072289156626,0.20442783208740656,0.17854945887190046
IFOREST,sms,pr,0.9518072289156626,0.20448662640207074,0.17857353595521472
IFOREST,sms,pr,0.9518072289156626,0.20454545454545456,0.1786187454286299
IFOREST,sms,pr,0.9518072289156626,0.2046043165467626,0.17866821858031318
IFOREST,sms,pr,0.9518072289156626,0.20466321243523317,0.17868975382350458
IFOREST,sms,pr,0.9518072289156626,0.2047221422401382,0.17870758437693518
IFOREST,sms,pr,0.9518072289156626,0.20478110599078342,0.17871292952982845
IFOREST,sms,pr,0.9518072289156626,0.2048401037165082,0.17871545886120263
IFOREST,sms,pr,0.9518072289156626,0.2048991354466859,0.1787629912553253
IFOREST,sms,pr,0.9518072289156626,0.20495820121072356,0.17883144339881601
IFOREST,sms,pr,0.9518072289156626,0.2050173010380623,0.1789030976704022
IFOREST,sms,pr,0.9518072289156626,0.2050764349581771,0.178904716747282
IFOREST,sms,pr,0.9518072289156626,0.20513560300057704,0.17894090287984699
IFOREST,sms,pr,0.9518072289156626,0.2051948051948052,0.17909618156508703
IFOREST,sms,pr,0.9518072289156626,0.20531331215708923,0.17914840528406248
IFOREST,sms,pr,0.9518072289156626,0.20537261698440207,0.17923249108692546
IFOREST,sms,pr,0.9518072289156626,0.20543195608205722,0.17945422741519845
IFOREST,sms,pr,0.9518072289156626,0.20549132947976878,0.17957163694181266
IFOREST,sms,pr,0.9518072289156626,0.20555073720728534,0.17965778592744416
IFOREST,sms,pr,0.9518072289156626,0.20566965577089963,0.17987699693308654
IFOREST,sms,pr,0.9518072289156626,0.20572916666666666,0.17994161867829533
IFOREST,sms,pr,0.9518072289156626,0.20578871201157742,0.17996721149707243
IFOREST,sms,pr,0.9518072289156626,0.20584829183555298,0.1799885007313753
IFOREST,sms,pr,0.9518072289156626,0.2059079061685491,0.18013225854790124
IFOREST,sms,pr,0.9518072289156626,0.2059675550405562,0.18016903312000876
IFOREST,sms,pr,0.9518072289156626,0.20602723848159954,0.18027102271521545
IFOREST,sms,pr,0.9518072289156626,0.20608695652173914,0.18033317892616807
IFOREST,sms,pr,0.9518072289156626,0.20614670919106987,0.18061136497501953
IFOREST,sms,pr,0.9518072289156626,0.2062064965197216,0.18065121820959815
IFOREST,sms,pr,0.9518072289156626,0.206266318537859,0.18070629161206933
IFOREST,sms,pr,0.9518072289156626,0.20632617527568195,0.18072584916964163
IFOREST,sms,pr,0.9518072289156626,0.20638606676342525,0.18078190169769448
IFOREST,sms,pr,0.9518072289156626,0.20644599303135888,0.18081139399094717
IFOREST,sms,pr,0.9518072289156626,0.20650595410978798,0.18081566985886002
IFOREST,sms,pr,0.9518072289156626,0.20656595002905287,0.18087410731207154
IFOREST,sms,pr,0.9518072289156626,0.2066259808195292,0.18108244132683485
IFOREST,sms,pr,0.9518072289156626,0.20668604651162792,0.18115502619600585
IFOREST,sms,pr,0.9518072289156626,0.20674614713579528,0.18117717334534678
IFOREST,sms,pr,0.9518072289156626,0.20680628272251309,0.1811812258675676
IFOREST,sms,pr,0.9518072289156626,0.20686645330229853,0.1812013425387705
IFOREST,sms,pr,0.9518072289156626,0.2069266589057043,0.1812942209101407
IFOREST,sms,pr,0.9518072289156626,0.20698689956331878,0.18131652403932358
IFOREST,sms,pr,0.9518072289156626,0.20716783216783216,0.1813427915149522
IFOREST,sms,pr,0.9518072289156626,0.20722821334887787,0.18143625779235312
IFOREST,sms,pr,0.9518072289156626,0.20728862973760934,0.18147990433341313
IFOREST,sms,pr,0.9518072289156626,0.2073490813648294,0.1815064131369551
IFOREST,sms,pr,0.9518072289156626,0.2074095682613769,0.1815103064224352
IFOREST,sms,pr,0.9518072289156626,0.20747009045812664,0.18155509210319742
IFOREST,sms,pr,0.9518072289156626,0.2075306479859895,0.181597900703909
IFOREST,sms,pr,0.9518072289156626,0.2075912408759124,0.18164686422423706
IFOREST,sms,pr,0.9518072289156626,0.2076518691588785,0.18165884609339114
IFOREST,sms,pr,0.9518072289156626,0.2077125328659071,0.1816702734644449
IFOREST,sms,pr,0.9518072289156626,0.20777323202805376,0.18172013276622695
IFOREST,sms,pr,0.9518072289156626,0.2078339666764104,0.18181339659469975
IFOREST,sms,pr,0.9518072289156626,0.20789473684210527,0.18181348959044805
IFOREST,sms,pr,0.9518072289156626,0.20795554255630302,0.18192531147476212
IFOREST,sms,pr,0.9518072289156626,0.2080772607550483,0.18212667211983796
IFOREST,sms,pr,0.9518072289156626,0.20813817330210774,0.18236266572779086
IFOREST,sms,pr,0.9518072289156626,0.20832112510987402,0.18237289709260598
IFOREST,sms,pr,0.9518072289156626,0.20838218053927315,0.18239447765563152
IFOREST,sms,pr,0.9518072289156626,0.20844327176781002,0.1825845277860736
IFOREST,sms,pr,0.9518072289156626,0.20850439882697946,0.18269039438321616
IFOREST,sms,pr,0.9518072289156626,0.20856556174831328,0.18275659618861903
IFOREST,sms,pr,0.9518072289156626,0.20862676056338028,0.18288660449123437
IFOREST,sms,pr,0.9518072289156626,0.20868799530378632,0.18302830749369536
IFOREST,sms,pr,0.9518072289156626,0.2087492660011744,0.18310607847848312
IFOREST,sms,pr,0.9518072289156626,0.20881057268722467,0.1831457871167379
IFOREST,sms,pr,0.9518072289156626,0.20887191539365452,0.18318337695711534
IFOREST,sms,pr,0.9518072289156626,0.20893329415221862,0.18320249252254778
IFOREST,sms,pr,0.9518072289156626,0.20899470899470898,0.18338372373140097
IFOREST,sms,pr,0.9518072289156626,0.209056159952955,0.18343692601795555
IFOREST,sms,pr,0.9518072289156626,0.20911764705882352,0.1834892386563418
IFOREST,sms,pr,0.9518072289156626,0.2091791703442189,0.18351331505294072
IFOREST,sms,pr,0.9518072289156626,0.209240729841083,0.18361651612452218
IFOREST,sms,pr,0.9518072289156626,0.20930232558139536,0.1837538927894669
IFOREST,sms,pr,0.9518072289156626,0.20936395759717313,0.18377994688603969
IFOREST,sms,pr,0.9518072289156626,0.2094256259204713,0.1838873942779948
IFOREST,sms,pr,0.9518072289156626,0.20948733058338245,0.18391745294979314
IFOREST,sms,pr,0.9518072289156626,0.20954907161803712,0.18410620586990858
IFOREST,sms,pr,0.9518072289156626,0.20961084905660377,0.18412420286826114
IFOREST,sms,pr,0.9518072289156626,0.2096726629312887,0.18418247794589104
IFOREST,sms,pr,0.9518072289156626,0.2097345132743363,0.18418248793172237
IFOREST,sms,pr,0.9518072289156626,0.20979640011802891,0.18420268250241412
IFOREST,sms,pr,0.9518072289156626,0.20985832349468714,0.1842959792850027
IFOREST,sms,pr,0.9518072289156626,0.20992028343666963,0.18434396665532654
IFOREST,sms,pr,0.9518072289156626,0.2099822799763733,0.1843589398546119
IFOREST,sms,pr,0.9518072289156626,0.21004431314623337,0.1843958919380058
IFOREST,sms,pr,0.9518072289156626,0.21010638297872342,0.18441601327669147
IFOREST,sms,pr,0.9518072289156626,0.2101684895063553,0.1844384091484143
IFOREST,sms,pr,0.9518072289156626,0.21023063276167947,0.1844395434462911
IFOREST,sms,pr,0.9518072289156626,0.21029281277728482,0.18444156846620471
IFOREST,sms,pr,0.9518072289156626,0.21047957371225579,0.18444234427337985
IFOREST,sms,pr,0.9518072289156626,0.21054190109564702,0.18448820539274535
IFOREST,sms,pr,0.9518072289156626,0.2106042654028436,0.18451182532191715
IFOREST,sms,pr,0.9518072289156626,0.21066666666666667,0.1845124048267744
IFOREST,sms,pr,0.9518072289156626,0.2107291049199763,0.1846523400412481
IFOREST,sms,pr,0.9518072289156626,0.2107915801956715,0.18472116134802913
IFOREST,sms,pr,0.9518072289156626,0.21085409252669038,0.18494408361144477
IFOREST,sms,pr,0.9518072289156626,0.2109166419460101,0.18499024033104902
IFOREST,sms,pr,0.9518072289156626,0.21097922848664688,0.1849973748765836
IFOREST,sms,pr,0.9518072289156626,0.21104185218165628,0.185906429882013
IFOREST,sms,pr,0.9518072289156626,0.21110451306413303,0.18590855572492318
IFOREST,sms,pr,0.9504685408299867,0.21087021087021088,0.18596634759996766
IFOREST,sms,pr,0.9504685408299867,0.21093285799168152,0.18600129463237733
IFOREST,sms,pr,0.9504685408299867,0.21105826397146255,0.18609061818926656
IFOREST,sms,pr,0.9504685408299867,0.21112102289622361,0.1862213902831519
IFOREST,sms,pr,0.9504685408299867,0.2111838191552647,0.18627912835803237
IFOREST,sms,pr,0.9504685408299867,0.21124665278191015,0.1863491072536882
IFOREST,sms,pr,0.9504685408299867,0.2113095238095238,0.1865233649375215
IFOREST,sms,pr,0.9504685408299867,0.21137243227150937,0.18656181300817792
IFOREST,sms,pr,0.9504685408299867,0.2114353782013103,0.18656520846835137
IFOREST,sms,pr,0.9504685408299867,0.2114983616324099,0.18657367740277261
IFOREST,sms,pr,0.9504685408299867,0.21162444113263784,0.1866678931020068
IFOREST,sms,pr,0.9504685408299867,0.2116875372689326,0.1866924740387202
IFOREST,sms,pr,0.9504685408299867,0.21187705162638018,0.18679881934897666
IFOREST,sms,pr,0.9504685408299867,0.21194029850746268,0.1868080692569875
IFOREST,sms,pr,0.9504685408299867,0.212003583159152,0.186878452556503
IFOREST,sms,pr,0.9504685408299867,0.2120669056152927,0.18690178455370499
IFOREST,sms,pr,0.9504685408299867,0.21213026590976994,0.18694232278821973
IFOREST,sms,pr,0.9504685408299867,0.21219366407650928,0.18697610187258884
IFOREST,sms,pr,0.9504685408299867,0.21225710014947682,0.18699914586040037
IFOREST,sms,pr,0.9504685408299867,0.21232057416267944,0.18701166793091953
IFOREST,sms,pr,0.9504685408299867,0.21238408615016452,0.18709000815246876
IFOREST,sms,pr,0.9504685408299867,0.21244763614602036,0.18711505678191573
IFOREST,sms,pr,0.9504685408299867,0.21251122418437593,0.18725633541616699
IFOREST,sms,pr,0.9504685408299867,0.2125748502994012,0.1872816015624897
IFOREST,sms,pr,0.9504685408299867,0.21263851452530697,0.1873273906396342
IFOREST,sms,pr,0.9504685408299867,0.2127022168963451,0.18733611740307377
IFOREST,sms,pr,0.9504685408299867,0.2127659574468085,0.18735605148226936
IFOREST,sms,pr,0.9504685408299867,0.21282973621103118,0.1873745263621628
IFOREST,sms,pr,0.9504685408299867,0.2128935532233883,0.18737482383382542
IFOREST,sms,pr,0.9504685408299867,0.21295740851829634,0.18742130446510755
IFOREST,sms,pr,0.9504685408299867,0.21302130213021303,0.1874452969286555
IFOREST,sms,pr,0.9504685408299867,0.21308523409363744,0.18749186944245758
IFOREST,sms,pr,0.9504685408299867,0.21314920444311017,0.1876540450592146
IFOREST,sms,pr,0.9504685408299867,0.2132132132132132,0.18773145714846903
IFOREST,sms,pr,0.9504685408299867,0.21327726043857015,0.1878485047494327
IFOREST,sms,pr,0.9477911646586346,0.21280432822362488,0.18801274044560953
IFOREST,sms,pr,0.9477911646586346,0.21293233082706767,0.18802074634708826
IFOREST,sms,pr,0.9477911646586346,0.21299638989169675,0.18806764043183902
IFOREST,sms,pr,0.9477911646586346,0.21306048751128498,0.18807821416570444
IFOREST,sms,pr,0.9477911646586346,0.21312462372065022,0.18813781091861612
IFOREST,sms,pr,0.9477911646586346,0.21318879855465223,0.1882466560184833
IFOREST,sms,pr,0.9477911646586346,0.21325301204819277,0.18827960547671133
IFOREST,sms,pr,0.9477911646586346,0.21331726423621572,0.1884492288895691
IFOREST,sms,pr,0.9477911646586346,0.2135102533172497,0.18844951055466125
IFOREST,sms,pr,0.9477911646586346,0.21357466063348415,0.1884790433716457
IFOREST,sms,pr,0.9477911646586346,0.21363910681955342,0.18857188202380404
IFOREST,sms,pr,0.9477911646586346,0.213703591910655,0.18858228171106553
IFOREST,sms,pr,0.9477911646586346,0.213768115942029,0.18878377596500384
IFOREST,sms,pr,0.9477911646586346,0.21383267894895802,0.18885204159179791
IFOREST,sms,pr,0.9477911646586346,0.21389728096676738,0.18897809728990286
IFOREST,sms,pr,0.9477911646586346,0.21396192203082504,0.1891440891015219
IFOREST,sms,pr,0.9477911646586346,0.2140266021765417,0.18929544271478496
IFOREST,sms,pr,0.9477911646586346,0.21409132143937104,0.18943726096689797
IFOREST,sms,pr,0.9477911646586346,0.21415607985480944,0.18943738692062337
IFOREST,sms,pr,0.9477911646586346,0.21422087745839638,0.1894532206158877
IFOREST,sms,pr,0.9477911646586346,0.21428571428571427,0.1894810166446087
IFOREST,sms,pr,0.9477911646586346,0.21441550575408844,0.18951837748715905
IFOREST,sms,pr,0.9477911646586346,0.21454545454545454,0.18955676259404347
IFOREST,sms,pr,0.9477911646586346,0.21461048802667476,0.18960550580077173
IFOREST,sms,pr,0.9477911646586346,0.21467556094602788,0.1896240773524722
IFOREST,sms,pr,0.9477911646586346,0.21474067333939945,0.18973301626658634
IFOREST,sms,pr,0.9477911646586346,0.21480582524271843,0.18978868385889391
IFOREST,sms,pr,0.9477911646586346,0.21487101669195752,0.18980488641297136
IFOREST,sms,pr,0.9477911646586346,0.21493624772313297,0.1898135337043115
IFOREST,sms,pr,0.9477911646586346,0.21500151837230488,0.18982411350701217
IFOREST,sms,pr,0.9477911646586346,0.21506682867557717,0.18985992036252897
IFOREST,sms,pr,0.9477911646586346,0.21513217866909753,0.1898771799032448
IFOREST,sms,pr,0.9477911646586346,0.21519756838905776,0.18988312388770942
IFOREST,sms,pr,0.9477911646586346,0.21526299787169353,0.18994520539384047
IFOREST,sms,pr,0.9477911646586346,0.21532846715328466,0.19002487327266798
IFOREST,sms,pr,0.9477911646586346,0.21539397627015516,0.1900252094097657
IFOREST,sms,pr,0.9477911646586346,0.21545952525867315,0.1900650370359611
IFOREST,sms,pr,0.9477911646586346,0.21552511415525114,0.19009580864406458
IFOREST,sms,pr,0.9477911646586346,0.21559074299634592,0.19009983096805455
IFOREST,sms,pr,0.9477911646586346,0.21565641181845874,0.19012161403415637
IFOREST,sms,pr,0.9477911646586346,0.21578786955196586,0.19014650974899636
IFOREST,sms,pr,0.9477911646586346,0.21585365853658536,0.1901702298617076
IFOREST,sms,pr,0.9477911646586346,0.21591948764867339,0.19019327948670736
IFOREST,sms,pr,0.9477911646586346,0.21598535692495424,0.19021595512990588
IFOREST,sms,pr,0.9477911646586346,0.21605126640219713,0.19032685937391067
IFOREST,sms,pr,0.9477911646586346,0.21611721611721613,0.19040960222883122
IFOREST,sms,pr,0.9477911646586346,0.21618320610687022,0.19071191632137727
IFOREST,sms,pr,0.9477911646586346,0.21624923640806354,0.19076383528023214
IFOREST,sms,pr,0.9477911646586346,0.21631530705774518,0.19078758843604535
IFOREST,sms,pr,0.9477911646586346,0.21638141809290953,0.19078768547780553
IFOREST,sms,pr,0.9477911646586346,0.21644756955059616,0.19090404398368427
IFOREST,sms,pr,0.9477911646586346,0.21651376146788992,0.19091710089966576
IFOREST,sms,pr,0.9477911646586346,0.2165799938819211,0.19123467344886108
IFOREST,sms,pr,0.9477911646586346,0.21664626682986537,0.19124440561393966
IFOREST,sms,pr,0.9477911646586346,0.21671258034894397,0.19125782127462831
IFOREST,sms,pr,0.9477911646586346,0.21677893447642377,0.19126580401861562
IFOREST,sms,pr,0.9477911646586346,0.21684532924961716,0.19130303554366263
IFOREST,sms,pr,0.9477911646586346,0.21691176470588236,0.19148753886540706
IFOREST,sms,pr,0.9477911646586346,0.21697824088262335,0.1917329686397919
IFOREST,sms,pr,0.9477911646586346,0.21704475781729002,0.1917594382175654
IFOREST,sms,pr,0.9477911646586346,0.21711131554737811,0.19178905902030682
IFOREST,sms,pr,0.9477911646586346,0.21717791411042944,0.19183973766634818
IFOREST,sms,pr,0.9477911646586346,0.2172445535440319,0.19185610020336435
IFOREST,sms,pr,0.9477911646586346,0.21731123388581952,0.1920671060154969
IFOREST,sms,pr,0.9477911646586346,0.21737795517347253,0.19208165386538853
IFOREST,sms,pr,0.9477911646586346,0.21744471744471744,0.19215448739992788
IFOREST,sms,pr,0.9477911646586346,0.21751152073732719,0.19215917867315757
IFOREST,sms,pr,0.9477911646586346,0.2175783650891211,0.19216148637075905
IFOREST,sms,pr,0.9477911646586346,0.21764525053796496,0.19220180813397958
IFOREST,sms,pr,0.9477911646586346,0.2177121771217712,0.19221067011688314
IFOREST,sms,pr,0.9477911646586346,0.21777914487849892,0.19225611849700533
IFOREST,sms,pr,0.9477911646586346,0.21784615384615386,0.19230221436272035
IFOREST,sms,pr,0.9477911646586346,0.21791320406278855,0.19242143065971337
IFOREST,sms,pr,0.9477911646586346,0.21804742839544194,0.19250381621075557
IFOREST,sms,pr,0.9477911646586346,0.21811460258780038,0.19267823972664533
IFOREST,sms,pr,0.9464524765729585,0.21787365177195686,0.19281967792728896
IFOREST,sms,pr,0.9464524765729585,0.21794081381011096,0.19282369101768243
IFOREST,sms,pr,0.9464524765729585,0.21800801726796176,0.19289489420610417
IFOREST,sms,pr,0.9464524765729585,0.21807526218383713,0.1929382389244562
IFOREST,sms,pr,0.9464524765729585,0.21814254859611232,0.1929382470970768
IFOREST,sms,pr,0.9464524765729585,0.21820987654320986,0.1929846842177203
IFOREST,sms,pr,0.9464524765729585,0.21827724606359988,0.1930753930818471
IFOREST,sms,pr,0.9464524765729585,0.21834465719579987,0.1931275375755652
IFOREST,sms,pr,0.9464524765729585,0.21841210997837504,0.19336921325868003
IFOREST,sms,pr,0.9464524765729585,0.2184796044499382,0.19343179229107604
IFOREST,sms,pr,0.9451137884872824,0.21823802163833075,0.19347810906052146
IFOREST,sms,pr,0.9451137884872824,0.21830550401978974,0.19349157305199124
IFOREST,sms,pr,0.9451137884872824,0.21837302814723167,0.19354329055409727
IFOREST,sms,pr,0.9451137884872824,0.21844059405940594,0.19407873823351354
IFOREST,sms,pr,0.9451137884872824,0.21850820179510988,0.19439224612650025
IFOREST,sms,pr,0.9451137884872824,0.21857585139318886,0.19442900219574077
IFOREST,sms,pr,0.9451137884872824,0.2186435428925364,0.194458360885641
IFOREST,sms,pr,0.9451137884872824,0.2187790517508522,0.1946020140674017
IFOREST,sms,pr,0.9451137884872824,0.21884686918784874,0.19470999664862976
IFOREST,sms,pr,0.9451137884872824,0.21898263027295287,0.19475360196669195
IFOREST,sms,pr,0.9451137884872824,0.21905057399937947,0.1947904265902514
IFOREST,sms,pr,0.9451137884872824,0.2191185599006828,0.19479258171999958
IFOREST,sms,pr,0.9451137884872824,0.21918658801614405,0.19480309599951326
IFOREST,sms,pr,0.9451137884872824,0.21925465838509317,0.19500624165736047
IFOREST,sms,pr,0.9451137884872824,0.21932277104690898,0.19502624435859944
IFOREST,sms,pr,0.9451137884872824,0.21939092604101926,0.19505852075360278
IFOREST,sms,pr,0.9451137884872824,0.21945912340690085,0.19516923391375143
IFOREST,sms,pr,0.9451137884872824,0.21952736318407962,0.1952040919475582
IFOREST,sms,pr,0.9451137884872824,0.21959564541213064,0.19525648081533056
IFOREST,sms,pr,0.9451137884872824,0.2196639701306783,0.19526250844050946
IFOREST,sms,pr,0.9451137884872824,0.2197323373793962,0.19526271427129027
IFOREST,sms,pr,0.9451137884872824,0.21980074719800746,0.19528637100095453
IFOREST,sms,pr,0.9451137884872824,0.21986919962628465,0.1953777182877997
IFOREST,sms,pr,0.9451137884872824,0.21993769470404984,0.19542405260278647
IFOREST,sms,pr,0.9451137884872824,0.22000623247117482,0.1954496303811305
IFOREST,sms,pr,0.9451137884872824,0.22007481296758105,0.19550326656384032
IFOREST,sms,pr,0.9451137884872824,0.2201434362332398,0.19551788544428333
IFOREST,sms,pr,0.9451137884872824,0.22021210230817218,0.1955901204202531
IFOREST,sms,pr,0.9451137884872824,0.2202808112324493,0.19561361268883648
IFOREST,sms,pr,0.9451137884872824,0.22034956304619227,0.19562896277202058
IFOREST,sms,pr,0.9451137884872824,0.22041835778957228,0.19572552777243268
IFOREST,sms,pr,0.9451137884872824,0.22048719550281073,0.19573241702564262
IFOREST,sms,pr,0.9451137884872824,0.22055607622617932,0.19575938890215666
IFOREST,sms,pr,0.9451137884872824,0.220625,0.1957654577902107
IFOREST,sms,pr,0.9451137884872824,0.2206939668646452,0.19578294730207496
IFOREST,sms,pr,0.9451137884872824,0.22076297686053784,0.1957832218871408
IFOREST,sms,pr,0.9451137884872824,0.22083203002815138,0.1958057145799382
IFOREST,sms,pr,0.9451137884872824,0.22090112640801002,0.19582790460785557
IFOREST,sms,pr,0.9451137884872824,0.22097026604068856,0.19587789903924052
IFOREST,sms,pr,0.9451137884872824,0.22103944896681277,0.19589922883447042
IFOREST,sms,pr,0.9451137884872824,0.22110867522705918,0.1958998078136894
IFOREST,sms,pr,0.9451137884872824,0.2213166144200627,0.19590038804563034
IFOREST,sms,pr,0.9451137884872824,0.2213860144245845,0.19597334980774986
IFOREST,sms,pr,0.9451137884872824,0.22145545796737767,0.19611000381835902
IFOREST,sms,pr,0.9451137884872824,0.2215249450894258,0.19618382657300865
IFOREST,sms,pr,0.9451137884872824,0.22159447583176398,0.1961991116887303
IFOREST,sms,pr,0.9451137884872824,0.2216640502354788,0.19635358580766837
IFOREST,sms,pr,0.9451137884872824,0.22173366834170855,0.19655099493479594
IFOREST,sms,pr,0.9451137884872824,0.2218033301916431,0.19666714121096568
IFOREST,sms,pr,0.9451137884872824,0.2218730358265242,0.19677816749238194
IFOREST,sms,pr,0.9451137884872824,0.22194278528764538,0.19702702015357648
IFOREST,sms,pr,0.9451137884872824,0.2220125786163522,0.19731163116880646
IFOREST,sms,pr,0.9451137884872824,0.22208241585404215,0.19767886547194777
IFOREST,sms,pr,0.9451137884872824,0.22215229704216488,0.1977229617974118
IFOREST,sms,pr,0.9451137884872824,0.2222222222222222,0.1978248659600003
IFOREST,sms,pr,0.9451137884872824,0.22229219143576825,0.19782571299670781
IFOREST,sms,pr,0.9451137884872824,0.22236220472440946,0.1978724299601487
IFOREST,sms,pr,0.9451137884872824,0.22243226212980466,0.19791533652022267
IFOREST,sms,pr,0.9437751004016064,0.22218720453829183,0.19795867939307268
IFOREST,sms,pr,0.9424364123159303,0.22194199243379573,0.1981656722431796
IFOREST,sms,pr,0.9424364123159303,0.22201198360138757,0.198176205305396
IFOREST,sms,pr,0.9424364123159303,0.2221520984537709,0.19831658215892847
IFOREST,sms,pr,0.9424364123159303,0.2222222222222222,0.1984333596417463
IFOREST,sms,pr,0.9424364123159303,0.22229239027470793,0.19845838555524084
IFOREST,sms,pr,0.9424364123159303,0.22236260265319013,0.19848174920745626
IFOREST,sms,pr,0.9424364123159303,0.22243285939968405,0.1985111883895523
IFOREST,sms,pr,0.9424364123159303,0.2225031605562579,0.19855161666205884
IFOREST,sms,pr,0.9424364123159303,0.22257350616503319,0.19864626843253352
IFOREST,sms,pr,0.9424364123159303,0.2226438962681847,0.19867363511723113
IFOREST,sms,pr,0.9424364123159303,0.22271433090794052,0.1988665732492925
IFOREST,sms,pr,0.9424364123159303,0.22278481012658227,0.1989304247132362
IFOREST,sms,pr,0.9424364123159303,0.22285533396644508,0.1989305042299523
IFOREST,sms,pr,0.9424364123159303,0.22292590246991767,0.19893647018008617
IFOREST,sms,pr,0.9424364123159303,0.2229965156794425,0.19918509349378022
IFOREST,sms,pr,0.9424364123159303,0.22306717363751585,0.1994193177274238
IFOREST,sms,pr,0.9424364123159303,0.2231378763866878,0.1997210921265148
IFOREST,sms,pr,0.9424364123159303,0.22320862396956245,0.19975222936423528
IFOREST,sms,pr,0.9424364123159303,0.22327941642879798,0.20000620897725704
IFOREST,sms,pr,0.9424364123159303,0.2233502538071066,0.20005146600292215
IFOREST,sms,pr,0.9424364123159303,0.22342113614725484,0.20020396905159105
IFOREST,sms,pr,0.9424364123159303,0.2234920634920635,0.2002667838936386
IFOREST,sms,pr,0.9424364123159303,0.22356303588440773,0.20027457292367803
IFOREST,sms,pr,0.9410977242302544,0.22331639135959339,0.20032363222331698
IFOREST,sms,pr,0.9410977242302544,0.22338735303463617,0.2004469245289405
IFOREST,sms,pr,0.9410977242302544,0.2234583598219962,0.20048174591257276
IFOREST,sms,pr,0.9410977242302544,0.2235294117647059,0.20067786601151338
IFOREST,sms,pr,0.9410977242302544,0.22360050890585242,0.20074816099686643
IFOREST,sms,pr,0.9410977242302544,0.2236716512885778,0.2007510990636755
IFOREST,sms,pr,0.9410977242302544,0.22381407195160777,0.20082067618915292
IFOREST,sms,pr,0.9410977242302544,0.22388535031847134,0.20094999834155144
IFOREST,sms,pr,0.9410977242302544,0.22395667410003187,0.20101851228506756
IFOREST,sms,pr,0.9410977242302544,0.22402804333970683,0.20110183818324712
IFOREST,sms,pr,0.9410977242302544,0.22409945808096907,0.20111259949721688
IFOREST,sms,pr,0.9410977242302544,0.22417091836734693,0.2011732540526737
IFOREST,sms,pr,0.9410977242302544,0.22424242424242424,0.20137555696848547
IFOREST,sms,pr,0.9410977242302544,0.22431397574984047,0.2013926616022426
IFOREST,sms,pr,0.9410977242302544,0.22445721583652617,0.2014381666122899
IFOREST,sms,pr,0.9410977242302544,0.22452890450335355,0.201442194366682
IFOREST,sms,pr,0.9410977242302544,0.22460063897763577,0.2014564499936549
IFOREST,sms,pr,0.9410977242302544,0.2246724193032918,0.20156559758401138
IFOREST,sms,pr,0.9410977242302544,0.22474424552429667,0.20158751386266713
IFOREST,sms,pr,0.9410977242302544,0.2248161176846818,0.20166087299027655
IFOREST,sms,pr,0.9410977242302544,0.22488803582853487,0.20170270231260068
IFOREST,sms,pr,0.9410977242302544,0.22496,0.20170785178381562
IFOREST,sms,pr,0.9410977242302544,0.22503201024327785,0.20172909274510917
IFOREST,sms,pr,0.9410977242302544,0.2251040666026257,0.20182250489012746
IFOREST,sms,pr,0.9410977242302544,0.22517616912235747,0.20205575202796322
IFOREST,sms,pr,0.9410977242302544,0.22524831784684396,0.2023609305736133
IFOREST,sms,pr,0.9410977242302544,0.22532051282051282,0.20240643326113822
IFOREST,sms,pr,0.9410977242302544,0.22539275408784867,0.20244494554116874
IFOREST,sms,pr,0.9410977242302544,0.2254650416933932,0.20256039448398297
IFOREST,sms,pr,0.9410977242302544,0.22553737568174526,0.20269192485066212
IFOREST,sms,pr,0.9410977242302544,0.22575465639049455,0.2027017068208493
IFOREST,sms,pr,0.9410977242302544,0.2258271763572117,0.20270981683981176
IFOREST,sms,pr,0.9410977242302544,0.22589974293059126,0.2028300700768476
IFOREST,sms,pr,0.9410977242302544,0.22597235615557698,0.2029570771726979
IFOREST,sms,pr,0.9410977242302544,0.22604501607717042,0.20316535219673695
IFOREST,sms,pr,0.9410977242302544,0.22611772274043102,0.20339189361332022
IFOREST,sms,pr,0.9410977242302544,0.2261904761904762,0.20340072543729837
IFOREST,sms,pr,0.9410977242302544,0.22626327647248148,0.20356244469354007
IFOREST,sms,pr,0.9410977242302544,0.22633612363168062,0.20361603499922898
IFOREST,sms,pr,0.9410977242302544,0.22640901771336555,0.20365708737835417
IFOREST,sms,pr,0.9397590361445783,0.226159793814433,0.20372128552820498
IFOREST,sms,pr,0.9397590361445783,0.22637858755240245,0.20402580653059646
IFOREST,sms,pr,0.9397590361445783,0.2264516129032258,0.2041175629406263
IFOREST,sms,pr,0.9397590361445783,0.2265246853823814,0.2041279686955623
IFOREST,sms,pr,0.9397590361445783,0.22659780503550678,0.204364816131999
IFOREST,sms,pr,0.9357429718875502,0.2258481421647819,0.2045252787309878
IFOREST,sms,pr,0.9357429718875502,0.22592113768584357,0.2045335635077774
IFOREST,sms,pr,0.9357429718875502,0.2281331592689295,0.204593476340962
IFOREST,sms,pr,0.9357429718875502,0.22820763956904996,0.2045945513915933
IFOREST,sms,pr,0.9357429718875502,0.22828216851730895,0.20462143611798522
IFOREST,sms,pr,0.9357429718875502,0.2284313725490196,0.2046986178948725
IFOREST,sms,pr,0.9357429718875502,0.2285060477280157,0.20480414559380525
IFOREST,sms,pr,0.9357429718875502,0.22858077174623936,0.20481111493760207
IFOREST,sms,pr,0.9357429718875502,0.22865554465161925,0.20483419841463518
IFOREST,sms,pr,0.9357429718875502,0.2287303664921466,0.20504423487333978
IFOREST,sms,pr,0.9357429718875502,0.22880523731587563,0.20529866442261568
IFOREST,sms,pr,0.9357429718875502,0.2288801571709234,0.20533482581776608
IFOREST,sms,pr,0.9357429718875502,0.22895512610547003,0.20545539924544548
IFOREST,sms,pr,0.9357429718875502,0.22903014416775885,0.2055698804871348
IFOREST,sms,pr,0.9357429718875502,0.22918032786885245,0.20557546939666393
IFOREST,sms,pr,0.9357429718875502,0.2292554936044605,0.2056303534948746
IFOREST,sms,pr,0.9357429718875502,0.22933070866141733,0.20574385455898153
IFOREST,sms,pr,0.9357429718875502,0.22940597308828356,0.20575659887122397
IFOREST,sms,pr,0.9357429718875502,0.22948128693368353,0.20612041573225345
IFOREST,sms,pr,0.9357429718875502,0.22955665024630542,0.2061884192667036
IFOREST,sms,pr,0.9357429718875502,0.22963206307490144,0.2062288164755813
IFOREST,sms,pr,0.9357429718875502,0.22970752546828788,0.20630463433003543
IFOREST,sms,pr,0.9357429718875502,0.22978303747534518,0.20660942597348397
IFOREST,sms,pr,0.9357429718875502,0.22985859914501808,0.20661000929313217
IFOREST,sms,pr,0.9357429718875502,0.2299342105263158,0.20661823732831755
IFOREST,sms,pr,0.9357429718875502,0.23000987166831194,0.2066562671045719
IFOREST,sms,pr,0.9357429718875502,0.23008558262014484,0.20671173464832326
IFOREST,sms,pr,0.9357429718875502,0.23016134343101746,0.20674915738523217
IFOREST,sms,pr,0.9357429718875502,0.23023715415019763,0.2068045103896395
IFOREST,sms,pr,0.9357429718875502,0.23031301482701813,0.20686684535435573
IFOREST,sms,pr,0.9357429718875502,0.23038892551087672,0.2069179221065532
IFOREST,sms,pr,0.9357429718875502,0.2304648862512364,0.20692562135941184
IFOREST,sms,pr,0.9357429718875502,0.23054089709762532,0.2069486472605158
IFOREST,sms,pr,0.9357429718875502,0.2306169580996371,0.20699471838111982
IFOREST,sms,pr,0.9357429718875502,0.2306930693069307,0.20699493433000626
IFOREST,sms,pr,0.9357429718875502,0.23076923076923078,0.20705910201056993
IFOREST,sms,pr,0.9357429718875502,0.2308454425363276,0.2071358236949185
IFOREST,sms,pr,0.9357429718875502,0.23107438016528925,0.2071749320627947
IFOREST,sms,pr,0.9357429718875502,0.23115079365079366,0.20718021959561916
IFOREST,sms,pr,0.9357429718875502,0.2312272576910354,0.20723221512175052
IFOREST,sms,pr,0.9357429718875502,0.2313037723362012,0.20723843193807656
IFOREST,sms,pr,0.9357429718875502,0.2313803376365442,0.2072494585728265
IFOREST,sms,pr,0.9357429718875502,0.2314569536423841,0.20739569162375388
IFOREST,sms,pr,0.9357429718875502,0.23153362040410733,0.20743996838500098
IFOREST,sms,pr,0.9357429718875502,0.23161033797216699,0.2075071292423571
IFOREST,sms,pr,0.9357429718875502,0.2316871063970832,0.20756005905426625
IFOREST,sms,pr,0.9357429718875502,0.23176392572944296,0.20762993151005582
IFOREST,sms,pr,0.9357429718875502,0.23184079601990049,0.20767803568035023
IFOREST,sms,pr,0.9357429718875502,0.23191771731917718,0.2077034706821137
IFOREST,sms,pr,0.9357429718875502,0.23199468967806172,0.2077279084574631
IFOREST,sms,pr,0.9357429718875502,0.23207171314741035,0.2077450405859135
IFOREST,sms,pr,0.9357429718875502,0.2321487877781468,0.20786102810119284
IFOREST,sms,pr,0.9357429718875502,0.23222591362126246,0.20823603101095822
IFOREST,sms,pr,0.9357429718875502,0.23230309072781655,0.20863993251627647
IFOREST,sms,pr,0.9357429718875502,0.23238031914893617,0.2087668879517003
IFOREST,sms,pr,0.9357429718875502,0.23245759893581644,0.20881676128213544
IFOREST,sms,pr,0.9357429718875502,0.23253493013972057,0.20883995037470446
IFOREST,sms,pr,0.9357429718875502,0.23261231281198003,0.20891013272450784
IFOREST,sms,pr,0.9357429718875502,0.23268974700399467,0.20901114182656802
IFOREST,sms,pr,0.9357429718875502,0.23276723276723277,0.20909716897387617
IFOREST,sms,pr,0.9357429718875502,0.23284477015323118,0.20915685547387453
IFOREST,sms,pr,0.9344042838018741,0.23258913695434855,0.20927905508965888
IFOREST,sms,pr,0.9344042838018741,0.23266666666666666,0.20929706072165363
IFOREST,sms,pr,0.9344042838018741,0.23274424808269423,0.20947909131362324
IFOREST,sms,pr,0.9344042838018741,0.23282188125416944,0.20951534944051706
IFOREST,sms,pr,0.9344042838018741,0.23289956623289956,0.2096099362376603
IFOREST,sms,pr,0.9344042838018741,0.232977303070761,0.20962917557002594
IFOREST,sms,pr,0.9344042838018741,0.2330550918196995,0.20964262652337634
IFOREST,sms,pr,0.9344042838018741,0.23313293253173012,0.20965495182215105
IFOREST,sms,pr,0.9344042838018741,0.23321082525893752,0.20968499960118483
IFOREST,sms,pr,0.9330655957161981,0.23295454545454544,0.20974859269190607
IFOREST,sms,pr,0.9330655957161981,0.23303243062520895,0.20982833521862249
IFOREST,sms,pr,0.9330655957161981,0.2331103678929766,0.2098414976132645
IFOREST,sms,pr,0.9317269076305221,0.23285379725660757,0.2098537794631519
IFOREST,sms,pr,0.9317269076305221,0.23293172690763053,0.20985810308735042
IFOREST,sms,pr,0.9303882195448461,0.23267492467358553,0.2098729784816346
IFOREST,sms,pr,0.9303882195448461,0.23275284661754855,0.20989241146628226
IFOREST,sms,pr,0.9303882195448461,0.23283082077051925,0.20992802071926786
IFOREST,sms,pr,0.9303882195448461,0.23290884718498658,0.20993360683826837
IFOREST,sms,pr,0.9303882195448461,0.2329869259135099,0.2099748061179847
IFOREST,sms,pr,0.9303882195448461,0.23314324052331434,0.2100125053946295
IFOREST,sms,pr,0.9303882195448461,0.2332214765100671,0.21005585213762915
IFOREST,sms,pr,0.9303882195448461,0.2332997650218194,0.21010599570545824
IFOREST,sms,pr,0.92904953145917,0.23304231027535258,0.210125892256136
IFOREST,sms,pr,0.92904953145917,0.23312059119919382,0.2101949175615344
IFOREST,sms,pr,0.92904953145917,0.23319892473118278,0.21024376717680576
IFOREST,sms,pr,0.92904953145917,0.23327731092436974,0.21029157274322857
IFOREST,sms,pr,0.92904953145917,0.23335574983187626,0.21029382741070063
IFOREST,sms,pr,0.92904953145917,0.2334342415068954,0.21030779113511422
IFOREST,sms,pr,0.92904953145917,0.2335127860026918,0.21033123844109655
IFOREST,sms,pr,0.92904953145917,0.23359138337260182,0.21035343544073298
IFOREST,sms,pr,0.92904953145917,0.23374873694846748,0.21039796938103086
IFOREST,sms,pr,0.92904953145917,0.23382749326145552,0.21041346107161496
IFOREST,sms,pr,0.9263721552878179,0.2333108563722185,0.21055067280533438
IFOREST,sms,pr,0.9263721552878179,0.23338954468802697,0.21057542745273478
IFOREST,sms,pr,0.9263721552878179,0.23346828609986506,0.2106676667287696
IFOREST,sms,pr,0.9263721552878179,0.23354708066149174,0.21072516056480542
IFOREST,sms,pr,0.9263721552878179,0.23362592842673868,0.2107252996469075
IFOREST,sms,pr,0.9263721552878179,0.2337048294495103,0.21087889338975252
IFOREST,sms,pr,0.9263721552878179,0.23378378378378378,0.2110174337749371
IFOREST,sms,pr,0.9263721552878179,0.23386279148360933,0.21103419319883784
IFOREST,sms,pr,0.9263721552878179,0.2339418526031102,0.2111085388586473
IFOREST,sms,pr,0.9263721552878179,0.2340209671964829,0.21123149339797323
IFOREST,sms,pr,0.9263721552878179,0.23410013531799728,0.21128999503550402
IFOREST,sms,pr,0.9263721552878179,0.2341793570219966,0.21131281867922702
IFOREST,sms,pr,0.9263721552878179,0.23425863236289776,0.21158994802068376
IFOREST,sms,pr,0.9263721552878179,0.23433796139519134,0.21159045585052433
IFOREST,sms,pr,0.9263721552878179,0.23441734417344173,0.2116507692228001
IFOREST,sms,pr,0.9250334672021419,0.2341579125720095,0.21166170408292087
IFOREST,sms,pr,0.9250334672021419,0.23423728813559322,0.21174517444862595
IFOREST,sms,pr,0.9250334672021419,0.23431671753136657,0.211805110059564
IFOREST,sms,pr,0.9250334672021419,0.23439620081411125,0.21183853337632005
IFOREST,sms,pr,0.9250334672021419,0.2344757380386834,0.21185253838975598
IFOREST,sms,pr,0.9250334672021419,0.23455532926001357,0.2118735955091996
IFOREST,sms,pr,0.9250334672021419,0.23463497453310697,0.21196628798015255
IFOREST,sms,pr,0.9236947791164659,0.234375,0.21205436459849214
IFOREST,sms,pr,0.9236947791164659,0.2344546381243629,0.21208211753945758
IFOREST,sms,pr,0.9236947791164659,0.2345343303874915,0.2121469674896976
IFOREST,sms,pr,0.9236947791164659,0.23461407684461066,0.21217140334415063
IFOREST,sms,pr,0.9236947791164659,0.23469387755102042,0.2122092346158539
IFOREST,sms,pr,0.9236947791164659,0.23485364193328795,0.21222652039106063
IFOREST,sms,pr,0.9236947791164659,0.23493360572012256,0.21224237861749728
IFOREST,sms,pr,0.9236947791164659,0.23501362397820164,0.2122931754086173
IFOREST,sms,pr,0.9236947791164659,0.23509369676320271,0.21236465766825574
IFOREST,sms,pr,0.9236947791164659,0.23517382413087934,0.21242363437284098
IFOREST,sms,pr,0.9236947791164659,0.23525400613706102,0.21244916017178675
IFOREST,sms,pr,0.9236947791164659,0.23533424283765347,0.21249987305711088
IFOREST,sms,pr,0.9236947791164659,0.23541453428863868,0.2126215827402569
IFOREST,sms,pr,0.9236947791164659,0.2354948805460751,0.2126383279685522
IFOREST,sms,pr,0.9236947791164659,0.23557528166609765,0.2127385666226218
IFOREST,sms,pr,0.9236947791164659,0.23565573770491804,0.2127430742495997
IFOREST,sms,pr,0.9236947791164659,0.23573624871882473,0.21297695933077934
IFOREST,sms,pr,0.9236947791164659,0.23581681476418317,0.21299109639733457
IFOREST,sms,pr,0.9236947791164659,0.2358974358974359,0.21302167979820819
IFOREST,sms,pr,0.9236947791164659,0.2359781121751026,0.2131369257724851
IFOREST,sms,pr,0.9236947791164659,0.23605884365378035,0.213141822758834
IFOREST,sms,pr,0.9236947791164659,0.23613963039014374,0.21315605832508341
IFOREST,sms,pr,0.9236947791164659,0.23622047244094488,0.2132098078629726
IFOREST,sms,pr,0.9236947791164659,0.2363013698630137,0.21323727689148955
IFOREST,sms,pr,0.9236947791164659,0.23638232271325796,0.2132983922550762
IFOREST,sms,pr,0.9236947791164659,0.23646333104866346,0.21339750340565114
IFOREST,sms,pr,0.9236947791164659,0.23654439492629414,0.21342275240897687
IFOREST,sms,pr,0.9236947791164659,0.2366255144032922,0.21346947454950277
IFOREST,sms,pr,0.9236947791164659,0.2367066895368782,0.21349450421730337
IFOREST,sms,pr,0.9236947791164659,0.2367879203843514,0.2135562571253412
IFOREST,sms,pr,0.9236947791164659,0.2368692070030896,0.2135787067150136
IFOREST,sms,pr,0.9236947791164659,0.23695054945054944,0.21361848512206202
IFOREST,sms,pr,0.9236947791164659,0.23711340206185566,0.21385939516272384
IFOREST,sms,pr,0.9236947791164659,0.23719491234101064,0.21398956889687912
IFOREST,sms,pr,0.9236947791164659,0.23727647867950483,0.21403760844688902
IFOREST,sms,pr,0.9236947791164659,0.23735810113519093,0.2141500944537103
IFOREST,sms,pr,0.9236947791164659,0.23743977976600136,0.21430456172804158
IFOREST,sms,pr,0.9236947791164659,0.23752151462994836,0.2143778960438567
IFOREST,sms,pr,0.9236947791164659,0.23760330578512398,0.21440715557354745
IFOREST,sms,pr,0.9236947791164659,0.2376851532897003,0.21448245337595617
IFOREST,sms,pr,0.9236947791164659,0.2377670572019297,0.2145941522965253
IFOREST,sms,pr,0.9236947791164659,0.2378490175801448,0.21459555584677864
IFOREST,sms,pr,0.9236947791164659,0.23793103448275862,0.21463244845118243
IFOREST,sms,pr,0.9236947791164659,0.23801310796826491,0.21500025018232638
IFOREST,sms,pr,0.9236947791164659,0.23817742492233346,0.21507673156590942
IFOREST,sms,pr,0.9236947791164659,0.23825966850828728,0.21509798085630893
IFOREST,sms,pr,0.9210174029451138,0.2377332411886662,0.21511467739057963
IFOREST,sms,pr,0.9210174029451138,0.23781541652264085,0.21515049186053423
IFOREST,sms,pr,0.9210174029451138,0.23789764868603042,0.21517307026120777
IFOREST,sms,pr,0.9210174029451138,0.23797993773780698,0.21520014623815792
IFOREST,sms,pr,0.9210174029451138,0.23806228373702423,0.2152243586197895
IFOREST,sms,pr,0.9210174029451138,0.23814468674281758,0.21528037975981093
IFOREST,sms,pr,0.9210174029451138,0.23822714681440443,0.2152813078139951
IFOREST,sms,pr,0.9210174029451138,0.23830966401108417,0.2152996396704519
IFOREST,sms,pr,0.9210174029451138,0.2383922383922384,0.2153289728457551
IFOREST,sms,pr,0.9210174029451138,0.23847487001733103,0.215433670722759
IFOREST,sms,pr,0.9210174029451138,0.23855755894590847,0.21551202192055519
IFOREST,sms,pr,0.9210174029451138,0.23864030523759971,0.21553550494807255
IFOREST,sms,pr,0.9210174029451138,0.2387231089521166,0.2155427766500968
IFOREST,sms,pr,0.9210174029451138,0.23880597014925373,0.21555453146335046
IFOREST,sms,pr,0.9210174029451138,0.2388888888888889,0.21556129524852602
IFOREST,sms,pr,0.9210174029451138,0.238971865230983,0.21567078205637027
IFOREST,sms,pr,0.9210174029451138,0.23905489923558026,0.21575343410383271
IFOREST,sms,pr,0.9210174029451138,0.2391379909628085,0.21593641841300734
IFOREST,sms,pr,0.9210174029451138,0.23922114047287898,0.21594200226270596
IFOREST,sms,pr,0.9210174029451138,0.23930434782608695,0.2160353420926413
IFOREST,sms,pr,0.9210174029451138,0.23938761308281142,0.2160627684479865
IFOREST,sms,pr,0.9210174029451138,0.23947093630351549,0.21610314856062973
IFOREST,sms,pr,0.9210174029451138,0.2395543175487465,0.21613299878041262
IFOREST,sms,pr,0.9210174029451138,0.2396377568791362,0.2161334815049008
IFOREST,sms,pr,0.9210174029451138,0.2397212543554007,0.21619770174043196
IFOREST,sms,pr,0.9210174029451138,0.2398048100383409,0.21620284509556117
IFOREST,sms,pr,0.9210174029451138,0.2398884239888424,0.21623173741876045
IFOREST,sms,pr,0.9210174029451138,0.23997209626787583,0.21626640246524462
IFOREST,sms,pr,0.9196787148594378,0.2397069085833915,0.21627074628940074
IFOREST,sms,pr,0.9196787148594378,0.23979057591623038,0.2162788711517639
IFOREST,sms,pr,0.9196787148594378,0.23987430167597765,0.2163197995608882
IFOREST,sms,pr,0.9196787148594378,0.2399580859238561,0.21695112212359613
IFOREST,sms,pr,0.9196787148594378,0.240041928721174,0.2170312948432782
IFOREST,sms,pr,0.9196787148594378,0.24012583012932542,0.21705194574690853
IFOREST,sms,pr,0.9196787148594378,0.24020979020979022,0.21731450920646744
IFOREST,sms,pr,0.9196787148594378,0.2402938090241343,0.21741911489418997
IFOREST,sms,pr,0.9196787148594378,0.2403778866340098,0.21754819026069466
IFOREST,sms,pr,0.9196787148594378,0.24063047285464098,0.21761758458508978
IFOREST,sms,pr,0.9196787148594378,0.24071478626489137,0.21765793045106618
IFOREST,sms,pr,0.9196787148594378,0.24079915878023134,0.2176682261385195
IFOREST,sms,pr,0.9196787148594378,0.24088359046283309,0.2181905337988432
IFOREST,sms,pr,0.9196787148594378,0.24096808137495615,0.21829680346924127
IFOREST,sms,pr,0.9196787148594378,0.24105263157894738,0.21830816137381717
IFOREST,sms,pr,0.9196787148594378,0.24113724113724114,0.21831674484597882
IFOREST,sms,pr,0.9196787148594378,0.24130663856691253,0.2183632386603421
IFOREST,sms,pr,0.9196787148594378,0.24139142656359802,0.21837973321797813
IFOREST,sms,pr,0.9196787148594378,0.24147627416520212,0.21846007082027544
IFOREST,sms,pr,0.9196787148594378,0.24156118143459915,0.21846044978282386
IFOREST,sms,pr,0.9196787148594378,0.24164614843475202,0.21850854851936752
IFOREST,sms,pr,0.9196787148594378,0.24173117522871218,0.2185250940898974
IFOREST,sms,pr,0.9196787148594378,0.24181626187961985,0.21857702513666433
IFOREST,sms,pr,0.9196787148594378,0.24190140845070424,0.2186258888833222
IFOREST,sms,pr,0.9196787148594378,0.24198661500528354,0.21865090629926368
IFOREST,sms,pr,0.9196787148594378,0.24207188160676532,0.21869683440486398
IFOREST,sms,pr,0.9196787148594378,0.24215720831864646,0.21878543320583727
IFOREST,sms,pr,0.9196787148594378,0.2422425952045134,0.21879044730083716
IFOREST,sms,pr,0.9196787148594378,0.24232804232804234,0.21882287181507698
IFOREST,sms,pr,0.9196787148594378,0.2424135497529993,0.2188370175311411
IFOREST,sms,pr,0.9196787148594378,0.24249911754324038,0.218841302976214
IFOREST,sms,pr,0.9196787148594378,0.24258474576271186,0.21888574508809816
IFOREST,sms,pr,0.9196787148594378,0.24267043447545036,0.21891232590598916
IFOREST,sms,pr,0.9196787148594378,0.24275618374558303,0.21893063866267182
IFOREST,sms,pr,0.9196787148594378,0.24284199363732767,0.21894940168013088
IFOREST,sms,pr,0.9196787148594378,0.24292786421499293,0.21902914548250146
IFOREST,sms,pr,0.9196787148594378,0.24301379554297842,0.2190489127590277
IFOREST,sms,pr,0.9196787148594378,0.2431858407079646,0.2190824877377744
IFOREST,sms,pr,0.9196787148594378,0.24327195467422097,0.21914739159339805
IFOREST,sms,pr,0.9196787148594378,0.24335812964930925,0.219170614954438
IFOREST,sms,pr,0.9196787148594378,0.24344436569808647,0.21925366729457366
IFOREST,sms,pr,0.9196787148594378,0.2435306628855016,0.2192608664686936
IFOREST,sms,pr,0.9196787148594378,0.24361702127659574,0.21928099303438278
IFOREST,sms,pr,0.9196787148594378,0.2437034409365023,0.2193613669665635
IFOREST,sms,pr,0.9196787148594378,0.24378992193044713,0.21943517745241975
IFOREST,sms,pr,0.9196787148594378,0.24387646432374868,0.21948825938761313
IFOREST,sms,pr,0.9196787148594378,0.24396306818181818,0.21951842578359793
IFOREST,sms,pr,0.9196787148594378,0.24404973357015985,0.21956809059910862
IFOREST,sms,pr,0.9196787148594378,0.244136460554371,0.219577115862002
IFOREST,sms,pr,0.9196787148594378,0.24422324920014218,0.2195945396841978
IFOREST,sms,pr,0.9196787148594378,0.24431009957325747,0.2196964272073748
IFOREST,sms,pr,0.9196787148594378,0.24439701173959444,0.22005255959936418
IFOREST,sms,pr,0.9196787148594378,0.24448398576512456,0.22006570727473904
IFOREST,sms,pr,0.9196787148594378,0.24457102171591313,0.22041602855149808
IFOREST,sms,pr,0.9196787148594378,0.24465811965811965,0.22052248306722833
IFOREST,sms,pr,0.9196787148594378,0.24474527965799786,0.22063832526823074
IFOREST,sms,pr,0.9196787148594378,0.24483250178189594,0.22064651874907576
IFOREST,sms,pr,0.9196787148594378,0.2449197860962567,0.22065759072407476
IFOREST,sms,pr,0.9196787148594378,0.24509454156261148,0.2206678418098832
IFOREST,sms,pr,0.9196787148594378,0.24518201284796573,0.2207069966840315
IFOREST,sms,pr,0.9196787148594378,0.2452695465905034,0.2207217860063041
IFOREST,sms,pr,0.9196787148594378,0.24535714285714286,0.22075952482993766
IFOREST,sms,pr,0.9196787148594378,0.2454448017148982,0.22077761041105223
IFOREST,sms,pr,0.9196787148594378,0.2455325232308792,0.22077867307592472
IFOREST,sms,pr,0.9196787148594378,0.24570815450643776,0.2207998224133577
IFOREST,sms,pr,0.9196787148594378,0.24579606440071555,0.22083354462596932
IFOREST,sms,pr,0.9196787148594378,0.2458840372226199,0.2208835241760249
IFOREST,sms,pr,0.9196787148594378,0.24597207303974222,0.22092396729771097
IFOREST,sms,pr,0.9196787148594378,0.24606017191977078,0.22095537787171912
IFOREST,sms,pr,0.9196787148594378,0.24614833393049088,0.2211007797023626
IFOREST,sms,pr,0.9196787148594378,0.24623655913978496,0.22110718499815266
IFOREST,sms,pr,0.9196787148594378,0.24632484761563284,0.22118131938510793
IFOREST,sms,pr,0.9196787148594378,0.2464131994261119,0.22119139462095333
IFOREST,sms,pr,0.9196787148594378,0.2465016146393972,0.22121821055388682
IFOREST,sms,pr,0.9196787148594378,0.24659009332376167,0.2213352191367585
IFOREST,sms,pr,0.9196787148594378,0.2466786355475763,0.22135816763456573
IFOREST,sms,pr,0.9183400267737617,0.2464080459770115,0.22140448688359537
IFOREST,sms,pr,0.9183400267737617,0.24649658641753502,0.2215657619213136
IFOREST,sms,pr,0.9183400267737617,0.24658519051042416,0.22158175755889964
IFOREST,sms,pr,0.9170013386880856,0.24631427544048903,0.22171167764251545
IFOREST,sms,pr,0.9170013386880856,0.24640287769784172,0.22171289741822067
IFOREST,sms,pr,0.9170013386880856,0.24649154372076287,0.2217390354752223
IFOREST,sms,pr,0.9170013386880856,0.24658027357811374,0.22176372876234313
IFOREST,sms,pr,0.9170013386880856,0.24666906733885488,0.22180878842524276
IFOREST,sms,pr,0.9170013386880856,0.2467579250720461,0.2218350774249177
IFOREST,sms,pr,0.9170013386880856,0.24684684684684685,0.2219052663896173
IFOREST,sms,pr,0.9170013386880856,0.2469358327325162,0.2219985810064649
IFOREST,sms,pr,0.9170013386880856,0.24702488279841328,0.22202162768344375
IFOREST,sms,pr,0.9170013386880856,0.24711399711399712,0.22202500902535785
IFOREST,sms,pr,0.9170013386880856,0.24720317574882714,0.2220373783943929
IFOREST,sms,pr,0.9170013386880856,0.24729241877256317,0.2221476085826068
IFOREST,sms,pr,0.9170013386880856,0.24738172625496568,0.22221997477658467
IFOREST,sms,pr,0.9170013386880856,0.24747109826589594,0.22239872537389363
IFOREST,sms,pr,0.9170013386880856,0.24756053487531623,0.2225745043167332
IFOREST,sms,pr,0.9170013386880856,0.24765003615328995,0.2225859501900542
IFOREST,sms,pr,0.9170013386880856,0.24773960216998192,0.22262345969329628
IFOREST,sms,pr,0.9170013386880856,0.24782923299565845,0.22277311803826103
IFOREST,sms,pr,0.9170013386880856,0.24791892870068766,0.2228323260942547
IFOREST,sms,pr,0.9170013386880856,0.24800868935553946,0.22287976592838146
IFOREST,sms,pr,0.9170013386880856,0.24809851503078595,0.22292366012937906
IFOREST,sms,pr,0.9170013386880856,0.24818840579710144,0.2229447242284588
IFOREST,sms,pr,0.9170013386880856,0.24827836172526277,0.22303514611285716
IFOREST,sms,pr,0.9170013386880856,0.24836838288614937,0.22304209632556754
IFOREST,sms,pr,0.9170013386880856,0.24845846935074356,0.22305838840071004
IFOREST,sms,pr,0.9170013386880856,0.24854862119013063,0.22320486265456418
IFOREST,sms,pr,0.9170013386880856,0.24863883847549909,0.22344682047636832
IFOREST,sms,pr,0.9170013386880856,0.2487291212781409,0.22350048797810476
IFOREST,sms,pr,0.9170013386880856,0.2488194696694515,0.22358468014520966
IFOREST,sms,pr,0.9170013386880856,0.2490003635041803,0.22367545773527397
IFOREST,sms,pr,0.9156626506024096,0.2487272727272727,0.22382189905109665
IFOREST,sms,pr,0.9156626506024096,0.2488177519097854,0.22383498898050402
IFOREST,sms,pr,0.9156626506024096,0.24890829694323144,0.22387206589832398
IFOREST,sms,pr,0.9156626506024096,0.24899890789952675,0.22390122986883002
IFOREST,sms,pr,0.9156626506024096,0.2490895848506919,0.2239042811180624
IFOREST,sms,pr,0.9156626506024096,0.24918032786885247,0.22395396707812854
IFOREST,sms,pr,0.9156626506024096,0.24945295404814005,0.22400416804979736
IFOREST,sms,pr,0.9156626506024096,0.2495439620576432,0.2240628655998265
IFOREST,sms,pr,0.9156626506024096,0.24963503649635035,0.2240659496453032
IFOREST,sms,pr,0.9156626506024096,0.2497261774370208,0.22417564538550702
IFOREST,sms,pr,0.9156626506024096,0.2498173849525201,0.22425889202507357
IFOREST,sms,pr,0.9156626506024096,0.24990865911582025,0.22449639887505687
IFOREST,sms,pr,0.9156626506024096,0.25,0.22451625782839688
IFOREST,sms,pr,0.9156626506024096,0.25009140767824495,0.22452888527811407
IFOREST,sms,pr,0.9156626506024096,0.2501828822238478,0.22454228991117509
IFOREST,sms,pr,0.9156626506024096,0.2502744237102086,0.2245893327865673
IFOREST,sms,pr,0.9156626506024096,0.25036603221083453,0.22458981238758868
IFOREST,sms,pr,0.9156626506024096,0.2504577077993409,0.22480280083289036
IFOREST,sms,pr,0.9156626506024096,0.25054945054945055,0.22480310357563393
IFOREST,sms,pr,0.9156626506024096,0.2506412605349945,0.22485004798239408
IFOREST,sms,pr,0.9156626506024096,0.250733137829912,0.22490650644884239
IFOREST,sms,pr,0.9156626506024096,0.2508250825082508,0.22492142753875494
IFOREST,sms,pr,0.9156626506024096,0.2509170946441673,0.22516886413780085
IFOREST,sms,pr,0.9156626506024096,0.2510091743119266,0.22574894831148307
IFOREST,sms,pr,0.9156626506024096,0.2511013215859031,0.22579951367607368
IFOREST,sms,pr,0.9156626506024096,0.25119353654058024,0.2258675752477139
IFOREST,sms,pr,0.9156626506024096,0.25128581925055105,0.22587814239409204
IFOREST,sms,pr,0.9156626506024096,0.2513781697905182,0.2258936667928417
IFOREST,sms,pr,0.9156626506024096,0.2514705882352941,0.22628563592619694
IFOREST,sms,pr,0.9156626506024096,0.2515630746598014,0.2265099189136693
IFOREST,sms,pr,0.9156626506024096,0.25165562913907286,0.22651318992585812
IFOREST,sms,pr,0.9156626506024096,0.2517482517482518,0.2265796905601862
IFOREST,sms,pr,0.9156626506024096,0.25184094256259204,0.2265832212702875
IFOREST,sms,pr,0.9156626506024096,0.25193370165745854,0.2266051379090603
IFOREST,sms,pr,0.9156626506024096,0.2520265291083272,0.22662313087772143
IFOREST,sms,pr,0.9156626506024096,0.2521194249907851,0.2266392154029911
IFOREST,sms,pr,0.9156626506024096,0.252212389380531,0.22665571775893745
IFOREST,sms,pr,0.9156626506024096,0.25230542235337516,0.22666466250858458
IFOREST,sms,pr,0.9156626506024096,0.2523985239852399,0.2269007973802543
IFOREST,sms,pr,0.9156626506024096,0.25249169435215946,0.22691973597583698
IFOREST,sms,pr,0.9156626506024096,0.25258493353028066,0.22694379966679468
IFOREST,sms,pr,0.9156626506024096,0.25267824159586255,0.22704000163344795
IFOREST,sms,pr,0.9156626506024096,0.25277161862527714,0.22704122012293726
IFOREST,sms,pr,0.9156626506024096,0.25286506469500925,0.2270896716904273
IFOREST,sms,pr,0.9156626506024096,0.2529585798816568,0.22715629603138857
IFOREST,sms,pr,0.9143239625167336,0.2526822049574547,0.22718007554848177
IFOREST,sms,pr,0.9143239625167336,0.2527757216876388,0.2271842921578912
IFOREST,sms,pr,0.9143239625167336,0.2528693076638282,0.22725246370167407
IFOREST,sms,pr,0.9143239625167336,0.25296296296296295,0.22726277094865854
IFOREST,sms,pr,0.9143239625167336,0.25305668766209705,0.22730208705227686
IFOREST,sms,pr,0.9143239625167336,0.25315048183839883,0.22741890967192177
IFOREST,sms,pr,0.9143239625167336,0.25324434556915093,0.22743825974548254
IFOREST,sms,pr,0.9143239625167336,0.25333827893175076,0.22744482364294435
IFOREST,sms,pr,0.9143239625167336,0.2534322820037106,0.2274667106003731
IFOREST,sms,pr,0.9143239625167336,0.25352635486265773,0.227492100880793
IFOREST,sms,pr,0.9143239625167336,0.2536204975863349,0.22751748298195876
IFOREST,sms,pr,0.9143239625167336,0.2538089929394277,0.2275406366960668
IFOREST,sms,pr,0.9143239625167336,0.2539033457249071,0.22755681635871025
IFOREST,sms,pr,0.9143239625167336,0.25399776868724433,0.22756232511097693
IFOREST,sms,pr,0.9143239625167336,0.2540922619047619,0.22770299713639383
IFOREST,sms,pr,0.9143239625167336,0.25418682545589877,0.2277039647512254
IFOREST,sms,pr,0.9143239625167336,0.2542814594192107,0.2277538521773699
IFOREST,sms,pr,0.9143239625167336,0.2543761638733706,0.22777312571060168
IFOREST,sms,pr,0.9143239625167336,0.25447093889716843,0.2278213497024997
IFOREST,sms,pr,0.9143239625167336,0.25456578456951173,0.2278399024589949
IFOREST,sms,pr,0.9143239625167336,0.2546607009694258,0.22784480641212929
IFOREST,sms,pr,0.9143239625167336,0.2547556881760537,0.22786786901365563
IFOREST,sms,pr,0.9143239625167336,0.2548507462686567,0.2281825076076494
IFOREST,sms,pr,0.9143239625167336,0.2549458753266144,0.22829807715838185
IFOREST,sms,pr,0.9143239625167336,0.25504107542942495,0.22838370860029278
IFOREST,sms,pr,0.9143239625167336,0.25513634665670526,0.2285400931444402
IFOREST,sms,pr,0.9129852744310576,0.25485799701046336,0.22868554395044666
IFOREST,sms,pr,0.9129852744310576,0.2549532710280374,0.22873810103664072
IFOREST,sms,pr,0.9129852744310576,0.2550486163051608,0.2288069398105619
IFOREST,sms,pr,0.9129852744310576,0.2551440329218107,0.22885967594443343
IFOREST,sms,pr,0.9129852744310576,0.25523952095808383,0.2292697307322994
IFOREST,sms,pr,0.9129852744310576,0.25533508049419695,0.22932938508637685
IFOREST,sms,pr,0.9129852744310576,0.2554307116104869,0.2293905554536489
IFOREST,sms,pr,0.9129852744310576,0.255526414387411,0.22943814098873477
IFOREST,sms,pr,0.9129852744310576,0.2556221889055472,0.229445125468673
IFOREST,sms,pr,0.9129852744310576,0.2557180352455943,0.2296361437715825
IFOREST,sms,pr,0.9129852744310576,0.2558139534883721,0.22965330111791127
IFOREST,sms,pr,0.9129852744310576,0.2559099437148218,0.22967934681143037
IFOREST,sms,pr,0.9129852744310576,0.256006006006006,0.22979949679073514
IFOREST,sms,pr,0.9129852744310576,0.25610214044310925,0.22980089468541004
IFOREST,sms,pr,0.9129852744310576,0.256198347107438,0.22986299046266676
IFOREST,sms,pr,0.9129852744310576,0.2562946260804209,0.22987699100260509
IFOREST,sms,pr,0.9129852744310576,0.256390977443609,0.22993000977722244
IFOREST,sms,pr,0.9129852744310576,0.2564874012786762,0.22994507180639476
IFOREST,sms,pr,0.9129852744310576,0.2565838976674191,0.22996587282781014
IFOREST,sms,pr,0.9129852744310576,0.25668046669175765,0.2299872014633149
IFOREST,sms,pr,0.9129852744310576,0.2567771084337349,0.2300838395853126
IFOREST,sms,pr,0.9129852744310576,0.2568738229755179,0.23015543194784205
IFOREST,sms,pr,0.9129852744310576,0.2569706103993971,0.2301595478678003
IFOREST,sms,pr,0.9129852744310576,0.2570674707877874,0.23022493153154536
IFOREST,sms,pr,0.9129852744310576,0.2571644042232277,0.23024998732663135
IFOREST,sms,pr,0.9129852744310576,0.2574556436391091,0.2302913323895679
IFOREST,sms,pr,0.9129852744310576,0.25755287009063443,0.23029423640492447
IFOREST,sms,pr,0.9129852744310576,0.2576501700037779,0.23029951657296271
IFOREST,sms,pr,0.9129852744310576,0.25774754346182915,0.2303304564534247
IFOREST,sms,pr,0.9129852744310576,0.2579425113464448,0.2303914097400022
IFOREST,sms,pr,0.9129852744310576,0.2580401059402194,0.23043863758120994
IFOREST,sms,pr,0.9129852744310576,0.25813777441332325,0.23045493740845185
IFOREST,sms,pr,0.9129852744310576,0.25823551684967816,0.23056543459131998
IFOREST,sms,pr,0.9129852744310576,0.25843122394846535,0.23065234000750487
IFOREST,sms,pr,0.9129852744310576,0.2585291887793783,0.23066035000750276
IFOREST,sms,pr,0.9129852744310576,0.25882352941176473,0.23066773248233124
IFOREST,sms,pr,0.9129852744310576,0.2589217919514047,0.2306736431880957
IFOREST,sms,pr,0.9129852744310576,0.25902012913026967,0.23072947165896918
IFOREST,sms,pr,0.9129852744310576,0.2591185410334346,0.23090133008176164
IFOREST,sms,pr,0.9116465863453815,0.2588369441277081,0.2311006585214961
IFOREST,sms,pr,0.9116465863453815,0.25893536121673005,0.23125240476882553
IFOREST,sms,pr,0.9116465863453815,0.2590338531761126,0.23138850604255062
IFOREST,sms,pr,0.9116465863453815,0.2591324200913242,0.23160687138042083
IFOREST,sms,pr,0.9116465863453815,0.2592310620479635,0.23175862208687906
IFOREST,sms,pr,0.9116465863453815,0.2593297791317593,0.23181300618464185
IFOREST,sms,pr,0.9116465863453815,0.25942857142857145,0.23210144214797995
IFOREST,sms,pr,0.9116465863453815,0.25952743902439024,0.23237010078869005
IFOREST,sms,pr,0.9116465863453815,0.2596263820053374,0.23237079610857966
IFOREST,sms,pr,0.9116465863453815,0.2597254004576659,0.2323980668574546
IFOREST,sms,pr,0.9116465863453815,0.2598244944677604,0.23243726721394056
IFOREST,sms,pr,0.9116465863453815,0.2599236641221374,0.23246873814748245
IFOREST,sms,pr,0.9116465863453815,0.2600229095074456,0.2324800704423295
IFOREST,sms,pr,0.9116465863453815,0.26012223071046603,0.23249006988925405
IFOREST,sms,pr,0.9116465863453815,0.26022162781811237,0.23250392372861084
IFOREST,sms,pr,0.9116465863453815,0.2603211009174312,0.23251557255934643
IFOREST,sms,pr,0.9116465863453815,0.2604206500956023,0.232649350068764
IFOREST,sms,pr,0.9116465863453815,0.2605202754399388,0.23276213438236532
IFOREST,sms,pr,0.9116465863453815,0.2606199770378875,0.23291535018918663
IFOREST,sms,pr,0.9116465863453815,0.2607197549770291,0.23300800880060718
IFOREST,sms,pr,0.9116465863453815,0.26081960934507853,0.23302348963395159
IFOREST,sms,pr,0.9116465863453815,0.26091954022988506,0.23302702464019956
IFOREST,sms,pr,0.9116465863453815,0.26101954771943275,0.2330327506375756
IFOREST,sms,pr,0.9116465863453815,0.2611196319018405,0.23303704666703096
IFOREST,sms,pr,0.9116465863453815,0.2612197928653625,0.23312941543651222
IFOREST,sms,pr,0.9116465863453815,0.26132003069838833,0.23317899118517502
IFOREST,sms,pr,0.9116465863453815,0.26162120630042257,0.23323923069609562
IFOREST,sms,pr,0.9116465863453815,0.2617217524980784,0.2332939965058151
IFOREST,sms,pr,0.9116465863453815,0.2618223760092272,0.23329980307658507
IFOREST,sms,pr,0.9116465863453815,0.2619230769230769,0.23332906802389727
IFOREST,sms,pr,0.9116465863453815,0.26202385532897265,0.23334081848298693
IFOREST,sms,pr,0.9116465863453815,0.26212471131639725,0.23336106818709929
IFOREST,sms,pr,0.9103078982597055,0.2618405852907201,0.2334319903780315
IFOREST,sms,pr,0.9103078982597055,0.26194144838212635,0.23354667538201118
IFOREST,sms,pr,0.9103078982597055,0.26204238921001927,0.23357768594158282
IFOREST,sms,pr,0.9103078982597055,0.26214340786430224,0.23360342597851197
IFOREST,sms,pr,0.9103078982597055,0.26224450443501734,0.23384972410753738
IFOREST,sms,pr,0.9103078982597055,0.2623456790123457,0.2340825551242445
IFOREST,sms,pr,0.9103078982597055,0.2624469316866075,0.23411164300440587
IFOREST,sms,pr,0.9103078982597055,0.2625482625482625,0.23419588367530125
IFOREST,sms,pr,0.9103078982597055,0.26264967168791037,0.23432235506711127
IFOREST,sms,pr,0.9103078982597055,0.26275115919629055,0.2344725959221697
IFOREST,sms,pr,0.9103078982597055,0.26285272516428293,0.23448269153059517
IFOREST,sms,pr,0.9103078982597055,0.262954369682908,0.234671864123174
IFOREST,sms,pr,0.9089692101740294,0.26266924564796906,0.23471846713918537
IFOREST,sms,pr,0.9089692101740294,0.2627708978328173,0.23473956381686167
IFOREST,sms,pr,0.9089692101740294,0.26287262872628725,0.234825554840207
IFOREST,sms,pr,0.9089692101740294,0.2629744384198296,0.23484840304622195
IFOREST,sms,pr,0.9089692101740294,0.2630763270050368,0.23485386991375565
IFOREST,sms,pr,0.9089692101740294,0.2631782945736434,0.23488070532716465
IFOREST,sms,pr,0.9089692101740294,0.2632803412175262,0.23488429989198797
IFOREST,sms,pr,0.9089692101740294,0.26338246702870444,0.23510465073651005
IFOREST,sms,pr,0.9089692101740294,0.26348467209934034,0.23519152573799879
IFOREST,sms,pr,0.9089692101740294,0.26358695652173914,0.2355503900595658
IFOREST,sms,pr,0.9089692101740294,0.2636893203883495,0.23566409414092118
IFOREST,sms,pr,0.9089692101740294,0.2637917637917638,0.23569390086512257
IFOREST,sms,pr,0.9089692101740294,0.2638942868247182,0.23570040987623742
IFOREST,sms,pr,0.9089692101740294,0.2639968895800933,0.23574330578064917
IFOREST,sms,pr,0.9089692101740294,0.26409957215091406,0.23574984119072098
IFOREST,sms,pr,0.9089692101740294,0.2642023346303502,0.2358901593802642
IFOREST,sms,pr,0.9089692101740294,0.26430517711171664,0.23593636288100384
IFOREST,sms,pr,0.9089692101740294,0.2644080996884735,0.2359373425118633
IFOREST,sms,pr,0.9089692101740294,0.2645111024542267,0.23605082097725363
IFOREST,sms,pr,0.9089692101740294,0.26461418550272797,0.23605429332626102
IFOREST,sms,pr,0.9089692101740294,0.26471734892787524,0.23610013560205198
IFOREST,sms,pr,0.9089692101740294,0.2649239172844323,0.23610238707454753
IFOREST,sms,pr,0.9089692101740294,0.2650273224043716,0.2361342747465976
IFOREST,sms,pr,0.9089692101740294,0.2651308082780164,0.2361727400442633
IFOREST,sms,pr,0.9089692101740294,0.265234375,0.23624369409355167
IFOREST,sms,pr,0.9089692101740294,0.26533802266510353,0.23629442051935942
IFOREST,sms,pr,0.9089692101740294,0.26544175136825643,0.23641295696769132
IFOREST,sms,pr,0.9089692101740294,0.26554556120453654,0.23645724620124542
IFOREST,sms,pr,0.9089692101740294,0.2656494522691706,0.23650535766722336
IFOREST,sms,pr,0.9089692101740294,0.26575342465753427,0.23660088170051485
IFOREST,sms,pr,0.9089692101740294,0.2658574784651527,0.23666348792461556
IFOREST,sms,pr,0.9089692101740294,0.2659616137877007,0.23690229639069396
IFOREST,sms,pr,0.9089692101740294,0.2661701293610349,0.2369149767944873
IFOREST,sms,pr,0.9089692101740294,0.2662745098039216,0.2369442035080487
IFOREST,sms,pr,0.9089692101740294,0.2663789721459396,0.2371489196553102
IFOREST,sms,pr,0.9089692101740294,0.2664835164835165,0.23719965080672686
IFOREST,sms,pr,0.9089692101740294,0.26658814291323124,0.2372333925504364
IFOREST,sms,pr,0.9089692101740294,0.2666928515318146,0.23775160492260072
IFOREST,sms,pr,0.9089692101740294,0.26690251572327045,0.23783508614911633
IFOREST,sms,pr,0.9089692101740294,0.2670074714903657,0.23795440755692068
IFOREST,sms,pr,0.9089692101740294,0.26711250983477575,0.23800188907197306
IFOREST,sms,pr,0.9089692101740294,0.26721763085399447,0.2380053318650969
IFOREST,sms,pr,0.9089692101740294,0.2673228346456693,0.2380479935481743
IFOREST,sms,pr,0.9089692101740294,0.2674281213076014,0.2382476211713804
IFOREST,sms,pr,0.9076305220883534,0.26713947990543735,0.23829631813285787
IFOREST,sms,pr,0.9076305220883534,0.2672447772960189,0.23832378985497069
IFOREST,sms,pr,0.9076305220883534,0.26735015772870663,0.23832413723823884
IFOREST,sms,pr,0.9076305220883534,0.26745562130177514,0.23839103415383173
IFOREST,sms,pr,0.9076305220883534,0.2675611681136543,0.23849739092696315
IFOREST,sms,pr,0.9062918340026773,0.2672720094749309,0.23865132611717732
IFOREST,sms,pr,0.9062918340026773,0.2673775671406003,0.23879643621563237
IFOREST,sms,pr,0.9062918340026773,0.2674832082180956,0.23881758944196568
IFOREST,sms,pr,0.9062918340026773,0.2675889328063241,0.2389803446454385
IFOREST,sms,pr,0.9062918340026773,0.26769474100434953,0.2392663187826513
IFOREST,sms,pr,0.9062918340026773,0.2678006329113924,0.239339346956347
IFOREST,sms,pr,0.9062918340026773,0.26790660862683024,0.2393860734224952
IFOREST,sms,pr,0.9062918340026773,0.2680126682501979,0.2393932091520266
IFOREST,sms,pr,0.9062918340026773,0.26811881188118813,0.2394057056157211
IFOREST,sms,pr,0.9062918340026773,0.26822503961965133,0.23940868747679755
IFOREST,sms,pr,0.9062918340026773,0.2683313515655965,0.2395595410127872
IFOREST,sms,pr,0.9062918340026773,0.2684377478191911,0.23982929754949153
IFOREST,sms,pr,0.9062918340026773,0.26865079365079364,0.2399484239526771
IFOREST,sms,pr,0.9062918340026773,0.2687574434299325,0.2400895723307242
IFOREST,sms,pr,0.9062918340026773,0.2690779014308426,0.24033159902040688
IFOREST,sms,pr,0.9062918340026773,0.2691848906560636,0.2406137173189822
IFOREST,sms,pr,0.9062918340026773,0.26929196499602226,0.24062065837669463
IFOREST,sms,pr,0.9062918340026773,0.2693991245523279,0.24066485719374453
IFOREST,sms,pr,0.9036144578313253,0.26881720430107525,0.24073101998704255
IFOREST,sms,pr,0.9036144578313253,0.2689243027888446,0.24094183278453368
IFOREST,sms,pr,0.9036144578313253,0.269031486648067,0.24101745490236262
IFOREST,sms,pr,0.9036144578313253,0.26913875598086123,0.24124556278748702
IFOREST,sms,pr,0.9036144578313253,0.2692461108895094,0.2413207606035456
IFOREST,sms,pr,0.9036144578313253,0.2693535514764565,0.24134538610510015
IFOREST,sms,pr,0.9036144578313253,0.2694610778443114,0.24143839048416055
IFOREST,sms,pr,0.9022757697456493,0.26916932907348246,0.24146408254638402
IFOREST,sms,pr,0.9009370816599732,0.26887734718337997,0.24147494498682687
IFOREST,sms,pr,0.9009370816599732,0.26898481215027975,0.2414846317425987
IFOREST,sms,pr,0.9009370816599732,0.26909236305477807,0.2414928350769246
IFOREST,sms,pr,0.9009370816599732,0.2692,0.2415001531372058
IFOREST,sms,pr,0.9009370816599732,0.2693077230892357,0.24157944123395603
IFOREST,sms,pr,0.8995983935742972,0.2690152121697358,0.2417259690817521
IFOREST,sms,pr,0.8995983935742972,0.26912294753704447,0.2417634148919444
IFOREST,sms,pr,0.8995983935742972,0.2692307692307692,0.24177413353541669
IFOREST,sms,pr,0.8995983935742972,0.2693386773547094,0.24177829824610392
IFOREST,sms,pr,0.8995983935742972,0.2694466720128308,0.24179202374286055
IFOREST,sms,pr,0.8995983935742972,0.2695547533092659,0.24179516507448431
IFOREST,sms,pr,0.8995983935742972,0.2696629213483146,0.24181659234169803
IFOREST,sms,pr,0.8995983935742972,0.269771176234444,0.24182131250229186
IFOREST,sms,pr,0.8995983935742972,0.26987951807228916,0.24189661737894022
IFOREST,sms,pr,0.8995983935742972,0.2699879469666533,0.2419808874001357
IFOREST,sms,pr,0.8995983935742972,0.27009646302250806,0.24209803504651106
IFOREST,sms,pr,0.8995983935742972,0.27020506634499397,0.24210164391013939
IFOREST,sms,pr,0.8995983935742972,0.27031375703942073,0.24215195726369265
IFOREST,sms,pr,0.8995983935742972,0.2704225352112676,0.2422460760335373
IFOREST,sms,pr,0.8995983935742972,0.27053140096618356,0.24227053491367825
IFOREST,sms,pr,0.8995983935742972,0.27074939564867045,0.24229295276844118
IFOREST,sms,pr,0.8995983935742972,0.2708585247883918,0.24231682651537204
IFOREST,sms,pr,0.8995983935742972,0.2709677419354839,0.24241792986232386
IFOREST,sms,pr,0.8995983935742972,0.2710770471964502,0.2425951263322463
IFOREST,sms,pr,0.8995983935742972,0.2711864406779661,0.24262244696741248
IFOREST,sms,pr,0.8995983935742972,0.2712959224868793,0.24264463517035464
IFOREST,sms,pr,0.8995983935742972,0.27140549273021003,0.24277406682666883
IFOREST,sms,pr,0.8995983935742972,0.27151515151515154,0.24285528199356396
IFOREST,sms,pr,0.8995983935742972,0.2716248989490703,0.24308113469414147
IFOREST,sms,pr,0.8995983935742972,0.2717347351395067,0.24319027985062744
IFOREST,sms,pr,0.8995983935742972,0.27184466019417475,0.24319295865569124
IFOREST,sms,pr,0.8995983935742972,0.2719546742209632,0.2432696788490283
IFOREST,sms,pr,0.8995983935742972,0.2720647773279352,0.24336029250213193
IFOREST,sms,pr,0.8995983935742972,0.27217496962332927,0.24357831482284267
IFOREST,sms,pr,0.8995983935742972,0.27228525121555913,0.24373626566463671
IFOREST,sms,pr,0.8995983935742972,0.27239562221321445,0.24385052564480622
IFOREST,sms,pr,0.8995983935742972,0.2725060827250608,0.24420597652096387
IFOREST,sms,pr,0.8995983935742972,0.27261663286004056,0.24433510419516818
IFOREST,sms,pr,0.8995983935742972,0.2728380024360536,0.24436080890649792
IFOREST,sms,pr,0.8995983935742972,0.272948822095857,0.24443141420245157
IFOREST,sms,pr,0.8995983935742972,0.2730597318163348,0.2444613436005987
IFOREST,sms,pr,0.8995983935742972,0.2731707317073171,0.24459214362228185
IFOREST,sms,pr,0.8995983935742972,0.2732818218788125,0.24459711423350045
IFOREST,sms,pr,0.8995983935742972,0.27350427350427353,0.2446766455020158
IFOREST,sms,pr,0.8995983935742972,0.2736156351791531,0.24467969645052826
IFOREST,sms,pr,0.8995983935742972,0.27372708757637476,0.2447014140324611
IFOREST,sms,pr,0.8995983935742972,0.27383863080684595,0.24482150739267755
IFOREST,sms,pr,0.8995983935742972,0.2739502649816551,0.2448453964884593
IFOREST,sms,pr,0.8995983935742972,0.2740619902120718,0.24486542198266267
IFOREST,sms,pr,0.8995983935742972,0.2741738066095471,0.24491344345340343
IFOREST,sms,pr,0.8995983935742972,0.2742857142857143,0.2450122936969987
IFOREST,sms,pr,0.8995983935742972,0.2743977133523887,0.245053626003611
IFOREST,sms,pr,0.8995983935742972,0.27450980392156865,0.2453172847647635
IFOREST,sms,pr,0.8995983935742972,0.2746219861054352,0.24535058297084256
IFOREST,sms,pr,0.8995983935742972,0.2747342600163532,0.24545102173174363
IFOREST,sms,pr,0.8995983935742972,0.2748466257668712,0.24548376337580968
IFOREST,sms,pr,0.8995983935742972,0.27495908346972175,0.2456158543900927
IFOREST,sms,pr,0.8995983935742972,0.27507163323782235,0.2456451101069115
IFOREST,sms,pr,0.8995983935742972,0.2751842751842752,0.24573789741163432
IFOREST,sms,pr,0.8995983935742972,0.2752970094223679,0.24583295786496515
IFOREST,sms,pr,0.8995983935742972,0.2754098360655738,0.2458480314865022
IFOREST,sms,pr,0.8995983935742972,0.27552275522755226,0.24605340800314732
IFOREST,sms,pr,0.8995983935742972,0.2756357670221493,0.24605589538147207
IFOREST,sms,pr,0.8995983935742972,0.2757488715633976,0.24613182790726015
IFOREST,sms,pr,0.8995983935742972,0.27586206896551724,0.24623806195797246
IFOREST,sms,pr,0.8995983935742972,0.27597535934291584,0.24661027060872215
IFOREST,sms,pr,0.8995983935742972,0.27608874281018897,0.24664718678213382
IFOREST,sms,pr,0.8995983935742972,0.2762022194821208,0.24671752121011373
IFOREST,sms,pr,0.8982597054886211,0.2759046052631579,0.24675173042800785
IFOREST,sms,pr,0.8982597054886211,0.27601809954751133,0.24682169925278988
IFOREST,sms,pr,0.8982597054886211,0.27613168724279835,0.2469082823766887
IFOREST,sms,pr,0.8982597054886211,0.27624536846438863,0.24700680030898337
IFOREST,sms,pr,0.8982597054886211,0.27635914332784184,0.24740781561709807
IFOREST,sms,pr,0.8982597054886211,0.2764730119489081,0.2474229272974544
IFOREST,sms,pr,0.8982597054886211,0.2765869744435284,0.24744336592986527
IFOREST,sms,pr,0.8982597054886211,0.27670103092783505,0.24753658597522138
IFOREST,sms,pr,0.8982597054886211,0.2768151815181518,0.24766651704759599
IFOREST,sms,pr,0.8982597054886211,0.27692942633099465,0.247736845672349
IFOREST,sms,pr,0.8982597054886211,0.27704376548307186,0.24789306004791564
IFOREST,sms,pr,0.8982597054886211,0.2771581990912846,0.24791923425091883
IFOREST,sms,pr,0.8982597054886211,0.2772727272727273,0.2479867600422884
IFOREST,sms,pr,0.8982597054886211,0.2773873501446879,0.24798836915370984
IFOREST,sms,pr,0.8982597054886211,0.2775020678246485,0.24801551941319055
IFOREST,sms,pr,0.8982597054886211,0.2776168804302855,0.2480552020133839
IFOREST,sms,pr,0.8982597054886211,0.2777317880794702,0.24805877842267038
IFOREST,sms,pr,0.8982597054886211,0.27784679089026915,0.24810537091929202
IFOREST,sms,pr,0.8982597054886211,0.2779618889809445,0.2484454734240948
IFOREST,sms,pr,0.8982597054886211,0.27807708246995444,0.24862409539050698
IFOREST,sms,pr,0.8982597054886211,0.27819237147595355,0.2486346152091154
IFOREST,sms,pr,0.8969210174029452,0.2778929904603899,0.24874635010679294
IFOREST,sms,pr,0.8969210174029452,0.27800829875518673,0.24898740383945742
IFOREST,sms,pr,0.8969210174029452,0.2783547985043623,0.2491058473070034
IFOREST,sms,pr,0.8969210174029452,0.27847049044056527,0.24914437634177458
IFOREST,sms,pr,0.8969210174029452,0.2785862785862786,0.24919792160501772
IFOREST,sms,pr,0.8969210174029452,0.27870216306156403,0.2494002794473832
IFOREST,sms,pr,0.8969210174029452,0.2788181439866833,0.2494567897376783
IFOREST,sms,pr,0.8955823293172691,0.2785179017485429,0.24948213553585058
IFOREST,sms,pr,0.8942436412315931,0.2782174094127447,0.24952281816864363
IFOREST,sms,pr,0.8942436412315931,0.2783333333333333,0.24961307379817857
IFOREST,sms,pr,0.8942436412315931,0.2784493538974573,0.24973383728383886
IFOREST,sms,pr,0.8942436412315931,0.2785654712260217,0.24974363149924697
IFOREST,sms,pr,0.8942436412315931,0.2786816854401335,0.2498328223318279
IFOREST,sms,pr,0.8942436412315931,0.27879799666110183,0.24996877558713712
IFOREST,sms,pr,0.8942436412315931,0.2789144050104384,0.2500405785015112
IFOREST,sms,pr,0.8942436412315931,0.27903091060985796,0.25008169496576044
IFOREST,sms,pr,0.8942436412315931,0.2791475135812787,0.25014989553616956
IFOREST,sms,pr,0.8942436412315931,0.2794979079497908,0.25022317289591345
IFOREST,sms,pr,0.8942436412315931,0.2796149016324822,0.25024831619639526
IFOREST,sms,pr,0.892904953145917,0.27931323283082077,0.2502776019134212
IFOREST,sms,pr,0.892904953145917,0.279547359597653,0.2502897609186237
IFOREST,sms,pr,0.8902275769745649,0.2789429530201342,0.25030440362389816
IFOREST,sms,pr,0.8902275769745649,0.2790600083927822,0.25035055147687874
IFOREST,sms,pr,0.8902275769745649,0.27941176470588236,0.2504441660085362
IFOREST,sms,pr,0.8902275769745649,0.27952921395544345,0.25060237343918507
IFOREST,sms,pr,0.8902275769745649,0.2796467619848612,0.25060617657556095
IFOREST,sms,pr,0.8902275769745649,0.2797644089188052,0.2506691680190264
IFOREST,sms,pr,0.8902275769745649,0.2798821548821549,0.2507037032807343
IFOREST,sms,pr,0.8902275769745649,0.28,0.25072379487441177
IFOREST,sms,pr,0.8902275769745649,0.2801179443976411,0.2507761729287842
IFOREST,sms,pr,0.8902275769745649,0.28023598820059,0.25077719443858215
IFOREST,sms,pr,0.8902275769745649,0.28035413153457,0.25077778511357834
IFOREST,sms,pr,0.8902275769745649,0.28047237452551665,0.25083709949247907
IFOREST,sms,pr,0.8902275769745649,0.2805907172995781,0.2508500079109483
IFOREST,sms,pr,0.8902275769745649,0.28070915998311524,0.2508706705048473
IFOREST,sms,pr,0.8902275769745649,0.2808277027027027,0.25092003820483766
IFOREST,sms,pr,0.8902275769745649,0.2809463455851289,0.25106675656920746
IFOREST,sms,pr,0.8888888888888888,0.28064243448858833,0.25108497764791404
IFOREST,sms,pr,0.8888888888888888,0.28076109936575055,0.2511011417812728
IFOREST,sms,pr,0.8888888888888888,0.2808798646362098,0.25117556894715104
IFOREST,sms,pr,0.8888888888888888,0.2809987304274228,0.2512976960435402
IFOREST,sms,pr,0.8888888888888888,0.28111769686706184,0.25144555358407095
IFOREST,sms,pr,0.8888888888888888,0.2812367640830157,0.2516171245552875
IFOREST,sms,pr,0.8888888888888888,0.28135593220338984,0.2517282108120181
IFOREST,sms,pr,0.8888888888888888,0.281475201356507,0.2521257699161162
IFOREST,sms,pr,0.8888888888888888,0.28159457167090757,0.25218376336943715
IFOREST,sms,pr,0.8888888888888888,0.28171404327535005,0.2524507176315095
IFOREST,sms,pr,0.8875502008032129,0.2814091680814941,0.2525389854759244
IFOREST,sms,pr,0.8875502008032129,0.28152866242038216,0.252586892509001
IFOREST,sms,pr,0.8848728246318608,0.28091797705057375,0.25269846860902795
IFOREST,sms,pr,0.8848728246318608,0.2810374149659864,0.25275271966498525
IFOREST,sms,pr,0.8848728246318608,0.28115695448745215,0.2527848315133214
IFOREST,sms,pr,0.8848728246318608,0.28127659574468084,0.25290238376902324
IFOREST,sms,pr,0.8848728246318608,0.28139633886760324,0.2529159979262667
IFOREST,sms,pr,0.8835341365461847,0.28109028960817717,0.2529257003480603
IFOREST,sms,pr,0.8835341365461847,0.2812100553898594,0.2531198917664954
IFOREST,sms,pr,0.8835341365461847,0.2813299232736573,0.25318311359352225
IFOREST,sms,pr,0.8821954484605087,0.2810234541577825,0.2532366605564634
IFOREST,sms,pr,0.8821954484605087,0.2811433447098976,0.25332398764503544
IFOREST,sms,pr,0.8821954484605087,0.2812633376013658,0.2534738283940948
IFOREST,sms,pr,0.8821954484605087,0.2813834329632792,0.25366227643528133
IFOREST,sms,pr,0.8821954484605087,0.2815036309269543,0.25368664874071867
IFOREST,sms,pr,0.8821954484605087,0.2816239316239316,0.25371043101416596
IFOREST,sms,pr,0.8821954484605087,0.2817443351859769,0.25372658704609374
IFOREST,sms,pr,0.8821954484605087,0.28186484174508125,0.25382996169835503
IFOREST,sms,pr,0.8821954484605087,0.2819854514334617,0.2539236583678746
IFOREST,sms,pr,0.8821954484605087,0.2821061643835616,0.2539709780052033
IFOREST,sms,pr,0.8821954484605087,0.2822269807280514,0.25417860980288215
IFOREST,sms,pr,0.8821954484605087,0.2823479005998286,0.25427671174818406
IFOREST,sms,pr,0.8821954484605087,0.28246892413201885,0.2543671304489182
IFOREST,sms,pr,0.8821954484605087,0.282590051457976,0.2546800426619225
IFOREST,sms,pr,0.8821954484605087,0.2827112827112827,0.2547218717984115
IFOREST,sms,pr,0.8821954484605087,0.28283261802575105,0.25496033133077733
IFOREST,sms,pr,0.8821954484605087,0.2831972496776966,0.2551217441289035
IFOREST,sms,pr,0.8821954484605087,0.2833190025795357,0.2552178162455159
IFOREST,sms,pr,0.8821954484605087,0.28344086021505377,0.25534342817591776
IFOREST,sms,pr,0.8821954484605087,0.2835628227194492,0.2554243110953194
IFOREST,sms,pr,0.8821954484605087,0.28368489022815324,0.25543740347003074
IFOREST,sms,pr,0.8821954484605087,0.28380706287683033,0.2554751972401652
IFOREST,sms,pr,0.8821954484605087,0.2839293408013787,0.255554296014403
IFOREST,sms,pr,0.8821954484605087,0.28405172413793106,0.25571178086824264
IFOREST,sms,pr,0.8821954484605087,0.2842968075927524,0.2558145284695113
IFOREST,sms,pr,0.8821954484605087,0.2844195079844627,0.25586196390755644
IFOREST,sms,pr,0.8821954484605087,0.28454231433506044,0.25591553151383406
IFOREST,sms,pr,0.8821954484605087,0.28466522678185746,0.25597041916291485
IFOREST,sms,pr,0.8821954484605087,0.2847882454624028,0.25601105723720036
IFOREST,sms,pr,0.8821954484605087,0.28491137051448334,0.2560125095068299
IFOREST,sms,pr,0.8821954484605087,0.2850346020761246,0.25602853423320066
IFOREST,sms,pr,0.8821954484605087,0.28515794028559066,0.2560393879511068
IFOREST,sms,pr,0.8781793842034806,0.28422876949740034,0.25612510056814364
IFOREST,sms,pr,0.8781793842034806,0.2843519722583442,0.25618598169694246
IFOREST,sms,pr,0.8781793842034806,0.2844752818733738,0.2562326027022904
IFOREST,sms,pr,0.8781793842034806,0.28459869848156183,0.2562707921195375
IFOREST,sms,pr,0.8781793842034806,0.2847222222222222,0.25636843440341317
IFOREST,sms,pr,0.8755020080321285,0.2841007819287576,0.2564066735954293
IFOREST,sms,pr,0.8755020080321285,0.2842242503259452,0.25647895016669175
IFOREST,sms,pr,0.8755020080321285,0.2843478260869565,0.25654171040278123
IFOREST,sms,pr,0.8755020080321285,0.28447150935189214,0.25668974868214894
IFOREST,sms,pr,0.8755020080321285,0.2845953002610966,0.2567171985630119
IFOREST,sms,pr,0.8755020080321285,0.2847191989551589,0.25673190670951845
IFOREST,sms,pr,0.8755020080321285,0.2848432055749129,0.2567878781938822
IFOREST,sms,pr,0.8755020080321285,0.2849673202614379,0.2569120461815834
IFOREST,sms,pr,0.8755020080321285,0.2850915431560593,0.2569488992468937
IFOREST,sms,pr,0.8741633199464525,0.2847797645006542,0.2570916287434878
IFOREST,sms,pr,0.8741633199464525,0.2849040139616056,0.25710600446658727
IFOREST,sms,pr,0.8741633199464525,0.28502837189000435,0.25731084044578884
IFOREST,sms,pr,0.8741633199464525,0.2851528384279476,0.2575366745350165
IFOREST,sms,pr,0.8741633199464525,0.2852774137177807,0.2575464931005354
IFOREST,sms,pr,0.8741633199464525,0.2854020979020979,0.2578572617524797
IFOREST,sms,pr,0.8741633199464525,0.28565179352580927,0.25793014918940216
IFOREST,sms,pr,0.8741633199464525,0.2857768052516411,0.2580942333689215
IFOREST,sms,pr,0.8741633199464525,0.28590192644483364,0.2582880677959253
IFOREST,sms,pr,0.8741633199464525,0.28602715724923344,0.258408418712536
IFOREST,sms,pr,0.8741633199464525,0.28615249780893953,0.25852221244076506
IFOREST,sms,pr,0.8741633199464525,0.2862779482683034,0.25854753785143847
IFOREST,sms,pr,0.8741633199464525,0.2864035087719298,0.2585601448581194
IFOREST,sms,pr,0.8741633199464525,0.2865291794646775,0.25857051644294066
IFOREST,sms,pr,0.8741633199464525,0.28665496049165934,0.2586319608249288
IFOREST,sms,pr,0.8741633199464525,0.2867808519982433,0.2586786898272754
IFOREST,sms,pr,0.8741633199464525,0.28690685413005274,0.25875240076894207
IFOREST,sms,pr,0.8728246318607764,0.2865934065934066,0.2587948467570329
IFOREST,sms,pr,0.8728246318607764,0.28671943711521547,0.2588392558771181
IFOREST,sms,pr,0.8728246318607764,0.28684557853057635,0.2588598231205748
IFOREST,sms,pr,0.8728246318607764,0.2869718309859155,0.25887478326403274
IFOREST,sms,pr,0.8714859437751004,0.2866578599735799,0.25889661495592975
IFOREST,sms,pr,0.8714859437751004,0.286784140969163,0.258937535874122
IFOREST,sms,pr,0.8714859437751004,0.2869105332745703,0.2589402704425398
IFOREST,sms,pr,0.8714859437751004,0.28703703703703703,0.25894615448210573
IFOREST,sms,pr,0.8714859437751004,0.2871636524040582,0.25896641550107796
IFOREST,sms,pr,0.8714859437751004,0.2872903795233892,0.25898268489858217
IFOREST,sms,pr,0.8714859437751004,0.28741721854304636,0.25899120092397065
IFOREST,sms,pr,0.8714859437751004,0.2875441696113074,0.2592893621286677
IFOREST,sms,pr,0.8714859437751004,0.2876712328767123,0.25934459631618434
IFOREST,sms,pr,0.8714859437751004,0.28779840848806365,0.2595031070908146
IFOREST,sms,pr,0.8714859437751004,0.28792569659442724,0.25953345041689924
IFOREST,sms,pr,0.8714859437751004,0.28818061088977426,0.2595610784160311
IFOREST,sms,pr,0.8714859437751004,0.2883082373782108,0.2596755298664391
IFOREST,sms,pr,0.8714859437751004,0.2884359769605671,0.25987749200153487
IFOREST,sms,pr,0.8714859437751004,0.28856382978723405,0.25993792003019317
IFOREST,sms,pr,0.8688085676037484,0.28793256433007985,0.2601138844592422
IFOREST,sms,pr,0.8688085676037484,0.28806036395916557,0.2603214841268296
IFOREST,sms,pr,0.8688085676037484,0.28818827708703376,0.2606383769415898
IFOREST,sms,pr,0.8688085676037484,0.2883163038649489,0.26064092531939953
IFOREST,sms,pr,0.8688085676037484,0.28844444444444445,0.26100676624542235
IFOREST,sms,pr,0.8688085676037484,0.28857269897732324,0.26127046816668537
IFOREST,sms,pr,0.8688085676037484,0.28870106761565834,0.26129101860173654
IFOREST,sms,pr,0.8688085676037484,0.2888295505117935,0.26143859923390683
IFOREST,sms,pr,0.8688085676037484,0.2889581478183437,0.2614458221439419
IFOREST,sms,pr,0.8688085676037484,0.289086859688196,0.26155576562984373
IFOREST,sms,pr,0.8688085676037484,0.28921568627450983,0.2615888449455246
IFOREST,sms,pr,0.8688085676037484,0.2893446277307178,0.26160169595319427
IFOREST,sms,pr,0.8688085676037484,0.2896028558679161,0.26161821123667484
IFOREST,sms,pr,0.8688085676037484,0.2897321428571429,0.2616416078985045
IFOREST,sms,pr,0.8688085676037484,0.28986154533273784,0.2616764919636319
IFOREST,sms,pr,0.8688085676037484,0.2899910634495085,0.2617382973149301
IFOREST,sms,pr,0.8674698795180723,0.28967367009387573,0.2618005008817933
IFOREST,sms,pr,0.8674698795180723,0.2898032200357782,0.26201919553237357
IFOREST,sms,pr,0.8674698795180723,0.28993288590604027,0.26203006836940435
IFOREST,sms,pr,0.8674698795180723,0.2900626678603402,0.26206375123069064
IFOREST,sms,pr,0.8674698795180723,0.290192566054635,0.2621238621631938
IFOREST,sms,pr,0.8674698795180723,0.2903225806451613,0.26213669384699445
IFOREST,sms,pr,0.8674698795180723,0.2904527117884357,0.26225834169834283
IFOREST,sms,pr,0.8674698795180723,0.2905829596412556,0.26239898594849265
IFOREST,sms,pr,0.8674698795180723,0.29071332436069985,0.26240751629206466
IFOREST,sms,pr,0.8674698795180723,0.29084380610412924,0.2624159633047387
IFOREST,sms,pr,0.8674698795180723,0.29097440502918726,0.26244519897144397
IFOREST,sms,pr,0.8674698795180723,0.29110512129380056,0.26251660078741595
IFOREST,sms,pr,0.8674698795180723,0.2912359550561798,0.262548230552654
IFOREST,sms,pr,0.8674698795180723,0.29136690647482016,0.26256397163252804
IFOREST,sms,pr,0.8674698795180723,0.291497975708502,0.26258750647298085
IFOREST,sms,pr,0.8674698795180723,0.29162916291629165,0.2626167030769184
IFOREST,sms,pr,0.8661311914323963,0.29131022062134176,0.2626536973424492
IFOREST,sms,pr,0.8661311914323963,0.29144144144144146,0.2628953951168337
IFOREST,sms,pr,0.8661311914323963,0.29157278053177105,0.2629147192868372
IFOREST,sms,pr,0.8647925033467202,0.29125338142470697,0.26317469341761285
IFOREST,sms,pr,0.8647925033467202,0.2913847541723049,0.2632383148976026
IFOREST,sms,pr,0.8647925033467202,0.2915162454873646,0.2633677093024548
IFOREST,sms,pr,0.8647925033467202,0.29164785553047406,0.2635796530994058
IFOREST,sms,pr,0.8647925033467202,0.29204339963833637,0.2642122510001393
IFOREST,sms,pr,0.8647925033467202,0.29217548620533695,0.26430620993676335
IFOREST,sms,pr,0.8647925033467202,0.2923076923076923,0.26450570792595096
IFOREST,sms,pr,0.8647925033467202,0.29244001810774106,0.26471907197916
IFOREST,sms,pr,0.8647925033467202,0.29257246376811596,0.2648105502464852
IFOREST,sms,pr,0.8647925033467202,0.2927050294517444,0.2649285710481408
IFOREST,sms,pr,0.8647925033467202,0.2928377153218495,0.2650770672292786
IFOREST,sms,pr,0.8647925033467202,0.29297052154195014,0.265094215556784
IFOREST,sms,pr,0.8647925033467202,0.29310344827586204,0.26512461052871034
IFOREST,sms,pr,0.8647925033467202,0.2932364956876986,0.26517199200484937
IFOREST,sms,pr,0.8647925033467202,0.29336966394187103,0.26522724529008745
IFOREST,sms,pr,0.8647925033467202,0.2935029532030895,0.26524234678453446
IFOREST,sms,pr,0.8647925033467202,0.29363636363636364,0.26528884116886675
IFOREST,sms,pr,0.8647925033467202,0.29376989540700316,0.26531220063874655
IFOREST,sms,pr,0.8647925033467202,0.29390354868061874,0.26565368945277273
IFOREST,sms,pr,0.8647925033467202,0.29430523917995444,0.26571302564105004
IFOREST,sms,pr,0.8647925033467202,0.2944393801276208,0.2659158461498793
IFOREST,sms,pr,0.8647925033467202,0.29457364341085274,0.26595109020891633
IFOREST,sms,pr,0.8647925033467202,0.2947080291970803,0.2661265412565742
IFOREST,sms,pr,0.8647925033467202,0.2948425376540392,0.266318539392926
IFOREST,sms,pr,0.8647925033467202,0.29497716894977166,0.2663532533261753
IFOREST,sms,pr,0.8647925033467202,0.29511192325262675,0.266448975968905
IFOREST,sms,pr,0.8647925033467202,0.2952468007312614,0.2664584884615875
IFOREST,sms,pr,0.8647925033467202,0.29538180155464105,0.2666113117166454
IFOREST,sms,pr,0.8647925033467202,0.29551692589204026,0.26665893175272376
IFOREST,sms,pr,0.8647925033467202,0.2956521739130435,0.26676164480515746
IFOREST,sms,pr,0.8621151271753681,0.2950068712780577,0.26686043768671863
IFOREST,sms,pr,0.8621151271753681,0.29514207149404215,0.26688712242577584
IFOREST,sms,pr,0.8621151271753681,0.29527739569005046,0.2669086073374543
IFOREST,sms,pr,0.8621151271753681,0.29541284403669726,0.266981268261226
IFOREST,sms,pr,0.8621151271753681,0.2955484167049105,0.26701586310269954
IFOREST,sms,pr,0.8621151271753681,0.2956841138659321,0.2670989928386795
IFOREST,sms,pr,0.8621151271753681,0.2958199356913183,0.2671072637914609
IFOREST,sms,pr,0.8621151271753681,0.2959558823529412,0.26714511803318425
IFOREST,sms,pr,0.8621151271753681,0.2960919540229885,0.2672767173772239
IFOREST,sms,pr,0.8621151271753681,0.29622815087396503,0.2673166343207252
IFOREST,sms,pr,0.8621151271753681,0.29636447307869307,0.2674412768034887
IFOREST,sms,pr,0.8621151271753681,0.2965009208103131,0.2674436945723628
IFOREST,sms,pr,0.8621151271753681,0.29663749424228464,0.2674670406982351
IFOREST,sms,pr,0.8621151271753681,0.2967741935483871,0.26756488845826437
IFOREST,sms,pr,0.8621151271753681,0.29691101890272015,0.2676361671319968
IFOREST,sms,pr,0.8621151271753681,0.29704797047970477,0.2676452755609413
IFOREST,sms,pr,0.8621151271753681,0.297185048454084,0.26765864938790945
IFOREST,sms,pr,0.8621151271753681,0.29732225300092335,0.2677287204983614
IFOREST,sms,pr,0.8621151271753681,0.29745958429561203,0.2677705008718955
IFOREST,sms,pr,0.8621151271753681,0.2975970425138632,0.2678421264000895
IFOREST,sms,pr,0.8621151271753681,0.2977346278317152,0.2679977164291614
IFOREST,sms,pr,0.8621151271753681,0.2978723404255319,0.2681099986891146
IFOREST,sms,pr,0.8621151271753681,0.2980101804720037,0.26814753308406253
IFOREST,sms,pr,0.8621151271753681,0.29814814814814816,0.2681533524337953
IFOREST,sms,pr,0.8621151271753681,0.2982862436313108,0.26818236986057653
IFOREST,sms,pr,0.8621151271753681,0.29842446709916587,0.2683681484309221
IFOREST,sms,pr,0.8621151271753681,0.2985628187297172,0.2683960519255695
IFOREST,sms,pr,0.8594377510040161,0.29791183294663576,0.26841178483099554
IFOREST,sms,pr,0.85809906291834,0.29758588672237696,0.2684209023008768
IFOREST,sms,pr,0.85809906291834,0.2977241058987459,0.2687721296150202
IFOREST,sms,pr,0.85809906291834,0.2978624535315985,0.2687983180070248
IFOREST,sms,pr,0.85809906291834,0.29800092980009296,0.2690131919194062
IFOREST,sms,pr,0.85809906291834,0.2981395348837209,0.2690691515028941
IFOREST,sms,pr,0.8554216867469879,0.29748603351955305,0.26929307456988566
IFOREST,sms,pr,0.8554216867469879,0.2976245924545878,0.2693010783173793
IFOREST,sms,pr,0.8554216867469879,0.2977632805219012,0.269504488926874
IFOREST,sms,pr,0.8554216867469879,0.29790209790209793,0.2695229993902711
IFOREST,sms,pr,0.8554216867469879,0.2980410447761194,0.269566186667413
IFOREST,sms,pr,0.8554216867469879,0.29818012132524496,0.2696793854771246
IFOREST,sms,pr,0.8554216867469879,0.29831932773109243,0.2697251722860658
IFOREST,sms,pr,0.8554216867469879,0.2984586641756189,0.26973988640002444
IFOREST,sms,pr,0.8554216867469879,0.2985981308411215,0.26985045937992
IFOREST,sms,pr,0.8554216867469879,0.29873772791023845,0.2699350848551783
IFOREST,sms,pr,0.8554216867469879,0.299017313991577,0.27011506044496986
IFOREST,sms,pr,0.8554216867469879,0.2991573033707865,0.27021147270210155
IFOREST,sms,pr,0.8554216867469879,0.29929742388758784,0.27026107094873025
IFOREST,sms,pr,0.8540829986613119,0.29896907216494845,0.27036006959122366
IFOREST,sms,pr,0.8540829986613119,0.29910923581809656,0.2705681116579564
IFOREST,sms,pr,0.8540829986613119,0.2995305164319249,0.27058859291045523
IFOREST,sms,pr,0.8540829986613119,0.2996712071395021,0.2706676011277846
IFOREST,sms,pr,0.8540829986613119,0.299812030075188,0.2707123831605776
IFOREST,sms,pr,0.8540829986613119,0.2999529854254819,0.27076135561443954
IFOREST,sms,pr,0.8540829986613119,0.30009407337723426,0.2708908960812941
IFOREST,sms,pr,0.8540829986613119,0.30023529411764704,0.27092564400804386
IFOREST,sms,pr,0.8540829986613119,0.300376647834275,0.2709291765808051
IFOREST,sms,pr,0.8540829986613119,0.3005181347150259,0.2709778690811648
IFOREST,sms,pr,0.8540829986613119,0.3006597549481621,0.27106198584292956
IFOREST,sms,pr,0.8540829986613119,0.3008015087223008,0.2711393105507011
IFOREST,sms,pr,0.8540829986613119,0.3009433962264151,0.2711659712811071
IFOREST,sms,pr,0.8540829986613119,0.3010854176498348,0.2711794153542513
IFOREST,sms,pr,0.8527443105756358,0.3007554296506138,0.27145091518009135
IFOREST,sms,pr,0.8527443105756358,0.30089749645725083,0.2720122208386746
IFOREST,sms,pr,0.8527443105756358,0.30103969754253307,0.27240720361881837
IFOREST,sms,pr,0.8527443105756358,0.3011820330969267,0.27249729033851583
IFOREST,sms,pr,0.8527443105756358,0.30132450331125826,0.27255128650369864
IFOREST,sms,pr,0.8527443105756358,0.3014671083767156,0.2725682482800236
IFOREST,sms,pr,0.8514056224899599,0.30113636363636365,0.2725767485657565
IFOREST,sms,pr,0.8514056224899599,0.3012790146849834,0.27266324901306493
IFOREST,sms,pr,0.8514056224899599,0.3014218009478673,0.27267464018365195
IFOREST,sms,pr,0.8514056224899599,0.3015647226173542,0.27275784694811334
IFOREST,sms,pr,0.8500669344042838,0.3012333965844402,0.27312980435435
IFOREST,sms,pr,0.8500669344042838,0.30137636449928806,0.27337048659676394
IFOREST,sms,pr,0.8500669344042838,0.30151946818613484,0.27343334476954934
IFOREST,sms,pr,0.8487282463186078,0.301187648456057,0.2737530788145409
IFOREST,sms,pr,0.8487282463186078,0.30147408464098907,0.2738745664419883
IFOREST,sms,pr,0.8487282463186078,0.30248091603053434,0.27388294024785714
IFOREST,sms,pr,0.8487282463186078,0.3026252983293556,0.2741748131795616
IFOREST,sms,pr,0.8487282463186078,0.3027698185291309,0.274272861013825
IFOREST,sms,pr,0.8487282463186078,0.3029144768275203,0.27441134748827123
IFOREST,sms,pr,0.8487282463186078,0.3030592734225621,0.27454576383147605
IFOREST,sms,pr,0.8473895582329317,0.30272596843615496,0.274729727537573
IFOREST,sms,pr,0.8473895582329317,0.3028708133971292,0.2747969320483292
IFOREST,sms,pr,0.8473895582329317,0.30301579703207276,0.27496513658184196
IFOREST,sms,pr,0.8447121820615796,0.30234786775275513,0.2750027865246274
IFOREST,sms,pr,0.8447121820615796,0.3024928092042186,0.2750727120397128
IFOREST,sms,pr,0.8447121820615796,0.3026378896882494,0.2756088956934553
IFOREST,sms,pr,0.8447121820615796,0.3029284685549688,0.2756309226917166
IFOREST,sms,pr,0.8447121820615796,0.30307396733909703,0.2757295501986441
IFOREST,sms,pr,0.8447121820615796,0.3032196059586737,0.2757650184969305
IFOREST,sms,pr,0.8447121820615796,0.3033653846153846,0.2757751704559271
IFOREST,sms,pr,0.8447121820615796,0.3035113035113035,0.27583205010642525
IFOREST,sms,pr,0.8447121820615796,0.30365736284889316,0.2758724154375015
IFOREST,sms,pr,0.8447121820615796,0.30380356283100624,0.2759177752094899
IFOREST,sms,pr,0.8447121820615796,0.3039499036608863,0.2759186713726801
IFOREST,sms,pr,0.8447121820615796,0.30409638554216867,0.27593102491910704
IFOREST,sms,pr,0.8447121820615796,0.3042430086788814,0.2759986170325227
IFOREST,sms,pr,0.8433734939759037,0.30390738060781475,0.27601597701950703
IFOREST,sms,pr,0.8433734939759037,0.30405405405405406,0.2760165669086517
IFOREST,sms,pr,0.8433734939759037,0.3042008691453404,0.2760538380982931
IFOREST,sms,pr,0.8420348058902276,0.3038647342995169,0.27607314704434216
IFOREST,sms,pr,0.8420348058902276,0.30401159980666986,0.276081170962871
IFOREST,sms,pr,0.8420348058902276,0.3044530493707648,0.2761196427240769
IFOREST,sms,pr,0.8420348058902276,0.3046004842615012,0.27618943969370113
IFOREST,sms,pr,0.8420348058902276,0.30474806201550386,0.2762612363873075
IFOREST,sms,pr,0.8420348058902276,0.3048957828405235,0.2762837000190305
IFOREST,sms,pr,0.8420348058902276,0.30504364694471386,0.27628899572786464
IFOREST,sms,pr,0.8420348058902276,0.3051916545366327,0.2763561253745666
IFOREST,sms,pr,0.8420348058902276,0.3053398058252427,0.2764005557302026
IFOREST,sms,pr,0.8420348058902276,0.3054881010199126,0.27642214160817213
IFOREST,sms,pr,0.8420348058902276,0.30563654033041787,0.27645565011325257
IFOREST,sms,pr,0.8420348058902276,0.30578512396694213,0.27645616951033003
IFOREST,sms,pr,0.8420348058902276,0.30593385214007784,0.2764742107928256
IFOREST,sms,pr,0.8420348058902276,0.30608272506082723,0.2764974829193688
IFOREST,sms,pr,0.8420348058902276,0.3062317429406037,0.27651432913994384
IFOREST,sms,pr,0.8420348058902276,0.30638090599123236,0.2765452667104606
IFOREST,sms,pr,0.8420348058902276,0.30653021442495126,0.27675368411391543
IFOREST,sms,pr,0.8420348058902276,0.30667966845441247,0.27680923716139066
IFOREST,sms,pr,0.8420348058902276,0.3068292682926829,0.2768095178849648
IFOREST,sms,pr,0.8420348058902276,0.30697901415324547,0.27692800810102236
IFOREST,sms,pr,0.8420348058902276,0.30712890625,0.2769938674954854
IFOREST,sms,pr,0.8420348058902276,0.3072789447972643,0.27704057808799437
IFOREST,sms,pr,0.8420348058902276,0.3074291300097752,0.2770951567985767
IFOREST,sms,pr,0.8420348058902276,0.3075794621026895,0.2771219330291518
IFOREST,sms,pr,0.8420348058902276,0.30772994129158515,0.2771348921337207
IFOREST,sms,pr,0.8420348058902276,0.3080313418217434,0.2771640928459623
IFOREST,sms,pr,0.8406961178045516,0.3076923076923077,0.2772969820479252
IFOREST,sms,pr,0.8406961178045516,0.307843137254902,0.2773464661260115
IFOREST,sms,pr,0.8406961178045516,0.3079941147621383,0.27745249692423607
IFOREST,sms,pr,0.8406961178045516,0.30814524043179586,0.27774440115677584
IFOREST,sms,pr,0.8406961178045516,0.3082965144820815,0.2780358887066229
IFOREST,sms,pr,0.8406961178045516,0.30844793713163066,0.2781176958180227
IFOREST,sms,pr,0.8406961178045516,0.3085995085995086,0.2781715859071562
IFOREST,sms,pr,0.8406961178045516,0.3087512291052114,0.2783315847430685
IFOREST,sms,pr,0.8406961178045516,0.308903098868667,0.27865813471948986
IFOREST,sms,pr,0.8406961178045516,0.3090551181102362,0.278755169238944
IFOREST,sms,pr,0.8406961178045516,0.30920728705071393,0.2787617501184858
IFOREST,sms,pr,0.8406961178045516,0.30935960591133005,0.2788201803265523
IFOREST,sms,pr,0.8406961178045516,0.3095120749137506,0.2789533862338532
IFOREST,sms,pr,0.8406961178045516,0.3096646942800789,0.2790551811636196
IFOREST,sms,pr,0.8406961178045516,0.30981746423285644,0.27914009639353865
IFOREST,sms,pr,0.8273092369477911,0.30639563708477935,0.27922442611831166
IFOREST,sms,pr,0.8273092369477911,0.30654761904761907,0.27939421236732825
IFOREST,sms,pr,0.8273092369477911,0.3066997518610422,0.27939584204198037
IFOREST,sms,pr,0.8273092369477911,0.30685203574975173,0.2796029581169172
IFOREST,sms,pr,0.8273092369477911,0.30700447093889716,0.27975096531415866
IFOREST,sms,pr,0.8273092369477911,0.3071570576540755,0.2798408712426378
IFOREST,sms,pr,0.8273092369477911,0.3073097961213327,0.2800208839295426
IFOREST,sms,pr,0.8273092369477911,0.3074626865671642,0.28043525222837906
IFOREST,sms,pr,0.8259705488621151,0.30711796913887507,0.28056466609898373
IFOREST,sms,pr,0.8259705488621151,0.30727091633466136,0.2807213066378184
IFOREST,sms,pr,0.8259705488621151,0.30742401594419533,0.28074427548225434
IFOREST,sms,pr,0.8259705488621151,0.3078842315369261,0.2807743044275947
IFOREST,sms,pr,0.8259705488621151,0.30803794308537197,0.2811599669903987
IFOREST,sms,pr,0.8259705488621151,0.3081918081918082,0.28129110777191674
IFOREST,sms,pr,0.8259705488621151,0.30834582708645675,0.2813869426784233
IFOREST,sms,pr,0.8246318607764391,0.308,0.28157525704822994
IFOREST,sms,pr,0.8246318607764391,0.30815407703851927,0.2816087610208336
IFOREST,sms,pr,0.8246318607764391,0.3083083083083083,0.2817149364732968
IFOREST,sms,pr,0.8232931726907631,0.30796194291437157,0.2817885837062552
IFOREST,sms,pr,0.8232931726907631,0.30811623246492986,0.28189571076545017
IFOREST,sms,pr,0.8232931726907631,0.3082706766917293,0.2818993527618457
IFOREST,sms,pr,0.8232931726907631,0.30842527582748247,0.2819516483746883
IFOREST,sms,pr,0.8232931726907631,0.3085800301053688,0.2820761453640557
IFOREST,sms,pr,0.8232931726907631,0.30873493975903615,0.28212616433019155
IFOREST,sms,pr,0.8232931726907631,0.3088900050226017,0.2821380003787934
IFOREST,sms,pr,0.8232931726907631,0.30904522613065327,0.2822408899856446
IFOREST,sms,pr,0.8232931726907631,0.3092006033182504,0.28229283362634255
IFOREST,sms,pr,0.8232931726907631,0.30935613682092555,0.2823136786366616
IFOREST,sms,pr,0.8232931726907631,0.3095118268746855,0.282423126319732
IFOREST,sms,pr,0.8232931726907631,0.30966767371601206,0.2824324093962059
IFOREST,sms,pr,0.8232931726907631,0.30982367758186397,0.2824425068386673
IFOREST,sms,pr,0.8232931726907631,0.30997983870967744,0.28259818525948704
IFOREST,sms,pr,0.8232931726907631,0.3101361573373676,0.2827131006724124
IFOREST,sms,pr,0.8232931726907631,0.31029263370333,0.28316651267584925
IFOREST,sms,pr,0.821954484605087,0.3099444724886421,0.283265302478927
IFOREST,sms,pr,0.821954484605087,0.3101010101010101,0.28335464384358316
IFOREST,sms,pr,0.821954484605087,0.3102577059120768,0.28351557380310083
IFOREST,sms,pr,0.820615796519411,0.30990899898887764,0.28362921560598553
IFOREST,sms,pr,0.820615796519411,0.310065756196257,0.2837238091510265
IFOREST,sms,pr,0.820615796519411,0.3102226720647773,0.2837410067333234
IFOREST,sms,pr,0.820615796519411,0.3105369807497467,0.28385453014135986
IFOREST,sms,pr,0.8192771084337349,0.31018753167764823,0.2839499816432586
IFOREST,sms,pr,0.8192771084337349,0.3103448275862069,0.28407676795044196
IFOREST,sms,pr,0.8165997322623829,0.3096446700507614,0.2842583842668129
IFOREST,sms,pr,0.8165997322623829,0.30980192991366173,0.2843724509292949
IFOREST,sms,pr,0.8165997322623829,0.3099593495934959,0.28437725003924946
IFOREST,sms,pr,0.8165997322623829,0.3101169293340112,0.28441130131868936
IFOREST,sms,pr,0.8165997322623829,0.31027466937945064,0.28451510243299155
IFOREST,sms,pr,0.8152610441767069,0.3099236641221374,0.28451761160419375
IFOREST,sms,pr,0.8152610441767069,0.310081466395112,0.28458879524108555
IFOREST,sms,pr,0.8152610441767069,0.31023942944472743,0.2846532883540395
IFOREST,sms,pr,0.8152610441767069,0.3103975535168196,0.28466232829237587
IFOREST,sms,pr,0.8152610441767069,0.31055583885772564,0.2847353770890304
IFOREST,sms,pr,0.8152610441767069,0.3107142857142857,0.28474193169877704
IFOREST,sms,pr,0.8152610441767069,0.3108728943338438,0.2847818301899452
IFOREST,sms,pr,0.8152610441767069,0.3110316649642492,0.28478204679284397
IFOREST,sms,pr,0.8152610441767069,0.31119059785385794,0.28480760336789734
IFOREST,sms,pr,0.8152610441767069,0.3113496932515337,0.2848279303426017
IFOREST,sms,pr,0.8152610441767069,0.31150895140664964,0.28482993042128874
IFOREST,sms,pr,0.8152610441767069,0.311668372569089,0.2849497175209224
IFOREST,sms,pr,0.8152610441767069,0.3118279569892473,0.28500082422066897
IFOREST,sms,pr,0.8152610441767069,0.3119877049180328,0.28504487494631087
IFOREST,sms,pr,0.8152610441767069,0.3121476166068683,0.2850450927610054
IFOREST,sms,pr,0.8152610441767069,0.3123076923076923,0.28513785696088856
IFOREST,sms,pr,0.8152610441767069,0.3124679322729605,0.2851729093577157
IFOREST,sms,pr,0.8125836680053548,0.31176168464304055,0.2852538850877065
IFOREST,sms,pr,0.8125836680053548,0.3119218910585817,0.2852700612727858
IFOREST,sms,pr,0.8125836680053548,0.31208226221079693,0.2853723838439091
IFOREST,sms,pr,0.8125836680053548,0.31224279835390945,0.28538210091436295
IFOREST,sms,pr,0.8125836680053548,0.31240349974266596,0.28561540235237587
IFOREST,sms,pr,0.8099062918340026,0.31169500257599175,0.2856579853021243
IFOREST,sms,pr,0.8085676037483266,0.311340206185567,0.2857837908833786
IFOREST,sms,pr,0.8085676037483266,0.3115007735946364,0.2858112343141518
IFOREST,sms,pr,0.8085676037483266,0.31166150670794635,0.28585451227271946
IFOREST,sms,pr,0.8085676037483266,0.3118224057821373,0.28594450858619475
IFOREST,sms,pr,0.8072289156626506,0.3114669421487603,0.28606220122630976
IFOREST,sms,pr,0.8072289156626506,0.3116279069767442,0.28608682392134155
IFOREST,sms,pr,0.8072289156626506,0.3117890382626681,0.28621226591673454
IFOREST,sms,pr,0.8072289156626506,0.31195033626487323,0.2862677354212767
IFOREST,sms,pr,0.8072289156626506,0.31211180124223603,0.286400127654741
IFOREST,sms,pr,0.8072289156626506,0.3122734334541688,0.28647401381211757
IFOREST,sms,pr,0.8072289156626506,0.3124352331606218,0.28651503355594654
IFOREST,sms,pr,0.8072289156626506,0.31259720062208396,0.2866644055648215
IFOREST,sms,pr,0.8072289156626506,0.31275933609958506,0.286688205964459
IFOREST,sms,pr,0.8072289156626506,0.3129216398546964,0.28692925307703415
IFOREST,sms,pr,0.8072289156626506,0.3130841121495327,0.2870483812241941
IFOREST,sms,pr,0.8072289156626506,0.3132467532467533,0.2871838619042917
IFOREST,sms,pr,0.8072289156626506,0.3134095634095634,0.2872835784110225
IFOREST,sms,pr,0.8072289156626506,0.31357254290171604,0.2875715073207857
IFOREST,sms,pr,0.8072289156626506,0.313735691987513,0.2876485029804517
IFOREST,sms,pr,0.8072289156626506,0.31389901093180633,0.28778916809690774
IFOREST,sms,pr,0.8072289156626506,0.3140625,0.28782305871332087
IFOREST,sms,pr,0.8072289156626506,0.31422615945805105,0.2878362505803175
IFOREST,sms,pr,0.8072289156626506,0.31438998957247133,0.28786595082259675
IFOREST,sms,pr,0.8072289156626506,0.3145539906103286,0.2881343215645933
IFOREST,sms,pr,0.8072289156626506,0.3147181628392484,0.28818247472432257
IFOREST,sms,pr,0.8072289156626506,0.3148825065274151,0.28819894373145294
IFOREST,sms,pr,0.8072289156626506,0.31504702194357365,0.2882209803643943
IFOREST,sms,pr,0.8072289156626506,0.31521170935703086,0.2882498963161805
IFOREST,sms,pr,0.8072289156626506,0.31537656903765693,0.28831348081009434
IFOREST,sms,pr,0.8072289156626506,0.315541601255887,0.288368842594097
IFOREST,sms,pr,0.8072289156626506,0.3157068062827225,0.28840763104060363
IFOREST,sms,pr,0.8072289156626506,0.31587218438973286,0.288418795074622
IFOREST,sms,pr,0.8072289156626506,0.3160377358490566,0.2884836565498954
IFOREST,sms,pr,0.8072289156626506,0.31620346093340324,0.2885562240618013
IFOREST,sms,pr,0.8072289156626506,0.3163693599160546,0.2889352547423554
IFOREST,sms,pr,0.8058902275769746,0.31601049868766407,0.289071929791037
IFOREST,sms,pr,0.8058902275769746,0.3161764705882353,0.28908680724031616
IFOREST,sms,pr,0.8045515394912985,0.3158171308460326,0.28990135063979555
IFOREST,sms,pr,0.8045515394912985,0.3159831756046267,0.28997690152820094
IFOREST,sms,pr,0.8045515394912985,0.3161493950552341,0.29003065542646345
IFOREST,sms,pr,0.8045515394912985,0.3163157894736842,0.2900772812447004
IFOREST,sms,pr,0.8045515394912985,0.31648235913638756,0.2900908822931523
IFOREST,sms,pr,0.8045515394912985,0.3166491043203372,0.29026586386521785
IFOREST,sms,pr,0.8045515394912985,0.31681602530311015,0.2904476359199247
IFOREST,sms,pr,0.8045515394912985,0.3169831223628692,0.2904924705739801
IFOREST,sms,pr,0.8045515394912985,0.3171503957783641,0.2906253635625978
IFOREST,sms,pr,0.8045515394912985,0.31731784582893346,0.29062779568787
IFOREST,sms,pr,0.8045515394912985,0.31748547279450606,0.2907396650178019
IFOREST,sms,pr,0.8045515394912985,0.3176532769556025,0.29093173681430273
IFOREST,sms,pr,0.8045515394912985,0.3178212585933369,0.2911284786799672
IFOREST,sms,pr,0.8045515394912985,0.317989417989418,0.2911495336133179
IFOREST,sms,pr,0.7991967871485943,0.316542948038176,0.2913186931556342
IFOREST,sms,pr,0.7991967871485943,0.316710875331565,0.29140535171852405
IFOREST,sms,pr,0.7991967871485943,0.31687898089171973,0.291432822469968
IFOREST,sms,pr,0.7991967871485943,0.31704726500265534,0.29145865599594895
IFOREST,sms,pr,0.7991967871485943,0.31721572794899044,0.2915315634952389
IFOREST,sms,pr,0.7991967871485943,0.31738437001594894,0.29162634172565527
IFOREST,sms,pr,0.7991967871485943,0.3175531914893617,0.2919326118986474
IFOREST,sms,pr,0.7991967871485943,0.3177221926556679,0.29210912546386336
IFOREST,sms,pr,0.7991967871485943,0.31789137380191695,0.2922028264292406
IFOREST,sms,pr,0.7991967871485943,0.31806073521576983,0.29229869178464585
IFOREST,sms,pr,0.7991967871485943,0.31823027718550106,0.2924900912756343
IFOREST,sms,pr,0.7991967871485943,0.3184,0.29249753117040234
IFOREST,sms,pr,0.7991967871485943,0.31856990394877266,0.29252595640209184
IFOREST,sms,pr,0.7991967871485943,0.3187399893219434,0.29254418899901646
IFOREST,sms,pr,0.7991967871485943,0.3189102564102564,0.29291748188907896
IFOREST,sms,pr,0.7991967871485943,0.3190807055050775,0.29293522672365213
IFOREST,sms,pr,0.7991967871485943,0.31925133689839574,0.29306142048313505
IFOREST,sms,pr,0.7991967871485943,0.31942215088282505,0.2933091177257697
IFOREST,sms,pr,0.7991967871485943,0.319593147751606,0.29339350263461367
IFOREST,sms,pr,0.7991967871485943,0.3197643277986074,0.29349275053101026
IFOREST,sms,pr,0.7991967871485943,0.319935691318328,0.2936201368731978
IFOREST,sms,pr,0.7991967871485943,0.3201072386058981,0.29363318658161647
IFOREST,sms,pr,0.7991967871485943,0.32027896995708155,0.2937562163619314
IFOREST,sms,pr,0.7991967871485943,0.32045088566827695,0.29378611908324836
IFOREST,sms,pr,0.7991967871485943,0.3206229860365199,0.29394267236634347
IFOREST,sms,pr,0.7991967871485943,0.32079527135948416,0.29407087942338056
IFOREST,sms,pr,0.7991967871485943,0.3209677419354839,0.2941212636190893
IFOREST,sms,pr,0.7991967871485943,0.321140398063475,0.29424340790193293
IFOREST,sms,pr,0.7991967871485943,0.32131324004305706,0.29428880353579995
IFOREST,sms,pr,0.7991967871485943,0.32148626817447495,0.29436016873979964
IFOREST,sms,pr,0.7991967871485943,0.32165948275862066,0.29440535421000696
IFOREST,sms,pr,0.7991967871485943,0.32183288409703503,0.29448380115139644
IFOREST,sms,pr,0.7991967871485943,0.3220064724919094,0.29495715584082155
IFOREST,sms,pr,0.7991967871485943,0.32218024824608743,0.29500034887060217
IFOREST,sms,pr,0.7991967871485943,0.32235421166306694,0.2950778991849875
IFOREST,sms,pr,0.7991967871485943,0.3225283630470016,0.29509402201012724
IFOREST,sms,pr,0.7991967871485943,0.3227027027027027,0.29519066686206447
IFOREST,sms,pr,0.7991967871485943,0.32305194805194803,0.2952808974844245
IFOREST,sms,pr,0.7991967871485943,0.3232268543584191,0.29535594231189105
IFOREST,sms,pr,0.7991967871485943,0.32340195016251355,0.2956497802571031
IFOREST,sms,pr,0.7991967871485943,0.3235772357723577,0.29565932990640165
IFOREST,sms,pr,0.7991967871485943,0.3237527114967462,0.2958590946353289
IFOREST,sms,pr,0.7991967871485943,0.32392837764514376,0.2959327415535234
IFOREST,sms,pr,0.7991967871485943,0.3241042345276873,0.29606235546104415
IFOREST,sms,pr,0.7991967871485943,0.3242802824551874,0.2962939253165416
IFOREST,sms,pr,0.7991967871485943,0.3244565217391304,0.2965404027078948
IFOREST,sms,pr,0.7991967871485943,0.32463295269168024,0.29656163221906917
IFOREST,sms,pr,0.7991967871485943,0.3248095756256801,0.29659187429697287
IFOREST,sms,pr,0.7991967871485943,0.3249863908546543,0.29675581654507954
IFOREST,sms,pr,0.7965194109772423,0.3242506811989101,0.296925722649029
IFOREST,sms,pr,0.7965194109772423,0.3244274809160305,0.2969736393775162
IFOREST,sms,pr,0.7965194109772423,0.32460447354064376,0.29709179999615193
IFOREST,sms,pr,0.7965194109772423,0.3247816593886463,0.29713191327329896
IFOREST,sms,pr,0.7965194109772423,0.3249590387766248,0.2971434399932798
IFOREST,sms,pr,0.7951807228915663,0.32459016393442625,0.29715705402641923
IFOREST,sms,pr,0.7951807228915663,0.32476763258611263,0.29718727883093027
IFOREST,sms,pr,0.7951807228915663,0.324945295404814,0.29733136907573465
IFOREST,sms,pr,0.7938420348058902,0.32457580733442803,0.29759520997879046
IFOREST,sms,pr,0.7938420348058902,0.3247535596933187,0.2980392462094897
IFOREST,sms,pr,0.7938420348058902,0.32510964912280704,0.2980881411907828
IFOREST,sms,pr,0.7938420348058902,0.3252879868348875,0.2981498217218046
IFOREST,sms,pr,0.7938420348058902,0.32546652030735457,0.29816725729340365
IFOREST,sms,pr,0.7938420348058902,0.3256452498627128,0.2984332029428105
IFOREST,sms,pr,0.7925033467202142,0.3252747252747253,0.29857324288447756
IFOREST,sms,pr,0.7925033467202142,0.32545354590434306,0.29865820957869504
IFOREST,sms,pr,0.7925033467202142,0.3256325632563256,0.2987006615956661
IFOREST,sms,pr,0.7925033467202142,0.3258117776554761,0.29887580627791466
IFOREST,sms,pr,0.7925033467202142,0.32599118942731276,0.298983956836899
IFOREST,sms,pr,0.7925033467202142,0.3261707988980716,0.29901956967703164
IFOREST,sms,pr,0.7925033467202142,0.3263506063947078,0.2991931347406749
IFOREST,sms,pr,0.7911646586345381,0.32597904026475455,0.29923043306585273
IFOREST,sms,pr,0.7911646586345381,0.326158940397351,0.2992654156512897
IFOREST,sms,pr,0.7911646586345381,0.3263390392048592,0.2993974658445862
IFOREST,sms,pr,0.7911646586345381,0.3265193370165746,0.29949846931770613
IFOREST,sms,pr,0.7911646586345381,0.32669983416252074,0.2995651996533151
IFOREST,sms,pr,0.7911646586345381,0.3268805309734513,0.2996875572002069
IFOREST,sms,pr,0.7911646586345381,0.32706142778085223,0.2997086695240976
IFOREST,sms,pr,0.7911646586345381,0.3272425249169435,0.29975354405119925
IFOREST,sms,pr,0.7911646586345381,0.32742382271468146,0.2998659015653495
IFOREST,sms,pr,0.7911646586345381,0.3276053215077605,0.3000374755890996
IFOREST,sms,pr,0.7911646586345381,0.3277870216306156,0.3001151128062739
IFOREST,sms,pr,0.7911646586345381,0.327968923418424,0.3001861454106189
IFOREST,sms,pr,0.7911646586345381,0.32815102720710715,0.3003046589451269
IFOREST,sms,pr,0.7911646586345381,0.3283333333333333,0.3004692003466577
IFOREST,sms,pr,0.7911646586345381,0.3285158421345192,0.30064202166416576
IFOREST,sms,pr,0.7911646586345381,0.328698553948832,0.30070832107702933
IFOREST,sms,pr,0.7911646586345381,0.328881469115192,0.30097030503966204
IFOREST,sms,pr,0.7911646586345381,0.3290645879732739,0.30101402185591686
IFOREST,sms,pr,0.7911646586345381,0.32924791086350974,0.3010180081010035
IFOREST,sms,pr,0.7911646586345381,0.3294314381270903,0.30157500353281513
IFOREST,sms,pr,0.7911646586345381,0.32961517010596764,0.30158658535463856
IFOREST,sms,pr,0.7898259705488622,0.32924107142857145,0.30173133607887265
IFOREST,sms,pr,0.7898259705488622,0.3294249022892239,0.3017418704690998
IFOREST,sms,pr,0.7898259705488622,0.329608938547486,0.3020998417573266
IFOREST,sms,pr,0.7898259705488622,0.32979318054779205,0.302100643766675
IFOREST,sms,pr,0.7898259705488622,0.32997762863534674,0.3021040673351127
IFOREST,sms,pr,0.7898259705488622,0.3301622831561276,0.30217867332373766
IFOREST,sms,pr,0.7898259705488622,0.3303471444568869,0.3022755269773964
IFOREST,sms,pr,0.7898259705488622,0.33053221288515405,0.30247435858862937
IFOREST,sms,pr,0.7884872824631861,0.3301569506726457,0.3026051007923287
IFOREST,sms,pr,0.7884872824631861,0.3303421200224341,0.3026414123187939
IFOREST,sms,pr,0.7884872824631861,0.33052749719416386,0.30272639812342805
IFOREST,sms,pr,0.7884872824631861,0.33071308253790005,0.3027332227018339
IFOREST,sms,pr,0.7884872824631861,0.33108487914558743,0.3028269585763621
IFOREST,sms,pr,0.7884872824631861,0.3312710911136108,0.3028458433052218
IFOREST,sms,pr,0.7884872824631861,0.3314575126617895,0.30285482086300664
IFOREST,sms,pr,0.7884872824631861,0.33164414414414417,0.3030417258842884
IFOREST,sms,pr,0.7884872824631861,0.331830985915493,0.30306983140063615
IFOREST,sms,pr,0.7884872824631861,0.3320180383314543,0.3030894963182004
IFOREST,sms,pr,0.7884872824631861,0.332205301748449,0.30318331226240336
IFOREST,sms,pr,0.7884872824631861,0.332392776523702,0.3034184235483524
IFOREST,sms,pr,0.7884872824631861,0.33258046301524563,0.30355617722063943
IFOREST,sms,pr,0.7884872824631861,0.3327683615819209,0.3039844279224438
IFOREST,sms,pr,0.7884872824631861,0.33295647258338046,0.3041007977625204
IFOREST,sms,pr,0.7884872824631861,0.3331447963800905,0.30435895009473507
IFOREST,sms,pr,0.7884872824631861,0.3333333333333333,0.3045631550764692
IFOREST,sms,pr,0.7884872824631861,0.33352208380520953,0.30465402892123794
IFOREST,sms,pr,0.7884872824631861,0.3337110481586402,0.30471113650843185
IFOREST,sms,pr,0.7884872824631861,0.33390022675736963,0.30492008833120743
IFOREST,sms,pr,0.7884872824631861,0.3340896199659671,0.30497896107125144
IFOREST,sms,pr,0.7884872824631861,0.33427922814982974,0.30518968956803194
IFOREST,sms,pr,0.7884872824631861,0.33446905167518454,0.30521862261828864
IFOREST,sms,pr,0.7884872824631861,0.3352305065452476,0.3053443414713016
IFOREST,sms,pr,0.7884872824631861,0.3354214123006834,0.30544448160921517
IFOREST,sms,pr,0.7884872824631861,0.33580387685290763,0.30549210864902104
IFOREST,sms,pr,0.7884872824631861,0.3359954363947519,0.3054965783746735
IFOREST,sms,pr,0.7871485943775101,0.3356164383561644,0.3055394754612174
IFOREST,sms,pr,0.7871485943775101,0.33580810965162766,0.305539828043112
IFOREST,sms,pr,0.7871485943775101,0.336,0.3055580325217949
IFOREST,sms,pr,0.7871485943775101,0.3361921097770154,0.30563389215983355
IFOREST,sms,pr,0.7871485943775101,0.33638443935926776,0.305634301750619
IFOREST,sms,pr,0.7871485943775101,0.3365769891242129,0.3056365538136399
IFOREST,sms,pr,0.7871485943775101,0.33676975945017185,0.3056582472342401
IFOREST,sms,pr,0.7871485943775101,0.33696275071633236,0.30591657480288414
IFOREST,sms,pr,0.7871485943775101,0.33715596330275227,0.30603852273749105
IFOREST,sms,pr,0.7871485943775101,0.3373493975903614,0.3061325103170923
IFOREST,sms,pr,0.7871485943775101,0.3375430539609644,0.3061347355977822
IFOREST,sms,pr,0.7871485943775101,0.337736932797243,0.30617283643122617
IFOREST,sms,pr,0.7871485943775101,0.33812535940195515,0.3061810414905162
IFOREST,sms,pr,0.7871485943775101,0.3383199079401611,0.3062670692573312
IFOREST,sms,pr,0.7871485943775101,0.3385146804835924,0.30626939791399177
IFOREST,sms,pr,0.7871485943775101,0.3387096774193548,0.3063834531915913
IFOREST,sms,pr,0.7871485943775101,0.3389048991354467,0.30644398522896155
IFOREST,sms,pr,0.7871485943775101,0.3391003460207612,0.3066171509755588
IFOREST,sms,pr,0.7817938420348058,0.3375722543352601,0.30664161350034674
IFOREST,sms,pr,0.7817938420348058,0.3377674956622325,0.3067709674750824
IFOREST,sms,pr,0.7817938420348058,0.33796296296296297,0.3069450809605911
IFOREST,sms,pr,0.7817938420348058,0.3381586566299942,0.30700083321032645
IFOREST,sms,pr,0.7817938420348058,0.3383545770567787,0.3071131942186922
IFOREST,sms,pr,0.7817938420348058,0.33855072463768116,0.30728195895289334
IFOREST,sms,pr,0.7817938420348058,0.33874709976798145,0.3075831250586785
IFOREST,sms,pr,0.7817938420348058,0.338943702843877,0.30777255710515733
IFOREST,sms,pr,0.7817938420348058,0.3395348837209302,0.3078428123738578
IFOREST,sms,pr,0.7817938420348058,0.33973240255962767,0.3078943277926908
IFOREST,sms,pr,0.7817938420348058,0.33993015133876603,0.308084394980469
IFOREST,sms,pr,0.7817938420348058,0.3401281304601048,0.3080890982493225
IFOREST,sms,pr,0.7804551539491299,0.33974358974358976,0.3084189384330034
IFOREST,sms,pr,0.7804551539491299,0.33994169096209914,0.3084459040030857
IFOREST,sms,pr,0.7804551539491299,0.3401400233372229,0.30845871681629755
IFOREST,sms,pr,0.7804551539491299,0.3403385872737887,0.30848771625257526
IFOREST,sms,pr,0.7791164658634538,0.3399532710280374,0.30855005814363096
IFOREST,sms,pr,0.7791164658634538,0.34015195791934544,0.30938451778340853
IFOREST,sms,pr,0.7791164658634538,0.34035087719298246,0.3096102254414398
IFOREST,sms,pr,0.7791164658634538,0.3405500292568754,0.3096979119337768
IFOREST,sms,pr,0.7791164658634538,0.3407494145199063,0.30994991422006435
IFOREST,sms,pr,0.7791164658634538,0.3409490333919156,0.3099929981210911
IFOREST,sms,pr,0.7791164658634538,0.34114888628370454,0.3100050331613289
IFOREST,sms,pr,0.7791164658634538,0.34134897360703814,0.31032431775999636
IFOREST,sms,pr,0.7791164658634538,0.3415492957746479,0.3103575936170694
IFOREST,sms,pr,0.7791164658634538,0.3417498532002349,0.3105353676418407
IFOREST,sms,pr,0.7791164658634538,0.3419506462984724,0.31054194037432636
IFOREST,sms,pr,0.7791164658634538,0.3421516754850088,0.31054943532658763
IFOREST,sms,pr,0.7791164658634538,0.3423529411764706,0.3105590966071969
IFOREST,sms,pr,0.7791164658634538,0.34255444379046496,0.3105822214283468
IFOREST,sms,pr,0.7764390896921017,0.3417796110783736,0.3106967013868176
IFOREST,sms,pr,0.7764390896921017,0.3419811320754717,0.31076235829368415
IFOREST,sms,pr,0.7764390896921017,0.3421828908554572,0.31077251736202877
IFOREST,sms,pr,0.7751004016064257,0.3417945690672963,0.31104602238628704
IFOREST,sms,pr,0.7751004016064257,0.3419964559952747,0.31105247892339943
IFOREST,sms,pr,0.7751004016064257,0.3421985815602837,0.3110595805524875
IFOREST,sms,pr,0.7751004016064257,0.34240094618568895,0.3110776648892276
IFOREST,sms,pr,0.7751004016064257,0.342603550295858,0.31129052565291376
IFOREST,sms,pr,0.7737617135207496,0.34221432800473656,0.311302719128491
IFOREST,sms,pr,0.7737617135207496,0.3424170616113744,0.311354425528815
IFOREST,sms,pr,0.7737617135207496,0.34262003556609366,0.311452706204552
IFOREST,sms,pr,0.7737617135207496,0.3428232502965599,0.31146796239198177
IFOREST,sms,pr,0.7737617135207496,0.343026706231454,0.3114828566845092
IFOREST,sms,pr,0.7737617135207496,0.34323040380047504,0.31155040112061066
IFOREST,sms,pr,0.7737617135207496,0.3434343434343434,0.31157930082826685
IFOREST,sms,pr,0.7737617135207496,0.3436385255648038,0.3118058710814909
IFOREST,sms,pr,0.7737617135207496,0.3438429506246282,0.3121194779029487
IFOREST,sms,pr,0.7737617135207496,0.34404761904761905,0.3121841990765207
IFOREST,sms,pr,0.7737617135207496,0.34425253126861227,0.3122161185293244
IFOREST,sms,pr,0.7737617135207496,0.34445768772348034,0.31243857661872515
IFOREST,sms,pr,0.7737617135207496,0.3446630888491354,0.3124477913542128
IFOREST,sms,pr,0.7737617135207496,0.3448687350835322,0.31264887189659335
IFOREST,sms,pr,0.7737617135207496,0.34507462686567164,0.31265856642893824
IFOREST,sms,pr,0.7737617135207496,0.34528076463560337,0.3126657356895422
IFOREST,sms,pr,0.7737617135207496,0.34548714883442916,0.3127519578275728
IFOREST,sms,pr,0.7737617135207496,0.34590065828845,0.31311808719761186
IFOREST,sms,pr,0.7737617135207496,0.3461077844311377,0.31315582792477714
IFOREST,sms,pr,0.7737617135207496,0.3463151587777112,0.31321672082881413
IFOREST,sms,pr,0.7737617135207496,0.3469387755102041,0.31338275537912746
IFOREST,sms,pr,0.7724230254350736,0.34654654654654654,0.31353403530569807
IFOREST,sms,pr,0.7724230254350736,0.3467548076923077,0.3135965523853763
IFOREST,sms,pr,0.7724230254350736,0.34696331930246543,0.31361078689065297
IFOREST,sms,pr,0.7724230254350736,0.3471720818291215,0.31370697384334517
IFOREST,sms,pr,0.7724230254350736,0.3473810957254666,0.31384610391090534
IFOREST,sms,pr,0.7724230254350736,0.34759036144578315,0.31386940693526716
IFOREST,sms,pr,0.7724230254350736,0.34779987944544904,0.3139203170459142
IFOREST,sms,pr,0.7724230254350736,0.3480096501809409,0.3142784212113282
IFOREST,sms,pr,0.7684069611780455,0.3468277945619335,0.3144412079364074
IFOREST,sms,pr,0.7684069611780455,0.347037484885127,0.31470770009501114
IFOREST,sms,pr,0.7684069611780455,0.3472474289171204,0.3149985606932193
IFOREST,sms,pr,0.7684069611780455,0.3474576271186441,0.3150891763810552
IFOREST,sms,pr,0.7684069611780455,0.34766807995154453,0.3155818474174589
IFOREST,sms,pr,0.7684069611780455,0.3478787878787879,0.31560778184460303
IFOREST,sms,pr,0.7684069611780455,0.3480897513644633,0.31603918977165474
IFOREST,sms,pr,0.7684069611780455,0.3483009708737864,0.31633572010876027
IFOREST,sms,pr,0.7684069611780455,0.3485124468731026,0.3163382006488336
IFOREST,sms,pr,0.7684069611780455,0.3487241798298906,0.316394069346251
IFOREST,sms,pr,0.7684069611780455,0.34893617021276596,0.31642936525435894
IFOREST,sms,pr,0.7670682730923695,0.34854014598540145,0.31655064734007893
IFOREST,sms,pr,0.7670682730923695,0.3489646772228989,0.31671659169986305
IFOREST,sms,pr,0.7670682730923695,0.3491773308957952,0.31679024040962894
IFOREST,sms,pr,0.7670682730923695,0.349390243902439,0.3168514459257042
IFOREST,sms,pr,0.7670682730923695,0.34960341671751066,0.31690002099670533
IFOREST,sms,pr,0.7670682730923695,0.3498168498168498,0.31696820182809143
IFOREST,sms,pr,0.7670682730923695,0.3500305436774588,0.3170305058470875
IFOREST,sms,pr,0.7670682730923695,0.35024449877750613,0.3170919484925553
IFOREST,sms,pr,0.7670682730923695,0.3504587155963303,0.31746255641593324
IFOREST,sms,pr,0.7670682730923695,0.3506731946144431,0.31752839848208153
IFOREST,sms,pr,0.7657295850066934,0.35027556644213104,0.3175980793840104
IFOREST,sms,pr,0.7657295850066934,0.35049019607843135,0.31829019544443554
IFOREST,sms,pr,0.7657295850066934,0.3507050889025138,0.3185172242643953
IFOREST,sms,pr,0.7657295850066934,0.3511356660527931,0.31869932624182634
IFOREST,sms,pr,0.7657295850066934,0.35135135135135137,0.31875284207131493
IFOREST,sms,pr,0.7643908969210174,0.35095267363245236,0.3189119997298341
IFOREST,sms,pr,0.7643908969210174,0.35116851168511687,0.3189336638511248
IFOREST,sms,pr,0.7643908969210174,0.3513846153846154,0.3190993637230561
IFOREST,sms,pr,0.7643908969210174,0.3516009852216749,0.31927831119398054
IFOREST,sms,pr,0.7643908969210174,0.35181762168823166,0.3193139631700113
IFOREST,sms,pr,0.7643908969210174,0.3520345252774353,0.3194267517540379
IFOREST,sms,pr,0.7643908969210174,0.35225169648365207,0.31966580451701404
IFOREST,sms,pr,0.7643908969210174,0.35246913580246914,0.3196708670916089
IFOREST,sms,pr,0.7643908969210174,0.352686843730698,0.3196719296490008
IFOREST,sms,pr,0.7643908969210174,0.35290482076637825,0.3199136909883236
IFOREST,sms,pr,0.7643908969210174,0.3531230674087817,0.3199216248919338
IFOREST,sms,pr,0.7643908969210174,0.3533415841584158,0.3200082385619298
IFOREST,sms,pr,0.7643908969210174,0.35356037151702785,0.32023503022288624
IFOREST,sms,pr,0.7643908969210174,0.3537794299876084,0.3203816967934893
IFOREST,sms,pr,0.7643908969210174,0.3539987600743955,0.3204313317525893
IFOREST,sms,pr,0.7643908969210174,0.3542183622828784,0.32050823670341283
IFOREST,sms,pr,0.7643908969210174,0.3544382371198014,0.32056413036908804
IFOREST,sms,pr,0.7630522088353414,0.35403726708074534,0.3206864898750552
IFOREST,sms,pr,0.7630522088353414,0.35425730267246736,0.3207541355009272
IFOREST,sms,pr,0.7630522088353414,0.35447761194029853,0.3208341920849735
IFOREST,sms,pr,0.7630522088353414,0.35469819539514624,0.32087652599503397
IFOREST,sms,pr,0.7630522088353414,0.3549190535491905,0.32109029543986584
IFOREST,sms,pr,0.7630522088353414,0.35514018691588783,0.3211449653524885
IFOREST,sms,pr,0.7630522088353414,0.3553615960099751,0.3212850880541428
IFOREST,sms,pr,0.7630522088353414,0.35558328134747347,0.32142748169723534
IFOREST,sms,pr,0.7630522088353414,0.3560274828232355,0.3218346022396996
IFOREST,sms,pr,0.7630522088353414,0.35625,0.3220712396734744
IFOREST,sms,pr,0.7630522088353414,0.35647279549718575,0.3227381074518522
IFOREST,sms,pr,0.7630522088353414,0.35714285714285715,0.32283460322136914
IFOREST,sms,pr,0.7617135207496654,0.3567398119122257,0.32316308813697076
IFOREST,sms,pr,0.7617135207496654,0.3569636135508156,0.3231697004372346
IFOREST,sms,pr,0.7617135207496654,0.357187696170747,0.32318956848893043
IFOREST,sms,pr,0.7617135207496654,0.3574120603015075,0.32345303845749285
IFOREST,sms,pr,0.7617135207496654,0.35763670647391577,0.32345661563778194
IFOREST,sms,pr,0.7617135207496654,0.35786163522012576,0.3234574572316205
IFOREST,sms,pr,0.7617135207496654,0.3580868470736312,0.32345962648072973
IFOREST,sms,pr,0.7617135207496654,0.3583123425692695,0.3241198446321799
IFOREST,sms,pr,0.7617135207496654,0.35853812224322623,0.32436842407431643
IFOREST,sms,pr,0.7617135207496654,0.3587641866330391,0.32438107814355505
IFOREST,sms,pr,0.7617135207496654,0.3589905362776025,0.3246245488668017
IFOREST,sms,pr,0.7617135207496654,0.3592171717171717,0.3247185347746236
IFOREST,sms,pr,0.7617135207496654,0.35944409349336703,0.32472869610531485
IFOREST,sms,pr,0.7603748326639893,0.359039190897598,0.3247977589513576
IFOREST,sms,pr,0.7603748326639893,0.3592662871600253,0.324996907069305
IFOREST,sms,pr,0.7603748326639893,0.3594936708860759,0.32510069799646407
IFOREST,sms,pr,0.7603748326639893,0.3597213426219126,0.325245878974761
IFOREST,sms,pr,0.7603748326639893,0.35994930291508237,0.3253144248423454
IFOREST,sms,pr,0.7603748326639893,0.36017755231452125,0.32557509493659187
IFOREST,sms,pr,0.7590361445783133,0.3597715736040609,0.32565313745598323
IFOREST,sms,pr,0.7590361445783133,0.36,0.32598867551533167
IFOREST,sms,pr,0.7590361445783133,0.3602287166454892,0.32602643499411743
IFOREST,sms,pr,0.7590361445783133,0.3604577240940877,0.3260324853355393
IFOREST,sms,pr,0.7590361445783133,0.3606870229007634,0.32624562264384677
IFOREST,sms,pr,0.7590361445783133,0.36091661362189686,0.32627141052581315
IFOREST,sms,pr,0.7590361445783133,0.3611464968152866,0.32627594512722247
IFOREST,sms,pr,0.7590361445783133,0.361376673040153,0.3262974769328669
IFOREST,sms,pr,0.7590361445783133,0.36160714285714285,0.32642373854105045
IFOREST,sms,pr,0.7590361445783133,0.3618379068283344,0.3264377466137746
IFOREST,sms,pr,0.7590361445783133,0.3620689655172414,0.32667198670239217
IFOREST,sms,pr,0.7590361445783133,0.3623003194888179,0.32680615403811014
IFOREST,sms,pr,0.7576974564926372,0.3618925831202046,0.32685766260065435
IFOREST,sms,pr,0.7576974564926372,0.3621241202815099,0.32694998006841375
IFOREST,sms,pr,0.7563587684069611,0.3617157490396927,0.3270666217848256
IFOREST,sms,pr,0.7563587684069611,0.36217948717948717,0.32755281035202094
IFOREST,sms,pr,0.7563587684069611,0.3624118024374599,0.3277796922391356
IFOREST,sms,pr,0.7563587684069611,0.3626444159178434,0.3280971068576741
IFOREST,sms,pr,0.7563587684069611,0.36287732819524726,0.3281040580881982
IFOREST,sms,pr,0.7563587684069611,0.36311053984575836,0.32815162234636114
IFOREST,sms,pr,0.7563587684069611,0.3633440514469453,0.3282193935110748
IFOREST,sms,pr,0.7563587684069611,0.3635778635778636,0.32828437519170195
IFOREST,sms,pr,0.7563587684069611,0.36381197681905986,0.3284176232355457
IFOREST,sms,pr,0.7563587684069611,0.3640463917525773,0.32847940209419085
IFOREST,sms,pr,0.7563587684069611,0.36428110896196003,0.32848561873221194
IFOREST,sms,pr,0.7563587684069611,0.36451612903225805,0.3286500530322081
IFOREST,sms,pr,0.7563587684069611,0.3647514525500323,0.328755993027543
IFOREST,sms,pr,0.7563587684069611,0.3649870801033592,0.32884783278978075
IFOREST,sms,pr,0.7563587684069611,0.3652230122818358,0.32918163551818597
IFOREST,sms,pr,0.7563587684069611,0.3656957928802589,0.3297051841153704
IFOREST,sms,pr,0.7563587684069611,0.36593264248704666,0.33004486473964495
IFOREST,sms,pr,0.7563587684069611,0.3661697990926766,0.3301143882962041
IFOREST,sms,pr,0.7563587684069611,0.3664072632944228,0.3301883186282993
IFOREST,sms,pr,0.7550200803212851,0.3659961064243997,0.33035732838526516
IFOREST,sms,pr,0.7550200803212851,0.36623376623376624,0.3304054716820986
IFOREST,sms,pr,0.7550200803212851,0.3664717348927875,0.3305100324370205
IFOREST,sms,pr,0.7550200803212851,0.36671001300390116,0.3307256667246773
IFOREST,sms,pr,0.7550200803212851,0.36694860117111255,0.3308990827424848
IFOREST,sms,pr,0.7550200803212851,0.3671875,0.33090502590249166
IFOREST,sms,pr,0.7550200803212851,0.3674267100977199,0.33105875978894145
IFOREST,sms,pr,0.7550200803212851,0.36766623207301175,0.33131061505781995
IFOREST,sms,pr,0.7536813922356091,0.36725375081539463,0.3314035680888823
IFOREST,sms,pr,0.7536813922356091,0.3674934725848564,0.33160549758100727
IFOREST,sms,pr,0.7536813922356091,0.3677335075114304,0.3316725626379943
IFOREST,sms,pr,0.7536813922356091,0.36797385620915035,0.33169679406244396
IFOREST,sms,pr,0.7536813922356091,0.368214519293656,0.3317879368060932
IFOREST,sms,pr,0.7536813922356091,0.36845549738219896,0.33183378665960217
IFOREST,sms,pr,0.7536813922356091,0.36869679109364767,0.3319785849380611
IFOREST,sms,pr,0.7536813922356091,0.3689384010484928,0.3319935609342803
IFOREST,sms,pr,0.7536813922356091,0.36918032786885246,0.3320759129515306
IFOREST,sms,pr,0.7536813922356091,0.3694225721784777,0.33211034751475155
IFOREST,sms,pr,0.7536813922356091,0.36966513460275774,0.33213773734995117
IFOREST,sms,pr,0.7536813922356091,0.36990801576872534,0.3322123545644653
IFOREST,sms,pr,0.7536813922356091,0.3701512163050625,0.3323706121653558
IFOREST,sms,pr,0.7536813922356091,0.3703947368421053,0.33238340573001546
IFOREST,sms,pr,0.7536813922356091,0.3706385780118499,0.3325265597313466
IFOREST,sms,pr,0.7536813922356091,0.3708827404479578,0.33270395341460846
IFOREST,sms,pr,0.7536813922356091,0.3711272247857614,0.3327994477263181
IFOREST,sms,pr,0.7536813922356091,0.3713720316622691,0.3335913532681384
IFOREST,sms,pr,0.7536813922356091,0.3716171617161716,0.3336673257524068
IFOREST,sms,pr,0.7536813922356091,0.3718626155878468,0.33381436189009234
IFOREST,sms,pr,0.7523427041499331,0.37144745538664903,0.3338590404408621
IFOREST,sms,pr,0.7523427041499331,0.3716931216931217,0.33392199331739
IFOREST,sms,pr,0.7523427041499331,0.37193911317008604,0.3339570839950988
IFOREST,sms,pr,0.7523427041499331,0.37218543046357616,0.33400506866599816
IFOREST,sms,pr,0.751004016064257,0.3717693836978131,0.33405616072360766
IFOREST,sms,pr,0.751004016064257,0.3720159151193634,0.33423253794052415
IFOREST,sms,pr,0.751004016064257,0.3722627737226277,0.33426648693703054
IFOREST,sms,pr,0.751004016064257,0.37250996015936255,0.33445573979697224
IFOREST,sms,pr,0.751004016064257,0.37275747508305646,0.33460716506842186
IFOREST,sms,pr,0.751004016064257,0.37300531914893614,0.33486834790231823
IFOREST,sms,pr,0.751004016064257,0.37325349301397204,0.335256379770512
IFOREST,sms,pr,0.749665327978581,0.37283621837549935,0.3353936497956694
IFOREST,sms,pr,0.749665327978581,0.37308461025982675,0.33540727593080993
IFOREST,sms,pr,0.749665327978581,0.37333333333333335,0.33552818706816656
IFOREST,sms,pr,0.749665327978581,0.3735823882588392,0.3356014878871132
IFOREST,sms,pr,0.749665327978581,0.37383177570093457,0.33571651335912406
IFOREST,sms,pr,0.749665327978581,0.3740814963259853,0.33572706185849854
IFOREST,sms,pr,0.749665327978581,0.37433155080213903,0.335776747287278
IFOREST,sms,pr,0.749665327978581,0.3745819397993311,0.33584211379784035
IFOREST,sms,pr,0.749665327978581,0.3748326639892905,0.33608303470464096
IFOREST,sms,pr,0.749665327978581,0.3753351206434316,0.33620759089411056
IFOREST,sms,pr,0.749665327978581,0.3755868544600939,0.3363596238756394
IFOREST,sms,pr,0.749665327978581,0.37583892617449666,0.33643973310985026
IFOREST,sms,pr,0.749665327978581,0.3760913364674278,0.33651397761266527
IFOREST,sms,pr,0.749665327978581,0.3763440860215054,0.33688372019646123
IFOREST,sms,pr,0.749665327978581,0.3765971755211836,0.3369008965359709
IFOREST,sms,pr,0.749665327978581,0.3768506056527591,0.33690708274411746
IFOREST,sms,pr,0.749665327978581,0.3771043771043771,0.33693131664172765
IFOREST,sms,pr,0.749665327978581,0.37735849056603776,0.33708092010856233
IFOREST,sms,pr,0.749665327978581,0.37761294672960216,0.33720866497539764
IFOREST,sms,pr,0.7483266398929049,0.37719298245614036,0.3377201259124106
IFOREST,sms,pr,0.7483266398929049,0.37744767049291017,0.3380813568060247
IFOREST,sms,pr,0.7483266398929049,0.3777027027027027,0.33818557798570514
IFOREST,sms,pr,0.7483266398929049,0.3779580797836376,0.33840874184197123
IFOREST,sms,pr,0.7483266398929049,0.37821380243572394,0.33849239059001984
IFOREST,sms,pr,0.7483266398929049,0.3784698713608666,0.3386531206281962
IFOREST,sms,pr,0.7483266398929049,0.3787262872628726,0.33870846400874155
IFOREST,sms,pr,0.7483266398929049,0.37898305084745765,0.3387104203732872
IFOREST,sms,pr,0.7483266398929049,0.37924016282225237,0.33887352664341036
IFOREST,sms,pr,0.7483266398929049,0.37949762389680924,0.33899414028544955
IFOREST,sms,pr,0.7483266398929049,0.38001359619306596,0.33912373464153206
IFOREST,sms,pr,0.7483266398929049,0.3802721088435374,0.339213721395114
IFOREST,sms,pr,0.7483266398929049,0.3805309734513274,0.3394971825647487
IFOREST,sms,pr,0.7483266398929049,0.3807901907356948,0.3396066560726738
IFOREST,sms,pr,0.7469879518072289,0.3803680981595092,0.3398129306349019
IFOREST,sms,pr,0.7469879518072289,0.3806275579809004,0.3398643422323623
IFOREST,sms,pr,0.7469879518072289,0.38088737201365186,0.34024229221914076
IFOREST,sms,pr,0.7469879518072289,0.38114754098360654,0.34038044727309036
IFOREST,sms,pr,0.7469879518072289,0.3814080656185919,0.34039668077214214
IFOREST,sms,pr,0.7469879518072289,0.3816689466484268,0.3405993399704757
IFOREST,sms,pr,0.7469879518072289,0.38193018480492813,0.3406070081754868
IFOREST,sms,pr,0.7456492637215528,0.3815068493150685,0.34072232918843554
IFOREST,sms,pr,0.7456492637215528,0.3820301783264746,0.3407672477523595
IFOREST,sms,pr,0.7456492637215528,0.3822923816060398,0.3408421062088402
IFOREST,sms,pr,0.7456492637215528,0.38255494505494503,0.34107437930168155
IFOREST,sms,pr,0.7456492637215528,0.3828178694158076,0.34118582380857276
IFOREST,sms,pr,0.7456492637215528,0.38308115543328747,0.34197803815500427
IFOREST,sms,pr,0.7456492637215528,0.383344803854095,0.34232216354267747
IFOREST,sms,pr,0.7456492637215528,0.38360881542699726,0.3424004560431567
IFOREST,sms,pr,0.7402945113788487,0.3819060773480663,0.34255293128420045
IFOREST,sms,pr,0.7402945113788487,0.38217000691085,0.3426772377026579
IFOREST,sms,pr,0.7402945113788487,0.3824343015214384,0.34269966941802926
IFOREST,sms,pr,0.7402945113788487,0.38269896193771624,0.34310549143799957
IFOREST,sms,pr,0.7402945113788487,0.3829639889196676,0.3431347170402268
IFOREST,sms,pr,0.7402945113788487,0.3832293832293832,0.3432525632975682
IFOREST,sms,pr,0.7402945113788487,0.38349514563106796,0.34329137714854185
IFOREST,sms,pr,0.7402945113788487,0.3837612768910479,0.3435153487948022
IFOREST,sms,pr,0.7402945113788487,0.3842946490618485,0.3435662031614567
IFOREST,sms,pr,0.7402945113788487,0.3850974930362117,0.34393576715055546
IFOREST,sms,pr,0.7402945113788487,0.3853658536585366,0.34394856678276997
IFOREST,sms,pr,0.7402945113788487,0.38563458856345884,0.3439949290986849
IFOREST,sms,pr,0.7402945113788487,0.3859036985345429,0.344018025243777
IFOREST,sms,pr,0.7402945113788487,0.3861731843575419,0.34406452190443476
IFOREST,sms,pr,0.7376171352074966,0.3853146853146853,0.34424992502494794
IFOREST,sms,pr,0.7376171352074966,0.38558432470258924,0.34446115711398195
IFOREST,sms,pr,0.7376171352074966,0.3858543417366947,0.3446679182833333
IFOREST,sms,pr,0.7362784471218207,0.3854239663629993,0.3452601751358275
IFOREST,sms,pr,0.7362784471218207,0.3856942496493689,0.34534172071154656
IFOREST,sms,pr,0.7362784471218207,0.38596491228070173,0.3454554381267859
IFOREST,sms,pr,0.7362784471218207,0.3862359550561798,0.3455009782805242
IFOREST,sms,pr,0.7362784471218207,0.3865073787772312,0.34562081743573675
IFOREST,sms,pr,0.7362784471218207,0.38677918424753865,0.3456226397500145
IFOREST,sms,pr,0.7349397590361446,0.386347642505278,0.345692071009846
IFOREST,sms,pr,0.7349397590361446,0.38661971830985914,0.34571316504568783
IFOREST,sms,pr,0.7349397590361446,0.386892177589852,0.3458358614678557
IFOREST,sms,pr,0.7349397590361446,0.38716502115655854,0.34586794416239264
IFOREST,sms,pr,0.7336010709504686,0.38673253352152437,0.3459569033717133
IFOREST,sms,pr,0.7336010709504686,0.3870056497175141,0.34599094637852
IFOREST,sms,pr,0.7322623828647925,0.38657243816254416,0.3460460367468564
IFOREST,sms,pr,0.7322623828647925,0.3868458274398868,0.34647019225563624
IFOREST,sms,pr,0.7322623828647925,0.3871196036801132,0.34652592466918897
IFOREST,sms,pr,0.7322623828647925,0.3873937677053824,0.3468968765437546
IFOREST,sms,pr,0.7322623828647925,0.3876683203401843,0.346925700986377
IFOREST,sms,pr,0.7322623828647925,0.3879432624113475,0.34698962025567104
IFOREST,sms,pr,0.7309236947791165,0.3875088715400994,0.3471785391114341
IFOREST,sms,pr,0.7309236947791165,0.3877840909090909,0.34731357457862394
IFOREST,sms,pr,0.7309236947791165,0.3880597014925373,0.3475836476089388
IFOREST,sms,pr,0.7309236947791165,0.3883357041251778,0.34786273653901884
IFOREST,sms,pr,0.7309236947791165,0.38861209964412813,0.34792075339441403
IFOREST,sms,pr,0.7309236947791165,0.3888888888888889,0.3480133557212895
IFOREST,sms,pr,0.7309236947791165,0.3891660727013542,0.34806697897142125
IFOREST,sms,pr,0.7295850066934404,0.38873038516405134,0.3481543829337841
IFOREST,sms,pr,0.7295850066934404,0.38900785153461814,0.3487370897060786
IFOREST,sms,pr,0.7295850066934404,0.3892857142857143,0.34885616240565537
IFOREST,sms,pr,0.7295850066934404,0.3895639742673338,0.34891247201622244
IFOREST,sms,pr,0.7295850066934404,0.3898426323319027,0.3489209835297107
IFOREST,sms,pr,0.7295850066934404,0.39012168933428776,0.3491343337951201
IFOREST,sms,pr,0.7282463186077643,0.38968481375358166,0.3492307217043786
IFOREST,sms,pr,0.7282463186077643,0.3899641577060932,0.34927980659351326
IFOREST,sms,pr,0.7282463186077643,0.3902439024390244,0.3497134037649264
IFOREST,sms,pr,0.7282463186077643,0.3905240488155061,0.349856942870927
IFOREST,sms,pr,0.7282463186077643,0.39080459770114945,0.35037701072969973
IFOREST,sms,pr,0.7282463186077643,0.39108554996405465,0.3505322160407767
IFOREST,sms,pr,0.7269076305220884,0.3906474820143885,0.35058408841656347
IFOREST,sms,pr,0.7269076305220884,0.39092872570194387,0.3506349654981899
IFOREST,sms,pr,0.7269076305220884,0.39121037463976943,0.35118359298805735
IFOREST,sms,pr,0.7269076305220884,0.39149242970439796,0.3512804772020702
IFOREST,sms,pr,0.7255689424364123,0.39105339105339104,0.3515531322836061
IFOREST,sms,pr,0.7255689424364123,0.3913357400722022,0.3517244162681934
IFOREST,sms,pr,0.7242302543507363,0.3908959537572254,0.35177529267622076
IFOREST,sms,pr,0.7242302543507363,0.39117859725235,0.3519957460621105
IFOREST,sms,pr,0.7242302543507363,0.3914616497829233,0.35209785140305255
IFOREST,sms,pr,0.7242302543507363,0.39202898550724635,0.35217719622376886
IFOREST,sms,pr,0.7242302543507363,0.39231327048585934,0.35227226857985566
IFOREST,sms,pr,0.7242302543507363,0.3925979680696662,0.35229236056086494
IFOREST,sms,pr,0.7242302543507363,0.39288307915758897,0.3522938200675423
IFOREST,sms,pr,0.7242302543507363,0.39316860465116277,0.35230062441516924
IFOREST,sms,pr,0.7242302543507363,0.39345454545454545,0.3524885965877136
IFOREST,sms,pr,0.7215528781793842,0.39257101238164605,0.3526339632684941
IFOREST,sms,pr,0.7215528781793842,0.39285714285714285,0.35273240129718525
IFOREST,sms,pr,0.7215528781793842,0.39314369073668853,0.35275159112123555
IFOREST,sms,pr,0.7215528781793842,0.39343065693430657,0.3530711916041334
IFOREST,sms,pr,0.7215528781793842,0.393718042366691,0.3533548802285954
IFOREST,sms,pr,0.7215528781793842,0.39400584795321636,0.3533620871280165
IFOREST,sms,pr,0.7215528781793842,0.39429407461594734,0.3537569551415391
IFOREST,sms,pr,0.7215528781793842,0.3945827232796486,0.35387070597378045
IFOREST,sms,pr,0.7215528781793842,0.39487179487179486,0.35395575743428304
IFOREST,sms,pr,0.7188755020080321,0.39398385913426265,0.35406977733946937
IFOREST,sms,pr,0.7188755020080321,0.394273127753304,0.35413652620940683
IFOREST,sms,pr,0.7188755020080321,0.39456282145481264,0.35417254400227577
IFOREST,sms,pr,0.7188755020080321,0.3948529411764706,0.3541837771946867
IFOREST,sms,pr,0.7188755020080321,0.39514348785871967,0.35424292742904184
IFOREST,sms,pr,0.7188755020080321,0.3954344624447717,0.3542814627569358
IFOREST,sms,pr,0.7188755020080321,0.39572586588061903,0.3543026315771487
IFOREST,sms,pr,0.7188755020080321,0.39601769911504425,0.35432351612272783
IFOREST,sms,pr,0.7188755020080321,0.396309963099631,0.3544790465465862
IFOREST,sms,pr,0.7188755020080321,0.396602658788774,0.3545646331873181
IFOREST,sms,pr,0.7175368139223561,0.3961566888396157,0.3546408340400272
IFOREST,sms,pr,0.7175368139223561,0.39644970414201186,0.35472266997346286
IFOREST,sms,pr,0.7175368139223561,0.39674315321983716,0.35486104708368754
IFOREST,sms,pr,0.7175368139223561,0.397037037037037,0.35488337867857445
IFOREST,sms,pr,0.7175368139223561,0.3973313565604151,0.35490671955078795
IFOREST,sms,pr,0.7175368139223561,0.39762611275964393,0.3550857876518822
IFOREST,sms,pr,0.7175368139223561,0.3979213066072754,0.3551246651123985
IFOREST,sms,pr,0.7175368139223561,0.39821693907875183,0.35525580249733923
IFOREST,sms,pr,0.7175368139223561,0.39851301115241633,0.35555212833523464
IFOREST,sms,pr,0.7175368139223561,0.39880952380952384,0.3556691036951734
IFOREST,sms,pr,0.7175368139223561,0.3991064780342517,0.3557446007387702
IFOREST,sms,pr,0.7175368139223561,0.39940387481371087,0.35640513594766826
IFOREST,sms,pr,0.7175368139223561,0.39970171513795677,0.3565972875560889
IFOREST,sms,pr,0.7161981258366801,0.39925373134328357,0.35692260138579734
IFOREST,sms,pr,0.7161981258366801,0.39955190440627336,0.3570118543378137
IFOREST,sms,pr,0.7161981258366801,0.39985052316890884,0.3570662125858908
IFOREST,sms,pr,0.714859437751004,0.3994016454749439,0.3573794820663302
IFOREST,sms,pr,0.714859437751004,0.3997005988023952,0.35742193848924997
IFOREST,sms,pr,0.714859437751004,0.4,0.357594716292934
IFOREST,sms,pr,0.714859437751004,0.4002998500749625,0.35775453115714767
IFOREST,sms,pr,0.714859437751004,0.4006001500375094,0.3579190895321841
IFOREST,sms,pr,0.714859437751004,0.4009009009009009,0.35802642590345335
IFOREST,sms,pr,0.714859437751004,0.40120210368144255,0.3581850358963415
IFOREST,sms,pr,0.7121820615796519,0.400300978179082,0.3582577213931285
IFOREST,sms,pr,0.7121820615796519,0.4006024096385542,0.35838018400202887
IFOREST,sms,pr,0.7121820615796519,0.400904295403165,0.3584116882304997
IFOREST,sms,pr,0.7108433734939759,0.4004524886877828,0.3584429721756994
IFOREST,sms,pr,0.7108433734939759,0.4007547169811321,0.35844769727162823
IFOREST,sms,pr,0.7108433734939759,0.40105740181268884,0.3587399362500632
IFOREST,sms,pr,0.7108433734939759,0.4013605442176871,0.35883920971336675
IFOREST,sms,pr,0.7108433734939759,0.4016641452344932,0.35918933506970574
IFOREST,sms,pr,0.7108433734939759,0.40196820590461774,0.35931785279492456
IFOREST,sms,pr,0.7108433734939759,0.4022727272727273,0.359340661239866
IFOREST,sms,pr,0.7108433734939759,0.4025777103866566,0.35936575662751774
IFOREST,sms,pr,0.7108433734939759,0.40288315629742033,0.35940483154694597
IFOREST,sms,pr,0.7108433734939759,0.4031890660592255,0.35952422798528455
IFOREST,sms,pr,0.7108433734939759,0.4034954407294833,0.3598746086141311
IFOREST,sms,pr,0.7108433734939759,0.4038022813688213,0.35993027896546864
IFOREST,sms,pr,0.7108433734939759,0.4044173648134044,0.36000098427253047
IFOREST,sms,pr,0.7108433734939759,0.40472560975609756,0.3600037659724268
IFOREST,sms,pr,0.7108433734939759,0.40503432494279173,0.360195265086727
IFOREST,sms,pr,0.7108433734939759,0.40534351145038167,0.36025164275907556
IFOREST,sms,pr,0.7108433734939759,0.40565317035905274,0.36034472512038
IFOREST,sms,pr,0.7108433734939759,0.4059633027522936,0.3607088640714546
IFOREST,sms,pr,0.7108433734939759,0.40627390971690897,0.3607194285167704
IFOREST,sms,pr,0.7108433734939759,0.4068965517241379,0.3607363217219526
IFOREST,sms,pr,0.7108433734939759,0.4072085889570552,0.36074034343737504
IFOREST,sms,pr,0.7108433734939759,0.40752110514198003,0.36154899003817814
IFOREST,sms,pr,0.7108433734939759,0.4078341013824885,0.36177812203146514
IFOREST,sms,pr,0.7108433734939759,0.4081475787855496,0.3618474791212051
IFOREST,sms,pr,0.7108433734939759,0.4084615384615385,0.3619270790184921
IFOREST,sms,pr,0.7108433734939759,0.40877598152424943,0.3623741055334225
IFOREST,sms,pr,0.7108433734939759,0.4090909090909091,0.3624936808807031
IFOREST,sms,pr,0.7108433734939759,0.40940632228218965,0.36261453227180174
IFOREST,sms,pr,0.7108433734939759,0.4097222222222222,0.3629054166708167
IFOREST,sms,pr,0.7108433734939759,0.41003861003861003,0.3629522071576914
IFOREST,sms,pr,0.7108433734939759,0.41035548686244205,0.36300953015589044
IFOREST,sms,pr,0.7108433734939759,0.41067285382830626,0.3630750014931645
IFOREST,sms,pr,0.7108433734939759,0.41099071207430343,0.3631065274871831
IFOREST,sms,pr,0.7108433734939759,0.4113090627420604,0.36362349571778435
IFOREST,sms,pr,0.7108433734939759,0.4116279069767442,0.36376302668516036
IFOREST,sms,pr,0.7108433734939759,0.41194724592707527,0.3638346315951675
IFOREST,sms,pr,0.7108433734939759,0.41226708074534163,0.36482370621500276
IFOREST,sms,pr,0.7095046854082999,0.41181041181041184,0.36484694529151523
IFOREST,sms,pr,0.7095046854082999,0.4121306376360809,0.36484703192336143
IFOREST,sms,pr,0.7095046854082999,0.41245136186770426,0.364869467741379
IFOREST,sms,pr,0.7095046854082999,0.4127725856697819,0.36589998599120277
IFOREST,sms,pr,0.7095046854082999,0.4130943102104443,0.3660269207434517
IFOREST,sms,pr,0.7095046854082999,0.4143862392494136,0.3660846955997772
IFOREST,sms,pr,0.7081659973226239,0.4139280125195618,0.36637961078183157
IFOREST,sms,pr,0.7068273092369478,0.413469068128426,0.36642170536730695
IFOREST,sms,pr,0.7054886211512718,0.41300940438871475,0.3664895657714599
IFOREST,sms,pr,0.7054886211512718,0.41333333333333333,0.366670164393492
IFOREST,sms,pr,0.7054886211512718,0.41365777080062793,0.36673595575641366
IFOREST,sms,pr,0.7054886211512718,0.4139827179890024,0.3667631326003959
IFOREST,sms,pr,0.7054886211512718,0.4143081761006289,0.366813114025513
IFOREST,sms,pr,0.7054886211512718,0.4146341463414634,0.3669941114540036
IFOREST,sms,pr,0.7054886211512718,0.4149606299212598,0.3670034054551092
IFOREST,sms,pr,0.7054886211512718,0.4152876280535855,0.36720808479386324
IFOREST,sms,pr,0.7054886211512718,0.415615141955836,0.3672305941285925
IFOREST,sms,pr,0.7054886211512718,0.4159431728492502,0.3673433688675635
IFOREST,sms,pr,0.7054886211512718,0.41627172195892576,0.3673500492046348
IFOREST,sms,pr,0.7054886211512718,0.416600790513834,0.36738572406513353
IFOREST,sms,pr,0.7054886211512718,0.41693037974683544,0.3675107535658256
IFOREST,sms,pr,0.7054886211512718,0.4172604908946952,0.3675277217729784
IFOREST,sms,pr,0.7054886211512718,0.41759112519809827,0.3678535551406223
IFOREST,sms,pr,0.7054886211512718,0.41792228390166536,0.36804258904604636
IFOREST,sms,pr,0.7054886211512718,0.41825396825396827,0.36806400167300635
IFOREST,sms,pr,0.7054886211512718,0.4185861795075457,0.36814599763910033
IFOREST,sms,pr,0.7054886211512718,0.4189189189189189,0.36890184935380543
IFOREST,sms,pr,0.7054886211512718,0.4192521877486078,0.3689696295734874
IFOREST,sms,pr,0.7054886211512718,0.4195859872611465,0.36897873170529394
IFOREST,sms,pr,0.7054886211512718,0.4199203187250996,0.36919446115540727
IFOREST,sms,pr,0.7054886211512718,0.42025518341307816,0.3692504317238719
IFOREST,sms,pr,0.7054886211512718,0.4205905826017558,0.3692748713098075
IFOREST,sms,pr,0.7054886211512718,0.420926517571885,0.36935446301884345
IFOREST,sms,pr,0.7054886211512718,0.4212629896083134,0.3695337367292482
IFOREST,sms,pr,0.7054886211512718,0.42193755004003203,0.3696504314379244
IFOREST,sms,pr,0.7041499330655957,0.421474358974359,0.3696996391731145
IFOREST,sms,pr,0.7028112449799196,0.4210104250200481,0.3698343799443619
IFOREST,sms,pr,0.7028112449799196,0.42134831460674155,0.3698620257642729
IFOREST,sms,pr,0.7028112449799196,0.42168674698795183,0.3699608128571811
IFOREST,sms,pr,0.7028112449799196,0.4220257234726688,0.3700962359228178
IFOREST,sms,pr,0.7028112449799196,0.42304593070104757,0.37023911036541696
IFOREST,sms,pr,0.7028112449799196,0.42338709677419356,0.37061404076316495
IFOREST,sms,pr,0.7014725568942436,0.42292171105730425,0.3706983615778211
IFOREST,sms,pr,0.7014725568942436,0.423605497170574,0.37076419232579205
IFOREST,sms,pr,0.7001338688085676,0.4231391585760518,0.37091365016167155
IFOREST,sms,pr,0.6987951807228916,0.42267206477732794,0.3713006980436065
IFOREST,sms,pr,0.6987951807228916,0.42301458670988656,0.371339544199078
IFOREST,sms,pr,0.6987951807228916,0.4233576642335766,0.3714261895663064
IFOREST,sms,pr,0.6987951807228916,0.4237012987012987,0.37149886820531747
IFOREST,sms,pr,0.6961178045515395,0.42276422764227645,0.37152234759269104
IFOREST,sms,pr,0.6961178045515395,0.4231082180634662,0.37154444708417544
IFOREST,sms,pr,0.6961178045515395,0.4234527687296417,0.37157129393157123
IFOREST,sms,pr,0.6961178045515395,0.42379788101059496,0.3716564709595349
IFOREST,sms,pr,0.6961178045515395,0.42414355628058725,0.3721015045399364
IFOREST,sms,pr,0.6961178045515395,0.42448979591836733,0.3721501289547884
IFOREST,sms,pr,0.6961178045515395,0.42483660130718953,0.37218378768314236
IFOREST,sms,pr,0.6961178045515395,0.42518397383483236,0.3724055816194695
IFOREST,sms,pr,0.6961178045515395,0.425531914893617,0.37254190906410417
IFOREST,sms,pr,0.6961178045515395,0.4258804258804259,0.3726528480724349
IFOREST,sms,pr,0.6961178045515395,0.4262295081967213,0.3730049344716842
IFOREST,sms,pr,0.6961178045515395,0.4265791632485644,0.3730188341186965
IFOREST,sms,pr,0.6961178045515395,0.4269293924466338,0.3731020592726412
IFOREST,sms,pr,0.6961178045515395,0.4272801972062449,0.37317026051759256
IFOREST,sms,pr,0.6961178045515395,0.4276315789473684,0.3731862710190672
IFOREST,sms,pr,0.6961178045515395,0.4279835390946502,0.373237507348615
IFOREST,sms,pr,0.6961178045515395,0.42833607907743,0.37342898376313094
IFOREST,sms,pr,0.6961178045515395,0.42868920032976093,0.37355781551680384
IFOREST,sms,pr,0.6961178045515395,0.429042904290429,0.37394716812251866
IFOREST,sms,pr,0.6961178045515395,0.42939719240297275,0.37423620223199006
IFOREST,sms,pr,0.6961178045515395,0.4297520661157025,0.374266775836098
IFOREST,sms,pr,0.6961178045515395,0.43010752688172044,0.37445552691272216
IFOREST,sms,pr,0.6961178045515395,0.4304635761589404,0.3745303348782708
IFOREST,sms,pr,0.6947791164658634,0.4299917149958575,0.3745447361853513
IFOREST,sms,pr,0.6934404283801874,0.4295190713101161,0.37465325874637
IFOREST,sms,pr,0.6934404283801874,0.4298755186721992,0.37466591176398867
IFOREST,sms,pr,0.6921017402945113,0.42940199335548174,0.3747364004999333
IFOREST,sms,pr,0.6921017402945113,0.42975893599334997,0.37494487616399086
IFOREST,sms,pr,0.6921017402945113,0.4301164725457571,0.3749598364090168
IFOREST,sms,pr,0.6921017402945113,0.43047460449625313,0.37505962831279777
IFOREST,sms,pr,0.6921017402945113,0.43083333333333335,0.375426003150079
IFOREST,sms,pr,0.6921017402945113,0.43119266055045874,0.37545603394578503
IFOREST,sms,pr,0.6907630522088354,0.4307178631051753,0.3756042047292462
IFOREST,sms,pr,0.6907630522088354,0.43107769423558895,0.3758302855560575
IFOREST,sms,pr,0.6907630522088354,0.431438127090301,0.37596682112110896
IFOREST,sms,pr,0.6907630522088354,0.4321608040201005,0.37607886449672645
IFOREST,sms,pr,0.6907630522088354,0.432523051131601,0.3762877820104312
IFOREST,sms,pr,0.6907630522088354,0.43288590604026844,0.37655442587522897
IFOREST,sms,pr,0.6907630522088354,0.4332493702770781,0.37655522752747633
IFOREST,sms,pr,0.6907630522088354,0.4336134453781513,0.37696387162265094
IFOREST,sms,pr,0.6907630522088354,0.4339781328847771,0.37696781177464456
IFOREST,sms,pr,0.6907630522088354,0.43434343434343436,0.3771048642754458
IFOREST,sms,pr,0.6907630522088354,0.43470935130581295,0.37715135162115504
IFOREST,sms,pr,0.6907630522088354,0.4350758853288364,0.3771659775417688
IFOREST,sms,pr,0.6894243641231593,0.4345991561181435,0.37735737160200705
IFOREST,sms,pr,0.6894243641231593,0.43496621621621623,0.3775120781626947
IFOREST,sms,pr,0.6894243641231593,0.4353338968723584,0.3776175821489289
IFOREST,sms,pr,0.6894243641231593,0.4357021996615905,0.3776589847826357
IFOREST,sms,pr,0.6894243641231593,0.4360711261642676,0.3777738429102733
IFOREST,sms,pr,0.6894243641231593,0.4371816638370119,0.3777800361734178
IFOREST,sms,pr,0.6894243641231593,0.43755310110450296,0.3781104622498935
IFOREST,sms,pr,0.6894243641231593,0.4379251700680272,0.3782891960176656
IFOREST,sms,pr,0.6894243641231593,0.43829787234042555,0.3783054872059044
IFOREST,sms,pr,0.6894243641231593,0.4386712095400341,0.37838925553902925
IFOREST,sms,pr,0.6894243641231593,0.4390451832907076,0.3786144594682393
IFOREST,sms,pr,0.6894243641231593,0.439419795221843,0.3787406704227122
IFOREST,sms,pr,0.6894243641231593,0.43979504696840305,0.3794170080941818
IFOREST,sms,pr,0.6894243641231593,0.44017094017094016,0.37997992423634924
IFOREST,sms,pr,0.6894243641231593,0.4405474764756202,0.38008178877727244
IFOREST,sms,pr,0.6894243641231593,0.4409246575342466,0.3801949293173082
IFOREST,sms,pr,0.6894243641231593,0.4413024850042845,0.3805281254534901
IFOREST,sms,pr,0.6894243641231593,0.44168096054888506,0.38057774234269853
IFOREST,sms,pr,0.6894243641231593,0.44206008583690987,0.3808127520691151
IFOREST,sms,pr,0.6894243641231593,0.4424398625429553,0.38083082636819404
IFOREST,sms,pr,0.6854082998661312,0.4409991386735573,0.38097296602433134
IFOREST,sms,pr,0.6854082998661312,0.4413793103448276,0.3811000488053777
IFOREST,sms,pr,0.6854082998661312,0.44176013805004316,0.381545372579401
IFOREST,sms,pr,0.6854082998661312,0.4421416234887737,0.381560828127744
IFOREST,sms,pr,0.6854082998661312,0.442523768366465,0.3822178605436681
IFOREST,sms,pr,0.6854082998661312,0.4429065743944637,0.3822960749966029
IFOREST,sms,pr,0.6840696117804551,0.44242424242424244,0.38279038913223196
IFOREST,sms,pr,0.6840696117804551,0.44280762564991333,0.3828822919156437
IFOREST,sms,pr,0.6840696117804551,0.44319167389418906,0.38289492522220764
IFOREST,sms,pr,0.6840696117804551,0.4435763888888889,0.3829096507890048
IFOREST,sms,pr,0.6813922356091031,0.4426086956521739,0.38298217680981206
IFOREST,sms,pr,0.6813922356091031,0.44299390774586594,0.38329853316141343
IFOREST,sms,pr,0.6813922356091031,0.44337979094076657,0.3837451619934422
IFOREST,sms,pr,0.6813922356091031,0.44376634699215345,0.38391254171603517
IFOREST,sms,pr,0.6813922356091031,0.44415357766143104,0.38445130352912127
IFOREST,sms,pr,0.6813922356091031,0.44454148471615723,0.3845747497078273
IFOREST,sms,pr,0.6813922356091031,0.44493006993006995,0.3845986975871028
IFOREST,sms,pr,0.6813922356091031,0.4453193350831146,0.38460989263538775
IFOREST,sms,pr,0.6813922356091031,0.4457092819614711,0.3846558125162052
IFOREST,sms,pr,0.6813922356091031,0.44609991235758106,0.3849069583282446
IFOREST,sms,pr,0.6813922356091031,0.44649122807017544,0.385102389570278
IFOREST,sms,pr,0.6813922356091031,0.44688323090430204,0.3852556255862854
IFOREST,sms,pr,0.6813922356091031,0.44727592267135324,0.38567842904543237
IFOREST,sms,pr,0.6800535475234271,0.4467897977132806,0.3857294579882417
IFOREST,sms,pr,0.678714859437751,0.44630281690140844,0.3858146797051723
IFOREST,sms,pr,0.678714859437751,0.44669603524229073,0.3861626920722451
IFOREST,sms,pr,0.678714859437751,0.4470899470899471,0.38629530285549946
IFOREST,sms,pr,0.677376171352075,0.44660194174757284,0.38641361758809134
IFOREST,sms,pr,0.677376171352075,0.4469964664310954,0.38647096551822163
IFOREST,sms,pr,0.677376171352075,0.4473916887709991,0.3868516964435077
IFOREST,sms,pr,0.677376171352075,0.44778761061946903,0.3869090520688855
IFOREST,sms,pr,0.677376171352075,0.4481842338352524,0.3870375510806519
IFOREST,sms,pr,0.677376171352075,0.44858156028368795,0.3870875100764661
IFOREST,sms,pr,0.677376171352075,0.4489795918367347,0.38717921829554874
IFOREST,sms,pr,0.6760374832663989,0.44849023090586143,0.3873017191934591
IFOREST,sms,pr,0.6760374832663989,0.4488888888888889,0.38747967176687054
IFOREST,sms,pr,0.6760374832663989,0.44928825622775803,0.3875388405156443
IFOREST,sms,pr,0.6760374832663989,0.44968833481745324,0.387637060108675
IFOREST,sms,pr,0.6760374832663989,0.4500891265597148,0.3885333410510997
IFOREST,sms,pr,0.6760374832663989,0.45089285714285715,0.38871249681271236
IFOREST,sms,pr,0.6746987951807228,0.450402144772118,0.3887735861877319
IFOREST,sms,pr,0.6733601070950469,0.44991055456171736,0.38887119694567673
IFOREST,sms,pr,0.6733601070950469,0.450313339301701,0.38897389847668357
IFOREST,sms,pr,0.6733601070950469,0.4507168458781362,0.3892153815294494
IFOREST,sms,pr,0.6733601070950469,0.45112107623318387,0.3893079542801694
IFOREST,sms,pr,0.6733601070950469,0.45152603231597843,0.3893100708721169
IFOREST,sms,pr,0.6720214190093708,0.45103324348607365,0.3894990160163699
IFOREST,sms,pr,0.6720214190093708,0.45184518451845185,0.389588211386285
IFOREST,sms,pr,0.6720214190093708,0.45225225225225224,0.3898824185845847
IFOREST,sms,pr,0.6720214190093708,0.4526600541027953,0.39013779358361
IFOREST,sms,pr,0.6720214190093708,0.45306859205776173,0.39025247864556195
IFOREST,sms,pr,0.6720214190093708,0.45347786811201446,0.3903314964446648
IFOREST,sms,pr,0.6720214190093708,0.4538878842676311,0.3903624540925378
IFOREST,sms,pr,0.6720214190093708,0.45429864253393665,0.39037607597677454
IFOREST,sms,pr,0.6720214190093708,0.45471014492753625,0.390484796854138
IFOREST,sms,pr,0.6720214190093708,0.4551223934723481,0.3905517503998067
IFOREST,sms,pr,0.6706827309236948,0.45462794918330307,0.39113231394951425
IFOREST,sms,pr,0.6693440428380187,0.45413260672116257,0.3911970784830354
IFOREST,sms,pr,0.6693440428380187,0.45454545454545453,0.3913642652729372
IFOREST,sms,pr,0.6693440428380187,0.45578851412944393,0.39145862942646553
IFOREST,sms,pr,0.6693440428380187,0.4562043795620438,0.39163822087311345
IFOREST,sms,pr,0.6693440428380187,0.45662100456621,0.39199752447555053
IFOREST,sms,pr,0.6693440428380187,0.4570383912248629,0.3924534588546133
IFOREST,sms,pr,0.6693440428380187,0.45745654162854527,0.3928374602241609
IFOREST,sms,pr,0.6693440428380187,0.45787545787545786,0.3930444622630472
IFOREST,sms,pr,0.6693440428380187,0.458295142071494,0.3931017199657001
IFOREST,sms,pr,0.6693440428380187,0.45871559633027525,0.3934059895444531
IFOREST,sms,pr,0.6693440428380187,0.4591368227731864,0.39351699807576707
IFOREST,sms,pr,0.6693440428380187,0.45955882352941174,0.3941404049849803
IFOREST,sms,pr,0.6693440428380187,0.45998160073597055,0.3946699377141117
IFOREST,sms,pr,0.6693440428380187,0.4604051565377532,0.3947128276292532
IFOREST,sms,pr,0.6693440428380187,0.4608294930875576,0.39552751497436783
IFOREST,sms,pr,0.6693440428380187,0.4612546125461255,0.3958334436143998
IFOREST,sms,pr,0.6693440428380187,0.4616805170821791,0.39593933958038036
IFOREST,sms,pr,0.6693440428380187,0.46210720887245843,0.395995415365555
IFOREST,sms,pr,0.6693440428380187,0.46253469010175763,0.39617787995926773
IFOREST,sms,pr,0.6693440428380187,0.46296296296296297,0.39618211361504907
IFOREST,sms,pr,0.6680053547523427,0.46246524559777574,0.3962751927481908
IFOREST,sms,pr,0.6666666666666666,0.4619666048237477,0.3965131623400152
IFOREST,sms,pr,0.6666666666666666,0.4623955431754875,0.39654707554515345
IFOREST,sms,pr,0.6666666666666666,0.46325581395348836,0.3967376001542768
IFOREST,sms,pr,0.6666666666666666,0.46455223880597013,0.39679510101914306
IFOREST,sms,pr,0.6666666666666666,0.4649859943977591,0.3968641144285713
IFOREST,sms,pr,0.6666666666666666,0.4654205607476635,0.39752363502597415
IFOREST,sms,pr,0.6653279785809906,0.46492048643592143,0.3975506457591535
IFOREST,sms,pr,0.6653279785809906,0.4653558052434457,0.39782959292469394
IFOREST,sms,pr,0.6653279785809906,0.46579194001874413,0.39819964578233186
IFOREST,sms,pr,0.6639892904953146,0.4652908067542214,0.3982360071233439
IFOREST,sms,pr,0.6639892904953146,0.46572769953051646,0.3983624341818274
IFOREST,sms,pr,0.6639892904953146,0.46616541353383456,0.39854768557212045
IFOREST,sms,pr,0.6639892904953146,0.4666039510818438,0.3986766944482904
IFOREST,sms,pr,0.6639892904953146,0.4670433145009416,0.39881015345820825
IFOREST,sms,pr,0.6639892904953146,0.46748350612629597,0.39905754161042284
IFOREST,sms,pr,0.6639892904953146,0.4679245283018868,0.3992436656658486
IFOREST,sms,pr,0.6639892904953146,0.4683663833805477,0.39935130416750864
IFOREST,sms,pr,0.6639892904953146,0.46880907372400754,0.3997278328018189
IFOREST,sms,pr,0.6639892904953146,0.4692526017029328,0.3999774357906177
IFOREST,sms,pr,0.6639892904953146,0.4696969696969697,0.40030814653804353
IFOREST,sms,pr,0.6639892904953146,0.47014218009478675,0.4007455418167362
IFOREST,sms,pr,0.6639892904953146,0.47058823529411764,0.4008484670030277
IFOREST,sms,pr,0.6639892904953146,0.4710351377018044,0.40084965779603177
IFOREST,sms,pr,0.6639892904953146,0.4714828897338403,0.40088956880905713
IFOREST,sms,pr,0.6639892904953146,0.4719314938154139,0.40093142635996576
IFOREST,sms,pr,0.6626506024096386,0.4714285714285714,0.40095888096268817
IFOREST,sms,pr,0.6626506024096386,0.4718779790276454,0.4012913381396492
IFOREST,sms,pr,0.6626506024096386,0.4723282442748092,0.4017000254978014
IFOREST,sms,pr,0.6626506024096386,0.47277936962750716,0.4019224071390091
IFOREST,sms,pr,0.6626506024096386,0.4732313575525813,0.4024948937618594
IFOREST,sms,pr,0.6613119143239625,0.4727272727272727,0.4028331453953183
IFOREST,sms,pr,0.6613119143239625,0.473633748801534,0.40283641353157074
IFOREST,sms,pr,0.6613119143239625,0.4740882917466411,0.40301981860275127
IFOREST,sms,pr,0.6613119143239625,0.4745437079731028,0.4034917100624307
IFOREST,sms,pr,0.6613119143239625,0.475,0.4036692470949101
IFOREST,sms,pr,0.6613119143239625,0.4754571703561116,0.40373689015746533
IFOREST,sms,pr,0.6613119143239625,0.47591522157996147,0.4037942969647901
IFOREST,sms,pr,0.6613119143239625,0.476374156219865,0.4039464180896598
IFOREST,sms,pr,0.6613119143239625,0.4768339768339768,0.404010866984517
IFOREST,sms,pr,0.6586345381526104,0.4758220502901354,0.40412017420508073
IFOREST,sms,pr,0.6586345381526104,0.4762826718296225,0.4041983612736713
IFOREST,sms,pr,0.6586345381526104,0.47674418604651164,0.40439100527520017
IFOREST,sms,pr,0.6586345381526104,0.4772065955383123,0.4047783731792429
IFOREST,sms,pr,0.6572958500669344,0.4766990291262136,0.4049366876411427
IFOREST,sms,pr,0.6572958500669344,0.4771622934888241,0.4050688985071032
IFOREST,sms,pr,0.6572958500669344,0.47855750487329435,0.40508793595099063
IFOREST,sms,pr,0.6572958500669344,0.4790243902439024,0.40530587137417384
IFOREST,sms,pr,0.6559571619812584,0.478515625,0.40550584144491686
IFOREST,sms,pr,0.6559571619812584,0.4789833822091887,0.4056566937417795
IFOREST,sms,pr,0.6559571619812584,0.4794520547945205,0.40569051718220067
IFOREST,sms,pr,0.6559571619812584,0.47992164544564153,0.4057274727940701
IFOREST,sms,pr,0.6559571619812584,0.4803921568627451,0.4057448741365737
IFOREST,sms,pr,0.6559571619812584,0.48086359175662413,0.40615529812604556
IFOREST,sms,pr,0.6532797858099063,0.47984267453294,0.4062493295000277
IFOREST,sms,pr,0.6532797858099063,0.48031496062992124,0.40672225850729954
IFOREST,sms,pr,0.6532797858099063,0.4807881773399015,0.4069402871250178
IFOREST,sms,pr,0.6532797858099063,0.4812623274161736,0.4070083800538029
IFOREST,sms,pr,0.6532797858099063,0.4817374136229023,0.40713426363558736
IFOREST,sms,pr,0.6532797858099063,0.48221343873517786,0.40714983595080934
IFOREST,sms,pr,0.6532797858099063,0.4826904055390702,0.4074372530062507
IFOREST,sms,pr,0.6532797858099063,0.4836471754212091,0.407763882415623
IFOREST,sms,pr,0.6532797858099063,0.48412698412698413,0.4078327955716818
IFOREST,sms,pr,0.6532797858099063,0.4846077457795432,0.4080051025988811
IFOREST,sms,pr,0.6532797858099063,0.4850894632206759,0.40812026435396725
IFOREST,sms,pr,0.6519410977242303,0.4845771144278607,0.40826917348282665
IFOREST,sms,pr,0.6519410977242303,0.4850597609561753,0.4084954339915779
IFOREST,sms,pr,0.6519410977242303,0.48554336989032904,0.4086204194494947
IFOREST,sms,pr,0.6519410977242303,0.48602794411177647,0.40896645787457303
IFOREST,sms,pr,0.6519410977242303,0.4865134865134865,0.40935010848466524
IFOREST,sms,pr,0.6506024096385542,0.486,0.4094035639677877
IFOREST,sms,pr,0.6492637215528781,0.4854854854854855,0.4096468071926284
IFOREST,sms,pr,0.6479250334672021,0.4849699398797595,0.40972135415483485
IFOREST,sms,pr,0.6479250334672021,0.485456369107322,0.40976472252375185
IFOREST,sms,pr,0.6479250334672021,0.4859437751004016,0.40993324693130284
IFOREST,sms,pr,0.6479250334672021,0.4864321608040201,0.40997127738281736
IFOREST,sms,pr,0.6479250334672021,0.4869215291750503,0.4099910326701808
IFOREST,sms,pr,0.6465863453815262,0.486404833836858,0.4101360408218492
IFOREST,sms,pr,0.6465863453815262,0.48689516129032256,0.4101468890965647
IFOREST,sms,pr,0.6465863453815262,0.4873864783047427,0.41045037089569025
IFOREST,sms,pr,0.6465863453815262,0.48787878787878786,0.410521085420067
IFOREST,sms,pr,0.6465863453815262,0.4883720930232558,0.41061147286721783
IFOREST,sms,pr,0.6465863453815262,0.4888663967611336,0.4107981100050133
IFOREST,sms,pr,0.6465863453815262,0.48936170212765956,0.4108003189232698
IFOREST,sms,pr,0.6465863453815262,0.4898580121703854,0.41083344663791
IFOREST,sms,pr,0.6465863453815262,0.4903553299492386,0.41123127579578583
IFOREST,sms,pr,0.6465863453815262,0.49085365853658536,0.41135309370815676
IFOREST,sms,pr,0.6465863453815262,0.491353001017294,0.41135440457204
IFOREST,sms,pr,0.6465863453815262,0.49185336048879835,0.41147109256748554
IFOREST,sms,pr,0.6465863453815262,0.4923547400611621,0.4116641322088455
IFOREST,sms,pr,0.6465863453815262,0.4928571428571429,0.41183907766385686
IFOREST,sms,pr,0.6452476572958501,0.4923391215526047,0.41206884895892965
IFOREST,sms,pr,0.642570281124498,0.49129989764585463,0.4122784128417389
IFOREST,sms,pr,0.642570281124498,0.4918032786885246,0.41228973854634515
IFOREST,sms,pr,0.642570281124498,0.49230769230769234,0.4124219858714892
IFOREST,sms,pr,0.6398929049531459,0.49126413155190135,0.41246129784237806
IFOREST,sms,pr,0.6398929049531459,0.49176954732510286,0.4124616030486977
IFOREST,sms,pr,0.6398929049531459,0.4922760041194645,0.41250894509206776
IFOREST,sms,pr,0.6385542168674698,0.4917525773195876,0.4125525635130385
IFOREST,sms,pr,0.6385542168674698,0.49226006191950467,0.41283354167409014
IFOREST,sms,pr,0.6372155287817939,0.49173553719008267,0.41286452265286794
IFOREST,sms,pr,0.6372155287817939,0.4922440537745605,0.41310696225501464
IFOREST,sms,pr,0.6372155287817939,0.4927536231884058,0.41358930968055385
IFOREST,sms,pr,0.6372155287817939,0.49326424870466323,0.41400444829896954
IFOREST,sms,pr,0.6372155287817939,0.49377593360995853,0.4141172515733937
IFOREST,sms,pr,0.6372155287817939,0.49428868120456904,0.41479995837964434
IFOREST,sms,pr,0.6358768406961178,0.49376299376299376,0.414895496448485
IFOREST,sms,pr,0.6358768406961178,0.49427679500520294,0.4148961996074216
IFOREST,sms,pr,0.6358768406961178,0.4947916666666667,0.41507822989966425
IFOREST,sms,pr,0.6358768406961178,0.49530761209593327,0.41554514180926444
IFOREST,sms,pr,0.6358768406961178,0.49582463465553234,0.4156658863085048
IFOREST,sms,pr,0.6358768406961178,0.49634273772204807,0.415783426562473
IFOREST,sms,pr,0.6358768406961178,0.49686192468619245,0.4159451640299427
IFOREST,sms,pr,0.6358768406961178,0.4973821989528796,0.41597556271867997
IFOREST,sms,pr,0.6331994645247657,0.4963273871983211,0.41598493035973405
IFOREST,sms,pr,0.6331994645247657,0.49684873949579833,0.41602298412447947
IFOREST,sms,pr,0.6331994645247657,0.49737118822292326,0.41607409471425133
IFOREST,sms,pr,0.6331994645247657,0.4978947368421053,0.41613459398252356
IFOREST,sms,pr,0.6318607764390897,0.49736564805057953,0.41633848830619635
IFOREST,sms,pr,0.6318607764390897,0.4978902953586498,0.41672578406338273
IFOREST,sms,pr,0.6318607764390897,0.498416050686378,0.4167691828938237
IFOREST,sms,pr,0.6318607764390897,0.4989429175475687,0.417015341753877
IFOREST,sms,pr,0.6318607764390897,0.49947089947089945,0.4170892410011468
IFOREST,sms,pr,0.6318607764390897,0.5005302226935313,0.4171643976985275
IFOREST,sms,pr,0.6318607764390897,0.5010615711252654,0.4181528799304373
IFOREST,sms,pr,0.6318607764390897,0.5015940488841658,0.41822655013198623
IFOREST,sms,pr,0.6305220883534136,0.5010638297872341,0.418429821535281
IFOREST,sms,pr,0.6305220883534136,0.5015974440894568,0.4185479305146029
IFOREST,sms,pr,0.6305220883534136,0.502132196162047,0.4189209545100549
IFOREST,sms,pr,0.6305220883534136,0.5026680896478122,0.41901905115946186
IFOREST,sms,pr,0.6305220883534136,0.5032051282051282,0.4191215873722985
IFOREST,sms,pr,0.6305220883534136,0.5037433155080214,0.41932875613770765
IFOREST,sms,pr,0.6291834002677377,0.5032119914346895,0.41951453720494614
IFOREST,sms,pr,0.6278447121820616,0.5026795284030011,0.4195466306495204
IFOREST,sms,pr,0.6278447121820616,0.5032188841201717,0.4198003743738694
IFOREST,sms,pr,0.6278447121820616,0.5037593984962406,0.4198115810747538
IFOREST,sms,pr,0.6278447121820616,0.5043010752688172,0.4198142394587797
IFOREST,sms,pr,0.6278447121820616,0.5048439181916039,0.4199466197847844
IFOREST,sms,pr,0.6265060240963856,0.5043103448275862,0.4201086411320804
IFOREST,sms,pr,0.6265060240963856,0.5048543689320388,0.42036762527960275
IFOREST,sms,pr,0.6265060240963856,0.505945945945946,0.4204640327264637
IFOREST,sms,pr,0.6251673360107095,0.5054112554112554,0.4206818953176384
IFOREST,sms,pr,0.6251673360107095,0.5059588299024919,0.42128471310397697
IFOREST,sms,pr,0.6251673360107095,0.5065075921908894,0.42135241817656177
IFOREST,sms,pr,0.6251673360107095,0.507057546145494,0.4214465806699954
IFOREST,sms,pr,0.6251673360107095,0.5076086956521739,0.42218953686292243
IFOREST,sms,pr,0.6251673360107095,0.5081610446137106,0.42229012054507514
IFOREST,sms,pr,0.6251673360107095,0.5087145969498911,0.42251495557044366
IFOREST,sms,pr,0.6251673360107095,0.5092693565976009,0.4227169025516232
IFOREST,sms,pr,0.6251673360107095,0.509825327510917,0.4230283017246128
IFOREST,sms,pr,0.6238286479250335,0.5092896174863388,0.4231783937826232
IFOREST,sms,pr,0.6238286479250335,0.5098468271334792,0.42392479982688847
IFOREST,sms,pr,0.6238286479250335,0.516629711751663,0.4239772862298022
IFOREST,sms,pr,0.6238286479250335,0.5172031076581576,0.42419072752372516
IFOREST,sms,pr,0.6238286479250335,0.5177777777777778,0.42461356235556674
IFOREST,sms,pr,0.6238286479250335,0.5183537263626251,0.4246967484264096
IFOREST,sms,pr,0.6238286479250335,0.5195094760312151,0.42505112414649876
IFOREST,sms,pr,0.6238286479250335,0.5200892857142857,0.4253904031386884
IFOREST,sms,pr,0.6238286479250335,0.5206703910614525,0.4258109648762939
IFOREST,sms,pr,0.6224899598393574,0.5201342281879194,0.42679272108648997
IFOREST,sms,pr,0.6211512717536813,0.5195968645016797,0.4269258256048716
IFOREST,sms,pr,0.6211512717536813,0.5213483146067416,0.4269478116504097
IFOREST,sms,pr,0.6211512717536813,0.5219347581552306,0.4281849140998205
IFOREST,sms,pr,0.6211512717536813,0.5225225225225225,0.428189679767134
IFOREST,sms,pr,0.6211512717536813,0.5231116121758738,0.428399758476323
IFOREST,sms,pr,0.6211512717536813,0.5237020316027088,0.42844471632085823
IFOREST,sms,pr,0.6211512717536813,0.5242937853107345,0.42860286559236055
IFOREST,sms,pr,0.6211512717536813,0.5248868778280543,0.4286733057485593
IFOREST,sms,pr,0.6211512717536813,0.5254813137032842,0.4286919186924133
IFOREST,sms,pr,0.6211512717536813,0.5260770975056689,0.4288362321185369
IFOREST,sms,pr,0.6211512717536813,0.5266742338251986,0.42883979294077307
IFOREST,sms,pr,0.6211512717536813,0.5272727272727272,0.4288783969423785
IFOREST,sms,pr,0.6198125836680054,0.5267349260523322,0.42917198228805414
IFOREST,sms,pr,0.6198125836680054,0.5273348519362187,0.4293216770063908
IFOREST,sms,pr,0.6198125836680054,0.5279361459521095,0.4297046510874416
IFOREST,sms,pr,0.6198125836680054,0.5285388127853882,0.43053969754308746
IFOREST,sms,pr,0.6198125836680054,0.5291428571428571,0.43057470721269264
IFOREST,sms,pr,0.6198125836680054,0.5297482837528604,0.43063820092606164
IFOREST,sms,pr,0.6198125836680054,0.5303550973654066,0.43064921400652484
IFOREST,sms,pr,0.6198125836680054,0.5309633027522935,0.4309182106718703
IFOREST,sms,pr,0.6198125836680054,0.5315729047072331,0.4310160684165779
IFOREST,sms,pr,0.6198125836680054,0.532183908045977,0.43119214374918113
IFOREST,sms,pr,0.6171352074966533,0.5311059907834101,0.43125588473703924
IFOREST,sms,pr,0.6171352074966533,0.5317185697808535,0.43137743136686196
IFOREST,sms,pr,0.6171352074966533,0.5323325635103926,0.43148441156517986
IFOREST,sms,pr,0.6157965194109772,0.5317919075144508,0.43203040519551367
IFOREST,sms,pr,0.6157965194109772,0.5324074074074074,0.43215953472870916
IFOREST,sms,pr,0.6117804551539491,0.5307781649245064,0.43276014790818934
IFOREST,sms,pr,0.6104417670682731,0.5302325581395348,0.43298576072955425
IFOREST,sms,pr,0.6104417670682731,0.5308498253783469,0.4331047971306159
IFOREST,sms,pr,0.6091030789825971,0.5303030303030303,0.43315852396941695
IFOREST,sms,pr,0.607764390896921,0.5297549591598599,0.4334646686523204
IFOREST,sms,pr,0.606425702811245,0.5292056074766355,0.4335577415466196
IFOREST,sms,pr,0.6037483266398929,0.5281030444964872,0.4336967474827227
IFOREST,sms,pr,0.6037483266398929,0.5287221570926143,0.4338522378920288
IFOREST,sms,pr,0.6037483266398929,0.5293427230046949,0.4340398845741671
IFOREST,sms,pr,0.6037483266398929,0.5299647473560517,0.43526591983222684
IFOREST,sms,pr,0.6037483266398929,0.5305882352941177,0.4356782369128146
IFOREST,sms,pr,0.6037483266398929,0.5312131919905771,0.4359147388918333
IFOREST,sms,pr,0.6037483266398929,0.5318396226415094,0.43712313271502623
IFOREST,sms,pr,0.6037483266398929,0.5324675324675324,0.4373414501564909
IFOREST,sms,pr,0.6037483266398929,0.533096926713948,0.43736599236053425
IFOREST,sms,pr,0.6037483266398929,0.5337278106508876,0.4374570297625086
IFOREST,sms,pr,0.6037483266398929,0.5343601895734598,0.43756531554355965
IFOREST,sms,pr,0.6037483266398929,0.534994068801898,0.43769237058930943
IFOREST,sms,pr,0.6037483266398929,0.5356294536817102,0.43800227335928105
IFOREST,sms,pr,0.6037483266398929,0.5362663495838288,0.4382240769870548
IFOREST,sms,pr,0.6037483266398929,0.5369047619047619,0.4389222277910023
IFOREST,sms,pr,0.6037483266398929,0.5381861575178998,0.43923570205075174
IFOREST,sms,pr,0.6037483266398929,0.5388291517323776,0.43949017898851067
IFOREST,sms,pr,0.6037483266398929,0.5394736842105263,0.4395569153075799
IFOREST,sms,pr,0.6037483266398929,0.5401197604790419,0.439740082542595
IFOREST,sms,pr,0.6037483266398929,0.5407673860911271,0.43976221788582986
IFOREST,sms,pr,0.6037483266398929,0.5414165666266506,0.4404449270381877
IFOREST,sms,pr,0.6037483266398929,0.542719614921781,0.44053335948566175
IFOREST,sms,pr,0.6037483266398929,0.5433734939759036,0.4405663119428967
IFOREST,sms,pr,0.6037483266398929,0.5440289505428226,0.44068600593638646
IFOREST,sms,pr,0.6037483266398929,0.5446859903381642,0.4409926221579201
IFOREST,sms,pr,0.6037483266398929,0.5453446191051995,0.4413024605426041
IFOREST,sms,pr,0.6037483266398929,0.5460048426150121,0.44148944981023536
IFOREST,sms,pr,0.6024096385542169,0.5454545454545454,0.4416263503335299
IFOREST,sms,pr,0.6024096385542169,0.5461165048543689,0.4417427462578852
IFOREST,sms,pr,0.6024096385542169,0.5467800729040098,0.44176886787219855
IFOREST,sms,pr,0.6024096385542169,0.5474452554744526,0.44198418006069673
IFOREST,sms,pr,0.6010709504685409,0.5468940316686967,0.44223437900556717
IFOREST,sms,pr,0.5983935742971888,0.5457875457875457,0.4423669937467345
IFOREST,sms,pr,0.5970548862115127,0.5452322738386308,0.4423857129790677
IFOREST,sms,pr,0.5970548862115127,0.5458996328029376,0.4425046116753038
IFOREST,sms,pr,0.5970548862115127,0.5465686274509803,0.44267127224159464
IFOREST,sms,pr,0.5970548862115127,0.5472392638036809,0.443052926764329
IFOREST,sms,pr,0.5970548862115127,0.547911547911548,0.4430987827571853
IFOREST,sms,pr,0.5970548862115127,0.5485854858548586,0.4432440154224785
IFOREST,sms,pr,0.5970548862115127,0.5492610837438424,0.4433460001373872
IFOREST,sms,pr,0.5970548862115127,0.5499383477188656,0.44413458675020606
IFOREST,sms,pr,0.5970548862115127,0.5506172839506173,0.44455215137973036
IFOREST,sms,pr,0.5970548862115127,0.5526641883519207,0.44466606452532187
IFOREST,sms,pr,0.5970548862115127,0.5533498759305211,0.44467261769221345
IFOREST,sms,pr,0.5970548862115127,0.5540372670807453,0.44494844840480363
IFOREST,sms,pr,0.5970548862115127,0.554726368159204,0.44496599738522674
IFOREST,sms,pr,0.5943775100401606,0.5536159600997507,0.4452598407062064
IFOREST,sms,pr,0.5917001338688086,0.5525,0.4454529298214927
IFOREST,sms,pr,0.5903614457831325,0.5519399249061326,0.4456008525745271
IFOREST,sms,pr,0.5890227576974565,0.5513784461152882,0.44574045268518414
IFOREST,sms,pr,0.5863453815261044,0.550251256281407,0.44641962814845243
IFOREST,sms,pr,0.5863453815261044,0.5509433962264151,0.44651260219372896
IFOREST,sms,pr,0.5863453815261044,0.5516372795969773,0.44669581534905145
IFOREST,sms,pr,0.5863453815261044,0.5523329129886507,0.44701612045907857
IFOREST,sms,pr,0.5863453815261044,0.553030303030303,0.44815417005729125
IFOREST,sms,pr,0.5863453815261044,0.5537294563843237,0.4481879891037628
IFOREST,sms,pr,0.5850066934404283,0.5531645569620253,0.44842121357987513
IFOREST,sms,pr,0.5850066934404283,0.5538656527249683,0.4484260378214054
IFOREST,sms,pr,0.5850066934404283,0.5545685279187818,0.4484562368201543
IFOREST,sms,pr,0.5836680053547524,0.554002541296061,0.448470954652818
IFOREST,sms,pr,0.5823293172690763,0.5534351145038168,0.4485149174239546
IFOREST,sms,pr,0.5823293172690763,0.554140127388535,0.44867441845881945
IFOREST,sms,pr,0.5809906291834003,0.5535714285714286,0.4491005650242697
IFOREST,sms,pr,0.5809906291834003,0.5542784163473818,0.44934377409713566
IFOREST,sms,pr,0.5809906291834003,0.5549872122762148,0.4493767568697752
IFOREST,sms,pr,0.5809906291834003,0.5556978233034571,0.4495761529493248
IFOREST,sms,pr,0.5809906291834003,0.5571245186136072,0.4496156976816484
IFOREST,sms,pr,0.5809906291834003,0.5578406169665809,0.4497338801698783
IFOREST,sms,pr,0.5796519410977242,0.5572715572715573,0.45042610681651735
IFOREST,sms,pr,0.5796519410977242,0.5579896907216495,0.4504580799062481
IFOREST,sms,pr,0.5796519410977242,0.5587096774193548,0.4511460420680962
IFOREST,sms,pr,0.5756358768406962,0.5569948186528497,0.45120385506801464
IFOREST,sms,pr,0.5756358768406962,0.5577172503242542,0.45135308017638076
IFOREST,sms,pr,0.5756358768406962,0.5584415584415584,0.45148439688360276
IFOREST,sms,pr,0.5756358768406962,0.5598958333333334,0.4527435146164066
IFOREST,sms,pr,0.5756358768406962,0.5613577023498695,0.45344952923090165
IFOREST,sms,pr,0.5756358768406962,0.5620915032679739,0.45360392121710535
IFOREST,sms,pr,0.5756358768406962,0.56282722513089,0.45380771329102937
IFOREST,sms,pr,0.5756358768406962,0.563564875491481,0.4539749609945082
IFOREST,sms,pr,0.5742971887550201,0.562992125984252,0.45430699851951084
IFOREST,sms,pr,0.5729585006693441,0.5624178712220762,0.4546539280287584
IFOREST,sms,pr,0.571619812583668,0.5618421052631579,0.45469232979020935
IFOREST,sms,pr,0.571619812583668,0.5625823451910409,0.45479296430709076
IFOREST,sms,pr,0.571619812583668,0.5633245382585752,0.4551489611827452
IFOREST,sms,pr,0.571619812583668,0.5640686922060766,0.4553793239446249
IFOREST,sms,pr,0.571619812583668,0.5648148148148148,0.455817878384343
IFOREST,sms,pr,0.5689424364123159,0.5636604774535809,0.4560187799669275
IFOREST,sms,pr,0.5689424364123159,0.5644090305444888,0.4561672140902476
IFOREST,sms,pr,0.5676037483266398,0.5638297872340425,0.45638331722817216
IFOREST,sms,pr,0.5676037483266398,0.5645805592543276,0.4564417308688947
IFOREST,sms,pr,0.5676037483266398,0.5653333333333334,0.45704014601248744
IFOREST,sms,pr,0.5676037483266398,0.5660881174899867,0.4575537825832079
IFOREST,sms,pr,0.5676037483266398,0.5668449197860963,0.45758800010939216
IFOREST,sms,pr,0.5676037483266398,0.5676037483266398,0.4581676559706491
IFOREST,sms,pr,0.5649263721552878,0.5664429530201343,0.4583504412056953
IFOREST,sms,pr,0.5649263721552878,0.5672043010752689,0.4588459712716846
IFOREST,sms,pr,0.5635876840696118,0.566621803499327,0.4592973787714832
IFOREST,sms,pr,0.5635876840696118,0.5673854447439353,0.45934689234761755
IFOREST,sms,pr,0.5622489959839357,0.5668016194331984,0.4594019071577195
IFOREST,sms,pr,0.5528781793842035,0.5626702997275205,0.46000913339732014
IFOREST,sms,pr,0.5528781793842035,0.5634379263301501,0.46030864573466007
IFOREST,sms,pr,0.5528781793842035,0.5642076502732241,0.46049318616315493
IFOREST,sms,pr,0.5515394912985274,0.5636114911080712,0.4605907626848175
IFOREST,sms,pr,0.5515394912985274,0.5643835616438356,0.46080231180633635
IFOREST,sms,pr,0.5515394912985274,0.5651577503429356,0.460820831586862
IFOREST,sms,pr,0.5515394912985274,0.5659340659340659,0.46125252449250786
IFOREST,sms,pr,0.5502008032128514,0.5653370013755158,0.461602771165137
IFOREST,sms,pr,0.5488621151271754,0.5647382920110193,0.46170276464038684
IFOREST,sms,pr,0.5488621151271754,0.5655172413793104,0.4617175780892861
IFOREST,sms,pr,0.5488621151271754,0.5686546463245492,0.46203978534865736
IFOREST,sms,pr,0.5488621151271754,0.5694444444444444,0.4621197990096629
IFOREST,sms,pr,0.5488621151271754,0.5702364394993046,0.46248460221222315
IFOREST,sms,pr,0.5475234270414994,0.5696378830083565,0.46256740274822883
IFOREST,sms,pr,0.5475234270414994,0.5704323570432357,0.46270208004857266
IFOREST,sms,pr,0.5461847389558233,0.5698324022346368,0.4627709717806381
IFOREST,sms,pr,0.5461847389558233,0.5706293706293706,0.46292167279395363
IFOREST,sms,pr,0.5461847389558233,0.5714285714285714,0.46343040100699096
IFOREST,sms,pr,0.5461847389558233,0.5722300140252454,0.4634326888723675
IFOREST,sms,pr,0.5461847389558233,0.5730337078651685,0.46349496924381156
IFOREST,sms,pr,0.5461847389558233,0.5746478873239437,0.46356253834833516
IFOREST,sms,pr,0.5461847389558233,0.5754583921015515,0.4636474976368278
IFOREST,sms,pr,0.5435073627844712,0.5742574257425742,0.46378044058389756
IFOREST,sms,pr,0.5435073627844712,0.5750708215297451,0.4638467822185391
IFOREST,sms,pr,0.5435073627844712,0.5758865248226951,0.4643912952152565
IFOREST,sms,pr,0.5435073627844712,0.5767045454545454,0.46505756752063065
IFOREST,sms,pr,0.5435073627844712,0.577524893314367,0.4652314803459825
IFOREST,sms,pr,0.5435073627844712,0.5783475783475783,0.465444309903008
IFOREST,sms,pr,0.5435073627844712,0.579172610556348,0.46570353877452997
IFOREST,sms,pr,0.5421686746987951,0.5785714285714286,0.4658944564032241
IFOREST,sms,pr,0.5381526104417671,0.5767575322812052,0.4661242989317668
IFOREST,sms,pr,0.536813922356091,0.5761494252873564,0.4661757326784489
IFOREST,sms,pr,0.536813922356091,0.576978417266187,0.46619654887506407
IFOREST,sms,pr,0.535475234270415,0.5763688760806917,0.46694227647079467
IFOREST,sms,pr,0.5341365461847389,0.5757575757575758,0.466959272698481
IFOREST,sms,pr,0.5341365461847389,0.5765895953757225,0.46710449853547387
IFOREST,sms,pr,0.5341365461847389,0.5774240231548481,0.46732576335682213
IFOREST,sms,pr,0.5327978580990629,0.5768115942028985,0.4673317702358737
IFOREST,sms,pr,0.5327978580990629,0.5776487663280117,0.4680111448077868
IFOREST,sms,pr,0.5301204819277109,0.5764192139737991,0.4683338615226868
IFOREST,sms,pr,0.5287817938420348,0.575801749271137,0.4684967505050496
IFOREST,sms,pr,0.5287817938420348,0.5766423357664233,0.4689525495528853
IFOREST,sms,pr,0.5287817938420348,0.577485380116959,0.4690341218650337
IFOREST,sms,pr,0.5287817938420348,0.5783308931185944,0.4690868187455662
IFOREST,sms,pr,0.5287817938420348,0.5791788856304986,0.46998385946527765
IFOREST,sms,pr,0.5274431057563588,0.57856093979442,0.47002973547660737
IFOREST,sms,pr,0.5261044176706827,0.5779411764705882,0.47025548539499956
IFOREST,sms,pr,0.5261044176706827,0.5787923416789397,0.4709728123176871
IFOREST,sms,pr,0.5247657295850067,0.5781710914454278,0.47119270494815835
IFOREST,sms,pr,0.5247657295850067,0.5790251107828656,0.47129162636930233
IFOREST,sms,pr,0.5247657295850067,0.5798816568047337,0.4713556908734994
IFOREST,sms,pr,0.5234270414993306,0.5792592592592593,0.47238790297599503
IFOREST,sms,pr,0.5234270414993306,0.5801186943620178,0.4730617907063189
IFOREST,sms,pr,0.5220883534136547,0.5794947994056464,0.4731750313575779
IFOREST,sms,pr,0.5220883534136547,0.5803571428571429,0.473292893377361
IFOREST,sms,pr,0.5220883534136547,0.5812220566318927,0.473868865817961
IFOREST,sms,pr,0.5220883534136547,0.582089552238806,0.4744215075160871
IFOREST,sms,pr,0.5220883534136547,0.5829596412556054,0.4746990779350261
IFOREST,sms,pr,0.5220883534136547,0.5838323353293413,0.4748654427544584
IFOREST,sms,pr,0.5220883534136547,0.5847076461769115,0.47518483311634285
IFOREST,sms,pr,0.5220883534136547,0.5855855855855856,0.47521705757069554
IFOREST,sms,pr,0.5194109772423026,0.5843373493975904,0.4755411541741316
IFOREST,sms,pr,0.5194109772423026,0.5852187028657617,0.4758844928180596
IFOREST,sms,pr,0.5194109772423026,0.5861027190332326,0.47612021227153084
IFOREST,sms,pr,0.5194109772423026,0.5869894099848714,0.4761312758748739
IFOREST,sms,pr,0.5194109772423026,0.5896656534954408,0.4764498602787364
IFOREST,sms,pr,0.5194109772423026,0.5905631659056316,0.4770191537091757
IFOREST,sms,pr,0.5194109772423026,0.5914634146341463,0.47764024922521503
IFOREST,sms,pr,0.5180722891566265,0.5908396946564886,0.47785686484778483
IFOREST,sms,pr,0.5167336010709505,0.5902140672782875,0.4779477298251669
IFOREST,sms,pr,0.5167336010709505,0.5911179173047473,0.47839618210790746
IFOREST,sms,pr,0.5167336010709505,0.5920245398773006,0.47877734120875737
IFOREST,sms,pr,0.5167336010709505,0.5929339477726574,0.4789013002552574
IFOREST,sms,pr,0.5167336010709505,0.5938461538461538,0.4789792933204256
IFOREST,sms,pr,0.5167336010709505,0.5975232198142415,0.4797948954485055
IFOREST,sms,pr,0.5167336010709505,0.5984496124031008,0.48001087053499497
IFOREST,sms,pr,0.5153949129852744,0.5978260869565217,0.48108522109514673
IFOREST,sms,pr,0.5153949129852744,0.5996884735202492,0.48119398949336234
IFOREST,sms,pr,0.5153949129852744,0.6006240249609984,0.48128058208902436
IFOREST,sms,pr,0.5140562248995983,0.6,0.4813638439346928
IFOREST,sms,pr,0.5127175368139224,0.5993740219092332,0.48177381897782273
IFOREST,sms,pr,0.5127175368139224,0.6003134796238244,0.4832203759515721
IFOREST,sms,pr,0.5060240963855421,0.5971563981042654,0.4837453129266056
IFOREST,sms,pr,0.5060240963855421,0.5981012658227848,0.4845978892063655
IFOREST,sms,pr,0.5046854082998661,0.5974643423137876,0.484953511616902
IFOREST,sms,pr,0.5046854082998661,0.5984126984126984,0.48512612584597686
IFOREST,sms,pr,0.5046854082998661,0.5993640699523053,0.4863239505720824
IFOREST,sms,pr,0.5020080321285141,0.5980861244019139,0.4866767566373215
IFOREST,sms,pr,0.5020080321285141,0.5990415335463258,0.48683827049820383
IFOREST,sms,pr,0.5020080321285141,0.6,0.4869748398800947
IFOREST,sms,pr,0.5020080321285141,0.6009615384615384,0.4869931869736844
IFOREST,sms,pr,0.5020080321285141,0.6038647342995169,0.48767600891590956
IFOREST,sms,pr,0.499330655957162,0.6025848142164781,0.4879328565020034
IFOREST,sms,pr,0.499330655957162,0.6035598705501618,0.48814157801527713
IFOREST,sms,pr,0.4966532797858099,0.6022727272727273,0.48864149290893905
IFOREST,sms,pr,0.4966532797858099,0.6032520325203252,0.48879612928714594
IFOREST,sms,pr,0.4939759036144578,0.601957585644372,0.4888040108305042
IFOREST,sms,pr,0.4926372155287818,0.6013071895424836,0.4888243378908135
IFOREST,sms,pr,0.4926372155287818,0.602291325695581,0.48914107866634676
IFOREST,sms,pr,0.4926372155287818,0.6032786885245902,0.4894133669095311
IFOREST,sms,pr,0.4926372155287818,0.6042692939244664,0.4899903338314909
IFOREST,sms,pr,0.4899598393574297,0.6029654036243822,0.4900200261205625
IFOREST,sms,pr,0.4899598393574297,0.6039603960396039,0.4902430184517156
IFOREST,sms,pr,0.4886211512717537,0.6033057851239669,0.4905425527158466
IFOREST,sms,pr,0.4886211512717537,0.6043046357615894,0.49081152885432233
IFOREST,sms,pr,0.4886211512717537,0.6053067993366501,0.4910563605552816
IFOREST,sms,pr,0.4886211512717537,0.606312292358804,0.4911802038991121
IFOREST,sms,pr,0.4886211512717537,0.6073211314475874,0.4913194647051862
IFOREST,sms,pr,0.4886211512717537,0.6083333333333333,0.49147017886073907
IFOREST,sms,pr,0.4886211512717537,0.6093489148580968,0.4916987081284685
IFOREST,sms,pr,0.48728246318607765,0.6086956521739131,0.4918022444826813
IFOREST,sms,pr,0.48326639892904955,0.6067226890756302,0.49202647189268145
IFOREST,sms,pr,0.48326639892904955,0.6077441077441077,0.49241476437567044
IFOREST,sms,pr,0.4819277108433735,0.6070826306913997,0.49256724452419737
IFOREST,sms,pr,0.48058902275769744,0.606418918918919,0.4926908703112546
IFOREST,sms,pr,0.48058902275769744,0.6074450084602369,0.4931527399316578
IFOREST,sms,pr,0.48058902275769744,0.6084745762711864,0.49377731472132075
IFOREST,sms,pr,0.48058902275769744,0.6095076400679117,0.4944757315750418
IFOREST,sms,pr,0.47925033467202144,0.608843537414966,0.49506429146948455
IFOREST,sms,pr,0.4779116465863454,0.6081771720613288,0.49538536788934645
IFOREST,sms,pr,0.4779116465863454,0.6092150170648464,0.49546865874578533
IFOREST,sms,pr,0.47523427041499333,0.6078767123287672,0.4958706500756933
IFOREST,sms,pr,0.4725568942436412,0.6065292096219931,0.49627829243499005
IFOREST,sms,pr,0.46987951807228917,0.6051724137931035,0.49658522011597384
IFOREST,sms,pr,0.46987951807228917,0.6072664359861591,0.49673492984145784
IFOREST,sms,pr,0.46987951807228917,0.608318890814558,0.4969164272259911
IFOREST,sms,pr,0.46987951807228917,0.609375,0.49763217758548006
IFOREST,sms,pr,0.4685408299866131,0.6086956521739131,0.4980647190578801
IFOREST,sms,pr,0.4685408299866131,0.6097560975609756,0.4982121249546007
IFOREST,sms,pr,0.46586345381526106,0.6083916083916084,0.498300646915403
IFOREST,sms,pr,0.46586345381526106,0.6094570928196147,0.49865610287280215
IFOREST,sms,pr,0.46586345381526106,0.6105263157894737,0.49869064748321823
IFOREST,sms,pr,0.46586345381526106,0.6115992970123023,0.4988889558570432
IFOREST,sms,pr,0.46586345381526106,0.6126760563380281,0.4989360991021751
IFOREST,sms,pr,0.46586345381526106,0.6137566137566137,0.4998857121661459
IFOREST,sms,pr,0.46586345381526106,0.6148409893992933,0.49998163267673235
IFOREST,sms,pr,0.46318607764390896,0.6134751773049646,0.5000333161989049
IFOREST,sms,pr,0.46318607764390896,0.6145648312611013,0.500400786039947
IFOREST,sms,pr,0.46184738955823296,0.6138790035587188,0.5007087528838469
IFOREST,sms,pr,0.4605087014725569,0.6131907308377896,0.5016428830174288
IFOREST,sms,pr,0.4605087014725569,0.6142857142857143,0.5021052394566252
IFOREST,sms,pr,0.4605087014725569,0.6153846153846154,0.5024077436702102
IFOREST,sms,pr,0.4605087014725569,0.6164874551971327,0.5028412544122839
IFOREST,sms,pr,0.4605087014725569,0.6175942549371634,0.5037934826693472
IFOREST,sms,pr,0.4605087014725569,0.6187050359712231,0.5038254814113149
IFOREST,sms,pr,0.4605087014725569,0.6198198198198198,0.5048695295994694
IFOREST,sms,pr,0.4605087014725569,0.6209386281588448,0.5058269014588677
IFOREST,sms,pr,0.4578313253012048,0.6195652173913043,0.505881669377076
IFOREST,sms,pr,0.4578313253012048,0.6206896551724138,0.5059164071446106
IFOREST,sms,pr,0.4578313253012048,0.6218181818181818,0.5059968802484794
IFOREST,sms,pr,0.4578313253012048,0.6229508196721312,0.5061429705467405
IFOREST,sms,pr,0.4578313253012048,0.6240875912408759,0.5067412530945201
IFOREST,sms,pr,0.4578313253012048,0.6252285191956124,0.5068275901536963
IFOREST,sms,pr,0.4564926372155288,0.6245421245421245,0.5068756273589291
IFOREST,sms,pr,0.4564926372155288,0.6256880733944954,0.5069747306136332
IFOREST,sms,pr,0.4564926372155288,0.6268382352941176,0.5073161127472845
IFOREST,sms,pr,0.45515394912985274,0.6261510128913443,0.5074168435764292
IFOREST,sms,pr,0.45113788487282463,0.6240740740740741,0.5076433895677875
IFOREST,sms,pr,0.4497991967871486,0.6233766233766234,0.5078507806321247
IFOREST,sms,pr,0.4497991967871486,0.6245353159851301,0.5079638468967234
IFOREST,sms,pr,0.4497991967871486,0.6256983240223464,0.5080413793745017
IFOREST,sms,pr,0.4497991967871486,0.6268656716417911,0.5085116422647269
IFOREST,sms,pr,0.4497991967871486,0.6280373831775701,0.5085515048537708
IFOREST,sms,pr,0.4497991967871486,0.6292134831460674,0.5089992264710378
IFOREST,sms,pr,0.4497991967871486,0.6303939962476548,0.509182083353583
IFOREST,sms,pr,0.4497991967871486,0.631578947368421,0.5091986087495378
IFOREST,sms,pr,0.4497991967871486,0.632768361581921,0.5094295725119519
IFOREST,sms,pr,0.4497991967871486,0.6339622641509434,0.5095831399036683
IFOREST,sms,pr,0.4484605087014726,0.6332703213610587,0.5097707244732083
IFOREST,sms,pr,0.44712182061579653,0.6325757575757576,0.509898300042043
IFOREST,sms,pr,0.44712182061579653,0.6337760910815939,0.509940528298673
IFOREST,sms,pr,0.44712182061579653,0.6349809885931559,0.5102231813849636
IFOREST,sms,pr,0.4457831325301205,0.6342857142857142,0.5105869519280128
IFOREST,sms,pr,0.4457831325301205,0.6391554702495201,0.5126878705222205
IFOREST,sms,pr,0.4431057563587684,0.6377649325626205,0.5129406143166676
IFOREST,sms,pr,0.44176706827309237,0.637065637065637,0.5137307226813751
IFOREST,sms,pr,0.44176706827309237,0.6382978723404256,0.5137402537185594
IFOREST,sms,pr,0.4404283801874163,0.6375968992248062,0.5139269901569965
IFOREST,sms,pr,0.43775100401606426,0.6361867704280155,0.5145141220510236
IFOREST,sms,pr,0.4350736278447122,0.634765625,0.5152661215177547
IFOREST,sms,pr,0.4350736278447122,0.6360078277886497,0.5154516552334641
IFOREST,sms,pr,0.4350736278447122,0.6372549019607843,0.5156682566623119
IFOREST,sms,pr,0.4350736278447122,0.6385068762278978,0.5159749553894978
IFOREST,sms,pr,0.4350736278447122,0.639763779527559,0.5165449835337362
IFOREST,sms,pr,0.4323962516733601,0.6383399209486166,0.5166184447159454
IFOREST,sms,pr,0.4323962516733601,0.6396039603960396,0.516739687105956
IFOREST,sms,pr,0.4323962516733601,0.6408730158730159,0.5170969865757538
IFOREST,sms,pr,0.4323962516733601,0.6421471172962226,0.5171155770791294
IFOREST,sms,pr,0.4323962516733601,0.6434262948207171,0.5171582520333557
IFOREST,sms,pr,0.43105756358768405,0.6427145708582834,0.5173471043166148
IFOREST,sms,pr,0.43105756358768405,0.644,0.5175217040827836
IFOREST,sms,pr,0.43105756358768405,0.6452905811623246,0.5187223999494232
IFOREST,sms,pr,0.43105756358768405,0.6465863453815262,0.5191291289440974
IFOREST,sms,pr,0.43105756358768405,0.647887323943662,0.5203488111029112
IFOREST,sms,pr,0.42971887550200805,0.6471774193548387,0.5208441273048017
IFOREST,sms,pr,0.42971887550200805,0.6484848484848484,0.5226251353570007
IFOREST,sms,pr,0.42704149933065594,0.6470588235294118,0.5227345205402528
IFOREST,sms,pr,0.42704149933065594,0.6483739837398373,0.5233577737492593
IFOREST,sms,pr,0.42704149933065594,0.6536885245901639,0.5235450444953598
IFOREST,sms,pr,0.42570281124497994,0.6529774127310062,0.5236211934432818
IFOREST,sms,pr,0.42570281124497994,0.654320987654321,0.5250617216084988
IFOREST,sms,pr,0.42570281124497994,0.6556701030927835,0.5254779286871217
IFOREST,sms,pr,0.42302543507362783,0.6542443064182195,0.5259119250364833
IFOREST,sms,pr,0.42302543507362783,0.656964656964657,0.5267013510303583
IFOREST,sms,pr,0.42168674698795183,0.65625,0.5276890286720891
IFOREST,sms,pr,0.42168674698795183,0.6576200417536534,0.5279627693703853
IFOREST,sms,pr,0.42168674698795183,0.6589958158995816,0.5280857188963884
IFOREST,sms,pr,0.41767068273092367,0.6568421052631579,0.5291416677578843
IFOREST,sms,pr,0.41767068273092367,0.6582278481012658,0.5291742936063664
IFOREST,sms,pr,0.41767068273092367,0.6596194503171248,0.5292997940796835
IFOREST,sms,pr,0.41767068273092367,0.6610169491525424,0.5293240136263979
IFOREST,sms,pr,0.41767068273092367,0.6624203821656051,0.5296899928452528
IFOREST,sms,pr,0.41767068273092367,0.6638297872340425,0.5302227132784626
IFOREST,sms,pr,0.41767068273092367,0.6652452025586354,0.530918154328621
IFOREST,sms,pr,0.41365461847389556,0.6630901287553648,0.5310037081109905
IFOREST,sms,pr,0.41365461847389556,0.6645161290322581,0.5314150907633652
IFOREST,sms,pr,0.41231593038821956,0.6637931034482759,0.531899190314935
IFOREST,sms,pr,0.41231593038821956,0.6652267818574514,0.5325184457564878
IFOREST,sms,pr,0.4109772423025435,0.6645021645021645,0.5325653675189918
IFOREST,sms,pr,0.40829986613119146,0.6630434782608695,0.5332413224043129
IFOREST,sms,pr,0.4069611780455154,0.6623093681917211,0.533441245614747
IFOREST,sms,pr,0.4069611780455154,0.6637554585152838,0.5336942061805975
IFOREST,sms,pr,0.4069611780455154,0.6652078774617067,0.5341159633005063
IFOREST,sms,pr,0.40562248995983935,0.6644736842105263,0.5341364292469482
IFOREST,sms,pr,0.40562248995983935,0.6659340659340659,0.5343110453533827
IFOREST,sms,pr,0.40160642570281124,0.6637168141592921,0.5346694976268627
IFOREST,sms,pr,0.4002677376171352,0.6629711751662971,0.5350537675972188
IFOREST,sms,pr,0.4002677376171352,0.6644444444444444,0.535137291891751
IFOREST,sms,pr,0.4002677376171352,0.6659242761692651,0.5356357732712651
IFOREST,sms,pr,0.4002677376171352,0.6674107142857143,0.5364321508557983
IFOREST,sms,pr,0.4002677376171352,0.668903803131991,0.5368896299781559
IFOREST,sms,pr,0.4002677376171352,0.6704035874439462,0.5369862175003737
IFOREST,sms,pr,0.4002677376171352,0.6719101123595506,0.5371029702935479
IFOREST,sms,pr,0.3989290495314592,0.6711711711711712,0.5373280919636245
IFOREST,sms,pr,0.3989290495314592,0.672686230248307,0.5375932090089538
IFOREST,sms,pr,0.3962516733601071,0.671201814058957,0.5377283542108576
IFOREST,sms,pr,0.3962516733601071,0.6727272727272727,0.5388963330878916
IFOREST,sms,pr,0.3962516733601071,0.6742596810933941,0.5391930659650279
IFOREST,sms,pr,0.3949129852744311,0.6735159817351598,0.5409994555625205
IFOREST,sms,pr,0.3949129852744311,0.6750572082379863,0.5410590448146407
IFOREST,sms,pr,0.3949129852744311,0.676605504587156,0.541618823592646
IFOREST,sms,pr,0.39357429718875503,0.6758620689655173,0.5416698790219504
IFOREST,sms,pr,0.39357429718875503,0.6774193548387096,0.5420495487984086
IFOREST,sms,pr,0.39357429718875503,0.6789838337182448,0.5431707040286294
IFOREST,sms,pr,0.392235609103079,0.6782407407407407,0.5432450590573211
IFOREST,sms,pr,0.392235609103079,0.679814385150812,0.5437220285326102
IFOREST,sms,pr,0.392235609103079,0.6813953488372093,0.5440394443703426
IFOREST,sms,pr,0.392235609103079,0.682983682983683,0.5449473089875575
IFOREST,sms,pr,0.392235609103079,0.6845794392523364,0.5450683984471317
IFOREST,sms,pr,0.3908969210174029,0.6838407494145199,0.5456619351965163
IFOREST,sms,pr,0.3895582329317269,0.6830985915492958,0.5460274317369338
IFOREST,sms,pr,0.38821954484605087,0.6823529411764706,0.546201440952515
IFOREST,sms,pr,0.38821954484605087,0.6839622641509434,0.5467671998635613
IFOREST,sms,pr,0.38821954484605087,0.6855791962174941,0.5468365161277198
IFOREST,sms,pr,0.38821954484605087,0.6872037914691943,0.546997708533789
IFOREST,sms,pr,0.38821954484605087,0.6888361045130641,0.5472734432492434
IFOREST,sms,pr,0.38821954484605087,0.6904761904761905,0.547785412386639
IFOREST,sms,pr,0.38821954484605087,0.6921241050119332,0.5479324911547319
IFOREST,sms,pr,0.38821954484605087,0.69377990430622,0.5494158291393834
IFOREST,sms,pr,0.38821954484605087,0.6954436450839329,0.5496483155376933
IFOREST,sms,pr,0.3868808567603748,0.6947115384615384,0.5499066078525848
IFOREST,sms,pr,0.37617135207496655,0.6887254901960784,0.5499164990891362
IFOREST,sms,pr,0.37617135207496655,0.6904176904176904,0.5500920321627907
IFOREST,sms,pr,0.37617135207496655,0.6921182266009852,0.5500970767907682
IFOREST,sms,pr,0.37617135207496655,0.6938271604938272,0.550283017899244
IFOREST,sms,pr,0.37617135207496655,0.6955445544554455,0.5506077115299446
IFOREST,sms,pr,0.37617135207496655,0.6972704714640199,0.5509082707853598
IFOREST,sms,pr,0.37349397590361444,0.6957605985037406,0.551319858079933
IFOREST,sms,pr,0.37215528781793844,0.695,0.5513208757606582
IFOREST,sms,pr,0.37215528781793844,0.6967418546365914,0.5514212079993202
IFOREST,sms,pr,0.37215528781793844,0.6984924623115578,0.5516989413072998
IFOREST,sms,pr,0.37215528781793844,0.7002518891687658,0.552516268365788
IFOREST,sms,pr,0.37215528781793844,0.7037974683544304,0.552525650472528
IFOREST,sms,pr,0.3708165997322624,0.7030456852791879,0.5531531661789103
IFOREST,sms,pr,0.3708165997322624,0.7048346055979644,0.5531564573511935
IFOREST,sms,pr,0.3654618473895582,0.7017994858611826,0.5531888484881796
IFOREST,sms,pr,0.36412315930388217,0.7010309278350515,0.5549285882582594
IFOREST,sms,pr,0.3614457831325301,0.6994818652849741,0.55499226555593
IFOREST,sms,pr,0.36010709504685406,0.6987012987012987,0.5550284175431227
IFOREST,sms,pr,0.357429718875502,0.6971279373368147,0.555422654588063
IFOREST,sms,pr,0.35609103078982596,0.6963350785340314,0.5555396230495561
IFOREST,sms,pr,0.35475234270414996,0.6955380577427821,0.556237844291623
IFOREST,sms,pr,0.35475234270414996,0.6973684210526315,0.5566136004716372
IFOREST,sms,pr,0.35475234270414996,0.6992084432717678,0.5566364890285548
IFOREST,sms,pr,0.35207496653279785,0.6976127320954907,0.5574757429015986
IFOREST,sms,pr,0.35207496653279785,0.699468085106383,0.557477670538409
IFOREST,sms,pr,0.3493975903614458,0.6978609625668449,0.5583519501010621
IFOREST,sms,pr,0.34805890227576974,0.6970509383378016,0.5591195588181237
IFOREST,sms,pr,0.3467202141900937,0.696236559139785,0.5592918601415136
IFOREST,sms,pr,0.3453815261044177,0.6954177897574124,0.5611200463201017
IFOREST,sms,pr,0.3453815261044177,0.6972972972972973,0.5614562696422551
IFOREST,sms,pr,0.3453815261044177,0.6991869918699187,0.5621648642770896
IFOREST,sms,pr,0.3453815261044177,0.7010869565217391,0.5625854594993049
IFOREST,sms,pr,0.3453815261044177,0.7029972752043597,0.5630413796572786
IFOREST,sms,pr,0.3453815261044177,0.7049180327868853,0.5631061745323547
IFOREST,sms,pr,0.34404283801874164,0.7041095890410959,0.5647476743272627
IFOREST,sms,pr,0.3427041499330656,0.7032967032967034,0.5653516089124677
IFOREST,sms,pr,0.3427041499330656,0.7052341597796143,0.5655771636510626
IFOREST,sms,pr,0.3427041499330656,0.7071823204419889,0.5679089921815456
IFOREST,sms,pr,0.3413654618473896,0.7063711911357341,0.569197220925793
IFOREST,sms,pr,0.34002677376171353,0.7055555555555556,0.5693310698030399
IFOREST,sms,pr,0.3386880856760375,0.7047353760445683,0.569803956533037
IFOREST,sms,pr,0.3373493975903614,0.7039106145251397,0.5699368369440239
IFOREST,sms,pr,0.33467202141900937,0.702247191011236,0.5701224100555758
IFOREST,sms,pr,0.3333333333333333,0.7014084507042253,0.5715282390955359
IFOREST,sms,pr,0.3333333333333333,0.7033898305084746,0.5720708522311062
IFOREST,sms,pr,0.3319946452476573,0.7025495750708215,0.5735311443570895
IFOREST,sms,pr,0.3319946452476573,0.7045454545454546,0.57387409759884
IFOREST,sms,pr,0.3319946452476573,0.7065527065527065,0.574050377613648
IFOREST,sms,pr,0.33065595716198126,0.7057142857142857,0.574557795586492
IFOREST,sms,pr,0.3293172690763052,0.7048710601719198,0.5746547425049275
IFOREST,sms,pr,0.3279785809906292,0.7040229885057471,0.5754413336835213
IFOREST,sms,pr,0.32663989290495316,0.7031700288184438,0.5763396906598458
IFOREST,sms,pr,0.32262382864792505,0.7005813953488372,0.5767664454690766
IFOREST,sms,pr,0.32262382864792505,0.7026239067055393,0.577305349900718
IFOREST,sms,pr,0.31994645247657294,0.7008797653958945,0.577441674454053
IFOREST,sms,pr,0.31994645247657294,0.7029411764705882,0.5777555040881432
IFOREST,sms,pr,0.31994645247657294,0.7050147492625368,0.5783095441022253
IFOREST,sms,pr,0.31860776439089694,0.7041420118343196,0.5786530295309864
IFOREST,sms,pr,0.31459170013386883,0.7014925373134329,0.5787725684096499
IFOREST,sms,pr,0.3132530120481928,0.7005988023952096,0.5789511984035872
IFOREST,sms,pr,0.3132530120481928,0.7027027027027027,0.5796699894958929
IFOREST,sms,pr,0.3119143239625167,0.7018072289156626,0.5799023804057478
IFOREST,sms,pr,0.31057563587684067,0.7009063444108762,0.5800751112419563
IFOREST,sms,pr,0.3092369477911647,0.7,0.5806872734288926
IFOREST,sms,pr,0.3092369477911647,0.7021276595744681,0.58128092306194
IFOREST,sms,pr,0.3092369477911647,0.7042682926829268,0.5818287816198304
IFOREST,sms,pr,0.3092369477911647,0.7064220183486238,0.5818443002412347
IFOREST,sms,pr,0.3078982597054886,0.7055214723926381,0.5824706608399223
IFOREST,sms,pr,0.30655957161981257,0.7046153846153846,0.5829709619903912
IFOREST,sms,pr,0.3038821954484605,0.7027863777089783,0.5830951498039635
IFOREST,sms,pr,0.30254350736278446,0.7018633540372671,0.5833239044298595
IFOREST,sms,pr,0.30254350736278446,0.7040498442367601,0.5834367462741626
IFOREST,sms,pr,0.30254350736278446,0.70625,0.5834668022019898
IFOREST,sms,pr,0.30254350736278446,0.7084639498432602,0.5835339429294079
IFOREST,sms,pr,0.30254350736278446,0.710691823899371,0.583674893221708
IFOREST,sms,pr,0.30120481927710846,0.7097791798107256,0.5840038371235767
IFOREST,sms,pr,0.30120481927710846,0.7120253164556962,0.5853153250968742
IFOREST,sms,pr,0.2998661311914324,0.7111111111111111,0.5853945181128524
IFOREST,sms,pr,0.2971887550200803,0.7092651757188498,0.5861918558848686
IFOREST,sms,pr,0.2971887550200803,0.7115384615384616,0.5863969085872518
IFOREST,sms,pr,0.29451137884872824,0.7096774193548387,0.5866187592878295
IFOREST,sms,pr,0.29451137884872824,0.7119741100323624,0.5866722013544853
IFOREST,sms,pr,0.29451137884872824,0.7142857142857143,0.5876577076053897
IFOREST,sms,pr,0.29451137884872824,0.7166123778501629,0.5879399582151067
IFOREST,sms,pr,0.2931726907630522,0.7156862745098039,0.5879517502101664
IFOREST,sms,pr,0.2918340026773762,0.7147540983606557,0.5882787365392614
IFOREST,sms,pr,0.2878179384203481,0.7119205298013245,0.5911204913118019
IFOREST,sms,pr,0.28647925033467203,0.7109634551495017,0.5912775117285387
IFOREST,sms,pr,0.285140562248996,0.71,0.5915401781634337
IFOREST,sms,pr,0.285140562248996,0.7123745819397993,0.5918600819370241
IFOREST,sms,pr,0.2838018741633199,0.7114093959731543,0.5920233542311284
IFOREST,sms,pr,0.2824631860776439,0.7104377104377104,0.5921192696678543
IFOREST,sms,pr,0.28112449799196787,0.7094594594594594,0.5921355361208043
IFOREST,sms,pr,0.2797858099062918,0.7084745762711865,0.5921851008155306
IFOREST,sms,pr,0.27710843373493976,0.7064846416382252,0.592275400807877
IFOREST,sms,pr,0.27710843373493976,0.711340206185567,0.5928213790797383
IFOREST,sms,pr,0.27710843373493976,0.7137931034482758,0.5928591633023002
IFOREST,sms,pr,0.2757697456492637,0.71280276816609,0.5934688496548248
IFOREST,sms,pr,0.2757697456492637,0.7152777777777778,0.5936533832800618
IFOREST,sms,pr,0.2757697456492637,0.7177700348432056,0.5938551959806522
IFOREST,sms,pr,0.2757697456492637,0.7202797202797203,0.5947314641485587
IFOREST,sms,pr,0.2757697456492637,0.7228070175438597,0.5947665448620212
IFOREST,sms,pr,0.2717536813922356,0.7198581560283688,0.5976144228212716
IFOREST,sms,pr,0.2717536813922356,0.7224199288256228,0.597911640465345
IFOREST,sms,pr,0.2717536813922356,0.725,0.6007400252182605
IFOREST,sms,pr,0.26907630522088355,0.7230215827338129,0.6010240020343741
IFOREST,sms,pr,0.2677376171352075,0.7220216606498195,0.6012060050412393
IFOREST,sms,pr,0.26506024096385544,0.72,0.6013189329940999
IFOREST,sms,pr,0.2637215528781794,0.718978102189781,0.603676740759712
IFOREST,sms,pr,0.26104417670682734,0.7169117647058824,0.6040866976923956
IFOREST,sms,pr,0.26104417670682734,0.7195571955719557,0.6041225058476409
IFOREST,sms,pr,0.2597054886211513,0.7185185185185186,0.604378945369478
IFOREST,sms,pr,0.2583668005354752,0.7174721189591078,0.6049474154871382
IFOREST,sms,pr,0.2583668005354752,0.7201492537313433,0.6054041090934131
IFOREST,sms,pr,0.2570281124497992,0.7191011235955056,0.6070801065421948
IFOREST,sms,pr,0.2556894243641232,0.7180451127819549,0.6071627424790198
IFOREST,sms,pr,0.2556894243641232,0.720754716981132,0.6077264905942031
IFOREST,sms,pr,0.25301204819277107,0.7186311787072244,0.6085541002882876
IFOREST,sms,pr,0.25167336010709507,0.7175572519083969,0.6097199903113417
IFOREST,sms,pr,0.250334672021419,0.7164750957854407,0.6108124803103139
IFOREST,sms,pr,0.250334672021419,0.7192307692307692,0.6111564461054118
IFOREST,sms,pr,0.24899598393574296,0.7181467181467182,0.611433637116071
IFOREST,sms,pr,0.24899598393574296,0.7209302325581395,0.6116464683493354
IFOREST,sms,pr,0.24899598393574296,0.7237354085603113,0.6118922068142625
IFOREST,sms,pr,0.24899598393574296,0.7294117647058823,0.6131220205806055
IFOREST,sms,pr,0.24765729585006693,0.7283464566929134,0.6133913785571262
IFOREST,sms,pr,0.24765729585006693,0.7312252964426877,0.6141926750519932
IFOREST,sms,pr,0.24497991967871485,0.7290836653386454,0.614216462177641
IFOREST,sms,pr,0.24497991967871485,0.732,0.6143488672655589
IFOREST,sms,pr,0.24230254350736277,0.7298387096774194,0.6152011028911247
IFOREST,sms,pr,0.24096385542168675,0.728744939271255,0.6159779131413619
IFOREST,sms,pr,0.24096385542168675,0.7317073170731707,0.6171377996616807
IFOREST,sms,pr,0.23962516733601072,0.7306122448979592,0.6175464154849702
IFOREST,sms,pr,0.23962516733601072,0.7336065573770492,0.6178758402368655
IFOREST,sms,pr,0.23828647925033467,0.7325102880658436,0.6185644670078659
IFOREST,sms,pr,0.23828647925033467,0.7355371900826446,0.6190073013512298
IFOREST,sms,pr,0.23828647925033467,0.7385892116182573,0.6201950764127199
IFOREST,sms,pr,0.23694779116465864,0.7375,0.6220543482893839
IFOREST,sms,pr,0.23427041499330656,0.7352941176470589,0.6222620849279428
IFOREST,sms,pr,0.23293172690763053,0.7341772151898734,0.6274919380408513
IFOREST,sms,pr,0.23025435073627845,0.7319148936170212,0.6275891123906614
IFOREST,sms,pr,0.23025435073627845,0.7350427350427351,0.6294359044136398
IFOREST,sms,pr,0.23025435073627845,0.7381974248927039,0.6295741006018496
IFOREST,sms,pr,0.23025435073627845,0.7413793103448276,0.629928326636472
IFOREST,sms,pr,0.23025435073627845,0.7445887445887446,0.6306930881247972
IFOREST,sms,pr,0.23025435073627845,0.7543859649122807,0.6307446085573463
IFOREST,sms,pr,0.23025435073627845,0.7577092511013216,0.6314178592135591
IFOREST,sms,pr,0.23025435073627845,0.7610619469026548,0.6324461773224981
IFOREST,sms,pr,0.23025435073627845,0.7644444444444445,0.6335382114346328
IFOREST,sms,pr,0.22757697456492637,0.7623318385650224,0.6339372982900258
IFOREST,sms,pr,0.22623828647925034,0.7612612612612613,0.6348821503825818
IFOREST,sms,pr,0.22356091030789826,0.759090909090909,0.6366495744976236
IFOREST,sms,pr,0.2222222222222222,0.7579908675799086,0.6368863214885875
IFOREST,sms,pr,0.2222222222222222,0.7614678899082569,0.6373730434522507
IFOREST,sms,pr,0.21954484605087016,0.7592592592592593,0.6382638433317056
IFOREST,sms,pr,0.2182061579651941,0.7581395348837209,0.6393399164985158
IFOREST,sms,pr,0.21686746987951808,0.7570093457943925,0.6395181723450563
IFOREST,sms,pr,0.21552878179384202,0.755868544600939,0.6399470993494359
IFOREST,sms,pr,0.214190093708166,0.7547169811320755,0.6405176176678281
IFOREST,sms,pr,0.214190093708166,0.7582938388625592,0.6408594513713746
IFOREST,sms,pr,0.2101740294511379,0.7548076923076923,0.6411167704992544
IFOREST,sms,pr,0.2074966532797858,0.7524271844660194,0.6421429869605138
IFOREST,sms,pr,0.20615796519410978,0.751219512195122,0.6428016272346603
IFOREST,sms,pr,0.20615796519410978,0.7549019607843137,0.6429972667513583
IFOREST,sms,pr,0.20481927710843373,0.7536945812807881,0.6431395236794271
IFOREST,sms,pr,0.20481927710843373,0.7574257425742574,0.6443288528533256
IFOREST,sms,pr,0.2034805890227577,0.7562189054726368,0.6443842240371344
IFOREST,sms,pr,0.20214190093708165,0.755,0.644838931427099
IFOREST,sms,pr,0.20214190093708165,0.7587939698492462,0.644922252880534
IFOREST,sms,pr,0.20080321285140562,0.7575757575757576,0.6457036987907038
IFOREST,sms,pr,0.20080321285140562,0.7614213197969543,0.6458343543864573
IFOREST,sms,pr,0.1994645247657296,0.7602040816326531,0.6462008982761123
IFOREST,sms,pr,0.1994645247657296,0.764102564102564,0.646505654635969
IFOREST,sms,pr,0.1994645247657296,0.7680412371134021,0.6468393866964977
IFOREST,sms,pr,0.1994645247657296,0.772020725388601,0.6480072084658843
IFOREST,sms,pr,0.19812583668005354,0.7708333333333334,0.6491415458006459
IFOREST,sms,pr,0.19812583668005354,0.774869109947644,0.6491773520726376
IFOREST,sms,pr,0.19678714859437751,0.7736842105263158,0.6494107004652909
IFOREST,sms,pr,0.19678714859437751,0.7777777777777778,0.6497952286531238
IFOREST,sms,pr,0.19544846050870146,0.776595744680851,0.6515741758027613
IFOREST,sms,pr,0.19544846050870146,0.7807486631016043,0.6523311184061825
IFOREST,sms,pr,0.19544846050870146,0.7849462365591398,0.6524033668652743
IFOREST,sms,pr,0.19410977242302543,0.7837837837837838,0.6525654762793467
IFOREST,sms,pr,0.19143239625167335,0.7814207650273224,0.6539251183891834
IFOREST,sms,pr,0.19143239625167335,0.7857142857142857,0.6540270319011328
IFOREST,sms,pr,0.19009370816599733,0.7845303867403315,0.6574228564068757
IFOREST,sms,pr,0.18875502008032127,0.7833333333333333,0.6574867384779313
IFOREST,sms,pr,0.18741633199464525,0.7821229050279329,0.6584122581092615
IFOREST,sms,pr,0.18741633199464525,0.7865168539325843,0.6584485300452323
IFOREST,sms,pr,0.18607764390896922,0.7853107344632768,0.6584841821220309
IFOREST,sms,pr,0.18607764390896922,0.7988505747126436,0.6594921217354383
IFOREST,sms,pr,0.18340026773761714,0.7965116279069767,0.659768222187103
IFOREST,sms,pr,0.18206157965194109,0.7953216374269005,0.6610080655974919
IFOREST,sms,pr,0.18072289156626506,0.7941176470588235,0.6613585918112911
IFOREST,sms,pr,0.17938420348058903,0.7928994082840237,0.663009504950034
IFOREST,sms,pr,0.17938420348058903,0.7976190476190477,0.6637620621680503
IFOREST,sms,pr,0.17670682730923695,0.7951807228915663,0.6641986641346016
IFOREST,sms,pr,0.17670682730923695,0.8,0.665913935510078
IFOREST,sms,pr,0.1753681392235609,0.7987804878048781,0.6673352435758977
IFOREST,sms,pr,0.17269076305220885,0.7962962962962963,0.6699950348156348
IFOREST,sms,pr,0.17269076305220885,0.8012422360248447,0.6734070293585137
IFOREST,sms,pr,0.1713520749665328,0.8,0.6735181541167137
IFOREST,sms,pr,0.1713520749665328,0.8050314465408805,0.6737058025986822
IFOREST,sms,pr,0.1713520749665328,0.810126582278481,0.6739568633966962
IFOREST,sms,pr,0.17001338688085676,0.8089171974522293,0.6750172508309404
IFOREST,sms,pr,0.1686746987951807,0.8076923076923077,0.67528285501998
IFOREST,sms,pr,0.16733601070950468,0.8064516129032258,0.6753814240716918
IFOREST,sms,pr,0.16599732262382866,0.8051948051948052,0.6754353576289931
IFOREST,sms,pr,0.1646586345381526,0.803921568627451,0.6764677384889106
IFOREST,sms,pr,0.15930388219544847,0.7986577181208053,0.6775028636582815
IFOREST,sms,pr,0.15796519410977242,0.7972972972972973,0.6781440542457428
IFOREST,sms,pr,0.15528781793842034,0.7945205479452054,0.6804770921741761
IFOREST,sms,pr,0.1539491298527443,0.7931034482758621,0.6836177092161911
IFOREST,sms,pr,0.15261044176706828,0.7916666666666666,0.683708845919741
IFOREST,sms,pr,0.15127175368139223,0.7902097902097902,0.6855957393561254
IFOREST,sms,pr,0.15127175368139223,0.795774647887324,0.6858856592688894
IFOREST,sms,pr,0.14457831325301204,0.7883211678832117,0.6864907054614575
IFOREST,sms,pr,0.14323962516733602,0.7867647058823529,0.6882380714288692
IFOREST,sms,pr,0.14190093708165996,0.7851851851851852,0.6923786830782546
IFOREST,sms,pr,0.14190093708165996,0.803030303030303,0.6935081869065257
IFOREST,sms,pr,0.13788487282463185,0.7984496124031008,0.6941995204893655
IFOREST,sms,pr,0.13788487282463185,0.8046875,0.6942046930132407
IFOREST,sms,pr,0.13654618473895583,0.8031496062992126,0.6946762463152615
IFOREST,sms,pr,0.13520749665327977,0.8015873015873016,0.694906303475094
IFOREST,sms,pr,0.13520749665327977,0.808,0.698100302268492
IFOREST,sms,pr,0.13520749665327977,0.8145161290322581,0.6989464792779935
IFOREST,sms,pr,0.13386880856760375,0.8130081300813008,0.7009928517039555
IFOREST,sms,pr,0.13386880856760375,0.819672131147541,0.7009947223903787
IFOREST,sms,pr,0.13386880856760375,0.8264462809917356,0.7033432696378171
IFOREST,sms,pr,0.13253012048192772,0.825,0.7033494988381895
IFOREST,sms,pr,0.13253012048192772,0.8319327731092437,0.7061152064279332
IFOREST,sms,pr,0.13119143239625167,0.8305084745762712,0.7072504394483239
IFOREST,sms,pr,0.12985274431057564,0.8290598290598291,0.7113641179673095
IFOREST,sms,pr,0.12985274431057564,0.8362068965517241,0.7116868946473722
IFOREST,sms,pr,0.12985274431057564,0.8434782608695652,0.7118193730281711
IFOREST,sms,pr,0.1285140562248996,0.8421052631578947,0.7137256396560084
IFOREST,sms,pr,0.12717536813922356,0.8407079646017699,0.7160930646991874
IFOREST,sms,pr,0.12717536813922356,0.8482142857142857,0.7168790747421313
IFOREST,sms,pr,0.12583668005354753,0.8468468468468469,0.718808663262469
IFOREST,sms,pr,0.12182061579651941,0.8425925925925926,0.7193527481655478
IFOREST,sms,pr,0.11914323962516733,0.839622641509434,0.720844319277951
IFOREST,sms,pr,0.11646586345381527,0.8365384615384616,0.7213803813696289
IFOREST,sms,pr,0.11512717536813923,0.8349514563106796,0.7227236402993802
IFOREST,sms,pr,0.11378848728246319,0.8333333333333334,0.723143589179235
IFOREST,sms,pr,0.11378848728246319,0.8415841584158416,0.7245428692423447
IFOREST,sms,pr,0.1111111111111111,0.8383838383838383,0.7251661401791474
IFOREST,sms,pr,0.10977242302543508,0.8367346938775511,0.7277908776795614
IFOREST,sms,pr,0.10843373493975904,0.8350515463917526,0.7301232636034735
IFOREST,sms,pr,0.107095046854083,0.8333333333333334,0.7305492136295982
IFOREST,sms,pr,0.10575635876840696,0.8315789473684211,0.7307903953971365
IFOREST,sms,pr,0.10441767068273092,0.8297872340425532,0.7308617581353645
IFOREST,sms,pr,0.10307898259705489,0.8279569892473119,0.7317323093248846
IFOREST,sms,pr,0.10174029451137885,0.8260869565217391,0.7324324360516703
IFOREST,sms,pr,0.10040160642570281,0.8241758241758241,0.732465284295668
IFOREST,sms,pr,0.09906291834002677,0.8222222222222222,0.7344988011033436
IFOREST,sms,pr,0.0963855421686747,0.8181818181818182,0.7345649602137116
IFOREST,sms,pr,0.09504685408299866,0.8160919540229885,0.7349039663519064
IFOREST,sms,pr,0.09504685408299866,0.8255813953488372,0.7376469210306721
IFOREST,sms,pr,0.09504685408299866,0.8352941176470589,0.7426931149120036
IFOREST,sms,pr,0.09370816599732262,0.8333333333333334,0.7437236396441897
IFOREST,sms,pr,0.09236947791164658,0.8313253012048193,0.7458397885077986
IFOREST,sms,pr,0.09236947791164658,0.8625,0.7481396941717287
IFOREST,sms,pr,0.08835341365461848,0.8571428571428571,0.7487919125355872
IFOREST,sms,pr,0.08701472556894244,0.8552631578947368,0.7506263118426408
IFOREST,sms,pr,0.08433734939759036,0.8513513513513513,0.7512096159873047
IFOREST,sms,pr,0.08433734939759036,0.863013698630137,0.7513469507278785
IFOREST,sms,pr,0.08433734939759036,0.875,0.7520285552112539
IFOREST,sms,pr,0.08433734939759036,0.8873239436619719,0.7604883691665004
IFOREST,sms,pr,0.08032128514056225,0.8823529411764706,0.7614150916395455
IFOREST,sms,pr,0.08032128514056225,0.8955223880597015,0.7647268283216159
IFOREST,sms,pr,0.08032128514056225,0.9090909090909091,0.768055349581029
IFOREST,sms,pr,0.07764390896921017,0.90625,0.7695244938394402
IFOREST,sms,pr,0.07630522088353414,0.9047619047619048,0.7730354528411447
IFOREST,sms,pr,0.0749665327978581,0.9032258064516129,0.7767072900788341
IFOREST,sms,pr,0.07362784471218206,0.9016393442622951,0.7787148983926363
IFOREST,sms,pr,0.07095046854082998,0.8983050847457628,0.7793142923005639
IFOREST,sms,pr,0.06961178045515395,0.896551724137931,0.780065207309486
IFOREST,sms,pr,0.06693440428380187,0.8928571428571429,0.7804143434696694
IFOREST,sms,pr,0.06693440428380187,0.9090909090909091,0.7805450077751495
IFOREST,sms,pr,0.06559571619812583,0.9074074074074074,0.7819368837056649
IFOREST,sms,pr,0.0642570281124498,0.9056603773584906,0.7819643918173288
IFOREST,sms,pr,0.0642570281124498,0.9411764705882353,0.7827484434017794
IFOREST,sms,pr,0.058902275769745646,0.9361702127659575,0.7888880380811343
IFOREST,sms,pr,0.05756358768406961,0.9347826086956522,0.7918543857456583
IFOREST,sms,pr,0.05622489959839357,0.9333333333333333,0.7962699637902848
IFOREST,sms,pr,0.05622489959839357,0.9767441860465116,0.798359373433966
IFOREST,sms,pr,0.05488621151271754,0.9761904761904762,0.8007960952954392
IFOREST,sms,pr,0.0535475234270415,0.975609756097561,0.8024966118510044
IFOREST,sms,pr,0.05220883534136546,0.975,0.8038675261437346
IFOREST,sms,pr,0.050870147255689425,0.9743589743589743,0.8053883040503665
IFOREST,sms,pr,0.04819277108433735,0.972972972972973,0.8071259333348045
IFOREST,sms,pr,0.04685408299866131,0.9722222222222222,0.8114282489387457
IFOREST,sms,pr,0.04551539491298527,0.9714285714285714,0.8184157606347361
IFOREST,sms,pr,0.0428380187416332,0.9696969696969697,0.818919235525701
IFOREST,sms,pr,0.041499330655957165,0.96875,0.8195732539813498
IFOREST,sms,pr,0.040160642570281124,0.967741935483871,0.820685595101345
IFOREST,sms,pr,0.038821954484605084,0.9666666666666667,0.8333922357689687
IFOREST,sms,pr,0.03748326639892905,0.9655172413793104,0.8360147325861987
IFOREST,sms,pr,0.03480589022757698,0.9629629629629629,0.8447796126271858
IFOREST,sms,pr,0.03346720214190094,0.9615384615384616,0.8470887524801999
IFOREST,sms,pr,0.0321285140562249,0.96,0.8534079483034811
IFOREST,sms,pr,0.030789825970548863,0.9583333333333334,0.8550200401151703
IFOREST,sms,pr,0.028112449799196786,0.9545454545454546,0.8557044122046159
IFOREST,sms,pr,0.02677376171352075,0.9523809523809523,0.8571353531981264
IFOREST,sms,pr,0.025435073627844713,0.95,0.8673013959667859
IFOREST,sms,pr,0.024096385542168676,0.9473684210526315,0.8677738567277177
IFOREST,sms,pr,0.022757697456492636,0.9444444444444444,0.8720960612475213
IFOREST,sms,pr,0.018741633199464525,0.9333333333333333,0.8850545811059679
IFOREST,sms,pr,0.01606425702811245,0.9230769230769231,0.8899644976458937
IFOREST,sms,pr,0.014725568942436412,0.9166666666666666,0.8944953290994926
IFOREST,sms,pr,0.013386880856760375,0.9090909090909091,0.9015737418130069
IFOREST,sms,pr,0.013386880856760375,1.0,0.9097474637396908
IFOREST,sms,pr,0.012048192771084338,1.0,0.9133116566190056
IFOREST,sms,pr,0.009370816599732263,1.0,0.914054256640933
IFOREST,sms,pr,0.008032128514056224,1.0,0.9253005738025367
IFOREST,sms,pr,0.006693440428380187,1.0,0.9324961446897393
IFOREST,sms,pr,0.004016064257028112,1.0,0.9471953970530609
IFOREST,sms,pr,0.002677376171352075,1.0,0.9738828534528444
IFOREST,sms,pr,0.0013386880856760374,1.0,1.0
IFOREST,sms,pr,0.0,1.0,
IFOREST,sms,roc,0.0,0.0,inf
IFOREST,sms,roc,0.0,0.0013386880856760374,1.0
IFOREST,sms,roc,0.0,0.004016064257028112,0.9471953970530609
IFOREST,sms,roc,0.0,0.006693440428380187,0.9324961446897393
IFOREST,sms,roc,0.0,0.009370816599732263,0.914054256640933
IFOREST,sms,roc,0.0,0.012048192771084338,0.9133116566190056
IFOREST,sms,roc,0.0,0.013386880856760375,0.9097474637396908
IFOREST,sms,roc,0.0002072538860103627,0.013386880856760375,0.9015737418130069
IFOREST,sms,roc,0.0002072538860103627,0.01606425702811245,0.8899644976458937
IFOREST,sms,roc,0.0002072538860103627,0.018741633199464525,0.8850545811059679
IFOREST,sms,roc,0.0002072538860103627,0.022757697456492636,0.8720960612475213
IFOREST,sms,roc,0.0002072538860103627,0.028112449799196786,0.8557044122046159
IFOREST,sms,roc,0.0002072538860103627,0.030789825970548863,0.8550200401151703
IFOREST,sms,roc,0.0002072538860103627,0.03480589022757698,0.8447796126271858
IFOREST,sms,roc,0.0002072538860103627,0.03748326639892905,0.8360147325861987
IFOREST,sms,roc,0.0002072538860103627,0.0428380187416332,0.818919235525701
IFOREST,sms,roc,0.0002072538860103627,0.04551539491298527,0.8184157606347361
IFOREST,sms,roc,0.0002072538860103627,0.04819277108433735,0.8071259333348045
IFOREST,sms,roc,0.0002072538860103627,0.050870147255689425,0.8053883040503665
IFOREST,sms,roc,0.0002072538860103627,0.05622489959839357,0.798359373433966
IFOREST,sms,roc,0.000621761658031088,0.05622489959839357,0.7962699637902848
IFOREST,sms,roc,0.000621761658031088,0.058902275769745646,0.7888880380811343
IFOREST,sms,roc,0.000621761658031088,0.0642570281124498,0.7827484434017794
IFOREST,sms,roc,0.0010362694300518134,0.0642570281124498,0.7819643918173288
IFOREST,sms,roc,0.0010362694300518134,0.06693440428380187,0.7805450077751495
IFOREST,sms,roc,0.001243523316062176,0.06693440428380187,0.7804143434696694
IFOREST,sms,roc,0.001243523316062176,0.06961178045515395,0.780065207309486
IFOREST,sms,roc,0.001243523316062176,0.07095046854082998,0.7793142923005639
IFOREST,sms,roc,0.001243523316062176,0.07362784471218206,0.7787148983926363
IFOREST,sms,roc,0.001243523316062176,0.07764390896921017,0.7695244938394402
IFOREST,sms,roc,0.001243523316062176,0.08032128514056225,0.768055349581029
IFOREST,sms,roc,0.0016580310880829016,0.08032128514056225,0.7614150916395455
IFOREST,sms,roc,0.0016580310880829016,0.08433734939759036,0.7604883691665004
IFOREST,sms,roc,0.0022797927461139897,0.08433734939759036,0.7512096159873047
IFOREST,sms,roc,0.0022797927461139897,0.08701472556894244,0.7506263118426408
IFOREST,sms,roc,0.0022797927461139897,0.08835341365461848,0.7487919125355872
IFOREST,sms,roc,0.0022797927461139897,0.09236947791164658,0.7481396941717287
IFOREST,sms,roc,0.002901554404145078,0.09236947791164658,0.7458397885077986
IFOREST,sms,roc,0.002901554404145078,0.09504685408299866,0.7426931149120036
IFOREST,sms,roc,0.003316062176165803,0.09504685408299866,0.7349039663519064
IFOREST,sms,roc,0.003316062176165803,0.0963855421686747,0.7345649602137116
IFOREST,sms,roc,0.003316062176165803,0.09906291834002677,0.7344988011033436
IFOREST,sms,roc,0.003316062176165803,0.1111111111111111,0.7251661401791474
IFOREST,sms,roc,0.003316062176165803,0.11378848728246319,0.7245428692423447
IFOREST,sms,roc,0.003523316062176166,0.11378848728246319,0.723143589179235
IFOREST,sms,roc,0.003523316062176166,0.11646586345381527,0.7213803813696289
IFOREST,sms,roc,0.003523316062176166,0.12182061579651941,0.7193527481655478
IFOREST,sms,roc,0.003523316062176166,0.12583668005354753,0.718808663262469
IFOREST,sms,roc,0.003523316062176166,0.12717536813922356,0.7168790747421313
IFOREST,sms,roc,0.0037305699481865284,0.12717536813922356,0.7160930646991874
IFOREST,sms,roc,0.0037305699481865284,0.12985274431057564,0.7118193730281711
IFOREST,sms,roc,0.004145077720207254,0.12985274431057564,0.7113641179673095
IFOREST,sms,roc,0.004145077720207254,0.13253012048192772,0.7061152064279332
IFOREST,sms,roc,0.004352331606217617,0.13253012048192772,0.7033494988381895
IFOREST,sms,roc,0.004352331606217617,0.13386880856760375,0.7033432696378171
IFOREST,sms,roc,0.004766839378238342,0.13386880856760375,0.7009928517039555
IFOREST,sms,roc,0.004766839378238342,0.13520749665327977,0.6989464792779935
IFOREST,sms,roc,0.0051813471502590676,0.13520749665327977,0.694906303475094
IFOREST,sms,roc,0.0051813471502590676,0.13788487282463185,0.6942046930132407
IFOREST,sms,roc,0.00538860103626943,0.13788487282463185,0.6941995204893655
IFOREST,sms,roc,0.00538860103626943,0.14190093708165996,0.6935081869065257
IFOREST,sms,roc,0.006010362694300518,0.14190093708165996,0.6923786830782546
IFOREST,sms,roc,0.006010362694300518,0.14457831325301204,0.6864907054614575
IFOREST,sms,roc,0.006010362694300518,0.15127175368139223,0.6858856592688894
IFOREST,sms,roc,0.0062176165803108805,0.15127175368139223,0.6855957393561254
IFOREST,sms,roc,0.0062176165803108805,0.15528781793842034,0.6804770921741761
IFOREST,sms,roc,0.0062176165803108805,0.15796519410977242,0.6781440542457428
IFOREST,sms,roc,0.0062176165803108805,0.15930388219544847,0.6775028636582815
IFOREST,sms,roc,0.0062176165803108805,0.1646586345381526,0.6764677384889106
IFOREST,sms,roc,0.0062176165803108805,0.1713520749665328,0.6739568633966962
IFOREST,sms,roc,0.006632124352331606,0.1713520749665328,0.6735181541167137
IFOREST,sms,roc,0.006632124352331606,0.17269076305220885,0.6734070293585137
IFOREST,sms,roc,0.006839378238341969,0.17269076305220885,0.6699950348156348
IFOREST,sms,roc,0.006839378238341969,0.1753681392235609,0.6673352435758977
IFOREST,sms,roc,0.006839378238341969,0.17670682730923695,0.665913935510078
IFOREST,sms,roc,0.007046632124352332,0.17670682730923695,0.6641986641346016
IFOREST,sms,roc,0.007046632124352332,0.17938420348058903,0.6637620621680503
IFOREST,sms,roc,0.007253886010362694,0.17938420348058903,0.663009504950034
IFOREST,sms,roc,0.007253886010362694,0.18340026773761714,0.659768222187103
IFOREST,sms,roc,0.007253886010362694,0.18607764390896922,0.6594921217354383
IFOREST,sms,roc,0.007875647668393783,0.18607764390896922,0.6584841821220309
IFOREST,sms,roc,0.007875647668393783,0.18741633199464525,0.6584485300452323
IFOREST,sms,roc,0.008082901554404146,0.18741633199464525,0.6584122581092615
IFOREST,sms,roc,0.008082901554404146,0.19143239625167335,0.6540270319011328
IFOREST,sms,roc,0.008290155440414507,0.19143239625167335,0.6539251183891834
IFOREST,sms,roc,0.008290155440414507,0.19410977242302543,0.6525654762793467
IFOREST,sms,roc,0.008290155440414507,0.19544846050870146,0.6524033668652743
IFOREST,sms,roc,0.008704663212435234,0.19544846050870146,0.6515741758027613
IFOREST,sms,roc,0.008704663212435234,0.19678714859437751,0.6497952286531238
IFOREST,sms,roc,0.008911917098445596,0.19678714859437751,0.6494107004652909
IFOREST,sms,roc,0.008911917098445596,0.19812583668005354,0.6491773520726376
IFOREST,sms,roc,0.009119170984455959,0.19812583668005354,0.6491415458006459
IFOREST,sms,roc,0.009119170984455959,0.1994645247657296,0.6480072084658843
IFOREST,sms,roc,0.009740932642487047,0.1994645247657296,0.6462008982761123
IFOREST,sms,roc,0.009740932642487047,0.20080321285140562,0.6458343543864573
IFOREST,sms,roc,0.009948186528497409,0.20080321285140562,0.6457036987907038
IFOREST,sms,roc,0.009948186528497409,0.20214190093708165,0.644922252880534
IFOREST,sms,roc,0.010155440414507772,0.20214190093708165,0.644838931427099
IFOREST,sms,roc,0.010155440414507772,0.20481927710843373,0.6443288528533256
IFOREST,sms,roc,0.010362694300518135,0.20481927710843373,0.6431395236794271
IFOREST,sms,roc,0.010362694300518135,0.20615796519410978,0.6429972667513583
IFOREST,sms,roc,0.010569948186528497,0.20615796519410978,0.6428016272346603
IFOREST,sms,roc,0.010569948186528497,0.2074966532797858,0.6421429869605138
IFOREST,sms,roc,0.010569948186528497,0.2101740294511379,0.6411167704992544
IFOREST,sms,roc,0.010569948186528497,0.214190093708166,0.6408594513713746
IFOREST,sms,roc,0.01077720207253886,0.214190093708166,0.6405176176678281
IFOREST,sms,roc,0.01077720207253886,0.21954484605087016,0.6382638433317056
IFOREST,sms,roc,0.01077720207253886,0.2222222222222222,0.6373730434522507
IFOREST,sms,roc,0.010984455958549223,0.2222222222222222,0.6368863214885875
IFOREST,sms,roc,0.010984455958549223,0.22356091030789826,0.6366495744976236
IFOREST,sms,roc,0.010984455958549223,0.22623828647925034,0.6348821503825818
IFOREST,sms,roc,0.010984455958549223,0.22757697456492637,0.6339372982900258
IFOREST,sms,roc,0.010984455958549223,0.23025435073627845,0.6335382114346328
IFOREST,sms,roc,0.011606217616580311,0.23025435073627845,0.6307446085573463
IFOREST,sms,roc,0.0122279792746114,0.23025435073627845,0.6306930881247972
IFOREST,sms,roc,0.01305699481865285,0.23025435073627845,0.6275891123906614
IFOREST,sms,roc,0.01305699481865285,0.23293172690763053,0.6274919380408513
IFOREST,sms,roc,0.01305699481865285,0.23427041499330656,0.6222620849279428
IFOREST,sms,roc,0.01305699481865285,0.23694779116465864,0.6220543482893839
IFOREST,sms,roc,0.01305699481865285,0.23828647925033467,0.6201950764127199
IFOREST,sms,roc,0.013471502590673576,0.23828647925033467,0.6185644670078659
IFOREST,sms,roc,0.013471502590673576,0.23962516733601072,0.6178758402368655
IFOREST,sms,roc,0.013678756476683937,0.23962516733601072,0.6175464154849702
IFOREST,sms,roc,0.013678756476683937,0.24096385542168675,0.6171377996616807
IFOREST,sms,roc,0.0138860103626943,0.24096385542168675,0.6159779131413619
IFOREST,sms,roc,0.0138860103626943,0.24230254350736277,0.6152011028911247
IFOREST,sms,roc,0.0138860103626943,0.24497991967871485,0.6143488672655589
IFOREST,sms,roc,0.014093264248704664,0.24497991967871485,0.614216462177641
IFOREST,sms,roc,0.014093264248704664,0.24765729585006693,0.6141926750519932
IFOREST,sms,roc,0.014300518134715026,0.24765729585006693,0.6133913785571262
IFOREST,sms,roc,0.014300518134715026,0.24899598393574296,0.6131220205806055
IFOREST,sms,roc,0.014715025906735752,0.24899598393574296,0.6118922068142625
IFOREST,sms,roc,0.015129533678756477,0.24899598393574296,0.611433637116071
IFOREST,sms,roc,0.015129533678756477,0.250334672021419,0.6111564461054118
IFOREST,sms,roc,0.01533678756476684,0.250334672021419,0.6108124803103139
IFOREST,sms,roc,0.01533678756476684,0.25301204819277107,0.6085541002882876
IFOREST,sms,roc,0.01533678756476684,0.2556894243641232,0.6077264905942031
IFOREST,sms,roc,0.015544041450777202,0.2556894243641232,0.6071627424790198
IFOREST,sms,roc,0.015544041450777202,0.2583668005354752,0.6054041090934131
IFOREST,sms,roc,0.015751295336787565,0.2583668005354752,0.6049474154871382
IFOREST,sms,roc,0.015751295336787565,0.26104417670682734,0.6041225058476409
IFOREST,sms,roc,0.01595854922279793,0.26104417670682734,0.6040866976923956
IFOREST,sms,roc,0.01595854922279793,0.2637215528781794,0.603676740759712
IFOREST,sms,roc,0.01595854922279793,0.26506024096385544,0.6013189329940999
IFOREST,sms,roc,0.01595854922279793,0.2677376171352075,0.6012060050412393
IFOREST,sms,roc,0.01595854922279793,0.26907630522088355,0.6010240020343741
IFOREST,sms,roc,0.01595854922279793,0.2717536813922356,0.6007400252182605
IFOREST,sms,roc,0.01637305699481865,0.2717536813922356,0.5976144228212716
IFOREST,sms,roc,0.01637305699481865,0.2757697456492637,0.5947665448620212
IFOREST,sms,roc,0.017202072538860105,0.2757697456492637,0.5934688496548248
IFOREST,sms,roc,0.017202072538860105,0.27710843373493976,0.5928591633023002
IFOREST,sms,roc,0.017409326424870468,0.27710843373493976,0.5928213790797383
IFOREST,sms,roc,0.01782383419689119,0.27710843373493976,0.592275400807877
IFOREST,sms,roc,0.01782383419689119,0.2797858099062918,0.5921851008155306
IFOREST,sms,roc,0.01782383419689119,0.285140562248996,0.5918600819370241
IFOREST,sms,roc,0.018031088082901554,0.285140562248996,0.5915401781634337
IFOREST,sms,roc,0.018031088082901554,0.2878179384203481,0.5911204913118019
IFOREST,sms,roc,0.018031088082901554,0.2918340026773762,0.5882787365392614
IFOREST,sms,roc,0.018031088082901554,0.29451137884872824,0.5879399582151067
IFOREST,sms,roc,0.01865284974093264,0.29451137884872824,0.5866187592878295
IFOREST,sms,roc,0.01865284974093264,0.2971887550200803,0.5863969085872518
IFOREST,sms,roc,0.018860103626943004,0.2971887550200803,0.5861918558848686
IFOREST,sms,roc,0.018860103626943004,0.2998661311914324,0.5853945181128524
IFOREST,sms,roc,0.018860103626943004,0.30120481927710846,0.5853153250968742
IFOREST,sms,roc,0.019067357512953367,0.30120481927710846,0.5840038371235767
IFOREST,sms,roc,0.019067357512953367,0.30254350736278446,0.583674893221708
IFOREST,sms,roc,0.019896373056994817,0.30254350736278446,0.5833239044298595
IFOREST,sms,roc,0.019896373056994817,0.3038821954484605,0.5830951498039635
IFOREST,sms,roc,0.019896373056994817,0.30655957161981257,0.5829709619903912
IFOREST,sms,roc,0.019896373056994817,0.3092369477911647,0.5818443002412347
IFOREST,sms,roc,0.020518134715025907,0.3092369477911647,0.5806872734288926
IFOREST,sms,roc,0.020518134715025907,0.3132530120481928,0.5796699894958929
IFOREST,sms,roc,0.02072538860103627,0.3132530120481928,0.5789511984035872
IFOREST,sms,roc,0.02072538860103627,0.31459170013386883,0.5787725684096499
IFOREST,sms,roc,0.02072538860103627,0.31860776439089694,0.5786530295309864
IFOREST,sms,roc,0.02072538860103627,0.31994645247657294,0.5783095441022253
IFOREST,sms,roc,0.021139896373056993,0.31994645247657294,0.577441674454053
IFOREST,sms,roc,0.021139896373056993,0.32262382864792505,0.577305349900718
IFOREST,sms,roc,0.021347150259067357,0.32262382864792505,0.5767664454690766
IFOREST,sms,roc,0.021347150259067357,0.32663989290495316,0.5763396906598458
IFOREST,sms,roc,0.021347150259067357,0.3319946452476573,0.574050377613648
IFOREST,sms,roc,0.021761658031088083,0.3319946452476573,0.5735311443570895
IFOREST,sms,roc,0.021761658031088083,0.3333333333333333,0.5720708522311062
IFOREST,sms,roc,0.021968911917098446,0.3333333333333333,0.5715282390955359
IFOREST,sms,roc,0.021968911917098446,0.33467202141900937,0.5701224100555758
IFOREST,sms,roc,0.021968911917098446,0.3373493975903614,0.5699368369440239
IFOREST,sms,roc,0.021968911917098446,0.3427041499330656,0.5679089921815456
IFOREST,sms,roc,0.02238341968911917,0.3427041499330656,0.5653516089124677
IFOREST,sms,roc,0.02238341968911917,0.3453815261044177,0.5631061745323547
IFOREST,sms,roc,0.023419689119170986,0.3453815261044177,0.5611200463201017
IFOREST,sms,roc,0.023419689119170986,0.3493975903614458,0.5583519501010621
IFOREST,sms,roc,0.023419689119170986,0.35207496653279785,0.557477670538409
IFOREST,sms,roc,0.023626943005181346,0.35207496653279785,0.5574757429015986
IFOREST,sms,roc,0.023626943005181346,0.35475234270414996,0.5566364890285548
IFOREST,sms,roc,0.024041450777202072,0.35475234270414996,0.556237844291623
IFOREST,sms,roc,0.024041450777202072,0.357429718875502,0.555422654588063
IFOREST,sms,roc,0.024041450777202072,0.36010709504685406,0.5550284175431227
IFOREST,sms,roc,0.024041450777202072,0.3614457831325301,0.55499226555593
IFOREST,sms,roc,0.024041450777202072,0.36412315930388217,0.5549285882582594
IFOREST,sms,roc,0.024041450777202072,0.3654618473895582,0.5531888484881796
IFOREST,sms,roc,0.024041450777202072,0.3708165997322624,0.5531564573511935
IFOREST,sms,roc,0.024248704663212436,0.3708165997322624,0.5531531661789103
IFOREST,sms,roc,0.024248704663212436,0.37215528781793844,0.552525650472528
IFOREST,sms,roc,0.024663212435233162,0.37215528781793844,0.552516268365788
IFOREST,sms,roc,0.02528497409326425,0.37215528781793844,0.5513208757606582
IFOREST,sms,roc,0.02528497409326425,0.37349397590361444,0.551319858079933
IFOREST,sms,roc,0.02528497409326425,0.37617135207496655,0.5509082707853598
IFOREST,sms,roc,0.026321243523316062,0.37617135207496655,0.5499164990891362
IFOREST,sms,roc,0.026321243523316062,0.3868808567603748,0.5499066078525848
IFOREST,sms,roc,0.026321243523316062,0.38821954484605087,0.5496483155376933
IFOREST,sms,roc,0.027979274611398965,0.38821954484605087,0.546201440952515
IFOREST,sms,roc,0.027979274611398965,0.392235609103079,0.5450683984471317
IFOREST,sms,roc,0.028808290155440414,0.392235609103079,0.5432450590573211
IFOREST,sms,roc,0.028808290155440414,0.39357429718875503,0.5431707040286294
IFOREST,sms,roc,0.02922279792746114,0.39357429718875503,0.5416698790219504
IFOREST,sms,roc,0.02922279792746114,0.3949129852744311,0.541618823592646
IFOREST,sms,roc,0.029637305699481864,0.3949129852744311,0.5409994555625205
IFOREST,sms,roc,0.029637305699481864,0.3962516733601071,0.5391930659650279
IFOREST,sms,roc,0.03005181347150259,0.3962516733601071,0.5377283542108576
IFOREST,sms,roc,0.03005181347150259,0.3989290495314592,0.5375932090089538
IFOREST,sms,roc,0.030259067357512954,0.3989290495314592,0.5373280919636245
IFOREST,sms,roc,0.030259067357512954,0.4002677376171352,0.5371029702935479
IFOREST,sms,roc,0.03150259067357513,0.4002677376171352,0.5350537675972188
IFOREST,sms,roc,0.03150259067357513,0.40160642570281124,0.5346694976268627
IFOREST,sms,roc,0.03150259067357513,0.40562248995983935,0.5343110453533827
IFOREST,sms,roc,0.03170984455958549,0.40562248995983935,0.5341364292469482
IFOREST,sms,roc,0.03170984455958549,0.4069611780455154,0.5341159633005063
IFOREST,sms,roc,0.03212435233160622,0.4069611780455154,0.533441245614747
IFOREST,sms,roc,0.03212435233160622,0.40829986613119146,0.5332413224043129
IFOREST,sms,roc,0.03212435233160622,0.4109772423025435,0.5325653675189918
IFOREST,sms,roc,0.03212435233160622,0.41231593038821956,0.5325184457564878
IFOREST,sms,roc,0.03233160621761658,0.41231593038821956,0.531899190314935
IFOREST,sms,roc,0.03233160621761658,0.41365461847389556,0.5314150907633652
IFOREST,sms,roc,0.03253886010362694,0.41365461847389556,0.5310037081109905
IFOREST,sms,roc,0.03253886010362694,0.41767068273092367,0.530918154328621
IFOREST,sms,roc,0.033782383419689116,0.41767068273092367,0.5291416677578843
IFOREST,sms,roc,0.033782383419689116,0.42168674698795183,0.5280857188963884
IFOREST,sms,roc,0.03419689119170984,0.42168674698795183,0.5276890286720891
IFOREST,sms,roc,0.03419689119170984,0.42302543507362783,0.5267013510303583
IFOREST,sms,roc,0.03461139896373057,0.42302543507362783,0.5259119250364833
IFOREST,sms,roc,0.03461139896373057,0.42570281124497994,0.5254779286871217
IFOREST,sms,roc,0.035025906735751296,0.42570281124497994,0.5236211934432818
IFOREST,sms,roc,0.035025906735751296,0.42704149933065594,0.5235450444953598
IFOREST,sms,roc,0.03585492227979275,0.42704149933065594,0.5233577737492593
IFOREST,sms,roc,0.03606217616580311,0.42704149933065594,0.5227345205402528
IFOREST,sms,roc,0.03606217616580311,0.42971887550200805,0.5226251353570007
IFOREST,sms,roc,0.03626943005181347,0.42971887550200805,0.5208441273048017
IFOREST,sms,roc,0.03626943005181347,0.43105756358768405,0.5203488111029112
IFOREST,sms,roc,0.03709844559585492,0.43105756358768405,0.5173471043166148
IFOREST,sms,roc,0.03709844559585492,0.4323962516733601,0.5171582520333557
IFOREST,sms,roc,0.037927461139896375,0.4323962516733601,0.5166184447159454
IFOREST,sms,roc,0.037927461139896375,0.4350736278447122,0.5165449835337362
IFOREST,sms,roc,0.03875647668393782,0.4350736278447122,0.5152661215177547
IFOREST,sms,roc,0.03875647668393782,0.4404283801874163,0.5139269901569965
IFOREST,sms,roc,0.03875647668393782,0.44176706827309237,0.5137402537185594
IFOREST,sms,roc,0.03896373056994819,0.44176706827309237,0.5137307226813751
IFOREST,sms,roc,0.03896373056994819,0.4431057563587684,0.5129406143166676
IFOREST,sms,roc,0.03896373056994819,0.4457831325301205,0.5126878705222205
IFOREST,sms,roc,0.039792746113989634,0.4457831325301205,0.5105869519280128
IFOREST,sms,roc,0.039792746113989634,0.44712182061579653,0.5102231813849636
IFOREST,sms,roc,0.04020725388601036,0.44712182061579653,0.509898300042043
IFOREST,sms,roc,0.04020725388601036,0.4497991967871486,0.5095831399036683
IFOREST,sms,roc,0.04207253886010363,0.4497991967871486,0.5078507806321247
IFOREST,sms,roc,0.04207253886010363,0.45113788487282463,0.5076433895677875
IFOREST,sms,roc,0.04207253886010363,0.45515394912985274,0.5074168435764292
IFOREST,sms,roc,0.04207253886010363,0.4564926372155288,0.5073161127472845
IFOREST,sms,roc,0.04248704663212435,0.4564926372155288,0.5068756273589291
IFOREST,sms,roc,0.04248704663212435,0.4578313253012048,0.5068275901536963
IFOREST,sms,roc,0.043523316062176166,0.4578313253012048,0.505881669377076
IFOREST,sms,roc,0.043523316062176166,0.4605087014725569,0.5058269014588677
IFOREST,sms,roc,0.044974093264248706,0.4605087014725569,0.5016428830174288
IFOREST,sms,roc,0.044974093264248706,0.46318607764390896,0.500400786039947
IFOREST,sms,roc,0.045181347150259066,0.46318607764390896,0.5000333161989049
IFOREST,sms,roc,0.045181347150259066,0.46586345381526106,0.49998163267673235
IFOREST,sms,roc,0.046424870466321246,0.46586345381526106,0.498300646915403
IFOREST,sms,roc,0.046424870466321246,0.4685408299866131,0.4982121249546007
IFOREST,sms,roc,0.046632124352331605,0.4685408299866131,0.4980647190578801
IFOREST,sms,roc,0.046632124352331605,0.46987951807228917,0.49763217758548006
IFOREST,sms,roc,0.04704663212435233,0.46987951807228917,0.49673492984145784
IFOREST,sms,roc,0.04746113989637306,0.46987951807228917,0.49658522011597384
IFOREST,sms,roc,0.04746113989637306,0.4779116465863454,0.49546865874578533
IFOREST,sms,roc,0.04766839378238342,0.4779116465863454,0.49538536788934645
IFOREST,sms,roc,0.04766839378238342,0.48058902275769744,0.4944757315750418
IFOREST,sms,roc,0.048290155440414505,0.48058902275769744,0.4926908703112546
IFOREST,sms,roc,0.048290155440414505,0.48326639892904955,0.49241476437567044
IFOREST,sms,roc,0.04849740932642487,0.48326639892904955,0.49202647189268145
IFOREST,sms,roc,0.04849740932642487,0.48728246318607765,0.4918022444826813
IFOREST,sms,roc,0.04849740932642487,0.4886211512717537,0.4916987081284685
IFOREST,sms,roc,0.049740932642487044,0.4886211512717537,0.4905425527158466
IFOREST,sms,roc,0.049740932642487044,0.4899598393574297,0.4902430184517156
IFOREST,sms,roc,0.04994818652849741,0.4899598393574297,0.4900200261205625
IFOREST,sms,roc,0.04994818652849741,0.4926372155287818,0.4899903338314909
IFOREST,sms,roc,0.0505699481865285,0.4926372155287818,0.4888243378908135
IFOREST,sms,roc,0.0505699481865285,0.4939759036144578,0.4888040108305042
IFOREST,sms,roc,0.0505699481865285,0.4966532797858099,0.48879612928714594
IFOREST,sms,roc,0.05077720207253886,0.4966532797858099,0.48864149290893905
IFOREST,sms,roc,0.05077720207253886,0.499330655957162,0.48814157801527713
IFOREST,sms,roc,0.050984455958549224,0.499330655957162,0.4879328565020034
IFOREST,sms,roc,0.050984455958549224,0.5020080321285141,0.48767600891590956
IFOREST,sms,roc,0.05160621761658031,0.5020080321285141,0.4869931869736844
IFOREST,sms,roc,0.0522279792746114,0.5020080321285141,0.4866767566373215
IFOREST,sms,roc,0.0522279792746114,0.5046854082998661,0.4863239505720824
IFOREST,sms,roc,0.052642487046632123,0.5046854082998661,0.484953511616902
IFOREST,sms,roc,0.052642487046632123,0.5060240963855421,0.4845978892063655
IFOREST,sms,roc,0.05284974093264249,0.5060240963855421,0.4837453129266056
IFOREST,sms,roc,0.05284974093264249,0.5127175368139224,0.4832203759515721
IFOREST,sms,roc,0.05305699481865285,0.5127175368139224,0.48177381897782273
IFOREST,sms,roc,0.05305699481865285,0.5153949129852744,0.48128058208902436
IFOREST,sms,roc,0.05326424870466321,0.5153949129852744,0.48119398949336234
IFOREST,sms,roc,0.053678756476683936,0.5153949129852744,0.48108522109514673
IFOREST,sms,roc,0.053678756476683936,0.5167336010709505,0.48001087053499497
IFOREST,sms,roc,0.0538860103626943,0.5167336010709505,0.4797948954485055
IFOREST,sms,roc,0.05471502590673575,0.5167336010709505,0.4789792933204256
IFOREST,sms,roc,0.0555440414507772,0.5167336010709505,0.4779477298251669
IFOREST,sms,roc,0.0555440414507772,0.5194109772423026,0.47764024922521503
IFOREST,sms,roc,0.05595854922279793,0.5194109772423026,0.4764498602787364
IFOREST,sms,roc,0.056580310880829016,0.5194109772423026,0.4761312758748739
IFOREST,sms,roc,0.0572020725388601,0.5194109772423026,0.4755411541741316
IFOREST,sms,roc,0.0572020725388601,0.5220883534136547,0.47521705757069554
IFOREST,sms,roc,0.05865284974093264,0.5220883534136547,0.4731750313575779
IFOREST,sms,roc,0.05865284974093264,0.5234270414993306,0.4730617907063189
IFOREST,sms,roc,0.05886010362694301,0.5234270414993306,0.47238790297599503
IFOREST,sms,roc,0.05886010362694301,0.5247657295850067,0.4713556908734994
IFOREST,sms,roc,0.05927461139896373,0.5247657295850067,0.47119270494815835
IFOREST,sms,roc,0.05927461139896373,0.5261044176706827,0.4709728123176871
IFOREST,sms,roc,0.059481865284974095,0.5261044176706827,0.47025548539499956
IFOREST,sms,roc,0.059481865284974095,0.5287817938420348,0.46998385946527765
IFOREST,sms,roc,0.06031088082901554,0.5287817938420348,0.4684967505050496
IFOREST,sms,roc,0.06031088082901554,0.5301204819277109,0.4683338615226868
IFOREST,sms,roc,0.06031088082901554,0.5327978580990629,0.4680111448077868
IFOREST,sms,roc,0.06051813471502591,0.5327978580990629,0.4673317702358737
IFOREST,sms,roc,0.06051813471502591,0.5341365461847389,0.46732576335682213
IFOREST,sms,roc,0.060932642487046634,0.5341365461847389,0.466959272698481
IFOREST,sms,roc,0.060932642487046634,0.536813922356091,0.46619654887506407
IFOREST,sms,roc,0.061139896373056994,0.536813922356091,0.4661757326784489
IFOREST,sms,roc,0.061139896373056994,0.5381526104417671,0.4661242989317668
IFOREST,sms,roc,0.061139896373056994,0.5421686746987951,0.4658944564032241
IFOREST,sms,roc,0.061139896373056994,0.5435073627844712,0.46570353877452997
IFOREST,sms,roc,0.062383419689119174,0.5435073627844712,0.46378044058389756
IFOREST,sms,roc,0.062383419689119174,0.5461847389558233,0.4636474976368278
IFOREST,sms,roc,0.06259067357512953,0.5461847389558233,0.46356253834833516
IFOREST,sms,roc,0.06300518134715026,0.5461847389558233,0.46349496924381156
IFOREST,sms,roc,0.06383419689119171,0.5461847389558233,0.4627709717806381
IFOREST,sms,roc,0.06383419689119171,0.5475234270414994,0.46270208004857266
IFOREST,sms,roc,0.06404145077720207,0.5475234270414994,0.46256740274822883
IFOREST,sms,roc,0.06404145077720207,0.5488621151271754,0.46248460221222315
IFOREST,sms,roc,0.0644559585492228,0.5488621151271754,0.46203978534865736
IFOREST,sms,roc,0.06528497409326425,0.5488621151271754,0.4617175780892861
IFOREST,sms,roc,0.0654922279792746,0.5488621151271754,0.46170276464038684
IFOREST,sms,roc,0.0654922279792746,0.5515394912985274,0.46125252449250786
IFOREST,sms,roc,0.0661139896373057,0.5515394912985274,0.4605907626848175
IFOREST,sms,roc,0.0661139896373057,0.5528781793842035,0.46049318616315493
IFOREST,sms,roc,0.06652849740932643,0.5528781793842035,0.46000913339732014
IFOREST,sms,roc,0.06652849740932643,0.5622489959839357,0.4594019071577195
IFOREST,sms,roc,0.06652849740932643,0.5635876840696118,0.45934689234761755
IFOREST,sms,roc,0.06673575129533679,0.5635876840696118,0.4592973787714832
IFOREST,sms,roc,0.06673575129533679,0.5649263721552878,0.4588459712716846
IFOREST,sms,roc,0.06694300518134715,0.5649263721552878,0.4583504412056953
IFOREST,sms,roc,0.06694300518134715,0.5676037483266398,0.4581676559706491
IFOREST,sms,roc,0.06797927461139897,0.5676037483266398,0.45638331722817216
IFOREST,sms,roc,0.06797927461139897,0.5689424364123159,0.4561672140902476
IFOREST,sms,roc,0.06818652849740933,0.5689424364123159,0.4560187799669275
IFOREST,sms,roc,0.06818652849740933,0.571619812583668,0.455817878384343
IFOREST,sms,roc,0.06901554404145077,0.571619812583668,0.45469232979020935
IFOREST,sms,roc,0.06901554404145077,0.5756358768406962,0.4539749609945082
IFOREST,sms,roc,0.06963730569948187,0.5756358768406962,0.45344952923090165
IFOREST,sms,roc,0.07046632124352331,0.5756358768406962,0.45148439688360276
IFOREST,sms,roc,0.07088082901554404,0.5756358768406962,0.45120385506801464
IFOREST,sms,roc,0.07088082901554404,0.5796519410977242,0.4511460420680962
IFOREST,sms,roc,0.07129533678756476,0.5796519410977242,0.45042610681651735
IFOREST,sms,roc,0.07129533678756476,0.5809906291834003,0.4497338801698783
IFOREST,sms,roc,0.07150259067357513,0.5809906291834003,0.4496156976816484
IFOREST,sms,roc,0.07191709844559585,0.5809906291834003,0.4495761529493248
IFOREST,sms,roc,0.07253886010362694,0.5809906291834003,0.4491005650242697
IFOREST,sms,roc,0.07253886010362694,0.5823293172690763,0.44867441845881945
IFOREST,sms,roc,0.0727461139896373,0.5823293172690763,0.4485149174239546
IFOREST,sms,roc,0.0727461139896373,0.5850066934404283,0.4484562368201543
IFOREST,sms,roc,0.07316062176165804,0.5850066934404283,0.44842121357987513
IFOREST,sms,roc,0.07316062176165804,0.5863453815261044,0.4481879891037628
IFOREST,sms,roc,0.07419689119170984,0.5863453815261044,0.44641962814845243
IFOREST,sms,roc,0.07419689119170984,0.5890227576974565,0.44574045268518414
IFOREST,sms,roc,0.07419689119170984,0.5917001338688086,0.4454529298214927
IFOREST,sms,roc,0.07419689119170984,0.5970548862115127,0.44496599738522674
IFOREST,sms,roc,0.07481865284974093,0.5970548862115127,0.44466606452532187
IFOREST,sms,roc,0.07544041450777202,0.5970548862115127,0.44455215137973036
IFOREST,sms,roc,0.07709844559585492,0.5970548862115127,0.4423857129790677
IFOREST,sms,roc,0.07709844559585492,0.5983935742971888,0.4423669937467345
IFOREST,sms,roc,0.07709844559585492,0.6010709504685409,0.44223437900556717
IFOREST,sms,roc,0.07709844559585492,0.6024096385542169,0.44198418006069673
IFOREST,sms,roc,0.07772020725388601,0.6024096385542169,0.4416263503335299
IFOREST,sms,roc,0.07772020725388601,0.6037483266398929,0.44148944981023536
IFOREST,sms,roc,0.07875647668393783,0.6037483266398929,0.44053335948566175
IFOREST,sms,roc,0.07917098445595855,0.6037483266398929,0.4404449270381877
IFOREST,sms,roc,0.08020725388601037,0.6037483266398929,0.43923570205075174
IFOREST,sms,roc,0.08062176165803109,0.6037483266398929,0.4389222277910023
IFOREST,sms,roc,0.08352331606217617,0.6037483266398929,0.4336967474827227
IFOREST,sms,roc,0.08352331606217617,0.606425702811245,0.4335577415466196
IFOREST,sms,roc,0.08352331606217617,0.6104417670682731,0.4331047971306159
IFOREST,sms,roc,0.08373056994818653,0.6104417670682731,0.43298576072955425
IFOREST,sms,roc,0.08373056994818653,0.6117804551539491,0.43276014790818934
IFOREST,sms,roc,0.08373056994818653,0.6157965194109772,0.43215953472870916
IFOREST,sms,roc,0.08393782383419689,0.6157965194109772,0.43203040519551367
IFOREST,sms,roc,0.08393782383419689,0.6171352074966533,0.43148441156517986
IFOREST,sms,roc,0.08435233160621762,0.6171352074966533,0.43125588473703924
IFOREST,sms,roc,0.08435233160621762,0.6198125836680054,0.43119214374918113
IFOREST,sms,roc,0.08621761658031088,0.6198125836680054,0.42917198228805414
IFOREST,sms,roc,0.08621761658031088,0.6211512717536813,0.4288783969423785
IFOREST,sms,roc,0.0882901554404145,0.6211512717536813,0.4269478116504097
IFOREST,sms,roc,0.08891191709844559,0.6211512717536813,0.4269258256048716
IFOREST,sms,roc,0.08891191709844559,0.6238286479250335,0.4258109648762939
IFOREST,sms,roc,0.08932642487046633,0.6238286479250335,0.42505112414649876
IFOREST,sms,roc,0.08974093264248705,0.6238286479250335,0.4246967484264096
IFOREST,sms,roc,0.09036269430051813,0.6238286479250335,0.4239772862298022
IFOREST,sms,roc,0.09284974093264249,0.6238286479250335,0.42392479982688847
IFOREST,sms,roc,0.09305699481865284,0.6238286479250335,0.4231783937826232
IFOREST,sms,roc,0.09305699481865284,0.6251673360107095,0.4230283017246128
IFOREST,sms,roc,0.09471502590673575,0.6251673360107095,0.4206818953176384
IFOREST,sms,roc,0.09471502590673575,0.6265060240963856,0.4204640327264637
IFOREST,sms,roc,0.09512953367875647,0.6265060240963856,0.42036762527960275
IFOREST,sms,roc,0.09533678756476684,0.6265060240963856,0.4201086411320804
IFOREST,sms,roc,0.09533678756476684,0.6278447121820616,0.4199466197847844
IFOREST,sms,roc,0.09616580310880829,0.6278447121820616,0.4195466306495204
IFOREST,sms,roc,0.09616580310880829,0.6305220883534136,0.41932875613770765
IFOREST,sms,roc,0.09720207253886011,0.6305220883534136,0.418429821535281
IFOREST,sms,roc,0.09720207253886011,0.6318607764390897,0.41822655013198623
IFOREST,sms,roc,0.09761658031088083,0.6318607764390897,0.4171643976985275
IFOREST,sms,roc,0.09803108808290155,0.6318607764390897,0.4170892410011468
IFOREST,sms,roc,0.098860103626943,0.6318607764390897,0.41633848830619635
IFOREST,sms,roc,0.098860103626943,0.6331994645247657,0.41613459398252356
IFOREST,sms,roc,0.09948186528497409,0.6331994645247657,0.41598493035973405
IFOREST,sms,roc,0.09948186528497409,0.6358768406961178,0.41597556271867997
IFOREST,sms,roc,0.10093264248704663,0.6358768406961178,0.414895496448485
IFOREST,sms,roc,0.10093264248704663,0.6372155287817939,0.41479995837964434
IFOREST,sms,roc,0.10196891191709845,0.6372155287817939,0.41286452265286794
IFOREST,sms,roc,0.10196891191709845,0.6385542168674698,0.41283354167409014
IFOREST,sms,roc,0.10217616580310881,0.6385542168674698,0.4125525635130385
IFOREST,sms,roc,0.10217616580310881,0.6398929049531459,0.41250894509206776
IFOREST,sms,roc,0.10259067357512953,0.6398929049531459,0.41246129784237806
IFOREST,sms,roc,0.10259067357512953,0.642570281124498,0.4124219858714892
IFOREST,sms,roc,0.10300518134715025,0.642570281124498,0.4122784128417389
IFOREST,sms,roc,0.10300518134715025,0.6452476572958501,0.41206884895892965
IFOREST,sms,roc,0.10300518134715025,0.6465863453815262,0.41183907766385686
IFOREST,sms,roc,0.10569948186528498,0.6465863453815262,0.4101360408218492
IFOREST,sms,roc,0.10569948186528498,0.6479250334672021,0.4099910326701808
IFOREST,sms,roc,0.10652849740932642,0.6479250334672021,0.40972135415483485
IFOREST,sms,roc,0.10652849740932642,0.6519410977242303,0.40935010848466524
IFOREST,sms,roc,0.10735751295336787,0.6519410977242303,0.40826917348282665
IFOREST,sms,roc,0.10735751295336787,0.6532797858099063,0.40812026435396725
IFOREST,sms,roc,0.10797927461139896,0.6532797858099063,0.407763882415623
IFOREST,sms,roc,0.10839378238341969,0.6532797858099063,0.4074372530062507
IFOREST,sms,roc,0.10963730569948187,0.6532797858099063,0.4062493295000277
IFOREST,sms,roc,0.10963730569948187,0.6559571619812584,0.40615529812604556
IFOREST,sms,roc,0.11067357512953369,0.6559571619812584,0.40550584144491686
IFOREST,sms,roc,0.11067357512953369,0.6572958500669344,0.40530587137417384
IFOREST,sms,roc,0.11088082901554404,0.6572958500669344,0.40508793595099063
IFOREST,sms,roc,0.11150259067357512,0.6572958500669344,0.4050688985071032
IFOREST,sms,roc,0.11170984455958549,0.6572958500669344,0.4049366876411427
IFOREST,sms,roc,0.11170984455958549,0.6586345381526104,0.4047783731792429
IFOREST,sms,roc,0.11233160621761658,0.6586345381526104,0.40412017420508073
IFOREST,sms,roc,0.11233160621761658,0.6613119143239625,0.404010866984517
IFOREST,sms,roc,0.11378238341968912,0.6613119143239625,0.40283641353157074
IFOREST,sms,roc,0.11419689119170985,0.6613119143239625,0.4028331453953183
IFOREST,sms,roc,0.11419689119170985,0.6626506024096386,0.4024948937618594
IFOREST,sms,roc,0.11502590673575129,0.6626506024096386,0.40095888096268817
IFOREST,sms,roc,0.11502590673575129,0.6639892904953146,0.40093142635996576
IFOREST,sms,roc,0.11813471502590674,0.6639892904953146,0.3982360071233439
IFOREST,sms,roc,0.11813471502590674,0.6653279785809906,0.39819964578233186
IFOREST,sms,roc,0.11854922279792746,0.6653279785809906,0.3975506457591535
IFOREST,sms,roc,0.11854922279792746,0.6666666666666666,0.39752363502597415
IFOREST,sms,roc,0.11896373056994819,0.6666666666666666,0.39679510101914306
IFOREST,sms,roc,0.11958549222797928,0.6666666666666666,0.3967376001542768
IFOREST,sms,roc,0.12,0.6666666666666666,0.39654707554515345
IFOREST,sms,roc,0.12020725388601036,0.6666666666666666,0.3965131623400152
IFOREST,sms,roc,0.12020725388601036,0.6693440428380187,0.39618211361504907
IFOREST,sms,roc,0.12373056994818653,0.6693440428380187,0.39145862942646553
IFOREST,sms,roc,0.12435233160621761,0.6693440428380187,0.3913642652729372
IFOREST,sms,roc,0.12455958549222798,0.6693440428380187,0.3911970784830354
IFOREST,sms,roc,0.12455958549222798,0.6720214190093708,0.3905517503998067
IFOREST,sms,roc,0.1262176165803109,0.6720214190093708,0.389588211386285
IFOREST,sms,roc,0.1266321243523316,0.6720214190093708,0.3894990160163699
IFOREST,sms,roc,0.1266321243523316,0.6733601070950469,0.3893100708721169
IFOREST,sms,roc,0.12746113989637306,0.6733601070950469,0.38887119694567673
IFOREST,sms,roc,0.12746113989637306,0.6760374832663989,0.38871249681271236
IFOREST,sms,roc,0.1278756476683938,0.6760374832663989,0.3885333410510997
IFOREST,sms,roc,0.12870466321243523,0.6760374832663989,0.3873017191934591
IFOREST,sms,roc,0.12870466321243523,0.677376171352075,0.38717921829554874
IFOREST,sms,roc,0.1299481865284974,0.677376171352075,0.38641361758809134
IFOREST,sms,roc,0.1299481865284974,0.678714859437751,0.38629530285549946
IFOREST,sms,roc,0.13036269430051814,0.678714859437751,0.3858146797051723
IFOREST,sms,roc,0.13036269430051814,0.6813922356091031,0.38567842904543237
IFOREST,sms,roc,0.13284974093264248,0.6813922356091031,0.38298217680981206
IFOREST,sms,roc,0.13284974093264248,0.6840696117804551,0.3829096507890048
IFOREST,sms,roc,0.13347150259067359,0.6840696117804551,0.38279038913223196
IFOREST,sms,roc,0.13347150259067359,0.6854082998661312,0.3822960749966029
IFOREST,sms,roc,0.1345077720207254,0.6854082998661312,0.38097296602433134
IFOREST,sms,roc,0.1345077720207254,0.6894243641231593,0.38083082636819404
IFOREST,sms,roc,0.13740932642487047,0.6894243641231593,0.3777800361734178
IFOREST,sms,roc,0.13803108808290154,0.6894243641231593,0.3777738429102733
IFOREST,sms,roc,0.138860103626943,0.6894243641231593,0.37735737160200705
IFOREST,sms,roc,0.138860103626943,0.6907630522088354,0.3771659775417688
IFOREST,sms,roc,0.14051813471502592,0.6907630522088354,0.37607886449672645
IFOREST,sms,roc,0.14093264248704662,0.6907630522088354,0.37596682112110896
IFOREST,sms,roc,0.14134715025906736,0.6907630522088354,0.3756042047292462
IFOREST,sms,roc,0.14134715025906736,0.6921017402945113,0.37545603394578503
IFOREST,sms,roc,0.14238341968911916,0.6921017402945113,0.3747364004999333
IFOREST,sms,roc,0.14238341968911916,0.6934404283801874,0.37466591176398867
IFOREST,sms,roc,0.14259067357512953,0.6934404283801874,0.37465325874637
IFOREST,sms,roc,0.14259067357512953,0.6961178045515395,0.3745303348782708
IFOREST,sms,roc,0.14715025906735751,0.6961178045515395,0.37152234759269104
IFOREST,sms,roc,0.14715025906735751,0.6987951807228916,0.37149886820531747
IFOREST,sms,roc,0.14777202072538861,0.6987951807228916,0.3713006980436065
IFOREST,sms,roc,0.14777202072538861,0.7014725568942436,0.37076419232579205
IFOREST,sms,roc,0.14818652849740932,0.7014725568942436,0.3706983615778211
IFOREST,sms,roc,0.14818652849740932,0.7028112449799196,0.37061404076316495
IFOREST,sms,roc,0.1483937823834197,0.7028112449799196,0.37023911036541696
IFOREST,sms,roc,0.1490155440414508,0.7028112449799196,0.3700962359228178
IFOREST,sms,roc,0.14963730569948186,0.7028112449799196,0.3698343799443619
IFOREST,sms,roc,0.14963730569948186,0.7054886211512718,0.3696504314379244
IFOREST,sms,roc,0.1500518134715026,0.7054886211512718,0.3695337367292482
IFOREST,sms,roc,0.15523316062176165,0.7054886211512718,0.3664895657714599
IFOREST,sms,roc,0.15523316062176165,0.7095046854082999,0.3660846955997772
IFOREST,sms,roc,0.15606217616580312,0.7095046854082999,0.3660269207434517
IFOREST,sms,roc,0.15689119170984456,0.7095046854082999,0.36484694529151523
IFOREST,sms,roc,0.15689119170984456,0.7108433734939759,0.36482370621500276
IFOREST,sms,roc,0.16041450777202074,0.7108433734939759,0.3607363217219526
IFOREST,sms,roc,0.16082901554404144,0.7108433734939759,0.3607194285167704
IFOREST,sms,roc,0.16207253886010362,0.7108433734939759,0.36000098427253047
IFOREST,sms,roc,0.16248704663212435,0.7108433734939759,0.35993027896546864
IFOREST,sms,roc,0.16476683937823836,0.7108433734939759,0.3584429721756994
IFOREST,sms,roc,0.16476683937823836,0.7121820615796519,0.3584116882304997
IFOREST,sms,roc,0.16518134715025906,0.7121820615796519,0.3582577213931285
IFOREST,sms,roc,0.16518134715025906,0.714859437751004,0.3581850358963415
IFOREST,sms,roc,0.16642487046632123,0.714859437751004,0.3573794820663302
IFOREST,sms,roc,0.16642487046632123,0.7161981258366801,0.3570662125858908
IFOREST,sms,roc,0.16683937823834197,0.7161981258366801,0.35692260138579734
IFOREST,sms,roc,0.16683937823834197,0.7175368139223561,0.3565972875560889
IFOREST,sms,roc,0.1693264248704663,0.7175368139223561,0.3546408340400272
IFOREST,sms,roc,0.1693264248704663,0.7188755020080321,0.3545646331873181
IFOREST,sms,roc,0.1711917098445596,0.7188755020080321,0.35406977733946937
IFOREST,sms,roc,0.1711917098445596,0.7215528781793842,0.35395575743428304
IFOREST,sms,roc,0.1728497409326425,0.7215528781793842,0.3526339632684941
IFOREST,sms,roc,0.1728497409326425,0.7242302543507363,0.3524885965877136
IFOREST,sms,roc,0.1738860103626943,0.7242302543507363,0.35217719622376886
IFOREST,sms,roc,0.17430051813471503,0.7242302543507363,0.35209785140305255
IFOREST,sms,roc,0.17471502590673574,0.7242302543507363,0.35177529267622076
IFOREST,sms,roc,0.17471502590673574,0.7255689424364123,0.3517244162681934
IFOREST,sms,roc,0.1749222797927461,0.7255689424364123,0.3515531322836061
IFOREST,sms,roc,0.1749222797927461,0.7269076305220884,0.3512804772020702
IFOREST,sms,roc,0.1755440414507772,0.7269076305220884,0.35058408841656347
IFOREST,sms,roc,0.1755440414507772,0.7282463186077643,0.3505322160407767
IFOREST,sms,roc,0.176580310880829,0.7282463186077643,0.3492307217043786
IFOREST,sms,roc,0.176580310880829,0.7295850066934404,0.3491343337951201
IFOREST,sms,roc,0.17761658031088082,0.7295850066934404,0.3481543829337841
IFOREST,sms,roc,0.17761658031088082,0.7309236947791165,0.34806697897142125
IFOREST,sms,roc,0.17886010362694302,0.7309236947791165,0.3471785391114341
IFOREST,sms,roc,0.17886010362694302,0.7322623828647925,0.34698962025567104
IFOREST,sms,roc,0.17989637305699482,0.7322623828647925,0.3460460367468564
IFOREST,sms,roc,0.17989637305699482,0.7336010709504686,0.34599094637852
IFOREST,sms,roc,0.1801036269430052,0.7336010709504686,0.3459569033717133
IFOREST,sms,roc,0.1801036269430052,0.7349397590361446,0.34586794416239264
IFOREST,sms,roc,0.18072538860103626,0.7349397590361446,0.345692071009846
IFOREST,sms,roc,0.18072538860103626,0.7362784471218207,0.3456226397500145
IFOREST,sms,roc,0.18176165803108807,0.7362784471218207,0.3452601751358275
IFOREST,sms,roc,0.18176165803108807,0.7376171352074966,0.3446679182833333
IFOREST,sms,roc,0.1821761658031088,0.7376171352074966,0.34424992502494794
IFOREST,sms,roc,0.1821761658031088,0.7402945113788487,0.34406452190443476
IFOREST,sms,roc,0.18300518134715027,0.7402945113788487,0.34393576715055546
IFOREST,sms,roc,0.18362694300518134,0.7402945113788487,0.3435662031614567
IFOREST,sms,roc,0.18404145077720208,0.7402945113788487,0.3435153487948022
IFOREST,sms,roc,0.18549222797927462,0.7402945113788487,0.34255293128420045
IFOREST,sms,roc,0.18549222797927462,0.7456492637215528,0.3424004560431567
IFOREST,sms,roc,0.1867357512953368,0.7456492637215528,0.3407672477523595
IFOREST,sms,roc,0.18715025906735752,0.7456492637215528,0.34072232918843554
IFOREST,sms,roc,0.18715025906735752,0.7469879518072289,0.3406070081754868
IFOREST,sms,roc,0.1883937823834197,0.7469879518072289,0.3398129306349019
IFOREST,sms,roc,0.1883937823834197,0.7483266398929049,0.3396066560726738
IFOREST,sms,roc,0.18901554404145077,0.7483266398929049,0.33912373464153206
IFOREST,sms,roc,0.1894300518134715,0.7483266398929049,0.33899414028544955
IFOREST,sms,roc,0.19129533678756477,0.7483266398929049,0.3377201259124106
IFOREST,sms,roc,0.19129533678756477,0.749665327978581,0.33720866497539764
IFOREST,sms,roc,0.19316062176165802,0.749665327978581,0.33620759089411056
IFOREST,sms,roc,0.19357512953367875,0.749665327978581,0.33608303470464096
IFOREST,sms,roc,0.19523316062176166,0.749665327978581,0.3353936497956694
IFOREST,sms,roc,0.19523316062176166,0.751004016064257,0.335256379770512
IFOREST,sms,roc,0.19647668393782383,0.751004016064257,0.33405616072360766
IFOREST,sms,roc,0.19647668393782383,0.7523427041499331,0.33400506866599816
IFOREST,sms,roc,0.19709844559585493,0.7523427041499331,0.3338590404408621
IFOREST,sms,roc,0.19709844559585493,0.7536813922356091,0.33381436189009234
IFOREST,sms,roc,0.20103626943005182,0.7536813922356091,0.3314035680888823
IFOREST,sms,roc,0.20103626943005182,0.7550200803212851,0.33131061505781995
IFOREST,sms,roc,0.20248704663212436,0.7550200803212851,0.33035732838526516
IFOREST,sms,roc,0.20248704663212436,0.7563587684069611,0.3301883186282993
IFOREST,sms,roc,0.20310880829015543,0.7563587684069611,0.3297051841153704
IFOREST,sms,roc,0.20352331606217616,0.7563587684069611,0.32918163551818597
IFOREST,sms,roc,0.20621761658031088,0.7563587684069611,0.32755281035202094
IFOREST,sms,roc,0.2066321243523316,0.7563587684069611,0.3270666217848256
IFOREST,sms,roc,0.2066321243523316,0.7576974564926372,0.32694998006841375
IFOREST,sms,roc,0.20683937823834198,0.7576974564926372,0.32685766260065435
IFOREST,sms,roc,0.20683937823834198,0.7590361445783133,0.32680615403811014
IFOREST,sms,roc,0.20911917098445595,0.7590361445783133,0.32565313745598323
IFOREST,sms,roc,0.20911917098445595,0.7603748326639893,0.32557509493659187
IFOREST,sms,roc,0.21015544041450776,0.7603748326639893,0.3247977589513576
IFOREST,sms,roc,0.21015544041450776,0.7617135207496654,0.32472869610531485
IFOREST,sms,roc,0.21264248704663213,0.7617135207496654,0.32316308813697076
IFOREST,sms,roc,0.21264248704663213,0.7630522088353414,0.32283460322136914
IFOREST,sms,roc,0.2132642487046632,0.7630522088353414,0.3227381074518522
IFOREST,sms,roc,0.21367875647668394,0.7630522088353414,0.3218346022396996
IFOREST,sms,roc,0.21409326424870467,0.7630522088353414,0.32142748169723534
IFOREST,sms,roc,0.2155440414507772,0.7630522088353414,0.3206864898750552
IFOREST,sms,roc,0.2155440414507772,0.7643908969210174,0.32056413036908804
IFOREST,sms,roc,0.218860103626943,0.7643908969210174,0.3189119997298341
IFOREST,sms,roc,0.218860103626943,0.7657295850066934,0.31875284207131493
IFOREST,sms,roc,0.21906735751295336,0.7657295850066934,0.31869932624182634
IFOREST,sms,roc,0.2194818652849741,0.7657295850066934,0.3185172242643953
IFOREST,sms,roc,0.21989637305699483,0.7657295850066934,0.3175980793840104
IFOREST,sms,roc,0.21989637305699483,0.7670682730923695,0.31752839848208153
IFOREST,sms,roc,0.2215544041450777,0.7670682730923695,0.31671659169986305
IFOREST,sms,roc,0.22196891191709844,0.7670682730923695,0.31655064734007893
IFOREST,sms,roc,0.22196891191709844,0.7684069611780455,0.31642936525435894
IFOREST,sms,roc,0.22404145077720208,0.7684069611780455,0.3144412079364074
IFOREST,sms,roc,0.22404145077720208,0.7724230254350736,0.3142784212113282
IFOREST,sms,roc,0.22549222797927462,0.7724230254350736,0.31353403530569807
IFOREST,sms,roc,0.22549222797927462,0.7737617135207496,0.31338275537912746
IFOREST,sms,roc,0.2261139896373057,0.7737617135207496,0.31321672082881413
IFOREST,sms,roc,0.22652849740932643,0.7737617135207496,0.31311808719761186
IFOREST,sms,roc,0.22694300518134716,0.7737617135207496,0.3127519578275728
IFOREST,sms,roc,0.23025906735751295,0.7737617135207496,0.311302719128491
IFOREST,sms,roc,0.23025906735751295,0.7751004016064257,0.31129052565291376
IFOREST,sms,roc,0.23108808290155441,0.7751004016064257,0.31104602238628704
IFOREST,sms,roc,0.23108808290155441,0.7764390896921017,0.31077251736202877
IFOREST,sms,roc,0.23150259067357512,0.7764390896921017,0.3106967013868176
IFOREST,sms,roc,0.23150259067357512,0.7791164658634538,0.3105822214283468
IFOREST,sms,roc,0.23419689119170983,0.7791164658634538,0.30855005814363096
IFOREST,sms,roc,0.23419689119170983,0.7804551539491299,0.30848771625257526
IFOREST,sms,roc,0.23481865284974093,0.7804551539491299,0.3084189384330034
IFOREST,sms,roc,0.23481865284974093,0.7817938420348058,0.3080890982493225
IFOREST,sms,roc,0.23544041450777203,0.7817938420348058,0.3078428123738578
IFOREST,sms,roc,0.2360621761658031,0.7817938420348058,0.30777255710515733
IFOREST,sms,roc,0.23751295336787565,0.7817938420348058,0.30664161350034674
IFOREST,sms,roc,0.23751295336787565,0.7871485943775101,0.3066171509755588
IFOREST,sms,roc,0.23854922279792745,0.7871485943775101,0.3061810414905162
IFOREST,sms,roc,0.23896373056994819,0.7871485943775101,0.30617283643122617
IFOREST,sms,roc,0.24124352331606216,0.7871485943775101,0.3055394754612174
IFOREST,sms,roc,0.24124352331606216,0.7884872824631861,0.3054965783746735
IFOREST,sms,roc,0.24145077720207253,0.7884872824631861,0.30549210864902104
IFOREST,sms,roc,0.24186528497409326,0.7884872824631861,0.30544448160921517
IFOREST,sms,roc,0.24207253886010363,0.7884872824631861,0.3053443414713016
IFOREST,sms,roc,0.24290155440414507,0.7884872824631861,0.30521862261828864
IFOREST,sms,roc,0.24663212435233162,0.7884872824631861,0.3028269585763621
IFOREST,sms,roc,0.24704663212435232,0.7884872824631861,0.3027332227018339
IFOREST,sms,roc,0.24766839378238342,0.7884872824631861,0.3026051007923287
IFOREST,sms,roc,0.24766839378238342,0.7898259705488622,0.30247435858862937
IFOREST,sms,roc,0.24911917098445596,0.7898259705488622,0.30173133607887265
IFOREST,sms,roc,0.24911917098445596,0.7911646586345381,0.30158658535463856
IFOREST,sms,roc,0.2532642487046632,0.7911646586345381,0.29923043306585273
IFOREST,sms,roc,0.2532642487046632,0.7925033467202142,0.2991931347406749
IFOREST,sms,roc,0.2545077720207254,0.7925033467202142,0.29857324288447756
IFOREST,sms,roc,0.2545077720207254,0.7938420348058902,0.2984332029428105
IFOREST,sms,roc,0.25512953367875646,0.7938420348058902,0.2980881411907828
IFOREST,sms,roc,0.2555440414507772,0.7938420348058902,0.2980392462094897
IFOREST,sms,roc,0.2557512953367876,0.7938420348058902,0.29759520997879046
IFOREST,sms,roc,0.2557512953367876,0.7951807228915663,0.29733136907573465
IFOREST,sms,roc,0.25616580310880827,0.7951807228915663,0.29715705402641923
IFOREST,sms,roc,0.25616580310880827,0.7965194109772423,0.2971434399932798
IFOREST,sms,roc,0.25699481865284973,0.7965194109772423,0.296925722649029
IFOREST,sms,roc,0.25699481865284973,0.7991967871485943,0.29675581654507954
IFOREST,sms,roc,0.25927461139896374,0.7991967871485943,0.2952808974844245
IFOREST,sms,roc,0.2596891191709845,0.7991967871485943,0.29519066686206447
IFOREST,sms,roc,0.2671502590673575,0.7991967871485943,0.2913186931556342
IFOREST,sms,roc,0.2671502590673575,0.8045515394912985,0.2911495336133179
IFOREST,sms,roc,0.26984455958549225,0.8045515394912985,0.28990135063979555
IFOREST,sms,roc,0.26984455958549225,0.8058902275769746,0.28908680724031616
IFOREST,sms,roc,0.2700518134715026,0.8058902275769746,0.289071929791037
IFOREST,sms,roc,0.2700518134715026,0.8072289156626506,0.2889352547423554
IFOREST,sms,roc,0.2762694300518135,0.8072289156626506,0.28606220122630976
IFOREST,sms,roc,0.2762694300518135,0.8085676037483266,0.28594450858619475
IFOREST,sms,roc,0.27689119170984455,0.8085676037483266,0.2857837908833786
IFOREST,sms,roc,0.27689119170984455,0.8099062918340026,0.2856579853021243
IFOREST,sms,roc,0.27689119170984455,0.8125836680053548,0.28561540235237587
IFOREST,sms,roc,0.277720207253886,0.8125836680053548,0.2852538850877065
IFOREST,sms,roc,0.277720207253886,0.8152610441767069,0.2851729093577157
IFOREST,sms,roc,0.28103626943005183,0.8152610441767069,0.28451761160419375
IFOREST,sms,roc,0.28103626943005183,0.8165997322623829,0.28451510243299155
IFOREST,sms,roc,0.28186528497409324,0.8165997322623829,0.2842583842668129
IFOREST,sms,roc,0.28186528497409324,0.8192771084337349,0.28407676795044196
IFOREST,sms,roc,0.28207253886010364,0.8192771084337349,0.2839499816432586
IFOREST,sms,roc,0.28207253886010364,0.820615796519411,0.28385453014135986
IFOREST,sms,roc,0.2824870466321244,0.820615796519411,0.2837410067333234
IFOREST,sms,roc,0.28290155440414505,0.820615796519411,0.28362921560598553
IFOREST,sms,roc,0.28290155440414505,0.821954484605087,0.28351557380310083
IFOREST,sms,roc,0.2833160621761658,0.821954484605087,0.283265302478927
IFOREST,sms,roc,0.2833160621761658,0.8232931726907631,0.28316651267584925
IFOREST,sms,roc,0.28642487046632126,0.8232931726907631,0.2817885837062552
IFOREST,sms,roc,0.28642487046632126,0.8246318607764391,0.2817149364732968
IFOREST,sms,roc,0.286839378238342,0.8246318607764391,0.28157525704822994
IFOREST,sms,roc,0.286839378238342,0.8259705488621151,0.2813869426784233
IFOREST,sms,roc,0.28746113989637306,0.8259705488621151,0.2807743044275947
IFOREST,sms,roc,0.28808290155440414,0.8259705488621151,0.28074427548225434
IFOREST,sms,roc,0.28849740932642487,0.8259705488621151,0.28056466609898373
IFOREST,sms,roc,0.28849740932642487,0.8273092369477911,0.28043525222837906
IFOREST,sms,roc,0.2899481865284974,0.8273092369477911,0.27922442611831166
IFOREST,sms,roc,0.2899481865284974,0.8406961178045516,0.27914009639353865
IFOREST,sms,roc,0.2928497409326425,0.8406961178045516,0.2772969820479252
IFOREST,sms,roc,0.2928497409326425,0.8420348058902276,0.2771640928459623
IFOREST,sms,roc,0.2932642487046632,0.8420348058902276,0.2771348921337207
IFOREST,sms,roc,0.2978238341968912,0.8420348058902276,0.2761196427240769
IFOREST,sms,roc,0.29844559585492225,0.8420348058902276,0.276081170962871
IFOREST,sms,roc,0.29865284974093265,0.8420348058902276,0.27607314704434216
IFOREST,sms,roc,0.29865284974093265,0.8433734939759037,0.2760538380982931
IFOREST,sms,roc,0.2990673575129534,0.8433734939759037,0.27601597701950703
IFOREST,sms,roc,0.2990673575129534,0.8447121820615796,0.2759986170325227
IFOREST,sms,roc,0.30093264248704665,0.8447121820615796,0.2756309226917166
IFOREST,sms,roc,0.30134715025906733,0.8447121820615796,0.2756088956934553
IFOREST,sms,roc,0.30176165803108806,0.8447121820615796,0.2750027865246274
IFOREST,sms,roc,0.30176165803108806,0.8473895582329317,0.27496513658184196
IFOREST,sms,roc,0.3021761658031088,0.8473895582329317,0.274729727537573
IFOREST,sms,roc,0.3021761658031088,0.8487282463186078,0.27454576383147605
IFOREST,sms,roc,0.30300518134715027,0.8487282463186078,0.27388294024785714
IFOREST,sms,roc,0.3044559585492228,0.8487282463186078,0.2738745664419883
IFOREST,sms,roc,0.30487046632124354,0.8487282463186078,0.2737530788145409
IFOREST,sms,roc,0.30487046632124354,0.8500669344042838,0.27343334476954934
IFOREST,sms,roc,0.30528497409326427,0.8500669344042838,0.27312980435435
IFOREST,sms,roc,0.30528497409326427,0.8514056224899599,0.27275784694811334
IFOREST,sms,roc,0.30590673575129534,0.8514056224899599,0.2725767485657565
IFOREST,sms,roc,0.30590673575129534,0.8527443105756358,0.2725682482800236
IFOREST,sms,roc,0.30694300518134715,0.8527443105756358,0.27145091518009135
IFOREST,sms,roc,0.30694300518134715,0.8540829986613119,0.2711794153542513
IFOREST,sms,roc,0.30922279792746116,0.8540829986613119,0.27058859291045523
IFOREST,sms,roc,0.30984455958549223,0.8540829986613119,0.2705681116579564
IFOREST,sms,roc,0.31005181347150257,0.8540829986613119,0.27036006959122366
IFOREST,sms,roc,0.31005181347150257,0.8554216867469879,0.27026107094873025
IFOREST,sms,roc,0.3104663212435233,0.8554216867469879,0.27011506044496986
IFOREST,sms,roc,0.31088082901554404,0.8554216867469879,0.2699350848551783
IFOREST,sms,roc,0.3127461139896373,0.8554216867469879,0.26929307456988566
IFOREST,sms,roc,0.3127461139896373,0.85809906291834,0.2690691515028941
IFOREST,sms,roc,0.3135751295336788,0.85809906291834,0.2684209023008768
IFOREST,sms,roc,0.3135751295336788,0.8594377510040161,0.26841178483099554
IFOREST,sms,roc,0.3135751295336788,0.8621151271753681,0.2683960519255695
IFOREST,sms,roc,0.3189637305699482,0.8621151271753681,0.26686043768671863
IFOREST,sms,roc,0.3189637305699482,0.8647925033467202,0.26676164480515746
IFOREST,sms,roc,0.3210362694300518,0.8647925033467202,0.26571302564105004
IFOREST,sms,roc,0.3216580310880829,0.8647925033467202,0.26565368945277273
IFOREST,sms,roc,0.32455958549222796,0.8647925033467202,0.2642122510001393
IFOREST,sms,roc,0.3251813471502591,0.8647925033467202,0.2635796530994058
IFOREST,sms,roc,0.32580310880829016,0.8647925033467202,0.26317469341761285
IFOREST,sms,roc,0.32580310880829016,0.8661311914323963,0.2629147192868372
IFOREST,sms,roc,0.3262176165803109,0.8661311914323963,0.2626536973424492
IFOREST,sms,roc,0.3262176165803109,0.8674698795180723,0.2626167030769184
IFOREST,sms,roc,0.3293264248704663,0.8674698795180723,0.2618005008817933
IFOREST,sms,roc,0.3293264248704663,0.8688085676037484,0.2617382973149301
IFOREST,sms,roc,0.3299481865284974,0.8688085676037484,0.26161821123667484
IFOREST,sms,roc,0.3303626943005181,0.8688085676037484,0.26160169595319427
IFOREST,sms,roc,0.33264248704663213,0.8688085676037484,0.2601138844592422
IFOREST,sms,roc,0.33264248704663213,0.8714859437751004,0.25993792003019317
IFOREST,sms,roc,0.3332642487046632,0.8714859437751004,0.2595610784160311
IFOREST,sms,roc,0.33367875647668394,0.8714859437751004,0.25953345041689924
IFOREST,sms,roc,0.33575129533678755,0.8714859437751004,0.25889661495592975
IFOREST,sms,roc,0.33575129533678755,0.8728246318607764,0.25887478326403274
IFOREST,sms,roc,0.3363730569948187,0.8728246318607764,0.2587948467570329
IFOREST,sms,roc,0.3363730569948187,0.8741633199464525,0.25875240076894207
IFOREST,sms,roc,0.3384455958549223,0.8741633199464525,0.25793014918940216
IFOREST,sms,roc,0.338860103626943,0.8741633199464525,0.2578572617524797
IFOREST,sms,roc,0.3398963730569948,0.8741633199464525,0.2570916287434878
IFOREST,sms,roc,0.3398963730569948,0.8755020080321285,0.2569488992468937
IFOREST,sms,roc,0.3415544041450777,0.8755020080321285,0.2564066735954293
IFOREST,sms,roc,0.3415544041450777,0.8781793842034806,0.25636843440341317
IFOREST,sms,roc,0.3423834196891192,0.8781793842034806,0.25612510056814364
IFOREST,sms,roc,0.3423834196891192,0.8821954484605087,0.2560393879511068
IFOREST,sms,roc,0.3438341968911917,0.8821954484605087,0.2558145284695113
IFOREST,sms,roc,0.34424870466321245,0.8821954484605087,0.25571178086824264
IFOREST,sms,roc,0.345699481865285,0.8821954484605087,0.2551217441289035
IFOREST,sms,roc,0.34632124352331606,0.8821954484605087,0.25496033133077733
IFOREST,sms,roc,0.3494300518134715,0.8821954484605087,0.2532366605564634
IFOREST,sms,roc,0.3494300518134715,0.8835341365461847,0.25318311359352225
IFOREST,sms,roc,0.3498445595854922,0.8835341365461847,0.2529257003480603
IFOREST,sms,roc,0.3498445595854922,0.8848728246318608,0.2529159979262667
IFOREST,sms,roc,0.3506735751295337,0.8848728246318608,0.25269846860902795
IFOREST,sms,roc,0.3506735751295337,0.8875502008032129,0.252586892509001
IFOREST,sms,roc,0.350880829015544,0.8875502008032129,0.2525389854759244
IFOREST,sms,roc,0.350880829015544,0.8888888888888888,0.2524507176315095
IFOREST,sms,roc,0.3527461139896373,0.8888888888888888,0.25108497764791404
IFOREST,sms,roc,0.3527461139896373,0.8902275769745649,0.25106675656920746
IFOREST,sms,roc,0.35544041450777203,0.8902275769745649,0.2504441660085362
IFOREST,sms,roc,0.3560621761658031,0.8902275769745649,0.25035055147687874
IFOREST,sms,roc,0.3562694300518135,0.8902275769745649,0.25030440362389816
IFOREST,sms,roc,0.3562694300518135,0.892904953145917,0.2502897609186237
IFOREST,sms,roc,0.3566839378238342,0.892904953145917,0.2502776019134212
IFOREST,sms,roc,0.3566839378238342,0.8942436412315931,0.25024831619639526
IFOREST,sms,roc,0.35689119170984457,0.8942436412315931,0.25022317289591345
IFOREST,sms,roc,0.35751295336787564,0.8942436412315931,0.25014989553616956
IFOREST,sms,roc,0.3591709844559586,0.8942436412315931,0.24952281816864363
IFOREST,sms,roc,0.3591709844559586,0.8969210174029452,0.2494567897376783
IFOREST,sms,roc,0.36,0.8969210174029452,0.2491058473070034
IFOREST,sms,roc,0.3606217616580311,0.8969210174029452,0.24898740383945742
IFOREST,sms,roc,0.36082901554404145,0.8969210174029452,0.24874635010679294
IFOREST,sms,roc,0.36082901554404145,0.8982597054886211,0.2486346152091154
IFOREST,sms,roc,0.3649740932642487,0.8982597054886211,0.24675173042800785
IFOREST,sms,roc,0.3649740932642487,0.8995983935742972,0.24671752121011373
IFOREST,sms,roc,0.3699481865284974,0.8995983935742972,0.2446766455020158
IFOREST,sms,roc,0.37036269430051816,0.8995983935742972,0.24459711423350045
IFOREST,sms,roc,0.37119170984455957,0.8995983935742972,0.24436080890649792
IFOREST,sms,roc,0.3716062176165803,0.8995983935742972,0.24433510419516818
IFOREST,sms,roc,0.37512953367875645,0.8995983935742972,0.24229295276844118
IFOREST,sms,roc,0.3755440414507772,0.8995983935742972,0.24227053491367825
IFOREST,sms,roc,0.37844559585492227,0.8995983935742972,0.2417259690817521
IFOREST,sms,roc,0.37844559585492227,0.9009370816599732,0.24157944123395603
IFOREST,sms,roc,0.37927461139896373,0.9009370816599732,0.24147494498682687
IFOREST,sms,roc,0.37927461139896373,0.9036144578313253,0.24143839048416055
IFOREST,sms,roc,0.3805181347150259,0.9036144578313253,0.24073101998704255
IFOREST,sms,roc,0.3805181347150259,0.9062918340026773,0.24066485719374453
IFOREST,sms,roc,0.381139896373057,0.9062918340026773,0.24033159902040688
IFOREST,sms,roc,0.3817616580310881,0.9062918340026773,0.2400895723307242
IFOREST,sms,roc,0.3819689119170984,0.9062918340026773,0.2399484239526771
IFOREST,sms,roc,0.38238341968911915,0.9062918340026773,0.23982929754949153
IFOREST,sms,roc,0.38466321243523316,0.9062918340026773,0.23865132611717732
IFOREST,sms,roc,0.38466321243523316,0.9076305220883534,0.23849739092696315
IFOREST,sms,roc,0.3854922279792746,0.9076305220883534,0.23829631813285787
IFOREST,sms,roc,0.3854922279792746,0.9089692101740294,0.2382476211713804
IFOREST,sms,roc,0.38652849740932643,0.9089692101740294,0.23783508614911633
IFOREST,sms,roc,0.38694300518134717,0.9089692101740294,0.23775160492260072
IFOREST,sms,roc,0.38797927461139897,0.9089692101740294,0.2369149767944873
IFOREST,sms,roc,0.3883937823834197,0.9089692101740294,0.23690229639069396
IFOREST,sms,roc,0.3904663212435233,0.9089692101740294,0.23610238707454753
IFOREST,sms,roc,0.39088082901554405,0.9089692101740294,0.23610013560205198
IFOREST,sms,roc,0.3950259067357513,0.9089692101740294,0.23471846713918537
IFOREST,sms,roc,0.3950259067357513,0.9103078982597055,0.234671864123174
IFOREST,sms,roc,0.3973056994818653,0.9103078982597055,0.2334319903780315
IFOREST,sms,roc,0.3973056994818653,0.9116465863453815,0.23336106818709929
IFOREST,sms,roc,0.3983419689119171,0.9116465863453815,0.23323923069609562
IFOREST,sms,roc,0.39896373056994816,0.9116465863453815,0.23317899118517502
IFOREST,sms,roc,0.40414507772020725,0.9116465863453815,0.2311006585214961
IFOREST,sms,roc,0.40414507772020725,0.9129852744310576,0.23090133008176164
IFOREST,sms,roc,0.4047668393782383,0.9129852744310576,0.23066773248233124
IFOREST,sms,roc,0.40538860103626945,0.9129852744310576,0.23066035000750276
IFOREST,sms,roc,0.4055958549222798,0.9129852744310576,0.23065234000750487
IFOREST,sms,roc,0.4060103626943005,0.9129852744310576,0.23056543459131998
IFOREST,sms,roc,0.4066321243523316,0.9129852744310576,0.2303914097400022
IFOREST,sms,roc,0.4070466321243523,0.9129852744310576,0.2303304564534247
IFOREST,sms,roc,0.4076683937823834,0.9129852744310576,0.2302913323895679
IFOREST,sms,roc,0.4082901554404145,0.9129852744310576,0.23024998732663135
IFOREST,sms,roc,0.4132642487046632,0.9129852744310576,0.22868554395044666
IFOREST,sms,roc,0.4132642487046632,0.9143239625167336,0.2285400931444402
IFOREST,sms,roc,0.4161658031088083,0.9143239625167336,0.2275406366960668
IFOREST,sms,roc,0.41658031088082903,0.9143239625167336,0.22751748298195876
IFOREST,sms,roc,0.41865284974093264,0.9143239625167336,0.22718007554848177
IFOREST,sms,roc,0.41865284974093264,0.9156626506024096,0.22715629603138857
IFOREST,sms,roc,0.4265284974093264,0.9156626506024096,0.22400416804979736
IFOREST,sms,roc,0.42715025906735754,0.9156626506024096,0.22395396707812854
IFOREST,sms,roc,0.42818652849740935,0.9156626506024096,0.22382189905109665
IFOREST,sms,roc,0.42818652849740935,0.9170013386880856,0.22367545773527397
IFOREST,sms,roc,0.42860103626943,0.9170013386880856,0.22358468014520966
IFOREST,sms,roc,0.4344041450777202,0.9170013386880856,0.22171167764251545
IFOREST,sms,roc,0.4344041450777202,0.9183400267737617,0.22158175755889964
IFOREST,sms,roc,0.4348186528497409,0.9183400267737617,0.22140448688359537
IFOREST,sms,roc,0.4348186528497409,0.9196787148594378,0.22135816763456573
IFOREST,sms,roc,0.4370984455958549,0.9196787148594378,0.2207998224133577
IFOREST,sms,roc,0.43751295336787566,0.9196787148594378,0.22077867307592472
IFOREST,sms,roc,0.43854922279792746,0.9196787148594378,0.2206678418098832
IFOREST,sms,roc,0.4389637305699482,0.9196787148594378,0.22065759072407476
IFOREST,sms,roc,0.4431088082901554,0.9196787148594378,0.2190824877377744
IFOREST,sms,roc,0.44352331606217615,0.9196787148594378,0.2190489127590277
IFOREST,sms,roc,0.44766839378238343,0.9196787148594378,0.2183632386603421
IFOREST,sms,roc,0.44808290155440417,0.9196787148594378,0.21831674484597882
IFOREST,sms,roc,0.4493264248704663,0.9196787148594378,0.21761758458508978
IFOREST,sms,roc,0.4499481865284974,0.9196787148594378,0.21754819026069466
IFOREST,sms,roc,0.4516062176165803,0.9196787148594378,0.21627074628940074
IFOREST,sms,roc,0.4516062176165803,0.9210174029451138,0.21626640246524462
IFOREST,sms,roc,0.4572020725388601,0.9210174029451138,0.21511467739057963
IFOREST,sms,roc,0.4572020725388601,0.9236947791164659,0.21509798085630893
IFOREST,sms,roc,0.4574093264248705,0.9236947791164659,0.21507673156590942
IFOREST,sms,roc,0.4578238341968912,0.9236947791164659,0.21500025018232638
IFOREST,sms,roc,0.46010362694300516,0.9236947791164659,0.21385939516272384
IFOREST,sms,roc,0.4605181347150259,0.9236947791164659,0.21361848512206202
IFOREST,sms,roc,0.4659067357512953,0.9236947791164659,0.21222652039106063
IFOREST,sms,roc,0.46632124352331605,0.9236947791164659,0.2122092346158539
IFOREST,sms,roc,0.4671502590673575,0.9236947791164659,0.21205436459849214
IFOREST,sms,roc,0.4671502590673575,0.9250334672021419,0.21196628798015255
IFOREST,sms,roc,0.46839378238341967,0.9250334672021419,0.21166170408292087
IFOREST,sms,roc,0.46839378238341967,0.9263721552878179,0.2116507692228001
IFOREST,sms,roc,0.47129533678756474,0.9263721552878179,0.21055067280533438
IFOREST,sms,roc,0.47129533678756474,0.92904953145917,0.21041346107161496
IFOREST,sms,roc,0.47150259067357514,0.92904953145917,0.21039796938103086
IFOREST,sms,roc,0.4719170984455959,0.92904953145917,0.21035343544073298
IFOREST,sms,roc,0.4733678756476684,0.92904953145917,0.210125892256136
IFOREST,sms,roc,0.4733678756476684,0.9303882195448461,0.21010599570545824
IFOREST,sms,roc,0.47378238341968915,0.9303882195448461,0.2100125053946295
IFOREST,sms,roc,0.4741968911917098,0.9303882195448461,0.2099748061179847
IFOREST,sms,roc,0.4750259067357513,0.9303882195448461,0.2098729784816346
IFOREST,sms,roc,0.4750259067357513,0.9317269076305221,0.20985810308735042
IFOREST,sms,roc,0.4752331606217617,0.9317269076305221,0.2098537794631519
IFOREST,sms,roc,0.4752331606217617,0.9330655957161981,0.2098414976132645
IFOREST,sms,roc,0.47564766839378236,0.9330655957161981,0.20974859269190607
IFOREST,sms,roc,0.47564766839378236,0.9344042838018741,0.20968499960118483
IFOREST,sms,roc,0.4773056994818653,0.9344042838018741,0.20927905508965888
IFOREST,sms,roc,0.4773056994818653,0.9357429718875502,0.20915685547387453
IFOREST,sms,roc,0.48207253886010365,0.9357429718875502,0.2071749320627947
IFOREST,sms,roc,0.4826943005181347,0.9357429718875502,0.2071358236949185
IFOREST,sms,roc,0.4872538860103627,0.9357429718875502,0.20557546939666393
IFOREST,sms,roc,0.4876683937823834,0.9357429718875502,0.2055698804871348
IFOREST,sms,roc,0.48932642487046635,0.9357429718875502,0.2046986178948725
IFOREST,sms,roc,0.489740932642487,0.9357429718875502,0.20462143611798522
IFOREST,sms,roc,0.49015544041450776,0.9357429718875502,0.204593476340962
IFOREST,sms,roc,0.49637305699481865,0.9357429718875502,0.2045335635077774
IFOREST,sms,roc,0.496580310880829,0.9357429718875502,0.2045252787309878
IFOREST,sms,roc,0.496580310880829,0.9397590361445783,0.204364816131999
IFOREST,sms,roc,0.4972020725388601,0.9397590361445783,0.20402580653059646
IFOREST,sms,roc,0.4978238341968912,0.9397590361445783,0.20372128552820498
IFOREST,sms,roc,0.4978238341968912,0.9410977242302544,0.20365708737835417
IFOREST,sms,roc,0.49968911917098446,0.9410977242302544,0.2027017068208493
IFOREST,sms,roc,0.5003108808290155,0.9410977242302544,0.20269192485066212
IFOREST,sms,roc,0.503419689119171,0.9410977242302544,0.2014381666122899
IFOREST,sms,roc,0.5038341968911917,0.9410977242302544,0.2013926616022426
IFOREST,sms,roc,0.5052849740932642,0.9410977242302544,0.20082067618915292
IFOREST,sms,roc,0.505699481865285,0.9410977242302544,0.2007510990636755
IFOREST,sms,roc,0.5067357512953368,0.9410977242302544,0.20032363222331698
IFOREST,sms,roc,0.5067357512953368,0.9424364123159303,0.20027457292367803
IFOREST,sms,roc,0.510880829015544,0.9424364123159303,0.19831658215892847
IFOREST,sms,roc,0.5112953367875648,0.9424364123159303,0.198176205305396
IFOREST,sms,roc,0.5115025906735752,0.9424364123159303,0.1981656722431796
IFOREST,sms,roc,0.5115025906735752,0.9451137884872824,0.19791533652022267
IFOREST,sms,roc,0.5148186528497409,0.9451137884872824,0.19590038804563034
IFOREST,sms,roc,0.515440414507772,0.9451137884872824,0.1958998078136894
IFOREST,sms,roc,0.5218652849740932,0.9451137884872824,0.19475360196669195
IFOREST,sms,roc,0.522279792746114,0.9451137884872824,0.19470999664862976
IFOREST,sms,roc,0.5224870466321243,0.9451137884872824,0.1946020140674017
IFOREST,sms,roc,0.5229015544041451,0.9451137884872824,0.194458360885641
IFOREST,sms,roc,0.5241450777202072,0.9451137884872824,0.19347810906052146
IFOREST,sms,roc,0.5241450777202072,0.9464524765729585,0.19343179229107604
IFOREST,sms,roc,0.5260103626943006,0.9464524765729585,0.19281967792728896
IFOREST,sms,roc,0.5260103626943006,0.9477911646586346,0.19267823972664533
IFOREST,sms,roc,0.5262176165803109,0.9477911646586346,0.19250381621075557
IFOREST,sms,roc,0.5266321243523316,0.9477911646586346,0.19242143065971337
IFOREST,sms,roc,0.5332642487046632,0.9477911646586346,0.19014650974899636
IFOREST,sms,roc,0.533678756476684,0.9477911646586346,0.19012161403415637
IFOREST,sms,roc,0.5372020725388601,0.9477911646586346,0.18955676259404347
IFOREST,sms,roc,0.5380310880829016,0.9477911646586346,0.1894810166446087
IFOREST,sms,roc,0.5405181347150259,0.9477911646586346,0.18844951055466125
IFOREST,sms,roc,0.541139896373057,0.9477911646586346,0.1884492288895691
IFOREST,sms,roc,0.5423834196891192,0.9477911646586346,0.18802074634708826
IFOREST,sms,roc,0.5427979274611399,0.9477911646586346,0.18801274044560953
IFOREST,sms,roc,0.5427979274611399,0.9504685408299867,0.1878485047494327
IFOREST,sms,roc,0.5473575129533679,0.9504685408299867,0.18679881934897666
IFOREST,sms,roc,0.547979274611399,0.9504685408299867,0.1866924740387202
IFOREST,sms,roc,0.5481865284974093,0.9504685408299867,0.1866678931020068
IFOREST,sms,roc,0.54860103626943,0.9504685408299867,0.18657367740277261
IFOREST,sms,roc,0.5500518134715026,0.9504685408299867,0.18609061818926656
IFOREST,sms,roc,0.5504663212435233,0.9504685408299867,0.18600129463237733
IFOREST,sms,roc,0.5506735751295336,0.9504685408299867,0.18596634759996766
IFOREST,sms,roc,0.5506735751295336,0.9518072289156626,0.18590855572492318
IFOREST,sms,roc,0.5527461139896374,0.9518072289156626,0.18444234427337985
IFOREST,sms,roc,0.5533678756476684,0.9518072289156626,0.18444156846620471
IFOREST,sms,roc,0.56,0.9518072289156626,0.18237289709260598
IFOREST,sms,roc,0.5606217616580311,0.9518072289156626,0.18236266572779086
IFOREST,sms,roc,0.5608290155440414,0.9518072289156626,0.18212667211983796
IFOREST,sms,roc,0.5612435233160622,0.9518072289156626,0.18192531147476212
IFOREST,sms,roc,0.5639378238341969,0.9518072289156626,0.1813427915149522
IFOREST,sms,roc,0.564559585492228,0.9518072289156626,0.18131652403932358
IFOREST,sms,roc,0.569119170984456,0.9518072289156626,0.17987699693308654
IFOREST,sms,roc,0.5695336787564766,0.9518072289156626,0.17965778592744416
IFOREST,sms,roc,0.5703626943005181,0.9518072289156626,0.17914840528406248
IFOREST,sms,roc,0.5707772020725389,0.9518072289156626,0.17909618156508703
IFOREST,sms,roc,0.5734715025906736,0.9518072289156626,0.17854945887190046
IFOREST,sms,roc,0.5738860103626943,0.9518072289156626,0.17847668041574316
IFOREST,sms,roc,0.5749222797927461,0.9518072289156626,0.17829242243068982
IFOREST,sms,roc,0.5749222797927461,0.9531459170013387,0.17811036079484902
IFOREST,sms,roc,0.5753367875647668,0.9531459170013387,0.17808400732420065
IFOREST,sms,roc,0.5761658031088083,0.9531459170013387,0.1777427979087058
IFOREST,sms,roc,0.5761658031088083,0.9544846050870147,0.17771239208671094
IFOREST,sms,roc,0.5769948186528497,0.9544846050870147,0.17675556953977697
IFOREST,sms,roc,0.5776165803108808,0.9544846050870147,0.1764359063691327
IFOREST,sms,roc,0.5778238341968912,0.9544846050870147,0.17634664181229726
IFOREST,sms,roc,0.5778238341968912,0.9558232931726908,0.1762225950390368
IFOREST,sms,roc,0.5798963730569948,0.9558232931726908,0.1759002284284347
IFOREST,sms,roc,0.5803108808290155,0.9558232931726908,0.17588219276515207
IFOREST,sms,roc,0.5825906735751295,0.9558232931726908,0.175337951893186
IFOREST,sms,roc,0.5830051813471503,0.9558232931726908,0.17530650201033102
IFOREST,sms,roc,0.5888082901554405,0.9558232931726908,0.17216579680881156
IFOREST,sms,roc,0.5888082901554405,0.9571619812583668,0.17207860108600173
IFOREST,sms,roc,0.5954404145077721,0.9571619812583668,0.1698345622050894
IFOREST,sms,roc,0.5958549222797928,0.9571619812583668,0.16968979626628483
IFOREST,sms,roc,0.5993782383419689,0.9571619812583668,0.16809668035394865
IFOREST,sms,roc,0.6,0.9571619812583668,0.167677375114581
IFOREST,sms,roc,0.6035233160621761,0.9571619812583668,0.16676502849521918
IFOREST,sms,roc,0.6039378238341969,0.9571619812583668,0.16674141116811333
IFOREST,sms,roc,0.6070466321243523,0.9571619812583668,0.1647627910522625
IFOREST,sms,roc,0.6076683937823835,0.9571619812583668,0.1646833354362153
IFOREST,sms,roc,0.6078756476683937,0.9571619812583668,0.1645969029950438
IFOREST,sms,roc,0.6078756476683937,0.9598393574297188,0.16458618123097007
IFOREST,sms,roc,0.6099481865284974,0.9598393574297188,0.1641887779129712
IFOREST,sms,roc,0.6105699481865285,0.9598393574297188,0.1640957954214912
IFOREST,sms,roc,0.6111917098445596,0.9598393574297188,0.16393402307786414
IFOREST,sms,roc,0.6116062176165803,0.9598393574297188,0.16393187254341468
IFOREST,sms,roc,0.6136787564766839,0.9598393574297188,0.1634647515811237
IFOREST,sms,roc,0.6140932642487047,0.9598393574297188,0.16345239364660683
IFOREST,sms,roc,0.6157512953367875,0.9598393574297188,0.16264606073556095
IFOREST,sms,roc,0.6161658031088083,0.9598393574297188,0.16258521405367635
IFOREST,sms,roc,0.6203108808290155,0.9598393574297188,0.16084190502063586
IFOREST,sms,roc,0.6203108808290155,0.9611780455153949,0.16079577185194452
IFOREST,sms,roc,0.6217616580310881,0.9611780455153949,0.16050809758570342
IFOREST,sms,roc,0.6217616580310881,0.9625167336010709,0.1604945693843359
IFOREST,sms,roc,0.6288082901554404,0.9625167336010709,0.1580791896540635
IFOREST,sms,roc,0.6292227979274612,0.9625167336010709,0.157942384081223
IFOREST,sms,roc,0.6302590673575129,0.9625167336010709,0.1575474358348228
IFOREST,sms,roc,0.6302590673575129,0.965194109772423,0.15753915244091932
IFOREST,sms,roc,0.6325388601036269,0.965194109772423,0.1563462550996036
IFOREST,sms,roc,0.6325388601036269,0.9665327978580991,0.15632358026573268
IFOREST,sms,roc,0.637720207253886,0.9665327978580991,0.1543398725351231
IFOREST,sms,roc,0.6381347150259067,0.9665327978580991,0.15414955867095945
IFOREST,sms,roc,0.641658031088083,0.9665327978580991,0.15308048840636693
IFOREST,sms,roc,0.6420725388601036,0.9665327978580991,0.1530797327358442
IFOREST,sms,roc,0.6511917098445595,0.9665327978580991,0.14952808523006433
IFOREST,sms,roc,0.6511917098445595,0.9678714859437751,0.1494836153844065
IFOREST,sms,roc,0.6513989637305699,0.9678714859437751,0.14937274178359014
IFOREST,sms,roc,0.6513989637305699,0.9692101740294511,0.14932299702792395
IFOREST,sms,roc,0.6524352331606218,0.9692101740294511,0.14908744896105885
IFOREST,sms,roc,0.6524352331606218,0.9732262382864793,0.1489470897267125
IFOREST,sms,roc,0.6530569948186529,0.9732262382864793,0.14862257241002363
IFOREST,sms,roc,0.6534715025906735,0.9732262382864793,0.14826046579705263
IFOREST,sms,roc,0.6557512953367876,0.9732262382864793,0.14723612998409635
IFOREST,sms,roc,0.6563730569948186,0.9732262382864793,0.147216709820012
IFOREST,sms,roc,0.6569948186528497,0.9732262382864793,0.14716931133972938
IFOREST,sms,roc,0.6576165803108809,0.9732262382864793,0.1471536737599798
IFOREST,sms,roc,0.6584455958549222,0.9732262382864793,0.14709621866043815
IFOREST,sms,roc,0.6584455958549222,0.9745649263721553,0.1470751755863301
IFOREST,sms,roc,0.6615544041450777,0.9745649263721553,0.14601123639389268
IFOREST,sms,roc,0.6615544041450777,0.9759036144578314,0.14584048479149928
IFOREST,sms,roc,0.6659067357512953,0.9759036144578314,0.1443422702720863
IFOREST,sms,roc,0.6665284974093264,0.9759036144578314,0.14434049639062385
IFOREST,sms,roc,0.6694300518134715,0.9759036144578314,0.14350650048585645
IFOREST,sms,roc,0.6698445595854923,0.9759036144578314,0.14336813884635838
IFOREST,sms,roc,0.670880829015544,0.9759036144578314,0.14235233875288467
IFOREST,sms,roc,0.6715025906735751,0.9759036144578314,0.14222529109134155
IFOREST,sms,roc,0.6723316062176166,0.9759036144578314,0.1416807319588273
IFOREST,sms,roc,0.6735751295336787,0.9759036144578314,0.14161121643102242
IFOREST,sms,roc,0.6737823834196891,0.9759036144578314,0.1415867563659523
IFOREST,sms,roc,0.6741968911917099,0.9759036144578314,0.14151725113268407
IFOREST,sms,roc,0.6750259067357512,0.9759036144578314,0.141354354679958
IFOREST,sms,roc,0.6756476683937824,0.9759036144578314,0.14135249246009252
IFOREST,sms,roc,0.6775129533678756,0.9759036144578314,0.1407300049202131
IFOREST,sms,roc,0.6779274611398963,0.9759036144578314,0.1407090620661157
IFOREST,sms,roc,0.6785492227979275,0.9759036144578314,0.14046974136595572
IFOREST,sms,roc,0.6789637305699482,0.9759036144578314,0.1403676554832904
IFOREST,sms,roc,0.68,0.9759036144578314,0.13899880341159465
IFOREST,sms,roc,0.6806217616580311,0.9759036144578314,0.138995489690024
IFOREST,sms,roc,0.6826943005181347,0.9759036144578314,0.13869433682485563
IFOREST,sms,roc,0.6831088082901554,0.9759036144578314,0.13869318420114882
IFOREST,sms,roc,0.6835233160621762,0.9759036144578314,0.13859766952934152
IFOREST,sms,roc,0.6835233160621762,0.9772423025435074,0.13857438046576073
IFOREST,sms,roc,0.6864248704663213,0.9772423025435074,0.13786118081249465
IFOREST,sms,roc,0.686839378238342,0.9772423025435074,0.13773724271909457
IFOREST,sms,roc,0.6872538860103627,0.9772423025435074,0.13752443749748167
IFOREST,sms,roc,0.6878756476683938,0.9772423025435074,0.13701417896050314
IFOREST,sms,roc,0.6887046632124353,0.9772423025435074,0.13653361740184117
IFOREST,sms,roc,0.689119170984456,0.9772423025435074,0.13612617983608025
IFOREST,sms,roc,0.689740932642487,0.9772423025435074,0.13607875881991227
IFOREST,sms,roc,0.6901554404145078,0.9772423025435074,0.13603266978067954
IFOREST,sms,roc,0.6907772020725389,0.9772423025435074,0.13596204729564534
IFOREST,sms,roc,0.6916062176165804,0.9772423025435074,0.13594011158451041
IFOREST,sms,roc,0.6930569948186529,0.9772423025435074,0.13572790042909452
IFOREST,sms,roc,0.6930569948186529,0.9785809906291834,0.1356254830866892
IFOREST,sms,roc,0.6938860103626943,0.9785809906291834,0.13551476067103896
IFOREST,sms,roc,0.694300518134715,0.9785809906291834,0.1354509512209901
IFOREST,sms,roc,0.6951295336787565,0.9785809906291834,0.13514448331846948
IFOREST,sms,roc,0.6951295336787565,0.9799196787148594,0.13514019687110307
IFOREST,sms,roc,0.6955440414507772,0.9799196787148594,0.13511773250279585
IFOREST,sms,roc,0.6955440414507772,0.9812583668005355,0.13507203117055805
IFOREST,sms,roc,0.6992746113989637,0.9812583668005355,0.13316343722173613
IFOREST,sms,roc,0.6996891191709844,0.9812583668005355,0.13316072677604937
IFOREST,sms,roc,0.7005181347150259,0.9812583668005355,0.1329755672629884
IFOREST,sms,roc,0.7005181347150259,0.9825970548862115,0.1328791663278023
IFOREST,sms,roc,0.7013471502590674,0.9825970548862115,0.1327413105775125
IFOREST,sms,roc,0.7021761658031088,0.9825970548862115,0.13269836731594242
IFOREST,sms,roc,0.7059067357512954,0.9825970548862115,0.13127349354523912
IFOREST,sms,roc,0.706321243523316,0.9825970548862115,0.13120157097112325
IFOREST,sms,roc,0.7092227979274611,0.9825970548862115,0.12989677534962427
IFOREST,sms,roc,0.7098445595854922,0.9825970548862115,0.12985074099919644
IFOREST,sms,roc,0.7146113989637306,0.9825970548862115,0.12752294269197417
IFOREST,sms,roc,0.7150259067357513,0.9825970548862115,0.12749640196638548
IFOREST,sms,roc,0.7164766839378238,0.9825970548862115,0.12717057069152232
IFOREST,sms,roc,0.7168911917098446,0.9825970548862115,0.1271468238677411
IFOREST,sms,roc,0.7193782383419689,0.9825970548862115,0.12657676816675978
IFOREST,sms,roc,0.7197927461139897,0.9825970548862115,0.12650389138312984
IFOREST,sms,roc,0.72,0.9825970548862115,0.12644672434583712
IFOREST,sms,roc,0.7212435233160622,0.9825970548862115,0.12633139648365257
IFOREST,sms,roc,0.7241450777202073,0.9825970548862115,0.12501152360175005
IFOREST,sms,roc,0.724559585492228,0.9825970548862115,0.12500535638207916
IFOREST,sms,roc,0.7266321243523316,0.9825970548862115,0.12433793403245512
IFOREST,sms,roc,0.7270466321243523,0.9825970548862115,0.12433039710730914
IFOREST,sms,roc,0.7297409326424871,0.9825970548862115,0.12312174041569779
IFOREST,sms,roc,0.7301554404145078,0.9825970548862115,0.12305242711852529
IFOREST,sms,roc,0.7311917098445596,0.9825970548862115,0.1219929950790242
IFOREST,sms,roc,0.7316062176165803,0.9825970548862115,0.12192980657968834
IFOREST,sms,roc,0.7322279792746114,0.9825970548862115,0.12167527098542208
IFOREST,sms,roc,0.7326424870466322,0.9825970548862115,0.12167294093010818
IFOREST,sms,roc,0.7347150259067358,0.9825970548862115,0.12112817499861339
IFOREST,sms,roc,0.7357512953367875,0.9825970548862115,0.12098795374098324
IFOREST,sms,roc,0.7382383419689119,0.9825970548862115,0.12017880564238242
IFOREST,sms,roc,0.738860103626943,0.9825970548862115,0.12007315947783136
IFOREST,sms,roc,0.7413471502590674,0.9825970548862115,0.11878653936116979
IFOREST,sms,roc,0.7413471502590674,0.9839357429718876,0.11877107747646884
IFOREST,sms,roc,0.7427979274611399,0.9839357429718876,0.11860180654810207
IFOREST,sms,roc,0.7432124352331606,0.9839357429718876,0.11860027967427414
IFOREST,sms,roc,0.7459067357512953,0.9839357429718876,0.11805822631364996
IFOREST,sms,roc,0.7463212435233161,0.9839357429718876,0.11802887105608652
IFOREST,sms,roc,0.7483937823834197,0.9839357429718876,0.11717935469717808
IFOREST,sms,roc,0.7488082901554404,0.9839357429718876,0.11710993380623033
IFOREST,sms,roc,0.7494300518134716,0.9839357429718876,0.11673114923631463
IFOREST,sms,roc,0.7498445595854922,0.9839357429718876,0.11639964531426905
IFOREST,sms,roc,0.7506735751295337,0.9839357429718876,0.11601613376297533
IFOREST,sms,roc,0.7510880829015544,0.9839357429718876,0.11596968785772056
IFOREST,sms,roc,0.7525388601036269,0.9839357429718876,0.11580707786125233
IFOREST,sms,roc,0.7529533678756477,0.9839357429718876,0.11578443823661516
IFOREST,sms,roc,0.7541968911917099,0.9839357429718876,0.11519901521098003
IFOREST,sms,roc,0.7546113989637305,0.9839357429718876,0.11517662693529701
IFOREST,sms,roc,0.755440414507772,0.9839357429718876,0.11503948793835489
IFOREST,sms,roc,0.7560621761658031,0.9839357429718876,0.11503668045893845
IFOREST,sms,roc,0.7566839378238343,0.9839357429718876,0.11481306006865977
IFOREST,sms,roc,0.7570984455958549,0.9839357429718876,0.11468898240573862
IFOREST,sms,roc,0.757720207253886,0.9839357429718876,0.11413029954444869
IFOREST,sms,roc,0.7581347150259067,0.9839357429718876,0.11406848306154939
IFOREST,sms,roc,0.7616580310880829,0.9839357429718876,0.1128759964517496
IFOREST,sms,roc,0.7631088082901555,0.9839357429718876,0.11275785342683806
IFOREST,sms,roc,0.7676683937823834,0.9839357429718876,0.11031552058418388
IFOREST,sms,roc,0.7684974093264249,0.9839357429718876,0.11027033494528547
IFOREST,sms,roc,0.7699481865284974,0.9839357429718876,0.11017834536186476
IFOREST,sms,roc,0.7703626943005182,0.9839357429718876,0.11017786636909539
IFOREST,sms,roc,0.7705699481865285,0.9839357429718876,0.11016462803861753
IFOREST,sms,roc,0.7709844559585493,0.9839357429718876,0.11013077641556636
IFOREST,sms,roc,0.7759585492227979,0.9839357429718876,0.10814920701807783
IFOREST,sms,roc,0.7763730569948186,0.9839357429718876,0.10809377855883918
IFOREST,sms,roc,0.7772020725388601,0.9839357429718876,0.10755618411976123
IFOREST,sms,roc,0.7776165803108809,0.9839357429718876,0.10752454713335298
IFOREST,sms,roc,0.7778238341968912,0.9839357429718876,0.10750295242035492
IFOREST,sms,roc,0.778238341968912,0.9839357429718876,0.10747993683447603
IFOREST,sms,roc,0.7790673575129534,0.9839357429718876,0.10738712430812067
IFOREST,sms,roc,0.7794818652849741,0.9839357429718876,0.1073646846928741
IFOREST,sms,roc,0.7871502590673575,0.9839357429718876,0.10455149703625526
IFOREST,sms,roc,0.7879792746113989,0.9839357429718876,0.10448229684701602
IFOREST,sms,roc,0.7892227979274612,0.9839357429718876,0.1044118429737861
IFOREST,sms,roc,0.7892227979274612,0.9852744310575636,0.104411450710209
IFOREST,sms,roc,0.7896373056994819,0.9852744310575636,0.10436207339666044
IFOREST,sms,roc,0.7900518134715026,0.9852744310575636,0.10414908507889215
IFOREST,sms,roc,0.7904663212435233,0.9852744310575636,0.1039368997193541
IFOREST,sms,roc,0.790880829015544,0.9852744310575636,0.1039216064998815
IFOREST,sms,roc,0.7927461139896373,0.9852744310575636,0.10194710321624574
IFOREST,sms,roc,0.793160621761658,0.9852744310575636,0.10185501290280971
IFOREST,sms,roc,0.7952331606217616,0.9852744310575636,0.10152930622608294
IFOREST,sms,roc,0.7956476683937824,0.9852744310575636,0.10152880984817182
IFOREST,sms,roc,0.797098445595855,0.9852744310575636,0.10102718329584871
IFOREST,sms,roc,0.7975129533678756,0.9852744310575636,0.1009217896813957
IFOREST,sms,roc,0.7991709844559586,0.9852744310575636,0.09962321295387491
IFOREST,sms,roc,0.7995854922279793,0.9852744310575636,0.09952011540320728
IFOREST,sms,roc,0.8,0.9852744310575636,0.09949682077769435
IFOREST,sms,roc,0.8,0.9892904953145917,0.09946594444977849
IFOREST,sms,roc,0.8014507772020726,0.9892904953145917,0.09890575475634747
IFOREST,sms,roc,0.8018652849740933,0.9892904953145917,0.09890479241213379
IFOREST,sms,roc,0.8033160621761658,0.9892904953145917,0.0986480584808966
IFOREST,sms,roc,0.8033160621761658,0.9906291834002677,0.09864537459221696
IFOREST,sms,roc,0.8047668393782383,0.9906291834002677,0.09818280798123397
IFOREST,sms,roc,0.805181347150259,0.9906291834002677,0.09811189991636468
IFOREST,sms,roc,0.8060103626943005,0.9906291834002677,0.09741273509912812
IFOREST,sms,roc,0.806839378238342,0.9906291834002677,0.09715796473794205
IFOREST,sms,roc,0.8082901554404145,0.9906291834002677,0.0966156406282799
IFOREST,sms,roc,0.8087046632124353,0.9906291834002677,0.09618849743974027
IFOREST,sms,roc,0.8099481865284974,0.9906291834002677,0.0953732046341389
IFOREST,sms,roc,0.8105699481865285,0.9906291834002677,0.09537103925050831
IFOREST,sms,roc,0.8130569948186529,0.9906291834002677,0.09326083664253834
IFOREST,sms,roc,0.813678756476684,0.9906291834002677,0.0931710953753688
IFOREST,sms,roc,0.8138860103626943,0.9906291834002677,0.0931085549865665
IFOREST,sms,roc,0.8147150259067357,0.9906291834002677,0.09304664568164929
IFOREST,sms,roc,0.8151295336787565,0.9906291834002677,0.09269983889777013
IFOREST,sms,roc,0.8155440414507772,0.9906291834002677,0.09263162009931375
IFOREST,sms,roc,0.8182383419689119,0.9906291834002677,0.09031600243687465
IFOREST,sms,roc,0.8186528497409327,0.9906291834002677,0.09022335094015839
IFOREST,sms,roc,0.8192746113989637,0.9906291834002677,0.09008163722498126
IFOREST,sms,roc,0.8201036269430052,0.9906291834002677,0.08987415792821907
IFOREST,sms,roc,0.8205181347150259,0.9906291834002677,0.08975684854503238
IFOREST,sms,roc,0.8261139896373056,0.9906291834002677,0.08692561167774805
IFOREST,sms,roc,0.8261139896373056,0.9919678714859438,0.08692479663235317
IFOREST,sms,roc,0.8267357512953368,0.9919678714859438,0.08670677789562578
IFOREST,sms,roc,0.8271502590673575,0.9919678714859438,0.08666193708933513
IFOREST,sms,roc,0.8300518134715026,0.9919678714859438,0.08465619028782849
IFOREST,sms,roc,0.8304663212435233,0.9919678714859438,0.08458705910204722
IFOREST,sms,roc,0.8331606217616581,0.9919678714859438,0.08376075728866848
IFOREST,sms,roc,0.8335751295336787,0.9919678714859438,0.0837496924444922
IFOREST,sms,roc,0.8341968911917098,0.9919678714859438,0.08349426948364291
IFOREST,sms,roc,0.8348186528497409,0.9919678714859438,0.08336652844633868
IFOREST,sms,roc,0.8364766839378238,0.9919678714859438,0.08187401026092368
IFOREST,sms,roc,0.8375129533678757,0.9919678714859438,0.08187382562271019
IFOREST,sms,roc,0.8379274611398964,0.9919678714859438,0.08178261735287495
IFOREST,sms,roc,0.8397927461139897,0.9919678714859438,0.08164354137979046
IFOREST,sms,roc,0.840621761658031,0.9919678714859438,0.08164296422646347
IFOREST,sms,roc,0.8416580310880829,0.9919678714859438,0.08122070121067096
IFOREST,sms,roc,0.8424870466321244,0.9919678714859438,0.0810979224787208
IFOREST,sms,roc,0.8460103626943005,0.9919678714859438,0.07893241072588948
IFOREST,sms,roc,0.846839378238342,0.9919678714859438,0.0788862590057443
IFOREST,sms,roc,0.8470466321243524,0.9919678714859438,0.07888530535196878
IFOREST,sms,roc,0.8474611398963731,0.9919678714859438,0.07886294424909368
IFOREST,sms,roc,0.8484974093264249,0.9919678714859438,0.07885987927297232
IFOREST,sms,roc,0.8495336787564767,0.9919678714859438,0.07853476320940028
IFOREST,sms,roc,0.8499481865284975,0.9919678714859438,0.07845575777144584
IFOREST,sms,roc,0.8503626943005181,0.9919678714859438,0.07824737439417113
IFOREST,sms,roc,0.8503626943005181,0.9933065595716198,0.07812932408075136
IFOREST,sms,roc,0.8507772020725388,0.9933065595716198,0.07790733697085941
IFOREST,sms,roc,0.8511917098445596,0.9933065595716198,0.07775460644690947
IFOREST,sms,roc,0.85139896373057,0.9933065595716198,0.0770411248878128
IFOREST,sms,roc,0.8520207253886011,0.9933065595716198,0.07626659993960119
IFOREST,sms,roc,0.8522279792746114,0.9933065595716198,0.07622102577087231
IFOREST,sms,roc,0.8534715025906736,0.9933065595716198,0.07622065371507819
IFOREST,sms,roc,0.8536787564766839,0.9933065595716198,0.07619800567561978
IFOREST,sms,roc,0.8540932642487047,0.9933065595716198,0.07617432801037097
IFOREST,sms,roc,0.8545077720207254,0.9933065595716198,0.07612931855506053
IFOREST,sms,roc,0.8549222797927462,0.9933065595716198,0.0761289403658005
IFOREST,sms,roc,0.8567875647668394,0.9933065595716198,0.07568586227864818
IFOREST,sms,roc,0.85720207253886,0.9933065595716198,0.07542003612566689
IFOREST,sms,roc,0.858860103626943,0.9933065595716198,0.07341903664361435
IFOREST,sms,roc,0.8596891191709845,0.9933065595716198,0.07339583837886142
IFOREST,sms,roc,0.8609326424870466,0.9933065595716198,0.07330283288909463
IFOREST,sms,roc,0.8613471502590674,0.9933065595716198,0.07328124456798724
IFOREST,sms,roc,0.8615544041450777,0.9933065595716198,0.07327838515281021
IFOREST,sms,roc,0.8627979274611399,0.9933065595716198,0.07325804205952964
IFOREST,sms,roc,0.8652849740932642,0.9933065595716198,0.07270003263280672
IFOREST,sms,roc,0.865699481865285,0.9933065595716198,0.07253159519650722
IFOREST,sms,roc,0.8661139896373057,0.9933065595716198,0.07247851654559202
IFOREST,sms,roc,0.8667357512953368,0.9933065595716198,0.07243632651884521
IFOREST,sms,roc,0.8671502590673575,0.9933065595716198,0.0724320196216024
IFOREST,sms,roc,0.867979274611399,0.9933065595716198,0.07111881770973343
IFOREST,sms,roc,0.8688082901554404,0.9933065595716198,0.07109173212780094
IFOREST,sms,roc,0.8710880829015544,0.9933065595716198,0.07050164484383378
IFOREST,sms,roc,0.8717098445595854,0.9933065595716198,0.07047949225167985
IFOREST,sms,roc,0.8727461139896373,0.9933065595716198,0.07033865241498664
IFOREST,sms,roc,0.8733678756476684,0.9933065595716198,0.07031564866470491
IFOREST,sms,roc,0.8735751295336788,0.9933065595716198,0.07019879144371313
IFOREST,sms,roc,0.8739896373056995,0.9933065595716198,0.07017530581368539
IFOREST,sms,roc,0.8746113989637305,0.9933065595716198,0.06925068524755437
IFOREST,sms,roc,0.8752331606217617,0.9933065595716198,0.06845434871017225
IFOREST,sms,roc,0.8760621761658031,0.9933065595716198,0.06783996871929428
IFOREST,sms,roc,0.8766839378238342,0.9933065595716198,0.06781734359034068
IFOREST,sms,roc,0.8781347150259068,0.9933065595716198,0.06770254245522682
IFOREST,sms,roc,0.8787564766839379,0.9933065595716198,0.06767983054136646
IFOREST,sms,roc,0.8789637305699481,0.9933065595716198,0.06765673934524931
IFOREST,sms,roc,0.8802072538860104,0.9933065595716198,0.06758301519113775
IFOREST,sms,roc,0.8820725388601036,0.9933065595716198,0.06616895342185276
IFOREST,sms,roc,0.8824870466321244,0.9933065595716198,0.06613543794306115
IFOREST,sms,roc,0.8831088082901555,0.9933065595716198,0.06531645609738473
IFOREST,sms,roc,0.8835233160621762,0.9933065595716198,0.06501819670182159
IFOREST,sms,roc,0.8841450777202072,0.9933065595716198,0.0650180109347244
IFOREST,sms,roc,0.884559585492228,0.9933065595716198,0.06497231285980176
IFOREST,sms,roc,0.8851813471502591,0.9933065595716198,0.06490277457040534
IFOREST,sms,roc,0.8855958549222798,0.9933065595716198,0.06487997321120222
IFOREST,sms,roc,0.886839378238342,0.9933065595716198,0.06476212286292309
IFOREST,sms,roc,0.8872538860103627,0.9933065595716198,0.06474118079474252
IFOREST,sms,roc,0.8880829015544042,0.9933065595716198,0.06449928399113213
IFOREST,sms,roc,0.8884974093264248,0.9933065595716198,0.06440889159444069
IFOREST,sms,roc,0.8887046632124352,0.9933065595716198,0.06339306875283207
IFOREST,sms,roc,0.8887046632124352,0.9946452476572959,0.06321666510443269
IFOREST,sms,roc,0.8901554404145078,0.9946452476572959,0.06199253746845782
IFOREST,sms,roc,0.8907772020725389,0.9946452476572959,0.06198661691504888
IFOREST,sms,roc,0.8918134715025907,0.9946452476572959,0.06050495762694961
IFOREST,sms,roc,0.8924352331606218,0.9946452476572959,0.05965292028428279
IFOREST,sms,roc,0.8928497409326425,0.9946452476572959,0.05951314807084887
IFOREST,sms,roc,0.8932642487046633,0.9946452476572959,0.05946766756596812
IFOREST,sms,roc,0.8936787564766839,0.9946452476572959,0.059352980746930135
IFOREST,sms,roc,0.8938860103626943,0.9946452476572959,0.0593302871245372
IFOREST,sms,roc,0.8947150259067358,0.9946452476572959,0.05930750112309959
IFOREST,sms,roc,0.8959585492227979,0.9946452476572959,0.05870458258135211
IFOREST,sms,roc,0.8967875647668394,0.9946452476572959,0.05842390050648817
IFOREST,sms,roc,0.8972020725388601,0.9946452476572959,0.05808094565125378
IFOREST,sms,roc,0.8980310880829016,0.9946452476572959,0.056580228074949834
IFOREST,sms,roc,0.8996891191709845,0.9946452476572959,0.05589500068733908
IFOREST,sms,roc,0.9007253886010362,0.9946452476572959,0.05572251847127785
IFOREST,sms,roc,0.901139896373057,0.9946452476572959,0.055550159929466894
IFOREST,sms,roc,0.9013471502590673,0.9946452476572959,0.05429078404284737
IFOREST,sms,roc,0.9017616580310881,0.9946452476572959,0.054058422589651274
IFOREST,sms,roc,0.9025906735751296,0.9946452476572959,0.05282488995021616
IFOREST,sms,roc,0.9025906735751296,0.9959839357429718,0.05280909899182191
IFOREST,sms,roc,0.9032124352331606,0.9959839357429718,0.05157770970773285
IFOREST,sms,roc,0.9036269430051813,0.9959839357429718,0.051507790610175685
IFOREST,sms,roc,0.9040414507772021,0.9959839357429718,0.05073963024873265
IFOREST,sms,roc,0.9044559585492228,0.9959839357429718,0.05020297426508533
IFOREST,sms,roc,0.9046632124352332,0.9959839357429718,0.050155352626193576
IFOREST,sms,roc,0.9050777202072539,0.9959839357429718,0.05010936272080561
IFOREST,sms,roc,0.9056994818652849,0.9959839357429718,0.04876171176622675
IFOREST,sms,roc,0.9069430051813472,0.9959839357429718,0.04862057040402125
IFOREST,sms,roc,0.9073575129533679,0.9959839357429718,0.048280722794752484
IFOREST,sms,roc,0.9075647668393783,0.9959839357429718,0.04784897953207423
IFOREST,sms,roc,0.9083937823834197,0.9959839357429718,0.047803747068966784
IFOREST,sms,roc,0.9096373056994819,0.9959839357429718,0.04775814559569955
IFOREST,sms,roc,0.9102590673575129,0.9959839357429718,0.04719133807647223
IFOREST,sms,roc,0.9115025906735751,0.9959839357429718,0.0469475387345077
IFOREST,sms,roc,0.9119170984455959,0.9959839357429718,0.04684030175333103
IFOREST,sms,roc,0.9121243523316063,0.9959839357429718,0.04505640089490281
IFOREST,sms,roc,0.912538860103627,0.9959839357429718,0.0450338380499999
IFOREST,sms,roc,0.9133678756476684,0.9959839357429718,0.045011183731038525
IFOREST,sms,roc,0.9137823834196891,0.9959839357429718,0.0449884371930265
IFOREST,sms,roc,0.9139896373056995,0.9959839357429718,0.04496559768183012
IFOREST,sms,roc,0.9144041450777202,0.9959839357429718,0.04496559768182857
IFOREST,sms,roc,0.9156476683937824,0.9959839357429718,0.04489651362752897
IFOREST,sms,roc,0.9168911917098446,0.9959839357429718,0.04445396630992415
IFOREST,sms,roc,0.917720207253886,0.9973226238286479,0.04332669013749516
IFOREST,sms,roc,0.9185492227979275,0.9973226238286479,0.04226476680819886
IFOREST,sms,roc,0.9191709844559586,0.9973226238286479,0.04224221159486218
IFOREST,sms,roc,0.9195854922279793,0.9973226238286479,0.042219564938406416
IFOREST,sms,roc,0.92,0.9973226238286479,0.042196826094089535
IFOREST,sms,roc,0.9212435233160622,0.9973226238286479,0.04217399430803735
IFOREST,sms,roc,0.9218652849740933,0.9973226238286479,0.04215106881708034
IFOREST,sms,roc,0.9226943005181347,0.9973226238286479,0.04212804884861846
IFOREST,sms,roc,0.9233160621761658,0.9973226238286479,0.04212804884861691
IFOREST,sms,roc,0.9241450777202073,0.9973226238286479,0.04177085585385751
IFOREST,sms,roc,0.9245595854922279,0.9973226238286479,0.04175665736019484
IFOREST,sms,roc,0.9247668393782383,0.9973226238286479,0.041448277220525166
IFOREST,sms,roc,0.9264248704663213,0.9973226238286479,0.04133243972533984
IFOREST,sms,roc,0.926839378238342,0.9973226238286479,0.039406159218367584
IFOREST,sms,roc,0.9276683937823834,0.9973226238286479,0.03938333515484285
IFOREST,sms,roc,0.9289119170984456,0.9973226238286479,0.038918551275959716
IFOREST,sms,roc,0.9303626943005181,0.9973226238286479,0.03668433100838083
IFOREST,sms,roc,0.9311917098445596,0.9973226238286479,0.03663915971121189
IFOREST,sms,roc,0.9322279792746114,0.9973226238286479,0.03661643624648327
IFOREST,sms,roc,0.9324352331606217,0.9973226238286479,0.03659361990288012
IFOREST,sms,roc,0.933678756476684,0.9973226238286479,0.03654770551901611
IFOREST,sms,roc,0.934300518134715,0.9973226238286479,0.036501410344290726
IFOREST,sms,roc,0.9349222797927461,0.9973226238286479,0.03647811797555227
IFOREST,sms,roc,0.9351295336787565,0.9973226238286479,0.03636017554968179
IFOREST,sms,roc,0.935958549222798,0.9973226238286479,0.036239687222732866
IFOREST,sms,roc,0.9361658031088083,0.9973226238286479,0.036152091716252166
IFOREST,sms,roc,0.9390673575129533,0.9973226238286479,0.035771540156004034
IFOREST,sms,roc,0.9392746113989637,0.9973226238286479,0.03472196511685443
IFOREST,sms,roc,0.9398963730569948,0.9973226238286479,0.03382765685918195
IFOREST,sms,roc,0.9407253886010363,0.9973226238286479,0.03378194599673623
IFOREST,sms,roc,0.9413471502590673,0.9973226238286479,0.033758949378915014
IFOREST,sms,roc,0.9417616580310881,0.9973226238286479,0.03373585759801568
IFOREST,sms,roc,0.9423834196891192,0.9973226238286479,0.03373585759801413
IFOREST,sms,roc,0.9427979274611399,0.9973226238286479,0.03371266986288327
IFOREST,sms,roc,0.9444559585492228,0.9973226238286479,0.033571482838956716
IFOREST,sms,roc,0.9448704663212435,0.9973226238286479,0.03110766957807196
IFOREST,sms,roc,0.9454922279792746,0.9973226238286479,0.031062528832845892
IFOREST,sms,roc,0.945699481865285,0.9973226238286479,0.031039820737303814
IFOREST,sms,roc,0.9473575129533679,0.9973226238286479,0.030971136496377557
IFOREST,sms,roc,0.9494300518134715,0.9973226238286479,0.030948052525949246
IFOREST,sms,roc,0.950259067357513,0.9973226238286479,0.028320753453655347
IFOREST,sms,roc,0.9510880829015544,0.9973226238286479,0.02827562797665383
IFOREST,sms,roc,0.9523316062176166,0.9973226238286479,0.02818426655235888
IFOREST,sms,roc,0.952538860103627,0.9973226238286479,0.028161190389756886
IFOREST,sms,roc,0.9531606217616581,0.9973226238286479,0.02813801833782285
IFOREST,sms,roc,0.9539896373056995,0.9973226238286479,0.028114749596038116
IFOREST,sms,roc,0.9546113989637306,0.9973226238286479,0.028020691364022885
IFOREST,sms,roc,0.9550259067357513,0.9973226238286479,0.02799692680679855
IFOREST,sms,roc,0.9552331606217617,0.9973226238286479,0.025282030818883444
IFOREST,sms,roc,0.9556476683937823,0.9973226238286479,0.025211062847396964
IFOREST,sms,roc,0.9564766839378238,0.9973226238286479,0.024751188612754674
IFOREST,sms,roc,0.9568911917098446,0.9973226238286479,0.022933605734889003
IFOREST,sms,roc,0.9585492227979274,0.9973226238286479,0.021725775644618903
IFOREST,sms,roc,0.9595854922279793,0.9973226238286479,0.01591634861931976
IFOREST,sms,roc,0.9620725388601036,1.0,0.007940560728610406
IFOREST,sms,roc,1.0,1.0,0.0
