model,source,curve,x,y,threshold
LSTM,enron,pr,1.0,0.4882380433089266,2.607150236144662e-06
LSTM,enron,pr,1.0,0.48831411654721096,2.613657670735847e-06
LSTM,enron,pr,1.0,0.48839021349540285,2.635156988617382e-06
LSTM,enron,pr,1.0,0.4884663341645885,2.821512907758006e-06
LSTM,enron,pr,1.0,0.48854247856586125,2.8345989449007902e-06
LSTM,enron,pr,1.0,0.4886186467103212,2.8821220894315047e-06
LSTM,enron,pr,1.0,0.4886948386090753,2.8926187951583415e-06
LSTM,enron,pr,1.0,0.4887710542732377,2.8930105600011302e-06
LSTM,enron,pr,1.0,0.4888472937139292,2.8951083095307695e-06
LSTM,enron,pr,1.0,0.4889235569422777,2.904061830122373e-06
LSTM,enron,pr,1.0,0.488999843969418,2.9367195111262845e-06
LSTM,enron,pr,1.0,0.48907615480649186,2.9428986181301298e-06
LSTM,enron,pr,1.0,0.48915248946464807,2.943181925729732e-06
LSTM,enron,pr,1.0,0.4892288479550421,2.9470861591107678e-06
LSTM,enron,pr,1.0,0.4893052302888368,2.963910219477839e-06
LSTM,enron,pr,1.0,0.48938163647720173,2.9905941119068302e-06
LSTM,enron,pr,1.0,0.48945806653131346,2.996472403538064e-06
LSTM,enron,pr,1.0,0.4895345204623555,2.9968323360662907e-06
LSTM,enron,pr,1.0,0.4896109982815185,3.011234184668865e-06
LSTM,enron,pr,1.0,0.4896875,3.0118142149149207e-06
LSTM,enron,pr,1.0,0.4897640256290045,3.015967422470567e-06
LSTM,enron,pr,1.0,0.48984057517974366,3.02320995615446e-06
LSTM,enron,pr,1.0,0.489917148663436,3.027029606528231e-06
LSTM,enron,pr,1.0,0.4899937460913071,3.0291578241303796e-06
LSTM,enron,pr,1.0,0.49007036747458954,3.0425248951360118e-06
LSTM,enron,pr,1.0,0.490147012824523,3.048623966606101e-06
LSTM,enron,pr,1.0,0.4902236821523541,3.057137064388371e-06
LSTM,enron,pr,1.0,0.4903003754693367,3.064569227717584e-06
LSTM,enron,pr,1.0,0.49037709278673136,3.0646217510366114e-06
LSTM,enron,pr,1.0,0.49045383411580595,3.0842750220472226e-06
LSTM,enron,pr,1.0,0.49053059946783534,3.0850721941533266e-06
LSTM,enron,pr,1.0,0.49060738885410143,3.094631438216311e-06
LSTM,enron,pr,1.0,0.4906842022858932,3.09556708089076e-06
LSTM,enron,pr,1.0,0.49076103977450675,3.095652800766402e-06
LSTM,enron,pr,1.0,0.4908379013312451,3.0957264698372455e-06
LSTM,enron,pr,1.0,0.4909147869674185,3.099209379797685e-06
LSTM,enron,pr,1.0,0.49099169669434434,3.0992803203844232e-06
LSTM,enron,pr,1.0,0.4910686305233469,3.105611995124491e-06
LSTM,enron,pr,1.0,0.49114558846575773,3.1090287393453764e-06
LSTM,enron,pr,1.0,0.49122257053291535,3.1098115869099274e-06
LSTM,enron,pr,1.0,0.49129957673616553,3.111386831733398e-06
LSTM,enron,pr,1.0,0.4913766070868611,3.11177245748695e-06
LSTM,enron,pr,1.0,0.49145366159636195,3.1169047360890545e-06
LSTM,enron,pr,1.0,0.4915307402760351,3.139625732728746e-06
LSTM,enron,pr,1.0,0.4916078431372549,3.142321702398476e-06
LSTM,enron,pr,1.0,0.49168497019140256,3.151955979774357e-06
LSTM,enron,pr,1.0,0.49176212144986664,3.1543406748824054e-06
LSTM,enron,pr,1.0,0.4918392969240427,3.157055289193522e-06
LSTM,enron,pr,1.0,0.49191649662533354,3.1597085126122693e-06
LSTM,enron,pr,1.0,0.4919937205651491,3.1607783057552297e-06
LSTM,enron,pr,1.0,0.4920709687549066,3.1669910640630405e-06
LSTM,enron,pr,1.0,0.4921482412060301,3.1687161481386283e-06
LSTM,enron,pr,1.0,0.49222553792995133,3.1718936952529475e-06
LSTM,enron,pr,1.0,0.4923028589381087,3.1762403978063958e-06
LSTM,enron,pr,1.0,0.49238020424194817,3.179295390509651e-06
LSTM,enron,pr,1.0,0.4924575738529227,3.1812212455406552e-06
LSTM,enron,pr,1.0,0.49253496778249256,3.189106791978702e-06
LSTM,enron,pr,1.0,0.4926123860421251,3.1929262149787974e-06
LSTM,enron,pr,1.0,0.4926898286432951,3.1955337362887803e-06
LSTM,enron,pr,1.0,0.4927672955974843,3.1984209272195585e-06
LSTM,enron,pr,1.0,0.4928447869161818,3.2040659334597876e-06
LSTM,enron,pr,1.0,0.49292230261088393,3.2093321351567283e-06
LSTM,enron,pr,1.0,0.4929998426930942,3.2123818982654484e-06
LSTM,enron,pr,1.0,0.49307740717432347,3.2203752198256552e-06
LSTM,enron,pr,1.0,0.4931549960660897,3.220682401661179e-06
LSTM,enron,pr,1.0,0.49323260937991814,3.2207376534643117e-06
LSTM,enron,pr,1.0,0.4933102471273414,3.22175765177235e-06
LSTM,enron,pr,1.0,0.49338790931989923,3.2245425245491788e-06
LSTM,enron,pr,1.0,0.4934655959691387,3.2316386295860866e-06
LSTM,enron,pr,1.0,0.49354330708661415,3.231761866118177e-06
LSTM,enron,pr,1.0,0.49362104268388723,3.2332632144971285e-06
LSTM,enron,pr,1.0,0.49369880277252676,3.2401064800069435e-06
LSTM,enron,pr,1.0,0.493776587364109,3.244092113163788e-06
LSTM,enron,pr,1.0,0.49385439647021745,3.2460541206091875e-06
LSTM,enron,pr,1.0,0.49393223010244286,3.250793952247477e-06
LSTM,enron,pr,1.0,0.49401008827238335,3.2511784411326516e-06
LSTM,enron,pr,1.0,0.4940879709916443,3.252713440815569e-06
LSTM,enron,pr,1.0,0.49416587827183855,3.2539019230171107e-06
LSTM,enron,pr,1.0,0.494243810124586,3.2591256058367435e-06
LSTM,enron,pr,1.0,0.4943217665615142,3.2658554118825123e-06
LSTM,enron,pr,1.0,0.49439974759425775,3.2767652555776294e-06
LSTM,enron,pr,1.0,0.4944777532344588,3.2778405056888005e-06
LSTM,enron,pr,1.0,0.4945557834937668,3.285344746473129e-06
LSTM,enron,pr,1.0,0.4946338383838384,3.289646201665164e-06
LSTM,enron,pr,1.0,0.4947119179163378,3.289834467068431e-06
LSTM,enron,pr,1.0,0.49479002210293654,3.2898972222028533e-06
LSTM,enron,pr,1.0,0.49486815095531345,3.294833049949375e-06
LSTM,enron,pr,1.0,0.49494630448515475,3.296876229796908e-06
LSTM,enron,pr,1.0,0.49502448270415417,3.2986026781145483e-06
LSTM,enron,pr,1.0,0.49510268562401266,3.3014005111908773e-06
LSTM,enron,pr,1.0,0.4951809132564386,3.302660161352833e-06
LSTM,enron,pr,1.0,0.4953374427058638,3.3064859508158406e-06
LSTM,enron,pr,1.0,0.49541574454631676,3.3117435123131145e-06
LSTM,enron,pr,1.0,0.49549407114624505,3.3218877888430143e-06
LSTM,enron,pr,1.0,0.49557242251739403,3.3268145216425182e-06
LSTM,enron,pr,1.0,0.4956507986715167,3.3276996873610187e-06
LSTM,enron,pr,1.0,0.4957291996203733,3.3289948078163434e-06
LSTM,enron,pr,1.0,0.4958076253757317,3.329134642626741e-06
LSTM,enron,pr,1.0,0.49588607594936707,3.329185346956365e-06
LSTM,enron,pr,1.0,0.49596455135306217,3.333836730234907e-06
LSTM,enron,pr,1.0,0.4960430515986072,3.343089019836043e-06
LSTM,enron,pr,1.0,0.4961215766977996,3.3436181183787994e-06
LSTM,enron,pr,1.0,0.49620012666244456,3.3440392144257203e-06
LSTM,enron,pr,1.0,0.4962787015043547,3.3442495350755053e-06
LSTM,enron,pr,1.0,0.49635730123535,3.3444728160247905e-06
LSTM,enron,pr,1.0,0.49643592586725804,3.3448268368374556e-06
LSTM,enron,pr,1.0,0.4965145754119138,3.346033054185682e-06
LSTM,enron,pr,1.0,0.4965932498811599,3.3465723845438333e-06
LSTM,enron,pr,1.0,0.49667194928684627,3.348398422531318e-06
LSTM,enron,pr,1.0,0.4967506736408306,3.3506087220303016e-06
LSTM,enron,pr,1.0,0.4968294229549778,3.353425199748017e-06
LSTM,enron,pr,1.0,0.49690819724116064,3.3542792152729817e-06
LSTM,enron,pr,1.0,0.4969869965112591,3.3544647521921434e-06
LSTM,enron,pr,1.0,0.497065820777161,3.355648459546501e-06
LSTM,enron,pr,1.0,0.4971446700507614,3.357883088028757e-06
LSTM,enron,pr,1.0,0.4972235443439632,3.359132279001642e-06
LSTM,enron,pr,1.0,0.4973024436686766,3.360606115165865e-06
LSTM,enron,pr,1.0,0.49738136803681954,3.360644541317015e-06
LSTM,enron,pr,1.0,0.49746031746031744,3.373662138983491e-06
LSTM,enron,pr,1.0,0.49753929195110336,3.3752905892470153e-06
LSTM,enron,pr,1.0,0.4976182915211178,3.375754204171244e-06
LSTM,enron,pr,1.0,0.49769731618230906,3.3788076052587712e-06
LSTM,enron,pr,1.0,0.49777636594663277,3.380715725143091e-06
LSTM,enron,pr,1.0,0.49785544082605243,3.3808801163104363e-06
LSTM,enron,pr,1.0,0.4979345408325389,3.3839089610410156e-06
LSTM,enron,pr,1.0,0.4980136659780709,3.3859880659292685e-06
LSTM,enron,pr,1.0,0.4980928162746345,3.387887318240246e-06
LSTM,enron,pr,1.0,0.4981719917342235,3.388969844309031e-06
LSTM,enron,pr,1.0,0.49833041819049134,3.38961308443686e-06
LSTM,enron,pr,1.0,0.49840966921119595,3.3904761949088424e-06
LSTM,enron,pr,1.0,0.49848894544297756,3.3909127523656934e-06
LSTM,enron,pr,1.0,0.4985682468978683,3.3928795346582774e-06
LSTM,enron,pr,1.0,0.49864757358790773,3.3929864002857357e-06
LSTM,enron,pr,1.0,0.4987269255251432,3.393361566850217e-06
LSTM,enron,pr,1.0,0.4988063027216298,3.3936496492970036e-06
LSTM,enron,pr,1.0,0.4988857051894301,3.394789246158325e-06
LSTM,enron,pr,1.0,0.49896513294061456,3.394944542378653e-06
LSTM,enron,pr,1.0,0.49904458598726115,3.3958447147597326e-06
LSTM,enron,pr,1.0,0.4991240643414556,3.396197826077696e-06
LSTM,enron,pr,1.0,0.4992035680152915,3.397240789126954e-06
LSTM,enron,pr,1.0,0.4992830970208698,3.3973476547544124e-06
LSTM,enron,pr,1.0,0.49936265137029956,3.3978560622927034e-06
LSTM,enron,pr,1.0,0.4994422310756972,3.397891759959748e-06
LSTM,enron,pr,1.0,0.4995218361491871,3.3988185350608546e-06
LSTM,enron,pr,1.0,0.49960146660290133,3.3997002901742235e-06
LSTM,enron,pr,1.0,0.4996811224489796,3.399726210773224e-06
LSTM,enron,pr,1.0,0.49976080369956943,3.4017241432593437e-06
LSTM,enron,pr,1.0,0.49984051036682614,3.402551328690606e-06
LSTM,enron,pr,1.0,0.4999202424629127,3.40339192916872e-06
LSTM,enron,pr,1.0,0.5,3.40605447490816e-06
LSTM,enron,pr,1.0,0.5000797829902665,3.4092620353476377e-06
LSTM,enron,pr,1.0,0.5001595914458985,3.413826789255836e-06
LSTM,enron,pr,1.0,0.5002394253790902,3.416849267523503e-06
LSTM,enron,pr,1.0,0.5003192848020435,3.419300810492132e-06
LSTM,enron,pr,1.0,0.5003991697269679,3.419515905989101e-06
LSTM,enron,pr,1.0,0.5004790801660811,3.4215481719002128e-06
LSTM,enron,pr,1.0,0.5005590161316084,3.428642912695068e-06
LSTM,enron,pr,1.0,0.5006389776357828,3.4298432183277328e-06
LSTM,enron,pr,1.0,0.5007189646908452,3.4330535072513158e-06
LSTM,enron,pr,1.0,0.500879015502637,3.436086444708053e-06
LSTM,enron,pr,1.0,0.5009590792838875,3.436732185946312e-06
LSTM,enron,pr,1.0,0.5010391686650679,3.439230567892082e-06
LSTM,enron,pr,1.0,0.5011192836584586,3.4444494758645305e-06
LSTM,enron,pr,1.0,0.5011994242763473,3.44506725014071e-06
LSTM,enron,pr,1.0,0.5012795905310301,3.4457441415725043e-06
LSTM,enron,pr,1.0,0.5013597824348104,3.450202939347946e-06
LSTM,enron,pr,1.0,0.50144,3.4532508834672626e-06
LSTM,enron,pr,1.0,0.5015202432389182,3.4579240946186474e-06
LSTM,enron,pr,1.0,0.5016005121638925,3.4580559713504044e-06
LSTM,enron,pr,1.0,0.5016808067872579,3.460450898273848e-06
LSTM,enron,pr,1.0,0.5017611271213577,3.4610714010341326e-06
LSTM,enron,pr,1.0,0.5018414731785429,3.4667666568566347e-06
LSTM,enron,pr,1.0,0.5019218449711723,3.470325964372023e-06
LSTM,enron,pr,1.0,0.502002242511613,3.4706899896264076e-06
LSTM,enron,pr,1.0,0.5020826658122397,3.4717825201369124e-06
LSTM,enron,pr,1.0,0.5021631148854351,3.4731733649095986e-06
LSTM,enron,pr,1.0,0.5022435897435897,3.4752872579701943e-06
LSTM,enron,pr,1.0,0.5023240903991024,3.475522589724278e-06
LSTM,enron,pr,1.0,0.5024046168643796,3.4757181310851593e-06
LSTM,enron,pr,1.0,0.5024851691518358,3.477777227089973e-06
LSTM,enron,pr,1.0,0.5025657472738935,3.4780723581206985e-06
LSTM,enron,pr,1.0,0.5026463512429832,3.479927045191289e-06
LSTM,enron,pr,1.0,0.5027269810715431,3.4835495625884505e-06
LSTM,enron,pr,1.0,0.5028076367720199,3.4837455586966826e-06
LSTM,enron,pr,1.0,0.5029690258385492,3.4856830097851343e-06
LSTM,enron,pr,1.0,0.5030497592295345,3.487877847874188e-06
LSTM,enron,pr,1.0,0.5031305185423022,3.489351684038411e-06
LSTM,enron,pr,1.0,0.5032113037893384,3.490966037134058e-06
LSTM,enron,pr,1.0,0.503292114983138,3.4916783988592215e-06
LSTM,enron,pr,1.0,0.503372952136203,3.494856628094567e-06
LSTM,enron,pr,1.0,0.5034538152610442,3.494936663628323e-06
LSTM,enron,pr,1.0,0.50353470437018,3.4956367471750127e-06
LSTM,enron,pr,1.0,0.5036156194761369,3.4956433410116006e-06
LSTM,enron,pr,1.0,0.5036965605914497,3.4972372304764576e-06
LSTM,enron,pr,1.0,0.503777527728661,3.4998263345187297e-06
LSTM,enron,pr,1.0,0.5038585209003216,3.5005407426069723e-06
LSTM,enron,pr,1.0,0.5039395401189902,3.5028181173402118e-06
LSTM,enron,pr,1.0,0.5040205853972338,3.5042214676650474e-06
LSTM,enron,pr,1.0,0.5041016567476275,3.5058660614595283e-06
LSTM,enron,pr,1.0,0.5041827541827542,3.506668690533843e-06
LSTM,enron,pr,1.0,0.5042638777152052,3.509913995003444e-06
LSTM,enron,pr,1.0,0.5043450273575797,3.51173548551742e-06
LSTM,enron,pr,1.0,0.5044262031224851,3.5118794130539754e-06
LSTM,enron,pr,1.0,0.504507405022537,3.5133903111272957e-06
LSTM,enron,pr,1.0,0.5045886330703591,3.5151631436747266e-06
LSTM,enron,pr,1.0,0.504669887278583,3.5178691177861765e-06
LSTM,enron,pr,1.0,0.5047511676598486,3.5195973850932205e-06
LSTM,enron,pr,1.0,0.5048324742268041,3.5233754260843853e-06
LSTM,enron,pr,1.0,0.5049138069921056,3.525963848005631e-06
LSTM,enron,pr,1.0,0.5049951659684176,3.526138698362047e-06
LSTM,enron,pr,1.0,0.5050765511684125,3.5279078929306706e-06
LSTM,enron,pr,1.0,0.5051579626047711,3.5292437132738996e-06
LSTM,enron,pr,1.0,0.5052394002901822,3.5305768051330233e-06
LSTM,enron,pr,1.0,0.5053208642373428,3.531374886733829e-06
LSTM,enron,pr,1.0,0.5054023544589582,3.5329817364981864e-06
LSTM,enron,pr,1.0,0.5054838709677419,3.5350747111806413e-06
LSTM,enron,pr,1.0,0.5055654137764155,3.535533096510335e-06
LSTM,enron,pr,1.0,0.5056469828977089,3.5365549138077768e-06
LSTM,enron,pr,1.0,0.5057285783443601,3.542370905051939e-06
LSTM,enron,pr,1.0,0.5058102001291156,3.542722197380499e-06
LSTM,enron,pr,1.0,0.5058918482647297,3.5431953619990963e-06
LSTM,enron,pr,1.0,0.5059735227639651,3.544023229551385e-06
LSTM,enron,pr,1.0,0.5060552236395931,3.5446892070467584e-06
LSTM,enron,pr,1.0,0.5061369509043928,3.5447230857243994e-06
LSTM,enron,pr,1.0,0.5062187045711517,3.5464272514218464e-06
LSTM,enron,pr,1.0,0.5063004846526656,3.5465118344291113e-06
LSTM,enron,pr,1.0,0.5063822911617386,3.5477430628816364e-06
LSTM,enron,pr,1.0,0.5064641241111829,3.5488292269292288e-06
LSTM,enron,pr,1.0,0.5065459835138193,3.5497771477821516e-06
LSTM,enron,pr,1.0,0.5066278693824766,3.550576138877659e-06
LSTM,enron,pr,1.0,0.5067097817299919,3.55538077201345e-06
LSTM,enron,pr,1.0,0.5067917205692108,3.555411467459635e-06
LSTM,enron,pr,1.0,0.5068736859129872,3.557646550689242e-06
LSTM,enron,pr,1.0,0.5069556777741832,3.559136303010746e-06
LSTM,enron,pr,1.0,0.507037696165669,3.5638813642435707e-06
LSTM,enron,pr,1.0,0.5071197411003237,3.570440185285406e-06
LSTM,enron,pr,1.0,0.5072018125910341,3.571489060050226e-06
LSTM,enron,pr,1.0,0.507283910650696,3.5715027024707524e-06
LSTM,enron,pr,1.0,0.507366035292213,3.579437361622695e-06
LSTM,enron,pr,1.0,0.5074481865284974,3.5855018722941168e-06
LSTM,enron,pr,1.0,0.5075303643724697,3.5862574350176146e-06
LSTM,enron,pr,1.0,0.5076125688370586,3.58655506715877e-06
LSTM,enron,pr,1.0,0.5076947999352017,3.589703283068957e-06
LSTM,enron,pr,1.0,0.5077770576798445,3.591312633943744e-06
LSTM,enron,pr,1.0,0.507859342083941,3.5916380056733033e-06
LSTM,enron,pr,1.0,0.5079416531604538,3.593559995351825e-06
LSTM,enron,pr,1.0,0.5080239909223537,3.594296686060261e-06
LSTM,enron,pr,1.0,0.50810635538262,3.599486717575928e-06
LSTM,enron,pr,1.0,0.5081887465542403,3.6000635645905277e-06
LSTM,enron,pr,1.0,0.5082711644502108,3.6016397189087e-06
LSTM,enron,pr,1.0,0.5083536090835361,3.6023782286065398e-06
LSTM,enron,pr,1.0,0.5084360804672291,3.602491688070586e-06
LSTM,enron,pr,1.0,0.5085185786143113,3.6066271604795475e-06
LSTM,enron,pr,1.0,0.5086011035378124,3.608946144595393e-06
LSTM,enron,pr,1.0,0.508683655250771,3.6094418192078592e-06
LSTM,enron,pr,1.0,0.5087662337662338,3.6101405385124963e-06
LSTM,enron,pr,1.0,0.5088488390972561,3.610598469094839e-06
LSTM,enron,pr,1.0,0.5089314712569016,3.6107260257267626e-06
LSTM,enron,pr,1.0,0.5090141302582426,3.610874045989476e-06
LSTM,enron,pr,1.0,0.50909681611436,3.61089132638881e-06
LSTM,enron,pr,1.0,0.5091795288383428,3.6111014196649194e-06
LSTM,enron,pr,1.0,0.5092622684432889,3.6130406897427747e-06
LSTM,enron,pr,1.0,0.5093450349423045,3.615084551711334e-06
LSTM,enron,pr,1.0,0.5094278283485045,3.615963805714273e-06
LSTM,enron,pr,1.0,0.5095106486750122,3.6166088648315053e-06
LSTM,enron,pr,1.0,0.5095934959349594,3.6172020827507367e-06
LSTM,enron,pr,1.0,0.5096763701414864,3.6176918456476415e-06
LSTM,enron,pr,1.0,0.5097592713077423,3.618002438088297e-06
LSTM,enron,pr,1.0,0.5098421994468847,3.619510607677512e-06
LSTM,enron,pr,1.0,0.5099251545720794,3.620390998548828e-06
LSTM,enron,pr,1.0,0.5100081366965012,3.62077412319195e-06
LSTM,enron,pr,1.0,0.5100911458333334,3.621019459387753e-06
LSTM,enron,pr,1.0,0.5101741819957676,3.621637461037608e-06
LSTM,enron,pr,1.0,0.5102572451970042,3.6234582694305573e-06
LSTM,enron,pr,1.0,0.5103403354502524,3.62473701898125e-06
LSTM,enron,pr,1.0,0.5104234527687297,3.625559884312679e-06
LSTM,enron,pr,1.0,0.5105065971656622,3.626680154411588e-06
LSTM,enron,pr,1.0,0.5105897686542847,3.6272026591177564e-06
LSTM,enron,pr,1.0,0.510672967247841,3.62868695447105e-06
LSTM,enron,pr,1.0,0.5107561929595827,3.6296005418989807e-06
LSTM,enron,pr,1.0,0.510839445802771,3.6310962059360463e-06
LSTM,enron,pr,1.0,0.5109227257906749,3.631407935245079e-06
LSTM,enron,pr,1.0,0.5110060329365727,3.631924073488335e-06
LSTM,enron,pr,1.0,0.5110893672537509,3.6352264487504726e-06
LSTM,enron,pr,1.0,0.5111727287555048,3.6360995636641746e-06
LSTM,enron,pr,1.0,0.5112561174551387,3.6373066905071028e-06
LSTM,enron,pr,1.0,0.511339533365965,3.6394230846781284e-06
LSTM,enron,pr,1.0,0.5114229765013055,3.640068825916387e-06
LSTM,enron,pr,1.0,0.51150644687449,3.644118805823382e-06
LSTM,enron,pr,1.0,0.5115899444988573,3.644514890766004e-06
LSTM,enron,pr,1.0,0.5116734693877552,3.6446540434553754e-06
LSTM,enron,pr,1.0,0.5117570215545395,3.6450189782044617e-06
LSTM,enron,pr,1.0,0.5118406010125756,3.6454466680879705e-06
LSTM,enron,pr,1.0,0.5120078418559059,3.645728156698169e-06
LSTM,enron,pr,1.0,0.5120915032679738,3.6461315175984055e-06
LSTM,enron,pr,1.0,0.5121751920248406,3.648820438684197e-06
LSTM,enron,pr,1.0,0.512258908139915,3.649502559710527e-06
LSTM,enron,pr,1.0,0.5123426516266143,3.6515600640996126e-06
LSTM,enron,pr,1.0,0.5124264224983649,3.6517446915240726e-06
LSTM,enron,pr,1.0,0.5125102207686018,3.6518281376629602e-06
LSTM,enron,pr,1.0,0.5125940464507688,3.6519047625915846e-06
LSTM,enron,pr,1.0,0.5126778995583183,3.651932729553664e-06
LSTM,enron,pr,1.0,0.5127617801047121,3.6533749607770005e-06
LSTM,enron,pr,1.0,0.51284568810342,3.6534236187435454e-06
LSTM,enron,pr,1.0,0.5129296235679215,3.654287866083905e-06
LSTM,enron,pr,1.0,0.513013586511704,3.6550616187014384e-06
LSTM,enron,pr,1.0,0.5130975769482645,3.655751925180084e-06
LSTM,enron,pr,1.0,0.5131815948911086,3.6620674563891953e-06
LSTM,enron,pr,1.0,0.5132656403537504,3.6624132917495444e-06
LSTM,enron,pr,1.0,0.5133497133497134,3.6632516184909036e-06
LSTM,enron,pr,1.0,0.5134338138925295,3.666411203084863e-06
LSTM,enron,pr,1.0,0.5135179419957397,3.6669425753643736e-06
LSTM,enron,pr,1.0,0.5136020976728941,3.6679464301414555e-06
LSTM,enron,pr,1.0,0.5136862809375512,3.6704518606711645e-06
LSTM,enron,pr,1.0,0.5137704918032787,3.671334070531884e-06
LSTM,enron,pr,1.0,0.513854730283653,3.671341119115823e-06
LSTM,enron,pr,1.0,0.5139389963922597,3.673953870020341e-06
LSTM,enron,pr,1.0,0.5140232901426931,3.6745916531799594e-06
LSTM,enron,pr,1.0,0.5141076115485564,3.676218057080405e-06
LSTM,enron,pr,1.0,0.5141919606234618,3.67642837773019e-06
LSTM,enron,pr,1.0,0.5142763373810305,3.6773121792066377e-06
LSTM,enron,pr,1.0,0.5143607418348926,3.677824224723736e-06
LSTM,enron,pr,1.0,0.5144451739986868,3.680178451759275e-06
LSTM,enron,pr,1.0,0.5145296338860614,3.680273266581935e-06
LSTM,enron,pr,1.0,0.5146141215106732,3.681094540297636e-06
LSTM,enron,pr,1.0,0.5146986368861882,3.6823023492615903e-06
LSTM,enron,pr,1.0,0.5147831800262812,3.6865119454887463e-06
LSTM,enron,pr,1.0,0.5148677509446361,3.6884741803078214e-06
LSTM,enron,pr,1.0,0.5149523496549457,3.6901594739902066e-06
LSTM,enron,pr,1.0,0.515036976170912,3.6923174775438383e-06
LSTM,enron,pr,1.0,0.5151216305062459,3.69429335478344e-06
LSTM,enron,pr,1.0,0.5152063126746671,3.6965241179132136e-06
LSTM,enron,pr,1.0,0.5152910226899047,3.6967005598853575e-06
LSTM,enron,pr,1.0,0.5153757605656965,3.6968519907532027e-06
LSTM,enron,pr,1.0,0.5154605263157894,3.697377451317152e-06
LSTM,enron,pr,1.0,0.5155453199539398,3.6990034004702466e-06
LSTM,enron,pr,1.0,0.5156301414939125,3.7001923374191392e-06
LSTM,enron,pr,1.0,0.5157149909494817,3.701078185258666e-06
LSTM,enron,pr,1.0,0.5157998683344306,3.7020065519755008e-06
LSTM,enron,pr,1.0,0.5158847736625515,3.7021443404228194e-06
LSTM,enron,pr,1.0,0.5159697069476457,3.7027409689471824e-06
LSTM,enron,pr,1.0,0.5160546682035237,3.7031436477263924e-06
LSTM,enron,pr,1.0,0.5161396574440053,3.70450698028435e-06
LSTM,enron,pr,1.0,0.5162246746829188,3.706535380842979e-06
LSTM,enron,pr,1.0,0.5163097199341021,3.7066274671815336e-06
LSTM,enron,pr,1.0,0.5163947932114022,3.7098491247888887e-06
LSTM,enron,pr,1.0,0.516479894528675,3.7118875297892373e-06
LSTM,enron,pr,1.0,0.5165650238997858,3.7120184970262926e-06
LSTM,enron,pr,1.0,0.5166501813386086,3.7128540952835465e-06
LSTM,enron,pr,1.0,0.5167353668590272,3.713958903972525e-06
LSTM,enron,pr,1.0,0.5168205804749341,3.7147738112253137e-06
LSTM,enron,pr,1.0,0.516905822200231,3.718552079590154e-06
LSTM,enron,pr,1.0,0.5169910920488288,3.719829010151443e-06
LSTM,enron,pr,1.0,0.5170763900346478,3.7231543501548003e-06
LSTM,enron,pr,1.0,0.5171617161716172,3.725900114659453e-06
LSTM,enron,pr,1.0,0.5172470704736756,3.7268027881509624e-06
LSTM,enron,pr,1.0,0.5173324529547706,3.7280894957802957e-06
LSTM,enron,pr,1.0,0.5174178636288592,3.7334157241275534e-06
LSTM,enron,pr,1.0,0.5175033025099075,3.7340744256653124e-06
LSTM,enron,pr,1.0,0.517588769611891,3.7340887502068654e-06
LSTM,enron,pr,1.0,0.5176742649487942,3.7342704217735445e-06
LSTM,enron,pr,1.0,0.5177597885346109,3.736675125765032e-06
LSTM,enron,pr,1.0,0.5178453403833444,3.7372487895481754e-06
LSTM,enron,pr,1.0,0.5179309205090068,3.7386569147201953e-06
LSTM,enron,pr,1.0,0.5180165289256199,3.7393915590655524e-06
LSTM,enron,pr,1.0,0.5181021656472145,3.7394947867142037e-06
LSTM,enron,pr,1.0,0.5181878306878307,3.7406898627523333e-06
LSTM,enron,pr,1.0,0.518273524061518,3.7410536606330425e-06
LSTM,enron,pr,1.0,0.5183592457823354,3.7412285109894583e-06
LSTM,enron,pr,1.0,0.5184449958643507,3.743523393495707e-06
LSTM,enron,pr,1.0,0.5185307743216413,3.745244612218812e-06
LSTM,enron,pr,1.0,0.5186165811682939,3.747230948647484e-06
LSTM,enron,pr,1.0,0.5187024164184045,3.747759819816565e-06
LSTM,enron,pr,1.0,0.5187882800860785,3.7481959225260653e-06
LSTM,enron,pr,1.0,0.5188741721854304,3.748367589651025e-06
LSTM,enron,pr,1.0,0.5189600927305845,3.7498550682357745e-06
LSTM,enron,pr,1.0,0.519046041735674,3.751879603441921e-06
LSTM,enron,pr,1.0,0.5191320192148418,3.7521228932746453e-06
LSTM,enron,pr,1.0,0.5192180251822399,3.7524414437939413e-06
LSTM,enron,pr,1.0,0.5193040596520299,3.753404143935768e-06
LSTM,enron,pr,1.0,0.5193901226383825,3.7542060908890562e-06
LSTM,enron,pr,1.0,0.5194762141554782,3.7543959479080513e-06
LSTM,enron,pr,1.0,0.5195623342175066,3.754463932637009e-06
LSTM,enron,pr,1.0,0.5196484828386669,3.7583754419756588e-06
LSTM,enron,pr,1.0,0.5197346600331675,3.7598954349959968e-06
LSTM,enron,pr,1.0,0.5198208658152264,3.7608888305840082e-06
LSTM,enron,pr,1.0,0.519907100199071,3.761394509638194e-06
LSTM,enron,pr,1.0,0.5199933631989381,3.7615882320096716e-06
LSTM,enron,pr,1.0,0.520079654829074,3.7626932680723257e-06
LSTM,enron,pr,1.0,0.5201659751037344,3.763802396861138e-06
LSTM,enron,pr,1.0,0.5202523240371846,3.7643731047865003e-06
LSTM,enron,pr,1.0,0.5203387016436991,3.7645311294909334e-06
LSTM,enron,pr,1.0,0.5204251079375622,3.764811026485404e-06
LSTM,enron,pr,1.0,0.5205115429330676,3.765798510357854e-06
LSTM,enron,pr,1.0,0.5205980066445183,3.767109774344135e-06
LSTM,enron,pr,1.0,0.5206844990862269,3.768762553590932e-06
LSTM,enron,pr,1.0,0.5207710202725158,3.7695067476306576e-06
LSTM,enron,pr,1.0,0.5208575702177165,3.769682962229126e-06
LSTM,enron,pr,1.0,0.5209441489361702,3.769743898374145e-06
LSTM,enron,pr,1.0,0.5210307564422277,3.770211378650856e-06
LSTM,enron,pr,1.0,0.5211173927502494,3.7710349261033116e-06
LSTM,enron,pr,1.0,0.521290751829674,3.7726031223428436e-06
LSTM,enron,pr,1.0,0.5213774746298453,3.7731176689703716e-06
LSTM,enron,pr,1.0,0.5214642262895175,3.774539436562918e-06
LSTM,enron,pr,1.0,0.5215510068230987,3.7754753066110425e-06
LSTM,enron,pr,1.0,0.5216378162450066,3.7761667499580653e-06
LSTM,enron,pr,1.0,0.5217246545696688,3.7762315514555667e-06
LSTM,enron,pr,1.0,0.5218115218115218,3.7781478567922022e-06
LSTM,enron,pr,1.0,0.5218984179850125,3.779921144086984e-06
LSTM,enron,pr,1.0,0.521985343104597,3.7806637465109816e-06
LSTM,enron,pr,1.0,0.5220722971847409,3.7808151773788268e-06
LSTM,enron,pr,1.0,0.52215928023992,3.781449777306989e-06
LSTM,enron,pr,1.0,0.5223333333333333,3.7843576592422323e-06
LSTM,enron,pr,1.0,0.5224204034005667,3.7846282339160098e-06
LSTM,enron,pr,1.0,0.5225075025008337,3.785173248616047e-06
LSTM,enron,pr,1.0,0.5225946306486576,3.786682327699964e-06
LSTM,enron,pr,1.0,0.5226817878585723,3.7869026527914684e-06
LSTM,enron,pr,1.0,0.5227689741451209,3.7876502574363258e-06
LSTM,enron,pr,1.0,0.5228561895228562,3.790541086345911e-06
LSTM,enron,pr,1.0,0.5229434340063407,3.7914630865998333e-06
LSTM,enron,pr,1.0,0.5230307076101469,3.7964780403854093e-06
LSTM,enron,pr,1.0,0.5231180103488566,3.796676992351422e-06
LSTM,enron,pr,1.0,0.5232053422370617,3.7985096241754945e-06
LSTM,enron,pr,1.0,0.5232927032893638,3.7992995203239843e-06
LSTM,enron,pr,1.0,0.5233800935203741,3.8007997318345588e-06
LSTM,enron,pr,1.0,0.5234675129447135,3.801224011112936e-06
LSTM,enron,pr,1.0,0.523554961577013,3.8055040931794792e-06
LSTM,enron,pr,1.0,0.5236424394319131,3.8068687899794895e-06
LSTM,enron,pr,1.0,0.5237299465240641,3.8117186704766937e-06
LSTM,enron,pr,1.0,0.5238174828681263,3.8132457120809704e-06
LSTM,enron,pr,1.0,0.5239050484787696,3.8132966437842697e-06
LSTM,enron,pr,1.0,0.5239926433706737,3.8136167859192938e-06
LSTM,enron,pr,1.0,0.5240802675585284,3.813624061876908e-06
LSTM,enron,pr,1.0,0.5241679210570329,3.8140894957905402e-06
LSTM,enron,pr,1.0,0.5243433160448385,3.814118599620997e-06
LSTM,enron,pr,1.0,0.5244310575635877,3.8146206406963756e-06
LSTM,enron,pr,1.0,0.5245188284518828,3.815042873611674e-06
LSTM,enron,pr,1.0,0.5246944583961158,3.8159887481015176e-06
LSTM,enron,pr,1.0,0.5247823174815807,3.816440312220948e-06
LSTM,enron,pr,1.0,0.5248702059956456,3.818165623670211e-06
LSTM,enron,pr,1.0,0.5249581239530988,3.818755885731662e-06
LSTM,enron,pr,1.0,0.5250460713687385,3.819251105596777e-06
LSTM,enron,pr,1.0,0.5251340482573726,3.821750397037249e-06
LSTM,enron,pr,1.0,0.5252220546338193,3.827221462415764e-06
LSTM,enron,pr,1.0,0.5253100905129064,3.8272801248240285e-06
LSTM,enron,pr,1.0,0.5253981559094719,3.827914952125866e-06
LSTM,enron,pr,1.0,0.5254862508383635,3.829328306892421e-06
LSTM,enron,pr,1.0,0.5255743753144391,3.829769866570132e-06
LSTM,enron,pr,1.0,0.5256625293525663,3.83092810807284e-06
LSTM,enron,pr,1.0,0.5257507129676229,3.8315747588058e-06
LSTM,enron,pr,1.0,0.5258389261744967,3.8325470086419955e-06
LSTM,enron,pr,1.0,0.5259271689880852,3.833691152976826e-06
LSTM,enron,pr,1.0,0.5260154414232964,3.833906703221146e-06
LSTM,enron,pr,1.0,0.5261037434950478,3.834078597719781e-06
LSTM,enron,pr,1.0,0.5261920752182673,3.8364159991033375e-06
LSTM,enron,pr,1.0,0.5262804366078925,3.837374606519006e-06
LSTM,enron,pr,1.0,0.5264572484461616,3.83800761483144e-06
LSTM,enron,pr,1.0,0.5265456989247311,3.838600605376996e-06
LSTM,enron,pr,1.0,0.526634179129558,3.839186319964938e-06
LSTM,enron,pr,1.0,0.5267226890756302,3.840500994556351e-06
LSTM,enron,pr,1.0,0.5268112287779458,3.841314082819736e-06
LSTM,enron,pr,1.0,0.5268997982515131,3.842725163849536e-06
LSTM,enron,pr,1.0,0.5269883975113503,3.842787464236608e-06
LSTM,enron,pr,1.0,0.5270770265724857,3.8437697185145225e-06
LSTM,enron,pr,1.0,0.5271656854499579,3.845203082164517e-06
LSTM,enron,pr,1.0,0.5272543741588156,3.845338596875081e-06
LSTM,enron,pr,1.0,0.5273430927141175,3.8481634874187876e-06
LSTM,enron,pr,1.0,0.5274318411309323,3.848625965474639e-06
LSTM,enron,pr,1.0,0.5275206194243394,3.849102995445719e-06
LSTM,enron,pr,1.0,0.5276094276094276,3.850299890473252e-06
LSTM,enron,pr,1.0,0.5276982657012965,3.8512475839524996e-06
LSTM,enron,pr,1.0,0.5277871337150556,3.852055669995025e-06
LSTM,enron,pr,1.0,0.5278760316658245,3.85214025300229e-06
LSTM,enron,pr,1.0,0.5279649595687331,3.8539151319127996e-06
LSTM,enron,pr,1.0,0.5280539174389216,3.854514034173917e-06
LSTM,enron,pr,1.0,0.5281429052915403,3.85495150112547e-06
LSTM,enron,pr,1.0,0.5282319231417495,3.855010163533734e-06
LSTM,enron,pr,1.0,0.5283209710047202,3.8569996831938624e-06
LSTM,enron,pr,1.0,0.5284100488956331,3.858784111798741e-06
LSTM,enron,pr,1.0,0.5284991568296796,3.859487151203211e-06
LSTM,enron,pr,1.0,0.528588294822061,3.861324330500793e-06
LSTM,enron,pr,1.0,0.5286774628879892,3.861456661979901e-06
LSTM,enron,pr,1.0,0.528766661042686,3.8622742977167945e-06
LSTM,enron,pr,1.0,0.5288558893013837,3.862952326016966e-06
LSTM,enron,pr,1.0,0.5289451476793249,3.863534402626101e-06
LSTM,enron,pr,1.0,0.5290344361917623,3.863777692458825e-06
LSTM,enron,pr,1.0,0.5291237548539591,3.863910478685284e-06
LSTM,enron,pr,1.0,0.5292131036811888,3.864750397042371e-06
LSTM,enron,pr,1.0,0.529302482688735,3.865399321512086e-06
LSTM,enron,pr,1.0,0.5293918918918918,3.865768121613655e-06
LSTM,enron,pr,1.0,0.5294813313059639,3.866394763463177e-06
LSTM,enron,pr,1.0,0.5295708009462656,3.868095063808141e-06
LSTM,enron,pr,1.0,0.5296603008281223,3.869220108754234e-06
LSTM,enron,pr,1.0,0.5297498309668696,3.870253749482799e-06
LSTM,enron,pr,1.0,0.529839391377853,3.871065473504132e-06
LSTM,enron,pr,1.0,0.5299289820764288,3.871475655614631e-06
LSTM,enron,pr,1.0,0.5300186030779638,3.871597073157318e-06
LSTM,enron,pr,1.0,0.5301082543978349,3.8730004234821536e-06
LSTM,enron,pr,1.0,0.5301979360514295,3.873281457345001e-06
LSTM,enron,pr,1.0,0.5302876480541455,3.8734215195290744e-06
LSTM,enron,pr,1.0,0.5303773904213911,3.873606601700885e-06
LSTM,enron,pr,1.0,0.530467163168585,3.874249159707688e-06
LSTM,enron,pr,1.0,0.5305569663111562,3.876783921441529e-06
LSTM,enron,pr,1.0,0.5306467998645445,3.877330982504645e-06
LSTM,enron,pr,1.0,0.5307366638441998,3.877759809256531e-06
LSTM,enron,pr,1.0,0.5308265582655827,3.877797098539304e-06
LSTM,enron,pr,1.0,0.530916483144164,3.878033567161765e-06
LSTM,enron,pr,1.0,0.5310064384954253,3.8787325138400774e-06
LSTM,enron,pr,1.0,0.5310964243348585,3.879217274516122e-06
LSTM,enron,pr,1.0,0.531186440677966,3.880664280586643e-06
LSTM,enron,pr,1.0,0.531276487540261,3.880848908011103e-06
LSTM,enron,pr,1.0,0.5313665649372669,3.881626525981119e-06
LSTM,enron,pr,1.0,0.5314566728845176,3.8817561289761215e-06
LSTM,enron,pr,1.0,0.5315468113975577,3.883533281623386e-06
LSTM,enron,pr,1.0,0.5316369804919423,3.887342700181762e-06
LSTM,enron,pr,1.0,0.5317271801832372,3.889341314788908e-06
LSTM,enron,pr,1.0,0.5318174104870185,3.8901835068827495e-06
LSTM,enron,pr,1.0,0.5319076714188731,3.890595053235302e-06
LSTM,enron,pr,1.0,0.5319979629943983,3.891526830557268e-06
LSTM,enron,pr,1.0,0.532088285229202,3.8922539715713356e-06
LSTM,enron,pr,1.0,0.5321786381389031,3.894006567861652e-06
LSTM,enron,pr,1.0,0.5322690217391305,3.900574029103154e-06
LSTM,enron,pr,1.0,0.532359436045524,3.902464413840789e-06
LSTM,enron,pr,1.0,0.5324498810737343,3.902661319443723e-06
LSTM,enron,pr,1.0,0.5325403568394222,3.903871402144432e-06
LSTM,enron,pr,1.0,0.5326308633582597,3.905312496499391e-06
LSTM,enron,pr,1.0,0.532721400645929,3.90540935768513e-06
LSTM,enron,pr,1.0,0.5328119687181231,3.906020083377371e-06
LSTM,enron,pr,1.0,0.5329025675905458,3.9064966586011e-06
LSTM,enron,pr,1.0,0.5329931972789116,3.9068618207238615e-06
LSTM,enron,pr,1.0,0.5330838577989454,3.906988695234759e-06
LSTM,enron,pr,1.0,0.5331745491663831,3.9072419895092025e-06
LSTM,enron,pr,1.0,0.5332652713969712,3.908031885657692e-06
LSTM,enron,pr,1.0,0.533356024506467,3.910112354787998e-06
LSTM,enron,pr,1.0,0.5334468085106383,3.911768544639926e-06
LSTM,enron,pr,1.0,0.5335376234252639,3.911839030479314e-06
LSTM,enron,pr,1.0,0.5336284692661332,3.914208718924783e-06
LSTM,enron,pr,1.0,0.5337193460490464,3.916139121429296e-06
LSTM,enron,pr,1.0,0.5338102537898144,3.916621153621236e-06
LSTM,enron,pr,1.0,0.5339011925042589,3.917697085853433e-06
LSTM,enron,pr,1.0,0.5339921622082127,3.9184292290883604e-06
LSTM,enron,pr,1.0,0.5340831629175188,3.918810307368403e-06
LSTM,enron,pr,1.0,0.5341741946480314,3.918974925909424e-06
LSTM,enron,pr,1.0,0.5342652574156154,3.919688879250316e-06
LSTM,enron,pr,1.0,0.5343563512361467,3.920713425031863e-06
LSTM,enron,pr,1.0,0.5344474761255116,3.922048563254066e-06
LSTM,enron,pr,1.0,0.5345386320996077,3.927501893485896e-06
LSTM,enron,pr,1.0,0.5346298191743433,3.928929345420329e-06
LSTM,enron,pr,1.0,0.5347210373656373,3.930019829567755e-06
LSTM,enron,pr,1.0,0.5348122866894198,3.932126674044412e-06
LSTM,enron,pr,1.0,0.5349035671616317,3.932749223167775e-06
LSTM,enron,pr,1.0,0.5349948787982246,3.9331803236564156e-06
LSTM,enron,pr,1.0,0.5350862216151614,3.93339814763749e-06
LSTM,enron,pr,1.0,0.5351775956284153,3.9337055568466894e-06
LSTM,enron,pr,1.0,0.535269000853971,3.934133474103874e-06
LSTM,enron,pr,1.0,0.5353604373078237,3.9382475733873434e-06
LSTM,enron,pr,1.0,0.5354519050059798,3.939088855986483e-06
LSTM,enron,pr,1.0,0.5355434039644565,3.9390965866914485e-06
LSTM,enron,pr,1.0,0.5356349341992822,3.940426722692791e-06
LSTM,enron,pr,1.0,0.5357264957264958,3.943163392250426e-06
LSTM,enron,pr,1.0,0.5358180885621474,3.945743628719356e-06
LSTM,enron,pr,1.0,0.5359097127222983,3.946824108425062e-06
LSTM,enron,pr,1.0,0.5360013682230204,3.947230652556755e-06
LSTM,enron,pr,1.0,0.5360930550803968,3.9476558413298335e-06
LSTM,enron,pr,1.0,0.5361847733105218,3.948247012885986e-06
LSTM,enron,pr,1.0,0.5362765229295003,3.94880817111698e-06
LSTM,enron,pr,1.0,0.5363683039534486,3.949086931243073e-06
LSTM,enron,pr,1.0,0.5364601163984937,3.9502392610302195e-06
LSTM,enron,pr,1.0,0.5365519602807738,3.950570771849016e-06
LSTM,enron,pr,1.0,0.5366438356164384,3.9510605347459204e-06
LSTM,enron,pr,1.0,0.5367357424216476,3.9516412471130025e-06
LSTM,enron,pr,1.0,0.5368276807125728,3.95268125430448e-06
LSTM,enron,pr,1.0,0.5369196505053966,3.953487976104952e-06
LSTM,enron,pr,1.0,0.5370116518163125,3.95367669625557e-06
LSTM,enron,pr,1.0,0.5371036846615252,3.9569281398144085e-06
LSTM,enron,pr,1.0,0.5371957490572506,3.95748293158249e-06
LSTM,enron,pr,1.0,0.5372878450197154,3.9577093957632314e-06
LSTM,enron,pr,1.0,0.5373799725651578,3.959903096983908e-06
LSTM,enron,pr,1.0,0.5374721317098268,3.960665708291344e-06
LSTM,enron,pr,1.0,0.5375643224699829,3.961708443966927e-06
LSTM,enron,pr,1.0,0.5376565448618974,3.961712081945734e-06
LSTM,enron,pr,1.0,0.5377487989018531,3.964656571042724e-06
LSTM,enron,pr,1.0,0.5378410846061438,3.96608584196656e-06
LSTM,enron,pr,1.0,0.5379334019910745,3.966555141232675e-06
LSTM,enron,pr,1.0,0.5380257510729614,3.967568773077801e-06
LSTM,enron,pr,1.0,0.5383029886636894,3.970396392105613e-06
LSTM,enron,pr,1.0,0.5383954646967875,3.971725618612254e-06
LSTM,enron,pr,1.0,0.538487972508591,3.971741080022184e-06
LSTM,enron,pr,1.0,0.5385805121154837,3.971892510890029e-06
LSTM,enron,pr,1.0,0.5386730835338605,3.973328148276778e-06
LSTM,enron,pr,1.0,0.5387656867801273,3.9748479139234405e-06
LSTM,enron,pr,1.0,0.5388583218707015,3.974886112700915e-06
LSTM,enron,pr,1.0,0.5389509888220121,3.977312644565245e-06
LSTM,enron,pr,1.0,0.5390436876504988,3.977616415795637e-06
LSTM,enron,pr,1.0,0.5391364183726131,3.978082986577647e-06
LSTM,enron,pr,1.0,0.5392291810048176,3.9782762542017736e-06
LSTM,enron,pr,1.0,0.5393219755635863,3.9791416384105105e-06
LSTM,enron,pr,1.0,0.5394148020654045,3.980765995947877e-06
LSTM,enron,pr,1.0,0.5395076605267688,3.980864676123019e-06
LSTM,enron,pr,1.0,0.5396005509641874,3.982976068073185e-06
LSTM,enron,pr,1.0,0.5396934733941794,3.984146133007016e-06
LSTM,enron,pr,1.0,0.5397864278332759,3.9856663534010295e-06
LSTM,enron,pr,1.0,0.539879414298019,3.986418960266747e-06
LSTM,enron,pr,1.0,0.5399724328049621,3.9871642911748495e-06
LSTM,enron,pr,1.0,0.5400654833706704,3.987506261182716e-06
LSTM,enron,pr,1.0,0.5401585660117201,3.9879932955955155e-06
LSTM,enron,pr,1.0,0.5402516807446992,3.9897959140944295e-06
LSTM,enron,pr,1.0,0.5403448275862069,3.990663572039921e-06
LSTM,enron,pr,1.0,0.5404380065528539,3.992190158896847e-06
LSTM,enron,pr,1.0,0.5405312176612626,3.993069640273461e-06
LSTM,enron,pr,1.0,0.5406244609280663,3.993358859588625e-06
LSTM,enron,pr,1.0,0.5407177363699103,3.993389327661134e-06
LSTM,enron,pr,1.0,0.5409043838453572,3.993423888459802e-06
LSTM,enron,pr,1.0,0.5409977559123079,3.994425242126454e-06
LSTM,enron,pr,1.0,0.5410911602209945,3.994558483100263e-06
LSTM,enron,pr,1.0,0.5411845967881195,3.994973667431623e-06
LSTM,enron,pr,1.0,0.5412780656303973,3.9952669794729445e-06
LSTM,enron,pr,1.0,0.5413715667645534,3.9962083064892795e-06
LSTM,enron,pr,1.0,0.5414651002073255,3.997058229288086e-06
LSTM,enron,pr,1.0,0.5415586659754622,3.99752707380685e-06
LSTM,enron,pr,1.0,0.5416522640857242,3.998350621259306e-06
LSTM,enron,pr,1.0,0.5417458945548833,3.998808097094297e-06
LSTM,enron,pr,1.0,0.5418395573997233,4.000997705588816e-06
LSTM,enron,pr,1.0,0.5419332526370396,4.002501555078197e-06
LSTM,enron,pr,1.0,0.5420269802836388,4.002837613370502e-06
LSTM,enron,pr,1.0,0.5421207403563397,4.003280082542915e-06
LSTM,enron,pr,1.0,0.5422145328719723,4.003730737167643e-06
LSTM,enron,pr,1.0,0.5423083578473784,4.0044869820121676e-06
LSTM,enron,pr,1.0,0.5424022152994116,4.006075869256165e-06
LSTM,enron,pr,1.0,0.5424961052449369,4.009194526588544e-06
LSTM,enron,pr,1.0,0.542590027700831,4.010464181192219e-06
LSTM,enron,pr,1.0,0.5426839826839827,4.011045803054003e-06
LSTM,enron,pr,1.0,0.542777970211292,4.012867066194303e-06
LSTM,enron,pr,1.0,0.5428719902996709,4.0133950278686825e-06
LSTM,enron,pr,1.0,0.542966042966043,4.01339866584749e-06
LSTM,enron,pr,1.0,0.5430601282273436,4.014367277704878e-06
LSTM,enron,pr,1.0,0.5431542461005199,4.0145127968571614e-06
LSTM,enron,pr,1.0,0.5432483966025308,4.015263129986124e-06
LSTM,enron,pr,1.0,0.5433425797503467,4.017327682959149e-06
LSTM,enron,pr,1.0,0.5434367955609503,4.018783783976687e-06
LSTM,enron,pr,1.0,0.5435310440513355,4.021318090963177e-06
LSTM,enron,pr,1.0,0.5436253252385083,4.021701442979975e-06
LSTM,enron,pr,1.0,0.5437196391394865,4.0221466406364925e-06
LSTM,enron,pr,1.0,0.5438139857712997,4.0230520426121075e-06
LSTM,enron,pr,1.0,0.5439083651509893,4.023803739983123e-06
LSTM,enron,pr,1.0,0.5440027772956084,4.024364443466766e-06
LSTM,enron,pr,1.0,0.5441916999479076,4.025281668873504e-06
LSTM,enron,pr,1.0,0.5442862104897533,4.025849648314761e-06
LSTM,enron,pr,1.0,0.5443807538648602,4.026226179121295e-06
LSTM,enron,pr,1.0,0.5444753300903405,4.027528120786883e-06
LSTM,enron,pr,1.0,0.5446645811609315,4.0306863411387894e-06
LSTM,enron,pr,1.0,0.5447592560403268,4.03263584303204e-06
LSTM,enron,pr,1.0,0.5448539638386648,4.035625352116767e-06
LSTM,enron,pr,1.0,0.5449487045731177,4.036603058921173e-06
LSTM,enron,pr,1.0,0.5450434782608695,4.037511644128244e-06
LSTM,enron,pr,1.0,0.5451382849191164,4.038786300952779e-06
LSTM,enron,pr,1.0,0.5452331245650661,4.038797669636551e-06
LSTM,enron,pr,1.0,0.5453279972159387,4.038805400341516e-06
LSTM,enron,pr,1.0,0.5454229028889662,4.039614395878743e-06
LSTM,enron,pr,1.0,0.5455178416013925,4.04039246859611e-06
LSTM,enron,pr,1.0,0.5456128133704735,4.041001375298947e-06
LSTM,enron,pr,1.0,0.5457078182134772,4.042342879984062e-06
LSTM,enron,pr,1.0,0.5458028561476838,4.042801720061107e-06
LSTM,enron,pr,1.0,0.545897927190385,4.0440277189190965e-06
LSTM,enron,pr,1.0,0.545993031358885,4.044120487378677e-06
LSTM,enron,pr,1.0,0.5460881686705001,4.04431693823426e-06
LSTM,enron,pr,1.0,0.5461833391425583,4.0461072785547e-06
LSTM,enron,pr,1.0,0.5462785427924002,4.047720267408295e-06
LSTM,enron,pr,1.0,0.546373779637378,4.0488785089110024e-06
LSTM,enron,pr,1.0,0.5464690496948561,4.0494310269423295e-06
LSTM,enron,pr,1.0,0.5465643529822114,4.049519702675752e-06
LSTM,enron,pr,1.0,0.5466596895168324,4.049797553307144e-06
LSTM,enron,pr,1.0,0.54675505931612,4.050072220707079e-06
LSTM,enron,pr,1.0,0.5468504623974874,4.050265033583855e-06
LSTM,enron,pr,1.0,0.5469458987783595,4.052077201777138e-06
LSTM,enron,pr,1.0,0.5470413684761739,4.0524751057091635e-06
LSTM,enron,pr,1.0,0.5471368715083799,4.052981694258051e-06
LSTM,enron,pr,1.0,0.5472324078924393,4.053685188409872e-06
LSTM,enron,pr,1.0,0.5473279776458261,4.054156761412742e-06
LSTM,enron,pr,1.0,0.5474235807860262,4.055873887409689e-06
LSTM,enron,pr,1.0,0.5475192173305381,4.059154889546335e-06
LSTM,enron,pr,1.0,0.5476148872968722,4.059317689097952e-06
LSTM,enron,pr,1.0,0.5477105907025516,4.060653282067506e-06
LSTM,enron,pr,1.0,0.5478063275651109,4.060839273734018e-06
LSTM,enron,pr,1.0,0.5479020979020979,4.062373136548558e-06
LSTM,enron,pr,1.0,0.5479979017310719,4.062493189849192e-06
LSTM,enron,pr,1.0,0.5480937390696048,4.063062988279853e-06
LSTM,enron,pr,1.0,0.5481896099352808,4.063489086547634e-06
LSTM,enron,pr,1.0,0.5482855143456963,4.064124823344173e-06
LSTM,enron,pr,1.0,0.5483814523184601,4.064152108185226e-06
LSTM,enron,pr,1.0,0.5484774238711936,4.064934728376102e-06
LSTM,enron,pr,1.0,0.5485734290215298,4.064973836648278e-06
LSTM,enron,pr,1.0,0.5486694677871149,4.068359430675628e-06
LSTM,enron,pr,1.0,0.5487655401856067,4.068604084750405e-06
LSTM,enron,pr,1.0,0.548861646234676,4.068770522280829e-06
LSTM,enron,pr,1.0,0.5489577859520056,4.071771400049329e-06
LSTM,enron,pr,1.0,0.5490539593552908,4.0723771235207096e-06
LSTM,enron,pr,1.0,0.5491501664622394,4.0734025787969586e-06
LSTM,enron,pr,1.0,0.5492464072905713,4.073755917488597e-06
LSTM,enron,pr,1.0,0.5493426818580193,4.074498065165244e-06
LSTM,enron,pr,1.0,0.5495353322812555,4.075259766977979e-06
LSTM,enron,pr,1.0,0.549631708172571,4.0758741306490265e-06
LSTM,enron,pr,1.0,0.5497281178740572,4.07655807066476e-06
LSTM,enron,pr,1.0,0.5498245614035088,4.076756340509746e-06
LSTM,enron,pr,1.0,0.5499210387787331,4.076861387147801e-06
LSTM,enron,pr,1.0,0.55001755001755,4.079124664713163e-06
LSTM,enron,pr,1.0,0.5501140951377919,4.079144218849251e-06
LSTM,enron,pr,1.0,0.5502106741573034,4.0793584048515186e-06
LSTM,enron,pr,1.0,0.550307287093942,4.080642156623071e-06
LSTM,enron,pr,1.0,0.5504039339655779,4.08149844588479e-06
LSTM,enron,pr,1.0,0.550500614790093,4.082627583557041e-06
LSTM,enron,pr,1.0,0.550597329585383,4.0830636862665415e-06
LSTM,enron,pr,1.0,0.5506940783693551,4.083573912794236e-06
LSTM,enron,pr,1.0,0.5507908611599297,4.083674866706133e-06
LSTM,enron,pr,1.0,0.5508876779750396,4.0851746234693564e-06
LSTM,enron,pr,1.0,0.55098452883263,4.085435648448765e-06
LSTM,enron,pr,1.0,0.5510814137506594,4.0871932469599415e-06
LSTM,enron,pr,1.0,0.5511783327470982,4.087391971552279e-06
LSTM,enron,pr,1.0,0.5513722730471499,4.087727120349882e-06
LSTM,enron,pr,1.0,0.5514692943867675,4.088499281351687e-06
LSTM,enron,pr,1.0,0.551566349876804,4.0899849409470335e-06
LSTM,enron,pr,1.0,0.5516634395352931,4.0900008571043145e-06
LSTM,enron,pr,1.0,0.5517605633802817,4.091186838195426e-06
LSTM,enron,pr,1.0,0.5518577214298291,4.092333711014362e-06
LSTM,enron,pr,1.0,0.5519549137020078,4.093419192940928e-06
LSTM,enron,pr,1.0,0.5520521402149022,4.093438747077016e-06
LSTM,enron,pr,1.0,0.5521494009866103,4.095074473298155e-06
LSTM,enron,pr,1.0,0.5522466960352423,4.096339580428321e-06
LSTM,enron,pr,1.0,0.5523440253789214,4.097902547073318e-06
LSTM,enron,pr,1.0,0.5524413890357835,4.098332283319905e-06
LSTM,enron,pr,1.0,0.5525387870239774,4.098856152268127e-06
LSTM,enron,pr,1.0,0.5526362193616646,4.099286343262065e-06
LSTM,enron,pr,1.0,0.5527336860670194,4.099536454305053e-06
LSTM,enron,pr,1.0,0.552831187158229,4.100068053958239e-06
LSTM,enron,pr,1.0,0.5529287226534932,4.101092599739786e-06
LSTM,enron,pr,1.0,0.5530262925710252,4.101718786841957e-06
LSTM,enron,pr,1.0,0.5531238969290505,4.101887043361785e-06
LSTM,enron,pr,1.0,0.5532215357458076,4.1055736801354215e-06
LSTM,enron,pr,1.0,0.553319209039548,4.105600964976475e-06
LSTM,enron,pr,1.0,0.5534169168285361,4.106767846678849e-06
LSTM,enron,pr,1.0,0.5535146591310491,4.1071516534429975e-06
LSTM,enron,pr,1.0,0.5536124359653771,4.107402219233336e-06
LSTM,enron,pr,1.0,0.5537102473498233,4.107715994905448e-06
LSTM,enron,pr,1.0,0.5538080933027036,4.108122993784491e-06
LSTM,enron,pr,1.0,0.5539059738423471,4.108358098164899e-06
LSTM,enron,pr,1.0,0.5540038889870956,4.108679604541976e-06
LSTM,enron,pr,1.0,0.554101838755304,4.110886038688477e-06
LSTM,enron,pr,1.0,0.5541998231653404,4.1111647988145705e-06
LSTM,enron,pr,1.0,0.5543958959844331,4.111682301299879e-06
LSTM,enron,pr,1.0,0.5544939844302902,4.111752787139267e-06
LSTM,enron,pr,1.0,0.5545921075915767,4.112591796001652e-06
LSTM,enron,pr,1.0,0.5546902654867256,4.112670467293356e-06
LSTM,enron,pr,1.0,0.5547884581341831,4.113591785426252e-06
LSTM,enron,pr,1.0,0.5548866855524079,4.113881914236117e-06
LSTM,enron,pr,1.0,0.5549849477598725,4.1146940930048e-06
LSTM,enron,pr,1.0,0.5551815766164747,4.1153261918225326e-06
LSTM,enron,pr,1.0,0.5552799433026222,4.115573574381415e-06
LSTM,enron,pr,1.0,0.5553783448520291,4.115730462217471e-06
LSTM,enron,pr,1.0,0.5554767812832329,4.117669959669001e-06
LSTM,enron,pr,1.0,0.5555752526147846,4.1180860534950625e-06
LSTM,enron,pr,1.0,0.5556737588652483,4.118589004065143e-06
LSTM,enron,pr,1.0,0.5557723000532009,4.119563072890742e-06
LSTM,enron,pr,1.0,0.5558708761972331,4.120647645322606e-06
LSTM,enron,pr,1.0,0.5559694873159482,4.121103302168194e-06
LSTM,enron,pr,1.0,0.5560681334279631,4.1211583265976515e-06
LSTM,enron,pr,1.0,0.5561668145519078,4.123863163840724e-06
LSTM,enron,pr,1.0,0.5562655307064253,4.124213319300907e-06
LSTM,enron,pr,1.0,0.5563642819101722,4.125605755689321e-06
LSTM,enron,pr,1.0,0.5564630681818182,4.125649411435006e-06
LSTM,enron,pr,1.0,0.5565618895400462,4.1257044358644634e-06
LSTM,enron,pr,1.0,0.5566607460035524,4.126243311475264e-06
LSTM,enron,pr,1.0,0.5567596375910464,4.1270582187280525e-06
LSTM,enron,pr,1.0,0.5568585643212509,4.128648470214102e-06
LSTM,enron,pr,1.0,0.5569575262129021,4.129676199227106e-06
LSTM,enron,pr,1.0,0.5570565232847494,4.131216428504558e-06
LSTM,enron,pr,1.0,0.5571555555555555,4.131476543989265e-06
LSTM,enron,pr,1.0,0.5573537257691624,4.131567038712092e-06
LSTM,enron,pr,1.0,0.5574528637495553,4.132398316869512e-06
LSTM,enron,pr,1.0,0.5575520370040918,4.133368292968953e-06
LSTM,enron,pr,1.0,0.5576512455516014,4.133963557251263e-06
LSTM,enron,pr,1.0,0.5577504894109272,4.135643393965438e-06
LSTM,enron,pr,1.0,0.5578497686009256,4.1359980968991295e-06
LSTM,enron,pr,1.0,0.5579490831404664,4.1360181057825685e-06
LSTM,enron,pr,1.0,0.5580484330484331,4.13610086980043e-06
LSTM,enron,pr,1.0,0.5581478183437222,4.1368148231413215e-06
LSTM,enron,pr,1.0,0.558247239045244,4.1370512917637825e-06
LSTM,enron,pr,1.0,0.5583466951719224,4.137986707064556e-06
LSTM,enron,pr,1.0,0.5584461867426942,4.13852740166476e-06
LSTM,enron,pr,1.0,0.5585457137765104,4.138890290050767e-06
LSTM,enron,pr,1.0,0.5586452762923351,4.139968041272368e-06
LSTM,enron,pr,1.0,0.558744874309146,4.140015789744211e-06
LSTM,enron,pr,1.0,0.5588445078459344,4.140244527661707e-06
LSTM,enron,pr,1.0,0.5589441769217051,4.1406237869523466e-06
LSTM,enron,pr,1.0,0.5590438815554762,4.1408802644582465e-06
LSTM,enron,pr,1.0,0.5591436217662801,4.140975306654582e-06
LSTM,enron,pr,1.0,0.559243397573162,4.141243607591605e-06
LSTM,enron,pr,1.0,0.5593432089951812,4.145507318753516e-06
LSTM,enron,pr,1.0,0.5594430560514102,4.150060249230592e-06
LSTM,enron,pr,1.0,0.5595429387609355,4.150253971602069e-06
LSTM,enron,pr,1.0,0.5596428571428571,4.150752829445992e-06
LSTM,enron,pr,1.0,0.5597428112162887,4.151877419644734e-06
LSTM,enron,pr,1.0,0.5598428010003572,4.154150701651815e-06
LSTM,enron,pr,1.0,0.559942826514204,4.154701400693739e-06
LSTM,enron,pr,1.0,0.5600428877769835,4.155113401793642e-06
LSTM,enron,pr,1.0,0.5601429848078642,4.156635441177059e-06
LSTM,enron,pr,1.0,0.5602431176260279,4.158197498327354e-06
LSTM,enron,pr,1.0,0.5603432862506705,4.158519004704431e-06
LSTM,enron,pr,1.0,0.5604434907010014,4.159443051321432e-06
LSTM,enron,pr,1.0,0.560543730996244,4.159554009675048e-06
LSTM,enron,pr,1.0,0.5606440071556351,4.159800027991878e-06
LSTM,enron,pr,1.0,0.5607443191984255,4.1600496842875145e-06
LSTM,enron,pr,1.0,0.5608446671438797,4.162149252806557e-06
LSTM,enron,pr,1.0,0.5611459265890779,4.162768618698465e-06
LSTM,enron,pr,1.0,0.5612464183381088,4.166613052802859e-06
LSTM,enron,pr,1.0,0.5616487455197132,4.166644885117421e-06
LSTM,enron,pr,1.0,0.5617494174583259,4.167734005022794e-06
LSTM,enron,pr,1.0,0.5618501254930083,4.1679882087919395e-06
LSTM,enron,pr,1.0,0.5619508696431773,4.16839384342893e-06
LSTM,enron,pr,1.0,0.562051649928264,4.169061412540032e-06
LSTM,enron,pr,1.0,0.562152466367713,4.16989678342361e-06
LSTM,enron,pr,1.0,0.5622533189809832,4.170318334217882e-06
LSTM,enron,pr,1.0,0.5623542077875471,4.170819465798559e-06
LSTM,enron,pr,1.0,0.5624551328068916,4.17116916651139e-06
LSTM,enron,pr,1.0,0.5625560940585174,4.171678483544383e-06
LSTM,enron,pr,1.0,0.562657091561939,4.171718501311261e-06
LSTM,enron,pr,1.0,0.5627581253366852,4.171957243670477e-06
LSTM,enron,pr,1.0,0.5628591954022989,4.173234628979117e-06
LSTM,enron,pr,1.0,0.5629603017783367,4.173489287495613e-06
LSTM,enron,pr,1.0,0.5630614444843693,4.173883098701481e-06
LSTM,enron,pr,1.0,0.563162623539982,4.17489854953601e-06
LSTM,enron,pr,1.0,0.5632638389647735,4.175316462351475e-06
LSTM,enron,pr,1.0,0.563365090778357,4.176766196906101e-06
LSTM,enron,pr,1.0,0.5634663790003596,4.177849859843263e-06
LSTM,enron,pr,1.0,0.5635677036504226,4.178774361207616e-06
LSTM,enron,pr,1.0,0.5636690647482014,4.178786184638739e-06
LSTM,enron,pr,1.0,0.5637704623133657,4.180137239018222e-06
LSTM,enron,pr,1.0,0.5638718963655991,4.18101853938424e-06
LSTM,enron,pr,1.0,0.5639733669245997,4.1811099436017685e-06
LSTM,enron,pr,1.0,0.5640748740100792,4.1812377276073676e-06
LSTM,enron,pr,1.0,0.5641764176417642,4.181875738140661e-06
LSTM,enron,pr,1.0,0.564277997839395,4.183646979072364e-06
LSTM,enron,pr,1.0,0.5643796146227265,4.183702912996523e-06
LSTM,enron,pr,1.0,0.5644812680115274,4.18399395130109e-06
LSTM,enron,pr,1.0,0.564582958025581,4.1840698941086885e-06
LSTM,enron,pr,1.0,0.5646846846846847,4.186105343251256e-06
LSTM,enron,pr,1.0,0.5647864480086502,4.186244950687978e-06
LSTM,enron,pr,1.0,0.5648882480173035,4.1864486775011756e-06
LSTM,enron,pr,1.0,0.564990084730485,4.186812020634534e-06
LSTM,enron,pr,1.0,0.565091958168049,4.187479134998284e-06
LSTM,enron,pr,1.0,0.5652958152958153,4.19178604715853e-06
LSTM,enron,pr,1.0,0.5653977990257983,4.192178039374994e-06
LSTM,enron,pr,1.0,0.5654998195597257,4.192553660686826e-06
LSTM,enron,pr,1.0,0.565601876917524,4.192577762296423e-06
LSTM,enron,pr,1.0,0.5657039711191336,4.193393579043914e-06
LSTM,enron,pr,1.0,0.5658061021845099,4.193793301965343e-06
LSTM,enron,pr,1.0,0.5659082701336222,4.193993390799733e-06
LSTM,enron,pr,1.0,0.5660104749864547,4.194549546809867e-06
LSTM,enron,pr,1.0,0.5661127167630058,4.195041583443526e-06
LSTM,enron,pr,1.0,0.5662149954832881,4.195681867713574e-06
LSTM,enron,pr,1.0,0.5663173111673292,4.197157977614552e-06
LSTM,enron,pr,1.0,0.5664196638351708,4.199980594421504e-06
LSTM,enron,pr,1.0,0.5665220535068691,4.202433046884835e-06
LSTM,enron,pr,1.0,0.566624480202495,4.202633135719225e-06
LSTM,enron,pr,1.0,0.5667269439421339,4.210251063341275e-06
LSTM,enron,pr,1.0,0.5668294447458854,4.210456154396525e-06
LSTM,enron,pr,1.0,0.566931982633864,4.211066425341414e-06
LSTM,enron,pr,1.0,0.5670345576261987,4.211383838992333e-06
LSTM,enron,pr,1.0,0.567137169743033,4.211673058307497e-06
LSTM,enron,pr,1.0,0.5672398190045249,4.2122792365262285e-06
LSTM,enron,pr,1.0,0.5673425054308472,4.212407930026529e-06
LSTM,enron,pr,1.0,0.5674452290421872,4.212906333123101e-06
LSTM,enron,pr,1.0,0.5675479898587469,4.21307504439028e-06
LSTM,enron,pr,1.0,0.5676507879007426,4.214151886117179e-06
LSTM,enron,pr,1.0,0.5677536231884058,4.215008175378898e-06
LSTM,enron,pr,1.0,0.5678564957419823,4.215349690639414e-06
LSTM,enron,pr,1.0,0.5679594055817325,4.217899004288483e-06
LSTM,enron,pr,1.0,0.5680623527279318,4.218884896545205e-06
LSTM,enron,pr,1.0,0.5681653372008701,4.220828486722894e-06
LSTM,enron,pr,1.0,0.5682683590208523,4.22111861553276e-06
LSTM,enron,pr,1.0,0.5683714182081974,4.222455117997015e-06
LSTM,enron,pr,1.0,0.5684745147832396,4.224388248985633e-06
LSTM,enron,pr,1.0,0.568577648766328,4.224968506605364e-06
LSTM,enron,pr,1.0,0.5686808201778262,4.225186330586439e-06
LSTM,enron,pr,1.0,0.5687840290381125,4.226777946314542e-06
LSTM,enron,pr,1.0,0.5688872753675803,4.227209501550533e-06
LSTM,enron,pr,1.0,0.5689905591866377,4.227318186167395e-06
LSTM,enron,pr,1.0,0.5690938805157073,4.2274796214769594e-06
LSTM,enron,pr,1.0,0.569197239375227,4.228278157825116e-06
LSTM,enron,pr,1.0,0.5693006357856494,4.228386842441978e-06
LSTM,enron,pr,1.0,0.5694040697674418,4.2308715819672216e-06
LSTM,enron,pr,1.0,0.569611050527081,4.2320816646679305e-06
LSTM,enron,pr,1.0,0.5697145973459371,4.2325218601035886e-06
LSTM,enron,pr,1.0,0.5698181818181818,4.232735591358505e-06
LSTM,enron,pr,1.0,0.5699218039643572,4.23319988840376e-06
LSTM,enron,pr,1.0,0.5700254638050201,4.233421805110993e-06
LSTM,enron,pr,1.0,0.5701291613607422,4.234859261487145e-06
LSTM,enron,pr,1.0,0.5702328966521106,4.23604706156766e-06
LSTM,enron,pr,1.0,0.5703366696997271,4.237881512381136e-06
LSTM,enron,pr,1.0,0.5704404805242083,4.238127985445317e-06
LSTM,enron,pr,1.0,0.570544329146186,4.2383503568999e-06
LSTM,enron,pr,1.0,0.5706482155863074,4.239373083692044e-06
LSTM,enron,pr,1.0,0.570752139865234,4.242620889272075e-06
LSTM,enron,pr,1.0,0.570856102003643,4.244296178512741e-06
LSTM,enron,pr,1.0,0.5709601020222262,4.25260623160284e-06
LSTM,enron,pr,1.0,0.5710641399416909,4.2553283492452465e-06
LSTM,enron,pr,1.0,0.5711682157827592,4.257220098224934e-06
LSTM,enron,pr,1.0,0.5712723295661685,4.2583324102452025e-06
LSTM,enron,pr,1.0,0.5713764813126709,4.2589131226122845e-06
LSTM,enron,pr,1.0,0.5714806710430342,4.259396519046277e-06
LSTM,enron,pr,1.0,0.5715848987780412,4.2600263441272546e-06
LSTM,enron,pr,1.0,0.5716891645384896,4.260522018739721e-06
LSTM,enron,pr,1.0,0.5717934683451925,4.261818503437098e-06
LSTM,enron,pr,1.0,0.5718978102189781,4.2619890336936805e-06
LSTM,enron,pr,1.0,0.5720021901806899,4.262192305759527e-06
LSTM,enron,pr,1.0,0.5721066082511865,4.262196398485685e-06
LSTM,enron,pr,1.0,0.572211064451342,4.263936261850176e-06
LSTM,enron,pr,1.0,0.5723155588020453,4.264359631633852e-06
LSTM,enron,pr,1.0,0.5724200913242009,4.264452854840783e-06
LSTM,enron,pr,1.0,0.5725246620387285,4.264513790985802e-06
LSTM,enron,pr,1.0,0.5726292709665631,4.264778453944018e-06
LSTM,enron,pr,1.0,0.5727339181286549,4.265030383976409e-06
LSTM,enron,pr,1.0,0.5728386035459696,4.2665074033720884e-06
LSTM,enron,pr,1.0,0.5729433272394882,4.2665274122555275e-06
LSTM,enron,pr,1.0,0.5731528895391368,4.267504209565232e-06
LSTM,enron,pr,1.0,0.5732577281873057,4.268924840289401e-06
LSTM,enron,pr,1.0,0.5733626051957555,4.271168563718675e-06
LSTM,enron,pr,1.0,0.5734675205855444,4.272570095054107e-06
LSTM,enron,pr,1.0,0.5735724743777453,4.2726151150418445e-06
LSTM,enron,pr,1.0,0.5736774665934469,4.275203082215739e-06
LSTM,enron,pr,1.0,0.5737824972537532,4.277503194316523e-06
LSTM,enron,pr,1.0,0.5738875663797839,4.277691004972439e-06
LSTM,enron,pr,1.0,0.573992673992674,4.277878815628355e-06
LSTM,enron,pr,1.0,0.5740978201135739,4.279118911654223e-06
LSTM,enron,pr,1.0,0.5743082279640829,4.279759650671622e-06
LSTM,enron,pr,1.0,0.5744134897360704,4.281482688384131e-06
LSTM,enron,pr,1.0,0.574518790100825,4.281858309695963e-06
LSTM,enron,pr,1.0,0.5746241290795746,4.285399882064667e-06
LSTM,enron,pr,1.0,0.5747295066935632,4.286887815396767e-06
LSTM,enron,pr,1.0,0.5748349229640499,4.287517640477745e-06
LSTM,enron,pr,1.0,0.5749403779123097,4.288478521630168e-06
LSTM,enron,pr,1.0,0.575045871559633,4.289734533813316e-06
LSTM,enron,pr,1.0,0.5751514039273261,4.289795924705686e-06
LSTM,enron,pr,1.0,0.5752569750367107,4.290515789762139e-06
LSTM,enron,pr,1.0,0.5753625849091243,4.29150622949237e-06
LSTM,enron,pr,1.0,0.5754682335659199,4.29168585469597e-06
LSTM,enron,pr,1.0,0.5755739210284665,4.2920091800624505e-06
LSTM,enron,pr,1.0,0.5756796473181485,4.292426638130564e-06
LSTM,enron,pr,1.0,0.5757854124563659,4.292770427127834e-06
LSTM,enron,pr,1.0,0.5758912164645351,4.293433903512778e-06
LSTM,enron,pr,1.0,0.5759970593640875,4.2934912016789895e-06
LSTM,enron,pr,1.0,0.5761029411764705,4.293892288842471e-06
LSTM,enron,pr,1.0,0.5762088619231477,4.294441168894991e-06
LSTM,enron,pr,1.0,0.5763148216255977,4.295588041713927e-06
LSTM,enron,pr,1.0,0.5764208203053154,4.2967353692802135e-06
LSTM,enron,pr,1.0,0.5765268579838116,4.297120540286414e-06
LSTM,enron,pr,1.0,0.5766329346826127,4.2974320422217716e-06
LSTM,enron,pr,1.0,0.5767390504232609,4.297513896744931e-06
LSTM,enron,pr,1.0,0.5768452052273145,4.300958153180545e-06
LSTM,enron,pr,1.0,0.5769513991163475,4.301056378608337e-06
LSTM,enron,pr,1.0,0.5770576321119499,4.301388798921835e-06
LSTM,enron,pr,1.0,0.5771639042357274,4.30223781222594e-06
LSTM,enron,pr,1.0,0.5772702155093019,4.303637069824617e-06
LSTM,enron,pr,1.0,0.577376565954311,4.3059076233475935e-06
LSTM,enron,pr,1.0,0.5774829555924084,4.3067043407063466e-06
LSTM,enron,pr,1.0,0.5775893844452635,4.3068766899523325e-06
LSTM,enron,pr,1.0,0.5776958525345622,4.307390099711483e-06
LSTM,enron,pr,1.0,0.5778023598820059,4.308355528337415e-06
LSTM,enron,pr,1.0,0.5779089065093121,4.308906227379339e-06
LSTM,enron,pr,1.0,0.5780154924382147,4.309017185732955e-06
LSTM,enron,pr,1.0,0.5781221176904631,4.309646101319231e-06
LSTM,enron,pr,1.0,0.5782287822878229,4.312367764214287e-06
LSTM,enron,pr,1.0,0.578335486252076,4.312639248382766e-06
LSTM,enron,pr,1.0,0.5784422296050203,4.313642875786172e-06
LSTM,enron,pr,1.0,0.5785490123684697,4.314070793043356e-06
LSTM,enron,pr,1.0,0.5786558345642541,4.31595526606543e-06
LSTM,enron,pr,1.0,0.5787626962142197,4.317404545872705e-06
LSTM,enron,pr,1.0,0.578869597340229,4.3189570533286314e-06
LSTM,enron,pr,1.0,0.5789765379641604,4.320316293160431e-06
LSTM,enron,pr,1.0,0.5790835181079084,4.32354772783583e-06
LSTM,enron,pr,1.0,0.5791905377933838,4.323807843320537e-06
LSTM,enron,pr,1.0,0.5792975970425138,4.3247728171991184e-06
LSTM,enron,pr,1.0,0.5794046958772416,4.325213922129478e-06
LSTM,enron,pr,1.0,0.5795118343195266,4.325622285250574e-06
LSTM,enron,pr,1.0,0.5796190123913445,4.32672823080793e-06
LSTM,enron,pr,1.0,0.5797262301146874,4.3269837988191284e-06
LSTM,enron,pr,1.0,0.5798334875115634,4.327313945395872e-06
LSTM,enron,pr,1.0,0.579940784603997,4.327817350713303e-06
LSTM,enron,pr,1.0,0.5800481214140293,4.328304839873454e-06
LSTM,enron,pr,1.0,0.5801554979637171,4.329604962549638e-06
LSTM,enron,pr,1.0,0.5802629142751342,4.330158390075667e-06
LSTM,enron,pr,1.0,0.5803703703703704,4.332198841439094e-06
LSTM,enron,pr,1.0,0.5804778662715318,4.332591288402909e-06
LSTM,enron,pr,1.0,0.580585402000741,4.332897333370056e-06
LSTM,enron,pr,1.0,0.5806929775801372,4.333136985223973e-06
LSTM,enron,pr,1.0,0.5808005930318755,4.334434834163403e-06
LSTM,enron,pr,1.0,0.5809082483781279,4.33456671089516e-06
LSTM,enron,pr,1.0,0.5810159436410827,4.337378868513042e-06
LSTM,enron,pr,1.0,0.5811236788429446,4.340308350947453e-06
LSTM,enron,pr,1.0,0.5812314540059347,4.340598025009967e-06
LSTM,enron,pr,1.0,0.5813392691522908,4.342216925579123e-06
LSTM,enron,pr,1.0,0.5814471243042671,4.342767624621047e-06
LSTM,enron,pr,1.0,0.5815550194841344,4.344615263107698e-06
LSTM,enron,pr,1.0,0.5816629547141796,4.3460490815050434e-06
LSTM,enron,pr,1.0,0.5817709300167069,4.3468617150210775e-06
LSTM,enron,pr,1.0,0.5818789454140364,4.346903097030008e-06
LSTM,enron,pr,1.0,0.5819870009285051,4.348051788838347e-06
LSTM,enron,pr,1.0,0.5820950965824666,4.3496897887962405e-06
LSTM,enron,pr,1.0,0.582203232398291,4.349830760475015e-06
LSTM,enron,pr,1.0,0.5823114083983649,4.349980372353457e-06
LSTM,enron,pr,1.0,0.582419624605092,4.350436483946396e-06
LSTM,enron,pr,1.0,0.5825278810408921,4.352477844804525e-06
LSTM,enron,pr,1.0,0.5826361777282023,4.352610631030984e-06
LSTM,enron,pr,1.0,0.5827445146894756,4.353648364485707e-06
LSTM,enron,pr,1.0,0.5828528919471825,4.354570592113305e-06
LSTM,enron,pr,1.0,0.5829613095238095,4.355018973001279e-06
LSTM,enron,pr,1.0,0.5830697674418605,4.356360477686394e-06
LSTM,enron,pr,1.0,0.5831782657238556,4.356443696451606e-06
LSTM,enron,pr,1.0,0.583286804392332,4.3565228224906605e-06
LSTM,enron,pr,1.0,0.5833953834698437,4.357893885753583e-06
LSTM,enron,pr,1.0,0.5835040029789611,4.358575552032562e-06
LSTM,enron,pr,1.0,0.5836126629422719,4.3587333493633196e-06
LSTM,enron,pr,1.0,0.5837213633823803,4.3589661800069734e-06
LSTM,enron,pr,1.0,0.5838301043219076,4.359037120593712e-06
LSTM,enron,pr,1.0,0.5839388857834917,4.359049398772186e-06
LSTM,enron,pr,1.0,0.5840477077897875,4.3603799895208795e-06
LSTM,enron,pr,1.0,0.5841565703634669,4.360504590295022e-06
LSTM,enron,pr,1.0,0.5842654735272185,4.365018867247272e-06
LSTM,enron,pr,1.0,0.584374417303748,4.3664681470545474e-06
LSTM,enron,pr,1.0,0.5844834017157777,4.367363544588443e-06
LSTM,enron,pr,1.0,0.5845924267860474,4.369062935438706e-06
LSTM,enron,pr,1.0,0.5847014925373134,4.370079750515288e-06
LSTM,enron,pr,1.0,0.5848105989923493,4.37027574662352e-06
LSTM,enron,pr,1.0,0.5849197461739455,4.370604983705562e-06
LSTM,enron,pr,1.0,0.5850289341049094,4.370901024230989e-06
LSTM,enron,pr,1.0,0.5851381628080657,4.371826435090043e-06
LSTM,enron,pr,1.0,0.5852474323062559,4.372030616650591e-06
LSTM,enron,pr,1.0,0.5853567426223384,4.372610419522971e-06
LSTM,enron,pr,1.0,0.5854660937791892,4.373507181298919e-06
LSTM,enron,pr,1.0,0.5855754857997011,4.374895979708526e-06
LSTM,enron,pr,1.0,0.5856849187067837,4.375192474981304e-06
LSTM,enron,pr,1.0,0.5857943925233645,4.376389824756188e-06
LSTM,enron,pr,1.0,0.5859039072723874,4.377700861368794e-06
LSTM,enron,pr,1.0,0.5860134629768138,4.377913683129009e-06
LSTM,enron,pr,1.0,0.5861230596596222,4.378189260023646e-06
LSTM,enron,pr,1.0,0.5862326973438085,4.378782250569202e-06
LSTM,enron,pr,1.0,0.5863423760523854,4.378903213364538e-06
LSTM,enron,pr,1.0,0.5864520958083832,4.379780421004398e-06
LSTM,enron,pr,1.0,0.5865618566348494,4.3803861444757786e-06
LSTM,enron,pr,1.0,0.5866716585548484,4.38094593846472e-06
LSTM,enron,pr,1.0,0.5868913857677902,4.38222832599422e-06
LSTM,enron,pr,1.0,0.5870013111069489,4.38224924437236e-06
LSTM,enron,pr,1.0,0.5871112776320719,4.382675342640141e-06
LSTM,enron,pr,1.0,0.5872212853663107,4.383653504191898e-06
LSTM,enron,pr,1.0,0.5873313343328336,4.38389588452992e-06
LSTM,enron,pr,1.0,0.5874414245548266,4.384314252092736e-06
LSTM,enron,pr,1.0,0.587551556055493,4.384832664072746e-06
LSTM,enron,pr,1.0,0.5877719429857464,4.3855852709384635e-06
LSTM,enron,pr,1.0,0.5878821984618271,4.385614829516271e-06
LSTM,enron,pr,1.0,0.5879924953095684,4.386325599625707e-06
LSTM,enron,pr,1.0,0.5881028335522612,4.386589353089221e-06
LSTM,enron,pr,1.0,0.5882132132132132,4.387451099319151e-06
LSTM,enron,pr,1.0,0.58832363431575,4.389481091493508e-06
LSTM,enron,pr,1.0,0.5884340968832145,4.389493369671982e-06
LSTM,enron,pr,1.0,0.5885446009389671,4.391415586724179e-06
LSTM,enron,pr,1.0,0.5886551465063862,4.39166251453571e-06
LSTM,enron,pr,1.0,0.5887657336088672,4.3918134906562045e-06
LSTM,enron,pr,1.0,0.5888763622698234,4.393484687170712e-06
LSTM,enron,pr,1.0,0.5889870325126856,4.393531071400503e-06
LSTM,enron,pr,1.0,0.5890977443609022,4.394067218527198e-06
LSTM,enron,pr,1.0,0.5892084978379395,4.394586994749261e-06
LSTM,enron,pr,1.0,0.5893192929672809,4.395060386741534e-06
LSTM,enron,pr,1.0,0.589430129772428,4.395135874801781e-06
LSTM,enron,pr,1.0,0.5895410082768999,4.395676569401985e-06
LSTM,enron,pr,1.0,0.5896519285042333,4.395836185722146e-06
LSTM,enron,pr,1.0,0.5897628904779827,4.397022621560609e-06
LSTM,enron,pr,1.0,0.5898738942217203,4.39729501522379e-06
LSTM,enron,pr,1.0,0.5899849397590361,4.40146550317877e-06
LSTM,enron,pr,1.0,0.5900960271135379,4.401520072860876e-06
LSTM,enron,pr,1.0,0.5902071563088512,4.403203547553858e-06
LSTM,enron,pr,1.0,0.5904295403165034,4.404656920087291e-06
LSTM,enron,pr,1.0,0.5905407951761824,4.405152594699757e-06
LSTM,enron,pr,1.0,0.5906520919713532,4.405228082760004e-06
LSTM,enron,pr,1.0,0.5907634307257305,4.406186235428322e-06
LSTM,enron,pr,1.0,0.5908748114630468,4.407169399200939e-06
LSTM,enron,pr,1.0,0.5909862342070527,4.407379947224399e-06
LSTM,enron,pr,1.0,0.5910976989815164,4.407606866152491e-06
LSTM,enron,pr,1.0,0.5912092058102245,4.407901087688515e-06
LSTM,enron,pr,1.0,0.5913207547169811,4.408338099892717e-06
LSTM,enron,pr,1.0,0.5914323457256087,4.408514541864861e-06
LSTM,enron,pr,1.0,0.5915439788599471,4.409835128171835e-06
LSTM,enron,pr,1.0,0.5917673716012085,4.409906523505924e-06
LSTM,enron,pr,1.0,0.5918791312559017,4.4102262108935975e-06
LSTM,enron,pr,1.0,0.5919909331318474,4.4102303036197554e-06
LSTM,enron,pr,1.0,0.5921027772529757,4.41040720033925e-06
LSTM,enron,pr,1.0,0.592214663643235,4.411307145346655e-06
LSTM,enron,pr,1.0,0.5923265923265923,4.411971985973651e-06
LSTM,enron,pr,1.0,0.5924385633270322,4.412434918776853e-06
LSTM,enron,pr,1.0,0.5925505766685574,4.41516249338747e-06
LSTM,enron,pr,1.0,0.5926626323751891,4.415903731569415e-06
LSTM,enron,pr,1.0,0.5928868709799471,4.416046976984944e-06
LSTM,enron,pr,1.0,0.5929990539262062,4.416324827616336e-06
LSTM,enron,pr,1.0,0.593111279333838,4.416362571646459e-06
LSTM,enron,pr,1.0,0.5932235472269544,4.417032414494315e-06
LSTM,enron,pr,1.0,0.5933358576296858,4.418865046318388e-06
LSTM,enron,pr,1.0,0.5934482105661807,4.419476226757979e-06
LSTM,enron,pr,1.0,0.593560606060606,4.419712240633089e-06
LSTM,enron,pr,1.0,0.5936730441371472,4.421382072905544e-06
LSTM,enron,pr,1.0,0.5937855248200076,4.422018719196785e-06
LSTM,enron,pr,1.0,0.5938980481334092,4.422533038450638e-06
LSTM,enron,pr,1.0,0.5940106141015921,4.422887286636978e-06
LSTM,enron,pr,1.0,0.5941232227488151,4.423229256644845e-06
LSTM,enron,pr,1.0,0.5942358740993553,4.423633981787134e-06
LSTM,enron,pr,1.0,0.594348568177508,4.423684913490433e-06
LSTM,enron,pr,1.0,0.5944613050075872,4.42419104729197e-06
LSTM,enron,pr,1.0,0.5945740846139252,4.424874532560352e-06
LSTM,enron,pr,1.0,0.5946869070208729,4.425457063916838e-06
LSTM,enron,pr,1.0,0.5947997722527993,4.427347903401824e-06
LSTM,enron,pr,1.0,0.5949126803340926,4.428344709594967e-06
LSTM,enron,pr,1.0,0.5950256312891589,4.42843338532839e-06
LSTM,enron,pr,1.0,0.5951386251424231,4.42847976955818e-06
LSTM,enron,pr,1.0,0.5953647416413373,4.429092314239824e-06
LSTM,enron,pr,1.0,0.5954778643359301,4.429468390299007e-06
LSTM,enron,pr,1.0,0.5955910300266058,4.43034696218092e-06
LSTM,enron,pr,1.0,0.5957042387378826,4.430617536854697e-06
LSTM,enron,pr,1.0,0.5958174904942966,4.431965408002725e-06
LSTM,enron,pr,1.0,0.5959307853204031,4.4328321564535145e-06
LSTM,enron,pr,1.0,0.5960441232407759,4.433237791090505e-06
LSTM,enron,pr,1.0,0.5961575042800076,4.434633410710376e-06
LSTM,enron,pr,1.0,0.5962709284627092,4.434988568391418e-06
LSTM,enron,pr,1.0,0.596384395813511,4.435957180248806e-06
LSTM,enron,pr,1.0,0.5964979063570612,4.4370658542902675e-06
LSTM,enron,pr,1.0,0.5966114601180278,4.437459210748784e-06
LSTM,enron,pr,1.0,0.5967250571210967,4.437632924236823e-06
LSTM,enron,pr,1.0,0.5968386973909732,4.439863459992921e-06
LSTM,enron,pr,1.0,0.5969523809523809,4.440913926373469e-06
LSTM,enron,pr,1.0,0.5970661078300629,4.441718829184538e-06
LSTM,enron,pr,1.0,0.5971798780487805,4.441744295036187e-06
LSTM,enron,pr,1.0,0.5972936916333142,4.441748387762345e-06
LSTM,enron,pr,1.0,0.5974075486084636,4.445278136699926e-06
LSTM,enron,pr,1.0,0.5975214489990467,4.446092134458013e-06
LSTM,enron,pr,1.0,0.5976353928299009,4.446134880708996e-06
LSTM,enron,pr,1.0,0.5977493801258821,4.447504579729866e-06
LSTM,enron,pr,1.0,0.5978634109118657,4.44759371021064e-06
LSTM,enron,pr,1.0,0.5979774852127456,4.44845045421971e-06
LSTM,enron,pr,1.0,0.5982057644588662,4.448526851774659e-06
LSTM,enron,pr,1.0,0.59831996945399,4.448806976142805e-06
LSTM,enron,pr,1.0,0.598434218063777,4.448832441994455e-06
LSTM,enron,pr,1.0,0.5985485103132162,4.449239440873498e-06
LSTM,enron,pr,1.0,0.5986628462273161,4.45038949692389e-06
LSTM,enron,pr,1.0,0.5987772258311043,4.4522575990413316e-06
LSTM,enron,pr,1.0,0.5988916491496273,4.453922429092927e-06
LSTM,enron,pr,1.0,0.5990061162079511,4.454835561773507e-06
LSTM,enron,pr,1.0,0.5991206270311604,4.45604246124276e-06
LSTM,enron,pr,1.0,0.5992351816443595,4.456254828255624e-06
LSTM,enron,pr,1.0,0.5993497800726716,4.456871010916075e-06
LSTM,enron,pr,1.0,0.5994644223412395,4.4579296627489384e-06
LSTM,enron,pr,1.0,0.5995791084752248,4.458899184101028e-06
LSTM,enron,pr,1.0,0.5996938384998086,4.4589587560039945e-06
LSTM,enron,pr,1.0,0.5998086124401913,4.45934119852609e-06
LSTM,enron,pr,1.0,0.5999234303215927,4.459770934772678e-06
LSTM,enron,pr,1.0,0.6000382921692514,4.460430318431463e-06
LSTM,enron,pr,1.0,0.6001531980084259,4.460714990273118e-06
LSTM,enron,pr,1.0,0.6002681478643938,4.460825948626734e-06
LSTM,enron,pr,1.0,0.6003831417624521,4.4620510379900225e-06
LSTM,enron,pr,1.0,0.6004981797279172,4.46223430117243e-06
LSTM,enron,pr,1.0,0.600613261786125,4.464788162295008e-06
LSTM,enron,pr,1.0,0.6007283879624306,4.46490730610094e-06
LSTM,enron,pr,1.0,0.6008435582822086,4.4661724132311065e-06
LSTM,enron,pr,1.0,0.6009587727708533,4.466700374905486e-06
LSTM,enron,pr,1.0,0.6010740314537782,4.467390681384131e-06
LSTM,enron,pr,1.0,0.6011893343564166,4.470974090509117e-06
LSTM,enron,pr,1.0,0.601304681504221,4.471033662412083e-06
LSTM,enron,pr,1.0,0.6014200729226636,4.472441105463076e-06
LSTM,enron,pr,1.0,0.601535508637236,4.473473381949589e-06
LSTM,enron,pr,1.0,0.6016509886734498,4.476306912692962e-06
LSTM,enron,pr,1.0,0.6017665130568356,4.477809852687642e-06
LSTM,enron,pr,1.0,0.6018820818129441,4.477946731640259e-06
LSTM,enron,pr,1.0,0.6019976949673453,4.47827551397495e-06
LSTM,enron,pr,1.0,0.6021133525456293,4.479535618884256e-06
LSTM,enron,pr,1.0,0.602229054573405,4.480202278500656e-06
LSTM,enron,pr,1.0,0.6023448010763022,4.482104031922063e-06
LSTM,enron,pr,1.0,0.6024605920799693,4.483236807573121e-06
LSTM,enron,pr,1.0,0.602576427610075,4.48344644610188e-06
LSTM,enron,pr,1.0,0.6026923076923076,4.4841603994427714e-06
LSTM,enron,pr,1.0,0.6028082323523755,4.484356850298354e-06
LSTM,enron,pr,1.0,0.6029242016160061,4.484438250074163e-06
LSTM,enron,pr,1.0,0.6030402155089475,4.48624768978334e-06
LSTM,enron,pr,1.0,0.6031562740569669,4.487621481530368e-06
LSTM,enron,pr,1.0,0.6032723772858518,4.488413196668262e-06
LSTM,enron,pr,1.0,0.6033885252214093,4.489303591981297e-06
LSTM,enron,pr,1.0,0.6035047178894666,4.489509137783898e-06
LSTM,enron,pr,1.0,0.6036209553158706,4.490279934543651e-06
LSTM,enron,pr,1.0,0.6038535645472062,4.490404080570443e-06
LSTM,enron,pr,1.0,0.6039699364039314,4.4908451855008025e-06
LSTM,enron,pr,1.0,0.6042028147291305,4.4920188884134404e-06
LSTM,enron,pr,1.0,0.6043193212495179,4.492712832870893e-06
LSTM,enron,pr,1.0,0.6044358727097396,4.494053882808657e-06
LSTM,enron,pr,1.0,0.6045524691358025,4.494058430282166e-06
LSTM,enron,pr,1.0,0.6046691105537334,4.4963003347220365e-06
LSTM,enron,pr,1.0,0.6047857969895793,4.496433575695846e-06
LSTM,enron,pr,1.0,0.6049025284694074,4.4970893213758245e-06
LSTM,enron,pr,1.0,0.605019305019305,4.49715389549965e-06
LSTM,enron,pr,1.0,0.6051361266653794,4.4972653086006176e-06
LSTM,enron,pr,1.0,0.6052529934337582,4.497604095377028e-06
LSTM,enron,pr,1.0,0.6053699053505891,4.497822828852804e-06
LSTM,enron,pr,1.0,0.6054868624420402,4.498526323004626e-06
LSTM,enron,pr,1.0,0.6056038647342995,4.498543603403959e-06
LSTM,enron,pr,1.0,0.6057209122535756,4.498844191402895e-06
LSTM,enron,pr,1.0,0.6058380050260971,4.50019570052973e-06
LSTM,enron,pr,1.0,0.6059551430781129,4.5004017010796815e-06
LSTM,enron,pr,1.0,0.6060723264358925,4.501118382904679e-06
LSTM,enron,pr,1.0,0.6061895551257254,4.501393050304614e-06
LSTM,enron,pr,1.0,0.6063068291739214,4.503299805946881e-06
LSTM,enron,pr,1.0,0.6064241486068112,4.503905074670911e-06
LSTM,enron,pr,1.0,0.6066589237320945,4.505464858084451e-06
LSTM,enron,pr,1.0,0.6067763794772507,4.505572178459261e-06
LSTM,enron,pr,1.0,0.6068938807126258,4.5061651690048166e-06
LSTM,enron,pr,1.0,0.6070114274646523,4.5064016376272775e-06
LSTM,enron,pr,1.0,0.6071290197597831,4.50819834441063e-06
LSTM,enron,pr,1.0,0.6072466576244914,4.508473466557916e-06
LSTM,enron,pr,1.0,0.6073643410852713,4.509135578700807e-06
LSTM,enron,pr,1.0,0.6074820701686373,4.509574409894412e-06
LSTM,enron,pr,1.0,0.6075998449011245,4.509613063419238e-06
LSTM,enron,pr,1.0,0.6077176653092884,4.510124654188985e-06
LSTM,enron,pr,1.0,0.6078355314197051,4.511398401518818e-06
LSTM,enron,pr,1.0,0.6079534432589718,4.511694896791596e-06
LSTM,enron,pr,1.0,0.6080714008537058,4.512284704105696e-06
LSTM,enron,pr,1.0,0.6081894042305453,4.513265594141558e-06
LSTM,enron,pr,1.0,0.6083074534161491,4.513463863986544e-06
LSTM,enron,pr,1.0,0.6084255484371967,4.513472504186211e-06
LSTM,enron,pr,1.0,0.6085436893203884,4.513584372034529e-06
LSTM,enron,pr,1.0,0.6086618760924452,4.514712145464728e-06
LSTM,enron,pr,1.0,0.6087801087801088,4.514738066063728e-06
LSTM,enron,pr,1.0,0.6088983874101418,4.514781267062062e-06
LSTM,enron,pr,1.0,0.6090167120093276,4.5149490688345395e-06
LSTM,enron,pr,1.0,0.6091350826044704,4.5158144530432764e-06
LSTM,enron,pr,1.0,0.609253499222395,4.5170118028181605e-06
LSTM,enron,pr,1.0,0.6093719618899475,4.517115485214163e-06
LSTM,enron,pr,1.0,0.6094904706339945,4.51779624199844e-06
LSTM,enron,pr,1.0,0.6096090254814238,4.523258212429937e-06
LSTM,enron,pr,1.0,0.609727626459144,4.527578312263358e-06
LSTM,enron,pr,1.0,0.6098462735940845,4.52932317784871e-06
LSTM,enron,pr,1.0,0.6099649669131958,4.53184202342527e-06
LSTM,enron,pr,1.0,0.6100837064434494,4.532166258286452e-06
LSTM,enron,pr,1.0,0.610202492211838,4.53302209280082e-06
LSTM,enron,pr,1.0,0.6103213242453749,4.533073933998821e-06
LSTM,enron,pr,1.0,0.6104402025710947,4.533151695795823e-06
LSTM,enron,pr,1.0,0.610559127216053,4.533675109996693e-06
LSTM,enron,pr,1.0,0.6106780982073265,4.533739684120519e-06
LSTM,enron,pr,1.0,0.6107971155720132,4.533813353191363e-06
LSTM,enron,pr,1.0,0.610916179337232,4.533899755188031e-06
LSTM,enron,pr,1.0,0.6110352895301229,4.534998424787773e-06
LSTM,enron,pr,1.0,0.6111544461778471,4.5419451453199144e-06
LSTM,enron,pr,1.0,0.6112736493075873,4.542560418485664e-06
LSTM,enron,pr,1.0,0.611392898946547,4.543027898762375e-06
LSTM,enron,pr,1.0,0.6115121951219512,4.543660907074809e-06
LSTM,enron,pr,1.0,0.6116315378610461,4.544102921499871e-06
LSTM,enron,pr,1.0,0.6117509271910989,4.545671799860429e-06
LSTM,enron,pr,1.0,0.6118703631393987,4.545827778201783e-06
LSTM,enron,pr,1.0,0.6119898457332552,4.546582204056904e-06
LSTM,enron,pr,1.0,0.612109375,4.546599484456237e-06
LSTM,enron,pr,1.0,0.6122289509669857,4.546642685454572e-06
LSTM,enron,pr,1.0,0.6123485736615866,4.547111075225985e-06
LSTM,enron,pr,1.0,0.612468243111198,4.548030574369477e-06
LSTM,enron,pr,1.0,0.612587959343237,4.548195647657849e-06
LSTM,enron,pr,1.0,0.6127077223851417,4.5490023694583215e-06
LSTM,enron,pr,1.0,0.6128275322643724,4.5493147808883805e-06
LSTM,enron,pr,1.0,0.61294738900841,4.54990458820248e-06
LSTM,enron,pr,1.0,0.6130672926447575,4.551323854684597e-06
LSTM,enron,pr,1.0,0.6131872432009392,4.551679921860341e-06
LSTM,enron,pr,1.0,0.6133072407045009,4.553785856842296e-06
LSTM,enron,pr,1.0,0.6134272851830104,4.555453415377997e-06
LSTM,enron,pr,1.0,0.6142689141513132,4.5558795136457775e-06
LSTM,enron,pr,1.0,0.6143893354244265,4.556400654109893e-06
LSTM,enron,pr,1.0,0.6149921507064364,4.5574174691864755e-06
LSTM,enron,pr,1.0,0.6151128557409224,4.557843567454256e-06
LSTM,enron,pr,1.0,0.6152336081664703,4.557895863399608e-06
LSTM,enron,pr,1.0,0.6153544080109955,4.560034994938178e-06
LSTM,enron,pr,1.0,0.6154752553024352,4.560178240353707e-06
LSTM,enron,pr,1.0,0.6155961500687488,4.560252364171902e-06
LSTM,enron,pr,1.0,0.6157170923379175,4.561548394121928e-06
LSTM,enron,pr,1.0,0.6158380821379446,4.5615747694682796e-06
LSTM,enron,pr,1.0,0.6159591194968553,4.563367383525474e-06
LSTM,enron,pr,1.0,0.6160802044426971,4.564172741083894e-06
LSTM,enron,pr,1.0,0.6162013370035391,4.568017175188288e-06
LSTM,enron,pr,1.0,0.616322517207473,4.568030362861464e-06
LSTM,enron,pr,1.0,0.6164437450826121,4.571992121782387e-06
LSTM,enron,pr,1.0,0.6165650206570923,4.572515081235906e-06
LSTM,enron,pr,1.0,0.6166863439590712,4.572606940200785e-06
LSTM,enron,pr,1.0,0.616807715016729,4.573649221129017e-06
LSTM,enron,pr,1.0,0.6169291338582678,4.573897967929952e-06
LSTM,enron,pr,1.0,0.6170506005119117,4.574874765239656e-06
LSTM,enron,pr,1.0,0.6171721150059079,4.574887952912832e-06
LSTM,enron,pr,1.0,0.6172936773685247,4.5750889512419235e-06
LSTM,enron,pr,1.0,0.6174152876280535,4.575114871840924e-06
LSTM,enron,pr,1.0,0.6175369458128079,4.577043910103384e-06
LSTM,enron,pr,1.0,0.6176586519511233,4.577270829031477e-06
LSTM,enron,pr,1.0,0.6179022082018928,4.577772870106855e-06
LSTM,enron,pr,1.0,0.61802405837113,4.5779083848174196e-06
LSTM,enron,pr,1.0,0.618145956607495,4.580087079375517e-06
LSTM,enron,pr,1.0,0.6182679029394358,4.583158897730755e-06
LSTM,enron,pr,1.0,0.6185119400039472,4.5853626033931505e-06
LSTM,enron,pr,1.0,0.6186340307935254,4.586066552292323e-06
LSTM,enron,pr,1.0,0.618756169792695,4.586469003697857e-06
LSTM,enron,pr,1.0,0.6188783570300158,4.586569502862403e-06
LSTM,enron,pr,1.0,0.6190005925340707,4.590008302329807e-06
LSTM,enron,pr,1.0,0.6191228763334651,4.591273864207324e-06
LSTM,enron,pr,1.0,0.6192452084568267,4.592692675942089e-06
LSTM,enron,pr,1.0,0.6193675889328063,4.593213816406205e-06
LSTM,enron,pr,1.0,0.6194900177900771,4.595027803588891e-06
LSTM,enron,pr,1.0,0.619612495057335,4.596399321599165e-06
LSTM,enron,pr,1.0,0.6197350207632984,4.59647390016471e-06
LSTM,enron,pr,1.0,0.6198575949367089,4.5980436880199704e-06
LSTM,enron,pr,1.0,0.6199802176063304,4.5981314542586915e-06
LSTM,enron,pr,1.0,0.6201028888009498,4.5986839722900186e-06
LSTM,enron,pr,1.0,0.6202256085493766,4.601153705152683e-06
LSTM,enron,pr,1.0,0.6203483768804434,4.601337877829792e-06
LSTM,enron,pr,1.0,0.6204711938230053,4.6015443331270944e-06
LSTM,enron,pr,1.0,0.6205940594059406,4.601649379765149e-06
LSTM,enron,pr,1.0,0.6207169736581502,4.601948148774682e-06
LSTM,enron,pr,1.0,0.6208399366085579,4.602615263138432e-06
LSTM,enron,pr,1.0,0.6209629482861105,4.602790795615874e-06
LSTM,enron,pr,1.0,0.621086008719778,4.604340574587695e-06
LSTM,enron,pr,1.0,0.621209117938553,4.604739842761774e-06
LSTM,enron,pr,1.0,0.6213322759714512,4.605433787219226e-06
LSTM,enron,pr,1.0,0.6214554828475114,4.606391485140193e-06
LSTM,enron,pr,1.0,0.6215787385957953,4.606826678354992e-06
LSTM,enron,pr,1.0,0.6217020432453878,4.6081490836513694e-06
LSTM,enron,pr,1.0,0.6218253968253968,4.6092741285974625e-06
LSTM,enron,pr,1.0,0.6219487993649534,4.61002173324232e-06
LSTM,enron,pr,1.0,0.6220722508932116,4.6103118620521855e-06
LSTM,enron,pr,1.0,0.6221957514393488,4.610501036950154e-06
LSTM,enron,pr,1.0,0.6223193010325655,4.611688382283319e-06
LSTM,enron,pr,1.0,0.6224428997020854,4.6118070713419e-06
LSTM,enron,pr,1.0,0.6225665474771553,4.6121058403514326e-06
LSTM,enron,pr,1.0,0.6226902443870455,4.6137161007209215e-06
LSTM,enron,pr,1.0,0.6228139904610492,4.614715180650819e-06
LSTM,enron,pr,1.0,0.6229377857284834,4.6161717364157084e-06
LSTM,enron,pr,1.0,0.6230616302186879,4.61818854091689e-06
LSTM,enron,pr,1.0,0.623185523961026,4.622506821760908e-06
LSTM,enron,pr,1.0,0.6233094669848847,4.62271827927907e-06
LSTM,enron,pr,1.0,0.6234334593196738,4.623494533007033e-06
LSTM,enron,pr,1.0,0.6235575009948269,4.62718662674888e-06
LSTM,enron,pr,1.0,0.623681592039801,4.627795533451717e-06
LSTM,enron,pr,1.0,0.6238057324840764,4.628506303561153e-06
LSTM,enron,pr,1.0,0.623929922357157,4.629071099770954e-06
LSTM,enron,pr,1.0,0.6240541616885703,4.6292566366901156e-06
LSTM,enron,pr,1.0,0.6241784505078669,4.629804152500583e-06
LSTM,enron,pr,1.0,0.6243027888446215,4.6305062824103516e-06
LSTM,enron,pr,1.0,0.624427176728432,4.632281616068212e-06
LSTM,enron,pr,1.0,0.6245516141889199,4.633280241250759e-06
LSTM,enron,pr,1.0,0.6246761012557305,4.634482138499152e-06
LSTM,enron,pr,1.0,0.6248006379585327,4.634902325051371e-06
LSTM,enron,pr,1.0,0.6249252243270189,4.636789981304901e-06
LSTM,enron,pr,1.0,0.6250498603909055,4.637024630937958e-06
LSTM,enron,pr,1.0,0.6251745461799322,4.637634901882848e-06
LSTM,enron,pr,1.0,0.6252992817238627,4.638130121747963e-06
LSTM,enron,pr,1.0,0.6254240670524845,4.638758127839537e-06
LSTM,enron,pr,1.0,0.6255489021956088,4.639784492610488e-06
LSTM,enron,pr,1.0,0.6256737871830704,4.6405280045291875e-06
LSTM,enron,pr,1.0,0.6257987220447284,4.641559371520998e-06
LSTM,enron,pr,1.0,0.6259237068104654,4.642205567506608e-06
LSTM,enron,pr,1.0,0.6260487415101877,4.643702141038375e-06
LSTM,enron,pr,1.0,0.6261738261738262,4.645035460271174e-06
LSTM,enron,pr,1.0,0.626298960831335,4.646138222597074e-06
LSTM,enron,pr,1.0,0.6264241455126924,4.6461514102702495e-06
LSTM,enron,pr,1.0,0.6265493802479009,4.6464438128168695e-06
LSTM,enron,pr,1.0,0.6266746650669867,4.647383320843801e-06
LSTM,enron,pr,1.0,0.6268,4.647968580684392e-06
LSTM,enron,pr,1.0,0.6269253850770155,4.6484383346978575e-06
LSTM,enron,pr,1.0,0.6270508203281312,4.64846516479156e-06
LSTM,enron,pr,1.0,0.6271763057834701,4.649954917113064e-06
LSTM,enron,pr,1.0,0.6273018414731786,4.650620212487411e-06
LSTM,enron,pr,1.0,0.6274274274274274,4.651795734389452e-06
LSTM,enron,pr,1.0,0.6275530636764117,4.652181360143004e-06
LSTM,enron,pr,1.0,0.6276787502503505,4.652833922591526e-06
LSTM,enron,pr,1.0,0.6278044871794872,4.653570613299962e-06
LSTM,enron,pr,1.0,0.6279302744940893,4.655315024137963e-06
LSTM,enron,pr,1.0,0.6280561122244489,4.657233148464002e-06
LSTM,enron,pr,1.0,0.6281820004008819,4.657481895264937e-06
LSTM,enron,pr,1.0,0.628307939053729,4.657508725358639e-06
LSTM,enron,pr,1.0,0.6284339282133548,4.658485977415694e-06
LSTM,enron,pr,1.0,0.6285599679101485,4.659472324419767e-06
LSTM,enron,pr,1.0,0.6286860581745236,4.659787919081282e-06
LSTM,enron,pr,1.0,0.6288121990369181,4.661970251618186e-06
LSTM,enron,pr,1.0,0.6289383905277945,4.663433173845988e-06
LSTM,enron,pr,1.0,0.6290646326776395,4.664042535296176e-06
LSTM,enron,pr,1.0,0.6291909255169644,4.665305823436938e-06
LSTM,enron,pr,1.0,0.6293172690763053,4.667170742322924e-06
LSTM,enron,pr,1.0,0.6294436633862222,4.669499048759462e-06
LSTM,enron,pr,1.0,0.6295701084773001,4.669703685067361e-06
LSTM,enron,pr,1.0,0.6296966043801487,4.671485385188134e-06
LSTM,enron,pr,1.0,0.6299497487437186,4.672029263019795e-06
LSTM,enron,pr,1.0,0.630076397265782,4.672777777159354e-06
LSTM,enron,pr,1.0,0.6302030967223005,4.672938302974217e-06
LSTM,enron,pr,1.0,0.6303298471440064,4.674783667724114e-06
LSTM,enron,pr,1.0,0.6304566485616576,4.675604031945113e-06
LSTM,enron,pr,1.0,0.6305835010060362,4.677450306189712e-06
LSTM,enron,pr,1.0,0.6307104045079492,4.677699962485349e-06
LSTM,enron,pr,1.0,0.6308373590982287,4.677766810345929e-06
LSTM,enron,pr,1.0,0.630964364807731,4.678115146816708e-06
LSTM,enron,pr,1.0,0.6310914216673379,4.678449840866961e-06
LSTM,enron,pr,1.0,0.6312185297079557,4.6804848352621775e-06
LSTM,enron,pr,1.0,0.6313456889605157,4.6817704060231335e-06
LSTM,enron,pr,1.0,0.6314728994559742,4.682020517066121e-06
LSTM,enron,pr,1.0,0.6316001612253124,4.683623501477996e-06
LSTM,enron,pr,1.0,0.6317274742995364,4.684342911787098e-06
LSTM,enron,pr,1.0,0.6318548387096774,4.6845661927363835e-06
LSTM,enron,pr,1.0,0.6319822544867917,4.684678060584702e-06
LSTM,enron,pr,1.0,0.6321097216619604,4.684744908445282e-06
LSTM,enron,pr,1.0,0.6322372402662901,4.685361545853084e-06
LSTM,enron,pr,1.0,0.6323648103309121,4.685423846240155e-06
LSTM,enron,pr,1.0,0.6324924318869829,4.686210559157189e-06
LSTM,enron,pr,1.0,0.6326201049656843,4.687927230406785e-06
LSTM,enron,pr,1.0,0.6327478295982233,4.688973149313824e-06
LSTM,enron,pr,1.0,0.632875605815832,4.690198693424463e-06
LSTM,enron,pr,1.0,0.6330034336497677,4.690395599027397e-06
LSTM,enron,pr,1.0,0.6331313131313131,4.690605692303507e-06
LSTM,enron,pr,1.0,0.6332592442917762,4.692784841608955e-06
LSTM,enron,pr,1.0,0.6333872271624899,4.69554242954473e-06
LSTM,enron,pr,1.0,0.633515261774813,4.6961336011008825e-06
LSTM,enron,pr,1.0,0.6336433481601293,4.6962095439084806e-06
LSTM,enron,pr,1.0,0.6337714863498484,4.696688847616315e-06
LSTM,enron,pr,1.0,0.6338996763754046,4.696868018072564e-06
LSTM,enron,pr,1.0,0.6340279182682581,4.6968907554401085e-06
LSTM,enron,pr,1.0,0.6341562120598948,4.69935912406072e-06
LSTM,enron,pr,1.0,0.6342845577818256,4.699368219007738e-06
LSTM,enron,pr,1.0,0.6344129554655871,4.700686076830607e-06
LSTM,enron,pr,1.0,0.6345414051427415,4.70138547825627e-06
LSTM,enron,pr,1.0,0.6346699068448765,4.702156729763374e-06
LSTM,enron,pr,1.0,0.6347984606036055,4.702654678112594e-06
LSTM,enron,pr,1.0,0.6349270664505673,4.7070561777218245e-06
LSTM,enron,pr,1.0,0.6350557244174265,4.710198936663801e-06
LSTM,enron,pr,1.0,0.6351844345358735,4.7108010221563745e-06
LSTM,enron,pr,1.0,0.6353131968376242,4.7116905079747085e-06
LSTM,enron,pr,1.0,0.6354420113544201,4.71288149128668e-06
LSTM,enron,pr,1.0,0.6355708781180288,4.7137491492321715e-06
LSTM,enron,pr,1.0,0.6356997971602434,4.714360329671763e-06
LSTM,enron,pr,1.0,0.635828768512883,4.715511749964207e-06
LSTM,enron,pr,1.0,0.6359577922077922,4.71553858005791e-06
LSTM,enron,pr,1.0,0.6360868682768419,4.716694547823863e-06
LSTM,enron,pr,1.0,0.6362159967519285,4.7173380153253675e-06
LSTM,enron,pr,1.0,0.6363451776649747,4.71772909804713e-06
LSTM,enron,pr,1.0,0.6364744110479286,4.717796855402412e-06
LSTM,enron,pr,1.0,0.6366036969327645,4.718061973107979e-06
LSTM,enron,pr,1.0,0.6367330353514832,4.718588570540305e-06
LSTM,enron,pr,1.0,0.6368624263361106,4.719335720437812e-06
LSTM,enron,pr,1.0,0.6369918699186992,4.720019660453545e-06
LSTM,enron,pr,1.0,0.6371213661313275,4.7204339352902025e-06
LSTM,enron,pr,1.0,0.6372509150061001,4.720820925285807e-06
LSTM,enron,pr,1.0,0.6373805165751475,4.7229054871422704e-06
LSTM,enron,pr,1.0,0.6375101708706266,4.723342499346472e-06
LSTM,enron,pr,1.0,0.6376398779247202,4.726028237200808e-06
LSTM,enron,pr,1.0,0.6377696377696378,4.7266544243029784e-06
LSTM,enron,pr,1.0,0.6378994504376145,4.726821316580754e-06
LSTM,enron,pr,1.0,0.6380293159609121,4.726875431515509e-06
LSTM,enron,pr,1.0,0.6381592343718183,4.72724514111178e-06
LSTM,enron,pr,1.0,0.6382892057026477,4.727781742985826e-06
LSTM,enron,pr,1.0,0.6384192299857405,4.72832743980689e-06
LSTM,enron,pr,1.0,0.6385493072534637,4.728823114419356e-06
LSTM,enron,pr,1.0,0.6386794375382108,4.729008196591167e-06
LSTM,enron,pr,1.0,0.6388096208724011,4.729991360363783e-06
LSTM,enron,pr,1.0,0.6389398572884811,4.73026648251107e-06
LSTM,enron,pr,1.0,0.6390701468189234,4.730613909487147e-06
LSTM,enron,pr,1.0,0.6392004894962268,4.7331545829365496e-06
LSTM,enron,pr,1.0,0.6393308853529172,4.733344212581869e-06
LSTM,enron,pr,1.0,0.6394613344215466,4.733773039333755e-06
LSTM,enron,pr,1.0,0.6395918367346939,4.734355570690241e-06
LSTM,enron,pr,1.0,0.6397223923249643,4.736414666695055e-06
LSTM,enron,pr,1.0,0.6398530012249898,4.736477876576828e-06
LSTM,enron,pr,1.0,0.6399836634674291,4.73703812531312e-06
LSTM,enron,pr,1.0,0.6401143790849673,4.737119525088929e-06
LSTM,enron,pr,1.0,0.6402451481103166,4.737422386824619e-06
LSTM,enron,pr,1.0,0.6403759705762158,4.737589279102394e-06
LSTM,enron,pr,1.0,0.6405068465154302,4.73950558443903e-06
LSTM,enron,pr,1.0,0.6406377759607522,4.739984433399513e-06
LSTM,enron,pr,1.0,0.6407687589450011,4.74060834676493e-06
LSTM,enron,pr,1.0,0.6408997955010225,4.740807526104618e-06
LSTM,enron,pr,1.0,0.6410308856616895,4.740847998618847e-06
LSTM,enron,pr,1.0,0.6411620294599017,4.740974873129744e-06
LSTM,enron,pr,1.0,0.641293226928586,4.741196335089626e-06
LSTM,enron,pr,1.0,0.6414244781006959,4.7413859647349454e-06
LSTM,enron,pr,1.0,0.6415557830092119,4.741747943626251e-06
LSTM,enron,pr,1.0,0.6416871416871417,4.741973953059642e-06
LSTM,enron,pr,1.0,0.64181855416752,4.7425710363313556e-06
LSTM,enron,pr,1.0,0.6419500204834084,4.743787940242328e-06
LSTM,enron,pr,1.0,0.6420815406678959,4.7452585931750946e-06
LSTM,enron,pr,1.0,0.6422131147540984,4.747512775793439e-06
LSTM,enron,pr,1.0,0.6423447427751589,4.747756975120865e-06
LSTM,enron,pr,1.0,0.6424764247642476,4.748300398205174e-06
LSTM,enron,pr,1.0,0.6427399507793273,4.748345872940263e-06
LSTM,enron,pr,1.0,0.6428717948717949,4.748399987875018e-06
LSTM,enron,pr,1.0,0.6430036930652442,4.748413630295545e-06
LSTM,enron,pr,1.0,0.6431356453929817,4.751118012791267e-06
LSTM,enron,pr,1.0,0.6432676518883416,4.7529852054140065e-06
LSTM,enron,pr,1.0,0.6433997125846849,4.754404017148772e-06
LSTM,enron,pr,1.0,0.6435318275154004,4.75527485832572e-06
LSTM,enron,pr,1.0,0.6436639967139043,4.755447207571706e-06
LSTM,enron,pr,1.0,0.6437962202136401,4.756848738907138e-06
LSTM,enron,pr,1.0,0.643928498048079,4.757248007081216e-06
LSTM,enron,pr,1.0,0.6440608302507193,4.759108378493693e-06
LSTM,enron,pr,1.0,0.6441932168550873,4.759176590596326e-06
LSTM,enron,pr,1.0,0.6443256578947368,4.759498551720753e-06
LSTM,enron,pr,1.0,0.644458153403249,4.760333922604332e-06
LSTM,enron,pr,1.0,0.6445907034142329,4.7607877604605164e-06
LSTM,enron,pr,1.0,0.6447233079613248,4.761759555549361e-06
LSTM,enron,pr,1.0,0.6448559670781893,4.76243621960748e-06
LSTM,enron,pr,1.0,0.6449886807985182,4.7626863306504674e-06
LSTM,enron,pr,1.0,0.6451214491560313,4.763621745951241e-06
LSTM,enron,pr,1.0,0.6452542721844761,4.764403456647415e-06
LSTM,enron,pr,1.0,0.6453871499176277,4.76681225336506e-06
LSTM,enron,pr,1.0,0.6455200823892894,4.767512109538075e-06
LSTM,enron,pr,1.0,0.6456530696332922,4.7722705858177505e-06
LSTM,enron,pr,1.0,0.6457861116834948,4.772497959493194e-06
LSTM,enron,pr,1.0,0.645919208573784,4.772753072757041e-06
LSTM,enron,pr,1.0,0.6460523603380747,4.773485670739319e-06
LSTM,enron,pr,1.0,0.6461855670103093,4.774428361997707e-06
LSTM,enron,pr,1.0,0.6463188286244587,4.774501121573849e-06
LSTM,enron,pr,1.0,0.6464521452145214,4.775111392518738e-06
LSTM,enron,pr,1.0,0.6465855168145245,4.7754710976732895e-06
LSTM,enron,pr,1.0,0.6467189434585225,4.776960395247443e-06
LSTM,enron,pr,1.0,0.6468524251805986,4.777848971571075e-06
LSTM,enron,pr,1.0,0.6469859620148638,4.777972208103165e-06
LSTM,enron,pr,1.0,0.6471195539954574,4.778345555678243e-06
LSTM,enron,pr,1.0,0.6472532011565468,4.779293703904841e-06
LSTM,enron,pr,1.0,0.6475206611570248,4.781974439538317e-06
LSTM,enron,pr,1.0,0.6476544740648894,4.783488748216769e-06
LSTM,enron,pr,1.0,0.6477883422902025,4.7842504500295036e-06
LSTM,enron,pr,1.0,0.6479222658672731,4.784428710991051e-06
LSTM,enron,pr,1.0,0.6480562448304383,4.7846428969933186e-06
LSTM,enron,pr,1.0,0.6481902792140641,4.784985321748536e-06
LSTM,enron,pr,1.0,0.6483243690525444,4.7854600779828615e-06
LSTM,enron,pr,1.0,0.6484585143803021,4.787833859154489e-06
LSTM,enron,pr,1.0,0.6485927152317881,4.7891853682813235e-06
LSTM,enron,pr,1.0,0.6487269716414821,4.789523245563032e-06
LSTM,enron,pr,1.0,0.6488612836438924,4.790747880178969e-06
LSTM,enron,pr,1.0,0.6489956512735556,4.790930233866675e-06
LSTM,enron,pr,1.0,0.6491300745650372,4.792136678588577e-06
LSTM,enron,pr,1.0,0.6492645535529314,4.794376764039043e-06
LSTM,enron,pr,1.0,0.6493990882718608,4.794463620783063e-06
LSTM,enron,pr,1.0,0.6495336787564767,4.795044333150145e-06
LSTM,enron,pr,1.0,0.6496683250414593,4.7973999244277366e-06
LSTM,enron,pr,1.0,0.6498030271615177,4.799312591785565e-06
LSTM,enron,pr,1.0,0.6499377851513894,4.8000315473473165e-06
LSTM,enron,pr,1.0,0.6500725990458411,4.80129028801457e-06
LSTM,enron,pr,1.0,0.6502074688796681,4.801830527867423e-06
LSTM,enron,pr,1.0,0.6503423946876945,4.801894647243898e-06
LSTM,enron,pr,1.0,0.6504773765047738,4.802151124749798e-06
LSTM,enron,pr,1.0,0.6506124143657879,4.802531293535139e-06
LSTM,enron,pr,1.0,0.6507475083056479,4.803071988135343e-06
LSTM,enron,pr,1.0,0.6510178645616951,4.803667252417654e-06
LSTM,enron,pr,1.0,0.6511531269478495,4.803781848750077e-06
LSTM,enron,pr,1.0,0.6512884455527848,4.805252956430195e-06
LSTM,enron,pr,1.0,0.6514238204115569,4.805802745977417e-06
LSTM,enron,pr,1.0,0.6515592515592515,4.806458036910044e-06
LSTM,enron,pr,1.0,0.6516947390309836,4.807471214007819e-06
LSTM,enron,pr,1.0,0.6518302828618968,4.807563072972698e-06
LSTM,enron,pr,1.0,0.6519658830871645,4.807975528819952e-06
LSTM,enron,pr,1.0,0.6521015397419891,4.81032384413993e-06
LSTM,enron,pr,1.0,0.6522372528616025,4.811590315512149e-06
LSTM,enron,pr,1.0,0.6523730224812656,4.811828603124013e-06
LSTM,enron,pr,1.0,0.652508848636269,4.813628038391471e-06
LSTM,enron,pr,1.0,0.6526447313619326,4.81437655253103e-06
LSTM,enron,pr,1.0,0.6527806706936055,4.819364676222904e-06
LSTM,enron,pr,1.0,0.6529166666666667,4.820403319172328e-06
LSTM,enron,pr,1.0,0.6530527193165243,4.823056769964751e-06
LSTM,enron,pr,1.0,0.653188828678616,4.823392373509705e-06
LSTM,enron,pr,1.0,0.6533249947884094,4.825182259082794e-06
LSTM,enron,pr,1.0,0.6534612176814012,4.825219093618216e-06
LSTM,enron,pr,1.0,0.6535974973931178,4.825950782105792e-06
LSTM,enron,pr,1.0,0.6537338339591156,4.827004886465147e-06
LSTM,enron,pr,1.0,0.6538702274149801,4.828316832572455e-06
LSTM,enron,pr,1.0,0.6540066777963273,4.828395049116807e-06
LSTM,enron,pr,1.0,0.6541431851388019,4.8300712478521746e-06
LSTM,enron,pr,1.0,0.6542797494780793,4.830577836401062e-06
LSTM,enron,pr,1.0,0.6544163708498643,4.8324304771085735e-06
LSTM,enron,pr,1.0,0.6545530492898914,4.832439572055591e-06
LSTM,enron,pr,1.0,0.6546897848339253,4.833587354369229e-06
LSTM,enron,pr,1.0,0.6548265775177602,4.836851985601243e-06
LSTM,enron,pr,1.0,0.6549634273772205,4.836907464778051e-06
LSTM,enron,pr,1.0,0.6551003344481605,4.838462245970732e-06
LSTM,enron,pr,1.0,0.6552372987664645,4.840049768972676e-06
LSTM,enron,pr,1.0,0.6553743203680469,4.841236204811139e-06
LSTM,enron,pr,1.0,0.6555113992888517,4.844423074246151e-06
LSTM,enron,pr,1.0,0.6556485355648536,4.84442762171966e-06
LSTM,enron,pr,1.0,0.6557857292320569,4.844778686674545e-06
LSTM,enron,pr,1.0,0.6559229803264964,4.845083822146989e-06
LSTM,enron,pr,1.0,0.656060288884237,4.845088369620498e-06
LSTM,enron,pr,1.0,0.6561976549413735,4.84573047287995e-06
LSTM,enron,pr,1.0,0.6563350785340314,4.847357558901422e-06
LSTM,enron,pr,1.0,0.6564725596983662,4.848920070799068e-06
LSTM,enron,pr,1.0,0.6566100984705636,4.850021014135564e-06
LSTM,enron,pr,1.0,0.6567476948868399,4.850451205129502e-06
LSTM,enron,pr,1.0,0.6568853489834416,4.850488039664924e-06
LSTM,enron,pr,1.0,0.6570230607966457,4.851390258409083e-06
LSTM,enron,pr,1.0,0.6571608303627595,4.853648533753585e-06
LSTM,enron,pr,1.0,0.6572986577181208,4.855227416555863e-06
LSTM,enron,pr,1.0,0.6574365428990979,4.855486622545868e-06
LSTM,enron,pr,1.0,0.6575744859420898,4.856676696363138e-06
LSTM,enron,pr,1.0,0.6577124868835257,4.85910913994303e-06
LSTM,enron,pr,1.0,0.6578505457598657,4.8595584303257056e-06
LSTM,enron,pr,1.0,0.6579886626076002,4.861310571868671e-06
LSTM,enron,pr,1.0,0.6581268374632507,4.862080459133722e-06
LSTM,enron,pr,1.0,0.658265070363369,4.862516107095871e-06
LSTM,enron,pr,1.0,0.6584033613445378,4.862748028244823e-06
LSTM,enron,pr,1.0,0.6585417104433705,4.863684807787649e-06
LSTM,enron,pr,1.0,0.6586801176965111,4.864984020969132e-06
LSTM,enron,pr,1.0,0.6588185831406349,4.865387836616719e-06
LSTM,enron,pr,1.0,0.6589571068124475,4.8660790525900666e-06
LSTM,enron,pr,1.0,0.6590956887486856,4.866882136411732e-06
LSTM,enron,pr,1.0,0.659234328986117,4.868933956458932e-06
LSTM,enron,pr,1.0,0.65937302756154,4.86967701363028e-06
LSTM,enron,pr,1.0,0.6595117845117845,4.870554676017491e-06
LSTM,enron,pr,1.0,0.6596505998737108,4.870814791502198e-06
LSTM,enron,pr,1.0,0.6597894736842105,4.872831141256029e-06
LSTM,enron,pr,1.0,0.6599284059802064,4.873226316703949e-06
LSTM,enron,pr,1.0,0.6600673967986521,4.874876594840316e-06
LSTM,enron,pr,1.0,0.6602064461765326,4.875625108979875e-06
LSTM,enron,pr,1.0,0.6603455541508639,4.877573701378424e-06
LSTM,enron,pr,1.0,0.6604847207586934,4.879736934526591e-06
LSTM,enron,pr,1.0,0.6606239460370995,4.880788765149191e-06
LSTM,enron,pr,1.0,0.660763230023192,4.881105269305408e-06
LSTM,enron,pr,1.0,0.6609025727541122,4.8811193664732855e-06
LSTM,enron,pr,1.0,0.6610419742670323,4.884015652351081e-06
LSTM,enron,pr,1.0,0.6611814345991561,4.8842953219718765e-06
LSTM,enron,pr,1.0,0.6613209537877189,4.887248906015884e-06
LSTM,enron,pr,1.0,0.6614605318699873,4.887910563411424e-06
LSTM,enron,pr,1.0,0.6617398648648649,4.889374849881278e-06
LSTM,enron,pr,1.0,0.6618796198521647,4.889729098067619e-06
LSTM,enron,pr,1.0,0.6620194338825518,4.8900274123298004e-06
LSTM,enron,pr,1.0,0.6621593069934503,4.890740910923341e-06
LSTM,enron,pr,1.0,0.6622992392223161,4.891604021395324e-06
LSTM,enron,pr,1.0,0.6624392306066371,4.8937922656477895e-06
LSTM,enron,pr,1.0,0.6625792811839324,4.894483026873786e-06
LSTM,enron,pr,1.0,0.662719390991753,4.895869551546639e-06
LSTM,enron,pr,1.0,0.6628595600676819,4.896364771411754e-06
LSTM,enron,pr,1.0,0.6629997884493336,4.897247436019825e-06
LSTM,enron,pr,1.0,0.6631400761743547,4.898709448752925e-06
LSTM,enron,pr,1.0,0.6632804232804232,4.899372925137868e-06
LSTM,enron,pr,1.0,0.6634208298052497,4.899410214420641e-06
LSTM,enron,pr,1.0,0.6635612957865763,4.903084118268453e-06
LSTM,enron,pr,1.0,0.663701821262177,4.9046743697545025e-06
LSTM,enron,pr,1.0,0.6638424062698581,4.9049549488699995e-06
LSTM,enron,pr,1.0,0.6639830508474577,4.9064005906984676e-06
LSTM,enron,pr,1.0,0.6641237550328459,4.906517460767645e-06
LSTM,enron,pr,1.0,0.6642645188639253,4.907575203105807e-06
LSTM,enron,pr,1.0,0.6644053423786305,4.908019946014974e-06
LSTM,enron,pr,1.0,0.6645462256149279,4.9080431381298695e-06
LSTM,enron,pr,1.0,0.6646871686108166,4.908426944894018e-06
LSTM,enron,pr,1.0,0.6648281714043275,4.912089025310706e-06
LSTM,enron,pr,1.0,0.6649692340335243,4.912894837616477e-06
LSTM,enron,pr,1.0,0.6651103565365025,4.9131617743114475e-06
LSTM,enron,pr,1.0,0.6652515389513903,4.91336322738789e-06
LSTM,enron,pr,1.0,0.6653927813163482,4.913663360639475e-06
LSTM,enron,pr,1.0,0.6655340836695689,4.913812972517917e-06
LSTM,enron,pr,1.0,0.6656754460492779,4.917385467706481e-06
LSTM,enron,pr,1.0,0.6658168684937328,4.91809805680532e-06
LSTM,enron,pr,1.0,0.6659583510412239,4.9183045121026225e-06
LSTM,enron,pr,1.0,0.6660998937300744,4.91875471198e-06
LSTM,enron,pr,1.0,0.6662414965986394,4.9209038479602896e-06
LSTM,enron,pr,1.0,0.6663831596853073,4.922293101117248e-06
LSTM,enron,pr,1.0,0.6665248830284985,4.924349468637956e-06
LSTM,enron,pr,1.0,0.6666666666666666,4.925345365336398e-06
LSTM,enron,pr,1.0,0.6668085106382978,4.925909252051497e-06
LSTM,enron,pr,1.0,0.6669504149819111,4.926529072690755e-06
LSTM,enron,pr,1.0,0.667092379736058,4.932132924295729e-06
LSTM,enron,pr,1.0,0.667234404939323,4.93218476549373e-06
LSTM,enron,pr,1.0,0.6673764906303237,4.9340615078108385e-06
LSTM,enron,pr,1.0,0.6675186368477103,4.934616754326271e-06
LSTM,enron,pr,1.0,0.6676608436301662,4.934710887027904e-06
LSTM,enron,pr,1.0,0.6678031110164074,4.937267021887237e-06
LSTM,enron,pr,1.0,0.6679454390451833,4.937394351145485e-06
LSTM,enron,pr,1.0,0.6680878277552761,4.939362952427473e-06
LSTM,enron,pr,1.0,0.6682302771855011,4.9399613999412395e-06
LSTM,enron,pr,1.0,0.6683727873747067,4.941040060657542e-06
LSTM,enron,pr,1.0,0.6685153583617748,4.9413511078455485e-06
LSTM,enron,pr,1.0,0.6686579901856198,4.942449322697939e-06
LSTM,enron,pr,1.0,0.6688006828851899,4.9425766519561876e-06
LSTM,enron,pr,1.0,0.6689434364994664,4.942595296597574e-06
LSTM,enron,pr,1.0,0.6690862510674637,4.942991381540196e-06
LSTM,enron,pr,1.0,0.6692291266282298,4.94302912557032e-06
LSTM,enron,pr,1.0,0.6693720632208457,4.943679869029438e-06
LSTM,enron,pr,1.0,0.6695150608844264,4.944703050568933e-06
LSTM,enron,pr,1.0,0.6696581196581196,4.945787623000797e-06
LSTM,enron,pr,1.0,0.669801239581107,4.946009084960679e-06
LSTM,enron,pr,1.0,0.6699444206926036,4.946632088831393e-06
LSTM,enron,pr,1.0,0.6700876630318581,4.946773515257519e-06
LSTM,enron,pr,1.0,0.6702309666381523,4.947037723468384e-06
LSTM,enron,pr,1.0,0.6703743315508022,4.947438355884515e-06
LSTM,enron,pr,1.0,0.670517757809157,4.950028596795164e-06
LSTM,enron,pr,1.0,0.6706612454526001,4.950689799443353e-06
LSTM,enron,pr,1.0,0.670804794520548,4.951015398546588e-06
LSTM,enron,pr,1.0,0.6709484050524513,4.952096787746996e-06
LSTM,enron,pr,1.0,0.6710920770877944,4.95512040288304e-06
LSTM,enron,pr,1.0,0.6712358106660955,4.9562831918592565e-06
LSTM,enron,pr,1.0,0.6713796058269066,4.957748387823813e-06
LSTM,enron,pr,1.0,0.6715234626098135,4.9585382839723025e-06
LSTM,enron,pr,1.0,0.6716673810544364,4.961485046806047e-06
LSTM,enron,pr,1.0,0.6718113612004287,4.9622231017565355e-06
LSTM,enron,pr,1.0,0.6719554030874786,4.962526418239577e-06
LSTM,enron,pr,1.0,0.6720995067553077,4.9644099817669485e-06
LSTM,enron,pr,1.0,0.6722436722436722,4.965669631928904e-06
LSTM,enron,pr,1.0,0.6723878995923621,4.966399046679726e-06
LSTM,enron,pr,1.0,0.6725321888412017,4.966986580257071e-06
LSTM,enron,pr,1.0,0.6726765400300494,4.967555014445679e-06
LSTM,enron,pr,1.0,0.6728209531987978,4.968076154909795e-06
LSTM,enron,pr,1.0,0.6729654283873738,4.970701411366463e-06
LSTM,enron,pr,1.0,0.6731099656357389,4.970753707311815e-06
LSTM,enron,pr,1.0,0.6732545649838882,4.971422185917618e-06
LSTM,enron,pr,1.0,0.6733992264718521,4.973703198629664e-06
LSTM,enron,pr,1.0,0.6735439501396948,4.974680450686719e-06
LSTM,enron,pr,1.0,0.673688736027515,4.975026513420744e-06
LSTM,enron,pr,1.0,0.6738335841754461,4.975311185262399e-06
LSTM,enron,pr,1.0,0.6739784946236559,4.975439424015349e-06
LSTM,enron,pr,1.0,0.6741234674123467,4.975634055881528e-06
LSTM,enron,pr,1.0,0.6742685025817556,4.975819138053339e-06
LSTM,enron,pr,1.0,0.6744136001721541,4.9786008275987115e-06
LSTM,enron,pr,1.0,0.6745587602238484,4.981350230082171e-06
LSTM,enron,pr,1.0,0.6747039827771798,4.981702204531757e-06
LSTM,enron,pr,1.0,0.6748492678725236,4.981968231732026e-06
LSTM,enron,pr,1.0,0.6749946155502907,4.982162863598205e-06
LSTM,enron,pr,1.0,0.6751400258509264,4.982975497114239e-06
LSTM,enron,pr,1.0,0.6752854988149106,4.9830227908387315e-06
LSTM,enron,pr,1.0,0.6754310344827587,4.985570740245748e-06
LSTM,enron,pr,1.0,0.6755766328950205,4.985989107808564e-06
LSTM,enron,pr,1.0,0.6757222940922811,4.986740350432228e-06
LSTM,enron,pr,1.0,0.6758680181151606,4.987187821825501e-06
LSTM,enron,pr,1.0,0.6760138050043141,4.990517936676042e-06
LSTM,enron,pr,1.0,0.6761596548004315,4.992388767277589e-06
LSTM,enron,pr,1.0,0.6763055675442382,4.992817139282124e-06
LSTM,enron,pr,1.0,0.6764515432764947,4.992860340280458e-06
LSTM,enron,pr,1.0,0.6765975820379966,4.993165021005552e-06
LSTM,enron,pr,1.0,0.6767436838695746,4.9976861191680655e-06
LSTM,enron,pr,1.0,0.676889848812095,4.997900305170333e-06
LSTM,enron,pr,1.0,0.6770360769064593,4.99812949783518e-06
LSTM,enron,pr,1.0,0.6771823681936041,4.998682470613858e-06
LSTM,enron,pr,1.0,0.6773287227145018,4.999044449505163e-06
LSTM,enron,pr,1.0,0.67747514051016,5.001410045224475e-06
LSTM,enron,pr,1.0,0.6776216216216217,5.0015673878078815e-06
LSTM,enron,pr,1.0,0.6777681660899654,5.00157193528139e-06
LSTM,enron,pr,1.0,0.6779147739563054,5.002535544917919e-06
LSTM,enron,pr,1.0,0.6780614452617915,5.0032895160256885e-06
LSTM,enron,pr,1.0,0.6782081800476087,5.00485475640744e-06
LSTM,enron,pr,1.0,0.6783549783549784,5.006067112844903e-06
LSTM,enron,pr,1.0,0.6785018402251569,5.006735591450706e-06
LSTM,enron,pr,1.0,0.6787957548191467,5.007791060052114e-06
LSTM,enron,pr,1.0,0.67894280762565,5.007962954550749e-06
LSTM,enron,pr,1.0,0.6790899241603467,5.009104370401474e-06
LSTM,enron,pr,1.0,0.6792371044646728,5.011895154893864e-06
LSTM,enron,pr,1.0,0.6793843485800998,5.012712335883407e-06
LSTM,enron,pr,1.0,0.6795316565481353,5.016237082600128e-06
LSTM,enron,pr,1.0,0.6796790284103231,5.0174521675216965e-06
LSTM,enron,pr,1.0,0.679826464208243,5.018170213588746e-06
LSTM,enron,pr,1.0,0.6799739639835105,5.02029070048593e-06
LSTM,enron,pr,1.0,0.6801215277777778,5.023044195695547e-06
LSTM,enron,pr,1.0,0.6802691556327328,5.023475296184188e-06
LSTM,enron,pr,1.0,0.6804168475900999,5.024266101827379e-06
LSTM,enron,pr,1.0,0.6805646036916395,5.0256030590389855e-06
LSTM,enron,pr,1.0,0.6807124239791486,5.028469786338974e-06
LSTM,enron,pr,1.0,0.6808603084944601,5.029505700804293e-06
LSTM,enron,pr,1.0,0.6810082572794437,5.031823093304411e-06
LSTM,enron,pr,1.0,0.6811562703760052,5.0326725613558665e-06
LSTM,enron,pr,1.0,0.681304347826087,5.033431079937145e-06
LSTM,enron,pr,1.0,0.6814524896716677,5.033594334236113e-06
LSTM,enron,pr,1.0,0.6816006959547629,5.033997240388999e-06
LSTM,enron,pr,1.0,0.6817489667174244,5.034996320318896e-06
LSTM,enron,pr,1.0,0.6818973020017406,5.0352841753920075e-06
LSTM,enron,pr,1.0,0.6820457018498368,5.039454208599636e-06
LSTM,enron,pr,1.0,0.6821941663038746,5.0395215112075675e-06
LSTM,enron,pr,1.0,0.6823426954060526,5.039540610596305e-06
LSTM,enron,pr,1.0,0.6824912891986062,5.039838470111135e-06
LSTM,enron,pr,1.0,0.6826399477238074,5.041871645516949e-06
LSTM,enron,pr,1.0,0.6827886710239651,5.04432455272763e-06
LSTM,enron,pr,1.0,0.6829374591414251,5.0443918553355616e-06
LSTM,enron,pr,1.0,0.6830863121185702,5.044396857556421e-06
LSTM,enron,pr,1.0,0.6832352299978199,5.04471427120734e-06
LSTM,enron,pr,1.0,0.6833842128216311,5.046148089604685e-06
LSTM,enron,pr,1.0,0.6835332606324973,5.046696969657205e-06
LSTM,enron,pr,1.0,0.6836823734729494,5.0501439545769244e-06
LSTM,enron,pr,1.0,0.6838315513855553,5.050471372669563e-06
LSTM,enron,pr,1.0,0.6839807944129201,5.05064963363111e-06
LSTM,enron,pr,1.0,0.6841301025976861,5.051280822954141e-06
LSTM,enron,pr,1.0,0.6842794759825328,5.051752850704361e-06
LSTM,enron,pr,1.0,0.6844289146101769,5.052625056123361e-06
LSTM,enron,pr,1.0,0.6845784185233726,5.053959739598213e-06
LSTM,enron,pr,1.0,0.6847279877649115,5.0546200327517e-06
LSTM,enron,pr,1.0,0.6848776223776224,5.055328983871732e-06
LSTM,enron,pr,1.0,0.6850273224043716,5.055564997746842e-06
LSTM,enron,pr,1.0,0.685177087888063,5.05557954966207e-06
LSTM,enron,pr,1.0,0.6854768153980753,5.0589073907758575e-06
LSTM,enron,pr,1.0,0.6856267775103916,5.060659077571472e-06
LSTM,enron,pr,1.0,0.6857768052516411,5.060963303549215e-06
LSTM,enron,pr,1.0,0.6859268986649157,5.062536729383282e-06
LSTM,enron,pr,1.0,0.686077057793345,5.064357537776232e-06
LSTM,enron,pr,1.0,0.6862272826800964,5.065125151304528e-06
LSTM,enron,pr,1.0,0.6863775733683749,5.065212462795898e-06
LSTM,enron,pr,1.0,0.6865279299014239,5.065850018581841e-06
LSTM,enron,pr,1.0,0.686678352322524,5.0678595471254084e-06
LSTM,enron,pr,1.0,0.6868288406749945,5.0679273044806905e-06
LSTM,enron,pr,1.0,0.6869793950021921,5.068990958534414e-06
LSTM,enron,pr,1.0,0.6871300153475115,5.069372491561808e-06
LSTM,enron,pr,1.0,0.6872807017543859,5.069744929642184e-06
LSTM,enron,pr,1.0,0.6874314542662865,5.070102815807331e-06
LSTM,enron,pr,1.0,0.6875822729267222,5.0726416702673305e-06
LSTM,enron,pr,1.0,0.6877331577792407,5.0731305236695334e-06
LSTM,enron,pr,1.0,0.6878841088674276,5.073551619716454e-06
LSTM,enron,pr,1.0,0.6880351262349067,5.074040018371306e-06
LSTM,enron,pr,1.0,0.6881862099253404,5.076392426417442e-06
LSTM,enron,pr,1.0,0.6883373599824292,5.079501534055453e-06
LSTM,enron,pr,1.0,0.6884885764499121,5.079976290289778e-06
LSTM,enron,pr,1.0,0.6886398593715667,5.080673872726038e-06
LSTM,enron,pr,1.0,0.6887912087912088,5.08461971548968e-06
LSTM,enron,pr,1.0,0.6889426247526929,5.0849539547925815e-06
LSTM,enron,pr,1.0,0.689094107299912,5.088345005788142e-06
LSTM,enron,pr,1.0,0.6892456564767979,5.088946636533365e-06
LSTM,enron,pr,1.0,0.6893972723273207,5.089684691483853e-06
LSTM,enron,pr,1.0,0.6895489548954895,5.090179456601618e-06
LSTM,enron,pr,1.0,0.6897007042253521,5.090325430501252e-06
LSTM,enron,pr,1.0,0.689852520360995,5.090334980195621e-06
LSTM,enron,pr,1.0,0.6900044033465433,5.090388640383026e-06
LSTM,enron,pr,1.0,0.6901563532261616,5.090441845823079e-06
LSTM,enron,pr,1.0,0.6903083700440529,5.092102583148517e-06
LSTM,enron,pr,1.0,0.6904604538444591,5.092583251098404e-06
LSTM,enron,pr,1.0,0.6906126046716615,5.093583695270354e-06
LSTM,enron,pr,1.0,0.6907648225699802,5.093748768558726e-06
LSTM,enron,pr,1.0,0.6909171075837742,5.097408120491309e-06
LSTM,enron,pr,1.0,0.6910694597574422,5.097505436424399e-06
LSTM,enron,pr,1.0,0.6912218791354212,5.098263955005677e-06
LSTM,enron,pr,1.0,0.6913743657621884,5.098273504700046e-06
LSTM,enron,pr,1.0,0.6915269196822594,5.098662313685054e-06
LSTM,enron,pr,1.0,0.6916795409401898,5.100880116515327e-06
LSTM,enron,pr,1.0,0.691832229580574,5.105045602249447e-06
LSTM,enron,pr,1.0,0.6919849856480459,5.106633125251392e-06
LSTM,enron,pr,1.0,0.6921378091872792,5.107266133563826e-06
LSTM,enron,pr,1.0,0.6924436588599204,5.107480319566093e-06
LSTM,enron,pr,1.0,0.6927497789566756,5.110910933581181e-06
LSTM,enron,pr,1.0,0.6929029405261994,5.111915015731938e-06
LSTM,enron,pr,1.0,0.6930561698363555,5.1140605137334205e-06
LSTM,enron,pr,1.0,0.6932094669320946,5.115767635288648e-06
LSTM,enron,pr,1.0,0.6933628318584071,5.116763077239739e-06
LSTM,enron,pr,1.0,0.6935162646603231,5.117402452015085e-06
LSTM,enron,pr,1.0,0.6936697653829128,5.118246917845681e-06
LSTM,enron,pr,1.0,0.6938233340712863,5.118549324834021e-06
LSTM,enron,pr,1.0,0.6939769707705934,5.119174147694139e-06
LSTM,enron,pr,1.0,0.6941306755260244,5.1192232604080345e-06
LSTM,enron,pr,1.0,0.694284448382809,5.119730758451624e-06
LSTM,enron,pr,1.0,0.6944382893862175,5.1209417506470345e-06
LSTM,enron,pr,1.0,0.6945921985815603,5.121137292007916e-06
LSTM,enron,pr,1.0,0.6947461760141875,5.123413757246453e-06
LSTM,enron,pr,1.0,0.6949002217294901,5.123589744471246e-06
LSTM,enron,pr,1.0,0.6950543357728987,5.123833943798672e-06
LSTM,enron,pr,1.0,0.6952085181898846,5.125153620610945e-06
LSTM,enron,pr,1.0,0.6953627690259596,5.125842562847538e-06
LSTM,enron,pr,1.0,0.6955170883266756,5.126091764395824e-06
LSTM,enron,pr,1.0,0.6956714761376248,5.126521955389762e-06
LSTM,enron,pr,1.0,0.6958259325044405,5.1300776249263436e-06
LSTM,enron,pr,1.0,0.6959804574727959,5.131766101840185e-06
LSTM,enron,pr,1.0,0.6961350510884051,5.133018930791877e-06
LSTM,enron,pr,1.0,0.6962897133970228,5.134228103997884e-06
LSTM,enron,pr,1.0,0.6964444444444444,5.141906513017602e-06
LSTM,enron,pr,1.0,0.6965992442765059,5.1419656301732175e-06
LSTM,enron,pr,1.0,0.6967541129390841,5.142132067703642e-06
LSTM,enron,pr,1.0,0.6969090504780965,5.1426668505882844e-06
LSTM,enron,pr,1.0,0.6970640569395018,5.1430833991616964e-06
LSTM,enron,pr,1.0,0.6972191323692992,5.143902853887994e-06
LSTM,enron,pr,1.0,0.6973742768135291,5.145374871062813e-06
LSTM,enron,pr,1.0,0.6975294903182728,5.146140210854355e-06
LSTM,enron,pr,1.0,0.6976847729296527,5.146282546775183e-06
LSTM,enron,pr,1.0,0.697840124693832,5.148187028680695e-06
LSTM,enron,pr,1.0,0.6979955456570156,5.1516744861146435e-06
LSTM,enron,pr,1.0,0.6981510358654489,5.1563488341344055e-06
LSTM,enron,pr,1.0,0.698306595365419,5.157386567589128e-06
LSTM,enron,pr,1.0,0.6984622242032539,5.164198228158057e-06
LSTM,enron,pr,1.0,0.6986179224253233,5.165577476873295e-06
LSTM,enron,pr,1.0,0.6987736900780379,5.166459231986664e-06
LSTM,enron,pr,1.0,0.6989295272078502,5.16800628247438e-06
LSTM,enron,pr,1.0,0.6990854338612537,5.170905296836281e-06
LSTM,enron,pr,1.0,0.6992414100847836,5.172163128008833e-06
LSTM,enron,pr,1.0,0.6997097566421077,5.172537839825964e-06
LSTM,enron,pr,1.0,0.7000223363859728,5.173282715986716e-06
LSTM,enron,pr,1.0,0.7001787310098302,5.173948920855764e-06
LSTM,enron,pr,1.0,0.7003351955307262,5.174259968043771e-06
LSTM,enron,pr,1.0,0.7004917299955298,5.176673312234925e-06
LSTM,enron,pr,1.0,0.7006483344511514,5.177221282792743e-06
LSTM,enron,pr,1.0,0.7008050089445438,5.1783817980322056e-06
LSTM,enron,pr,1.0,0.7009617535227018,5.179621439310722e-06
LSTM,enron,pr,1.0,0.7011185682326622,5.179848812986165e-06
LSTM,enron,pr,1.0,0.7012754531215037,5.183263510843972e-06
LSTM,enron,pr,1.0,0.7014324082363473,5.185513145988807e-06
LSTM,enron,pr,1.0,0.7015894336243564,5.186427188164089e-06
LSTM,enron,pr,1.0,0.7017465293327362,5.187060196476523e-06
LSTM,enron,pr,1.0,0.7019036954087347,5.199640327191446e-06
LSTM,enron,pr,1.0,0.7020609318996416,5.199848601478152e-06
LSTM,enron,pr,1.0,0.7022182388527896,5.200205578148598e-06
LSTM,enron,pr,1.0,0.7023756163155536,5.20302319273469e-06
LSTM,enron,pr,1.0,0.7025330643353508,5.204839908401482e-06
LSTM,enron,pr,1.0,0.7026905829596413,5.20516232427326e-06
LSTM,enron,pr,1.0,0.7028481722359273,5.206542482483201e-06
LSTM,enron,pr,1.0,0.7030058322117542,5.2071482059545815e-06
LSTM,enron,pr,1.0,0.7031635629347095,5.207153208175441e-06
LSTM,enron,pr,1.0,0.7033213644524237,5.207232788961846e-06
LSTM,enron,pr,1.0,0.7034792368125702,5.207451067690272e-06
LSTM,enron,pr,1.0,0.7036371800628648,5.207987669564318e-06
LSTM,enron,pr,1.0,0.7037951942510667,5.2087625590502284e-06
LSTM,enron,pr,1.0,0.7039532794249775,5.211187271925155e-06
LSTM,enron,pr,1.0,0.7042696629213483,5.215269084146712e-06
LSTM,enron,pr,1.0,0.7044279613396269,5.215413239056943e-06
LSTM,enron,pr,1.0,0.7045863309352518,5.216179488343187e-06
LSTM,enron,pr,1.0,0.7047447717562402,5.216751560510602e-06
LSTM,enron,pr,1.0,0.7049032838506523,5.217348643782316e-06
LSTM,enron,pr,1.0,0.7050618672665917,5.217676971369656e-06
LSTM,enron,pr,1.0,0.7052205220522052,5.219881586526753e-06
LSTM,enron,pr,1.0,0.7053792482556831,5.224344022281002e-06
LSTM,enron,pr,1.0,0.7055380459252589,5.226955181569792e-06
LSTM,enron,pr,1.0,0.7056969151092096,5.226960183790652e-06
LSTM,enron,pr,1.0,0.7058558558558559,5.227578640187858e-06
LSTM,enron,pr,1.0,0.7060148682135616,5.228530881140614e-06
LSTM,enron,pr,1.0,0.7061739522307345,5.228630470810458e-06
LSTM,enron,pr,1.0,0.706333107955826,5.229642738413531e-06
LSTM,enron,pr,1.0,0.7064923354373309,5.229971975495573e-06
LSTM,enron,pr,1.0,0.706651634723788,5.230236638453789e-06
LSTM,enron,pr,1.0,0.7068110058637799,5.230246188148158e-06
LSTM,enron,pr,1.0,0.7069704489059327,5.230610440776218e-06
LSTM,enron,pr,1.0,0.7071299638989169,5.2311643230495974e-06
LSTM,enron,pr,1.0,0.7072895508914466,5.232062449067598e-06
LSTM,enron,pr,1.0,0.7074492099322799,5.232122020970564e-06
LSTM,enron,pr,1.0,0.707608941070219,5.2325763135741e-06
LSTM,enron,pr,1.0,0.7077687443541102,5.232601324678399e-06
LSTM,enron,pr,1.0,0.7079286198328439,5.234163381828694e-06
LSTM,enron,pr,1.0,0.7080885675553548,5.234867330727866e-06
LSTM,enron,pr,1.0,0.7082485875706215,5.236754986981396e-06
LSTM,enron,pr,1.0,0.7084086799276673,5.237463938101428e-06
LSTM,enron,pr,1.0,0.7085688446755596,5.238243375060847e-06
LSTM,enron,pr,1.0,0.7087290818634102,5.238533049123362e-06
LSTM,enron,pr,1.0,0.7090497737556561,5.240221980784554e-06
LSTM,enron,pr,1.0,0.7092102285584974,5.241741291683866e-06
LSTM,enron,pr,1.0,0.7093707559981892,5.247302851785207e-06
LSTM,enron,pr,1.0,0.7095313561240661,5.250361027719919e-06
LSTM,enron,pr,1.0,0.7096920289855072,5.253632025414845e-06
LSTM,enron,pr,1.0,0.7098527746319366,5.254112693364732e-06
LSTM,enron,pr,1.0,0.7100135931128229,5.254513780528214e-06
LSTM,enron,pr,1.0,0.7101744844776796,5.256598797132028e-06
LSTM,enron,pr,1.0,0.7103354487760652,5.25700488651637e-06
LSTM,enron,pr,1.0,0.7104964860575833,5.258433702692855e-06
LSTM,enron,pr,1.0,0.7106575963718821,5.258850251266267e-06
LSTM,enron,pr,1.0,0.710818779768655,5.2598984439100605e-06
LSTM,enron,pr,1.0,0.7109800362976406,5.2607915677072015e-06
LSTM,enron,pr,1.0,0.7111413660086227,5.261227670416702e-06
LSTM,enron,pr,1.0,0.7113027689514299,5.261333171802107e-06
LSTM,enron,pr,1.0,0.7114642451759364,5.261604201223236e-06
LSTM,enron,pr,1.0,0.7116257947320618,5.261674687062623e-06
LSTM,enron,pr,1.0,0.7117874176697706,5.262944341666298e-06
LSTM,enron,pr,1.0,0.7119491140390731,5.26335588801885e-06
LSTM,enron,pr,1.0,0.712110883890025,5.265419076749822e-06
LSTM,enron,pr,1.0,0.7122727272727273,5.266102107270854e-06
LSTM,enron,pr,1.0,0.7124346442373267,5.26860367244808e-06
LSTM,enron,pr,1.0,0.7125966348340155,5.268814675218891e-06
LSTM,enron,pr,1.0,0.7127586991130316,5.268824679660611e-06
LSTM,enron,pr,1.0,0.7129208371246588,5.268925178825157e-06
LSTM,enron,pr,1.0,0.7130830489192264,5.2691866585519165e-06
LSTM,enron,pr,1.0,0.7132453345471097,5.274827799439663e-06
LSTM,enron,pr,1.0,0.7134076940587298,5.275019248074386e-06
LSTM,enron,pr,1.0,0.7135701275045537,5.276342108118115e-06
LSTM,enron,pr,1.0,0.7137326349350945,5.2763521125598345e-06
LSTM,enron,pr,1.0,0.7138952164009111,5.277675882098265e-06
LSTM,enron,pr,1.0,0.7140578719526088,5.2795485316892155e-06
LSTM,enron,pr,1.0,0.7142206016408387,5.280555797071429e-06
LSTM,enron,pr,1.0,0.7143834055162982,5.283064183458919e-06
LSTM,enron,pr,1.0,0.7145462836297309,5.285140559863066e-06
LSTM,enron,pr,1.0,0.714709236031927,5.287257863528794e-06
LSTM,enron,pr,1.0,0.7150353639060004,5.2938271437596995e-06
LSTM,enron,pr,1.0,0.7151985394796896,5.295331447996432e-06
LSTM,enron,pr,1.0,0.7153617895457658,5.29672570337425e-06
LSTM,enron,pr,1.0,0.7155251141552511,5.299928943713894e-06
LSTM,enron,pr,1.0,0.7156885133592145,5.3060275604366325e-06
LSTM,enron,pr,1.0,0.7158519872087711,5.307434548740275e-06
LSTM,enron,pr,1.0,0.7160155357550834,5.3085227591509465e-06
LSTM,enron,pr,1.0,0.7161791590493601,5.3088870117790066e-06
LSTM,enron,pr,1.0,0.7163428571428572,5.308952950144885e-06
LSTM,enron,pr,1.0,0.716506630086877,5.312604571372503e-06
LSTM,enron,pr,1.0,0.7166704779327693,5.319098818290513e-06
LSTM,enron,pr,1.0,0.7168344007319305,5.320128821040271e-06
LSTM,enron,pr,1.0,0.7169983985358042,5.324204721546266e-06
LSTM,enron,pr,1.0,0.717162471395881,5.3266830946085975e-06
LSTM,enron,pr,1.0,0.7173266193636988,5.333382432581857e-06
LSTM,enron,pr,1.0,0.7174908424908425,5.337366474122973e-06
LSTM,enron,pr,1.0,0.7176551408289443,5.339672952686669e-06
LSTM,enron,pr,1.0,0.717819514429684,5.3400244723889045e-06
LSTM,enron,pr,1.0,0.7179839633447881,5.341547421267023e-06
LSTM,enron,pr,1.0,0.7181484876260311,5.3423113968165126e-06
LSTM,enron,pr,1.0,0.7183130873252349,5.342698841559468e-06
LSTM,enron,pr,1.0,0.7184777624942686,5.3450635277840775e-06
LSTM,enron,pr,1.0,0.7186425131850493,5.347949354472803e-06
LSTM,enron,pr,1.0,0.7188073394495413,5.348490049073007e-06
LSTM,enron,pr,1.0,0.7189722413397568,5.348938884708332e-06
LSTM,enron,pr,1.0,0.7191372189077558,5.351071649783989e-06
LSTM,enron,pr,1.0,0.7193022722056461,5.352235348254908e-06
LSTM,enron,pr,1.0,0.7194674012855831,5.352572316041915e-06
LSTM,enron,pr,1.0,0.7196326061997704,5.352643711376004e-06
LSTM,enron,pr,1.0,0.7197978870004593,5.353792403184343e-06
LSTM,enron,pr,1.0,0.7199632437399495,5.354747372621205e-06
LSTM,enron,pr,1.0,0.7201286764705882,5.356948804546846e-06
LSTM,enron,pr,1.0,0.7202941852447713,5.3576177379e-06
LSTM,enron,pr,1.0,0.7204597701149426,5.362924184737494e-06
LSTM,enron,pr,1.0,0.7206254311335939,5.363579020922771e-06
LSTM,enron,pr,1.0,0.7207911683532658,5.36365041625686e-06
LSTM,enron,pr,1.0,0.720956981826547,5.363895979826339e-06
LSTM,enron,pr,1.0,0.7211228716060746,5.367109224607702e-06
LSTM,enron,pr,1.0,0.7212888377445339,5.367267931433162e-06
LSTM,enron,pr,1.0,0.7214548802946593,5.367411631596042e-06
LSTM,enron,pr,1.0,0.7216209993092333,5.367580342863221e-06
LSTM,enron,pr,1.0,0.7217871948410871,5.368921847548336e-06
LSTM,enron,pr,1.0,0.7219534669431007,5.369531208998524e-06
LSTM,enron,pr,1.0,0.7221198156682027,5.3715543799626175e-06
LSTM,enron,pr,1.0,0.7222862410693708,5.3717590162705164e-06
LSTM,enron,pr,1.0,0.7224527431996312,5.372332907427335e-06
LSTM,enron,pr,1.0,0.722619322112059,5.376135959522799e-06
LSTM,enron,pr,1.0,0.7227859778597786,5.377992238209117e-06
LSTM,enron,pr,1.0,0.7229527104959631,5.379869890020927e-06
LSTM,enron,pr,1.0,0.7232864066466651,5.3813832892046776e-06
LSTM,enron,pr,1.0,0.7234533702677747,5.384848464018432e-06
LSTM,enron,pr,1.0,0.7236204109905333,5.3849562391405925e-06
LSTM,enron,pr,1.0,0.7237875288683603,5.385618806030834e-06
LSTM,enron,pr,1.0,0.7239547239547239,5.386887551139807e-06
LSTM,enron,pr,1.0,0.7241219963031423,5.387129021983128e-06
LSTM,enron,pr,1.0,0.7242893459671828,5.389214948081644e-06
LSTM,enron,pr,1.0,0.7244567730004623,5.393029823608231e-06
LSTM,enron,pr,1.0,0.7246242774566474,5.3937396842229646e-06
LSTM,enron,pr,1.0,0.7249595188526486,5.395576863520546e-06
LSTM,enron,pr,1.0,0.7251272559000462,5.398917437560158e-06
LSTM,enron,pr,1.0,0.7252950705855126,5.401007911132183e-06
LSTM,enron,pr,1.0,0.7256309330863626,5.402651368058287e-06
LSTM,enron,pr,1.0,0.7257989810097267,5.403439899964724e-06
LSTM,enron,pr,1.0,0.7259671067871207,5.404228431871161e-06
LSTM,enron,pr,1.0,0.7261353104726599,5.40521295988583e-06
LSTM,enron,pr,1.0,0.7263035921205099,5.405882802733686e-06
LSTM,enron,pr,1.0,0.7264719517848864,5.409374352893792e-06
LSTM,enron,pr,1.0,0.7266403895200556,5.413368853623979e-06
LSTM,enron,pr,1.0,0.7268089053803339,5.4195620577957015e-06
LSTM,enron,pr,1.0,0.7269774994200882,5.419898116088007e-06
LSTM,enron,pr,1.0,0.7271461716937355,5.420725301519269e-06
LSTM,enron,pr,1.0,0.7273149222557438,5.42142333870288e-06
LSTM,enron,pr,1.0,0.7274837511606314,5.422633421403589e-06
LSTM,enron,pr,1.0,0.7276526584629672,5.423248694569338e-06
LSTM,enron,pr,1.0,0.727821644217371,5.424541541287908e-06
LSTM,enron,pr,1.0,0.7279907084785133,5.42589168617269e-06
LSTM,enron,pr,1.0,0.7281598513011153,5.426585175882792e-06
LSTM,enron,pr,1.0,0.7283290727399488,5.427278665592894e-06
LSTM,enron,pr,1.0,0.7284983728498373,5.428955773822963e-06
LSTM,enron,pr,1.0,0.7286677516856545,5.431431418401189e-06
LSTM,enron,pr,1.0,0.7288372093023255,5.433461865322897e-06
LSTM,enron,pr,1.0,0.7290067457548267,5.434301328932634e-06
LSTM,enron,pr,1.0,0.7291763610981852,5.434819740912644e-06
LSTM,enron,pr,1.0,0.7293460553874797,5.435182174551301e-06
LSTM,enron,pr,1.0,0.7295158286778398,5.435897946881596e-06
LSTM,enron,pr,1.0,0.7296856810244471,5.436810170067474e-06
LSTM,enron,pr,1.0,0.7298556124825337,5.437463642010698e-06
LSTM,enron,pr,1.0,0.7300256231073841,5.43757232662756e-06
LSTM,enron,pr,1.0,0.7301957129543336,5.4378265303967055e-06
LSTM,enron,pr,1.0,0.7303658820787695,5.440150289359735e-06
LSTM,enron,pr,1.0,0.7305361305361305,5.4404617912950926e-06
LSTM,enron,pr,1.0,0.7307064583819072,5.441281700768741e-06
LSTM,enron,pr,1.0,0.7308768656716418,5.441655048343819e-06
LSTM,enron,pr,1.0,0.7310473524609283,5.446483555715531e-06
LSTM,enron,pr,1.0,0.731217918805413,5.448202955449233e-06
LSTM,enron,pr,1.0,0.7313885647607935,5.449039690574864e-06
LSTM,enron,pr,1.0,0.7315592903828197,5.450276603369275e-06
LSTM,enron,pr,1.0,0.731730095727294,5.456033704831498e-06
LSTM,enron,pr,1.0,0.73190098085007,5.45825605513528e-06
LSTM,enron,pr,1.0,0.7320719458070545,5.460390639200341e-06
LSTM,enron,pr,1.0,0.7322429906542056,5.462552053359104e-06
LSTM,enron,pr,1.0,0.7324141154475344,5.4632764658890665e-06
LSTM,enron,pr,1.0,0.7325853202431043,5.464235073304735e-06
LSTM,enron,pr,1.0,0.7327566050970307,5.465240974444896e-06
LSTM,enron,pr,1.0,0.7329279700654817,5.46697674508323e-06
LSTM,enron,pr,1.0,0.7330994152046784,5.469177267514169e-06
LSTM,enron,pr,1.0,0.7332709405708938,5.472020802699262e-06
LSTM,enron,pr,1.0,0.733442546220454,5.47373292647535e-06
LSTM,enron,pr,1.0,0.7336142322097379,5.476395926962141e-06
LSTM,enron,pr,1.0,0.7337859985951768,5.479128049046267e-06
LSTM,enron,pr,1.0,0.7341297727805106,5.479744686454069e-06
LSTM,enron,pr,1.0,0.7343017806935332,5.481960670294939e-06
LSTM,enron,pr,1.0,0.7344738692289665,5.482060259964783e-06
LSTM,enron,pr,1.0,0.7346460384435068,5.489070190378698e-06
LSTM,enron,pr,1.0,0.7348182883939038,5.493490334629314e-06
LSTM,enron,pr,1.0,0.7349906191369606,5.494700417330023e-06
LSTM,enron,pr,1.0,0.7351630307295332,5.495088316820329e-06
LSTM,enron,pr,1.0,0.7353355232285312,5.495617642736761e-06
LSTM,enron,pr,1.0,0.7355080966909177,5.4969491429801565e-06
LSTM,enron,pr,1.0,0.7356807511737089,5.4981705943646375e-06
LSTM,enron,pr,1.0,0.7358534867339751,5.4986794566502795e-06
LSTM,enron,pr,1.0,0.7360263034288398,5.500048246176448e-06
LSTM,enron,pr,1.0,0.7361992013154803,5.501821306097554e-06
LSTM,enron,pr,1.0,0.7363721804511278,5.502755357156275e-06
LSTM,enron,pr,1.0,0.7365452408930669,5.5041828090907075e-06
LSTM,enron,pr,1.0,0.7367183826986365,5.504382443177747e-06
LSTM,enron,pr,1.0,0.7368916059252293,5.506924026121851e-06
LSTM,enron,pr,1.0,0.7370649106302917,5.50953973288415e-06
LSTM,enron,pr,1.0,0.7372382968713244,5.509639777301345e-06
LSTM,enron,pr,1.0,0.7374117647058823,5.510790742846439e-06
LSTM,enron,pr,1.0,0.7375853141915745,5.511242306965869e-06
LSTM,enron,pr,1.0,0.737758945386064,5.514081294677453e-06
LSTM,enron,pr,1.0,0.7379326583470686,5.514838449016679e-06
LSTM,enron,pr,1.0,0.7381064531323599,5.516621513379505e-06
LSTM,enron,pr,1.0,0.7382803297997644,5.51693210582016e-06
LSTM,enron,pr,1.0,0.7384542884071631,5.5173159125843085e-06
LSTM,enron,pr,1.0,0.7386283290124912,5.517994850379182e-06
LSTM,enron,pr,1.0,0.7388024516737388,5.519857950275764e-06
LSTM,enron,pr,1.0,0.7389766564489507,5.522638275579084e-06
LSTM,enron,pr,1.0,0.7391509433962264,5.523849722521845e-06
LSTM,enron,pr,1.0,0.7393253125737203,5.5246296142286155e-06
LSTM,enron,pr,1.0,0.7394997640396413,5.525640972336987e-06
LSTM,enron,pr,1.0,0.7396742978522539,5.526263066713e-06
LSTM,enron,pr,1.0,0.7398489140698773,5.527327630261425e-06
LSTM,enron,pr,1.0,0.7400236127508855,5.528360816242639e-06
LSTM,enron,pr,1.0,0.7401983939537081,5.531514489121037e-06
LSTM,enron,pr,1.0,0.7403732577368297,5.540035544981947e-06
LSTM,enron,pr,1.0,0.7405482041587902,5.546992269955808e-06
LSTM,enron,pr,1.0,0.7407232332781848,5.547537512029521e-06
LSTM,enron,pr,1.0,0.7408983451536643,5.548759872908704e-06
LSTM,enron,pr,1.0,0.7412488174077578,5.551776666834485e-06
LSTM,enron,pr,1.0,0.7414241779039508,5.552549737330992e-06
LSTM,enron,pr,1.0,0.7415996213913867,5.554732069867896e-06
LSTM,enron,pr,1.0,0.7417751479289941,5.5572008932358585e-06
LSTM,enron,pr,1.0,0.7419507575757576,5.560826593864476e-06
LSTM,enron,pr,1.0,0.7421264503907175,5.564535058510955e-06
LSTM,enron,pr,1.0,0.7423022264329702,5.577716819971101e-06
LSTM,enron,pr,1.0,0.7424780857616678,5.582272024184931e-06
LSTM,enron,pr,1.0,0.7426540284360189,5.584343398368219e-06
LSTM,enron,pr,1.0,0.7428300545152879,5.584391146840062e-06
LSTM,enron,pr,1.0,0.7430061640587956,5.59190539206611e-06
LSTM,enron,pr,1.0,0.7431823571259188,5.598879852186656e-06
LSTM,enron,pr,1.0,0.7433586337760911,5.600279109785333e-06
LSTM,enron,pr,1.0,0.7435349940688019,5.6010430853348225e-06
LSTM,enron,pr,1.0,0.7437114380635975,5.602506462309975e-06
LSTM,enron,pr,1.0,0.7438879658200807,5.605098522210028e-06
LSTM,enron,pr,1.0,0.7440645773979108,5.606055765383644e-06
LSTM,enron,pr,1.0,0.7442412728568036,5.607044840871822e-06
LSTM,enron,pr,1.0,0.744418052256532,5.6086651056830306e-06
LSTM,enron,pr,1.0,0.7445949156569256,5.610741027339827e-06
LSTM,enron,pr,1.0,0.7447718631178707,5.61653905606363e-06
LSTM,enron,pr,1.0,0.7449488946993107,5.619469447992742e-06
LSTM,enron,pr,1.0,0.7451260104612458,5.620503998216009e-06
LSTM,enron,pr,1.0,0.7453032104637336,5.621667241939576e-06
LSTM,enron,pr,1.0,0.7454804947668887,5.623597644444089e-06
LSTM,enron,pr,1.0,0.7456578634308827,5.624445293506142e-06
LSTM,enron,pr,1.0,0.7458353165159448,5.626591246254975e-06
LSTM,enron,pr,1.0,0.7460128540823613,5.6289204621862154e-06
LSTM,enron,pr,1.0,0.7461904761904762,5.641764346364653e-06
LSTM,enron,pr,1.0,0.7463681829006906,5.641828920488479e-06
LSTM,enron,pr,1.0,0.7465459742734636,5.6427547860948835e-06
LSTM,enron,pr,1.0,0.7467238503693114,5.6445092013746034e-06
LSTM,enron,pr,1.0,0.7469018112488084,5.6468243201379664e-06
LSTM,enron,pr,1.0,0.7470798569725864,5.65008895136998e-06
LSTM,enron,pr,1.0,0.7472579876013352,5.660077022184851e-06
LSTM,enron,pr,1.0,0.7474362031958025,5.663910087605473e-06
LSTM,enron,pr,1.0,0.7476145038167938,5.664785476255929e-06
LSTM,enron,pr,1.0,0.747792889525173,5.666536253556842e-06
LSTM,enron,pr,1.0,0.7479713603818616,5.666903689416358e-06
LSTM,enron,pr,1.0,0.7481499164478396,5.668071025866084e-06
LSTM,enron,pr,1.0,0.7483285577841452,5.67053666600259e-06
LSTM,enron,pr,1.0,0.7485072844518749,5.672288807545556e-06
LSTM,enron,pr,1.0,0.7486860965121834,5.678318302670959e-06
LSTM,enron,pr,1.0,0.7492230456610088,5.681124093825929e-06
LSTM,enron,pr,1.0,0.749402199904352,5.681178208760684e-06
LSTM,enron,pr,1.0,0.7495814398469266,5.684364623448346e-06
LSTM,enron,pr,1.0,0.7497607655502392,5.690515536116436e-06
LSTM,enron,pr,1.0,0.7499401770758555,5.691264505003346e-06
LSTM,enron,pr,1.0,0.7501196744853997,5.692898412235081e-06
LSTM,enron,pr,1.0,0.7502992578405554,5.694945684808772e-06
LSTM,enron,pr,1.0,0.7504789272030651,5.696748758055037e-06
LSTM,enron,pr,1.0,0.7506586826347306,5.696890184481163e-06
LSTM,enron,pr,1.0,0.7508385241974126,5.702178896171972e-06
LSTM,enron,pr,1.0,0.7510184519530314,5.70324482396245e-06
LSTM,enron,pr,1.0,0.7511984659635667,5.703554961655755e-06
LSTM,enron,pr,1.0,0.7513785662910573,5.704855084331939e-06
LSTM,enron,pr,1.0,0.7515587529976019,5.706172032660106e-06
LSTM,enron,pr,1.0,0.7517390261453586,5.7090946938842535e-06
LSTM,enron,pr,1.0,0.7519193857965452,5.719678028981434e-06
LSTM,enron,pr,1.0,0.7520998320134389,5.722013156628236e-06
LSTM,enron,pr,1.0,0.7522803648583773,5.733965735998936e-06
LSTM,enron,pr,1.0,0.7524609843937575,5.736054845328908e-06
LSTM,enron,pr,1.0,0.7526416906820365,5.738068466598634e-06
LSTM,enron,pr,1.0,0.7528224837857315,5.740794222219847e-06
LSTM,enron,pr,1.0,0.7530033637674195,5.741806944570271e-06
LSTM,enron,pr,1.0,0.753184330689738,5.743181645812001e-06
LSTM,enron,pr,1.0,0.7533653846153846,5.744228019466391e-06
LSTM,enron,pr,1.0,0.7535465256071171,5.744934696849668e-06
LSTM,enron,pr,1.0,0.7539090690401732,5.745159342041006e-06
LSTM,enron,pr,1.0,0.7540904716073147,5.746205715695396e-06
LSTM,enron,pr,1.0,0.7542719614921781,5.746452643506927e-06
LSTM,enron,pr,1.0,0.7544535387578238,5.75070134800626e-06
LSTM,enron,pr,1.0,0.754635203467373,5.752873676101444e-06
LSTM,enron,pr,1.0,0.7548169556840078,5.755277015850879e-06
LSTM,enron,pr,1.0,0.7549987954709708,5.756287009717198e-06
LSTM,enron,pr,1.0,0.7551807228915662,5.760603471571812e-06
LSTM,enron,pr,1.0,0.7553627380091589,5.764559773524525e-06
LSTM,enron,pr,1.0,0.7555448408871746,5.765175501437625e-06
LSTM,enron,pr,1.0,0.7557270315891006,5.773010343546048e-06
LSTM,enron,pr,1.0,0.7559093101784853,5.777460501121823e-06
LSTM,enron,pr,1.0,0.7560916767189385,5.780337687610881e-06
LSTM,enron,pr,1.0,0.7562741312741312,5.783899268863024e-06
LSTM,enron,pr,1.0,0.7564566739077963,5.784489530924475e-06
LSTM,enron,pr,1.0,0.7566393046837276,5.787756435893243e-06
LSTM,enron,pr,1.0,0.7568220236657812,5.794737262476701e-06
LSTM,enron,pr,1.0,0.7570048309178744,5.803425210615387e-06
LSTM,enron,pr,1.0,0.7571877265039865,5.810480615764391e-06
LSTM,enron,pr,1.0,0.7573707104881585,5.813063580717426e-06
LSTM,enron,pr,1.0,0.7575537829344936,5.8155642363999505e-06
LSTM,enron,pr,1.0,0.7577369439071566,5.815569693368161e-06
LSTM,enron,pr,1.0,0.7579201934703749,5.817572400701465e-06
LSTM,enron,pr,1.0,0.7581035316884374,5.817588771606097e-06
LSTM,enron,pr,1.0,0.7582869586256956,5.817777491756715e-06
LSTM,enron,pr,1.0,0.7584704743465635,5.824333584314445e-06
LSTM,enron,pr,1.0,0.7586540789155168,5.829351721331477e-06
LSTM,enron,pr,1.0,0.7590215548558973,5.829918791278033e-06
LSTM,enron,pr,1.0,0.7592054263565892,5.830157988384599e-06
LSTM,enron,pr,1.0,0.7593893869638962,5.830174359289231e-06
LSTM,enron,pr,1.0,0.7595734367426078,5.832777333125705e-06
LSTM,enron,pr,1.0,0.7597575757575757,5.833861905557569e-06
LSTM,enron,pr,1.0,0.7599418040737148,5.8354703469376545e-06
LSTM,enron,pr,1.0,0.7601261217560029,5.8387990975461435e-06
LSTM,enron,pr,1.0,0.7603105288694808,5.83897190153948e-06
LSTM,enron,pr,1.0,0.7604950254792526,5.850906291016145e-06
LSTM,enron,pr,1.0,0.7606796116504855,5.851877176610287e-06
LSTM,enron,pr,1.0,0.7608642874484098,5.853239144926192e-06
LSTM,enron,pr,1.0,0.7610490529383196,5.853501079400303e-06
LSTM,enron,pr,1.0,0.761233908185572,5.857080850546481e-06
LSTM,enron,pr,1.0,0.761418853255588,5.857337782799732e-06
LSTM,enron,pr,1.0,0.7616038882138517,5.8576561059453525e-06
LSTM,enron,pr,1.0,0.7617890131259115,5.8594105212250724e-06
LSTM,enron,pr,1.0,0.761974228057379,5.8595946939021815e-06
LSTM,enron,pr,1.0,0.7621595330739299,5.862747457285877e-06
LSTM,enron,pr,1.0,0.7623449282413038,5.865028924745275e-06
LSTM,enron,pr,1.0,0.7625304136253042,5.872887413715944e-06
LSTM,enron,pr,1.0,0.7627159892917985,5.879466243641218e-06
LSTM,enron,pr,1.0,0.7629016553067186,5.880665867152857e-06
LSTM,enron,pr,1.0,0.7630874117360604,5.884110578335822e-06
LSTM,enron,pr,1.0,0.763273258645884,5.884312486159615e-06
LSTM,enron,pr,1.0,0.7634591961023143,5.885519385628868e-06
LSTM,enron,pr,1.0,0.76364522417154,5.886226517759496e-06
LSTM,enron,pr,1.0,0.7638313429198148,5.8911123232974205e-06
LSTM,enron,pr,1.0,0.7640175524134568,5.8936357163474895e-06
LSTM,enron,pr,1.0,0.764203852718849,5.898235031054355e-06
LSTM,enron,pr,1.0,0.764390243902439,5.900097221456235e-06
LSTM,enron,pr,1.0,0.7645767260307392,5.903743840462994e-06
LSTM,enron,pr,1.0,0.764763299170327,5.908864295633975e-06
LSTM,enron,pr,1.0,0.7649499633878447,5.910825620958349e-06
LSTM,enron,pr,1.0,0.76513671875,5.91253956372384e-06
LSTM,enron,pr,1.0,0.7653235653235653,5.924883680563653e-06
LSTM,enron,pr,1.0,0.7655105031753786,5.926025096414378e-06
LSTM,enron,pr,1.0,0.7656975323723431,5.926674930378795e-06
LSTM,enron,pr,1.0,0.7658846529814272,5.930327461101115e-06
LSTM,enron,pr,1.0,0.7660718650696651,5.936245997872902e-06
LSTM,enron,pr,1.0,0.7662591687041564,5.939224593021208e-06
LSTM,enron,pr,1.0,0.7664465639520666,5.942006737313932e-06
LSTM,enron,pr,1.0,0.7666340508806262,5.942652478552191e-06
LSTM,enron,pr,1.0,0.7836959239809953,5.942663847235963e-06
LSTM,enron,pr,1.0,0.784677015523285,5.943735231994651e-06
LSTM,enron,pr,1.0,0.7848735286751816,5.945214979874436e-06
LSTM,enron,pr,1.0,0.7850701402805611,5.949599199084332e-06
LSTM,enron,pr,1.0,0.7852668504134303,5.951545517746126e-06
LSTM,enron,pr,1.0,0.7854636591478696,5.955605502094841e-06
LSTM,enron,pr,1.0,0.7856605665580346,5.962800059933215e-06
LSTM,enron,pr,1.0,0.7858575727181545,5.964199317531893e-06
LSTM,enron,pr,1.0,0.7860546777025332,5.967817742202897e-06
LSTM,enron,pr,1.0,0.7862518815855494,5.9686431086447556e-06
LSTM,enron,pr,1.0,0.7864491844416562,5.97203097640886e-06
LSTM,enron,pr,1.0,0.7866465863453815,5.97476537222974e-06
LSTM,enron,pr,1.0,0.7868440873713282,5.97743292019004e-06
LSTM,enron,pr,1.0,0.7870416875941738,5.9777635215141345e-06
LSTM,enron,pr,1.0,0.7872393870886711,5.980985406495165e-06
LSTM,enron,pr,1.0,0.7874371859296483,5.988347766106017e-06
LSTM,enron,pr,1.0,0.787635084192008,5.9988992688886356e-06
LSTM,enron,pr,1.0,0.787833081950729,5.999762834107969e-06
LSTM,enron,pr,1.0,0.788031179280865,6.0014226619387046e-06
LSTM,enron,pr,1.0,0.7882293762575453,6.001456767990021e-06
LSTM,enron,pr,1.0,0.7884276729559748,6.0047432270948775e-06
LSTM,enron,pr,1.0,0.7886260694514343,6.010896413499722e-06
LSTM,enron,pr,1.0,0.7888245658192802,6.012972335156519e-06
LSTM,enron,pr,1.0,0.7890231621349446,6.013121037540259e-06
LSTM,enron,pr,1.0,0.789221858473936,6.015071448928211e-06
LSTM,enron,pr,1.0,0.7894206549118388,6.018422482156893e-06
LSTM,enron,pr,1.0,0.7896195515243134,6.024727099429583e-06
LSTM,enron,pr,1.0,0.7898185483870968,6.024893536960008e-06
LSTM,enron,pr,1.0,0.7900176455760021,6.0365978242771234e-06
LSTM,enron,pr,1.0,0.7902168431669188,6.038405444996897e-06
LSTM,enron,pr,1.0,0.7904161412358134,6.054251116438536e-06
LSTM,enron,pr,1.0,0.7906155398587286,6.056000984244747e-06
LSTM,enron,pr,1.0,0.790815039111784,6.056618985894602e-06
LSTM,enron,pr,1.0,0.7910146390711762,6.056861366232624e-06
LSTM,enron,pr,1.0,0.7912143398131785,6.059438419470098e-06
LSTM,enron,pr,1.0,0.7914141414141415,6.060790838091634e-06
LSTM,enron,pr,1.0,0.7916140439504925,6.0656884670606814e-06
LSTM,enron,pr,1.0,0.7918140474987367,6.067059530323604e-06
LSTM,enron,pr,1.0,0.7920141521354561,6.073740223655477e-06
LSTM,enron,pr,1.0,0.7922143579373104,6.075107648939593e-06
LSTM,enron,pr,1.0,0.7924146649810366,6.07679385211668e-06
LSTM,enron,pr,1.0,0.7926150733434497,6.080149887566222e-06
LSTM,enron,pr,1.0,0.792815583101442,6.086090706958203e-06
LSTM,enron,pr,1.0,0.7930161943319838,6.086851044528885e-06
LSTM,enron,pr,1.0,0.7932169071121236,6.087605925131356e-06
LSTM,enron,pr,1.0,0.7934177215189874,6.088023837946821e-06
LSTM,enron,pr,1.0,0.7936186376297797,6.0910379033884965e-06
LSTM,enron,pr,1.0,0.7938196555217831,6.0962211136939e-06
LSTM,enron,pr,1.0,0.7940207752723587,6.1012115111225285e-06
LSTM,enron,pr,1.0,0.7942219969589458,6.109986316005234e-06
LSTM,enron,pr,1.0,0.7944233206590621,6.111559741839301e-06
LSTM,enron,pr,1.0,0.7946247464503042,6.1122418628656305e-06
LSTM,enron,pr,1.0,0.7948262744103475,6.112807113822782e-06
LSTM,enron,pr,1.0,0.7950279046169457,6.113226845627651e-06
LSTM,enron,pr,1.0,0.795229637147932,6.116662007116247e-06
LSTM,enron,pr,1.0,0.7954314720812182,6.124799256213009e-06
LSTM,enron,pr,1.0,0.7956334094947957,6.12724124948727e-06
LSTM,enron,pr,1.0,0.7958354494667343,6.1341870605247095e-06
LSTM,enron,pr,1.0,0.7960375920751841,6.134795512480196e-06
LSTM,enron,pr,1.0,0.796239837398374,6.135842795629287e-06
LSTM,enron,pr,1.0,0.7964421855146124,6.145053248474142e-06
LSTM,enron,pr,1.0,0.7966446365022878,6.149614364403533e-06
LSTM,enron,pr,1.0,0.7968471904398677,6.1532164181699045e-06
LSTM,enron,pr,1.0,0.7970498474059003,6.1568089222419076e-06
LSTM,enron,pr,1.0,0.7972526074790129,6.163529633340659e-06
LSTM,enron,pr,1.0,0.7974554707379135,6.177912382554496e-06
LSTM,enron,pr,1.0,0.7976584372613896,6.184267022035783e-06
LSTM,enron,pr,1.0,0.7978615071283096,6.185352503962349e-06
LSTM,enron,pr,1.0,0.7980646804176216,6.192411092342809e-06
LSTM,enron,pr,1.0,0.7982679572083545,6.199040399224032e-06
LSTM,enron,pr,1.0,0.7984713375796179,6.199401013873285e-06
LSTM,enron,pr,1.0,0.7986748216106014,6.2064109442871995e-06
LSTM,enron,pr,1.0,0.7988784093805761,6.206470061442815e-06
LSTM,enron,pr,1.0,0.7990821009688934,6.208654667716473e-06
LSTM,enron,pr,1.0,0.7992858964549859,6.219042916200124e-06
LSTM,enron,pr,1.0,0.7994897959183673,6.22031848251936e-06
LSTM,enron,pr,1.0,0.7996937994386323,6.231914539966965e-06
LSTM,enron,pr,1.0,0.7998979070954568,6.234411557670683e-06
LSTM,enron,pr,1.0,0.8003064351378958,6.234423381101806e-06
LSTM,enron,pr,1.0,0.8009200102223358,6.2370636442210525e-06
LSTM,enron,pr,1.0,0.8011247443762781,6.243419647944393e-06
LSTM,enron,pr,1.0,0.8013295832267963,6.2438125496555585e-06
LSTM,enron,pr,1.0,0.80153452685422,6.244562882784521e-06
LSTM,enron,pr,1.0,0.8017395753389613,6.24459289610968e-06
LSTM,enron,pr,1.0,0.8019447287615148,6.254778782022186e-06
LSTM,enron,pr,1.0,0.8021499872024571,6.2586323110735975e-06
LSTM,enron,pr,1.0,0.8023553507424476,6.263958766794531e-06
LSTM,enron,pr,1.0,0.8025608194622279,6.267197477427544e-06
LSTM,enron,pr,1.0,0.8027663934426229,6.269385266932659e-06
LSTM,enron,pr,1.0,0.8029720727645401,6.2699714362679515e-06
LSTM,enron,pr,1.0,0.8031778575089698,6.273099188547349e-06
LSTM,enron,pr,1.0,0.8033837477569854,6.277402462728787e-06
LSTM,enron,pr,1.0,0.8035897435897436,6.278060936892871e-06
LSTM,enron,pr,1.0,0.8037958450884842,6.2814146986056585e-06
LSTM,enron,pr,1.0,0.8040020523345305,6.300342647591606e-06
LSTM,enron,pr,1.0,0.8042083654092892,6.307232069957536e-06
LSTM,enron,pr,1.0,0.8044147843942505,6.311709057627013e-06
LSTM,enron,pr,1.0,0.8046213093709884,6.311937795544509e-06
LSTM,enron,pr,1.0,0.8048279404211608,6.312955065368442e-06
LSTM,enron,pr,1.0,0.8050346776265092,6.3142674662231e-06
LSTM,enron,pr,1.0,0.8052415210688592,6.319231488305377e-06
LSTM,enron,pr,1.0,0.8054484708301208,6.329303687380161e-06
LSTM,enron,pr,1.0,0.8056555269922879,6.339766969176708e-06
LSTM,enron,pr,1.0,0.8058626896374389,6.342228516587056e-06
LSTM,enron,pr,1.0,0.8060699588477366,6.343619588733418e-06
LSTM,enron,pr,1.0,0.8062773347054284,6.350792773446301e-06
LSTM,enron,pr,1.0,0.8064848172928462,6.352791842800798e-06
LSTM,enron,pr,1.0,0.8066924066924067,6.354306606226601e-06
LSTM,enron,pr,1.0,0.8069001029866117,6.356428002618486e-06
LSTM,enron,pr,1.0,0.8071079062580478,6.357900929288007e-06
LSTM,enron,pr,1.0,0.8073158165893869,6.3695838434796315e-06
LSTM,enron,pr,1.0,0.8075238340633857,6.370968549163081e-06
LSTM,enron,pr,1.0,0.8077319587628866,6.374335498549044e-06
LSTM,enron,pr,1.0,0.8079401907708172,6.385822416632436e-06
LSTM,enron,pr,1.0,0.8081485301701908,6.3879238041408826e-06
LSTM,enron,pr,1.0,0.8083569770441063,6.388703695847653e-06
LSTM,enron,pr,1.0,0.8085655314757482,6.401285190804629e-06
LSTM,enron,pr,1.0,0.8087741935483871,6.406103693734622e-06
LSTM,enron,pr,1.0,0.8089829633453794,6.4072219174704514e-06
LSTM,enron,pr,1.0,0.8091918409501678,6.416345058823936e-06
LSTM,enron,pr,1.0,0.809400826446281,6.4324831328121945e-06
LSTM,enron,pr,1.0,0.809609919917334,6.4324954109906685e-06
LSTM,enron,pr,1.0,0.8098191214470284,6.4369814936071634e-06
LSTM,enron,pr,1.0,0.8100284311191522,6.446841780416435e-06
LSTM,enron,pr,1.0,0.8102378490175801,6.451879016822204e-06
LSTM,enron,pr,1.0,0.8104473752262736,6.452408342738636e-06
LSTM,enron,pr,1.0,0.8106570098292809,6.457554718508618e-06
LSTM,enron,pr,1.0,0.8108667529107374,6.460049462475581e-06
LSTM,enron,pr,1.0,0.8110766045548654,6.460234089900041e-06
LSTM,enron,pr,1.0,0.8112865648459746,6.467390448960941e-06
LSTM,enron,pr,1.0,0.8114966338684619,6.46945727567072e-06
LSTM,enron,pr,1.0,0.8117068117068117,6.469543222920038e-06
LSTM,enron,pr,1.0,0.8119170984455959,6.475777809100691e-06
LSTM,enron,pr,1.0,0.8121274941694739,6.479620424215682e-06
LSTM,enron,pr,1.0,0.8123379989631934,6.4854134507186245e-06
LSTM,enron,pr,1.0,0.8125486129115893,6.486996880994411e-06
LSTM,enron,pr,1.0,0.8127593360995851,6.495471552625531e-06
LSTM,enron,pr,1.0,0.812970168612192,6.502759788418189e-06
LSTM,enron,pr,1.0,0.8131811105345096,6.524638138216687e-06
LSTM,enron,pr,1.0,0.8133921619517259,6.528709036501823e-06
LSTM,enron,pr,1.0,0.8136033229491173,6.528764970425982e-06
LSTM,enron,pr,1.0,0.8138145936120488,6.5290391830785666e-06
LSTM,enron,pr,1.0,0.814025974025974,6.533311989187496e-06
LSTM,enron,pr,1.0,0.8142374642764354,6.535673946928e-06
LSTM,enron,pr,1.0,0.8144490644490644,6.546471922774799e-06
LSTM,enron,pr,1.0,0.8146607746295815,6.548108103743289e-06
LSTM,enron,pr,1.0,0.8148725949037962,6.553874300152529e-06
LSTM,enron,pr,1.0,0.8150845253576073,6.558625955221942e-06
LSTM,enron,pr,1.0,0.8152965660770031,6.563956958416384e-06
LSTM,enron,pr,1.0,0.8155087171480614,6.572651727765333e-06
LSTM,enron,pr,1.0,0.8157209786569495,6.582381047337549e-06
LSTM,enron,pr,1.0,0.8159333506899245,6.594098977075191e-06
LSTM,enron,pr,1.0,0.8161458333333333,6.600151209568139e-06
LSTM,enron,pr,1.0,0.8163584266736129,6.608137482544407e-06
LSTM,enron,pr,1.0,0.8165711307972903,6.614429821638623e-06
LSTM,enron,pr,1.0,0.8167839457909826,6.6188144955958705e-06
LSTM,enron,pr,1.0,0.8169968717413972,6.627903985645389e-06
LSTM,enron,pr,1.0,0.8172099087353325,6.635885711148148e-06
LSTM,enron,pr,1.0,0.8174230568596765,6.644073437200859e-06
LSTM,enron,pr,1.0,0.8176363162014089,6.650755040027434e-06
LSTM,enron,pr,1.0,0.8178496868475992,6.684099389531184e-06
LSTM,enron,pr,1.0,0.8180631688854085,6.69725022817147e-06
LSTM,enron,pr,1.0,0.8182767624020888,6.711892183375312e-06
LSTM,enron,pr,1.0,0.818490467484983,6.71518955641659e-06
LSTM,enron,pr,1.0,0.8187042842215256,6.734448561473982e-06
LSTM,enron,pr,1.0,0.8189182126992423,6.73709428156144e-06
LSTM,enron,pr,1.0,0.8191322530057501,6.744519396306714e-06
LSTM,enron,pr,1.0,0.8193464052287581,6.754425612598425e-06
LSTM,enron,pr,1.0,0.819560669456067,6.75479259371059e-06
LSTM,enron,pr,1.0,0.8199895342752486,6.756358288839692e-06
LSTM,enron,pr,1.0,0.8202041350431825,6.7931982812297065e-06
LSTM,enron,pr,1.0,0.8204188481675393,6.795116405555746e-06
LSTM,enron,pr,1.0,0.8206336737365802,6.798059075663332e-06
LSTM,enron,pr,1.0,0.820848611838659,6.8117910814180505e-06
LSTM,enron,pr,1.0,0.8210636625622216,6.8260656007623766e-06
LSTM,enron,pr,1.0,0.8212788259958071,6.836684860900277e-06
LSTM,enron,pr,1.0,0.8214941022280472,6.85977101966273e-06
LSTM,enron,pr,1.0,0.8217094913476665,6.864391252747737e-06
LSTM,enron,pr,1.0,0.8219249934434828,6.877574833197286e-06
LSTM,enron,pr,1.0,0.8221406086044072,6.880809451104142e-06
LSTM,enron,pr,1.0,0.8223563369194438,6.896753802720923e-06
LSTM,enron,pr,1.0,0.8225721784776903,6.9082871050341055e-06
LSTM,enron,pr,1.0,0.8227881333683381,6.9492816692218184e-06
LSTM,enron,pr,1.0,0.8230042016806722,6.959880010981578e-06
LSTM,enron,pr,1.0,0.8232203835040715,6.963465239095967e-06
LSTM,enron,pr,1.0,0.8234366789280084,6.973958534217672e-06
LSTM,enron,pr,1.0,0.82365308804205,6.9767856984981336e-06
LSTM,enron,pr,1.0,0.823869610935857,6.982403647270985e-06
LSTM,enron,pr,1.0,0.8240862476991848,6.982563263591146e-06
LSTM,enron,pr,1.0,0.8243029984218833,7.01132330505061e-06
LSTM,enron,pr,1.0,0.8245198631938964,7.047644430713262e-06
LSTM,enron,pr,1.0,0.8247368421052632,7.049385203572456e-06
LSTM,enron,pr,1.0,0.8249539352461174,7.058372830215376e-06
LSTM,enron,pr,1.0,0.8251711427066877,7.108435056579765e-06
LSTM,enron,pr,1.0,0.8253884645772979,7.11284928911482e-06
LSTM,enron,pr,1.0,0.8256059009483667,7.1170361479744315e-06
LSTM,enron,pr,1.0,0.8258234519104084,7.120858299458632e-06
LSTM,enron,pr,1.0,0.8260411175540326,7.148094937292626e-06
LSTM,enron,pr,1.0,0.8262588979699447,7.1524591476190835e-06
LSTM,enron,pr,1.0,0.8264767932489452,7.170844128268072e-06
LSTM,enron,pr,1.0,0.8266948034819309,7.184301921370206e-06
LSTM,enron,pr,1.0,0.8269129287598944,7.191060376499081e-06
LSTM,enron,pr,1.0,0.8271311691739245,7.194380486907903e-06
LSTM,enron,pr,1.0,0.827349524815206,7.200489562819712e-06
LSTM,enron,pr,1.0,0.8275679957750198,7.2265333983523306e-06
LSTM,enron,pr,1.0,0.8277865821447438,7.2406205617880914e-06
LSTM,enron,pr,1.0,0.828005284015852,7.2829207056201994e-06
LSTM,enron,pr,1.0,0.8282241014799154,7.288332653843099e-06
LSTM,enron,pr,1.0,0.8284430346286017,7.290592293429654e-06
LSTM,enron,pr,1.0,0.8286620835536753,7.323218596866354e-06
LSTM,enron,pr,1.0,0.8288812483469982,7.32776652512257e-06
LSTM,enron,pr,1.0,0.8291005291005291,7.331142569455551e-06
LSTM,enron,pr,1.0,0.8293199259063244,7.3468895607220475e-06
LSTM,enron,pr,1.0,0.8295394388565378,7.378078407782596e-06
LSTM,enron,pr,1.0,0.8297590680434207,7.3854844231391326e-06
LSTM,enron,pr,1.0,0.829978813559322,7.3927144512708765e-06
LSTM,enron,pr,1.0,0.8301986754966887,7.4072736424568575e-06
LSTM,enron,pr,1.0,0.8304186539480657,7.408269539155299e-06
LSTM,enron,pr,1.0,0.8306387490060959,7.410375474137254e-06
LSTM,enron,pr,1.0,0.8308589607635207,7.417318101943238e-06
LSTM,enron,pr,1.0,0.8310792893131795,7.4174031396978535e-06
LSTM,enron,pr,1.0,0.8312997347480106,7.429757260979386e-06
LSTM,enron,pr,1.0,0.8315202971610507,7.454462320310995e-06
LSTM,enron,pr,1.0,0.8317409766454352,7.454782007698668e-06
LSTM,enron,pr,1.0,0.8319617732943987,7.463994734280277e-06
LSTM,enron,pr,1.0,0.8321826872012745,7.474957783415448e-06
LSTM,enron,pr,1.0,0.8324037184594953,7.525161436205963e-06
LSTM,enron,pr,1.0,0.832624867162593,7.570335583295673e-06
LSTM,enron,pr,1.0,0.8328461334041988,7.577855285489932e-06
LSTM,enron,pr,1.0,0.8330675172780436,7.581852514704224e-06
LSTM,enron,pr,1.0,0.833289018877958,7.5878492680203635e-06
LSTM,enron,pr,1.0,0.8335106382978723,7.598501269967528e-06
LSTM,enron,pr,1.0,0.833732375631817,7.6035462370782625e-06
LSTM,enron,pr,1.0,0.8339542309739223,7.60466309657204e-06
LSTM,enron,pr,1.0,0.834176204418419,7.6122455539007206e-06
LSTM,enron,pr,1.0,0.8343982960596379,7.615375125169521e-06
LSTM,enron,pr,1.0,0.8346205059920107,7.624473255418707e-06
LSTM,enron,pr,1.0,0.8348428343100692,7.649674444110133e-06
LSTM,enron,pr,1.0,0.8350652811084466,7.656411071366165e-06
LSTM,enron,pr,1.0,0.8352878464818764,7.660624760319479e-06
LSTM,enron,pr,1.0,0.8357333333333333,7.662393727514427e-06
LSTM,enron,pr,1.0,0.8359562550013336,7.727019692538306e-06
LSTM,enron,pr,1.0,0.836179295624333,7.742281013634056e-06
LSTM,enron,pr,1.0,0.8364024552975714,7.745989023533184e-06
LSTM,enron,pr,1.0,0.8366257341163909,7.761532287986483e-06
LSTM,enron,pr,1.0,0.836849132176235,7.803868356859311e-06
LSTM,enron,pr,1.0,0.8370726495726496,7.863873179303482e-06
LSTM,enron,pr,1.0,0.8372962864012824,7.870326044212561e-06
LSTM,enron,pr,1.0,0.8375200427578835,7.88941360951867e-06
LSTM,enron,pr,1.0,0.8377439187383052,7.89643672760576e-06
LSTM,enron,pr,1.0,0.8379679144385027,7.922504664747976e-06
LSTM,enron,pr,1.0,0.8381920299545333,7.9334440670209e-06
LSTM,enron,pr,1.0,0.8384162653825575,7.94155948824482e-06
LSTM,enron,pr,1.0,0.8386406208188386,7.943362106743734e-06
LSTM,enron,pr,1.0,0.838865096359743,7.943953278299887e-06
LSTM,enron,pr,1.0,0.8390896921017403,7.949022801767569e-06
LSTM,enron,pr,1.0,0.8393144081414033,7.949288374220487e-06
LSTM,enron,pr,1.0,0.8395392445754085,8.00645739218453e-06
LSTM,enron,pr,1.0,0.8397642015005359,8.016221727302764e-06
LSTM,enron,pr,1.0,0.8399892790136693,8.062204869929701e-06
LSTM,enron,pr,1.0,0.8402144772117962,8.090858500509057e-06
LSTM,enron,pr,1.0,0.8404397961920086,8.093590622593183e-06
LSTM,enron,pr,1.0,0.8406652360515021,8.101034836727194e-06
LSTM,enron,pr,1.0,0.8408907968875772,8.10806068329839e-06
LSTM,enron,pr,1.0,0.8433799784714747,8.156703188433312e-06
LSTM,enron,pr,1.0,0.8436069986541049,8.16894771560328e-06
LSTM,enron,pr,1.0,0.843834141087776,8.181608791346662e-06
LSTM,enron,pr,1.0,0.8440614058712631,8.19149317976553e-06
LSTM,enron,pr,1.0,0.8442887931034483,8.212362445192412e-06
LSTM,enron,pr,1.0,0.8445163028833199,8.231887477450073e-06
LSTM,enron,pr,1.0,0.8449716904826099,8.239764611062128e-06
LSTM,enron,pr,1.0,0.8451995685005393,8.241390787588898e-06
LSTM,enron,pr,1.0,0.8454275694631778,8.248483936768025e-06
LSTM,enron,pr,1.0,0.8456556934700485,8.254936801677104e-06
LSTM,enron,pr,1.0,0.8458839406207828,8.292787242680788e-06
LSTM,enron,pr,1.0,0.8461123110151187,8.381230145459995e-06
LSTM,enron,pr,1.0,0.8463408047529031,8.426536624028813e-06
LSTM,enron,pr,1.0,0.8465694219340897,8.42717145133065e-06
LSTM,enron,pr,1.0,0.8467981626587409,8.466037797916215e-06
LSTM,enron,pr,1.0,0.847027027027027,8.467046427540481e-06
LSTM,enron,pr,1.0,0.8472560151392268,8.474697096971795e-06
LSTM,enron,pr,1.0,0.8474851270957274,8.483705641992856e-06
LSTM,enron,pr,1.0,0.8477143629970246,8.486083970637992e-06
LSTM,enron,pr,1.0,0.8479437229437229,8.495282600051723e-06
LSTM,enron,pr,1.0,0.8481732070365359,8.508563951181713e-06
LSTM,enron,pr,1.0,0.8484028153762859,8.51669847179437e-06
LSTM,enron,pr,1.0,0.8486325480639046,8.580204848840367e-06
LSTM,enron,pr,1.0,0.8488624052004333,8.585451723774895e-06
LSTM,enron,pr,1.0,0.8490923868870225,8.605231414549053e-06
LSTM,enron,pr,1.0,0.8493224932249323,8.646163223602343e-06
LSTM,enron,pr,1.0,0.8495527243155326,8.653942131786607e-06
LSTM,enron,pr,1.0,0.8497830802603037,8.686926776135806e-06
LSTM,enron,pr,1.0,0.8500135611608354,8.732935384614393e-06
LSTM,enron,pr,1.0,0.850244167118828,8.761423487158027e-06
LSTM,enron,pr,1.0,0.8504748982360922,8.791453183221165e-06
LSTM,enron,pr,1.0,0.8507057546145494,8.799002898740582e-06
LSTM,enron,pr,1.0,0.8509367363562313,8.818760761641897e-06
LSTM,enron,pr,1.0,0.8511678435632808,8.882020665623713e-06
LSTM,enron,pr,1.0,0.8513990763379516,8.905845788831357e-06
LSTM,enron,pr,1.0,0.8516304347826087,8.93270771484822e-06
LSTM,enron,pr,1.0,0.8518619189997282,8.97980498848483e-06
LSTM,enron,pr,1.0,0.8520935290918977,8.981132850749418e-06
LSTM,enron,pr,1.0,0.8523252651618167,8.988999070425052e-06
LSTM,enron,pr,1.0,0.8525571273122959,9.04556509340182e-06
LSTM,enron,pr,1.0,0.8527891156462585,9.08771744434489e-06
LSTM,enron,pr,1.0,0.8530212302667393,9.111234248848632e-06
LSTM,enron,pr,1.0,0.8532534712768853,9.113303349295165e-06
LSTM,enron,pr,1.0,0.8534858387799564,9.125529686571099e-06
LSTM,enron,pr,1.0,0.8537183328793244,9.134933861787431e-06
LSTM,enron,pr,1.0,0.8539509536784741,9.190140190185048e-06
LSTM,enron,pr,1.0,0.854183701281003,9.191402568831109e-06
LSTM,enron,pr,1.0,0.8544165757906216,9.23147854337003e-06
LSTM,enron,pr,1.0,0.8546495773111535,9.329559361503925e-06
LSTM,enron,pr,1.0,0.8548827059465357,9.369735380460043e-06
LSTM,enron,pr,1.0,0.8551159618008185,9.39496840146603e-06
LSTM,enron,pr,1.0,0.855349344978166,9.407986908627208e-06
LSTM,enron,pr,1.0,0.8555828555828556,9.417250112164766e-06
LSTM,enron,pr,1.0,0.855816493719279,9.553369636705611e-06
LSTM,enron,pr,1.0,0.8560502594919421,9.580860933056101e-06
LSTM,enron,pr,1.0,0.8562841530054645,9.617247997084633e-06
LSTM,enron,pr,1.0,0.8565181743645804,9.646458238421474e-06
LSTM,enron,pr,1.0,0.8567523236741389,9.67900541581912e-06
LSTM,enron,pr,1.0,0.8569866010391031,9.697216228232719e-06
LSTM,enron,pr,1.0,0.8572210065645515,9.712117389426567e-06
LSTM,enron,pr,1.0,0.8574555403556772,9.720743037178181e-06
LSTM,enron,pr,1.0,0.8576902025177887,9.733868864714168e-06
LSTM,enron,pr,1.0,0.8579249931563099,9.78690786723746e-06
LSTM,enron,pr,1.0,0.8581599123767798,9.808557479118463e-06
LSTM,enron,pr,1.0,0.8583949602848535,9.851773938862607e-06
LSTM,enron,pr,1.0,0.8586301369863014,9.87007388175698e-06
LSTM,enron,pr,1.0,0.8588654425870101,9.887974556477275e-06
LSTM,enron,pr,1.0,0.8591008771929824,9.922387107508257e-06
LSTM,enron,pr,1.0,0.8593364409103372,9.957982001651544e-06
LSTM,enron,pr,1.0,0.85957213384531,9.981866242014803e-06
LSTM,enron,pr,1.0,0.8598079561042524,1.0007421224145219e-05
LSTM,enron,pr,1.0,0.8600439077936334,1.0078678315039724e-05
LSTM,enron,pr,1.0,0.8602799890200384,1.0081360414915252e-05
LSTM,enron,pr,1.0,0.8605161998901703,1.0086977454193402e-05
LSTM,enron,pr,1.0,0.8607525405108487,1.0093251148646232e-05
LSTM,enron,pr,1.0,0.860989010989011,1.013356632029172e-05
LSTM,enron,pr,1.0,0.8612256114317121,1.0175411262025591e-05
LSTM,enron,pr,1.0,0.8614623419461243,1.0182759979215916e-05
LSTM,enron,pr,1.0,0.861699202639538,1.0184051461692434e-05
LSTM,enron,pr,1.0,0.8619361936193619,1.0205342732660938e-05
LSTM,enron,pr,1.0,0.8621733149931224,1.0221199772786349e-05
LSTM,enron,pr,1.0,0.8624105668684645,1.0244973054795992e-05
LSTM,enron,pr,1.0,0.8626479493531517,1.0252253559883684e-05
LSTM,enron,pr,1.0,0.862885462555066,1.0268124242429622e-05
LSTM,enron,pr,1.0,0.8631231065822088,1.0270142411172856e-05
LSTM,enron,pr,1.0,0.8633608815426997,1.0345163900638e-05
LSTM,enron,pr,1.0,0.8635987875447781,1.0395285244158003e-05
LSTM,enron,pr,1.0,0.8638368246968027,1.0398418453405611e-05
LSTM,enron,pr,1.0,0.8640749931072512,1.0402336556580849e-05
LSTM,enron,pr,1.0,0.8643132928847215,1.0447301974636503e-05
LSTM,enron,pr,1.0,0.864551724137931,1.0488552106835414e-05
LSTM,enron,pr,1.0,0.8647902869757175,1.0602677321003284e-05
LSTM,enron,pr,1.0,0.8650289815070383,1.0619658496580087e-05
LSTM,enron,pr,1.0,0.8652678078409718,1.0705163731472567e-05
LSTM,enron,pr,1.0,0.8655067660867164,1.0745125109679066e-05
LSTM,enron,pr,1.0,0.8657458563535911,1.0760138138721231e-05
LSTM,enron,pr,1.0,0.8659850787510363,1.080775291484315e-05
LSTM,enron,pr,1.0,0.8662244333886125,1.0911669050983619e-05
LSTM,enron,pr,1.0,0.8664639203760022,1.0914624908764381e-05
LSTM,enron,pr,1.0,0.8667035398230089,1.1155164429510478e-05
LSTM,enron,pr,1.0,0.8669432918395574,1.1192599231435452e-05
LSTM,enron,pr,1.0,0.8671831765356945,1.1313413779134862e-05
LSTM,enron,pr,1.0,0.8674231940215887,1.132956640503835e-05
LSTM,enron,pr,1.0,0.8676633444075305,1.1341685421939474e-05
LSTM,enron,pr,1.0,0.8679036278039324,1.137780327553628e-05
LSTM,enron,pr,1.0,0.8681440443213296,1.138781135523459e-05
LSTM,enron,pr,1.0,0.8683845940703796,1.1398786227800883e-05
LSTM,enron,pr,1.0,0.8686252771618626,1.1422736861277372e-05
LSTM,enron,pr,1.0,0.8688660937066814,1.1504620488267392e-05
LSTM,enron,pr,1.0,0.8691070438158625,1.1547655049071182e-05
LSTM,enron,pr,1.0,0.8693481276005548,1.1588120287342463e-05
LSTM,enron,pr,1.0,0.8695893451720311,1.159934345196234e-05
LSTM,enron,pr,1.0,0.8698306966416874,1.1611970876401756e-05
LSTM,enron,pr,1.0,0.8700721821210439,1.1691175132000353e-05
LSTM,enron,pr,1.0,0.870313801721744,1.1706582881743088e-05
LSTM,enron,pr,1.0,0.8705555555555555,1.179246828542091e-05
LSTM,enron,pr,1.0,0.8707974437343706,1.1799668754974846e-05
LSTM,enron,pr,1.0,0.8710394663702057,1.181573770736577e-05
LSTM,enron,pr,1.0,0.8712816235752016,1.1861438906635158e-05
LSTM,enron,pr,1.0,0.871523915461624,1.187118141388055e-05
LSTM,enron,pr,1.0,0.8717663421418637,1.2213765330670867e-05
LSTM,enron,pr,1.0,0.8720089037284363,1.2253290151420515e-05
LSTM,enron,pr,1.0,0.8722516003339827,1.2305214113439433e-05
LSTM,enron,pr,1.0,0.8724944320712695,1.2326144315011334e-05
LSTM,enron,pr,1.0,0.8727373990531885,1.239387256646296e-05
LSTM,enron,pr,1.0,0.8729805013927576,1.246503961738199e-05
LSTM,enron,pr,1.0,0.8732237392031207,1.2508266991062555e-05
LSTM,enron,pr,1.0,0.8734671125975474,1.2647396033571567e-05
LSTM,enron,pr,1.0,0.873710621689434,1.2659957974392455e-05
LSTM,enron,pr,1.0,0.8739542665923034,1.2712937859760132e-05
LSTM,enron,pr,1.0,0.8741980474198048,1.2734038136841264e-05
LSTM,enron,pr,1.0,0.8744419642857143,1.2795014299626928e-05
LSTM,enron,pr,1.0,0.8746860173039352,1.2836334462917875e-05
LSTM,enron,pr,1.0,0.8749302065884981,1.2908936696476303e-05
LSTM,enron,pr,1.0,0.8751745322535605,1.3100932847009972e-05
LSTM,enron,pr,1.0,0.8754189944134079,1.326113851973787e-05
LSTM,enron,pr,1.0,0.8756635931824532,1.3447929632093292e-05
LSTM,enron,pr,1.0,0.8759083286752376,1.3455357475322671e-05
LSTM,enron,pr,1.0,0.87615320100643,1.3506140021490864e-05
LSTM,enron,pr,1.0,0.8763982102908278,1.3656534974870738e-05
LSTM,enron,pr,1.0,0.8766433566433567,1.3676059097633697e-05
LSTM,enron,pr,1.0,0.8768886401790711,1.3936458344687708e-05
LSTM,enron,pr,1.0,0.8771340610131542,1.4189064131642226e-05
LSTM,enron,pr,1.0,0.8773796192609182,1.4220098819350824e-05
LSTM,enron,pr,1.0,0.8776253150378045,1.4250439562601969e-05
LSTM,enron,pr,1.0,0.8778711484593837,1.425046593794832e-05
LSTM,enron,pr,1.0,0.8781171196413561,1.4278271919465624e-05
LSTM,enron,pr,1.0,0.8783632286995515,1.4317664863483515e-05
LSTM,enron,pr,1.0,0.8786094757499299,1.4355893654283136e-05
LSTM,enron,pr,1.0,0.878855860908581,1.4364096386998426e-05
LSTM,enron,pr,1.0,0.8791023842917252,1.4586622455681209e-05
LSTM,enron,pr,1.0,0.879595846197025,1.4600957911170553e-05
LSTM,enron,pr,1.0,0.879842784952274,1.4645274859503843e-05
LSTM,enron,pr,1.0,0.8800898623982027,1.4781295249122195e-05
LSTM,enron,pr,1.0,0.8803370786516854,1.4928768905519973e-05
LSTM,enron,pr,1.0,0.8805844338297274,1.513953975518234e-05
LSTM,enron,pr,1.0,0.880831928049466,1.5205852832878008e-05
LSTM,enron,pr,1.0,0.8810795614281698,1.5334484487539157e-05
LSTM,enron,pr,1.0,0.8813273340832396,1.5344154235208407e-05
LSTM,enron,pr,1.0,0.8815752461322082,1.5361929399659857e-05
LSTM,enron,pr,1.0,0.8818232976927406,1.536260242573917e-05
LSTM,enron,pr,1.0,0.8820714888826344,1.5394722140626982e-05
LSTM,enron,pr,1.0,0.8823198198198198,1.5424555385834537e-05
LSTM,enron,pr,1.0,0.8825682906223599,1.559533120598644e-05
LSTM,enron,pr,1.0,0.8828169014084507,1.570351560076233e-05
LSTM,enron,pr,1.0,0.8830656522964215,1.5716865163994953e-05
LSTM,enron,pr,1.0,0.883314543404735,1.5755313143017702e-05
LSTM,enron,pr,1.0,0.8835635748519876,1.5874053133302368e-05
LSTM,enron,pr,1.0,0.8840620592383639,1.5901461665634997e-05
LSTM,enron,pr,1.0,0.8843115124153499,1.6160049199243076e-05
LSTM,enron,pr,1.0,0.8845611064069997,1.6285284800687805e-05
LSTM,enron,pr,1.0,0.8848108413325805,1.6425003195763566e-05
LSTM,enron,pr,1.0,0.8858111927642736,1.6525636965525337e-05
LSTM,enron,pr,1.0,0.8860616341532372,1.6528174455743283e-05
LSTM,enron,pr,1.0,0.8863122171945701,1.69272898347117e-05
LSTM,enron,pr,1.0,0.8865629420084865,1.704690839687828e-05
LSTM,enron,pr,1.0,0.8868138087153368,1.717495615594089e-05
LSTM,enron,pr,1.0,0.8870648174356072,1.7202184608322568e-05
LSTM,enron,pr,1.0,0.8873159682899208,1.7522232155897655e-05
LSTM,enron,pr,1.0,0.8875672613990371,1.763564250722993e-05
LSTM,enron,pr,1.0,0.8878186968838527,1.7725613361108117e-05
LSTM,enron,pr,1.0,0.8880702748654009,1.8506654669181444e-05
LSTM,enron,pr,1.0,0.8883219954648526,1.8530285160522908e-05
LSTM,enron,pr,1.0,0.8885738588035157,1.867857099568937e-05
LSTM,enron,pr,1.0,0.8888258650028361,1.94257572729839e-05
LSTM,enron,pr,1.0,0.8893303064699205,1.9627559595392086e-05
LSTM,enron,pr,1.0,0.889582741981266,1.9831741155940108e-05
LSTM,enron,pr,1.0,0.8898353208404316,1.9919614715036005e-05
LSTM,enron,pr,1.0,0.8900880431695541,1.998827065108344e-05
LSTM,enron,pr,1.0,0.8903409090909091,1.998994775931351e-05
LSTM,enron,pr,1.0,0.8905939187269111,2.0033803593833e-05
LSTM,enron,pr,1.0,0.8908470722001137,2.0135665181442164e-05
LSTM,enron,pr,1.0,0.8911003696332102,2.021084765146952e-05
LSTM,enron,pr,1.0,0.891353811149033,2.0273722839192487e-05
LSTM,enron,pr,1.0,0.8916073968705548,2.0292873159633018e-05
LSTM,enron,pr,1.0,0.8926231842779835,2.0332252461230382e-05
LSTM,enron,pr,1.0,0.8928774928774929,2.057882556982804e-05
LSTM,enron,pr,1.0,0.8931319464234825,2.064510772470385e-05
LSTM,enron,pr,1.0,0.8933865450399088,2.0797842807951383e-05
LSTM,enron,pr,1.0,0.8938961779806047,2.091463284159545e-05
LSTM,enron,pr,1.0,0.8941512125534951,2.092354952765163e-05
LSTM,enron,pr,1.0,0.894406392694064,2.0962415874237195e-05
LSTM,enron,pr,1.0,0.8946617185269768,2.1196043235249817e-05
LSTM,enron,pr,1.0,0.8949171901770417,2.1585745344054885e-05
LSTM,enron,pr,1.0,0.8951728077692088,2.15993986785179e-05
LSTM,enron,pr,1.0,0.8954285714285715,2.19998892134754e-05
LSTM,enron,pr,1.0,0.8956844812803658,2.2015001377440058e-05
LSTM,enron,pr,1.0,0.8961967400629111,2.204748489020858e-05
LSTM,enron,pr,1.0,0.8964530892448512,2.231913458672352e-05
LSTM,enron,pr,1.0,0.8967095851216023,2.2670797989121638e-05
LSTM,enron,pr,1.0,0.8969662278191185,2.2907575839781202e-05
LSTM,enron,pr,1.0,0.8972230174634984,2.3235690605361015e-05
LSTM,enron,pr,1.0,0.8982516480366868,2.3537128072348423e-05
LSTM,enron,pr,1.0,0.8985091743119266,2.358392703172285e-05
LSTM,enron,pr,1.0,0.8987668482936622,2.399830009380821e-05
LSTM,enron,pr,1.0,0.8990246701090074,2.4395252694375813e-05
LSTM,enron,pr,1.0,0.8992826398852224,2.445297286612913e-05
LSTM,enron,pr,1.0,0.899540757749713,2.465072611812502e-05
LSTM,enron,pr,1.0,0.8997990238300316,2.49017211899627e-05
LSTM,enron,pr,1.0,0.9000574382538771,2.501198832760565e-05
LSTM,enron,pr,1.0,0.900316001149095,2.51394922088366e-05
LSTM,enron,pr,1.0,0.9005747126436782,2.522859358577989e-05
LSTM,enron,pr,1.0,0.900833572865766,2.5259410904254764e-05
LSTM,enron,pr,1.0,0.9010925819436457,2.532028520363383e-05
LSTM,enron,pr,1.0,0.9013517400057521,2.562206645961851e-05
LSTM,enron,pr,1.0,0.9021301093839954,2.5844252377282828e-05
LSTM,enron,pr,1.0,0.9023898646703139,2.5844721676548943e-05
LSTM,enron,pr,1.0,0.9026497695852534,2.584856702014804e-05
LSTM,enron,pr,1.0,0.9029098242581388,2.6307267035008408e-05
LSTM,enron,pr,1.0,0.9031700288184438,2.6342011551605538e-05
LSTM,enron,pr,1.0,0.9034303833957913,2.6396935936645605e-05
LSTM,enron,pr,1.0,0.9036908881199539,2.72145371127408e-05
LSTM,enron,pr,1.0,0.9039515431208538,2.7226686142967083e-05
LSTM,enron,pr,1.0,0.9042123485285631,2.7250192943029106e-05
LSTM,enron,pr,1.0,0.9044733044733044,2.8453612685552798e-05
LSTM,enron,pr,1.0,0.9047344110854504,2.8590373403858393e-05
LSTM,enron,pr,1.0,0.9049956684955242,2.8818260034313425e-05
LSTM,enron,pr,1.0,0.9052570768341999,2.9231370717752725e-05
LSTM,enron,pr,1.0,0.9055186362323028,2.925501757999882e-05
LSTM,enron,pr,1.0,0.9057803468208092,2.9782258934574202e-05
LSTM,enron,pr,1.0,0.9060422087308471,2.9878639907110482e-05
LSTM,enron,pr,1.0,0.9063042220936958,2.9910939701949246e-05
LSTM,enron,pr,1.0,0.9070911722141823,2.991339351865463e-05
LSTM,enron,pr,1.0,0.9073537927041112,3.021232805622276e-05
LSTM,enron,pr,1.0,0.9076165653055315,3.0467517717625014e-05
LSTM,enron,pr,1.0,0.9078794901506373,3.051116073038429e-05
LSTM,enron,pr,1.0,0.9081425673717763,3.078164445469156e-05
LSTM,enron,pr,1.0,0.9084057971014493,3.081160321016796e-05
LSTM,enron,pr,1.0,0.912638322655795,3.101214679190889e-05
LSTM,enron,pr,1.0,0.9129041654529566,3.1257903174264356e-05
LSTM,enron,pr,1.0,0.9131701631701632,3.184634624631144e-05
LSTM,enron,pr,1.0,0.9142357059509918,3.189652488799766e-05
LSTM,enron,pr,1.0,0.9161064016369482,3.246679261792451e-05
LSTM,enron,pr,1.0,0.916374269005848,3.279570955783129e-05
LSTM,enron,pr,1.0,0.9166422930681486,3.30592920363415e-05
LSTM,enron,pr,1.0,0.9169104739613809,3.348069003550336e-05
LSTM,enron,pr,1.0,0.9171788118232368,3.351630948600359e-05
LSTM,enron,pr,1.0,0.917447306791569,3.362217830726877e-05
LSTM,enron,pr,1.0,0.9177159590043924,3.3904747397173196e-05
LSTM,enron,pr,1.0,0.9179847685998829,3.3958818676183e-05
LSTM,enron,pr,1.0,0.9182537357163786,3.515834760037251e-05
LSTM,enron,pr,1.0,0.9185228604923799,3.588114122976549e-05
LSTM,enron,pr,1.0,0.9196009389671361,3.64156294381246e-05
LSTM,enron,pr,1.0,0.9198708541238626,3.704427581396885e-05
LSTM,enron,pr,1.0,0.9201409277745156,3.723372719832696e-05
LSTM,enron,pr,1.0,0.9204111600587371,3.7754933146061376e-05
LSTM,enron,pr,1.0,0.9206815511163338,3.95712886529509e-05
LSTM,enron,pr,1.0,0.920952101087276,4.0904251363826916e-05
LSTM,enron,pr,1.0,0.921222810111699,4.1640520066721365e-05
LSTM,enron,pr,1.0,0.9214936783299029,4.1886411054292694e-05
LSTM,enron,pr,1.0,0.9217647058823529,4.195556903141551e-05
LSTM,enron,pr,1.0,0.9225787459523108,4.206044468446635e-05
LSTM,enron,pr,1.0,0.9228504122497055,4.2342562664998695e-05
LSTM,enron,pr,1.0,0.9231222385861562,4.255825115251355e-05
LSTM,enron,pr,1.0,0.9233942251031232,4.271625948604196e-05
LSTM,enron,pr,1.0,0.923666371942234,4.304466347093694e-05
LSTM,enron,pr,1.0,0.9239386792452831,4.321770029491745e-05
LSTM,enron,pr,1.0,0.9242111471542318,4.325860209064558e-05
LSTM,enron,pr,1.0,0.9244837758112094,4.494779568631202e-05
LSTM,enron,pr,1.0,0.9247565653585128,4.5138938730815426e-05
LSTM,enron,pr,1.0,0.9250295159386068,4.722721496364102e-05
LSTM,enron,pr,1.0,0.9253026276941246,4.7386958613060415e-05
LSTM,enron,pr,1.0,0.9255759007678677,4.7677829570602626e-05
LSTM,enron,pr,1.0,0.9258493353028066,4.769784209202044e-05
LSTM,enron,pr,1.0,0.9261229314420804,4.7741890739416704e-05
LSTM,enron,pr,1.0,0.9263966893289979,4.837506639887579e-05
LSTM,enron,pr,1.0,0.9266706091070372,4.911532596452162e-05
LSTM,enron,pr,1.0,0.9269446909198462,5.078245158074424e-05
LSTM,enron,pr,1.0,0.9272189349112426,5.104692536406219e-05
LSTM,enron,pr,1.0,0.9274933412252145,5.150033030076884e-05
LSTM,enron,pr,1.0,0.9277679100059206,5.163566311239265e-05
LSTM,enron,pr,1.0,0.9280426413976902,5.197555583436042e-05
LSTM,enron,pr,1.0,0.9283175355450237,5.213654731051065e-05
LSTM,enron,pr,1.0,0.9285925925925926,5.2636361942859367e-05
LSTM,enron,pr,1.0,0.9288678126852401,5.288299507810734e-05
LSTM,enron,pr,1.0,0.929143195967981,5.36349652975332e-05
LSTM,enron,pr,1.0,0.9294187425860023,5.4126274335430935e-05
LSTM,enron,pr,1.0,0.9296944526846633,5.497198799275793e-05
LSTM,enron,pr,1.0,0.9299703264094955,5.652579784509726e-05
LSTM,enron,pr,1.0,0.9302463639062036,5.7336284953635186e-05
LSTM,enron,pr,1.0,0.9305225653206651,5.7474237110000104e-05
LSTM,enron,pr,1.0,0.9307989307989308,6.053647302906029e-05
LSTM,enron,pr,1.0,0.9310754604872252,6.205191311892122e-05
LSTM,enron,pr,1.0,0.9313521545319465,6.306227442109957e-05
LSTM,enron,pr,1.0,0.9316290130796671,6.782378477510065e-05
LSTM,enron,pr,1.0,0.9319060362771335,6.792708882130682e-05
LSTM,enron,pr,1.0,0.9321832242712671,6.928589573362842e-05
LSTM,enron,pr,1.0,0.932460577209164,7.148101576603949e-05
LSTM,enron,pr,1.0,0.9327380952380953,7.152779289754108e-05
LSTM,enron,pr,1.0,0.9330157785055075,7.240836566779763e-05
LSTM,enron,pr,1.0,0.9332936271590232,7.252799696289003e-05
LSTM,enron,pr,1.0,0.9335716413464403,7.338495197473094e-05
LSTM,enron,pr,1.0,0.933849821215733,7.3941373557318e-05
LSTM,enron,pr,1.0,0.9341281669150522,7.579864904982969e-05
LSTM,enron,pr,1.0,0.9344066785927251,7.584992272313684e-05
LSTM,enron,pr,1.0,0.9346853563972561,7.608506712131202e-05
LSTM,enron,pr,1.0,0.934964200477327,7.638720126124099e-05
LSTM,enron,pr,1.0,0.9352432109817965,7.68641330068931e-05
LSTM,enron,pr,1.0,0.9355223880597014,7.78233734308742e-05
LSTM,enron,pr,1.0,0.9358017318602568,7.809382805135101e-05
LSTM,enron,pr,1.0,0.9360812425328554,8.087496826192364e-05
LSTM,enron,pr,1.0,0.9363609202270691,8.147091284627095e-05
LSTM,enron,pr,1.0,0.9366407650926479,8.215253183152527e-05
LSTM,enron,pr,1.0,0.9369207772795217,8.28597549116239e-05
LSTM,enron,pr,1.0,0.937200956937799,8.389021240873262e-05
LSTM,enron,pr,1.0,0.9374813042177684,8.396522025577724e-05
LSTM,enron,pr,1.0,0.9377618192698982,8.742827048990875e-05
LSTM,enron,pr,1.0,0.9380425022448369,8.832692401483655e-05
LSTM,enron,pr,1.0,0.9383233532934132,8.941394480643794e-05
LSTM,enron,pr,1.0,0.9386043725666368,8.953458745963871e-05
LSTM,enron,pr,1.0,0.938885560215698,9.006181062432006e-05
LSTM,enron,pr,1.0,0.9391669163919688,9.230258729076013e-05
LSTM,enron,pr,1.0,0.9394484412470024,9.344753198092803e-05
LSTM,enron,pr,1.0,0.9397301349325338,9.35664793360047e-05
LSTM,enron,pr,1.0,0.9400119976004799,9.634705202188343e-05
LSTM,enron,pr,1.0,0.9402940294029403,9.710614540381357e-05
LSTM,enron,pr,1.0,0.9405762304921969,9.731880709296092e-05
LSTM,enron,pr,1.0,0.9408586010207145,9.795171354198828e-05
LSTM,enron,pr,1.0,0.9411411411411411,9.869014320429415e-05
LSTM,enron,pr,1.0,0.9414238510063082,0.00010061801731353626
LSTM,enron,pr,1.0,0.9417067307692307,0.00010102564556291327
LSTM,enron,pr,1.0,0.9419897805831079,0.00010556689085206017
LSTM,enron,pr,1.0,0.9422730006013229,0.00010723241575760767
LSTM,enron,pr,1.0,0.9425563909774436,0.00011084790457971394
LSTM,enron,pr,1.0,0.9428399518652226,0.00011114745575468987
LSTM,enron,pr,1.0,0.9431236834185976,0.00011199921573279426
LSTM,enron,pr,1.0,0.9434075857916917,0.00011209677904844284
LSTM,enron,pr,1.0,0.9436916591388136,0.00011888838344020769
LSTM,enron,pr,1.0,0.9439759036144578,0.000126093698781915
LSTM,enron,pr,1.0,0.9442603193733052,0.0001338846777798608
LSTM,enron,pr,1.0,0.944544906570223,0.00013709986524190754
LSTM,enron,pr,1.0,0.9451145958986731,0.00014067582378629595
LSTM,enron,pr,1.0,0.9453996983408748,0.00014210533117875457
LSTM,enron,pr,1.0,0.9456849728424864,0.00014227398787625134
LSTM,enron,pr,1.0,0.9459704195593118,0.00014579332491848618
LSTM,enron,pr,1.0,0.946256038647343,0.00014671137614641339
LSTM,enron,pr,1.0,0.9465418302627605,0.00015282983076758683
LSTM,enron,pr,1.0,0.9468277945619336,0.00015325330605264753
LSTM,enron,pr,1.0,0.9471139317014203,0.00015863272710703313
LSTM,enron,pr,1.0,0.9474002418379686,0.00016068520199041814
LSTM,enron,pr,1.0,0.9476867251285153,0.00016272926586680114
LSTM,enron,pr,1.0,0.9479733817301875,0.00016373707330785692
LSTM,enron,pr,1.0,0.9482602118003026,0.00016411769320257008
LSTM,enron,pr,1.0,0.948547215496368,0.00016832759138196707
LSTM,enron,pr,1.0,0.9488343929760823,0.00018147709488403052
LSTM,enron,pr,1.0,0.949121744397335,0.00019456533482298255
LSTM,enron,pr,1.0,0.9494092699182066,0.0001949218421941623
LSTM,enron,pr,1.0,0.9496969696969697,0.00019550071738194674
LSTM,enron,pr,1.0,0.9499848438920885,0.00020500514074228704
LSTM,enron,pr,1.0,0.9502728926622195,0.000207793535082601
LSTM,enron,pr,1.0,0.9505611161662118,0.00024922017473727465
LSTM,enron,pr,1.0,0.9508495145631068,0.00025489338440820575
LSTM,enron,pr,1.0,0.9511380880121396,0.0002555589599069208
LSTM,enron,pr,1.0,0.9514268366727383,0.00025657942751422524
LSTM,enron,pr,1.0,0.9517157607045248,0.00025720722624100745
LSTM,enron,pr,1.0,0.9520048602673147,0.0002675361174624413
LSTM,enron,pr,1.0,0.9522941355211182,0.00027679631602950394
LSTM,enron,pr,1.0,0.9525835866261398,0.0002792141167446971
LSTM,enron,pr,1.0,0.952873213742779,0.00027940666768699884
LSTM,enron,pr,1.0,0.9531630170316302,0.0002810017904266715
LSTM,enron,pr,1.0,0.9534529966534834,0.0002873062330763787
LSTM,enron,pr,1.0,0.9537431527693244,0.00029258374706842005
LSTM,enron,pr,1.0,0.9540334855403348,0.0002929357287939638
LSTM,enron,pr,1.0,0.9543239951278928,0.0002940953418146819
LSTM,enron,pr,1.0,0.954614681693573,0.0002989694767165929
LSTM,enron,pr,1.0,0.9549055453991468,0.00030420583789236844
LSTM,enron,pr,1.0,0.9551965864065833,0.00030592645634897053
LSTM,enron,pr,1.0,0.9554878048780487,0.0003175584424752742
LSTM,enron,pr,1.0,0.9557792009759073,0.00032381227356381714
LSTM,enron,pr,1.0,0.9560707748627212,0.0003262040263507515
LSTM,enron,pr,1.0,0.9563625267012511,0.00032831184216775
LSTM,enron,pr,1.0,0.9566544566544567,0.0003334618522785604
LSTM,enron,pr,1.0,0.9569465648854962,0.00034213197068311274
LSTM,enron,pr,1.0,0.9572388515577276,0.00034286780282855034
LSTM,enron,pr,1.0,0.9575313168347083,0.0003458924766164273
LSTM,enron,pr,1.0,0.9578239608801956,0.0003478511644061655
LSTM,enron,pr,1.0,0.9581167838581474,0.00035708025097846985
LSTM,enron,pr,1.0,0.9584097859327217,0.000403287005610764
LSTM,enron,pr,1.0,0.9587029672682778,0.00042077069520018995
LSTM,enron,pr,1.0,0.9589963280293757,0.0004388687666505575
LSTM,enron,pr,1.0,0.9592898683807775,0.000441280280938372
LSTM,enron,pr,1.0,0.9595835884874464,0.0004601284163072705
LSTM,enron,pr,1.0,0.9598774885145482,0.0004699870478361845
LSTM,enron,pr,1.0,0.960171568627451,0.00047453230945393443
LSTM,enron,pr,1.0,0.9604658289917254,0.0005328435217961669
LSTM,enron,pr,1.0,0.9607602697731453,0.000544428126886487
LSTM,enron,pr,1.0,0.9610548911376878,0.0005461926921270788
LSTM,enron,pr,1.0,0.9622351857537611,0.0005841734237037599
LSTM,enron,pr,1.0,0.9625307125307125,0.0006744061247445643
LSTM,enron,pr,1.0,0.9628264208909371,0.0006825994933024049
LSTM,enron,pr,1.0,0.9631223110018439,0.0007151847239583731
LSTM,enron,pr,1.0,0.9634183830310482,0.0007203855202533305
LSTM,enron,pr,1.0,0.9637146371463715,0.0007204606663435698
LSTM,enron,pr,1.0,0.9640110735158413,0.0007948747370392084
LSTM,enron,pr,1.0,0.9643076923076923,0.0008591232472099364
LSTM,enron,pr,1.0,0.9646044936903663,0.000878509774338454
LSTM,enron,pr,1.0,0.9649014778325123,0.000934052630327642
LSTM,enron,pr,1.0,0.9651986449029873,0.0009406674071215093
LSTM,enron,pr,1.0,0.9654959950708565,0.0010733340168371797
LSTM,enron,pr,1.0,0.9657935285053929,0.001080417656339705
LSTM,enron,pr,1.0,0.9660912453760789,0.0010836838046088815
LSTM,enron,pr,1.0,0.9663891458526056,0.0010975416516885161
LSTM,enron,pr,1.0,0.9666872301048736,0.0011379951611161232
LSTM,enron,pr,1.0,0.9669854983029929,0.0011782622896134853
LSTM,enron,pr,1.0,0.967283950617284,0.001343727228231728
LSTM,enron,pr,1.0,0.9675825872182773,0.0013615847565233707
LSTM,enron,pr,1.0,0.967881408276714,0.0013675568625330925
LSTM,enron,pr,1.0,0.9681804139635465,0.0014204869512468576
LSTM,enron,pr,1.0,0.9684796044499382,0.0014268136583268642
LSTM,enron,pr,1.0,0.9687789799072642,0.0015857190592214465
LSTM,enron,pr,1.0,0.969078540507112,0.001616168301552534
LSTM,enron,pr,1.0,0.9693782864212805,0.0016399557935073972
LSTM,enron,pr,1.0,0.9696782178217822,0.0017447053687646985
LSTM,enron,pr,1.0,0.9699783348808418,0.0017609557835385203
LSTM,enron,pr,1.0,0.9702786377708978,0.0018635899759829044
LSTM,enron,pr,1.0,0.970579126664602,0.0020262296311557293
LSTM,enron,pr,1.0,0.9708798017348204,0.0020345263183116913
LSTM,enron,pr,1.0,0.9711806631546328,0.002106867963448167
LSTM,enron,pr,1.0,0.9714817110973342,0.002127442043274641
LSTM,enron,pr,1.0,0.9717829457364341,0.0021637259051203728
LSTM,enron,pr,1.0,0.9720843672456576,0.0022386994678527117
LSTM,enron,pr,1.0,0.972385975798945,0.002365838037803769
LSTM,enron,pr,1.0,0.9726877715704532,0.002423064550384879
LSTM,enron,pr,1.0,0.9729897547345545,0.002612522104755044
LSTM,enron,pr,1.0,0.9732919254658385,0.00271317595615983
LSTM,enron,pr,1.0,0.9735942839391115,0.002747303107753396
LSTM,enron,pr,1.0,0.9738968303293971,0.0028382851742208004
LSTM,enron,pr,1.0,0.9741995648119366,0.003212681272998452
LSTM,enron,pr,1.0,0.974502487562189,0.0033102005254477262
LSTM,enron,pr,1.0,0.9748055987558321,0.00361937889829278
LSTM,enron,pr,1.0,0.9751088985687617,0.0036804387345910072
LSTM,enron,pr,1.0,0.9754123871770931,0.004156948532909155
LSTM,enron,pr,1.0,0.9757160647571607,0.004264912102371454
LSTM,enron,pr,1.0,0.9760199314855186,0.004702421370893717
LSTM,enron,pr,1.0,0.9763239875389408,0.005103114061057568
LSTM,enron,pr,1.0,0.9766282330944219,0.00530980434268713
LSTM,enron,pr,1.0,0.9772372934206424,0.00545526621863246
LSTM,enron,pr,1.0,0.9775421085464754,0.005684284493327141
LSTM,enron,pr,1.0,0.9778471138845554,0.005795076955109835
LSTM,enron,pr,1.0,0.9781523096129837,0.005804815795272589
LSTM,enron,pr,1.0,0.9784576959100842,0.00620256457477808
LSTM,enron,pr,1.0,0.9787632729544035,0.006361632142215967
LSTM,enron,pr,1.0,0.979069040924711,0.006721537094563246
LSTM,enron,pr,1.0,0.979375,0.007227725815027952
LSTM,enron,pr,1.0,0.9796811503594873,0.0072553143836557865
LSTM,enron,pr,1.0,0.9799874921826142,0.007349512539803982
LSTM,enron,pr,1.0,0.980294025649046,0.007372651714831591
LSTM,enron,pr,1.0,0.9806007509386734,0.00756987975910306
LSTM,enron,pr,1.0,0.9809076682316119,0.0077699460089206696
LSTM,enron,pr,1.0,0.9812147777082029,0.00965835154056549
LSTM,enron,pr,1.0,0.9815220795490135,0.009749243035912514
LSTM,enron,pr,1.0,0.981829573934837,0.012535874731838703
LSTM,enron,pr,1.0,0.9821372610466939,0.01290919166058302
LSTM,enron,pr,1.0,0.9824451410658307,0.013127855956554413
LSTM,enron,pr,1.0,0.9827532141737222,0.013258345425128937
LSTM,enron,pr,1.0,0.9830614805520702,0.013554598204791546
LSTM,enron,pr,1.0,0.9833699403828051,0.013673000037670135
LSTM,enron,pr,1.0,0.9836785938480854,0.01385462936013937
LSTM,enron,pr,1.0,0.9839874411302982,0.015469281934201717
LSTM,enron,pr,1.0,0.9842964824120602,0.015592596493661404
LSTM,enron,pr,1.0,0.9846057178762174,0.016009576618671417
LSTM,enron,pr,1.0,0.9849151477058454,0.018563497811555862
LSTM,enron,pr,1.0,0.9852247720842502,0.01907004974782467
LSTM,enron,pr,1.0,0.9855345911949686,0.021199075505137444
LSTM,enron,pr,1.0,0.9858446052217679,0.023507995530962944
LSTM,enron,pr,1.0,0.9861548143486469,0.023719463497400284
LSTM,enron,pr,1.0,0.9864652187598363,0.024116268381476402
LSTM,enron,pr,1.0,0.9867758186397985,0.025198442861437798
LSTM,enron,pr,1.0,0.9870866141732283,0.02573862113058567
LSTM,enron,pr,1.0,0.9873976055450535,0.02619978040456772
LSTM,enron,pr,1.0,0.9877087929404349,0.026624003425240517
LSTM,enron,pr,1.0,0.9880201765447667,0.026793211698532104
LSTM,enron,pr,1.0,0.9883317565436771,0.026824189350008965
LSTM,enron,pr,1.0,0.9886435331230284,0.027312133461236954
LSTM,enron,pr,1.0,0.9889555064689176,0.02784525603055954
LSTM,enron,pr,1.0,0.9892676767676768,0.028801390901207924
LSTM,enron,pr,1.0,0.9895800442058731,0.03303784132003784
LSTM,enron,pr,1.0,0.9898926089703095,0.03348459675908089
LSTM,enron,pr,1.0,0.9902053712480253,0.04200682044029236
LSTM,enron,pr,1.0,0.9905183312262958,0.0481429323554039
LSTM,enron,pr,1.0,0.9908314890926335,0.06470242887735367
LSTM,enron,pr,1.0,0.9911448450347881,0.06768696010112762
LSTM,enron,pr,1.0,0.9914583992407466,0.06835068762302399
LSTM,enron,pr,1.0,0.9917721518987341,0.07719213515520096
LSTM,enron,pr,1.0,0.9920861031972144,0.08470866829156876
LSTM,enron,pr,1.0,0.9924002533248891,0.08930080384016037
LSTM,enron,pr,1.0,0.9927146024707,0.09090041369199753
LSTM,enron,pr,1.0,0.9930291508238276,0.09932643175125122
LSTM,enron,pr,1.0,0.9933438985736925,0.10779177397489548
LSTM,enron,pr,1.0,0.9936588459099556,0.10857570171356201
LSTM,enron,pr,1.0,0.9939739930225182,0.11321287602186203
LSTM,enron,pr,1.0,0.9942893401015228,0.1143609881401062
LSTM,enron,pr,1.0,0.9946048873373532,0.13506901264190674
LSTM,enron,pr,1.0,0.9949206349206349,0.14223334193229675
LSTM,enron,pr,1.0,0.9952365830422356,0.1449679583311081
LSTM,enron,pr,1.0,0.9955527318932655,0.14585348963737488
LSTM,enron,pr,1.0,0.9958690816650778,0.1478174477815628
LSTM,enron,pr,1.0,0.996185632549269,0.18365706503391266
LSTM,enron,pr,1.0,0.9965023847376788,0.19446349143981934
LSTM,enron,pr,1.0,0.9968193384223919,0.19885490834712982
LSTM,enron,pr,1.0,0.9971364937957365,0.22040694952011108
LSTM,enron,pr,1.0,0.9974538510502864,0.23955696821212769
LSTM,enron,pr,1.0,0.9977714103788602,0.25005465745925903
LSTM,enron,pr,1.0,0.9980891719745223,0.2514181137084961
LSTM,enron,pr,1.0,0.998407136030583,0.9988285899162292
LSTM,enron,pr,1.0,0.9987253027405991,0.9989956021308899
LSTM,enron,pr,1.0,0.9996810207336523,0.9991830587387085
LSTM,enron,pr,1.0,1.0,0.9992178678512573
LSTM,enron,pr,0.7016592214422464,1.0,0.9992904663085938
LSTM,enron,pr,0.6056158264199106,1.0,0.9996801614761353
LSTM,enron,pr,0.5073388640714741,1.0,0.9999874234199524
LSTM,enron,pr,0.2393107849393746,1.0,0.9999911785125732
LSTM,enron,pr,0.0,1.0,
LSTM,enron,roc,0.0,0.0,inf
LSTM,enron,roc,0.0,0.2393107849393746,0.9999911785125732
LSTM,enron,roc,0.0,0.5073388640714741,0.9999874234199524
LSTM,enron,roc,0.0,0.6056158264199106,0.9996801614761353
LSTM,enron,roc,0.0,0.7016592214422464,0.9992904663085938
LSTM,enron,roc,0.0,1.0,0.9992178678512573
LSTM,enron,roc,0.00030441400304414006,1.0,0.9991830587387085
LSTM,enron,roc,0.0012176560121765602,1.0,0.9989956021308899
LSTM,enron,roc,0.022222222222222223,1.0,0.00545526621863246
LSTM,enron,roc,0.0228310502283105,1.0,0.00530980434268713
LSTM,enron,roc,0.03744292237442922,1.0,0.0005841734237037599
LSTM,enron,roc,0.03866057838660578,1.0,0.0005461926921270788
LSTM,enron,roc,0.055403348554033484,1.0,0.00014067582378629595
LSTM,enron,roc,0.056012176560121765,1.0,0.00013709986524190754
LSTM,enron,roc,0.08006088280060883,1.0,4.206044468446635e-05
LSTM,enron,roc,0.08097412480974125,1.0,4.195556903141551e-05
LSTM,enron,roc,0.08340943683409437,1.0,3.64156294381246e-05
LSTM,enron,roc,0.08462709284627093,1.0,3.588114122976549e-05
LSTM,enron,roc,0.08736681887366819,1.0,3.246679261792451e-05
LSTM,enron,roc,0.08949771689497717,1.0,3.189652488799766e-05
LSTM,enron,roc,0.09071537290715373,1.0,3.184634624631144e-05
LSTM,enron,roc,0.091324200913242,1.0,3.101214679190889e-05
LSTM,enron,roc,0.09619482496194826,1.0,3.081160321016796e-05
LSTM,enron,roc,0.09771689497716896,1.0,2.991339351865463e-05
LSTM,enron,roc,0.09863013698630137,1.0,2.9910939701949246e-05
LSTM,enron,roc,0.1035007610350076,1.0,2.5844252377282828e-05
LSTM,enron,roc,0.10441400304414003,1.0,2.562206645961851e-05
LSTM,enron,roc,0.1080669710806697,1.0,2.3537128072348423e-05
LSTM,enron,roc,0.10928462709284627,1.0,2.3235690605361015e-05
LSTM,enron,roc,0.11050228310502283,1.0,2.204748489020858e-05
LSTM,enron,roc,0.1111111111111111,1.0,2.2015001377440058e-05
LSTM,enron,roc,0.1132420091324201,1.0,2.091463284159545e-05
LSTM,enron,roc,0.11385083713850837,1.0,2.0797842807951383e-05
LSTM,enron,roc,0.1147640791476408,1.0,2.0332252461230382e-05
LSTM,enron,roc,0.11598173515981736,1.0,2.0292873159633018e-05
LSTM,enron,roc,0.1187214611872146,1.0,1.9627559595392086e-05
LSTM,enron,roc,0.1193302891933029,1.0,1.94257572729839e-05
LSTM,enron,roc,0.12298325722983257,1.0,1.6525636965525337e-05
LSTM,enron,roc,0.12420091324200913,1.0,1.6425003195763566e-05
LSTM,enron,roc,0.12511415525114156,1.0,1.5901461665634997e-05
LSTM,enron,roc,0.12572298325722983,1.0,1.5874053133302368e-05
LSTM,enron,roc,0.13059360730593608,1.0,1.4600957911170553e-05
LSTM,enron,roc,0.13120243531202436,1.0,1.4586622455681209e-05
LSTM,enron,roc,0.1750380517503805,1.0,8.239764611062128e-06
LSTM,enron,roc,0.1756468797564688,1.0,8.231887477450073e-06
LSTM,enron,roc,0.1771689497716895,1.0,8.156703188433312e-06
LSTM,enron,roc,0.18051750380517503,1.0,8.10806068329839e-06
LSTM,enron,roc,0.18751902587519026,1.0,7.662393727514427e-06
LSTM,enron,roc,0.18812785388127853,1.0,7.660624760319479e-06
LSTM,enron,roc,0.20943683409436833,1.0,6.756358288839692e-06
LSTM,enron,roc,0.2100456621004566,1.0,6.75479259371059e-06
LSTM,enron,roc,0.2371385083713851,1.0,6.2370636442210525e-06
LSTM,enron,roc,0.2380517503805175,1.0,6.234423381101806e-06
LSTM,enron,roc,0.2386605783866058,1.0,6.234411557670683e-06
LSTM,enron,roc,0.2617960426179604,1.0,5.943735231994651e-06
LSTM,enron,roc,0.2633181126331811,1.0,5.942663847235963e-06
LSTM,enron,roc,0.29041095890410956,1.0,5.942652478552191e-06
LSTM,enron,roc,0.3028919330289193,1.0,5.829918791278033e-06
LSTM,enron,roc,0.3035007610350076,1.0,5.829351721331477e-06
LSTM,enron,roc,0.31141552511415527,1.0,5.745159342041006e-06
LSTM,enron,roc,0.3120243531202435,1.0,5.744934696849668e-06
LSTM,enron,roc,0.3193302891933029,1.0,5.681124093825929e-06
LSTM,enron,roc,0.3202435312024353,1.0,5.678318302670959e-06
LSTM,enron,roc,0.3330289193302892,1.0,5.551776666834485e-06
LSTM,enron,roc,0.33363774733637747,1.0,5.548759872908704e-06
LSTM,enron,roc,0.3455098934550989,1.0,5.479744686454069e-06
LSTM,enron,roc,0.3461187214611872,1.0,5.479128049046267e-06
LSTM,enron,roc,0.3607305936073059,1.0,5.402651368058287e-06
LSTM,enron,roc,0.3613394216133942,1.0,5.401007911132183e-06
LSTM,enron,roc,0.3619482496194825,1.0,5.395576863520546e-06
LSTM,enron,roc,0.36255707762557077,1.0,5.3937396842229646e-06
LSTM,enron,roc,0.3649923896499239,1.0,5.3813832892046776e-06
LSTM,enron,roc,0.36560121765601217,1.0,5.379869890020927e-06
LSTM,enron,roc,0.3802130898021309,1.0,5.2938271437596995e-06
LSTM,enron,roc,0.38082191780821917,1.0,5.287257863528794e-06
LSTM,enron,roc,0.39147640791476407,1.0,5.240221980784554e-06
LSTM,enron,roc,0.39208523592085237,1.0,5.238533049123362e-06
LSTM,enron,roc,0.40060882800608827,1.0,5.215269084146712e-06
LSTM,enron,roc,0.40121765601217657,1.0,5.211187271925155e-06
LSTM,enron,roc,0.40882800608828007,1.0,5.173282715986716e-06
LSTM,enron,roc,0.4094368340943683,1.0,5.172537839825964e-06
LSTM,enron,roc,0.41035007610350077,1.0,5.172163128008833e-06
LSTM,enron,roc,0.4231354642313546,1.0,5.110910933581181e-06
LSTM,enron,roc,0.4243531202435312,1.0,5.107266133563826e-06
LSTM,enron,roc,0.4377473363774734,1.0,5.0589073907758575e-06
LSTM,enron,roc,0.4383561643835616,1.0,5.05557954966207e-06
LSTM,enron,roc,0.4514459665144597,1.0,5.007791060052114e-06
LSTM,enron,roc,0.4520547945205479,1.0,5.006735591450706e-06
LSTM,enron,roc,0.4876712328767123,1.0,4.889374849881278e-06
LSTM,enron,roc,0.4882800608828006,1.0,4.887910563411424e-06
LSTM,enron,roc,0.5114155251141552,1.0,4.803667252417654e-06
LSTM,enron,roc,0.5120243531202435,1.0,4.803071988135343e-06
LSTM,enron,roc,0.5193302891933029,1.0,4.781974439538317e-06
LSTM,enron,roc,0.5199391171993911,1.0,4.779293703904841e-06
LSTM,enron,roc,0.5302891933028919,1.0,4.748345872940263e-06
LSTM,enron,roc,0.5308980213089802,1.0,4.748300398205174e-06
LSTM,enron,roc,0.5604261796042618,1.0,4.672029263019795e-06
LSTM,enron,roc,0.5610350076103501,1.0,4.671485385188134e-06
LSTM,enron,roc,0.5884322678843227,1.0,4.5853626033931505e-06
LSTM,enron,roc,0.589041095890411,1.0,4.583158897730755e-06
LSTM,enron,roc,0.5899543378995433,1.0,4.577772870106855e-06
LSTM,enron,roc,0.5905631659056316,1.0,4.577270829031477e-06
LSTM,enron,roc,0.5972602739726027,1.0,4.5574174691864755e-06
LSTM,enron,roc,0.5987823439878235,1.0,4.556400654109893e-06
LSTM,enron,roc,0.5990867579908675,1.0,4.5558795136457775e-06
LSTM,enron,roc,0.6012176560121766,1.0,4.555453415377997e-06
LSTM,enron,roc,0.6185692541856925,1.0,4.505464858084451e-06
LSTM,enron,roc,0.6191780821917808,1.0,4.503905074670911e-06
LSTM,enron,roc,0.6249619482496195,1.0,4.4920188884134404e-06
LSTM,enron,roc,0.6255707762557078,1.0,4.4908451855008025e-06
LSTM,enron,roc,0.6258751902587519,1.0,4.490404080570443e-06
LSTM,enron,roc,0.6264840182648402,1.0,4.490279934543651e-06
LSTM,enron,roc,0.6407914764079148,1.0,4.448526851774659e-06
LSTM,enron,roc,0.6414003044140031,1.0,4.44845045421971e-06
LSTM,enron,roc,0.6484018264840182,1.0,4.429092314239824e-06
LSTM,enron,roc,0.6490106544901065,1.0,4.42847976955818e-06
LSTM,enron,roc,0.6550989345509893,1.0,4.416046976984944e-06
LSTM,enron,roc,0.6557077625570776,1.0,4.415903731569415e-06
LSTM,enron,roc,0.6581430745814307,1.0,4.409906523505924e-06
LSTM,enron,roc,0.658751902587519,1.0,4.409835128171835e-06
LSTM,enron,roc,0.6617960426179604,1.0,4.404656920087291e-06
LSTM,enron,roc,0.6624048706240487,1.0,4.403203547553858e-06
LSTM,enron,roc,0.6691019786910198,1.0,4.3855852709384635e-06
LSTM,enron,roc,0.669710806697108,1.0,4.384832664072746e-06
LSTM,enron,roc,0.6715372907153729,1.0,4.38222832599422e-06
LSTM,enron,roc,0.6721461187214612,1.0,4.38094593846472e-06
LSTM,enron,roc,0.7071537290715373,1.0,4.279759650671622e-06
LSTM,enron,roc,0.7077625570776256,1.0,4.279118911654223e-06
LSTM,enron,roc,0.7105022831050228,1.0,4.267504209565232e-06
LSTM,enron,roc,0.7111111111111111,1.0,4.2665274122555275e-06
LSTM,enron,roc,0.7208523592085236,1.0,4.2320816646679305e-06
LSTM,enron,roc,0.7214611872146118,1.0,4.2308715819672216e-06
LSTM,enron,roc,0.7336377473363774,1.0,4.19178604715853e-06
LSTM,enron,roc,0.7342465753424657,1.0,4.187479134998284e-06
LSTM,enron,roc,0.7445966514459665,1.0,4.166644885117421e-06
LSTM,enron,roc,0.745814307458143,1.0,4.166613052802859e-06
LSTM,enron,roc,0.7461187214611872,1.0,4.162768618698465e-06
LSTM,enron,roc,0.7470319634703196,1.0,4.162149252806557e-06
LSTM,enron,roc,0.7576864535768645,1.0,4.131567038712092e-06
LSTM,enron,roc,0.7582952815829528,1.0,4.131476543989265e-06
LSTM,enron,roc,0.7643835616438356,1.0,4.1153261918225326e-06
LSTM,enron,roc,0.7649923896499239,1.0,4.1146940930048e-06
LSTM,enron,roc,0.7668188736681887,1.0,4.111682301299879e-06
LSTM,enron,roc,0.767427701674277,1.0,4.1111647988145705e-06
LSTM,enron,roc,0.776255707762557,1.0,4.087727120349882e-06
LSTM,enron,roc,0.7768645357686453,1.0,4.087391971552279e-06
LSTM,enron,roc,0.7820395738203957,1.0,4.075259766977979e-06
LSTM,enron,roc,0.782648401826484,1.0,4.074498065165244e-06
LSTM,enron,roc,0.7975646879756468,1.0,4.0306863411387894e-06
LSTM,enron,roc,0.7981735159817351,1.0,4.027528120786883e-06
LSTM,enron,roc,0.7990867579908676,1.0,4.025281668873504e-06
LSTM,enron,roc,0.7996955859969559,1.0,4.024364443466766e-06
LSTM,enron,roc,0.8097412480974124,1.0,3.993423888459802e-06
LSTM,enron,roc,0.8103500761035007,1.0,3.993389327661134e-06
LSTM,enron,roc,0.8182648401826484,1.0,3.970396392105613e-06
LSTM,enron,roc,0.8191780821917808,1.0,3.967568773077801e-06
LSTM,enron,roc,0.8581430745814308,1.0,3.83800761483144e-06
LSTM,enron,roc,0.858751902587519,1.0,3.837374606519006e-06
LSTM,enron,roc,0.8642313546423136,1.0,3.8159887481015176e-06
LSTM,enron,roc,0.8648401826484018,1.0,3.815042873611674e-06
LSTM,enron,roc,0.8654490106544901,1.0,3.814118599620997e-06
LSTM,enron,roc,0.8660578386605784,1.0,3.8140894957905402e-06
LSTM,enron,roc,0.8724505327245053,1.0,3.7843576592422323e-06
LSTM,enron,roc,0.8730593607305936,1.0,3.781449777306989e-06
LSTM,enron,roc,0.876103500761035,1.0,3.7726031223428436e-06
LSTM,enron,roc,0.8767123287671232,1.0,3.7710349261033116e-06
LSTM,enron,roc,0.9092846270928463,1.0,3.645728156698169e-06
LSTM,enron,roc,0.9098934550989346,1.0,3.6454466680879705e-06
LSTM,enron,roc,0.9427701674277017,1.0,3.4856830097851343e-06
LSTM,enron,roc,0.94337899543379,1.0,3.4837455586966826e-06
LSTM,enron,roc,0.9506849315068493,1.0,3.436086444708053e-06
LSTM,enron,roc,0.9512937595129376,1.0,3.4330535072513158e-06
LSTM,enron,roc,0.9604261796042618,1.0,3.38961308443686e-06
LSTM,enron,roc,0.9610350076103501,1.0,3.388969844309031e-06
LSTM,enron,roc,0.9719939117199391,1.0,3.3064859508158406e-06
LSTM,enron,roc,0.9726027397260274,1.0,3.302660161352833e-06
LSTM,enron,roc,1.0,1.0,2.607150236144662e-06
