model,source,curve,x,y,threshold
NB,combined,pr,1.0,0.4342666666666667,4.9457829961032686e-82
NB,combined,pr,1.0,0.4343245766102147,1.7329527811097053e-68
NB,combined,pr,1.0,0.43438250200053347,1.9550614135512858e-64
NB,combined,pr,1.0,0.4344404428438042,6.175048423863328e-62
NB,combined,pr,1.0,0.4344983991462113,3.1252303074800745e-60
NB,combined,pr,1.0,0.4345563709139426,5.9843690863531276e-59
NB,combined,pr,1.0,0.4346143581531892,2.257578919813698e-58
NB,combined,pr,1.0,0.4346723608701455,2.426823317867654e-58
NB,combined,pr,1.0,0.4347303790710091,1.0533930494607471e-57
NB,combined,pr,1.0,0.43478841276198105,9.7101222243775e-55
NB,combined,pr,1.0,0.4348464619492657,4.381315469790125e-53
NB,combined,pr,1.0,0.43490452663907064,1.2234777188360111e-52
NB,combined,pr,1.0,0.43496260683760685,1.7146804228862227e-52
NB,combined,pr,1.0,0.43502070255108855,1.9517576069667366e-52
NB,combined,pr,1.0,0.4350788137857334,1.2655828206343585e-51
NB,combined,pr,1.0,0.4351369405477622,2.5837995390622918e-51
NB,combined,pr,1.0,0.43519508284339925,8.323757085329755e-50
NB,combined,pr,1.0,0.4352532406788721,9.238256979849223e-50
NB,combined,pr,1.0,0.43531141406041163,1.0074727196346483e-48
NB,combined,pr,1.0,0.4353696029942521,1.1744313250197499e-48
NB,combined,pr,1.0,0.435427807486631,7.390543164225131e-48
NB,combined,pr,1.0,0.4354860275437893,2.4076087483558885e-47
NB,combined,pr,1.0,0.4355442631719711,1.9957382122126744e-46
NB,combined,pr,1.0,0.4356025143774241,2.212004677502604e-46
NB,combined,pr,1.0,0.43566078116639917,1.0100751741174309e-45
NB,combined,pr,1.0,0.4357190635451505,1.0772327201270833e-45
NB,combined,pr,1.0,0.4357773615199358,6.070360977806407e-45
NB,combined,pr,1.0,0.43583567509701593,8.259740708629395e-45
NB,combined,pr,1.0,0.43589400428265523,8.497532044998961e-45
NB,combined,pr,1.0,0.4359523490831214,2.6928925045138643e-44
NB,combined,pr,1.0,0.4360107095046854,1.3807681694617048e-43
NB,combined,pr,1.0,0.4360690855536216,2.4526302491089365e-43
NB,combined,pr,1.0,0.4361274772362078,3.659711866779063e-43
NB,combined,pr,1.0,0.43618588455872503,7.584712788524863e-43
NB,combined,pr,1.0,0.4362443075274578,1.4779069666639975e-42
NB,combined,pr,1.0,0.4363027461486939,1.5699309934595017e-42
NB,combined,pr,1.0,0.43636120042872456,3.427607916564655e-42
NB,combined,pr,1.0,0.4364196703738443,6.199474590474782e-42
NB,combined,pr,1.0,0.4364781559903511,8.422833650345528e-42
NB,combined,pr,1.0,0.4365366572845463,1.1964250017127354e-41
NB,combined,pr,1.0,0.4365951742627346,2.8470240156636956e-40
NB,combined,pr,1.0,0.436653706931224,4.347944052145636e-40
NB,combined,pr,1.0,0.43671225529632607,8.030342943238217e-40
NB,combined,pr,1.0,0.43677081936435563,9.749804806245379e-40
NB,combined,pr,1.0,0.4368293991416309,1.6324338149694238e-39
NB,combined,pr,1.0,0.43688799463447353,4.368808896171842e-39
NB,combined,pr,1.0,0.43694660584920847,8.818397447987526e-39
NB,combined,pr,1.0,0.43700523279216424,2.3930130454536035e-38
NB,combined,pr,1.0,0.43706387546967257,2.929823052417362e-38
NB,combined,pr,1.0,0.4371225338880687,4.297889154348292e-38
NB,combined,pr,1.0,0.43718120805369126,5.06024779426164e-38
NB,combined,pr,1.0,0.43723989797288226,5.500810110370653e-38
NB,combined,pr,1.0,0.4372986036519871,1.5226850675390361e-37
NB,combined,pr,1.0,0.43735732509735464,1.7686540794353981e-37
NB,combined,pr,1.0,0.4374160623153371,2.9329060518521338e-37
NB,combined,pr,1.0,0.43747481531229016,1.1824887974196545e-36
NB,combined,pr,1.0,0.4375335840945728,2.489736589256119e-36
NB,combined,pr,1.0,0.4375923686685476,5.9610637316855924e-36
NB,combined,pr,1.0,0.4376511690405805,7.761495580805852e-36
NB,combined,pr,1.0,0.43770998521704074,1.1482463894462187e-35
NB,combined,pr,1.0,0.43776881720430105,1.4354400466493123e-35
NB,combined,pr,1.0,0.4378276650087377,2.1287211617419002e-35
NB,combined,pr,1.0,0.4378865286367303,2.2208254323905187e-35
NB,combined,pr,1.0,0.4379454080946618,3.107285356297118e-35
NB,combined,pr,1.0,0.43800430338891877,3.469754468676512e-35
NB,combined,pr,1.0,0.43806321452589103,3.8165488575017917e-35
NB,combined,pr,1.0,0.43812214151197204,6.603828341345734e-35
NB,combined,pr,1.0,0.43818108435355846,9.053013683607279e-35
NB,combined,pr,1.0,0.4382400430570506,1.4411326502136771e-34
NB,combined,pr,1.0,0.4382990176288521,1.4555201610703937e-34
NB,combined,pr,1.0,0.4383580080753701,1.5943990209376212e-34
NB,combined,pr,1.0,0.4384170144030152,1.7071899012769787e-34
NB,combined,pr,1.0,0.4384760366182014,1.9194320280420523e-34
NB,combined,pr,1.0,0.43853507472734615,2.331363558036491e-34
NB,combined,pr,1.0,0.4385941287368705,5.229103238128177e-34
NB,combined,pr,1.0,0.4387122844827586,6.110292216449152e-34
NB,combined,pr,1.0,0.4387713862319817,7.871911129152748e-34
NB,combined,pr,1.0,0.4388305039073026,1.5890517244441647e-33
NB,combined,pr,1.0,0.4388896375151597,1.7476440440333612e-33
NB,combined,pr,1.0,0.4389487870619946,2.173719253548962e-33
NB,combined,pr,1.0,0.43900795255425257,6.669880920877034e-33
NB,combined,pr,1.0,0.4390671339983823,9.0498385738861e-33
NB,combined,pr,1.0,0.4391263314008359,9.890758979760227e-33
NB,combined,pr,1.0,0.43918554476806904,1.0907208168818577e-32
NB,combined,pr,1.0,0.4392447741065408,1.1513617330221836e-32
NB,combined,pr,1.0,0.4393040194227138,1.2056437391560677e-32
NB,combined,pr,1.0,0.4393632807230541,1.2189692825251755e-32
NB,combined,pr,1.0,0.4394225580140313,1.2793190868557507e-32
NB,combined,pr,1.0,0.4394818513021185,1.3524650541496956e-32
NB,combined,pr,1.0,0.43954116059379217,1.4000082630336984e-32
NB,combined,pr,1.0,0.43960048589553247,1.438265831438531e-32
NB,combined,pr,1.0,0.4396598272138229,1.4772863025224263e-32
NB,combined,pr,1.0,0.4397191845551505,1.8549076504904636e-32
NB,combined,pr,1.0,0.43977855792600595,1.8974943339679363e-32
NB,combined,pr,1.0,0.43989735278227987,3.0056166092396547e-32
NB,combined,pr,1.0,0.4400162118346393,4.2929174535975904e-32
NB,combined,pr,1.0,0.4400756654506148,4.609226251613039e-32
NB,combined,pr,1.0,0.44013513513513514,5.464789196023845e-32
NB,combined,pr,1.0,0.4401946208947155,6.512154320172504e-32
NB,combined,pr,1.0,0.44025412273587455,7.085179897141142e-32
NB,combined,pr,1.0,0.4403136406651345,9.270391271703977e-32
NB,combined,pr,1.0,0.4403731746890211,1.088919860336922e-31
NB,combined,pr,1.0,0.44043272481406354,1.1708520915195545e-31
NB,combined,pr,1.0,0.4404922910467947,1.6425262355572935e-31
NB,combined,pr,1.0,0.44055187339375085,1.7759717765757897e-31
NB,combined,pr,1.0,0.44061147186147187,1.8343046465358408e-31
NB,combined,pr,1.0,0.44067108645650116,2.473481900954658e-31
NB,combined,pr,1.0,0.44073071718538565,2.7385591624638253e-31
NB,combined,pr,1.0,0.44079036405467587,5.6760786067602606e-31
NB,combined,pr,1.0,0.4408500270709258,9.33448375625311e-31
NB,combined,pr,1.0,0.4409097062406931,9.40467865905853e-31
NB,combined,pr,1.0,0.44102911306702774,9.420050215222862e-31
NB,combined,pr,1.0,0.44108884073672805,1.337594116947743e-30
NB,combined,pr,1.0,0.4411485845862116,2.215449436530472e-30
NB,combined,pr,1.0,0.44120834462205366,2.8465495453903324e-30
NB,combined,pr,1.0,0.4412681208508332,2.90573727226468e-30
NB,combined,pr,1.0,0.4413279132791328,3.150083560059686e-30
NB,combined,pr,1.0,0.4413877219135384,3.255366428001052e-30
NB,combined,pr,1.0,0.44144754676063974,4.282895113706143e-30
NB,combined,pr,1.0,0.44150738782703,5.381054148510558e-30
NB,combined,pr,1.0,0.44156724511930584,7.949183340922982e-30
NB,combined,pr,1.0,0.4416271186440678,9.671371680383563e-30
NB,combined,pr,1.0,0.44168700840791975,1.0138360628770431e-29
NB,combined,pr,1.0,0.44174691441746916,1.2012165373914616e-29
NB,combined,pr,1.0,0.4418068366793272,1.3819775939886693e-29
NB,combined,pr,1.0,0.44186677520010853,2.1656878631526408e-29
NB,combined,pr,1.0,0.44192672998643145,2.3118347617581023e-29
NB,combined,pr,1.0,0.4419867010449179,2.5818720051912186e-29
NB,combined,pr,1.0,0.44204668838219324,2.744577129732604e-29
NB,combined,pr,1.0,0.44210669200488667,2.755145430909738e-29
NB,combined,pr,1.0,0.44216671191963075,3.1799199715847343e-29
NB,combined,pr,1.0,0.4422267481330618,3.772535119543304e-29
NB,combined,pr,1.0,0.4422868006518197,3.8085301236682145e-29
NB,combined,pr,1.0,0.44234686948254787,4.0926590051469405e-29
NB,combined,pr,1.0,0.4424069546318935,4.93629399707246e-29
NB,combined,pr,1.0,0.4424670561065073,5.014883695974424e-29
NB,combined,pr,1.0,0.44252717391304347,6.567687047142202e-29
NB,combined,pr,1.0,0.4425873080581601,6.862341750166972e-29
NB,combined,pr,1.0,0.4426474585485186,7.64633741820155e-29
NB,combined,pr,1.0,0.4427076253907843,8.893755299731567e-29
NB,combined,pr,1.0,0.4427678085916259,9.688659736808485e-29
NB,combined,pr,1.0,0.44282800815771584,9.698458445699361e-29
NB,combined,pr,1.0,0.4428882240957302,1.1384166396456287e-28
NB,combined,pr,1.0,0.4429484564123487,1.2453034118732023e-28
NB,combined,pr,1.0,0.4430087051142546,1.3030262580856337e-28
NB,combined,pr,1.0,0.44306897020813496,1.4022702381554455e-28
NB,combined,pr,1.0,0.44318954959858486,1.754309972642713e-28
NB,combined,pr,1.0,0.44324986390854654,1.787451361653292e-28
NB,combined,pr,1.0,0.4433101946372669,2.395017614407513e-28
NB,combined,pr,1.0,0.44337054179145113,2.4503046939392003e-28
NB,combined,pr,1.0,0.44343090537780805,2.5625493425594455e-28
NB,combined,pr,1.0,0.4434912854030501,2.753760066705136e-28
NB,combined,pr,1.0,0.4435516818738935,4.813590319273183e-28
NB,combined,pr,1.0,0.44361209479705804,4.861661710263232e-28
NB,combined,pr,1.0,0.4436725241792671,5.915209927151691e-28
NB,combined,pr,1.0,0.44373297002724793,7.127366184502469e-28
NB,combined,pr,1.0,0.4437934323477313,1.0043245874421136e-27
NB,combined,pr,1.0,0.4438539111474516,1.0918653515095846e-27
NB,combined,pr,1.0,0.44391440643314706,1.2862836334488345e-27
NB,combined,pr,1.0,0.44397491821155943,1.699583183627566e-27
NB,combined,pr,1.0,0.4440354464894342,2.2385827704222624e-27
NB,combined,pr,1.0,0.44409599127352056,2.2451955473721245e-27
NB,combined,pr,1.0,0.4441565525705714,2.6865084840761855e-27
NB,combined,pr,1.0,0.4442171303873432,3.0835917699530815e-27
NB,combined,pr,1.0,0.4442777247305961,4.356537135893362e-27
NB,combined,pr,1.0,0.4443383356070941,4.917031242427857e-27
NB,combined,pr,1.0,0.4443989630236049,5.3034368266827365e-27
NB,combined,pr,1.0,0.44445960698689957,5.721393028702251e-27
NB,combined,pr,1.0,0.44452026750375323,6.112153768301757e-27
NB,combined,pr,1.0,0.4445809445809446,6.395260706412878e-27
NB,combined,pr,1.0,0.444641638225256,6.664179150756817e-27
NB,combined,pr,1.0,0.4447023484434735,7.801632055889343e-27
NB,combined,pr,1.0,0.444763075242387,8.109685502834971e-27
NB,combined,pr,1.0,0.44488457860947955,8.321680999351144e-27
NB,combined,pr,1.0,0.44494535519125683,8.462178471057e-27
NB,combined,pr,1.0,0.44500614838092634,9.051670370374467e-27
NB,combined,pr,1.0,0.4450669581852965,1.3535031037986733e-26
NB,combined,pr,1.0,0.44512778461117947,1.3958021532454357e-26
NB,combined,pr,1.0,0.4451886276653909,1.4431884398951182e-26
NB,combined,pr,1.0,0.4452494873547505,1.4642310521163833e-26
NB,combined,pr,1.0,0.4453103636860815,1.625548335646799e-26
NB,combined,pr,1.0,0.44537125666621086,1.6331447648590096e-26
NB,combined,pr,1.0,0.44543216630196936,1.7052977959565646e-26
NB,combined,pr,1.0,0.4454930926001915,1.8947233435961688e-26
NB,combined,pr,1.0,0.44555403556771545,1.949620556802782e-26
NB,combined,pr,1.0,0.4456149952113832,2.223279229057073e-26
NB,combined,pr,1.0,0.4456759715380405,2.3825451369123457e-26
NB,combined,pr,1.0,0.44573696455453676,2.8533078531883496e-26
NB,combined,pr,1.0,0.44579797426772516,2.952529471271986e-26
NB,combined,pr,1.0,0.4458590006844627,3.6536012039695376e-26
NB,combined,pr,1.0,0.4459200438116101,4.039508952238994e-26
NB,combined,pr,1.0,0.4459811036560318,4.500414046978774e-26
NB,combined,pr,1.0,0.446042180224596,5.190328972049591e-26
NB,combined,pr,1.0,0.4461032735241748,5.529229047462181e-26
NB,combined,pr,1.0,0.44616438356164384,5.843273888449296e-26
NB,combined,pr,1.0,0.44622551034388275,6.054740904418898e-26
NB,combined,pr,1.0,0.4462866538777747,6.770891925013997e-26
NB,combined,pr,1.0,0.4463478141702069,6.957118356130864e-26
NB,combined,pr,1.0,0.44640899122807015,9.201239427600008e-26
NB,combined,pr,1.0,0.4464701850582591,1.0001717141449202e-25
NB,combined,pr,1.0,0.4465313956676721,1.129448217555107e-25
NB,combined,pr,1.0,0.4465926230632113,1.1764088844159793e-25
NB,combined,pr,1.0,0.4466538672517828,1.1802339934158706e-25
NB,combined,pr,1.0,0.44671512824029624,1.513859469099243e-25
NB,combined,pr,1.0,0.4467764060356653,1.8910390090054874e-25
NB,combined,pr,1.0,0.44683770064480727,2.2291558004396115e-25
NB,combined,pr,1.0,0.4468990120746433,2.23623440233121e-25
NB,combined,pr,1.0,0.44696034033209825,2.291767290898907e-25
NB,combined,pr,1.0,0.44702168542410103,2.323002382969961e-25
NB,combined,pr,1.0,0.4470830473575841,2.668976709319481e-25
NB,combined,pr,1.0,0.4471444261394838,4.212733019522916e-25
NB,combined,pr,1.0,0.44720582177674034,4.334346128509532e-25
NB,combined,pr,1.0,0.4472672342762977,4.544301529277827e-25
NB,combined,pr,1.0,0.4473286636451037,5.051218119747584e-25
NB,combined,pr,1.0,0.4473901098901099,5.273885947261258e-25
NB,combined,pr,1.0,0.44745157301827176,5.388741660611065e-25
NB,combined,pr,1.0,0.4475130530365485,5.915075030807753e-25
NB,combined,pr,1.0,0.44757454995190327,8.055929625754437e-25
NB,combined,pr,1.0,0.44763606377130294,8.371021903178463e-25
NB,combined,pr,1.0,0.4476975945017182,8.992240134207883e-25
NB,combined,pr,1.0,0.44775914215012375,1.0117825389199566e-24
NB,combined,pr,1.0,0.4478207067234979,1.2278431454313582e-24
NB,combined,pr,1.0,0.44788228822882287,1.44530838765894e-24
NB,combined,pr,1.0,0.4479438866730849,1.4599840106125026e-24
NB,combined,pr,1.0,0.4480055020632737,1.6241993457943865e-24
NB,combined,pr,1.0,0.4480671344063833,1.8747228167167106e-24
NB,combined,pr,1.0,0.4481287837094111,2.0440477137631996e-24
NB,combined,pr,1.0,0.44819044997935875,2.0644096176240133e-24
NB,combined,pr,1.0,0.4482521332232315,2.0916989440438275e-24
NB,combined,pr,1.0,0.44831383344803855,2.224966129664649e-24
NB,combined,pr,1.0,0.44837555066079293,2.3337401570244634e-24
NB,combined,pr,1.0,0.44843728486851164,2.380099509366071e-24
NB,combined,pr,1.0,0.44849903607821534,2.420929464492066e-24
NB,combined,pr,1.0,0.4485608042969288,2.4285933449206305e-24
NB,combined,pr,1.0,0.44862258953168044,3.082603783672841e-24
NB,combined,pr,1.0,0.4486843917895027,3.507751030696047e-24
NB,combined,pr,1.0,0.4487462110774318,4.163101695917962e-24
NB,combined,pr,1.0,0.4488080474025079,4.739601526901593e-24
NB,combined,pr,1.0,0.4488699007717751,4.914080482638904e-24
NB,combined,pr,1.0,0.44893177119228117,5.134693796618722e-24
NB,combined,pr,1.0,0.44899365867107804,5.6426034672861095e-24
NB,combined,pr,1.0,0.4490555632152213,5.827558092314198e-24
NB,combined,pr,1.0,0.44911748483177055,5.846404768289982e-24
NB,combined,pr,1.0,0.4491794235277893,6.108848909787825e-24
NB,combined,pr,1.0,0.4492413793103448,6.705189998164703e-24
NB,combined,pr,1.0,0.44930335218650846,6.73636457312602e-24
NB,combined,pr,1.0,0.4493653421633554,7.002028199071547e-24
NB,combined,pr,1.0,0.4494273492479647,7.403162589554708e-24
NB,combined,pr,1.0,0.44948937344741924,7.928324152797335e-24
NB,combined,pr,1.0,0.44955141476880606,9.177034387555124e-24
NB,combined,pr,1.0,0.4496134732192159,1.1005258006777817e-23
NB,combined,pr,1.0,0.44967554880574345,1.1589911727559081e-23
NB,combined,pr,1.0,0.44973764153548745,1.2479544008581094e-23
NB,combined,pr,1.0,0.44979975141555034,1.2782023597842651e-23
NB,combined,pr,1.0,0.44986187845303865,1.4291067119922008e-23
NB,combined,pr,1.0,0.44992402265506287,1.9199122349190254e-23
NB,combined,pr,1.0,0.44998618402873725,1.9889189362794023e-23
NB,combined,pr,1.0,0.45004836258118003,2.14343942068331e-23
NB,combined,pr,1.0,0.4501105583195135,3.032065274676585e-23
NB,combined,pr,1.0,0.45017277125086386,3.342504775510432e-23
NB,combined,pr,1.0,0.45023500138236106,3.63051842144675e-23
NB,combined,pr,1.0,0.45029724872113924,3.821872055040091e-23
NB,combined,pr,1.0,0.45035951327433627,3.8314330352963637e-23
NB,combined,pr,1.0,0.4504217950490942,3.8381868533465296e-23
NB,combined,pr,1.0,0.4504840940525588,4.2834244232476634e-23
NB,combined,pr,1.0,0.4505464102918799,4.317059143366105e-23
NB,combined,pr,1.0,0.4506087437742114,4.9162798489513664e-23
NB,combined,pr,1.0,0.45067109450671095,5.01962446907037e-23
NB,combined,pr,1.0,0.4507334624965403,5.096880225197217e-23
NB,combined,pr,1.0,0.45079584775086506,5.287875082430086e-23
NB,combined,pr,1.0,0.45085825027685494,5.34524092395341e-23
NB,combined,pr,1.0,0.4509206700816835,5.345764885406306e-23
NB,combined,pr,1.0,0.4509831071725284,6.694860351427062e-23
NB,combined,pr,1.0,0.4510455615565711,6.852947662056448e-23
NB,combined,pr,1.0,0.45110803324099724,7.084155261317114e-23
NB,combined,pr,1.0,0.45117052223299625,7.185483832906869e-23
NB,combined,pr,1.0,0.4512330285397617,7.895722976849594e-23
NB,combined,pr,1.0,0.45129555216849104,8.205988749293905e-23
NB,combined,pr,1.0,0.4513580931263858,9.480135960289243e-23
NB,combined,pr,1.0,0.4514206514206514,1.0221076632012619e-22
NB,combined,pr,1.0,0.45148322705849736,1.0947601245779644e-22
NB,combined,pr,1.0,0.4515458200471371,1.3673479786732686e-22
NB,combined,pr,1.0,0.4516084303937881,1.4686064073094913e-22
NB,combined,pr,1.0,0.4516710581056719,1.5875575802138941e-22
NB,combined,pr,1.0,0.4517337031900139,1.8084927863864047e-22
NB,combined,pr,1.0,0.4517963656540436,1.8716026714227419e-22
NB,combined,pr,1.0,0.45185904550499445,2.0552174300859728e-22
NB,combined,pr,1.0,0.45192174275010405,2.106803105727433e-22
NB,combined,pr,1.0,0.4519844573966139,2.5010425532255916e-22
NB,combined,pr,1.0,0.4520471894517696,2.568435827256725e-22
NB,combined,pr,1.0,0.45210993892282064,2.914913291969228e-22
NB,combined,pr,1.0,0.4521727058170207,2.9478641268083163e-22
NB,combined,pr,1.0,0.45223549014162734,3.0754248508230906e-22
NB,combined,pr,1.0,0.45229829190390225,3.4198371066028264e-22
NB,combined,pr,1.0,0.4523611111111111,3.755567080392677e-22
NB,combined,pr,1.0,0.4524239477705237,3.9472112794183664e-22
NB,combined,pr,1.0,0.4524868018894137,4.2000236348991086e-22
NB,combined,pr,1.0,0.45254967347505903,4.255600694995416e-22
NB,combined,pr,1.0,0.4526125625347415,4.310084483068366e-22
NB,combined,pr,1.0,0.4526754690757471,4.4640307417921155e-22
NB,combined,pr,1.0,0.45273839310536557,4.56708519199357e-22
NB,combined,pr,1.0,0.4528013346308911,5.318641215662854e-22
NB,combined,pr,1.0,0.4528642936596218,5.888469977148682e-22
NB,combined,pr,1.0,0.4529272701988597,5.916113680985326e-22
NB,combined,pr,1.0,0.452990264255911,5.924371741548492e-22
NB,combined,pr,1.0,0.45305327583808597,6.624071568768567e-22
NB,combined,pr,1.0,0.45311630495269895,7.048027108391115e-22
NB,combined,pr,1.0,0.4531793516070683,7.274360832580115e-22
NB,combined,pr,1.0,0.45324241580851654,7.45552679690854e-22
NB,combined,pr,1.0,0.4533054975643702,7.844170281339292e-22
NB,combined,pr,1.0,0.4533685968819599,8.672610974189962e-22
NB,combined,pr,1.0,0.45343171376862035,9.254463256618352e-22
NB,combined,pr,1.0,0.45349484823169034,9.74965043968281e-22
NB,combined,pr,1.0,0.45355800027851273,1.099525626812421e-21
NB,combined,pr,1.0,0.45362116991643453,1.1069255015493028e-21
NB,combined,pr,1.0,0.4536843571528068,1.2937588826632634e-21
NB,combined,pr,1.0,0.45374756199498467,1.3857361491122813e-21
NB,combined,pr,1.0,0.4538107844503274,1.572523363532352e-21
NB,combined,pr,1.0,0.45387402452619846,1.6138329707801807e-21
NB,combined,pr,1.0,0.45393728222996516,1.664209100190335e-21
NB,combined,pr,1.0,0.45400055756899915,1.823618779737966e-21
NB,combined,pr,1.0,0.45406385055067616,1.9638438343911443e-21
NB,combined,pr,1.0,0.4541271611823759,2.069087753362874e-21
NB,combined,pr,1.0,0.4541904894714824,2.159028445537763e-21
NB,combined,pr,1.0,0.45425383542538356,2.373108678435148e-21
NB,combined,pr,1.0,0.4543171990514716,2.5710492017841523e-21
NB,combined,pr,1.0,0.45438058035714285,2.845372173948888e-21
NB,combined,pr,1.0,0.4544439793497977,2.8633449898348414e-21
NB,combined,pr,1.0,0.45450739603684065,2.9019224250760446e-21
NB,combined,pr,1.0,0.4546342825237298,2.9295876078634348e-21
NB,combined,pr,1.0,0.4546977523384057,3.1240673477974724e-21
NB,combined,pr,1.0,0.4547612398771293,3.1861286793326897e-21
NB,combined,pr,1.0,0.4548247451473258,3.20143072605985e-21
NB,combined,pr,1.0,0.4548882681564246,3.46500623233384e-21
NB,combined,pr,1.0,0.4549518089118592,3.605078922232077e-21
NB,combined,pr,1.0,0.45501536742106735,3.985245184685514e-21
NB,combined,pr,1.0,0.4550789436914908,4.000616067099091e-21
NB,combined,pr,1.0,0.4551425377305757,4.8317646573767634e-21
NB,combined,pr,1.0,0.4552061495457722,5.01179294133214e-21
NB,combined,pr,1.0,0.45526977914453454,5.070187679564145e-21
NB,combined,pr,1.0,0.45533342653432124,5.266364047970936e-21
NB,combined,pr,1.0,0.45539709172259507,5.4509812252886596e-21
NB,combined,pr,1.0,0.45546077471682284,5.920613211821103e-21
NB,combined,pr,1.0,0.4555244755244755,6.213107789408464e-21
NB,combined,pr,1.0,0.45558819415302837,6.330732297592006e-21
NB,combined,pr,1.0,0.45565193060996084,6.406724786456683e-21
NB,combined,pr,1.0,0.4557156849027564,6.602010079191612e-21
NB,combined,pr,1.0,0.4557794570389029,6.676599962987999e-21
NB,combined,pr,1.0,0.45584324702589224,6.808726981787601e-21
NB,combined,pr,1.0,0.45590705487122063,7.013219752533959e-21
NB,combined,pr,1.0,0.4559708805823883,7.055705374420232e-21
NB,combined,pr,1.0,0.45603472416690005,8.358463026371689e-21
NB,combined,pr,1.0,0.4560985856322644,8.623473915048001e-21
NB,combined,pr,1.0,0.4561624649859944,8.65966003556014e-21
NB,combined,pr,1.0,0.45622636223560725,8.873134577924257e-21
NB,combined,pr,1.0,0.45629027738862427,8.87580135427779e-21
NB,combined,pr,1.0,0.45635421045257113,9.952035869285285e-21
NB,combined,pr,1.0,0.4564181614349776,1.1143015986033005e-20
NB,combined,pr,1.0,0.4564821303433777,1.1181164681327397e-20
NB,combined,pr,1.0,0.4565461171853098,1.2976807113430737e-20
NB,combined,pr,1.0,0.4566101219683163,1.3046899563434006e-20
NB,combined,pr,1.0,0.45667414469994394,1.319773790821955e-20
NB,combined,pr,1.0,0.45673818538774363,1.3948999331158948e-20
NB,combined,pr,1.0,0.45680224403927067,1.401168306995563e-20
NB,combined,pr,1.0,0.45686632066208444,1.508193149336127e-20
NB,combined,pr,1.0,0.4569304152637486,1.5248472999200252e-20
NB,combined,pr,1.0,0.4569945278518311,1.9478724032411162e-20
NB,combined,pr,1.0,0.45705865843390403,1.9955368947081385e-20
NB,combined,pr,1.0,0.4571228070175439,2.0154381473209088e-20
NB,combined,pr,1.0,0.4571869736103313,2.0677173154915064e-20
NB,combined,pr,1.0,0.4572511582198512,2.0811915344221857e-20
NB,combined,pr,1.0,0.4573153608536928,2.0906304640994644e-20
NB,combined,pr,1.0,0.4573795815194495,2.129428234693236e-20
NB,combined,pr,1.0,0.4574438202247191,2.2369961415976754e-20
NB,combined,pr,1.0,0.45750807697710355,2.2380473287080532e-20
NB,combined,pr,1.0,0.4575723517842091,2.3210595655996384e-20
NB,combined,pr,1.0,0.4576366446536462,2.353078586267949e-20
NB,combined,pr,1.0,0.4577009555930298,2.3772203307211194e-20
NB,combined,pr,1.0,0.4577652846099789,2.573543338494941e-20
NB,combined,pr,1.0,0.45782963171211694,2.7384047900586104e-20
NB,combined,pr,1.0,0.45789399690707155,2.972799487769471e-20
NB,combined,pr,1.0,0.4579583802024747,3.223364437089813e-20
NB,combined,pr,1.0,0.4580227816059626,3.406893244637287e-20
NB,combined,pr,1.0,0.4580872011251758,3.5603965200842766e-20
NB,combined,pr,1.0,0.45815163876775916,3.663717940395152e-20
NB,combined,pr,1.0,0.45821609454136186,3.7397541360206495e-20
NB,combined,pr,1.0,0.45828056845363724,3.923828789367877e-20
NB,combined,pr,1.0,0.45834506051224316,4.62483737689093e-20
NB,combined,pr,1.0,0.4584095707248417,4.8323623193763123e-20
NB,combined,pr,1.0,0.4585386456426862,4.881324558248608e-20
NB,combined,pr,1.0,0.45860321036327795,4.941090877608544e-20
NB,combined,pr,1.0,0.4586677932685537,4.962181136576734e-20
NB,combined,pr,1.0,0.45873239436619717,4.9786262129455145e-20
NB,combined,pr,1.0,0.4587970136638963,5.052795069680274e-20
NB,combined,pr,1.0,0.45886165116934347,5.233697707814063e-20
NB,combined,pr,1.0,0.45892630689023534,5.2439426501068724e-20
NB,combined,pr,1.0,0.4589909808342728,5.474360501988377e-20
NB,combined,pr,1.0,0.4590556730091614,5.768805965389281e-20
NB,combined,pr,1.0,0.45912038342261063,6.615374329963242e-20
NB,combined,pr,1.0,0.4591851120823347,6.753843271256023e-20
NB,combined,pr,1.0,0.45924985899605186,6.866874806349291e-20
NB,combined,pr,1.0,0.459314624171485,6.9743409494992e-20
NB,combined,pr,1.0,0.4593794076163611,7.275544752623204e-20
NB,combined,pr,1.0,0.4594442093384116,7.310415290602215e-20
NB,combined,pr,1.0,0.45957386764498376,7.838129685807007e-20
NB,combined,pr,1.0,0.45963872424499014,8.194607685162063e-20
NB,combined,pr,1.0,0.45970359915314046,8.342604021454934e-20
NB,combined,pr,1.0,0.45976849237718803,8.543040210725885e-20
NB,combined,pr,1.0,0.4598334039248906,9.944574199796961e-20
NB,combined,pr,1.0,0.4598983338040102,1.0126758068730291e-19
NB,combined,pr,1.0,0.45996328202231324,1.019641177753265e-19
NB,combined,pr,1.0,0.46002824858757063,1.0394758587079903e-19
NB,combined,pr,1.0,0.46009323350755754,1.0507445355486098e-19
NB,combined,pr,1.0,0.4601582367900537,1.08455488447173e-19
NB,combined,pr,1.0,0.460223258442843,1.114243342303287e-19
NB,combined,pr,1.0,0.46028829847371394,1.191697369425268e-19
NB,combined,pr,1.0,0.46035335689045936,1.2483551014030083e-19
NB,combined,pr,1.0,0.46041843370087643,1.3495912910371435e-19
NB,combined,pr,1.0,0.46048352891276684,1.3805770651179478e-19
NB,combined,pr,1.0,0.4605486425339366,1.412960391404646e-19
NB,combined,pr,1.0,0.4606137745721963,1.4208829752312618e-19
NB,combined,pr,1.0,0.4606789250353607,1.431732453843665e-19
NB,combined,pr,1.0,0.4607440939312491,1.473550716749469e-19
NB,combined,pr,1.0,0.46080928126768533,1.4812297298505022e-19
NB,combined,pr,1.0,0.4608744870524975,1.5470439393099258e-19
NB,combined,pr,1.0,0.46093971129351824,1.5602735977187586e-19
NB,combined,pr,1.0,0.4610049539985846,1.5643646322596545e-19
NB,combined,pr,1.0,0.4610702151755379,1.6178267101045283e-19
NB,combined,pr,1.0,0.46113549483222427,1.6405675402546471e-19
NB,combined,pr,1.0,0.4612007929764939,1.6777050586227623e-19
NB,combined,pr,1.0,0.4612661096162017,1.6990740590596536e-19
NB,combined,pr,1.0,0.4613314447592068,1.6994624564878852e-19
NB,combined,pr,1.0,0.461396798413373,1.787066376753247e-19
NB,combined,pr,1.0,0.4614621705865684,1.7937870754425814e-19
NB,combined,pr,1.0,0.4615275612866657,1.8362046361889187e-19
NB,combined,pr,1.0,0.46159297052154197,1.8940695902461817e-19
NB,combined,pr,1.0,0.4616583982990787,1.9260286143819438e-19
NB,combined,pr,1.0,0.4617238446271619,2.179908987304343e-19
NB,combined,pr,1.0,0.46178930951368213,2.7585608004731243e-19
NB,combined,pr,1.0,0.4618547929665343,2.765252647537927e-19
NB,combined,pr,1.0,0.4619202949936179,3.09221434043779e-19
NB,combined,pr,1.0,0.46198581560283686,3.3003814914242596e-19
NB,combined,pr,1.0,0.4620513548020996,3.350833299114109e-19
NB,combined,pr,1.0,0.462116912599319,3.4202485291186093e-19
NB,combined,pr,1.0,0.4621824890024124,3.4554685880162613e-19
NB,combined,pr,1.0,0.46224808401930173,3.479662788695695e-19
NB,combined,pr,1.0,0.4623136976579134,3.589892370155573e-19
NB,combined,pr,1.0,0.4623793299261783,4.262445664411678e-19
NB,combined,pr,1.0,0.4624449808320318,4.563018019392772e-19
NB,combined,pr,1.0,0.4625106503834138,4.683071596610139e-19
NB,combined,pr,1.0,0.4625763385882687,4.960599152397816e-19
NB,combined,pr,1.0,0.46264204545454546,5.120301928634332e-19
NB,combined,pr,1.0,0.4627077709901975,5.127187263590903e-19
NB,combined,pr,1.0,0.4627735152031827,5.187616817017023e-19
NB,combined,pr,1.0,0.4628392781014637,5.226637918666728e-19
NB,combined,pr,1.0,0.4629050596930074,5.261344971630378e-19
NB,combined,pr,1.0,0.46297085998578535,5.275425367353755e-19
NB,combined,pr,1.0,0.4630366789877737,5.4687454552741385e-19
NB,combined,pr,1.0,0.46310251670695296,5.600406425756934e-19
NB,combined,pr,1.0,0.4631683731513083,5.786704025612363e-19
NB,combined,pr,1.0,0.4632342483288295,5.87556832649045e-19
NB,combined,pr,1.0,0.46330014224751065,6.231925290147869e-19
NB,combined,pr,1.0,0.4633660549153507,6.629574986574586e-19
NB,combined,pr,1.0,0.4634319863403529,6.952987455004648e-19
NB,combined,pr,1.0,0.4634979365305251,6.992086542326752e-19
NB,combined,pr,1.0,0.4635639054938799,7.418733103107318e-19
NB,combined,pr,1.0,0.4636298932384342,7.985939756575759e-19
NB,combined,pr,1.0,0.46369589977220954,8.232639446042377e-19
NB,combined,pr,1.0,0.4637619251032322,8.376786250340664e-19
NB,combined,pr,1.0,0.4638279692395329,8.391540034269686e-19
NB,combined,pr,1.0,0.4638940321891468,8.484838066190599e-19
NB,combined,pr,1.0,0.46396011396011394,8.597198226270106e-19
NB,combined,pr,1.0,0.4640262145604787,8.947145982748001e-19
NB,combined,pr,1.0,0.4640923339982901,9.10320051653165e-19
NB,combined,pr,1.0,0.46415847228160184,9.191466726289175e-19
NB,combined,pr,1.0,0.4642246294184721,9.277619317969185e-19
NB,combined,pr,1.0,0.46429080541696366,9.30757931453171e-19
NB,combined,pr,1.0,0.464357000285144,9.330225115740323e-19
NB,combined,pr,1.0,0.4644232140310851,9.491634567769935e-19
NB,combined,pr,1.0,0.4644894466628637,9.659125958780803e-19
NB,combined,pr,1.0,0.46455569818856085,1.0133660641200237e-18
NB,combined,pr,1.0,0.4646219686162625,1.0237071854184282e-18
NB,combined,pr,1.0,0.46468825795405905,1.0301438695442029e-18
NB,combined,pr,1.0,0.4647545662100457,1.090927386905528e-18
NB,combined,pr,1.0,0.46482089339232197,1.11401028302588e-18
NB,combined,pr,1.0,0.4648872395089923,1.1339566865601248e-18
NB,combined,pr,1.0,0.4649536045681656,1.1395926136401522e-18
NB,combined,pr,1.0,0.46501998857795546,1.2693127893648084e-18
NB,combined,pr,1.0,0.46508639154648007,1.3478774036391624e-18
NB,combined,pr,1.0,0.4651528134818623,1.3766954077107184e-18
NB,combined,pr,1.0,0.46521925439222966,1.3808927754412249e-18
NB,combined,pr,1.0,0.4652857142857143,1.402377893482472e-18
NB,combined,pr,1.0,0.4653521931704529,1.4552526434906746e-18
NB,combined,pr,1.0,0.46541869105458705,1.6591287537241936e-18
NB,combined,pr,1.0,0.4654852079462627,1.6627631537457912e-18
NB,combined,pr,1.0,0.46555174385363063,1.6682551294379962e-18
NB,combined,pr,1.0,0.46561829878484634,1.6823160383995088e-18
NB,combined,pr,1.0,0.4656848727480698,1.6987189929052583e-18
NB,combined,pr,1.0,0.46575146575146575,1.7081486102248043e-18
NB,combined,pr,1.0,0.46581807780320367,1.7948735317137274e-18
NB,combined,pr,1.0,0.4658847089114576,1.820043680507027e-18
NB,combined,pr,1.0,0.46595135908440627,1.8533068161179983e-18
NB,combined,pr,1.0,0.4660180283302332,1.885742245181477e-18
NB,combined,pr,1.0,0.46608471665712653,1.9009648482312626e-18
NB,combined,pr,1.0,0.4661514240732789,2.0179142648004602e-18
NB,combined,pr,1.0,0.46621815058688804,2.026652818491252e-18
NB,combined,pr,1.0,0.46628489620615604,2.039200505210229e-18
NB,combined,pr,1.0,0.4663516609392898,2.0619104968014888e-18
NB,combined,pr,1.0,0.46641844479450095,2.202107893977839e-18
NB,combined,pr,1.0,0.4664852477800057,2.470106725846904e-18
NB,combined,pr,1.0,0.4665520699040252,2.5003560373864364e-18
NB,combined,pr,1.0,0.4666189111747851,2.6019765076173102e-18
NB,combined,pr,1.0,0.46668577160051583,2.667708302129941e-18
NB,combined,pr,1.0,0.4667526511894526,2.8109526066969334e-18
NB,combined,pr,1.0,0.46681954994983516,2.816057792242607e-18
NB,combined,pr,1.0,0.46688646788990823,2.8432202436880248e-18
NB,combined,pr,1.0,0.46695340501792115,3.0158746959443544e-18
NB,combined,pr,1.0,0.4670203613421279,3.0835625996635575e-18
NB,combined,pr,1.0,0.4670873368707873,3.4655822655085845e-18
NB,combined,pr,1.0,0.46715433161216297,3.531141323045588e-18
NB,combined,pr,1.0,0.46722134557452305,3.5364512300927876e-18
NB,combined,pr,1.0,0.4672883787661406,3.548114942343582e-18
NB,combined,pr,1.0,0.46735543119529344,3.620547393068455e-18
NB,combined,pr,1.0,0.46742250287026404,3.623950718358431e-18
NB,combined,pr,1.0,0.46748959379933974,3.7141131824453835e-18
NB,combined,pr,1.0,0.4675567039908125,3.856145597131809e-18
NB,combined,pr,1.0,0.4676238334529792,3.904112594399897e-18
NB,combined,pr,1.0,0.4676909821941413,3.929415600935614e-18
NB,combined,pr,1.0,0.4677581502226052,3.9612700395601555e-18
NB,combined,pr,1.0,0.467825337546682,4.080735187200882e-18
NB,combined,pr,1.0,0.46789254417468756,4.1762551684399705e-18
NB,combined,pr,1.0,0.46795977011494255,4.223555830220609e-18
NB,combined,pr,1.0,0.46809427996550734,4.2361308297689215e-18
NB,combined,pr,1.0,0.46816156389248237,4.3400969235467215e-18
NB,combined,pr,1.0,0.46822886716503737,4.354863548940326e-18
NB,combined,pr,1.0,0.4682961897915169,4.76816947118128e-18
NB,combined,pr,1.0,0.46836353178027035,4.795306882461945e-18
NB,combined,pr,1.0,0.46843089313965197,4.9209567624019375e-18
NB,combined,pr,1.0,0.46849827387802073,4.940845472242537e-18
NB,combined,pr,1.0,0.46863309352517984,5.436008572613004e-18
NB,combined,pr,1.0,0.46870053245071236,5.543814438997428e-18
NB,combined,pr,1.0,0.46876799078871617,5.555522952021282e-18
NB,combined,pr,1.0,0.4688354685475745,5.771794738455208e-18
NB,combined,pr,1.0,0.4689029657356752,5.837838204560651e-18
NB,combined,pr,1.0,0.4689704823614111,5.8510068446328105e-18
NB,combined,pr,1.0,0.4690380184331797,5.951260648587221e-18
NB,combined,pr,1.0,0.46910557395938357,6.0919790967087586e-18
NB,combined,pr,1.0,0.4691731489484299,6.289088331142562e-18
NB,combined,pr,1.0,0.46924074340873073,6.4213274315741684e-18
NB,combined,pr,1.0,0.4693083573487032,6.549313964661061e-18
NB,combined,pr,1.0,0.469375990776769,6.7323198068208744e-18
NB,combined,pr,1.0,0.4694436437013549,7.204497658641804e-18
NB,combined,pr,1.0,0.4695113161308923,7.250676160464823e-18
NB,combined,pr,1.0,0.46957900807381775,7.465027630462756e-18
NB,combined,pr,1.0,0.46964671953857245,7.712711482268364e-18
NB,combined,pr,1.0,0.46971445053360256,7.737585980590153e-18
NB,combined,pr,1.0,0.469782201067359,8.913831505962974e-18
NB,combined,pr,1.0,0.46984997114829774,9.472500081847583e-18
NB,combined,pr,1.0,0.4699177607848795,9.727473068578077e-18
NB,combined,pr,1.0,0.46998556998557,9.991878242621041e-18
NB,combined,pr,1.0,0.47005339875883967,1.0439613650802624e-17
NB,combined,pr,1.0,0.470121247113164,1.0491370049756465e-17
NB,combined,pr,1.0,0.47018911505702327,1.118104096878041e-17
NB,combined,pr,1.0,0.4702570025989027,1.119672114232041e-17
NB,combined,pr,1.0,0.4703249097472924,1.156113722954278e-17
NB,combined,pr,1.0,0.4703928365106875,1.285276748245283e-17
NB,combined,pr,1.0,0.47046078289758775,1.3042006907140138e-17
NB,combined,pr,1.0,0.4705287489164981,1.393270560347298e-17
NB,combined,pr,1.0,0.4705967345759283,1.4418015958222524e-17
NB,combined,pr,1.0,0.47066473988439306,1.475489685430645e-17
NB,combined,pr,1.0,0.47073276485041193,1.4929370734147497e-17
NB,combined,pr,1.0,0.4708008094825094,1.7318125922728757e-17
NB,combined,pr,1.0,0.470868873789215,1.804559854106532e-17
NB,combined,pr,1.0,0.470936957779063,1.871818718273251e-17
NB,combined,pr,1.0,0.4710050614605929,1.8735305686114066e-17
NB,combined,pr,1.0,0.47107318484234884,1.9122750015015934e-17
NB,combined,pr,1.0,0.4711413279328801,1.9457372779982048e-17
NB,combined,pr,1.0,0.47120949074074076,2.0212607202199084e-17
NB,combined,pr,1.0,0.47127767327448994,2.0658912247416668e-17
NB,combined,pr,1.0,0.47134587554269175,2.132309720037269e-17
NB,combined,pr,1.0,0.47141409755391517,2.3512158330503974e-17
NB,combined,pr,1.0,0.4714823393167342,2.398194516044762e-17
NB,combined,pr,1.0,0.47155060083972783,2.591580469608933e-17
NB,combined,pr,1.0,0.4716188821314799,2.6532975868398336e-17
NB,combined,pr,1.0,0.4716871832005793,2.7921175322938957e-17
NB,combined,pr,1.0,0.47175550405561995,2.8393050142818605e-17
NB,combined,pr,1.0,0.4718238447052006,2.870584609123054e-17
NB,combined,pr,1.0,0.47189220515792524,2.993586750236322e-17
NB,combined,pr,1.0,0.47196058542240255,3.067653826959747e-17
NB,combined,pr,1.0,0.47202898550724637,3.079418300656378e-17
NB,combined,pr,1.0,0.47209740542107553,3.267765403629287e-17
NB,combined,pr,1.0,0.47216584517251375,3.365592252630998e-17
NB,combined,pr,1.0,0.47223430477018996,3.422263965788889e-17
NB,combined,pr,1.0,0.4723027842227378,3.427359419446442e-17
NB,combined,pr,1.0,0.4723712835387962,3.556803215643112e-17
NB,combined,pr,1.0,0.472439802727009,4.0145874129295324e-17
NB,combined,pr,1.0,0.47250834179602497,4.2869009351898246e-17
NB,combined,pr,1.0,0.472576900754498,4.366677199822974e-17
NB,combined,pr,1.0,0.47264547961108694,4.501254629379354e-17
NB,combined,pr,1.0,0.4727140783744557,4.696607744786548e-17
NB,combined,pr,1.0,0.47278269705327336,4.740481636693734e-17
NB,combined,pr,1.0,0.4728513356562137,5.045632169143867e-17
NB,combined,pr,1.0,0.47291999419195585,5.0839844103981574e-17
NB,combined,pr,1.0,0.4729886726691839,5.1639844458421674e-17
NB,combined,pr,1.0,0.4730573710965868,5.2784180656526213e-17
NB,combined,pr,1.0,0.4731260894828588,5.3036583753155234e-17
NB,combined,pr,1.0,0.47319482783669914,5.4923230643161296e-17
NB,combined,pr,1.0,0.47326358616681197,5.707810040896142e-17
NB,combined,pr,1.0,0.4733323644819067,5.932863644626771e-17
NB,combined,pr,1.0,0.47340116279069766,5.955239505483059e-17
NB,combined,pr,1.0,0.47346998110190436,6.134703369070573e-17
NB,combined,pr,1.0,0.47353881942425124,6.228505139082322e-17
NB,combined,pr,1.0,0.47360767776646795,6.573705692183186e-17
NB,combined,pr,1.0,0.4736765561372891,6.607719243335764e-17
NB,combined,pr,1.0,0.4737454545454545,6.686347107172107e-17
NB,combined,pr,1.0,0.473814372999709,6.702023552821544e-17
NB,combined,pr,1.0,0.4738833115088026,6.711424980928817e-17
NB,combined,pr,1.0,0.4739522700814901,6.772280168335522e-17
NB,combined,pr,1.0,0.4740212487265318,7.073533452803148e-17
NB,combined,pr,1.0,0.47409024745269285,7.105517188337807e-17
NB,combined,pr,1.0,0.4741592662687436,7.3702246675259e-17
NB,combined,pr,1.0,0.47422830518345954,7.378672413521505e-17
NB,combined,pr,1.0,0.4742973642056211,7.581911304841114e-17
NB,combined,pr,1.0,0.47436644334401395,7.741732977406222e-17
NB,combined,pr,1.0,0.474435542607429,8.528644517742027e-17
NB,combined,pr,1.0,0.474504662004662,8.762732228671144e-17
NB,combined,pr,1.0,0.47457380154451406,8.769411448339985e-17
NB,combined,pr,1.0,0.4746429612357913,8.877329155564105e-17
NB,combined,pr,1.0,0.4747121410873051,8.91808833143696e-17
NB,combined,pr,1.0,0.47478134110787173,8.925604076815429e-17
NB,combined,pr,1.0,0.47485056130631287,9.086061252591952e-17
NB,combined,pr,1.0,0.47491980169145526,9.178123088225317e-17
NB,combined,pr,1.0,0.47498906227213067,9.560652602435927e-17
NB,combined,pr,1.0,0.4750583430571762,9.654385332445872e-17
NB,combined,pr,1.0,0.475127644055434,9.661492098002662e-17
NB,combined,pr,1.0,0.4751969652757514,9.680770783524336e-17
NB,combined,pr,1.0,0.4752663067269809,9.725963355879887e-17
NB,combined,pr,1.0,0.47533566841798014,9.868145618619896e-17
NB,combined,pr,1.0,0.47540505035761205,9.92863012858579e-17
NB,combined,pr,1.0,0.4754744525547445,1.0027378135408891e-16
NB,combined,pr,1.0,0.47554387501825085,1.0034220639174073e-16
NB,combined,pr,1.0,0.4756133177570093,1.0206619036527297e-16
NB,combined,pr,1.0,0.4756827807799036,1.0215970861967904e-16
NB,combined,pr,1.0,0.4757522640958224,1.0231278064861014e-16
NB,combined,pr,1.0,0.4758217677136596,1.0286229000953304e-16
NB,combined,pr,1.0,0.4758912916423144,1.031900036236093e-16
NB,combined,pr,1.0,0.4759608358906912,1.0342311679502743e-16
NB,combined,pr,1.0,0.4760304004676995,1.1250277755199448e-16
NB,combined,pr,1.0,0.47609998538225407,1.152541021454794e-16
NB,combined,pr,1.0,0.47616959064327485,1.1758117058547217e-16
NB,combined,pr,1.0,0.47623921625968707,1.2027150402865748e-16
NB,combined,pr,1.0,0.4763088622404212,1.2132288978398692e-16
NB,combined,pr,1.0,0.47637852859441276,1.3106672828914544e-16
NB,combined,pr,1.0,0.47644821533060266,1.3436734915015976e-16
NB,combined,pr,1.0,0.4765179224579371,1.376662432400074e-16
NB,combined,pr,1.0,0.4765876499853673,1.4018597653242409e-16
NB,combined,pr,1.0,0.47665739792184986,1.405388327103566e-16
NB,combined,pr,1.0,0.4767271662763466,1.4735992600783497e-16
NB,combined,pr,1.0,0.4767969550578246,1.4843475347392118e-16
NB,combined,pr,1.0,0.4768667642752562,1.5445713026191005e-16
NB,combined,pr,1.0,0.476936593937619,1.5525586476738404e-16
NB,combined,pr,1.0,0.47700644405389575,1.6381251176965838e-16
NB,combined,pr,1.0,0.47707631463307454,1.640444593776398e-16
NB,combined,pr,1.0,0.47714620568414884,1.659388392579165e-16
NB,combined,pr,1.0,0.47721611721611723,1.6956395914105e-16
NB,combined,pr,1.0,0.47728604923798357,1.7039761091561084e-16
NB,combined,pr,1.0,0.47735600175875714,1.7808457703076188e-16
NB,combined,pr,1.0,0.47742597478745236,1.7913170541092904e-16
NB,combined,pr,1.0,0.477495968333089,1.9027894667889537e-16
NB,combined,pr,1.0,0.47756598240469206,1.9061447354026246e-16
NB,combined,pr,1.0,0.477636017011292,1.9145728372489192e-16
NB,combined,pr,1.0,0.47770607216192434,2.001545103444398e-16
NB,combined,pr,1.0,0.47777614786563005,2.0253187352069349e-16
NB,combined,pr,1.0,0.4778462441314554,2.037910539960683e-16
NB,combined,pr,1.0,0.47791636096845197,2.0665894589984112e-16
NB,combined,pr,1.0,0.47798649838567653,2.1557128228181233e-16
NB,combined,pr,1.0,0.4780566563921914,2.1964228897573337e-16
NB,combined,pr,1.0,0.478126834997064,2.2048186226668206e-16
NB,combined,pr,1.0,0.4781970342093672,2.2222055949727294e-16
NB,combined,pr,1.0,0.47826725403817916,2.2511770808674613e-16
NB,combined,pr,1.0,0.47833749449258334,2.4063352787333506e-16
NB,combined,pr,1.0,0.47840775558166865,2.4311095258206313e-16
NB,combined,pr,1.0,0.47847803731452915,2.474717936290651e-16
NB,combined,pr,1.0,0.47854833970026445,2.477432540498175e-16
NB,combined,pr,1.0,0.47861866274797943,2.5123235213480356e-16
NB,combined,pr,1.0,0.47868900646678425,2.566130071310874e-16
NB,combined,pr,1.0,0.4787593708657945,2.7611210755746273e-16
NB,combined,pr,1.0,0.47882975595413113,2.796364562135341e-16
NB,combined,pr,1.0,0.4789001617409204,2.903701278323943e-16
NB,combined,pr,1.0,0.4789705882352941,2.934467586393822e-16
NB,combined,pr,1.0,0.47904103544638915,2.9559148616018224e-16
NB,combined,pr,1.0,0.47911150338334807,3.072179752309208e-16
NB,combined,pr,1.0,0.47918199205531853,3.073784184791578e-16
NB,combined,pr,1.0,0.4792525014714538,3.0813569068298547e-16
NB,combined,pr,1.0,0.47932303164091244,3.2808524091598494e-16
NB,combined,pr,1.0,0.4793935825728584,3.4398690195045377e-16
NB,combined,pr,1.0,0.47946415427646105,3.648209823508998e-16
NB,combined,pr,1.0,0.4795347467608952,3.6991525190352755e-16
NB,combined,pr,1.0,0.4796053600353409,3.7380133156424534e-16
NB,combined,pr,1.0,0.4796759941089838,3.816612705083952e-16
NB,combined,pr,1.0,0.4797466489910149,3.841399014158207e-16
NB,combined,pr,1.0,0.47981732469063054,3.9263138644841413e-16
NB,combined,pr,1.0,0.47988802121703256,4.1421919184090696e-16
NB,combined,pr,1.0,0.4799587385794282,4.1976523293618243e-16
NB,combined,pr,1.0,0.48002947678703023,4.2042071324074094e-16
NB,combined,pr,1.0,0.4801002358490566,4.3254890395895683e-16
NB,combined,pr,1.0,0.4801710157747309,4.4064987581264175e-16
NB,combined,pr,1.0,0.48024181657328224,4.4160607605658177e-16
NB,combined,pr,1.0,0.4803126382539448,4.469892725824362e-16
NB,combined,pr,1.0,0.4803834808259587,4.508178235889709e-16
NB,combined,pr,1.0,0.4804543442985691,4.60421926506987e-16
NB,combined,pr,1.0,0.4805252286810269,4.629597356700583e-16
NB,combined,pr,1.0,0.48059613398258816,4.655048626814108e-16
NB,combined,pr,1.0,0.48066706021251476,4.697219552131021e-16
NB,combined,pr,1.0,0.48073800738007383,4.880827744030327e-16
NB,combined,pr,1.0,0.48080897549453794,4.907644198568473e-16
NB,combined,pr,1.0,0.4808799645651853,4.974778340471021e-16
NB,combined,pr,1.0,0.4809509746012995,5.072838627422116e-16
NB,combined,pr,1.0,0.48102200561216957,5.254153112950221e-16
NB,combined,pr,1.0,0.4810930576070901,5.272421720294585e-16
NB,combined,pr,1.0,0.48116413059536123,5.400915032025595e-16
NB,combined,pr,1.0,0.4812352245862884,5.578603938853543e-16
NB,combined,pr,1.0,0.4813063395891828,5.673428499025046e-16
NB,combined,pr,1.0,0.4813774756133609,5.7183959691298475e-16
NB,combined,pr,1.0,0.48144863266814486,5.767802338895117e-16
NB,combined,pr,1.0,0.4815198107628622,5.83098752242421e-16
NB,combined,pr,1.0,0.48159100990684606,6.173707406590259e-16
NB,combined,pr,1.0,0.4816622301094351,6.296652235765127e-16
NB,combined,pr,1.0,0.48173347137997335,6.367674233648761e-16
NB,combined,pr,1.0,0.48180473372781063,6.443654755809291e-16
NB,combined,pr,1.0,0.4818760171623021,6.659976674991514e-16
NB,combined,pr,1.0,0.4819473216928085,6.660703909611096e-16
NB,combined,pr,1.0,0.48201864732869615,6.874936304414843e-16
NB,combined,pr,1.0,0.4820899940793369,6.950466398093465e-16
NB,combined,pr,1.0,0.4821613619541081,7.217578087799212e-16
NB,combined,pr,1.0,0.48223275096239265,7.627413560425119e-16
NB,combined,pr,1.0,0.48230416111357916,7.78221003040567e-16
NB,combined,pr,1.0,0.4823755924170616,7.826122178576222e-16
NB,combined,pr,1.0,0.48244704488223966,7.870198238192525e-16
NB,combined,pr,1.0,0.4825185185185185,8.104650551738288e-16
NB,combined,pr,1.0,0.48259001333530893,8.105884031807421e-16
NB,combined,pr,1.0,0.4826615293420273,8.600869054861551e-16
NB,combined,pr,1.0,0.48273306654809545,8.674526989905433e-16
NB,combined,pr,1.0,0.482804624962941,8.825627381361624e-16
NB,combined,pr,1.0,0.48287620459599706,8.884601305270244e-16
NB,combined,pr,1.0,0.48294780545670224,9.459587766098132e-16
NB,combined,pr,1.0,0.48301942755450095,9.464632275297448e-16
NB,combined,pr,1.0,0.48309107089884307,9.478991723041448e-16
NB,combined,pr,1.0,0.4831627354991841,9.785009232460234e-16
NB,combined,pr,1.0,0.4832344213649852,1.0099021835828436e-15
NB,combined,pr,1.0,0.48330612850571303,1.0351929838037163e-15
NB,combined,pr,1.0,0.48337785693084,1.0572341618504498e-15
NB,combined,pr,1.0,0.48344960664984415,1.0636791152491039e-15
NB,combined,pr,1.0,0.48352137767220904,1.0676705604479367e-15
NB,combined,pr,1.0,0.4835931700074239,1.075914998419624e-15
NB,combined,pr,1.0,0.48366498366498367,1.1015208660558255e-15
NB,combined,pr,1.0,0.48373681865438883,1.1025326839862004e-15
NB,combined,pr,1.0,0.48380867498514557,1.1613534513482887e-15
NB,combined,pr,1.0,0.4838805526667657,1.169686172261525e-15
NB,combined,pr,1.0,0.4839524517087667,1.1715745438104045e-15
NB,combined,pr,1.0,0.48402437212067173,1.1814388349551552e-15
NB,combined,pr,1.0,0.4840963139120095,1.2231334618780366e-15
NB,combined,pr,1.0,0.4841682770923146,1.3353501006736029e-15
NB,combined,pr,1.0,0.484240261671127,1.3507760946560035e-15
NB,combined,pr,1.0,0.48431226765799257,1.4115343333837706e-15
NB,combined,pr,1.0,0.48438429506246283,1.4358355684960354e-15
NB,combined,pr,1.0,0.4844563438940949,1.4667316982852234e-15
NB,combined,pr,1.0,0.4845284141624516,1.616661705142089e-15
NB,combined,pr,1.0,0.48460050587710163,1.6644338181245958e-15
NB,combined,pr,1.0,0.48467261904761905,1.7460771340543042e-15
NB,combined,pr,1.0,0.4847447536835839,1.7642032846448278e-15
NB,combined,pr,1.0,0.4848169097945817,1.7669768097445151e-15
NB,combined,pr,1.0,0.484889087390204,1.7879497838903774e-15
NB,combined,pr,1.0,0.48496128648004766,1.8124405300476845e-15
NB,combined,pr,1.0,0.48503350707371556,1.830765396548736e-15
NB,combined,pr,1.0,0.4851057491808162,1.8373194319005944e-15
NB,combined,pr,1.0,0.4851780128109638,1.8486552588806024e-15
NB,combined,pr,1.0,0.48525029797377833,1.9049398144188337e-15
NB,combined,pr,1.0,0.48532260467888544,1.947519025162682e-15
NB,combined,pr,1.0,0.48539493293591657,2.0150867469575993e-15
NB,combined,pr,1.0,0.48546728275450884,2.0254383207426963e-15
NB,combined,pr,1.0,0.48553965414430533,2.0295541105228965e-15
NB,combined,pr,1.0,0.48561204711495454,2.030516358085178e-15
NB,combined,pr,1.0,0.48568446167611096,2.061536934407595e-15
NB,combined,pr,1.0,0.48575689783743475,2.0954013986864313e-15
NB,combined,pr,1.0,0.48582935560859186,2.1259020208672675e-15
NB,combined,pr,1.0,0.48590183499925405,2.144541825180771e-15
NB,combined,pr,1.0,0.4859743360190988,2.145100796580694e-15
NB,combined,pr,1.0,0.4860468586778093,2.157411857893094e-15
NB,combined,pr,1.0,0.4861194029850746,2.244521839420976e-15
NB,combined,pr,1.0,0.48619196895058964,2.2905459424535452e-15
NB,combined,pr,1.0,0.48626455658405493,2.327423071966685e-15
NB,combined,pr,1.0,0.48633716589517695,2.4146960567929825e-15
NB,combined,pr,1.0,0.48640979689366787,2.4731634700360654e-15
NB,combined,pr,1.0,0.4864824495892457,2.488726978750427e-15
NB,combined,pr,1.0,0.4865551239916343,2.494539979243963e-15
NB,combined,pr,1.0,0.48662782011056327,2.6085117838772647e-15
NB,combined,pr,1.0,0.48670053795576806,2.6096305107769594e-15
NB,combined,pr,1.0,0.48677327753699,2.637151747791983e-15
NB,combined,pr,1.0,0.4868460388639761,2.6884117758222975e-15
NB,combined,pr,1.0,0.4869188219464793,2.8124092645911022e-15
NB,combined,pr,1.0,0.4869916267942584,2.847698430309623e-15
NB,combined,pr,1.0,0.48706445341707794,2.8603681141257965e-15
NB,combined,pr,1.0,0.4871373018247083,2.8967737457097662e-15
NB,combined,pr,1.0,0.48721017202692596,2.9618119129500064e-15
NB,combined,pr,1.0,0.48728306403351285,2.9621525138928548e-15
NB,combined,pr,1.0,0.48735597785425705,2.9713311579120594e-15
NB,combined,pr,1.0,0.4874289134989524,3.0357996433438688e-15
NB,combined,pr,1.0,0.4875018709773986,3.1930778011218302e-15
NB,combined,pr,1.0,0.4875748502994012,3.2338566064736197e-15
NB,combined,pr,1.0,0.4876478514747717,3.3055595920765435e-15
NB,combined,pr,1.0,0.48772087451332735,3.3502619099007777e-15
NB,combined,pr,1.0,0.4877939194248914,3.40077475588329e-15
NB,combined,pr,1.0,0.487866986219293,3.565668209565343e-15
NB,combined,pr,1.0,0.48794007490636704,3.660941517405713e-15
NB,combined,pr,1.0,0.48801318549595446,3.68656407788201e-15
NB,combined,pr,1.0,0.488086317997902,3.7093107598840345e-15
NB,combined,pr,1.0,0.48815947242206237,3.823224489036752e-15
NB,combined,pr,1.0,0.4882326487782941,3.8993174633386835e-15
NB,combined,pr,1.0,0.4883058470764618,3.95596258034439e-15
NB,combined,pr,1.0,0.48837906732643577,4.083750863777309e-15
NB,combined,pr,1.0,0.4884523095380924,4.1383912477135036e-15
NB,combined,pr,1.0,0.48852557372131394,4.3128054178976825e-15
NB,combined,pr,1.0,0.4885988598859886,4.976289626306265e-15
NB,combined,pr,1.0,0.4886721680420105,5.019409365659081e-15
NB,combined,pr,1.0,0.4887454981992797,5.3329184736257666e-15
NB,combined,pr,1.0,0.48881885036770223,5.542275328583651e-15
NB,combined,pr,1.0,0.48889222455719006,5.546829328385227e-15
NB,combined,pr,1.0,0.48896562077766104,5.620686405226954e-15
NB,combined,pr,1.0,0.48903903903903906,5.6318567021746384e-15
NB,combined,pr,1.0,0.48911247935125396,5.6451631431761755e-15
NB,combined,pr,1.0,0.4891859417242415,5.720083813867917e-15
NB,combined,pr,1.0,0.48925942616794355,5.810746021964928e-15
NB,combined,pr,1.0,0.4893329326923077,6.15794898472052e-15
NB,combined,pr,1.0,0.48940646130728777,6.264822502833262e-15
NB,combined,pr,1.0,0.4894800120228434,6.444938411793059e-15
NB,combined,pr,1.0,0.48955358484894035,6.5551457154305145e-15
NB,combined,pr,1.0,0.4896271797955502,6.589073488382754e-15
NB,combined,pr,1.0,0.4897007968726507,6.744490935105827e-15
NB,combined,pr,1.0,0.4897744360902256,6.795029776802446e-15
NB,combined,pr,1.0,0.4898480974582644,7.193898150407389e-15
NB,combined,pr,1.0,0.4899217809867629,7.21789764781236e-15
NB,combined,pr,1.0,0.4899954866857229,7.30443582796085e-15
NB,combined,pr,1.0,0.49006921456515196,7.687952611284989e-15
NB,combined,pr,1.0,0.49014296463506396,7.80333463536417e-15
NB,combined,pr,1.0,0.4902167369054786,8.447722694420355e-15
NB,combined,pr,1.0,0.4902905313864218,8.457088255190042e-15
NB,combined,pr,1.0,0.49036434808792534,8.610798973512042e-15
NB,combined,pr,1.0,0.4904381870200271,8.693069319610394e-15
NB,combined,pr,1.0,0.4905120481927711,8.834898656959893e-15
NB,combined,pr,1.0,0.4905859316162073,8.850327180004805e-15
NB,combined,pr,1.0,0.4906598373003917,8.926048238082687e-15
NB,combined,pr,1.0,0.4907337652553865,9.310438445518939e-15
NB,combined,pr,1.0,0.4908077154912598,9.619317935084525e-15
NB,combined,pr,1.0,0.4908816880180859,9.713425688868971e-15
NB,combined,pr,1.0,0.49095568284594515,9.942418579312004e-15
NB,combined,pr,1.0,0.4911037394451146,1.006699693919271e-14
NB,combined,pr,1.0,0.4911778012366159,1.022394662896068e-14
NB,combined,pr,1.0,0.4912518853695324,1.0420495764019701e-14
NB,combined,pr,1.0,0.49132599185397496,1.059088837812278e-14
NB,combined,pr,1.0,0.49140012070006034,1.0804162535603167e-14
NB,combined,pr,1.0,0.4914742719179116,1.0823185721607273e-14
NB,combined,pr,1.0,0.4915484455176577,1.1415183203977936e-14
NB,combined,pr,1.0,0.49162264150943397,1.1767054089133279e-14
NB,combined,pr,1.0,0.49169685990338163,1.1856696064054989e-14
NB,combined,pr,1.0,0.4917711007096482,1.1905476939781945e-14
NB,combined,pr,1.0,0.4918453639383872,1.1972707768546303e-14
NB,combined,pr,1.0,0.49191964959975837,1.2049652618808931e-14
NB,combined,pr,1.0,0.4919939577039275,1.2104645966799164e-14
NB,combined,pr,1.0,0.49206828826106663,1.2271104755798307e-14
NB,combined,pr,1.0,0.4921426412813539,1.2425915032089886e-14
NB,combined,pr,1.0,0.49221701677497354,1.244378599775047e-14
NB,combined,pr,1.0,0.4922914147521161,1.2574314258207476e-14
NB,combined,pr,1.0,0.49236583522297805,1.3051513784122946e-14
NB,combined,pr,1.0,0.4924402781977623,1.3511752780148592e-14
NB,combined,pr,1.0,0.49251474368667775,1.373144173774391e-14
NB,combined,pr,1.0,0.4925892316999395,1.4002260424200716e-14
NB,combined,pr,1.0,0.4926637422477689,1.4191339970225814e-14
NB,combined,pr,1.0,0.49273827534039333,1.4379945402080726e-14
NB,combined,pr,1.0,0.4928128309880466,1.4713795003040257e-14
NB,combined,pr,1.0,0.4928874092009685,1.6581112159115733e-14
NB,combined,pr,1.0,0.4929620099894052,1.689002627061547e-14
NB,combined,pr,1.0,0.49303663336360887,1.7156885383011223e-14
NB,combined,pr,1.0,0.493111279333838,1.7217265887689985e-14
NB,combined,pr,1.0,0.49318594791035736,1.7658683256745208e-14
NB,combined,pr,1.0,0.4932606391034378,1.8502741339656655e-14
NB,combined,pr,1.0,0.49333535292335656,1.874836942764147e-14
NB,combined,pr,1.0,0.49341008938039693,1.8781484357361558e-14
NB,combined,pr,1.0,0.49348484848484847,1.9013669102693608e-14
NB,combined,pr,1.0,0.4935596302470071,1.975071493755189e-14
NB,combined,pr,1.0,0.4936344346771749,2.0171096862012535e-14
NB,combined,pr,1.0,0.49370926178566016,2.0244894509874737e-14
NB,combined,pr,1.0,0.49378411158277746,2.2640314616433426e-14
NB,combined,pr,1.0,0.4938589840788476,2.2987235448040873e-14
NB,combined,pr,1.0,0.49393387928419774,2.4258341802723953e-14
NB,combined,pr,1.0,0.49400879720916124,2.462288982404374e-14
NB,combined,pr,1.0,0.49408373786407767,2.501171657683473e-14
NB,combined,pr,1.0,0.49415870125929295,2.512206947685975e-14
NB,combined,pr,1.0,0.4942336874051593,2.5246564030264977e-14
NB,combined,pr,1.0,0.4943086963120352,2.5567618556163373e-14
NB,combined,pr,1.0,0.49438372799028535,2.5905333565752473e-14
NB,combined,pr,1.0,0.49445878245028085,2.6072632004524867e-14
NB,combined,pr,1.0,0.49453385970239905,2.73342894398789e-14
NB,combined,pr,1.0,0.4946089597570235,2.774515888407162e-14
NB,combined,pr,1.0,0.49468408262454433,2.8185964393247065e-14
NB,combined,pr,1.0,0.49475922831535774,3.146498155933613e-14
NB,combined,pr,1.0,0.4948343968398663,3.1800898189444924e-14
NB,combined,pr,1.0,0.49490958820847897,3.20115325130587e-14
NB,combined,pr,1.0,0.4949848024316109,3.2612515608573606e-14
NB,combined,pr,1.0,0.49506003951968386,3.346067546747343e-14
NB,combined,pr,1.0,0.49513529948312557,3.3833337308008044e-14
NB,combined,pr,1.0,0.49521058233237036,3.4136159573552325e-14
NB,combined,pr,1.0,0.4952858880778589,3.518073691995963e-14
NB,combined,pr,1.0,0.4954365682993611,3.5974608272015005e-14
NB,combined,pr,1.0,0.49551194279628785,3.6341318588207806e-14
NB,combined,pr,1.0,0.49558734023128426,3.6554083981525656e-14
NB,combined,pr,1.0,0.49566276061482273,3.817795876438543e-14
NB,combined,pr,1.0,0.49573820395738205,3.947426663088139e-14
NB,combined,pr,1.0,0.4958136702694474,3.9983534561197887e-14
NB,combined,pr,1.0,0.49588915956151036,4.0649294194259424e-14
NB,combined,pr,1.0,0.49596467184406884,4.102854517358133e-14
NB,combined,pr,1.0,0.4960402071276272,4.166864636471287e-14
NB,combined,pr,1.0,0.49611576542269614,4.2633470076892075e-14
NB,combined,pr,1.0,0.4961913467397928,4.28157978924545e-14
NB,combined,pr,1.0,0.4962669510894408,4.3172041948638603e-14
NB,combined,pr,1.0,0.49634257848217006,4.3590912743505543e-14
NB,combined,pr,1.0,0.496418228928517,4.7821811781439757e-14
NB,combined,pr,1.0,0.4964939024390244,4.78935960756067e-14
NB,combined,pr,1.0,0.4965695990242415,5.099925222946909e-14
NB,combined,pr,1.0,0.496645318694724,5.120451494977433e-14
NB,combined,pr,1.0,0.496721061461034,5.1276221273560606e-14
NB,combined,pr,1.0,0.4967968273337401,5.1579157926051655e-14
NB,combined,pr,1.0,0.4968726163234172,5.4720067220833513e-14
NB,combined,pr,1.0,0.4969484284406469,5.5466447254658265e-14
NB,combined,pr,1.0,0.4970242636960171,5.6157499860113674e-14
NB,combined,pr,1.0,0.4971001221001221,5.6574726223041516e-14
NB,combined,pr,1.0,0.4971760036635628,5.842717504139307e-14
NB,combined,pr,1.0,0.49725190839694655,5.889521719381483e-14
NB,combined,pr,1.0,0.4973278363108872,6.07579977967535e-14
NB,combined,pr,1.0,0.4974037874160049,6.178741648627017e-14
NB,combined,pr,1.0,0.4974797617229265,6.230254814052196e-14
NB,combined,pr,1.0,0.49755575924228534,6.287080091479223e-14
NB,combined,pr,1.0,0.49763177998472113,6.328439396344651e-14
NB,combined,pr,1.0,0.4977078239608802,6.354050048483004e-14
NB,combined,pr,1.0,0.49778389118141525,6.385039818549417e-14
NB,combined,pr,1.0,0.49785998165698564,6.543218555319145e-14
NB,combined,pr,1.0,0.4979360953982572,6.606731830291392e-14
NB,combined,pr,1.0,0.49801223241590215,6.684707990701998e-14
NB,combined,pr,1.0,0.49808839272059946,6.759153995751125e-14
NB,combined,pr,1.0,0.49816457632303457,6.885072865631941e-14
NB,combined,pr,1.0,0.49824078323389936,6.89402202871551e-14
NB,combined,pr,1.0,0.4983170134638923,6.954225177648232e-14
NB,combined,pr,1.0,0.49839326702371844,7.23716740458876e-14
NB,combined,pr,1.0,0.4984695439240894,7.50543758032927e-14
NB,combined,pr,1.0,0.49854584417572323,7.608857774928306e-14
NB,combined,pr,1.0,0.49862216778934476,7.696128396334676e-14
NB,combined,pr,1.0,0.4986985147756852,7.706183207794919e-14
NB,combined,pr,1.0,0.4987748851454824,7.71917634010106e-14
NB,combined,pr,1.0,0.4988512789094808,8.027844384137915e-14
NB,combined,pr,1.0,0.49892769607843135,8.161070426823377e-14
NB,combined,pr,1.0,0.4990041366630918,8.501524980634493e-14
NB,combined,pr,1.0,0.49908060067422616,8.544573480856617e-14
NB,combined,pr,1.0,0.49915708812260534,8.789403820770045e-14
NB,combined,pr,1.0,0.49923359901900677,8.83413716445063e-14
NB,combined,pr,1.0,0.4993101333742143,8.868700464288636e-14
NB,combined,pr,1.0,0.4993866911990187,8.975563427764248e-14
NB,combined,pr,1.0,0.4994632725042171,8.977523238836512e-14
NB,combined,pr,1.0,0.4995398773006135,9.003567681321565e-14
NB,combined,pr,1.0,0.49961650559901827,9.169134465897608e-14
NB,combined,pr,1.0,0.49969315741024856,9.408260996241632e-14
NB,combined,pr,1.0,0.49976983274512815,9.801766874611495e-14
NB,combined,pr,1.0,0.4998465316144874,9.870081225115929e-14
NB,combined,pr,1.0,0.4999232540291635,1.0079621924767394e-13
NB,combined,pr,1.0,0.5,1.0282529661159235e-13
NB,combined,pr,1.0,0.5000767695378474,1.0372008400424187e-13
NB,combined,pr,1.0,0.5001535626535627,1.0373158477104042e-13
NB,combined,pr,1.0,0.5002303793580095,1.037660089200194e-13
NB,combined,pr,1.0,0.5003072196620584,1.0403558354843203e-13
NB,combined,pr,1.0,0.5003840835765863,1.0587944827251197e-13
NB,combined,pr,1.0,0.500460971112477,1.0765809669424405e-13
NB,combined,pr,1.0,0.5005378822806209,1.0802232383671332e-13
NB,combined,pr,1.0,0.5006148170919151,1.0809945066700326e-13
NB,combined,pr,1.0,0.5006917755572636,1.091175233197894e-13
NB,combined,pr,1.0,0.5007687576875769,1.1224937071094063e-13
NB,combined,pr,1.0,0.5008457634937721,1.1279641448870277e-13
NB,combined,pr,1.0,0.5009227929867733,1.1672313433025523e-13
NB,combined,pr,1.0,0.5009998461775111,1.218760748264375e-13
NB,combined,pr,1.0,0.5010769230769231,1.2386198698555982e-13
NB,combined,pr,1.0,0.5011540236959532,1.3728441124825015e-13
NB,combined,pr,1.0,0.5012311480455525,1.4439353376850894e-13
NB,combined,pr,1.0,0.5013082961366785,1.4589846792553316e-13
NB,combined,pr,1.0,0.5013854679802956,1.4600963777785205e-13
NB,combined,pr,1.0,0.5014626635873749,1.4638717610202238e-13
NB,combined,pr,1.0,0.5015398829688944,1.4649718314712146e-13
NB,combined,pr,1.0,0.5016171261358386,1.524831511642945e-13
NB,combined,pr,1.0,0.501694393099199,1.606950103501431e-13
NB,combined,pr,1.0,0.5017716838699738,1.6437539950286039e-13
NB,combined,pr,1.0,0.501848998459168,1.7083127458033008e-13
NB,combined,pr,1.0,0.5019263368777932,1.720284193661044e-13
NB,combined,pr,1.0,0.502003699136868,1.7619058522684499e-13
NB,combined,pr,1.0,0.5020810852474179,1.7972823005130472e-13
NB,combined,pr,1.0,0.5021584952204748,1.806123327093959e-13
NB,combined,pr,1.0,0.5022359290670779,1.8171072495246e-13
NB,combined,pr,1.0,0.5023133867982726,1.8680432641819951e-13
NB,combined,pr,1.0,0.5023908684251118,1.911426812955206e-13
NB,combined,pr,1.0,0.5024683739586547,1.9176996435959572e-13
NB,combined,pr,1.0,0.5025459034099676,1.9418386470295976e-13
NB,combined,pr,1.0,0.5026234567901234,1.9644602766711662e-13
NB,combined,pr,1.0,0.5027010341102022,1.977455063358854e-13
NB,combined,pr,1.0,0.5027786353812905,2.1388181666490828e-13
NB,combined,pr,1.0,0.502856260614482,2.1503400681480225e-13
NB,combined,pr,1.0,0.502933909820877,2.1704637534361892e-13
NB,combined,pr,1.0,0.503011583011583,2.1714294110941308e-13
NB,combined,pr,1.0,0.5030892801977139,2.175595751030521e-13
NB,combined,pr,1.0,0.5031670013903908,2.1848604315785965e-13
NB,combined,pr,1.0,0.5032447466007417,2.1909078027541026e-13
NB,combined,pr,1.0,0.5033225158399011,2.224750144754664e-13
NB,combined,pr,1.0,0.5034003091190108,2.3069313194612584e-13
NB,combined,pr,1.0,0.5034781264492193,2.3253373876268404e-13
NB,combined,pr,1.0,0.5035559678416821,2.3363524831253185e-13
NB,combined,pr,1.0,0.5036338333075615,2.34681259297366e-13
NB,combined,pr,1.0,0.5037117228580266,2.3753083588289555e-13
NB,combined,pr,1.0,0.5037896365042537,2.407140972793074e-13
NB,combined,pr,1.0,0.5038675742574258,2.4142699788631513e-13
NB,combined,pr,1.0,0.5039455361287328,2.433513129223544e-13
NB,combined,pr,1.0,0.5040235221293717,2.4380673294210087e-13
NB,combined,pr,1.0,0.5041015322705463,2.4707855621841307e-13
NB,combined,pr,1.0,0.5041795665634675,2.5092433893411897e-13
NB,combined,pr,1.0,0.5042576250193529,2.536385976945766e-13
NB,combined,pr,1.0,0.504335707649427,2.5374884778686287e-13
NB,combined,pr,1.0,0.5044138144649218,2.6060873807781975e-13
NB,combined,pr,1.0,0.5044919454770755,2.7808835107927167e-13
NB,combined,pr,1.0,0.504570100697134,2.867405732322813e-13
NB,combined,pr,1.0,0.5046482801363495,2.8768544208359533e-13
NB,combined,pr,1.0,0.5047264838059817,2.9055368330932593e-13
NB,combined,pr,1.0,0.504804711717297,2.929987728888503e-13
NB,combined,pr,1.0,0.5048829638815687,2.935304029772507e-13
NB,combined,pr,1.0,0.5049612403100775,2.947890388003212e-13
NB,combined,pr,1.0,0.5050395410141107,3.0469111744135037e-13
NB,combined,pr,1.0,0.5051178660049628,3.217999758083069e-13
NB,combined,pr,1.0,0.5051962152939352,3.2591765062350046e-13
NB,combined,pr,1.0,0.5052745888923363,3.2667682329828305e-13
NB,combined,pr,1.0,0.5053529868114818,3.286428112493994e-13
NB,combined,pr,1.0,0.505431409062694,3.296538088322438e-13
NB,combined,pr,1.0,0.5055098556573026,3.461394417907009e-13
NB,combined,pr,1.0,0.5055883266066439,3.53123757109506e-13
NB,combined,pr,1.0,0.5056668219220618,3.583616848566747e-13
NB,combined,pr,1.0,0.5057453416149068,3.6523313449789957e-13
NB,combined,pr,1.0,0.5058238856965367,3.85665083204903e-13
NB,combined,pr,1.0,0.5059024541783163,3.886389111763294e-13
NB,combined,pr,1.0,0.5059810470716172,3.9310341554672906e-13
NB,combined,pr,1.0,0.5060596643878186,3.9381484783061705e-13
NB,combined,pr,1.0,0.5061383061383061,3.977903096083679e-13
NB,combined,pr,1.0,0.5062169723344732,4.034434054601112e-13
NB,combined,pr,1.0,0.5062956629877196,4.3720372007037056e-13
NB,combined,pr,1.0,0.5063743781094527,4.3798426049602436e-13
NB,combined,pr,1.0,0.5064531177110869,4.4238133063921945e-13
NB,combined,pr,1.0,0.5065318818040435,4.550902727052915e-13
NB,combined,pr,1.0,0.5066106703997512,4.748579984728132e-13
NB,combined,pr,1.0,0.5066894835096453,4.852540928656641e-13
NB,combined,pr,1.0,0.5067683211451688,4.854399987868526e-13
NB,combined,pr,1.0,0.5068471833177716,4.87057850997695e-13
NB,combined,pr,1.0,0.5069260700389105,4.89065479835789e-13
NB,combined,pr,1.0,0.5070049813200498,5.11172966714631e-13
NB,combined,pr,1.0,0.5070839171726608,5.237480514630234e-13
NB,combined,pr,1.0,0.5071628776082218,5.316178324470368e-13
NB,combined,pr,1.0,0.5072418626382184,5.350882833877016e-13
NB,combined,pr,1.0,0.5073208722741434,5.358141390797205e-13
NB,combined,pr,1.0,0.5073999065274964,5.439621298962729e-13
NB,combined,pr,1.0,0.507478965409785,5.506617827094483e-13
NB,combined,pr,1.0,0.507558048932523,5.605348492415836e-13
NB,combined,pr,1.0,0.5076371571072319,5.815419078107536e-13
NB,combined,pr,1.0,0.5077162899454404,6.017541551001325e-13
NB,combined,pr,1.0,0.5077954474586841,6.038536842912698e-13
NB,combined,pr,1.0,0.5078746296585062,6.115804431381518e-13
NB,combined,pr,1.0,0.5079538365564567,6.170536879332733e-13
NB,combined,pr,1.0,0.508033068164093,6.179875254824141e-13
NB,combined,pr,1.0,0.5081123244929797,6.346666426656978e-13
NB,combined,pr,1.0,0.5081916055546887,6.38727591268811e-13
NB,combined,pr,1.0,0.508270911360799,6.461628407870661e-13
NB,combined,pr,1.0,0.5083502419228968,6.505901918508189e-13
NB,combined,pr,1.0,0.5084295972525757,6.723476465941437e-13
NB,combined,pr,1.0,0.5085089773614364,6.76649569317742e-13
NB,combined,pr,1.0,0.5085883822610868,6.80694106540802e-13
NB,combined,pr,1.0,0.5086678119631423,6.945166228932741e-13
NB,combined,pr,1.0,0.5087472664792252,6.994801006039004e-13
NB,combined,pr,1.0,0.5088267458209654,7.040774264923645e-13
NB,combined,pr,1.0,0.50890625,7.245655888235564e-13
NB,combined,pr,1.0,0.5089857790279732,7.427937079473336e-13
NB,combined,pr,1.0,0.5090653329165364,7.567640412957657e-13
NB,combined,pr,1.0,0.5091449116773488,7.612589472656797e-13
NB,combined,pr,1.0,0.5092245153220762,7.683061970611413e-13
NB,combined,pr,1.0,0.5093041438623925,7.751076749243427e-13
NB,combined,pr,1.0,0.5093837973099781,7.815185415189113e-13
NB,combined,pr,1.0,0.5094634756765212,7.840962372234596e-13
NB,combined,pr,1.0,0.5095431789737171,7.979545296991061e-13
NB,combined,pr,1.0,0.5096229072132686,8.085648297143301e-13
NB,combined,pr,1.0,0.5097026604068857,8.188445369245707e-13
NB,combined,pr,1.0,0.5097824385662858,8.232960604824937e-13
NB,combined,pr,1.0,0.5098622417031935,8.39838518622857e-13
NB,combined,pr,1.0,0.5099420698293409,8.491607348966622e-13
NB,combined,pr,1.0,0.5100219229564673,8.681458080669494e-13
NB,combined,pr,1.0,0.5101018010963195,8.690684750310952e-13
NB,combined,pr,1.0,0.5101817042606517,8.804837738412234e-13
NB,combined,pr,1.0,0.5102616324612251,9.408159477445011e-13
NB,combined,pr,1.0,0.5103415857098088,9.48945450486676e-13
NB,combined,pr,1.0,0.510421564018179,9.671611257500575e-13
NB,combined,pr,1.0,0.5105015673981191,9.714499819500754e-13
NB,combined,pr,1.0,0.5105815958614203,9.90998462118102e-13
NB,combined,pr,1.0,0.5106616494198808,1.0067429816807908e-12
NB,combined,pr,1.0,0.5107417280853066,1.009091792683312e-12
NB,combined,pr,1.0,0.5108218318695107,1.0147165648647825e-12
NB,combined,pr,1.0,0.5109019607843137,1.0482939504185651e-12
NB,combined,pr,1.0,0.5109821148415438,1.0572408196016145e-12
NB,combined,pr,1.0,0.5110622940530363,1.057762481760208e-12
NB,combined,pr,1.0,0.511142498430634,1.0755834519581572e-12
NB,combined,pr,1.0,0.5112227279861874,1.0879749391832718e-12
NB,combined,pr,1.0,0.5113029827315542,1.0894960937103774e-12
NB,combined,pr,1.0,0.5113832626785995,1.1038386275134994e-12
NB,combined,pr,1.0,0.511463567839196,1.12228976286279e-12
NB,combined,pr,1.0,0.5115438982252238,1.1925646672750156e-12
NB,combined,pr,1.0,0.5116242538485706,1.1993685553417502e-12
NB,combined,pr,1.0,0.5117046347211311,1.210549445128687e-12
NB,combined,pr,1.0,0.5117850408548082,1.236595023595488e-12
NB,combined,pr,1.0,0.5118654722615119,1.246532940088312e-12
NB,combined,pr,1.0,0.5119459289531594,1.2748711675532533e-12
NB,combined,pr,1.0,0.5120264109416759,1.299296120688601e-12
NB,combined,pr,1.0,0.5121069182389937,1.3102610631464533e-12
NB,combined,pr,1.0,0.512187450857053,1.324567491667766e-12
NB,combined,pr,1.0,0.5122680088078012,1.3383627889460034e-12
NB,combined,pr,1.0,0.5123485921031933,1.3646555035221548e-12
NB,combined,pr,1.0,0.5124292007551919,1.3812209577750805e-12
NB,combined,pr,1.0,0.5125098347757671,1.3876361236494424e-12
NB,combined,pr,1.0,0.5125904941768964,1.4267672442824713e-12
NB,combined,pr,1.0,0.5126711789705651,1.4437556227310668e-12
NB,combined,pr,1.0,0.5127518891687658,1.4441362180745418e-12
NB,combined,pr,1.0,0.5128326247834987,1.4457524519070023e-12
NB,combined,pr,1.0,0.5129133858267717,1.4500924961729737e-12
NB,combined,pr,1.0,0.5129941723106001,1.453417097491668e-12
NB,combined,pr,1.0,0.5130749842470069,1.4872473540831295e-12
NB,combined,pr,1.0,0.5131558216480226,1.5325018532624034e-12
NB,combined,pr,1.0,0.5132366845256855,1.5446490745898854e-12
NB,combined,pr,1.0,0.5133175728920409,1.5746135890138348e-12
NB,combined,pr,1.0,0.5133984867591425,1.583587260057711e-12
NB,combined,pr,1.0,0.513479426139051,1.6168446833838567e-12
NB,combined,pr,1.0,0.5135603910438348,1.6912338286757124e-12
NB,combined,pr,1.0,0.5137223974763407,1.8275335296042283e-12
NB,combined,pr,1.0,0.5138034390282379,1.8719868974343295e-12
NB,combined,pr,1.0,0.5138845061533607,1.884954257101571e-12
NB,combined,pr,1.0,0.5139655988638157,1.885075473827059e-12
NB,combined,pr,1.0,0.5140467171717171,1.8948978065397956e-12
NB,combined,pr,1.0,0.5141278610891871,1.9323968000043886e-12
NB,combined,pr,1.0,0.5142090306283549,1.9695517557491654e-12
NB,combined,pr,1.0,0.514290225801358,1.994145654880626e-12
NB,combined,pr,1.0,0.5143714466203412,2.0028587132869964e-12
NB,combined,pr,1.0,0.514452693097457,2.0063056871485093e-12
NB,combined,pr,1.0,0.5145339652448657,2.02793531623412e-12
NB,combined,pr,1.0,0.5146152630747354,2.0688671204835743e-12
NB,combined,pr,1.0,0.5146965865992414,2.0691723734520437e-12
NB,combined,pr,1.0,0.5147779358305674,2.0778313760939595e-12
NB,combined,pr,1.0,0.5148593107809042,2.1119426317499706e-12
NB,combined,pr,1.0,0.5149407114624506,2.119831260496248e-12
NB,combined,pr,1.0,0.515022137887413,2.1201565035470726e-12
NB,combined,pr,1.0,0.5151850680164505,2.120355935097682e-12
NB,combined,pr,1.0,0.515266571744977,2.120469074608819e-12
NB,combined,pr,1.0,0.5153481012658228,2.1471201285221277e-12
NB,combined,pr,1.0,0.5154296565912327,2.1492097137802826e-12
NB,combined,pr,1.0,0.51551123773346,2.1510901704846524e-12
NB,combined,pr,1.0,0.515592844704765,2.156574671795288e-12
NB,combined,pr,1.0,0.5156744775174161,2.156873372329349e-12
NB,combined,pr,1.0,0.5157561361836897,2.2685405742594277e-12
NB,combined,pr,1.0,0.5158378207158695,2.315962981082734e-12
NB,combined,pr,1.0,0.5159195311262474,2.3397622434726065e-12
NB,combined,pr,1.0,0.5160012674271229,2.3579317904345154e-12
NB,combined,pr,1.0,0.5160830296308033,2.3581449092897123e-12
NB,combined,pr,1.0,0.5161648177496038,2.358387534746996e-12
NB,combined,pr,1.0,0.5162466317958472,2.3618135215421266e-12
NB,combined,pr,1.0,0.5163284717818643,2.3787052894305198e-12
NB,combined,pr,1.0,0.5164103377199937,2.3863215996911567e-12
NB,combined,pr,1.0,0.5164922296225817,2.3863749775774985e-12
NB,combined,pr,1.0,0.5165741475019826,2.4087548776090143e-12
NB,combined,pr,1.0,0.5166560913705583,2.4164759374616487e-12
NB,combined,pr,1.0,0.516738061240679,2.416694164998008e-12
NB,combined,pr,1.0,0.5168200571247223,2.4370720314984203e-12
NB,combined,pr,1.0,0.5169020790350738,2.484210661812249e-12
NB,combined,pr,1.0,0.516984126984127,2.5113519346036413e-12
NB,combined,pr,1.0,0.5170662009842832,2.5484824132683804e-12
NB,combined,pr,1.0,0.5171483010479517,2.570269963969864e-12
NB,combined,pr,1.0,0.5172304271875496,2.5950032376377292e-12
NB,combined,pr,1.0,0.5173125794155019,2.6524916491850634e-12
NB,combined,pr,1.0,0.5173947577442415,2.6819079099478318e-12
NB,combined,pr,1.0,0.5174769621862091,2.686660912467774e-12
NB,combined,pr,1.0,0.5175591927538535,2.688951754642549e-12
NB,combined,pr,1.0,0.5176414494596313,2.719775739605001e-12
NB,combined,pr,1.0,0.517723732316007,2.7254408811192163e-12
NB,combined,pr,1.0,0.517806041335453,2.7619018206260127e-12
NB,combined,pr,1.0,0.51788837653045,2.772238176760465e-12
NB,combined,pr,1.0,0.517970737913486,2.874926715576476e-12
NB,combined,pr,1.0,0.5180531254970574,2.9000631211384938e-12
NB,combined,pr,1.0,0.5181355392936685,2.921741682045448e-12
NB,combined,pr,1.0,0.5182179793158314,2.9348369007914477e-12
NB,combined,pr,1.0,0.5183004455760662,2.941828834764979e-12
NB,combined,pr,1.0,0.5183829380869012,3.0034447048943346e-12
NB,combined,pr,1.0,0.5184654568608723,3.00938562043001e-12
NB,combined,pr,1.0,0.5185480019105237,3.0160639306164924e-12
NB,combined,pr,1.0,0.5186305732484077,3.024060336397273e-12
NB,combined,pr,1.0,0.5187131708870839,3.0243357389967667e-12
NB,combined,pr,1.0,0.5187957948391207,3.075079993969293e-12
NB,combined,pr,1.0,0.5188784451170941,3.1091081551344175e-12
NB,combined,pr,1.0,0.5189611217335883,3.122832802377877e-12
NB,combined,pr,1.0,0.5190438247011953,3.2240497219928693e-12
NB,combined,pr,1.0,0.5191265540325152,3.2302184367442577e-12
NB,combined,pr,1.0,0.5192093097401562,3.2307588824270435e-12
NB,combined,pr,1.0,0.5192920918367347,3.2449068857137075e-12
NB,combined,pr,1.0,0.5193749003348748,3.2571596163294427e-12
NB,combined,pr,1.0,0.519457735247209,3.3133994252479834e-12
NB,combined,pr,1.0,0.5195405965863774,3.3134749324960016e-12
NB,combined,pr,1.0,0.5196234843650287,3.3354543802435706e-12
NB,combined,pr,1.0,0.5197063985958194,3.357575206163126e-12
NB,combined,pr,1.0,0.519789339291414,3.3629116900814744e-12
NB,combined,pr,1.0,0.5198723064644852,3.3652232521478927e-12
NB,combined,pr,1.0,0.519955300127714,3.5143634227477204e-12
NB,combined,pr,1.0,0.5200383202937889,3.527088190994094e-12
NB,combined,pr,1.0,0.5201213669754072,3.5581440958694893e-12
NB,combined,pr,1.0,0.5202044401852739,3.5756644275577708e-12
NB,combined,pr,1.0,0.5203706662406136,3.5840634867791844e-12
NB,combined,pr,1.0,0.5204538191115372,3.6004347884415922e-12
NB,combined,pr,1.0,0.520536998561611,3.6056551807073522e-12
NB,combined,pr,1.0,0.5206202046035806,3.609307869094225e-12
NB,combined,pr,1.0,0.5207034372501999,3.717844696237532e-12
NB,combined,pr,1.0,0.5207866965142309,3.723965923282811e-12
NB,combined,pr,1.0,0.520869982408444,3.7258425578561394e-12
NB,combined,pr,1.0,0.5209532949456174,3.775430457214286e-12
NB,combined,pr,1.0,0.5210366341385378,3.782798115234398e-12
NB,combined,pr,1.0,0.52112,3.796392454888306e-12
NB,combined,pr,1.0,0.5212033925428069,3.821063225758651e-12
NB,combined,pr,1.0,0.5212868117797695,3.8802612940327e-12
NB,combined,pr,1.0,0.5213702577237074,3.914566075466111e-12
NB,combined,pr,1.0,0.5214537303874479,3.979380198182923e-12
NB,combined,pr,1.0,0.5215372297838271,3.99559219862911e-12
NB,combined,pr,1.0,0.5216207559256887,4.0064929890953805e-12
NB,combined,pr,1.0,0.521704308825885,4.07130525996208e-12
NB,combined,pr,1.0,0.5217878884972765,4.1245290563621796e-12
NB,combined,pr,1.0,0.5218714949527319,4.129739650395436e-12
NB,combined,pr,1.0,0.5219551282051282,4.236895074604188e-12
NB,combined,pr,1.0,0.5220387882673505,4.259134759757172e-12
NB,combined,pr,1.0,0.5221224751522924,4.27570004190758e-12
NB,combined,pr,1.0,0.5222061888728555,4.316172357211138e-12
NB,combined,pr,1.0,0.52228992944195,4.326226270391997e-12
NB,combined,pr,1.0,0.522373696872494,4.388165831271019e-12
NB,combined,pr,1.0,0.5224574911774141,4.415186011300783e-12
NB,combined,pr,1.0,0.5225413123696454,4.4425781203638e-12
NB,combined,pr,1.0,0.5226251604621309,4.4846407038883545e-12
NB,combined,pr,1.0,0.5227090354678222,4.536938458800289e-12
NB,combined,pr,1.0,0.522792937399679,4.636824625221287e-12
NB,combined,pr,1.0,0.5228768662706694,4.65586788685827e-12
NB,combined,pr,1.0,0.52296082209377,4.747010733902969e-12
NB,combined,pr,1.0,0.5230448048819656,4.809714322532416e-12
NB,combined,pr,1.0,0.5231288146482492,4.882473145414751e-12
NB,combined,pr,1.0,0.5232128514056225,4.991392694474225e-12
NB,combined,pr,1.0,0.5232969151670951,5.023199179835394e-12
NB,combined,pr,1.0,0.5233810059456854,5.140124502308156e-12
NB,combined,pr,1.0,0.5234651237544198,5.332292963606359e-12
NB,combined,pr,1.0,0.5235492686063334,5.343619606023704e-12
NB,combined,pr,1.0,0.5236334405144695,5.379683729683363e-12
NB,combined,pr,1.0,0.5237176394918798,5.538326919080434e-12
NB,combined,pr,1.0,0.5238018655516243,5.559029950214506e-12
NB,combined,pr,1.0,0.5238861187067717,5.7678151547458086e-12
NB,combined,pr,1.0,0.523970398970399,5.778729814741765e-12
NB,combined,pr,1.0,0.5241390408754425,5.863100665562833e-12
NB,combined,pr,1.0,0.5242234025430549,5.94213932026241e-12
NB,combined,pr,1.0,0.5243077913715389,5.9711985294768665e-12
NB,combined,pr,1.0,0.5243922073740138,5.9794389556934704e-12
NB,combined,pr,1.0,0.524476650563607,5.981670902187071e-12
NB,combined,pr,1.0,0.5245611209534546,5.991497812625113e-12
NB,combined,pr,1.0,0.524645618556701,6.1118652193603355e-12
NB,combined,pr,1.0,0.5247301433864991,6.2371776048070665e-12
NB,combined,pr,1.0,0.5248146954560103,6.625131339085608e-12
NB,combined,pr,1.0,0.5248992747784045,6.6616912668747026e-12
NB,combined,pr,1.0,0.5249838813668601,6.7083691823702705e-12
NB,combined,pr,1.0,0.5250685152345639,6.947600928010048e-12
NB,combined,pr,1.0,0.5251531763947114,7.0796317469811175e-12
NB,combined,pr,1.0,0.5252378648605064,7.0864528435687014e-12
NB,combined,pr,1.0,0.5253225806451612,7.097987352535837e-12
NB,combined,pr,1.0,0.525407323761897,7.13218510329199e-12
NB,combined,pr,1.0,0.5254920942239432,7.1985665997862786e-12
NB,combined,pr,1.0,0.5255768920445377,7.312805935867254e-12
NB,combined,pr,1.0,0.525661717236927,7.35870011044417e-12
NB,combined,pr,1.0,0.5257465698143664,7.459466524069757e-12
NB,combined,pr,1.0,0.5258314497901194,7.536558574841983e-12
NB,combined,pr,1.0,0.5259163571774584,7.693313402370744e-12
NB,combined,pr,1.0,0.526001291989664,7.76199184185363e-12
NB,combined,pr,1.0,0.5260862542400259,7.823362840049545e-12
NB,combined,pr,1.0,0.5261712439418417,7.832304254630597e-12
NB,combined,pr,1.0,0.5262562611084182,7.908264873894875e-12
NB,combined,pr,1.0,0.5263413057530705,8.05607224942312e-12
NB,combined,pr,1.0,0.5264263778891224,8.07174030412261e-12
NB,combined,pr,1.0,0.5265114775299062,8.342519926978167e-12
NB,combined,pr,1.0,0.5265966046887631,8.372221945907641e-12
NB,combined,pr,1.0,0.5266817593790427,8.443330722036737e-12
NB,combined,pr,1.0,0.5267669416141032,8.521527705306813e-12
NB,combined,pr,1.0,0.5268521514073116,8.643816820217717e-12
NB,combined,pr,1.0,0.5269373887720433,8.693049470970682e-12
NB,combined,pr,1.0,0.5270226537216829,8.805019374651747e-12
NB,combined,pr,1.0,0.5271079462696229,8.811335664193555e-12
NB,combined,pr,1.0,0.5271932664292651,8.891806835314325e-12
NB,combined,pr,1.0,0.5272786142140198,9.202241440615525e-12
NB,combined,pr,1.0,0.5273639896373057,9.276822499978188e-12
NB,combined,pr,1.0,0.5274493927125506,9.292084282009604e-12
NB,combined,pr,1.0,0.5275348234531908,9.326681230216937e-12
NB,combined,pr,1.0,0.5276202818726713,9.349018986588796e-12
NB,combined,pr,1.0,0.5277057679844459,9.381916874689146e-12
NB,combined,pr,1.0,0.527791281801977,9.622728175929255e-12
NB,combined,pr,1.0,0.5278768233387359,9.814062886263537e-12
NB,combined,pr,1.0,0.5279623926082023,9.885648533521817e-12
NB,combined,pr,1.0,0.5280479896238651,1.0038479509674891e-11
NB,combined,pr,1.0,0.5281336143992217,1.0068901663702777e-11
NB,combined,pr,1.0,0.5282192669477781,1.0173164067918727e-11
NB,combined,pr,1.0,0.5283049472830494,1.0604275861207644e-11
NB,combined,pr,1.0,0.5283906554185593,1.0865060702085832e-11
NB,combined,pr,1.0,0.5284763913678403,1.0936872362166205e-11
NB,combined,pr,1.0,0.5285621551444336,1.1026982193373152e-11
NB,combined,pr,1.0,0.5286479467618893,1.1111568652883713e-11
NB,combined,pr,1.0,0.5287337662337662,1.1315851894473774e-11
NB,combined,pr,1.0,0.528819613573632,1.1792495023836605e-11
NB,combined,pr,1.0,0.5289054887950634,1.1794897788333687e-11
NB,combined,pr,1.0,0.5289913919116452,1.1807368354059998e-11
NB,combined,pr,1.0,0.5290773229369721,1.2027316178748702e-11
NB,combined,pr,1.0,0.5291632818846467,1.2078150380581323e-11
NB,combined,pr,1.0,0.5292492687682808,1.2329064741641969e-11
NB,combined,pr,1.0,0.5293352836014952,1.233891041473179e-11
NB,combined,pr,1.0,0.5294213263979194,1.2633430088714502e-11
NB,combined,pr,1.0,0.5295073971711917,1.3383465582764143e-11
NB,combined,pr,1.0,0.5295934959349593,1.3510893931060633e-11
NB,combined,pr,1.0,0.5296796227028785,1.36912585771654e-11
NB,combined,pr,1.0,0.5297657774886142,1.3938615918982945e-11
NB,combined,pr,1.0,0.5298519603058403,1.4016703128847661e-11
NB,combined,pr,1.0,0.5299381711682395,1.4812728385261167e-11
NB,combined,pr,1.0,0.5300244100895036,1.4869202407628e-11
NB,combined,pr,1.0,0.5301106770833334,1.5091518789759434e-11
NB,combined,pr,1.0,0.5301969721634381,1.5160380828158555e-11
NB,combined,pr,1.0,0.5302832953435364,1.5250840160235647e-11
NB,combined,pr,1.0,0.530456026058632,1.53049798171287e-11
NB,combined,pr,1.0,0.530542433621111,1.553315454697247e-11
NB,combined,pr,1.0,0.5306288693385468,1.5613891741661393e-11
NB,combined,pr,1.0,0.5307153332247027,1.5641904383333097e-11
NB,combined,pr,1.0,0.5308018252933507,1.6017246975239415e-11
NB,combined,pr,1.0,0.5308883455582722,1.6077535823259505e-11
NB,combined,pr,1.0,0.5309748940332573,1.6281711562181086e-11
NB,combined,pr,1.0,0.531061470732105,1.633140609005206e-11
NB,combined,pr,1.0,0.5311480756686237,1.6368753921410774e-11
NB,combined,pr,1.0,0.5312347088566303,1.6759299546420602e-11
NB,combined,pr,1.0,0.5313213703099511,1.6779015384282418e-11
NB,combined,pr,1.0,0.5314080600424212,1.686650096307653e-11
NB,combined,pr,1.0,0.5314947780678851,1.7184563636794176e-11
NB,combined,pr,1.0,0.5315815244001959,1.726566511093066e-11
NB,combined,pr,1.0,0.5316682990532158,1.7732660492521416e-11
NB,combined,pr,1.0,0.5317551020408163,1.8549354338349165e-11
NB,combined,pr,1.0,0.5318419333768779,1.8739140074819313e-11
NB,combined,pr,1.0,0.5319287930752898,1.9341102390397565e-11
NB,combined,pr,1.0,0.532015681149951,1.9559710465824838e-11
NB,combined,pr,1.0,0.5321025976147689,1.9595538938202214e-11
NB,combined,pr,1.0,0.5321895424836601,1.9695939670416385e-11
NB,combined,pr,1.0,0.5322765157705508,1.9834416912702623e-11
NB,combined,pr,1.0,0.5323635174893756,2.0711075427101102e-11
NB,combined,pr,1.0,0.5324505476540788,2.1213962497632357e-11
NB,combined,pr,1.0,0.5325376062786135,2.131023657847538e-11
NB,combined,pr,1.0,0.532624693376942,2.1818876900256374e-11
NB,combined,pr,1.0,0.5327118089630356,2.189223954209013e-11
NB,combined,pr,1.0,0.5327989530508752,2.1936363651949607e-11
NB,combined,pr,1.0,0.5328861256544503,2.2278620118222796e-11
NB,combined,pr,1.0,0.5329733267877598,2.2286795987194378e-11
NB,combined,pr,1.0,0.5330605564648118,2.2392401591033104e-11
NB,combined,pr,1.0,0.5331478146996235,2.2813426713108965e-11
NB,combined,pr,1.0,0.5332351015062213,2.3087333117351913e-11
NB,combined,pr,1.0,0.5333224168986409,2.334323435880779e-11
NB,combined,pr,1.0,0.533409760890927,2.3527855988087596e-11
NB,combined,pr,1.0,0.5334971334971335,2.3555325907967737e-11
NB,combined,pr,1.0,0.5335845347313237,2.3637354131027457e-11
NB,combined,pr,1.0,0.53367196460757,2.369361245118269e-11
NB,combined,pr,1.0,0.5337594231399541,2.3713425764554272e-11
NB,combined,pr,1.0,0.5338469103425668,2.378441894480223e-11
NB,combined,pr,1.0,0.5339344262295082,2.3923130095019013e-11
NB,combined,pr,1.0,0.5340219708148877,2.4078381715616523e-11
NB,combined,pr,1.0,0.5341095441128239,2.410332611160463e-11
NB,combined,pr,1.0,0.5341971461374446,2.4421788656921962e-11
NB,combined,pr,1.0,0.5342847769028871,2.47075602082581e-11
NB,combined,pr,1.0,0.5343724364232978,2.4866548389875298e-11
NB,combined,pr,1.0,0.5344601247128323,2.5052716808680735e-11
NB,combined,pr,1.0,0.5345478417856556,2.600377836181592e-11
NB,combined,pr,1.0,0.5346355876559422,2.61543909283456e-11
NB,combined,pr,1.0,0.5347233623378755,2.636662574163932e-11
NB,combined,pr,1.0,0.5348111658456486,2.6501903857357243e-11
NB,combined,pr,1.0,0.5348989981934636,2.7095599721753595e-11
NB,combined,pr,1.0,0.5349868593955321,2.7221551479347033e-11
NB,combined,pr,1.0,0.5350747494660753,2.7683378417279264e-11
NB,combined,pr,1.0,0.535162668419323,2.7727782497188207e-11
NB,combined,pr,1.0,0.5352506162695152,2.7779437747471125e-11
NB,combined,pr,1.0,0.5353385930309007,2.8434083672053083e-11
NB,combined,pr,1.0,0.535426598717738,2.8813268264769132e-11
NB,combined,pr,1.0,0.5355146333442946,2.910822624091367e-11
NB,combined,pr,1.0,0.5356026969248479,2.9430936866834727e-11
NB,combined,pr,1.0,0.5356907894736842,3.022646235032092e-11
NB,combined,pr,1.0,0.5357789110050996,3.039732754775448e-11
NB,combined,pr,1.0,0.5358670615333991,3.063187576959653e-11
NB,combined,pr,1.0,0.5359552410728978,3.070764485036217e-11
NB,combined,pr,1.0,0.5360434496379197,3.158632127737613e-11
NB,combined,pr,1.0,0.5361316872427984,3.208308055556112e-11
NB,combined,pr,1.0,0.5362199539018768,3.247834708240329e-11
NB,combined,pr,1.0,0.5363082496295076,3.285070042795307e-11
NB,combined,pr,1.0,0.5363965744400527,3.3113361118408815e-11
NB,combined,pr,1.0,0.5364849283478834,3.3605096345606794e-11
NB,combined,pr,1.0,0.5365733113673805,3.415722428639558e-11
NB,combined,pr,1.0,0.5366617235129346,3.445772144943183e-11
NB,combined,pr,1.0,0.5367501647989453,3.455684419150992e-11
NB,combined,pr,1.0,0.536838635239822,3.5585907113113045e-11
NB,combined,pr,1.0,0.5369271348499836,3.57104869644647e-11
NB,combined,pr,1.0,0.5370156636438582,3.594440395912358e-11
NB,combined,pr,1.0,0.5371042216358839,3.6032302112929736e-11
NB,combined,pr,1.0,0.537192808840508,3.637151344213156e-11
NB,combined,pr,1.0,0.5372814252721874,3.6497490648192695e-11
NB,combined,pr,1.0,0.5373700709453886,3.660324520407991e-11
NB,combined,pr,1.0,0.5374587458745874,3.7264431983921065e-11
NB,combined,pr,1.0,0.5375474500742696,3.7392488605781794e-11
NB,combined,pr,1.0,0.5376361835589304,3.753889961265408e-11
NB,combined,pr,1.0,0.5377249463430741,3.7771119678486434e-11
NB,combined,pr,1.0,0.5378137384412153,3.790377271176875e-11
NB,combined,pr,1.0,0.5379025598678778,3.8148655022003196e-11
NB,combined,pr,1.0,0.5379914106375949,3.97533534461563e-11
NB,combined,pr,1.0,0.5380802907649099,3.999908981603392e-11
NB,combined,pr,1.0,0.5381692002643754,4.078717198246416e-11
NB,combined,pr,1.0,0.5382581391505536,4.088150636759839e-11
NB,combined,pr,1.0,0.5383471074380165,4.12514763573129e-11
NB,combined,pr,1.0,0.5384361051413457,4.1524633053859786e-11
NB,combined,pr,1.0,0.5385251322751323,4.2371163815694975e-11
NB,combined,pr,1.0,0.5386141888539772,4.333349578066538e-11
NB,combined,pr,1.0,0.5387032748924909,4.3430120829325366e-11
NB,combined,pr,1.0,0.5387923904052936,4.3639238321944895e-11
NB,combined,pr,1.0,0.5388815354070152,4.384547609386835e-11
NB,combined,pr,1.0,0.5389707099122952,4.4589057754246796e-11
NB,combined,pr,1.0,0.5390599139357829,4.462394967855915e-11
NB,combined,pr,1.0,0.539149147492137,4.495615177541885e-11
NB,combined,pr,1.0,0.5392384105960265,4.50457483068989e-11
NB,combined,pr,1.0,0.5393277032621295,4.506185588155941e-11
NB,combined,pr,1.0,0.5394170255051342,4.632611949532705e-11
NB,combined,pr,1.0,0.5395063773397383,4.7078039494150285e-11
NB,combined,pr,1.0,0.5395957587806495,4.7299916555984205e-11
NB,combined,pr,1.0,0.539685169842585,4.8060163723718946e-11
NB,combined,pr,1.0,0.5397746105402718,4.9637182640479154e-11
NB,combined,pr,1.0,0.5398640808884468,4.970237389549057e-11
NB,combined,pr,1.0,0.5399535809018567,4.988914520106993e-11
NB,combined,pr,1.0,0.5400431105952578,5.0773453307033894e-11
NB,combined,pr,1.0,0.5401326699834162,5.121067742366454e-11
NB,combined,pr,1.0,0.540222259081108,5.13494238885679e-11
NB,combined,pr,1.0,0.5403118779031187,5.220622346015914e-11
NB,combined,pr,1.0,0.5404015264642442,5.3312781679848815e-11
NB,combined,pr,1.0,0.5404912047792897,5.342111020432161e-11
NB,combined,pr,1.0,0.5405809128630705,5.369028037121818e-11
NB,combined,pr,1.0,0.5406706507304117,5.3922687796061735e-11
NB,combined,pr,1.0,0.5407604183961481,5.3967686785934535e-11
NB,combined,pr,1.0,0.5408502158751245,5.42060764334558e-11
NB,combined,pr,1.0,0.5409400431821957,5.4524058598631404e-11
NB,combined,pr,1.0,0.5410299003322259,5.458113473067784e-11
NB,combined,pr,1.0,0.5411197873400897,5.678259332235861e-11
NB,combined,pr,1.0,0.5412097042206713,5.7376509328659286e-11
NB,combined,pr,1.0,0.5412996509888649,6.065578575921429e-11
NB,combined,pr,1.0,0.5413896276595744,6.083717724192064e-11
NB,combined,pr,1.0,0.5414796342477141,6.16185588161919e-11
NB,combined,pr,1.0,0.5415696707682075,6.202316956387333e-11
NB,combined,pr,1.0,0.5416597372359887,6.233705996380222e-11
NB,combined,pr,1.0,0.5417498336660014,6.309844956147505e-11
NB,combined,pr,1.0,0.5418399600731991,6.322277203773661e-11
NB,combined,pr,1.0,0.5419301164725457,6.605948673593835e-11
NB,combined,pr,1.0,0.5420203028790148,6.678348279181425e-11
NB,combined,pr,1.0,0.5421105193075899,6.680545806171423e-11
NB,combined,pr,1.0,0.5422007657732645,6.870907966590321e-11
NB,combined,pr,1.0,0.5422910422910423,7.008701316460947e-11
NB,combined,pr,1.0,0.5423813488759367,7.019640988753127e-11
NB,combined,pr,1.0,0.5424716855429713,7.058859089691698e-11
NB,combined,pr,1.0,0.5425620523071798,7.269110540993896e-11
NB,combined,pr,1.0,0.5426524491836054,7.457816072915391e-11
NB,combined,pr,1.0,0.5427428761873021,7.482790873627948e-11
NB,combined,pr,1.0,0.5428333333333333,7.528567496595375e-11
NB,combined,pr,1.0,0.5429238206367728,7.991521232481821e-11
NB,combined,pr,1.0,0.5430143381127043,8.124915230069801e-11
NB,combined,pr,1.0,0.5431048857762214,8.185764393029309e-11
NB,combined,pr,1.0,0.5431954636424283,8.225047208210436e-11
NB,combined,pr,1.0,0.5433767100433767,8.318754747541077e-11
NB,combined,pr,1.0,0.5434673786083765,8.715986438836516e-11
NB,combined,pr,1.0,0.5435580774365821,8.735547223506201e-11
NB,combined,pr,1.0,0.5436488065431481,8.749845745856935e-11
NB,combined,pr,1.0,0.5437395659432387,8.781210563619742e-11
NB,combined,pr,1.0,0.5438303556520288,8.909386188562816e-11
NB,combined,pr,1.0,0.5439211756847028,9.160259263911003e-11
NB,combined,pr,1.0,0.5440120260564556,9.170222689270341e-11
NB,combined,pr,1.0,0.5441029067824925,9.300792381565669e-11
NB,combined,pr,1.0,0.5441938178780285,9.36138681134288e-11
NB,combined,pr,1.0,0.5442847593582888,9.423020469413901e-11
NB,combined,pr,1.0,0.5443757312385091,9.466543231021864e-11
NB,combined,pr,1.0,0.5444667335339352,9.675601380090387e-11
NB,combined,pr,1.0,0.5445577662598228,9.736432968666197e-11
NB,combined,pr,1.0,0.5446488294314381,9.778192193078187e-11
NB,combined,pr,1.0,0.5447399230640575,9.94893524597913e-11
NB,combined,pr,1.0,0.5448310471729676,9.96359797883972e-11
NB,combined,pr,1.0,0.544922201773465,1.0034547353248294e-10
NB,combined,pr,1.0,0.5450133868808568,1.0140255855210215e-10
NB,combined,pr,1.0,0.5451046025104602,1.0192430912636405e-10
NB,combined,pr,1.0,0.545195848677603,1.0497768672423268e-10
NB,combined,pr,1.0,0.5452871253976226,1.077629947828469e-10
NB,combined,pr,1.0,0.5453784326858674,1.0795870704060567e-10
NB,combined,pr,1.0,0.5454697705576955,1.0822199005645132e-10
NB,combined,pr,1.0,0.5455611390284757,1.0897787504869791e-10
NB,combined,pr,1.0,0.5456525381135868,1.0967200473472642e-10
NB,combined,pr,1.0,0.5457439678284183,1.105429734156615e-10
NB,combined,pr,1.0,0.5458354281883694,1.1067482390841581e-10
NB,combined,pr,1.0,0.5459269192088502,1.1237802681044432e-10
NB,combined,pr,1.0,0.5460184409052808,1.1338269939196465e-10
NB,combined,pr,1.0,0.5461099932930918,1.1489230432586553e-10
NB,combined,pr,1.0,0.5462015763877243,1.1666622226302446e-10
NB,combined,pr,1.0,0.5462931902046293,1.1800428452012995e-10
NB,combined,pr,1.0,0.5463848347592686,1.1804167274321e-10
NB,combined,pr,1.0,0.5464765100671141,1.190355740154911e-10
NB,combined,pr,1.0,0.5465682161436483,1.192334109060007e-10
NB,combined,pr,1.0,0.5466599530043639,1.1932263626079987e-10
NB,combined,pr,1.0,0.5467517206647642,1.2403883601887954e-10
NB,combined,pr,1.0,0.5468435191403627,1.2721411486364853e-10
NB,combined,pr,1.0,0.5469353484466835,1.2742807442853809e-10
NB,combined,pr,1.0,0.547027208599261,1.2785832054122854e-10
NB,combined,pr,1.0,0.5471190996136401,1.295764207202333e-10
NB,combined,pr,1.0,0.5472110215053764,1.296031434727707e-10
NB,combined,pr,1.0,0.5473029742900353,1.3167779973959046e-10
NB,combined,pr,1.0,0.5473949579831933,1.3331380460237453e-10
NB,combined,pr,1.0,0.547486972600437,1.3691156270332402e-10
NB,combined,pr,1.0,0.5475790181573639,1.401440573791659e-10
NB,combined,pr,1.0,0.5476710946695813,1.421125104465076e-10
NB,combined,pr,1.0,0.5477632021527077,1.447908120365196e-10
NB,combined,pr,1.0,0.5478553406223717,1.4609014315416883e-10
NB,combined,pr,1.0,0.5479475100942126,1.4948510506942202e-10
NB,combined,pr,1.0,0.5480397105838802,1.5310964958302543e-10
NB,combined,pr,1.0,0.5481319421070346,1.5450907211317433e-10
NB,combined,pr,1.0,0.548224204679347,1.5834369187355966e-10
NB,combined,pr,1.0,0.5483164983164983,1.5928869066028127e-10
NB,combined,pr,1.0,0.5484088230341808,1.6087626618463152e-10
NB,combined,pr,1.0,0.548501178848097,1.6207135788409632e-10
NB,combined,pr,1.0,0.5485935657739599,1.6306393232256988e-10
NB,combined,pr,1.0,0.5486859838274932,1.6436557688900187e-10
NB,combined,pr,1.0,0.5487784330244313,1.6617619443818086e-10
NB,combined,pr,1.0,0.5488709133805191,1.6763833747908928e-10
NB,combined,pr,1.0,0.5489634249115118,1.6901882405731255e-10
NB,combined,pr,1.0,0.549055967633176,1.705059483747984e-10
NB,combined,pr,1.0,0.5491485415612881,1.7069220854117965e-10
NB,combined,pr,1.0,0.5492411467116357,1.7090378950760523e-10
NB,combined,pr,1.0,0.5493337831000169,1.729722205429602e-10
NB,combined,pr,1.0,0.5494264507422402,1.7379058109396595e-10
NB,combined,pr,1.0,0.5496118798515018,1.7612843765792414e-10
NB,combined,pr,1.0,0.549704641350211,1.7669259392212149e-10
NB,combined,pr,1.0,0.5497974341661039,1.8000200834263325e-10
NB,combined,pr,1.0,0.549890258315043,1.856324605906727e-10
NB,combined,pr,1.0,0.549983113812901,1.87173737860405e-10
NB,combined,pr,1.0,0.5500760006755616,1.8982052808797722e-10
NB,combined,pr,1.0,0.550168918918919,1.909755849702532e-10
NB,combined,pr,1.0,0.5502618685588782,1.938029332459975e-10
NB,combined,pr,1.0,0.5503548496113552,1.952949670028472e-10
NB,combined,pr,1.0,0.5504478620922765,1.986171974366868e-10
NB,combined,pr,1.0,0.5505409060175794,1.9976677502491484e-10
NB,combined,pr,1.0,0.5506339814032122,2.0324915077006036e-10
NB,combined,pr,1.0,0.5507270882651336,2.0328476029638528e-10
NB,combined,pr,1.0,0.5508202266193134,2.0785484132658604e-10
NB,combined,pr,1.0,0.5509133964817321,2.084617201200913e-10
NB,combined,pr,1.0,0.551006597868381,2.1618519150096671e-10
NB,combined,pr,1.0,0.5510998307952623,2.2070242087560826e-10
NB,combined,pr,1.0,0.5511930952783889,2.230033470252451e-10
NB,combined,pr,1.0,0.5512863913337847,2.2343438313635623e-10
NB,combined,pr,1.0,0.5513797189774844,2.2653811368178784e-10
NB,combined,pr,1.0,0.5514730782255334,2.2677459278420604e-10
NB,combined,pr,1.0,0.5515664690939881,2.269324066840943e-10
NB,combined,pr,1.0,0.551659891598916,2.2798776952534936e-10
NB,combined,pr,1.0,0.551753345756395,2.2915789972007044e-10
NB,combined,pr,1.0,0.5518468315825144,2.2978850512631368e-10
NB,combined,pr,1.0,0.551940349093374,2.3287939682367793e-10
NB,combined,pr,1.0,0.5520338983050848,2.3292776467736245e-10
NB,combined,pr,1.0,0.5521274792337685,2.3484954372271713e-10
NB,combined,pr,1.0,0.5522210918955578,2.3593834922079975e-10
NB,combined,pr,1.0,0.5523147363065966,2.441336260722524e-10
NB,combined,pr,1.0,0.5524084124830394,2.494747274566663e-10
NB,combined,pr,1.0,0.5525021204410517,2.500479472509336e-10
NB,combined,pr,1.0,0.5525958601968103,2.501963959471082e-10
NB,combined,pr,1.0,0.5526896317665027,2.543907640820704e-10
NB,combined,pr,1.0,0.5527834351663272,2.56944111261902e-10
NB,combined,pr,1.0,0.5528772704124937,2.570248945528684e-10
NB,combined,pr,1.0,0.5529711375212224,2.6071388069764546e-10
NB,combined,pr,1.0,0.5530650365087452,2.6290005447789557e-10
NB,combined,pr,1.0,0.5531589673913043,2.638184550597636e-10
NB,combined,pr,1.0,0.5532529301851538,2.686362015475283e-10
NB,combined,pr,1.0,0.5533469249065579,2.79992240134268e-10
NB,combined,pr,1.0,0.5534409515717927,2.828794890377208e-10
NB,combined,pr,1.0,0.5535350101971448,2.838880206614435e-10
NB,combined,pr,1.0,0.5536291007989121,2.9023662889995955e-10
NB,combined,pr,1.0,0.5537232233934036,2.9134594491367136e-10
NB,combined,pr,1.0,0.5538173779969393,2.9158635386094233e-10
NB,combined,pr,1.0,0.5539115646258503,2.927060358616785e-10
NB,combined,pr,1.0,0.554005783296479,2.9400704943414135e-10
NB,combined,pr,1.0,0.5541000340251786,2.9938679938718174e-10
NB,combined,pr,1.0,0.5541943168283138,2.998079351234951e-10
NB,combined,pr,1.0,0.5542886317222601,3.0220944921983593e-10
NB,combined,pr,1.0,0.5543829787234043,3.0273755836161677e-10
NB,combined,pr,1.0,0.5544773578481443,3.0359532582648457e-10
NB,combined,pr,1.0,0.5545717691128895,3.041317169373344e-10
NB,combined,pr,1.0,0.5546662125340599,3.0556769668341287e-10
NB,combined,pr,1.0,0.5547606881280872,3.2526634749422723e-10
NB,combined,pr,1.0,0.554855195911414,3.308977975678737e-10
NB,combined,pr,1.0,0.5549497359004941,3.327656123088302e-10
NB,combined,pr,1.0,0.5550443081117927,3.33007446235761e-10
NB,combined,pr,1.0,0.5551389125617863,3.3492981722169556e-10
NB,combined,pr,1.0,0.5552335492669621,3.384506124663314e-10
NB,combined,pr,1.0,0.5553282182438193,3.4465585671601184e-10
NB,combined,pr,1.0,0.5554229195088677,3.448078429399336e-10
NB,combined,pr,1.0,0.5555176530786287,3.464860884646327e-10
NB,combined,pr,1.0,0.555612418969635,3.4693117999667736e-10
NB,combined,pr,1.0,0.5557072171984303,3.490407801052355e-10
NB,combined,pr,1.0,0.5558020477815699,3.490736826445985e-10
NB,combined,pr,1.0,0.5558969107356204,3.5642227838050606e-10
NB,combined,pr,1.0,0.5559918060771595,3.5999442193772855e-10
NB,combined,pr,1.0,0.5560867338227762,3.604344886447508e-10
NB,combined,pr,1.0,0.556181693989071,3.665152144348417e-10
NB,combined,pr,1.0,0.5562766865926558,3.6675459334197917e-10
NB,combined,pr,1.0,0.5563717116501538,3.6730964668278064e-10
NB,combined,pr,1.0,0.5564667691781993,3.746744712047844e-10
NB,combined,pr,1.0,0.5565618591934381,3.8453589449461365e-10
NB,combined,pr,1.0,0.5566569817125278,3.927110233837204e-10
NB,combined,pr,1.0,0.5567521367521368,3.9381295558032654e-10
NB,combined,pr,1.0,0.5568473243289451,3.9661967865653005e-10
NB,combined,pr,1.0,0.5569425444596443,3.977280491180801e-10
NB,combined,pr,1.0,0.5570377971609373,4.1387805930556654e-10
NB,combined,pr,1.0,0.5571330824495382,4.199036077806832e-10
NB,combined,pr,1.0,0.5572284003421728,4.3225459189894996e-10
NB,combined,pr,1.0,0.5573237508555784,4.3581292618507997e-10
NB,combined,pr,1.0,0.5574191340065036,4.368994646598671e-10
NB,combined,pr,1.0,0.5575145498117083,4.3712943112651785e-10
NB,combined,pr,1.0,0.5576099982879644,4.3894812223426976e-10
NB,combined,pr,1.0,0.5577054794520548,4.395335843684967e-10
NB,combined,pr,1.0,0.5578009933207742,4.407050339279817e-10
NB,combined,pr,1.0,0.5578965399109284,4.492249560221653e-10
NB,combined,pr,1.0,0.5579921192393352,4.582818291189814e-10
NB,combined,pr,1.0,0.5580877313228239,4.6083722230968623e-10
NB,combined,pr,1.0,0.5581833761782348,4.7036154628042e-10
NB,combined,pr,1.0,0.5582790538224203,4.864217675661837e-10
NB,combined,pr,1.0,0.5583747642722441,5.006022859856884e-10
NB,combined,pr,1.0,0.5584705075445816,5.055528072248299e-10
NB,combined,pr,1.0,0.5585662836563197,5.232885869557457e-10
NB,combined,pr,1.0,0.5586620926243567,5.255713720832807e-10
NB,combined,pr,1.0,0.5587579344656031,5.302917189320661e-10
NB,combined,pr,1.0,0.5588538091969801,5.315219925609735e-10
NB,combined,pr,1.0,0.5589497168354213,5.382419198637244e-10
NB,combined,pr,1.0,0.5590456573978716,5.460943062377563e-10
NB,combined,pr,1.0,0.5591416309012875,5.483324559528188e-10
NB,combined,pr,1.0,0.5593336767989009,5.537665114338391e-10
NB,combined,pr,1.0,0.5594297492270698,5.543906258872252e-10
NB,combined,pr,1.0,0.5595258546641471,5.747345832175404e-10
NB,combined,pr,1.0,0.5596219931271478,5.829283118276886e-10
NB,combined,pr,1.0,0.5597181646330984,6.093189214243757e-10
NB,combined,pr,1.0,0.5598143691990375,6.120190187441104e-10
NB,combined,pr,1.0,0.5599106068420148,6.144783739220921e-10
NB,combined,pr,1.0,0.5600068775790922,6.162635955348808e-10
NB,combined,pr,1.0,0.560103181427343,6.202496845855188e-10
NB,combined,pr,1.0,0.5601995184038527,6.281708520839736e-10
NB,combined,pr,1.0,0.5602958885257182,6.390409005794254e-10
NB,combined,pr,1.0,0.5603922918100481,6.55887986121346e-10
NB,combined,pr,1.0,0.5604887282739631,6.594570119916828e-10
NB,combined,pr,1.0,0.5605851979345955,6.601959431296762e-10
NB,combined,pr,1.0,0.5606817008090893,6.772379437634592e-10
NB,combined,pr,1.0,0.5607782369146006,6.873080268764906e-10
NB,combined,pr,1.0,0.5608748062682969,6.922770834467862e-10
NB,combined,pr,1.0,0.5609714088873579,7.02913574953315e-10
NB,combined,pr,1.0,0.561068044788975,7.06811232281226e-10
NB,combined,pr,1.0,0.5611647139903515,7.132027947334097e-10
NB,combined,pr,1.0,0.5612614165087024,7.147118290382648e-10
NB,combined,pr,1.0,0.5613581523612547,7.194466286851441e-10
NB,combined,pr,1.0,0.5614549215652473,7.223805004708513e-10
NB,combined,pr,1.0,0.5615517241379311,7.270498409917929e-10
NB,combined,pr,1.0,0.5616485600965684,7.350700390026418e-10
NB,combined,pr,1.0,0.561745429458434,7.374634762278497e-10
NB,combined,pr,1.0,0.5618423322408143,7.450539676793322e-10
NB,combined,pr,1.0,0.5619392684610076,7.484980316375023e-10
NB,combined,pr,1.0,0.5620362381363244,7.51545189958865e-10
NB,combined,pr,1.0,0.562133241284087,7.57802431965496e-10
NB,combined,pr,1.0,0.5622302779216296,7.581776636267867e-10
NB,combined,pr,1.0,0.5623273480662984,7.77325848011825e-10
NB,combined,pr,1.0,0.5624244517354515,7.799362592155576e-10
NB,combined,pr,1.0,0.5625215889464594,7.820857783307334e-10
NB,combined,pr,1.0,0.5627159640635798,8.024489056137783e-10
NB,combined,pr,1.0,0.5628132020044928,8.086993171274619e-10
NB,combined,pr,1.0,0.5629104735568614,8.172801719567419e-10
NB,combined,pr,1.0,0.5630077787381158,8.292235055204397e-10
NB,combined,pr,1.0,0.5631051175656985,8.58594368735452e-10
NB,combined,pr,1.0,0.5632024900570638,8.592601269607095e-10
NB,combined,pr,1.0,0.5632998962296784,8.607187340641693e-10
NB,combined,pr,1.0,0.5633973361010206,8.607508550321703e-10
NB,combined,pr,1.0,0.5634948096885813,8.699200805399777e-10
NB,combined,pr,1.0,0.5635923170098633,8.715453101106502e-10
NB,combined,pr,1.0,0.5636898580823815,8.837122953315507e-10
NB,combined,pr,1.0,0.5637874329236628,9.202243835784384e-10
NB,combined,pr,1.0,0.5638850415512465,9.334077431088825e-10
NB,combined,pr,1.0,0.563982683982684,9.42025340293005e-10
NB,combined,pr,1.0,0.5640803602355386,9.492315806402074e-10
NB,combined,pr,1.0,0.5641780703273861,9.779743649033938e-10
NB,combined,pr,1.0,0.5642758142758143,9.822950598451132e-10
NB,combined,pr,1.0,0.5643735920984232,9.983412216596167e-10
NB,combined,pr,1.0,0.5644714038128249,1.0148428412885282e-09
NB,combined,pr,1.0,0.5645692494366441,1.0222584753916196e-09
NB,combined,pr,1.0,0.5646671289875174,1.0393461882219737e-09
NB,combined,pr,1.0,0.5647650424830934,1.0638165764172523e-09
NB,combined,pr,1.0,0.5648629899410337,1.0690339181947547e-09
NB,combined,pr,1.0,0.5649609713790112,1.083595119753624e-09
NB,combined,pr,1.0,0.565058986814712,1.086684352531113e-09
NB,combined,pr,1.0,0.5651570362658338,1.0917831459667045e-09
NB,combined,pr,1.0,0.5652551197500868,1.1019123584980281e-09
NB,combined,pr,1.0,0.5653532372851935,1.1035806897070633e-09
NB,combined,pr,1.0,0.5654513888888889,1.112666119486527e-09
NB,combined,pr,1.0,0.56554957457892,1.112965689705367e-09
NB,combined,pr,1.0,0.5656477943730462,1.1310077302611393e-09
NB,combined,pr,1.0,0.5657460482890394,1.1377006093329044e-09
NB,combined,pr,1.0,0.5658443363446838,1.147486646154652e-09
NB,combined,pr,1.0,0.5659426585577758,1.1561902850015293e-09
NB,combined,pr,1.0,0.5660410149461245,1.1598395788623797e-09
NB,combined,pr,1.0,0.5661394055275508,1.1633350330666485e-09
NB,combined,pr,1.0,0.5662378303198887,1.18645021786162e-09
NB,combined,pr,1.0,0.5663362893409841,1.1874264867043379e-09
NB,combined,pr,1.0,0.5664347826086956,1.1911790943562668e-09
NB,combined,pr,1.0,0.566533310140894,1.2006027646399684e-09
NB,combined,pr,1.0,0.5666318719554627,1.2020268858403046e-09
NB,combined,pr,1.0,0.5667304680702976,1.2197172516351538e-09
NB,combined,pr,1.0,0.5668290985033066,1.2367079467916101e-09
NB,combined,pr,1.0,0.5669277632724108,1.2408223009966383e-09
NB,combined,pr,1.0,0.5670264623955432,1.2598504854479904e-09
NB,combined,pr,1.0,0.5671251958906495,1.2642614256466126e-09
NB,combined,pr,1.0,0.567223963775688,1.271353647338284e-09
NB,combined,pr,1.0,0.5673227660686292,1.3190405026846895e-09
NB,combined,pr,1.0,0.5674216027874565,1.3342813591657399e-09
NB,combined,pr,1.0,0.5675204739501656,1.3379213906147257e-09
NB,combined,pr,1.0,0.5676193795747647,1.3965771462050501e-09
NB,combined,pr,1.0,0.5677183196792749,1.4424123427644782e-09
NB,combined,pr,1.0,0.5678172942817294,1.4555525242632985e-09
NB,combined,pr,1.0,0.5679163034001744,1.4656895796939334e-09
NB,combined,pr,1.0,0.5680153470526683,1.5158022019251609e-09
NB,combined,pr,1.0,0.5681144252572824,1.5181269144697884e-09
NB,combined,pr,1.0,0.5682135380321005,1.5759093443644052e-09
NB,combined,pr,1.0,0.568312685395219,1.604282882703592e-09
NB,combined,pr,1.0,0.5684118673647469,1.610829273297624e-09
NB,combined,pr,1.0,0.5685110839588061,1.6149484846310426e-09
NB,combined,pr,1.0,0.5686103351955307,1.641080141103231e-09
NB,combined,pr,1.0,0.5687096210930679,1.6454260304981144e-09
NB,combined,pr,1.0,0.5688089416695774,1.673056229604698e-09
NB,combined,pr,1.0,0.5689082969432314,1.6873558199939548e-09
NB,combined,pr,1.0,0.5690076869322153,1.688435021985065e-09
NB,combined,pr,1.0,0.5691071116547265,1.6983893069890328e-09
NB,combined,pr,1.0,0.5692065711289759,1.7029011948569092e-09
NB,combined,pr,1.0,0.5693060653731865,1.724172329952275e-09
NB,combined,pr,1.0,0.5694055944055944,1.7284921092687901e-09
NB,combined,pr,1.0,0.5695051582444484,1.7511985021400836e-09
NB,combined,pr,1.0,0.5696047569080098,1.8005729009788725e-09
NB,combined,pr,1.0,0.5697043904145531,1.8110218052158279e-09
NB,combined,pr,1.0,0.5698040587823653,1.8160175710317062e-09
NB,combined,pr,1.0,0.5699037620297462,1.8721971023582465e-09
NB,combined,pr,1.0,0.5700035001750088,1.8764613507574476e-09
NB,combined,pr,1.0,0.5701032732364782,1.89421870722894e-09
NB,combined,pr,1.0,0.570203081232493,1.8999783839006125e-09
NB,combined,pr,1.0,0.5703029241814043,1.9061023272609325e-09
NB,combined,pr,1.0,0.5704028021015762,1.944001784177007e-09
NB,combined,pr,1.0,0.5705027150113855,1.955860541828201e-09
NB,combined,pr,1.0,0.5706026629292221,1.9819253964969705e-09
NB,combined,pr,1.0,0.5707026458734887,1.9894667434584927e-09
NB,combined,pr,1.0,0.5708026638626008,1.9929347678314964e-09
NB,combined,pr,1.0,0.5709027169149868,1.9951186120217335e-09
NB,combined,pr,1.0,0.5710028050490884,2.0191760226445904e-09
NB,combined,pr,1.0,0.5711029282833596,2.032398700102442e-09
NB,combined,pr,1.0,0.571203086636268,2.0429453382984115e-09
NB,combined,pr,1.0,0.5713032801262936,2.0450841492978475e-09
NB,combined,pr,1.0,0.5714035087719298,2.0532731928840407e-09
NB,combined,pr,1.0,0.5715037725916827,2.06608096282296e-09
NB,combined,pr,1.0,0.5716040716040716,2.0723617691051646e-09
NB,combined,pr,1.0,0.5717044058276286,2.085342495818081e-09
NB,combined,pr,1.0,0.5718047752808989,2.1064559750019564e-09
NB,combined,pr,1.0,0.5719051799824407,2.120529029449701e-09
NB,combined,pr,1.0,0.5720056199508254,2.1243857035849832e-09
NB,combined,pr,1.0,0.5721060952046373,2.1422425246574358e-09
NB,combined,pr,1.0,0.5722066057624736,2.1720463240014687e-09
NB,combined,pr,1.0,0.572307151642945,2.178064447053943e-09
NB,combined,pr,1.0,0.5724077328646748,2.184408729353875e-09
NB,combined,pr,1.0,0.5725083494462999,2.197543425980085e-09
NB,combined,pr,1.0,0.5726090014064698,2.1983018121164683e-09
NB,combined,pr,1.0,0.5727096887638474,2.2149087494718193e-09
NB,combined,pr,1.0,0.5728104115371087,2.2791675193133994e-09
NB,combined,pr,1.0,0.5729111697449428,2.281284073590202e-09
NB,combined,pr,1.0,0.5730119634060521,2.2940531867355184e-09
NB,combined,pr,1.0,0.5731127925391518,2.310992663003997e-09
NB,combined,pr,1.0,0.5732136571629708,2.322735805569658e-09
NB,combined,pr,1.0,0.5733145572962507,2.349624333707257e-09
NB,combined,pr,1.0,0.5734154929577465,2.3568344994903606e-09
NB,combined,pr,1.0,0.5735164641662265,2.371661900002374e-09
NB,combined,pr,1.0,0.573617470940472,2.3926986454682912e-09
NB,combined,pr,1.0,0.5737185132992778,2.3987071475083254e-09
NB,combined,pr,1.0,0.5738195912614518,2.4076971994846733e-09
NB,combined,pr,1.0,0.573920704845815,2.4338357167673595e-09
NB,combined,pr,1.0,0.574021854071202,2.487093791585557e-09
NB,combined,pr,1.0,0.5741230389564604,2.4923140293417198e-09
NB,combined,pr,1.0,0.5742242595204513,2.518105347135082e-09
NB,combined,pr,1.0,0.574325515782049,2.600769007510211e-09
NB,combined,pr,1.0,0.5744268077601411,2.649631813946572e-09
NB,combined,pr,1.0,0.5745281354736285,2.699618610683158e-09
NB,combined,pr,1.0,0.5746294989414256,2.7096686120350463e-09
NB,combined,pr,1.0,0.5747308981824598,2.7439894686801875e-09
NB,combined,pr,1.0,0.5748323332156724,2.748974820224366e-09
NB,combined,pr,1.0,0.5749338040600177,2.753489967392479e-09
NB,combined,pr,1.0,0.5750353107344632,2.8406513731479965e-09
NB,combined,pr,1.0,0.5751368532579905,2.86394748916836e-09
NB,combined,pr,1.0,0.5752384316495938,2.9006593036006216e-09
NB,combined,pr,1.0,0.5753400459282813,2.9110317528895675e-09
NB,combined,pr,1.0,0.5754416961130742,2.9269178987141132e-09
NB,combined,pr,1.0,0.5755433822230076,2.9935026389497303e-09
NB,combined,pr,1.0,0.5756451042771298,3.0016031137682155e-09
NB,combined,pr,1.0,0.5757468622945023,3.0548786796467517e-09
NB,combined,pr,1.0,0.5758486562942009,3.0952213645876085e-09
NB,combined,pr,1.0,0.5759504862953139,3.1632092164076176e-09
NB,combined,pr,1.0,0.5760523523169437,3.1683161099153276e-09
NB,combined,pr,1.0,0.5761542543782062,3.2067810593177e-09
NB,combined,pr,1.0,0.5762561924982307,3.224277290481999e-09
NB,combined,pr,1.0,0.57635816669616,3.2437963128178584e-09
NB,combined,pr,1.0,0.5764601769911505,3.2733013316456864e-09
NB,combined,pr,1.0,0.5765622234023721,3.274061212696659e-09
NB,combined,pr,1.0,0.5766643059490085,3.298739213276504e-09
NB,combined,pr,1.0,0.5767664246502567,3.3133426829022116e-09
NB,combined,pr,1.0,0.5768685795253277,3.3326376928362853e-09
NB,combined,pr,1.0,0.5769707705934455,3.3562640172628067e-09
NB,combined,pr,1.0,0.5770729978738484,3.373057774716408e-09
NB,combined,pr,1.0,0.5771752613857877,3.497389677990077e-09
NB,combined,pr,1.0,0.5773798971813509,3.520735856051688e-09
NB,combined,pr,1.0,0.5774822695035461,3.5444409665953298e-09
NB,combined,pr,1.0,0.577584678134421,3.5673555521651682e-09
NB,combined,pr,1.0,0.5776871230932955,3.604071335478056e-09
NB,combined,pr,1.0,0.5777896043995033,3.6218120575095958e-09
NB,combined,pr,1.0,0.5778921220723917,3.691698361668613e-09
NB,combined,pr,1.0,0.577994676131322,3.7612863218282045e-09
NB,combined,pr,1.0,0.5780972665956692,3.7786955206778155e-09
NB,combined,pr,1.0,0.5781998934848216,3.80209346041948e-09
NB,combined,pr,1.0,0.5783025568181818,3.80225871743065e-09
NB,combined,pr,1.0,0.5784052566151661,3.853475895037354e-09
NB,combined,pr,1.0,0.5785079928952043,4.0166706782478115e-09
NB,combined,pr,1.0,0.5787135749822317,4.055242547811599e-09
NB,combined,pr,1.0,0.57881642082815,4.096063326082398e-09
NB,combined,pr,1.0,0.5789193032349804,4.100154502246009e-09
NB,combined,pr,1.0,0.5790222222222222,4.126473488732948e-09
NB,combined,pr,1.0,0.5791251778093883,4.185744891546237e-09
NB,combined,pr,1.0,0.5792281700160057,4.202028504162447e-09
NB,combined,pr,1.0,0.5793311988616151,4.210654602919915e-09
NB,combined,pr,1.0,0.5794342643657712,4.22887674866593e-09
NB,combined,pr,1.0,0.5795373665480427,4.2414639710935874e-09
NB,combined,pr,1.0,0.5796405054280122,4.2497879707869705e-09
NB,combined,pr,1.0,0.5797436810252758,4.267383881347477e-09
NB,combined,pr,1.0,0.5798468933594445,4.28134536100248e-09
NB,combined,pr,1.0,0.5799501424501424,4.288550327215783e-09
NB,combined,pr,1.0,0.580053428317008,4.299664858666195e-09
NB,combined,pr,1.0,0.5801567509796937,4.3806733022687345e-09
NB,combined,pr,1.0,0.5802601104578656,4.3922300707925126e-09
NB,combined,pr,1.0,0.5803635067712045,4.399662292291331e-09
NB,combined,pr,1.0,0.5804669399394048,4.4380939316980995e-09
NB,combined,pr,1.0,0.5805704099821747,4.451288646707867e-09
NB,combined,pr,1.0,0.580673916919237,4.538371312042694e-09
NB,combined,pr,1.0,0.5807774607703281,4.541496697677432e-09
NB,combined,pr,1.0,0.5808810415551988,4.626971886790169e-09
NB,combined,pr,1.0,0.580984659293614,4.684829141909788e-09
NB,combined,pr,1.0,0.5810883140053523,4.743596857534532e-09
NB,combined,pr,1.0,0.581192005710207,4.790474877905797e-09
NB,combined,pr,1.0,0.581295734427985,4.9343349394309146e-09
NB,combined,pr,1.0,0.5813995001785077,4.948417247981107e-09
NB,combined,pr,1.0,0.5815033029816105,5.10452784663153e-09
NB,combined,pr,1.0,0.5816071428571429,5.1138459528787705e-09
NB,combined,pr,1.0,0.5817110198249688,5.1261045790201074e-09
NB,combined,pr,1.0,0.5818149339049661,5.146429973178806e-09
NB,combined,pr,1.0,0.5819188851170269,5.178435168001113e-09
NB,combined,pr,1.0,0.5820228734810579,5.234417637387548e-09
NB,combined,pr,1.0,0.5821268990169794,5.241128184333857e-09
NB,combined,pr,1.0,0.5822309617447264,5.2778217890788415e-09
NB,combined,pr,1.0,0.5823350616842482,5.3308724773942124e-09
NB,combined,pr,1.0,0.5824391988555079,5.3467893307965865e-09
NB,combined,pr,1.0,0.5825433732784833,5.3807262627480385e-09
NB,combined,pr,1.0,0.5827518339595634,5.391132151622313e-09
NB,combined,pr,1.0,0.5828561202576951,5.4494037579608526e-09
NB,combined,pr,1.0,0.5829604438875962,5.56185362726285e-09
NB,combined,pr,1.0,0.5830648048693161,5.565771765407209e-09
NB,combined,pr,1.0,0.5831692032229185,5.615690529245913e-09
NB,combined,pr,1.0,0.5832736389684814,5.642649866855579e-09
NB,combined,pr,1.0,0.583378112126097,5.64943816175456e-09
NB,combined,pr,1.0,0.5834826227158725,5.666706940994318e-09
NB,combined,pr,1.0,0.5835871707579287,5.723941040172021e-09
NB,combined,pr,1.0,0.5836917562724014,5.7666369308171684e-09
NB,combined,pr,1.0,0.5837963792794407,5.782097914506748e-09
NB,combined,pr,1.0,0.5839010397992112,5.783393391566294e-09
NB,combined,pr,1.0,0.5840057378518917,5.828346808940681e-09
NB,combined,pr,1.0,0.5841104734576757,5.878935804733981e-09
NB,combined,pr,1.0,0.5842152466367713,5.9323028844226004e-09
NB,combined,pr,1.0,0.5843200574094007,5.953386594513836e-09
NB,combined,pr,1.0,0.5844249057958012,5.9754408217646245e-09
NB,combined,pr,1.0,0.584529791816224,5.9842073176834315e-09
NB,combined,pr,1.0,0.5846347154909352,6.043409600582601e-09
NB,combined,pr,1.0,0.5847396768402154,6.067694577562833e-09
NB,combined,pr,1.0,0.5848446758843598,6.160781272232908e-09
NB,combined,pr,1.0,0.5849497126436781,6.169886557530198e-09
NB,combined,pr,1.0,0.5850547871384947,6.403511313494413e-09
NB,combined,pr,1.0,0.5851598993891484,6.491809836190001e-09
NB,combined,pr,1.0,0.5852650494159928,6.496450857320014e-09
NB,combined,pr,1.0,0.5853702372393961,6.5428195537780645e-09
NB,combined,pr,1.0,0.5854754628797412,6.634487525956172e-09
NB,combined,pr,1.0,0.5855807263574254,6.6433832042656696e-09
NB,combined,pr,1.0,0.585686027692861,6.770093132134093e-09
NB,combined,pr,1.0,0.5857913669064748,6.786431136281635e-09
NB,combined,pr,1.0,0.5858967440187084,6.800617349160296e-09
NB,combined,pr,1.0,0.586002159050018,6.84190264064925e-09
NB,combined,pr,1.0,0.5861076120208746,6.84684595845285e-09
NB,combined,pr,1.0,0.5862131029517639,6.861565944829515e-09
NB,combined,pr,1.0,0.5863186318631863,6.896222253977566e-09
NB,combined,pr,1.0,0.5864241987756572,6.9118955574037826e-09
NB,combined,pr,1.0,0.5865298037097064,6.916890005523541e-09
NB,combined,pr,1.0,0.586635446685879,7.025582573010782e-09
NB,combined,pr,1.0,0.5867411277247343,7.148857556282402e-09
NB,combined,pr,1.0,0.5868468468468468,7.1552675973073306e-09
NB,combined,pr,1.0,0.5869526040728059,7.161694774750257e-09
NB,combined,pr,1.0,0.5870583994232156,7.189042472238133e-09
NB,combined,pr,1.0,0.5871642329186948,7.341227072614766e-09
NB,combined,pr,1.0,0.5872701045798774,7.378158964678482e-09
NB,combined,pr,1.0,0.587376014427412,7.51394549968161e-09
NB,combined,pr,1.0,0.5874819624819625,7.540571120050271e-09
NB,combined,pr,1.0,0.5875879487642071,7.671157269618353e-09
NB,combined,pr,1.0,0.5876939732948394,7.685111089813259e-09
NB,combined,pr,1.0,0.5878000360945678,7.753500471263194e-09
NB,combined,pr,1.0,0.5879061371841156,7.828829703523762e-09
NB,combined,pr,1.0,0.588012276584221,7.869467896283156e-09
NB,combined,pr,1.0,0.5881184543156374,7.893612318366288e-09
NB,combined,pr,1.0,0.5882246703991331,7.91172822498689e-09
NB,combined,pr,1.0,0.5883309248554913,7.946863557914843e-09
NB,combined,pr,1.0,0.5884372177055104,7.9681125105999e-09
NB,combined,pr,1.0,0.5885435489700036,8.103829163200876e-09
NB,combined,pr,1.0,0.5886499186697994,8.191529209490791e-09
NB,combined,pr,1.0,0.5887563268257412,8.433727421474431e-09
NB,combined,pr,1.0,0.5888627734586874,8.510497810560226e-09
NB,combined,pr,1.0,0.5889692585895118,8.577386929459193e-09
NB,combined,pr,1.0,0.589075782239103,8.624871642244208e-09
NB,combined,pr,1.0,0.5891823444283647,8.684492637394647e-09
NB,combined,pr,1.0,0.5892889451782161,8.799945747195382e-09
NB,combined,pr,1.0,0.5893955845095911,8.814259452906755e-09
NB,combined,pr,1.0,0.589502262443439,8.886850397285854e-09
NB,combined,pr,1.0,0.5896089790007241,8.900366834484506e-09
NB,combined,pr,1.0,0.5897157342024262,8.910761997757652e-09
NB,combined,pr,1.0,0.58982252806954,9.027307584633132e-09
NB,combined,pr,1.0,0.5899293606230755,9.07235960203008e-09
NB,combined,pr,1.0,0.590036231884058,9.095531608297618e-09
NB,combined,pr,1.0,0.5901431418735278,9.103006917736198e-09
NB,combined,pr,1.0,0.5902500906125407,9.13133959292458e-09
NB,combined,pr,1.0,0.5903570781221679,9.188325261019455e-09
NB,combined,pr,1.0,0.5904641044234953,9.254249803575622e-09
NB,combined,pr,1.0,0.5905711695376247,9.321818318911965e-09
NB,combined,pr,1.0,0.590785416288772,9.474800738391318e-09
NB,combined,pr,1.0,0.5908925979680697,9.52470825847072e-09
NB,combined,pr,1.0,0.5909998185447287,9.545830301918929e-09
NB,combined,pr,1.0,0.5911070780399275,9.567622687454038e-09
NB,combined,pr,1.0,0.5912143764748593,9.636030277883008e-09
NB,combined,pr,1.0,0.5913217138707335,9.641312556962428e-09
NB,combined,pr,1.0,0.5914290902487743,9.670569724985946e-09
NB,combined,pr,1.0,0.5915365056302215,9.716861687917602e-09
NB,combined,pr,1.0,0.5916439600363306,1.0001399968293111e-08
NB,combined,pr,1.0,0.5917514534883721,1.0152185875647904e-08
NB,combined,pr,1.0,0.5918589860076322,1.0421808671465046e-08
NB,combined,pr,1.0,0.5919665576154126,1.0646969069625583e-08
NB,combined,pr,1.0,0.5920741683330304,1.073898077586538e-08
NB,combined,pr,1.0,0.5921818181818181,1.0854433529600357e-08
NB,combined,pr,1.0,0.5922895071831242,1.0859002692354503e-08
NB,combined,pr,1.0,0.5923972353583121,1.0864244914899871e-08
NB,combined,pr,1.0,0.5925050027287612,1.09557368109733e-08
NB,combined,pr,1.0,0.5926128093158661,1.1054503197362726e-08
NB,combined,pr,1.0,0.5927206551410373,1.1172419235280147e-08
NB,combined,pr,1.0,0.5928285402257008,1.1376616108123357e-08
NB,combined,pr,1.0,0.592936464591298,1.1485476018257765e-08
NB,combined,pr,1.0,0.5930444282592863,1.1530694008067998e-08
NB,combined,pr,1.0,0.5931524312511383,1.1694326328794495e-08
NB,combined,pr,1.0,0.5932604735883424,1.1708207237245827e-08
NB,combined,pr,1.0,0.593368555292403,1.1760534198304663e-08
NB,combined,pr,1.0,0.5934766763848397,1.1802622895915202e-08
NB,combined,pr,1.0,0.5935848368871879,1.2032582567387561e-08
NB,combined,pr,1.0,0.5936930368209989,1.2079985839899682e-08
NB,combined,pr,1.0,0.5938012762078395,1.2279171602520904e-08
NB,combined,pr,1.0,0.5939095550692924,1.2304668948165548e-08
NB,combined,pr,1.0,0.594017873426956,1.2493450958463373e-08
NB,combined,pr,1.0,0.5941262313024444,1.2623923161722922e-08
NB,combined,pr,1.0,0.5942346287173873,1.2744249503184715e-08
NB,combined,pr,1.0,0.5943430656934306,1.350776138765136e-08
NB,combined,pr,1.0,0.5944515422522358,1.3631765217139145e-08
NB,combined,pr,1.0,0.5945600584154801,1.3885621770155267e-08
NB,combined,pr,1.0,0.5947772096420745,1.3905080837539303e-08
NB,combined,pr,1.0,0.5948858447488584,1.4080135922398276e-08
NB,combined,pr,1.0,0.5949945195469493,1.4326256071844925e-08
NB,combined,pr,1.0,0.5951032340581034,1.4335815615978645e-08
NB,combined,pr,1.0,0.5952119883040936,1.435202293513867e-08
NB,combined,pr,1.0,0.5953207823067082,1.4470741810036561e-08
NB,combined,pr,1.0,0.5954296160877514,1.4508312370221156e-08
NB,combined,pr,1.0,0.5955384896690437,1.4531266141585081e-08
NB,combined,pr,1.0,0.5956474030724214,1.4585359120282278e-08
NB,combined,pr,1.0,0.5957563563197366,1.4724488802995094e-08
NB,combined,pr,1.0,0.5958653494328576,1.4749920783047702e-08
NB,combined,pr,1.0,0.5959743824336688,1.4935310354296264e-08
NB,combined,pr,1.0,0.5960834553440703,1.5228947311442712e-08
NB,combined,pr,1.0,0.5961925681859784,1.5443686714776556e-08
NB,combined,pr,1.0,0.5963017209813255,1.5492152427520864e-08
NB,combined,pr,1.0,0.59641091375206,1.566017150757849e-08
NB,combined,pr,1.0,0.5965201465201465,1.5679039612960554e-08
NB,combined,pr,1.0,0.5966294193075655,1.5746948320620845e-08
NB,combined,pr,1.0,0.5967387321363137,1.5986044086829158e-08
NB,combined,pr,1.0,0.5968480850284039,1.600986643839056e-08
NB,combined,pr,1.0,0.5969574780058651,1.615364627781309e-08
NB,combined,pr,1.0,0.5970669110907424,1.6169477003009998e-08
NB,combined,pr,1.0,0.5971763843050972,1.6436209419113487e-08
NB,combined,pr,1.0,0.5972858976710068,1.6505374670407193e-08
NB,combined,pr,1.0,0.5973954512105649,1.6712993169742653e-08
NB,combined,pr,1.0,0.5975050449458815,1.6827930028731395e-08
NB,combined,pr,1.0,0.5976146788990826,1.684665331420271e-08
NB,combined,pr,1.0,0.5977243530923105,1.6848474693957284e-08
NB,combined,pr,1.0,0.597834067547724,1.7163723485126532e-08
NB,combined,pr,1.0,0.5979438222874977,1.7267373347753623e-08
NB,combined,pr,1.0,0.598053617333823,1.7432839093475558e-08
NB,combined,pr,1.0,0.5981634527089073,1.773715673063037e-08
NB,combined,pr,1.0,0.5982733284349743,1.7740493795769544e-08
NB,combined,pr,1.0,0.5983832445342642,1.795581325600461e-08
NB,combined,pr,1.0,0.5984932010290335,1.8173099683229992e-08
NB,combined,pr,1.0,0.5986031979415548,1.8237447667636746e-08
NB,combined,pr,1.0,0.5987132352941177,1.832098347085073e-08
NB,combined,pr,1.0,0.5988233131090274,1.8357111459107944e-08
NB,combined,pr,1.0,0.5989334314086061,1.8497357513543878e-08
NB,combined,pr,1.0,0.5990435902151922,1.876792854249003e-08
NB,combined,pr,1.0,0.5991537895511405,1.9110653143991253e-08
NB,combined,pr,1.0,0.5992640294388224,1.9354841863545513e-08
NB,combined,pr,1.0,0.5993743099006257,1.9753198310329458e-08
NB,combined,pr,1.0,0.5994846309589545,1.9976586708275277e-08
NB,combined,pr,1.0,0.5995949926362297,2.0247399756355834e-08
NB,combined,pr,1.0,0.5997053949548886,2.0252888092633264e-08
NB,combined,pr,1.0,0.5998158379373849,2.0300648301241505e-08
NB,combined,pr,1.0,0.599926321606189,2.074768883322439e-08
NB,combined,pr,1.0,0.6000368459837878,2.0836913916774955e-08
NB,combined,pr,1.0,0.6001474110926848,2.134793362801037e-08
NB,combined,pr,1.0,0.6002580169553999,2.1374506403434212e-08
NB,combined,pr,1.0,0.60036866359447,2.1417926722441177e-08
NB,combined,pr,1.0,0.6004793510324484,2.2032997107127015e-08
NB,combined,pr,1.0,0.6005900792919049,2.2196927758624012e-08
NB,combined,pr,1.0,0.600700848395426,2.2401970302188048e-08
NB,combined,pr,1.0,0.6008116583656152,2.278816659163132e-08
NB,combined,pr,1.0,0.6009225092250923,2.3222248788022475e-08
NB,combined,pr,1.0,0.6010334009964938,2.3232382539364507e-08
NB,combined,pr,1.0,0.6011443337024732,2.3471756322286688e-08
NB,combined,pr,1.0,0.6012553073657005,2.3566085496830998e-08
NB,combined,pr,1.0,0.6013663220088626,2.3592005502917897e-08
NB,combined,pr,1.0,0.601477377654663,2.381540471882018e-08
NB,combined,pr,1.0,0.601588474325822,2.390455913182199e-08
NB,combined,pr,1.0,0.6016996120450767,2.3968865470343778e-08
NB,combined,pr,1.0,0.6018107908351811,2.445875354286846e-08
NB,combined,pr,1.0,0.6019220107189059,2.4498708315620606e-08
NB,combined,pr,1.0,0.6020332717190389,2.5350211486851367e-08
NB,combined,pr,1.0,0.6021445738583842,2.5502465904695177e-08
NB,combined,pr,1.0,0.6022559171597633,2.5846575400380692e-08
NB,combined,pr,1.0,0.6023673016460144,2.6251487418938662e-08
NB,combined,pr,1.0,0.6024787273399926,2.6339763646588053e-08
NB,combined,pr,1.0,0.6025901942645698,2.6394722805790833e-08
NB,combined,pr,1.0,0.6027017024426351,2.6868406974285807e-08
NB,combined,pr,1.0,0.6028132518970942,2.7101698622318157e-08
NB,combined,pr,1.0,0.6029248426508701,2.7675796316289183e-08
NB,combined,pr,1.0,0.6030364747269025,2.7775863075231907e-08
NB,combined,pr,1.0,0.6031481481481481,2.7818662770169443e-08
NB,combined,pr,1.0,0.603259862937581,2.7947669966575425e-08
NB,combined,pr,1.0,0.6033716191181919,2.8001103017459047e-08
NB,combined,pr,1.0,0.6034834167129887,2.8087098869203505e-08
NB,combined,pr,1.0,0.6035952557449963,2.833147917406377e-08
NB,combined,pr,1.0,0.6037071362372567,2.8553258282208935e-08
NB,combined,pr,1.0,0.6038190582128291,2.8647842960306675e-08
NB,combined,pr,1.0,0.6039310216947895,3.0092712719296035e-08
NB,combined,pr,1.0,0.6040430267062314,3.014511341960181e-08
NB,combined,pr,1.0,0.6041550732702653,3.0175203612880515e-08
NB,combined,pr,1.0,0.6042671614100186,3.0399416638627426e-08
NB,combined,pr,1.0,0.6043792911486361,3.0558200636460714e-08
NB,combined,pr,1.0,0.6044914625092799,3.084863642339915e-08
NB,combined,pr,1.0,0.6046036755151291,3.1270373887564775e-08
NB,combined,pr,1.0,0.6047159301893799,3.15445472839045e-08
NB,combined,pr,1.0,0.604828226555246,3.1873723416516864e-08
NB,combined,pr,1.0,0.6049405646359584,3.20277962471385e-08
NB,combined,pr,1.0,0.605052944454765,3.207135427467844e-08
NB,combined,pr,1.0,0.6051653660349312,3.2176760089068956e-08
NB,combined,pr,1.0,0.6052778293997398,3.247067114443006e-08
NB,combined,pr,1.0,0.6053903345724907,3.256056345036589e-08
NB,combined,pr,1.0,0.6055028815765012,3.2633001309825404e-08
NB,combined,pr,1.0,0.6057281011716571,3.2750900349426966e-08
NB,combined,pr,1.0,0.6058407738095238,3.2805352473764415e-08
NB,combined,pr,1.0,0.6059534883720931,3.3008700951620895e-08
NB,combined,pr,1.0,0.6060662448827688,3.3412275922443966e-08
NB,combined,pr,1.0,0.606179043364973,3.346865256863353e-08
NB,combined,pr,1.0,0.6062918838421445,3.353353585709369e-08
NB,combined,pr,1.0,0.6064047663377398,3.360579576303678e-08
NB,combined,pr,1.0,0.6065176908752328,3.378451291519002e-08
NB,combined,pr,1.0,0.6066306574781151,3.378596259304532e-08
NB,combined,pr,1.0,0.6067436661698957,3.395116614773531e-08
NB,combined,pr,1.0,0.606856716974101,3.4282156193328414e-08
NB,combined,pr,1.0,0.6069698099142751,3.439324140647419e-08
NB,combined,pr,1.0,0.6070829450139795,3.529859930394083e-08
NB,combined,pr,1.0,0.6071961222967934,3.5349365319596054e-08
NB,combined,pr,1.0,0.6073093417863137,3.5475332041840064e-08
NB,combined,pr,1.0,0.6074226035061544,3.553456702915529e-08
NB,combined,pr,1.0,0.6075359074799478,3.556398699699805e-08
NB,combined,pr,1.0,0.6076492537313433,3.5833664146769145e-08
NB,combined,pr,1.0,0.6077626422840082,3.595332652420875e-08
NB,combined,pr,1.0,0.6078760731616275,3.620940555175404e-08
NB,combined,pr,1.0,0.6079895463879037,3.657724597151034e-08
NB,combined,pr,1.0,0.6081030619865572,3.669531535335411e-08
NB,combined,pr,1.0,0.6082166199813258,3.671091370882094e-08
NB,combined,pr,1.0,0.6083302203959656,3.784058154576731e-08
NB,combined,pr,1.0,0.6084438632542499,3.8384913557765404e-08
NB,combined,pr,1.0,0.6085575485799701,3.8517944511830647e-08
NB,combined,pr,1.0,0.6086712763969352,3.86190235644158e-08
NB,combined,pr,1.0,0.6087850467289719,3.919234336220868e-08
NB,combined,pr,1.0,0.6088988595999252,3.931361927090508e-08
NB,combined,pr,1.0,0.6090127150336574,3.939772687495679e-08
NB,combined,pr,1.0,0.609126613054049,3.9536298697293966e-08
NB,combined,pr,1.0,0.6092405536849981,4.001753480723172e-08
NB,combined,pr,1.0,0.609354536950421,4.016251952668649e-08
NB,combined,pr,1.0,0.6094685628742516,4.0352254114173686e-08
NB,combined,pr,1.0,0.6095826314804417,4.035898196465493e-08
NB,combined,pr,1.0,0.6096967427929615,4.04121882399827e-08
NB,combined,pr,1.0,0.6098108968357986,4.056352349889518e-08
NB,combined,pr,1.0,0.6099250936329588,4.113836847561709e-08
NB,combined,pr,1.0,0.610039333208466,4.1158107538691045e-08
NB,combined,pr,1.0,0.6101536155863619,4.126149949391623e-08
NB,combined,pr,1.0,0.6102679407907063,4.1707386749163486e-08
NB,combined,pr,1.0,0.6103823088455772,4.203989631901665e-08
NB,combined,pr,1.0,0.6104967197750703,4.2704954085412165e-08
NB,combined,pr,1.0,0.6106111736032996,4.3133943810929286e-08
NB,combined,pr,1.0,0.6107256703543972,4.333622932234333e-08
NB,combined,pr,1.0,0.6108402100525131,4.3344169144898087e-08
NB,combined,pr,1.0,0.6109547927218157,4.364071952350387e-08
NB,combined,pr,1.0,0.6110694183864915,4.394978345042979e-08
NB,combined,pr,1.0,0.611184087070745,4.4320055934621385e-08
NB,combined,pr,1.0,0.6112987987987988,4.4633196544066345e-08
NB,combined,pr,1.0,0.6114135535948939,4.5157650034347915e-08
NB,combined,pr,1.0,0.6115283514832895,4.540221200698864e-08
NB,combined,pr,1.0,0.6116431924882629,4.639676241595537e-08
NB,combined,pr,1.0,0.6117580766341096,4.653777021709255e-08
NB,combined,pr,1.0,0.6118730039451438,4.663435837809612e-08
NB,combined,pr,1.0,0.6119879744456971,4.687439223548522e-08
NB,combined,pr,1.0,0.6121029881601203,4.799407350962664e-08
NB,combined,pr,1.0,0.612218045112782,4.802107902242656e-08
NB,combined,pr,1.0,0.6123331453280692,4.806060489625607e-08
NB,combined,pr,1.0,0.6124482888303874,4.914474465420519e-08
NB,combined,pr,1.0,0.6125634756441602,4.954345349680776e-08
NB,combined,pr,1.0,0.61267870579383,4.97121030525726e-08
NB,combined,pr,1.0,0.612793979303857,5.159547323779366e-08
NB,combined,pr,1.0,0.6129092961987204,5.1842639540169484e-08
NB,combined,pr,1.0,0.6130246565029174,5.191864706376821e-08
NB,combined,pr,1.0,0.6131400602409639,5.31499251174292e-08
NB,combined,pr,1.0,0.6132555074373941,5.3572858066357667e-08
NB,combined,pr,1.0,0.6134865323036354,5.383432036779397e-08
NB,combined,pr,1.0,0.6136021100226073,5.411881417329327e-08
NB,combined,pr,1.0,0.6137177312982853,5.41538916310275e-08
NB,combined,pr,1.0,0.6138333961552959,5.42014919897868e-08
NB,combined,pr,1.0,0.6139491046182847,5.4351429543541257e-08
NB,combined,pr,1.0,0.6140648567119156,5.445473635380843e-08
NB,combined,pr,1.0,0.6141806524608712,5.456363925369359e-08
NB,combined,pr,1.0,0.6142964918898529,5.473515420728134e-08
NB,combined,pr,1.0,0.6144123750235805,5.488430586153425e-08
NB,combined,pr,1.0,0.6145283018867924,5.5125705862177806e-08
NB,combined,pr,1.0,0.6146442725042461,5.574687020824519e-08
NB,combined,pr,1.0,0.6147602869007173,5.633799344466507e-08
NB,combined,pr,1.0,0.6148763451010005,5.643428854497575e-08
NB,combined,pr,1.0,0.6149924471299094,5.7368692903178477e-08
NB,combined,pr,1.0,0.6151085930122757,5.7424070105697305e-08
NB,combined,pr,1.0,0.6152247827729506,5.75609632112051e-08
NB,combined,pr,1.0,0.6153410164368033,5.770848899960818e-08
NB,combined,pr,1.0,0.6154572940287226,5.836076617932489e-08
NB,combined,pr,1.0,0.6155736155736156,5.884521623624934e-08
NB,combined,pr,1.0,0.6156899810964083,6.002330829031062e-08
NB,combined,pr,1.0,0.6158063906220458,6.01396838301285e-08
NB,combined,pr,1.0,0.6159228441754917,6.10325451650944e-08
NB,combined,pr,1.0,0.6160393417817288,6.16567808609508e-08
NB,combined,pr,1.0,0.6161558834657586,6.23111583422115e-08
NB,combined,pr,1.0,0.6162724692526017,6.239931898003954e-08
NB,combined,pr,1.0,0.6163890991672974,6.288078335685542e-08
NB,combined,pr,1.0,0.6165057732349044,6.358105437527292e-08
NB,combined,pr,1.0,0.6166224914804999,6.578337955310783e-08
NB,combined,pr,1.0,0.61673925392918,6.580535704952947e-08
NB,combined,pr,1.0,0.6168560606060606,6.584925726895505e-08
NB,combined,pr,1.0,0.6169729115362758,6.671024734483737e-08
NB,combined,pr,1.0,0.6170898067449792,6.922829615359721e-08
NB,combined,pr,1.0,0.6172067462573432,6.928740761993735e-08
NB,combined,pr,1.0,0.6173237300985596,6.963572211503605e-08
NB,combined,pr,1.0,0.6174407582938388,6.96387561473421e-08
NB,combined,pr,1.0,0.6175578308684111,7.003920567184346e-08
NB,combined,pr,1.0,0.6176749478475251,7.018540136994224e-08
NB,combined,pr,1.0,0.6177921092564491,7.193342950766059e-08
NB,combined,pr,1.0,0.6179093151204705,7.378973701930118e-08
NB,combined,pr,1.0,0.6180265654648956,7.407334815947539e-08
NB,combined,pr,1.0,0.6181438603150503,7.45016881965891e-08
NB,combined,pr,1.0,0.6182611996962795,7.482822930433998e-08
NB,combined,pr,1.0,0.6183785836339473,7.582382279055495e-08
NB,combined,pr,1.0,0.6184960121534372,7.633981095211403e-08
NB,combined,pr,1.0,0.6188485654569638,7.661478377721363e-08
NB,combined,pr,1.0,0.6189661725579627,7.76265460646935e-08
NB,combined,pr,1.0,0.6190838243679909,7.790269597225605e-08
NB,combined,pr,1.0,0.6192015209125475,7.796613984456951e-08
NB,combined,pr,1.0,0.6193192622171515,7.87357203468194e-08
NB,combined,pr,1.0,0.6194370483073411,8.023721827435196e-08
NB,combined,pr,1.0,0.6195548792086741,8.064651498759959e-08
NB,combined,pr,1.0,0.6196727549467276,8.099439652588193e-08
NB,combined,pr,1.0,0.619790675547098,8.179901209716578e-08
NB,combined,pr,1.0,0.6199086410354016,8.180148495081735e-08
NB,combined,pr,1.0,0.620026651437274,8.287198987943776e-08
NB,combined,pr,1.0,0.6201447067783702,8.300785423442946e-08
NB,combined,pr,1.0,0.6202628070843649,8.362870093368166e-08
NB,combined,pr,1.0,0.6203809523809524,8.580034884742424e-08
NB,combined,pr,1.0,0.6204991426938464,8.675795361948642e-08
NB,combined,pr,1.0,0.6206173780487805,8.736781927796081e-08
NB,combined,pr,1.0,0.6207356584715076,8.76713619422335e-08
NB,combined,pr,1.0,0.6208539839878002,8.880334119414878e-08
NB,combined,pr,1.0,0.6209723546234509,8.887500168937776e-08
NB,combined,pr,1.0,0.6210907704042715,9.054955989237419e-08
NB,combined,pr,1.0,0.6212092313560938,9.099435963199425e-08
NB,combined,pr,1.0,0.6213277375047692,9.272501670265153e-08
NB,combined,pr,1.0,0.6214462888761687,9.307961859310171e-08
NB,combined,pr,1.0,0.6215648854961832,9.468102573032026e-08
NB,combined,pr,1.0,0.6216835273907234,9.672673956339624e-08
NB,combined,pr,1.0,0.6218022145857197,9.677849490978455e-08
NB,combined,pr,1.0,0.6219209471071224,9.784434354979856e-08
NB,combined,pr,1.0,0.6220397249809014,9.806612257692005e-08
NB,combined,pr,1.0,0.6221585482330468,9.813312119678719e-08
NB,combined,pr,1.0,0.6222774168895682,9.856694302983412e-08
NB,combined,pr,1.0,0.6223963309764953,9.862352140402433e-08
NB,combined,pr,1.0,0.6225152905198776,9.945072530848894e-08
NB,combined,pr,1.0,0.6226342955457848,1.0066865518695681e-07
NB,combined,pr,1.0,0.622753346080306,1.0068484942839544e-07
NB,combined,pr,1.0,0.6228724421495506,1.0420848692218547e-07
NB,combined,pr,1.0,0.622991583779648,1.053609382913575e-07
NB,combined,pr,1.0,0.6231107709967476,1.0675196556586491e-07
NB,combined,pr,1.0,0.6232300038270188,1.0732002148261066e-07
NB,combined,pr,1.0,0.6233492822966508,1.0754874082398649e-07
NB,combined,pr,1.0,0.623468606431853,1.0819533766807815e-07
NB,combined,pr,1.0,0.6235879762588551,1.09475573426297e-07
NB,combined,pr,1.0,0.6237073918039066,1.1016657835790492e-07
NB,combined,pr,1.0,0.6238268530932771,1.1091598444111056e-07
NB,combined,pr,1.0,0.6239463601532567,1.115148485288059e-07
NB,combined,pr,1.0,0.6240659130101552,1.1256181378220986e-07
NB,combined,pr,1.0,0.6241855116903028,1.1391728234860441e-07
NB,combined,pr,1.0,0.6243051562200498,1.1404824501253914e-07
NB,combined,pr,1.0,0.6244248466257669,1.1474791453899128e-07
NB,combined,pr,1.0,0.6245445829338446,1.1540000225346906e-07
NB,combined,pr,1.0,0.6246643651706942,1.1747535676789035e-07
NB,combined,pr,1.0,0.6247841933627469,1.1836331127961384e-07
NB,combined,pr,1.0,0.6249040675364543,1.1939036160542442e-07
NB,combined,pr,1.0,0.6250239877182883,1.2164763905095215e-07
NB,combined,pr,1.0,0.6251439539347409,1.224387351031261e-07
NB,combined,pr,1.0,0.6252639662123248,1.235962980475831e-07
NB,combined,pr,1.0,0.6253840245775729,1.278333476916153e-07
NB,combined,pr,1.0,0.6255041290570386,1.2829091148344997e-07
NB,combined,pr,1.0,0.6256242796772954,1.2847154045231868e-07
NB,combined,pr,1.0,0.6257444764649376,1.2898741871719327e-07
NB,combined,pr,1.0,0.6258647194465795,1.303319049418565e-07
NB,combined,pr,1.0,0.6259850086488564,1.3046376356488663e-07
NB,combined,pr,1.0,0.6261053440984237,1.3272903193191261e-07
NB,combined,pr,1.0,0.6262257258219573,1.3472731657361343e-07
NB,combined,pr,1.0,0.6263461538461539,1.3530670545261952e-07
NB,combined,pr,1.0,0.6264666281977304,1.3583571472400302e-07
NB,combined,pr,1.0,0.6265871489034244,1.359866947857626e-07
NB,combined,pr,1.0,0.6267077159899942,1.3749031521252321e-07
NB,combined,pr,1.0,0.6268283294842186,1.382608164243369e-07
NB,combined,pr,1.0,0.626948989412897,1.3926256326632002e-07
NB,combined,pr,1.0,0.6270696958028494,1.403913960526966e-07
NB,combined,pr,1.0,0.6271904486809167,1.4152309380714136e-07
NB,combined,pr,1.0,0.62731124807396,1.4182401243505847e-07
NB,combined,pr,1.0,0.6274320940088615,1.4241194986990246e-07
NB,combined,pr,1.0,0.6275529865125241,1.424475932227455e-07
NB,combined,pr,1.0,0.6276739256118713,1.4254374188360404e-07
NB,combined,pr,1.0,0.6277949113338473,1.4577140326221675e-07
NB,combined,pr,1.0,0.6279159437054174,1.4581206934221687e-07
NB,combined,pr,1.0,0.6280370227535673,1.4623418104345118e-07
NB,combined,pr,1.0,0.6281581485053037,1.503589938691961e-07
NB,combined,pr,1.0,0.6282793209876543,1.5058832995959944e-07
NB,combined,pr,1.0,0.6284005402276673,1.5287420468017222e-07
NB,combined,pr,1.0,0.6285218062524122,1.5305463312759033e-07
NB,combined,pr,1.0,0.628643119088979,1.5421520478379752e-07
NB,combined,pr,1.0,0.6287644787644787,1.544994104584375e-07
NB,combined,pr,1.0,0.6288858853060436,1.5486681504534207e-07
NB,combined,pr,1.0,0.6291288390960016,1.55336291245971e-07
NB,combined,pr,1.0,0.6292503863987635,1.5643438088711358e-07
NB,combined,pr,1.0,0.6293719806763285,1.565331090996618e-07
NB,combined,pr,1.0,0.6294936219559335,1.5730559214933468e-07
NB,combined,pr,1.0,0.6296153102648366,1.5850541562334234e-07
NB,combined,pr,1.0,0.6298588280796751,1.6016865747903198e-07
NB,combined,pr,1.0,0.6301025343393306,1.606945678388892e-07
NB,combined,pr,1.0,0.6302244582043344,1.6328352697889977e-07
NB,combined,pr,1.0,0.6303464292626282,1.6482298887437411e-07
NB,combined,pr,1.0,0.6304684475416182,1.680380606967123e-07
NB,combined,pr,1.0,0.6305905130687318,1.683664412990109e-07
NB,combined,pr,1.0,0.6307126258714175,1.6842535713161357e-07
NB,combined,pr,1.0,0.630834785977145,1.6848018930993688e-07
NB,combined,pr,1.0,0.6309569934134056,1.6972024120051545e-07
NB,combined,pr,1.0,0.6310792482077117,1.7106734404137564e-07
NB,combined,pr,1.0,0.631201550387597,1.738711086319546e-07
NB,combined,pr,1.0,0.6313238999806164,1.7450279579969112e-07
NB,combined,pr,1.0,0.6314462970143466,1.7569610217058821e-07
NB,combined,pr,1.0,0.6315687415163855,1.7678964225499494e-07
NB,combined,pr,1.0,0.6316912335143522,1.7750101503935876e-07
NB,combined,pr,1.0,0.6318137730358875,1.7890537644188768e-07
NB,combined,pr,1.0,0.6319363601086535,1.8176647045015455e-07
NB,combined,pr,1.0,0.6320589947603338,1.8213751451708465e-07
NB,combined,pr,1.0,0.6321816770186336,1.821476208020131e-07
NB,combined,pr,1.0,0.6323044069112793,1.8264854667840436e-07
NB,combined,pr,1.0,0.6324271844660194,1.831663568829446e-07
NB,combined,pr,1.0,0.6325500097106235,1.833302379969573e-07
NB,combined,pr,1.0,0.6326728826728827,1.8523926459396167e-07
NB,combined,pr,1.0,0.63279580338061,1.8786544685396999e-07
NB,combined,pr,1.0,0.6329187718616401,1.8809216314296142e-07
NB,combined,pr,1.0,0.6330417881438289,1.9210452467311528e-07
NB,combined,pr,1.0,0.6331648522550545,1.923243362836513e-07
NB,combined,pr,1.0,0.633287964223216,1.9397735439321049e-07
NB,combined,pr,1.0,0.6334111240762349,1.9417569827200297e-07
NB,combined,pr,1.0,0.6335343318420541,1.9424131438062855e-07
NB,combined,pr,1.0,0.6336575875486381,1.9426141331552886e-07
NB,combined,pr,1.0,0.6337808912239735,1.9470595265681995e-07
NB,combined,pr,1.0,0.6339042428960685,1.9480968887859656e-07
NB,combined,pr,1.0,0.6340276425929531,1.9570010379790775e-07
NB,combined,pr,1.0,0.6341510903426791,1.9624348339204922e-07
NB,combined,pr,1.0,0.6342745861733203,1.9886418954704564e-07
NB,combined,pr,1.0,0.6343981301129723,2.0510649554139565e-07
NB,combined,pr,1.0,0.6345217221897526,2.0532974042563372e-07
NB,combined,pr,1.0,0.6346453624318005,2.069600393695771e-07
NB,combined,pr,1.0,0.6347690508672773,2.070441650469202e-07
NB,combined,pr,1.0,0.6350165724312732,2.08493287098755e-07
NB,combined,pr,1.0,0.6351404056162246,2.085812350379418e-07
NB,combined,pr,1.0,0.6352642871074703,2.0901037889348726e-07
NB,combined,pr,1.0,0.6353882169332813,2.0971958897591165e-07
NB,combined,pr,1.0,0.6355121951219512,2.1179236893066645e-07
NB,combined,pr,1.0,0.6356362217017955,2.1352047571954641e-07
NB,combined,pr,1.0,0.6357602967011516,2.1389757729817159e-07
NB,combined,pr,1.0,0.6358844201483795,2.1790366453127573e-07
NB,combined,pr,1.0,0.636008592071861,2.1857117439950632e-07
NB,combined,pr,1.0,0.6361328125,2.1965515607700403e-07
NB,combined,pr,1.0,0.6362570814612228,2.20134954935935e-07
NB,combined,pr,1.0,0.6363813989839782,2.2182576721534766e-07
NB,combined,pr,1.0,0.6365057650967364,2.218647409102336e-07
NB,combined,pr,1.0,0.6366301798279906,2.238458439563477e-07
NB,combined,pr,1.0,0.6367546432062561,2.239451989146792e-07
NB,combined,pr,1.0,0.6368791552600704,2.289962224462782e-07
NB,combined,pr,1.0,0.6370037160179933,2.3012737650865635e-07
NB,combined,pr,1.0,0.6371283255086072,2.3069566371876687e-07
NB,combined,pr,1.0,0.6372529837605165,2.3343679625923677e-07
NB,combined,pr,1.0,0.6373776908023483,2.3415331795371328e-07
NB,combined,pr,1.0,0.637502446662752,2.351415474777554e-07
NB,combined,pr,1.0,0.6376272513703993,2.3580859284969247e-07
NB,combined,pr,1.0,0.6377521049539847,2.361361964162396e-07
NB,combined,pr,1.0,0.6378770074422249,2.4233514976603057e-07
NB,combined,pr,1.0,0.6380019588638589,2.4408755925355253e-07
NB,combined,pr,1.0,0.638126959247649,2.4486345755622724e-07
NB,combined,pr,1.0,0.638252008622379,2.4598910059087214e-07
NB,combined,pr,1.0,0.6383771070168561,2.4963114173540894e-07
NB,combined,pr,1.0,0.6385022544599098,2.5220984477035743e-07
NB,combined,pr,1.0,0.6386274509803922,2.528287145521488e-07
NB,combined,pr,1.0,0.6387526966071779,2.5934514927558067e-07
NB,combined,pr,1.0,0.6388779913691643,2.628053033151398e-07
NB,combined,pr,1.0,0.6390033352952718,2.62826064206826e-07
NB,combined,pr,1.0,0.6391287284144427,2.704154802965224e-07
NB,combined,pr,1.0,0.6392541707556428,2.714705098443648e-07
NB,combined,pr,1.0,0.6393796623478603,2.725111436597451e-07
NB,combined,pr,1.0,0.6395052032201061,2.7342331432780776e-07
NB,combined,pr,1.0,0.6396307934014139,2.7393404976927314e-07
NB,combined,pr,1.0,0.6397564329208407,2.747704982945052e-07
NB,combined,pr,1.0,0.6398821218074656,2.774710094560429e-07
NB,combined,pr,1.0,0.640007860090391,2.8221599718345223e-07
NB,combined,pr,1.0,0.6401336477987422,2.83186172243117e-07
NB,combined,pr,1.0,0.640259484961667,2.833070836468851e-07
NB,combined,pr,1.0,0.6403853716083366,2.927162065798503e-07
NB,combined,pr,1.0,0.640511307767945,3.0006852297615375e-07
NB,combined,pr,1.0,0.6406372934697089,3.0754812646659943e-07
NB,combined,pr,1.0,0.6407633287428683,3.082957053999338e-07
NB,combined,pr,1.0,0.6408894136166864,3.094514266312952e-07
NB,combined,pr,1.0,0.6411417322834646,3.095347663239053e-07
NB,combined,pr,1.0,0.641267966135066,3.1217982064714764e-07
NB,combined,pr,1.0,0.6413942497046081,3.1437895504835823e-07
NB,combined,pr,1.0,0.6415205830214694,3.148130433647816e-07
NB,combined,pr,1.0,0.6416469661150512,3.1563426179526825e-07
NB,combined,pr,1.0,0.6417733990147784,3.1693923370039397e-07
NB,combined,pr,1.0,0.6418998817500985,3.2259003481268443e-07
NB,combined,pr,1.0,0.6420264143504829,3.2977049935590157e-07
NB,combined,pr,1.0,0.6421529968454258,3.3392242231493004e-07
NB,combined,pr,1.0,0.6422796292644449,3.3598846124578435e-07
NB,combined,pr,1.0,0.6424063116370808,3.3632580950672797e-07
NB,combined,pr,1.0,0.642533043992898,3.390211252272219e-07
NB,combined,pr,1.0,0.6429135412554283,3.3947459955606656e-07
NB,combined,pr,1.0,0.643040473840079,3.414746115088876e-07
NB,combined,pr,1.0,0.6431674565560821,3.416289863663006e-07
NB,combined,pr,1.0,0.6432944894331424,3.459648547285536e-07
NB,combined,pr,1.0,0.6434215725009877,3.4611954000003653e-07
NB,combined,pr,1.0,0.6435487057893697,3.4620126227029704e-07
NB,combined,pr,1.0,0.6436758893280632,3.464215592028615e-07
NB,combined,pr,1.0,0.6438031231468669,3.47178055550146e-07
NB,combined,pr,1.0,0.643930407275603,3.485891433001481e-07
NB,combined,pr,1.0,0.6440577417441171,3.488777304112937e-07
NB,combined,pr,1.0,0.6441851265822784,3.5221024091285924e-07
NB,combined,pr,1.0,0.6443125618199802,3.52507809373211e-07
NB,combined,pr,1.0,0.6444400474871389,3.541260536909954e-07
NB,combined,pr,1.0,0.6445675836136948,3.5506193588152205e-07
NB,combined,pr,1.0,0.644695170229612,3.59066523048774e-07
NB,combined,pr,1.0,0.6448228073648783,3.603018405165243e-07
NB,combined,pr,1.0,0.644950495049505,3.6660254390119173e-07
NB,combined,pr,1.0,0.6450782333135274,3.6759025188649233e-07
NB,combined,pr,1.0,0.6452060221870047,3.685880416115825e-07
NB,combined,pr,1.0,0.6453338617000198,3.6999357589309215e-07
NB,combined,pr,1.0,0.6454617518826794,3.753979686260079e-07
NB,combined,pr,1.0,0.645589692765114,3.770283438751096e-07
NB,combined,pr,1.0,0.6457176843774782,3.793397247863486e-07
NB,combined,pr,1.0,0.6458457267499504,3.8313635199673297e-07
NB,combined,pr,1.0,0.6459738199127331,3.862150019317984e-07
NB,combined,pr,1.0,0.6461019638960523,3.8891290634579587e-07
NB,combined,pr,1.0,0.6462301587301588,3.8910004700739647e-07
NB,combined,pr,1.0,0.6463584044453264,3.8978549790760107e-07
NB,combined,pr,1.0,0.6464867010718539,3.922263658986244e-07
NB,combined,pr,1.0,0.6466150486400636,3.930455368683082e-07
NB,combined,pr,1.0,0.6467434471803019,3.9461527295012927e-07
NB,combined,pr,1.0,0.6468718967229394,3.9885530115686856e-07
NB,combined,pr,1.0,0.6470003972983711,3.989858827586608e-07
NB,combined,pr,1.0,0.6471289489370157,3.989899591590703e-07
NB,combined,pr,1.0,0.6472575516693164,3.994320765214571e-07
NB,combined,pr,1.0,0.6473862055257404,4.01966906622216e-07
NB,combined,pr,1.0,0.6475149105367793,4.0495655843992176e-07
NB,combined,pr,1.0,0.6476436667329489,4.080965451944389e-07
NB,combined,pr,1.0,0.6477724741447892,4.12536313258955e-07
NB,combined,pr,1.0,0.6479013328028645,4.1377858873174176e-07
NB,combined,pr,1.0,0.6480302427377637,4.1397848540554965e-07
NB,combined,pr,1.0,0.6481592039800995,4.167093132151639e-07
NB,combined,pr,1.0,0.6482882165605095,4.1846024502334517e-07
NB,combined,pr,1.0,0.6484172805096556,4.214785691928687e-07
NB,combined,pr,1.0,0.6485463958582238,4.2964777891228924e-07
NB,combined,pr,1.0,0.6486755626369249,4.3432848729494917e-07
NB,combined,pr,1.0,0.6488047808764941,4.3433530834216265e-07
NB,combined,pr,1.0,0.6489340506076908,4.3630184222217486e-07
NB,combined,pr,1.0,0.6490633718612994,4.41154293264153e-07
NB,combined,pr,1.0,0.6491927446681284,4.484453764217332e-07
NB,combined,pr,1.0,0.6493221690590112,4.5038407749109684e-07
NB,combined,pr,1.0,0.6494516450648056,4.588210934875788e-07
NB,combined,pr,1.0,0.6495811727163942,4.608259811171351e-07
NB,combined,pr,1.0,0.6497107520446839,4.709295747271485e-07
NB,combined,pr,1.0,0.6498403830806065,4.7440404781586275e-07
NB,combined,pr,1.0,0.6499700658551187,4.888937541094473e-07
NB,combined,pr,1.0,0.6500998003992016,4.899894640335447e-07
NB,combined,pr,1.0,0.650229586743861,4.914817762300783e-07
NB,combined,pr,1.0,0.6503594249201278,4.916600342272842e-07
NB,combined,pr,1.0,0.6504893149590574,4.950655503729661e-07
NB,combined,pr,1.0,0.65061925689173,5.000229988914425e-07
NB,combined,pr,1.0,0.6507492507492507,5.007023223796395e-07
NB,combined,pr,1.0,0.6508792965627498,5.009802161959473e-07
NB,combined,pr,1.0,0.651009394363382,5.123364882231826e-07
NB,combined,pr,1.0,0.6511395441823271,5.125629647510346e-07
NB,combined,pr,1.0,0.6512697460507898,5.156726681542605e-07
NB,combined,pr,1.0,0.6514,5.17408295930257e-07
NB,combined,pr,1.0,0.6515303060612122,5.222357474652676e-07
NB,combined,pr,1.0,0.6516606642657062,5.263850089527966e-07
NB,combined,pr,1.0,0.6517910746447869,5.290372269288458e-07
NB,combined,pr,1.0,0.6519215372297839,5.31356836983258e-07
NB,combined,pr,1.0,0.6520520520520521,5.331346120583696e-07
NB,combined,pr,1.0,0.6521826191429716,5.412905115221937e-07
NB,combined,pr,1.0,0.6523132385339475,5.442566056797938e-07
NB,combined,pr,1.0,0.6524439102564102,5.510872919467014e-07
NB,combined,pr,1.0,0.6525746343418153,5.553237834638815e-07
NB,combined,pr,1.0,0.6527054108216432,5.598054209043959e-07
NB,combined,pr,1.0,0.6528362397274002,5.728963828886233e-07
NB,combined,pr,1.0,0.6529671210906175,5.730914557271443e-07
NB,combined,pr,1.0,0.6530980549428514,5.770857557303909e-07
NB,combined,pr,1.0,0.6532290413156839,5.880724510124168e-07
NB,combined,pr,1.0,0.6533600802407221,5.923038285510762e-07
NB,combined,pr,1.0,0.6536223158739715,5.928593488640964e-07
NB,combined,pr,1.0,0.6538847620959647,5.942661400748385e-07
NB,combined,pr,1.0,0.6540160642570281,6.003129760096209e-07
NB,combined,pr,1.0,0.654147419160474,6.08627156253268e-07
NB,combined,pr,1.0,0.6542788268380876,6.097895071202875e-07
NB,combined,pr,1.0,0.6544102873216797,6.174879226845831e-07
NB,combined,pr,1.0,0.6545418006430869,6.226120203886001e-07
NB,combined,pr,1.0,0.6546733668341709,6.267192879732318e-07
NB,combined,pr,1.0,0.6548049859268195,6.299905291945507e-07
NB,combined,pr,1.0,0.6549366579529459,6.317073416965139e-07
NB,combined,pr,1.0,0.6550683829444891,6.367571986705413e-07
NB,combined,pr,1.0,0.6552001609334138,6.571407210759197e-07
NB,combined,pr,1.0,0.6553319919517102,6.633270832811091e-07
NB,combined,pr,1.0,0.6554638760313947,6.810594363799077e-07
NB,combined,pr,1.0,0.6555958132045089,6.843296908066414e-07
NB,combined,pr,1.0,0.6559919436052366,6.936690194704839e-07
NB,combined,pr,1.0,0.6561240934730056,6.950449322213991e-07
NB,combined,pr,1.0,0.6563885530028214,6.953682019805909e-07
NB,combined,pr,1.0,0.6565208627292884,6.964310518308216e-07
NB,combined,pr,1.0,0.6566532258064516,7.116898428213977e-07
NB,combined,pr,1.0,0.656785642266586,7.152238825936596e-07
NB,combined,pr,1.0,0.6569181121419927,7.157286577466985e-07
NB,combined,pr,1.0,0.657050635464999,7.224660698846171e-07
NB,combined,pr,1.0,0.6571832122679581,7.329015699683962e-07
NB,combined,pr,1.0,0.6573158425832493,7.335820457961182e-07
NB,combined,pr,1.0,0.6574485264432781,7.48607162263842e-07
NB,combined,pr,1.0,0.6575812638804764,7.498675922268473e-07
NB,combined,pr,1.0,0.6577140549273021,7.559484050545259e-07
NB,combined,pr,1.0,0.6578468996162391,7.584814875308692e-07
NB,combined,pr,1.0,0.657979797979798,7.632899112197941e-07
NB,combined,pr,1.0,0.6581127500505153,7.63342112407659e-07
NB,combined,pr,1.0,0.6582457558609539,7.690263418280262e-07
NB,combined,pr,1.0,0.6583788154437032,8.124901979985627e-07
NB,combined,pr,1.0,0.6585119288313789,8.223565180094232e-07
NB,combined,pr,1.0,0.6586450960566228,8.235799881846202e-07
NB,combined,pr,1.0,0.6587783171521036,8.238499636206652e-07
NB,combined,pr,1.0,0.6589115921505159,8.281291232034109e-07
NB,combined,pr,1.0,0.6590449210845811,8.440293785908157e-07
NB,combined,pr,1.0,0.6591783039870471,8.485446610208541e-07
NB,combined,pr,1.0,0.6593117408906882,8.487180184800658e-07
NB,combined,pr,1.0,0.6594452318283053,8.505153508642324e-07
NB,combined,pr,1.0,0.6595787768327258,8.577272591442203e-07
NB,combined,pr,1.0,0.6597123759368038,8.586769464603576e-07
NB,combined,pr,1.0,0.6598460291734197,8.598521821525417e-07
NB,combined,pr,1.0,0.6599797365754813,8.646593887928972e-07
NB,combined,pr,1.0,0.6601134981759221,8.712781115663375e-07
NB,combined,pr,1.0,0.6602473140077032,8.724281000877889e-07
NB,combined,pr,1.0,0.6603811841038119,8.734728577566426e-07
NB,combined,pr,1.0,0.6605151084972622,8.738010659965929e-07
NB,combined,pr,1.0,0.6606490872210954,8.805163844978453e-07
NB,combined,pr,1.0,0.6607831203083789,8.866019434532172e-07
NB,combined,pr,1.0,0.6609172077922078,8.879453134497311e-07
NB,combined,pr,1.0,0.6610513497057032,8.883597837198931e-07
NB,combined,pr,1.0,0.6611855460820139,8.891312562528291e-07
NB,combined,pr,1.0,0.6613197969543148,8.898922163880297e-07
NB,combined,pr,1.0,0.6614541023558083,8.9207291894424e-07
NB,combined,pr,1.0,0.6615884623197238,9.006665286918967e-07
NB,combined,pr,1.0,0.6617228768793173,9.068854044498561e-07
NB,combined,pr,1.0,0.6618573460678724,9.086018261735871e-07
NB,combined,pr,1.0,0.6619918699186992,9.092854006850943e-07
NB,combined,pr,1.0,0.6621264484651352,9.133710129826566e-07
NB,combined,pr,1.0,0.662261081740545,9.1441616462315e-07
NB,combined,pr,1.0,0.6623957697783202,9.309081015791532e-07
NB,combined,pr,1.0,0.6625305126118796,9.674529030702944e-07
NB,combined,pr,1.0,0.6626653102746694,9.733805270646467e-07
NB,combined,pr,1.0,0.6628001628001629,9.76113223043031e-07
NB,combined,pr,1.0,0.6629350702218604,9.786779280137256e-07
NB,combined,pr,1.0,0.6630700325732899,9.804166306668296e-07
NB,combined,pr,1.0,0.6632050498880065,9.833250519771903e-07
NB,combined,pr,1.0,0.6633401221995927,1.0008444250339892e-06
NB,combined,pr,1.0,0.6634752495416582,1.0065419001807227e-06
NB,combined,pr,1.0,0.6636104319478403,1.0126497468693947e-06
NB,combined,pr,1.0,0.6637456694518036,1.0137218466708287e-06
NB,combined,pr,1.0,0.6638809620872401,1.023061757886299e-06
NB,combined,pr,1.0,0.6640163098878695,1.0244764373843324e-06
NB,combined,pr,1.0,0.6641517128874388,1.0457125593342537e-06
NB,combined,pr,1.0,0.6642871711197226,1.070202901904426e-06
NB,combined,pr,1.0,0.664422684618523,1.0893005054355394e-06
NB,combined,pr,1.0,0.6645582534176698,1.096587012369271e-06
NB,combined,pr,1.0,0.6646938775510204,1.0979716384116325e-06
NB,combined,pr,1.0,0.6648295570524597,1.0988114974761704e-06
NB,combined,pr,1.0,0.6649652919559004,1.1199320843095596e-06
NB,combined,pr,1.0,0.6651010822952829,1.124280400590496e-06
NB,combined,pr,1.0,0.6652369281045751,1.128475363974468e-06
NB,combined,pr,1.0,0.6653728294177732,1.1319696422847427e-06
NB,combined,pr,1.0,0.6655087862689006,1.1356955246732214e-06
NB,combined,pr,1.0,0.665644798692009,1.1365851210872863e-06
NB,combined,pr,1.0,0.6657808667211774,1.1376339141953816e-06
NB,combined,pr,1.0,0.6659169903905132,1.1433316374279278e-06
NB,combined,pr,1.0,0.6660531697341513,1.1439405638667479e-06
NB,combined,pr,1.0,0.6661894047862549,1.1507907787024945e-06
NB,combined,pr,1.0,0.6663256955810147,1.157286025401111e-06
NB,combined,pr,1.0,0.6664620421526499,1.1847624743358552e-06
NB,combined,pr,1.0,0.6665984445354073,1.2054067851618503e-06
NB,combined,pr,1.0,0.666734902763562,1.2128878263780075e-06
NB,combined,pr,1.0,0.6668714168714168,1.221135194420914e-06
NB,combined,pr,1.0,0.6670079868933033,1.2234688428234743e-06
NB,combined,pr,1.0,0.6671446128635805,1.2313202941161129e-06
NB,combined,pr,1.0,0.6672812948166359,1.2325155483785364e-06
NB,combined,pr,1.0,0.6674180327868853,1.2486384304622691e-06
NB,combined,pr,1.0,0.6675548268087723,1.2514637394422965e-06
NB,combined,pr,1.0,0.6676916769167691,1.2868019220581491e-06
NB,combined,pr,1.0,0.6678285831453763,1.3151315709476449e-06
NB,combined,pr,1.0,0.6679655455291222,1.3193523312549622e-06
NB,combined,pr,1.0,0.6681025641025641,1.3293693434546439e-06
NB,combined,pr,1.0,0.6682396389002873,1.3392057981126752e-06
NB,combined,pr,1.0,0.6683767699569054,1.3477622527818941e-06
NB,combined,pr,1.0,0.6685139573070608,1.3545280560783495e-06
NB,combined,pr,1.0,0.668651200985424,1.3558089721182491e-06
NB,combined,pr,1.0,0.6687885010266941,1.3616537750775678e-06
NB,combined,pr,1.0,0.6689258574655987,1.364478111006798e-06
NB,combined,pr,1.0,0.6690632703368941,1.3727241333865327e-06
NB,combined,pr,1.0,0.6692007396753648,1.3741787426754563e-06
NB,combined,pr,1.0,0.6693382655158241,1.377484845282714e-06
NB,combined,pr,1.0,0.6694758478931141,1.377834770832432e-06
NB,combined,pr,1.0,0.6696134868421053,1.411529146981037e-06
NB,combined,pr,1.0,0.6697511823976969,1.4126910459596922e-06
NB,combined,pr,1.0,0.6698889345948169,1.416915188036659e-06
NB,combined,pr,1.0,0.6700267434684222,1.4174313286250981e-06
NB,combined,pr,1.0,0.670164609053498,1.4272153185622634e-06
NB,combined,pr,1.0,0.6703025313850587,1.4311368052755599e-06
NB,combined,pr,1.0,0.6704405104981473,1.4337545484604952e-06
NB,combined,pr,1.0,0.6705785464278361,1.4384358814011852e-06
NB,combined,pr,1.0,0.6707166392092258,1.445885885978188e-06
NB,combined,pr,1.0,0.670854788877446,1.4829541503012226e-06
NB,combined,pr,1.0,0.6709929954676556,1.4922459457983641e-06
NB,combined,pr,1.0,0.6711312590150422,1.5025092070880174e-06
NB,combined,pr,1.0,0.6712695795548228,1.515194696252717e-06
NB,combined,pr,1.0,0.6714079571222429,1.5350665913674162e-06
NB,combined,pr,1.0,0.6715463917525774,1.5427634110992384e-06
NB,combined,pr,1.0,0.6716848834811301,1.552069340469614e-06
NB,combined,pr,1.0,0.6718234323432343,1.55496820092522e-06
NB,combined,pr,1.0,0.6719620383742522,1.562540140077078e-06
NB,combined,pr,1.0,0.6721007016095749,1.5712283485353606e-06
NB,combined,pr,1.0,0.6722394220846233,1.57855493218084e-06
NB,combined,pr,1.0,0.6723781998348473,1.578587732675819e-06
NB,combined,pr,1.0,0.6725170348957258,1.58604288753138e-06
NB,combined,pr,1.0,0.6726559273027675,1.6064307081633965e-06
NB,combined,pr,1.0,0.6733512507752739,1.6070547107588567e-06
NB,combined,pr,1.0,0.673490488006617,1.612062243886852e-06
NB,combined,pr,1.0,0.6736297828335057,1.6319454566746676e-06
NB,combined,pr,1.0,0.6737691352916839,1.6352367253199444e-06
NB,combined,pr,1.0,0.6739085454169254,1.6354093691217257e-06
NB,combined,pr,1.0,0.6740480132450332,1.63586687263131e-06
NB,combined,pr,1.0,0.6743271221532091,1.6361517637178002e-06
NB,combined,pr,1.0,0.6746064623032312,1.6363245041267291e-06
NB,combined,pr,1.0,0.674746219183758,1.65042813584066e-06
NB,combined,pr,1.0,0.6748860339825943,1.6650283404286622e-06
NB,combined,pr,1.0,0.6750259067357512,1.6654904631917983e-06
NB,combined,pr,1.0,0.6751658374792703,1.6733430541386695e-06
NB,combined,pr,1.0,0.6753058262492225,1.6868296577792508e-06
NB,combined,pr,1.0,0.6754458730817088,1.6985805405099605e-06
NB,combined,pr,1.0,0.6755859780128604,1.7735559750508357e-06
NB,combined,pr,1.0,0.6757261410788382,1.784662313650198e-06
NB,combined,pr,1.0,0.6758663623158332,1.7926350247750766e-06
NB,combined,pr,1.0,0.6760066417600664,1.809239381119826e-06
NB,combined,pr,1.0,0.6761469794477891,1.8143077212651782e-06
NB,combined,pr,1.0,0.6762873754152824,1.846532598195005e-06
NB,combined,pr,1.0,0.6764278296988577,1.8541562606277231e-06
NB,combined,pr,1.0,0.6765683423348566,1.8573153687568947e-06
NB,combined,pr,1.0,0.676708913359651,1.863376899308003e-06
NB,combined,pr,1.0,0.6768495428096426,1.8763123170673237e-06
NB,combined,pr,1.0,0.6769902307212637,1.8819827322575158e-06
NB,combined,pr,1.0,0.6771309771309771,1.8879897975217781e-06
NB,combined,pr,1.0,0.6772717820752755,1.9063882754408116e-06
NB,combined,pr,1.0,0.6774126455906821,1.907457040971977e-06
NB,combined,pr,1.0,0.6775535677137507,1.90798092769065e-06
NB,combined,pr,1.0,0.6776945484810654,1.9168723183067377e-06
NB,combined,pr,1.0,0.6778355879292404,1.949491339269485e-06
NB,combined,pr,1.0,0.6779766860949209,1.9505518472514175e-06
NB,combined,pr,1.0,0.6781178430147824,1.963550581922075e-06
NB,combined,pr,1.0,0.678259058725531,1.9767308990603274e-06
NB,combined,pr,1.0,0.6784003332639034,1.9818007127714622e-06
NB,combined,pr,1.0,0.6785416666666667,2.0212928579937156e-06
NB,combined,pr,1.0,0.6786830589706189,2.029200843610681e-06
NB,combined,pr,1.0,0.6788245102125886,2.0525137695056623e-06
NB,combined,pr,1.0,0.6789660204294351,2.0649630158879933e-06
NB,combined,pr,1.0,0.6791075896580484,2.068636870954343e-06
NB,combined,pr,1.0,0.6792492179353493,2.128362197182146e-06
NB,combined,pr,1.0,0.6793909052982895,2.1579102450791035e-06
NB,combined,pr,1.0,0.6795326517838515,2.1654769359389205e-06
NB,combined,pr,1.0,0.6796744574290484,2.1834547358635236e-06
NB,combined,pr,1.0,0.6798163222709247,2.2143322787186402e-06
NB,combined,pr,1.0,0.6799582463465553,2.273987945353191e-06
NB,combined,pr,1.0,0.6801002296930465,2.2807628299761936e-06
NB,combined,pr,1.0,0.6802422723475355,2.3455718348940947e-06
NB,combined,pr,1.0,0.6803843743471903,2.346530537316547e-06
NB,combined,pr,1.0,0.6805265357292102,2.411802080060576e-06
NB,combined,pr,1.0,0.6806687565308255,2.4127285293820926e-06
NB,combined,pr,1.0,0.6808110367892977,2.421179010914717e-06
NB,combined,pr,1.0,0.6809533765419193,2.488195859757988e-06
NB,combined,pr,1.0,0.6810957758260142,2.4906246101592524e-06
NB,combined,pr,1.0,0.6812382346789375,2.50385650730434e-06
NB,combined,pr,1.0,0.6813807531380753,2.530038669484305e-06
NB,combined,pr,1.0,0.6815233312408454,2.5609449972558107e-06
NB,combined,pr,1.0,0.6816659690246966,2.562769963258906e-06
NB,combined,pr,1.0,0.681808666527109,2.56932029044445e-06
NB,combined,pr,1.0,0.6819514237855946,2.6139423514077727e-06
NB,combined,pr,1.0,0.6820942408376963,2.624213367809491e-06
NB,combined,pr,1.0,0.6822371177209887,2.6486575316086808e-06
NB,combined,pr,1.0,0.6823800544730777,2.6588007905763047e-06
NB,combined,pr,1.0,0.682523051131601,2.712140613839542e-06
NB,combined,pr,1.0,0.6826661077342276,2.715071924774689e-06
NB,combined,pr,1.0,0.6828092243186583,2.8127148815268984e-06
NB,combined,pr,1.0,0.6829524009226253,2.854618417524742e-06
NB,combined,pr,1.0,0.6830956375838926,2.883571312440683e-06
NB,combined,pr,1.0,0.683238934340256,2.8925868189243326e-06
NB,combined,pr,1.0,0.6833822912295426,2.9121774261572994e-06
NB,combined,pr,1.0,0.6835257082896118,2.974551611207707e-06
NB,combined,pr,1.0,0.6836691855583543,2.986473161720718e-06
NB,combined,pr,1.0,0.683812723073693,3.0004108151742335e-06
NB,combined,pr,1.0,0.6839563208735825,3.015513960483738e-06
NB,combined,pr,1.0,0.6840999789960093,3.0386158187468374e-06
NB,combined,pr,1.0,0.6842436974789916,3.0649805989682095e-06
NB,combined,pr,1.0,0.68438747636058,3.1608595047581946e-06
NB,combined,pr,1.0,0.6845313156788566,3.16620590743599e-06
NB,combined,pr,1.0,0.6846752154719361,3.1747623450002077e-06
NB,combined,pr,1.0,0.6848191757779647,3.1817132778103663e-06
NB,combined,pr,1.0,0.684963196635121,3.2272472089730913e-06
NB,combined,pr,1.0,0.6851072780816155,3.2954481666450387e-06
NB,combined,pr,1.0,0.6852514201556912,3.30093638184492e-06
NB,combined,pr,1.0,0.685395622895623,3.327335740686362e-06
NB,combined,pr,1.0,0.685539886339718,3.3276844585978973e-06
NB,combined,pr,1.0,0.6856842105263158,3.3406007220315813e-06
NB,combined,pr,1.0,0.6858285954937882,3.3583346253376466e-06
NB,combined,pr,1.0,0.6861175479250052,3.377568753260311e-06
NB,combined,pr,1.0,0.6862621154656553,3.4197685358595836e-06
NB,combined,pr,1.0,0.6864067439409905,3.428824616553809e-06
NB,combined,pr,1.0,0.6865514333895447,3.4458908490481585e-06
NB,combined,pr,1.0,0.6866961838498841,3.455676569129452e-06
NB,combined,pr,1.0,0.6868409953606074,3.4641824707991493e-06
NB,combined,pr,1.0,0.6869858679603459,3.4832394378366722e-06
NB,combined,pr,1.0,0.6871308016877637,3.4837734696947853e-06
NB,combined,pr,1.0,0.6872757965815572,3.5264158911754675e-06
NB,combined,pr,1.0,0.6874208526804559,3.5272144034902933e-06
NB,combined,pr,1.0,0.6875659700232214,3.5545258397023642e-06
NB,combined,pr,1.0,0.6877111486486487,3.581228879967396e-06
NB,combined,pr,1.0,0.687856388595565,3.5856344651160782e-06
NB,combined,pr,1.0,0.6880016899028306,3.6559671146986037e-06
NB,combined,pr,1.0,0.6881470526093387,3.6581215443182205e-06
NB,combined,pr,1.0,0.6882924767540152,3.71720078259863e-06
NB,combined,pr,1.0,0.6884379623758191,3.717533614081353e-06
NB,combined,pr,1.0,0.688583509513742,3.7224508694870227e-06
NB,combined,pr,1.0,0.688729118206809,3.746922123790085e-06
NB,combined,pr,1.0,0.6888747884940778,3.759176077976587e-06
NB,combined,pr,1.0,0.6890205204146393,3.80413612127475e-06
NB,combined,pr,1.0,0.6891663140076174,3.808232904569133e-06
NB,combined,pr,1.0,0.6893121693121693,3.8115338902578633e-06
NB,combined,pr,1.0,0.6894580863674852,3.8546923098843605e-06
NB,combined,pr,1.0,0.6896040652127885,3.882936184565912e-06
NB,combined,pr,1.0,0.6897501058873359,3.894784538783415e-06
NB,combined,pr,1.0,0.6898962084304173,3.908398429586581e-06
NB,combined,pr,1.0,0.690042372881356,4.022864434586202e-06
NB,combined,pr,1.0,0.6901885992795084,4.0303744260734324e-06
NB,combined,pr,1.0,0.6903348876642645,4.07139158183166e-06
NB,combined,pr,1.0,0.6904812380750477,4.135381868017525e-06
NB,combined,pr,1.0,0.6906276505513147,4.15353032406678e-06
NB,combined,pr,1.0,0.6907741251325556,4.196617466374265e-06
NB,combined,pr,1.0,0.6909206618582945,4.227052700623648e-06
NB,combined,pr,1.0,0.6910672607680882,4.231673226415786e-06
NB,combined,pr,1.0,0.691213921901528,4.3524125607200185e-06
NB,combined,pr,1.0,0.6913606452982382,4.373835200009441e-06
NB,combined,pr,1.0,0.6915074309978768,4.3938872900505025e-06
NB,combined,pr,1.0,0.6916542790401359,4.409845574868e-06
NB,combined,pr,1.0,0.6918011894647409,4.414774251978282e-06
NB,combined,pr,1.0,0.6919481623114511,4.419605050564178e-06
NB,combined,pr,1.0,0.6920951976200594,4.425302809716644e-06
NB,combined,pr,1.0,0.6922422954303932,4.425396949531041e-06
NB,combined,pr,1.0,0.6923894557823129,4.453747711903665e-06
NB,combined,pr,1.0,0.6925366787157133,4.486475092735444e-06
NB,combined,pr,1.0,0.6926839642705231,4.571716848665082e-06
NB,combined,pr,1.0,0.6928313124867049,4.573172134055023e-06
NB,combined,pr,1.0,0.6929787234042554,4.852015345895207e-06
NB,combined,pr,1.0,0.6931261970632049,4.894650781957556e-06
NB,combined,pr,1.0,0.6932737335036185,4.924451401772195e-06
NB,combined,pr,1.0,0.693421332765595,4.971870411611124e-06
NB,combined,pr,1.0,0.6935689948892675,5.0201138941807765e-06
NB,combined,pr,1.0,0.693716719914803,5.076578223473917e-06
NB,combined,pr,1.0,0.6938645078824031,5.1201648667087675e-06
NB,combined,pr,1.0,0.6940123588323034,5.149970163587134e-06
NB,combined,pr,1.0,0.6941602728047741,5.150962253738136e-06
NB,combined,pr,1.0,0.6943082498401194,5.235154091659443e-06
NB,combined,pr,1.0,0.694456289978678,5.256310440447002e-06
NB,combined,pr,1.0,0.6946043932608232,5.2646029229911325e-06
NB,combined,pr,1.0,0.6947525597269625,5.288973545030623e-06
NB,combined,pr,1.0,0.6949007894175379,5.375490377779522e-06
NB,combined,pr,1.0,0.695049082373026,5.454063911741913e-06
NB,combined,pr,1.0,0.6951974386339381,5.50030675370125e-06
NB,combined,pr,1.0,0.6953458582408198,5.522252858797717e-06
NB,combined,pr,1.0,0.6954943412342516,5.644089096587169e-06
NB,combined,pr,1.0,0.6956428876548484,5.708924085970857e-06
NB,combined,pr,1.0,0.69579149754326,5.714698106398769e-06
NB,combined,pr,1.0,0.6959401709401709,5.714832275935224e-06
NB,combined,pr,1.0,0.6960889078863005,5.7657777234499055e-06
NB,combined,pr,1.0,0.6962377084224027,5.814562872047053e-06
NB,combined,pr,1.0,0.6963865725892666,5.966360684075726e-06
NB,combined,pr,1.0,0.696535500427716,5.975889691656875e-06
NB,combined,pr,1.0,0.6966844919786096,5.9801781383798215e-06
NB,combined,pr,1.0,0.6968335472828413,6.046164136585374e-06
NB,combined,pr,1.0,0.6969826663813397,6.0700442673469736e-06
NB,combined,pr,1.0,0.6971318493150684,6.293127214527049e-06
NB,combined,pr,1.0,0.6972810961250268,6.3286973090823066e-06
NB,combined,pr,1.0,0.6974304068522484,6.595128037831559e-06
NB,combined,pr,1.0,0.6975797815378025,6.7842323237338285e-06
NB,combined,pr,1.0,0.6977292202227935,6.792919342041426e-06
NB,combined,pr,1.0,0.6978787229483608,6.84132257980776e-06
NB,combined,pr,1.0,0.6980282897556794,6.905903408963602e-06
NB,combined,pr,1.0,0.6981779206859593,6.917640166688476e-06
NB,combined,pr,1.0,0.698327615780446,6.990990233381294e-06
NB,combined,pr,1.0,0.6984773750804203,7.0080804479248784e-06
NB,combined,pr,1.0,0.6986271986271986,7.151349870669086e-06
NB,combined,pr,1.0,0.6987770864621325,7.183958648042754e-06
NB,combined,pr,1.0,0.6989270386266094,7.266733683783983e-06
NB,combined,pr,1.0,0.699077055162052,7.3502569574350465e-06
NB,combined,pr,1.0,0.6992271361099184,7.370390118982489e-06
NB,combined,pr,1.0,0.6993772815117029,7.546047749562621e-06
NB,combined,pr,1.0,0.6995274914089347,7.63865271119254e-06
NB,combined,pr,1.0,0.6996777658431794,7.676199762599612e-06
NB,combined,pr,1.0,0.6998281048560379,7.723883329585669e-06
NB,combined,pr,1.0,0.6999785084891468,7.729020792128691e-06
NB,combined,pr,1.0,0.7001289767841788,7.732976200058164e-06
NB,combined,pr,1.0,0.7002795097828424,7.738480914683377e-06
NB,combined,pr,1.0,0.7004301075268817,7.758994400822897e-06
NB,combined,pr,1.0,0.700580770058077,7.863083645378439e-06
NB,combined,pr,1.0,0.7007314974182444,7.962465160327338e-06
NB,combined,pr,1.0,0.700882289649236,7.993563546560465e-06
NB,combined,pr,1.0,0.7010331467929402,7.998427332829105e-06
NB,combined,pr,1.0,0.7011840688912809,8.00590925616747e-06
NB,combined,pr,1.0,0.7013350559862188,8.102187673375653e-06
NB,combined,pr,1.0,0.7014861081197502,8.22063803586432e-06
NB,combined,pr,1.0,0.7016372253339078,8.225134666864247e-06
NB,combined,pr,1.0,0.7017884076707606,8.30583196280092e-06
NB,combined,pr,1.0,0.7019396551724137,8.335239171516414e-06
NB,combined,pr,1.0,0.7020909678810089,8.360993008469687e-06
NB,combined,pr,1.0,0.7022423458387236,8.44153440701733e-06
NB,combined,pr,1.0,0.7023937890877723,8.63093297106672e-06
NB,combined,pr,1.0,0.7025452976704055,8.748243438039929e-06
NB,combined,pr,1.0,0.7026968716289105,8.812331638802682e-06
NB,combined,pr,1.0,0.7028485110056107,9.005204899346841e-06
NB,combined,pr,1.0,0.7030002158428664,9.048993535010379e-06
NB,combined,pr,1.0,0.7031519861830743,9.089498813351391e-06
NB,combined,pr,1.0,0.7033038220686677,9.103794342147564e-06
NB,combined,pr,1.0,0.7034557235421166,9.164572640202408e-06
NB,combined,pr,1.0,0.7036076906459279,9.293725184956362e-06
NB,combined,pr,1.0,0.7037597234226448,9.296140570287443e-06
NB,combined,pr,1.0,0.7039118219148476,9.374814021098971e-06
NB,combined,pr,1.0,0.7040639861651535,9.409947514178545e-06
NB,combined,pr,1.0,0.7042162162162162,9.542476810133188e-06
NB,combined,pr,1.0,0.7043685121107266,9.554298652956151e-06
NB,combined,pr,1.0,0.7045208738914125,9.610706260447909e-06
NB,combined,pr,1.0,0.7048257952824064,9.736859002235241e-06
NB,combined,pr,1.0,0.7049783549783549,9.768438929066144e-06
NB,combined,pr,1.0,0.7051309807317602,9.768971143948899e-06
NB,combined,pr,1.0,0.7052836725855348,9.872381344184442e-06
NB,combined,pr,1.0,0.7054364305826294,9.984404712184324e-06
NB,combined,pr,1.0,0.7055892547660312,1.0180812289879493e-05
NB,combined,pr,1.0,0.7057421451787649,1.0238408561925391e-05
NB,combined,pr,1.0,0.7058951018638925,1.0259657134628464e-05
NB,combined,pr,1.0,0.7060481248645133,1.0363327950721293e-05
NB,combined,pr,1.0,0.7062012142237641,1.0391156350814798e-05
NB,combined,pr,1.0,0.7063543699848189,1.0403316230045956e-05
NB,combined,pr,1.0,0.7065075921908893,1.041098524713119e-05
NB,combined,pr,1.0,0.7066608808852246,1.0415636390177876e-05
NB,combined,pr,1.0,0.7068142361111112,1.0495587414628399e-05
NB,combined,pr,1.0,0.7069676579118732,1.049676809855477e-05
NB,combined,pr,1.0,0.7071211463308728,1.0616331788035016e-05
NB,combined,pr,1.0,0.7072747014115093,1.087842539054602e-05
NB,combined,pr,1.0,0.7074283231972198,1.0887265451971616e-05
NB,combined,pr,1.0,0.7075820117314795,1.0912718176991028e-05
NB,combined,pr,1.0,0.707735767057801,1.0926873729567865e-05
NB,combined,pr,1.0,0.7078895892197349,1.0966102351574134e-05
NB,combined,pr,1.0,0.7080434782608696,1.1001125223945933e-05
NB,combined,pr,1.0,0.7081974342248315,1.1030188761639313e-05
NB,combined,pr,1.0,0.7083514571552849,1.1084599444336352e-05
NB,combined,pr,1.0,0.7085055470959322,1.1113375339579236e-05
NB,combined,pr,1.0,0.7086597040905135,1.1175159428851149e-05
NB,combined,pr,1.0,0.7088139281828074,1.1248522726876824e-05
NB,combined,pr,1.0,0.7089682194166304,1.1262713041484515e-05
NB,combined,pr,1.0,0.7091225778358371,1.1690061986557144e-05
NB,combined,pr,1.0,0.7092770034843205,1.169455116390182e-05
NB,combined,pr,1.0,0.7094314964060118,1.1895759820957563e-05
NB,combined,pr,1.0,0.7095860566448802,1.1956748377242034e-05
NB,combined,pr,1.0,0.7097406842449335,1.2121040346041539e-05
NB,combined,pr,1.0,0.709895379250218,1.2137605509459603e-05
NB,combined,pr,1.0,0.710050141704818,1.2166638880054884e-05
NB,combined,pr,1.0,0.7102049716528566,1.2267382466309218e-05
NB,combined,pr,1.0,0.7103598691384951,1.237272198530856e-05
NB,combined,pr,1.0,0.7105148342059336,1.242049374741102e-05
NB,combined,pr,1.0,0.7106698668994109,1.2491779450002908e-05
NB,combined,pr,1.0,0.7108249672632039,1.2814229534848566e-05
NB,combined,pr,1.0,0.7109801353416285,1.2862115795171677e-05
NB,combined,pr,1.0,0.7111353711790394,1.289617175886594e-05
NB,combined,pr,1.0,0.7112906748198297,1.3193611618739388e-05
NB,combined,pr,1.0,0.7114460463084317,1.3195393198700407e-05
NB,combined,pr,1.0,0.7116014856893161,1.3223873443587622e-05
NB,combined,pr,1.0,0.711756993006993,1.334754782830821e-05
NB,combined,pr,1.0,0.7119125683060109,1.3448383975286851e-05
NB,combined,pr,1.0,0.7120682116309576,1.3485940297094669e-05
NB,combined,pr,1.0,0.7122239230264596,1.3550708898711788e-05
NB,combined,pr,1.0,0.7123797025371829,1.3812930651249062e-05
NB,combined,pr,1.0,0.712535550207832,1.3836268878097875e-05
NB,combined,pr,1.0,0.712691466083151,1.3913682884155805e-05
NB,combined,pr,1.0,0.712847450207923,1.4058093234604043e-05
NB,combined,pr,1.0,0.7130035026269702,1.4098024641357603e-05
NB,combined,pr,1.0,0.7131596233851544,1.4111196918414296e-05
NB,combined,pr,1.0,0.7133158125273763,1.4519949981724827e-05
NB,combined,pr,1.0,0.7134720700985762,1.4559814853955022e-05
NB,combined,pr,1.0,0.7136283961437335,1.4623762520149079e-05
NB,combined,pr,1.0,0.7137847907078676,1.4686501446949769e-05
NB,combined,pr,1.0,0.7139412538360368,1.4838452229362028e-05
NB,combined,pr,1.0,0.7140977855733391,1.4843402278790957e-05
NB,combined,pr,1.0,0.7142543859649123,1.5035142234923208e-05
NB,combined,pr,1.0,0.7144110550559333,1.5079151423668193e-05
NB,combined,pr,1.0,0.7145677928916191,1.5100289907541342e-05
NB,combined,pr,1.0,0.7147245995172262,1.5175692676994552e-05
NB,combined,pr,1.0,0.7148814749780509,1.5185302271737086e-05
NB,combined,pr,1.0,0.7150384193194292,1.530713092215394e-05
NB,combined,pr,1.0,0.7151954325867369,1.6193991042633608e-05
NB,combined,pr,1.0,0.7153525148253899,1.629559633057171e-05
NB,combined,pr,1.0,0.7155096660808435,1.6314847734520558e-05
NB,combined,pr,1.0,0.7156668863985937,1.6356341919538226e-05
NB,combined,pr,1.0,0.7158241758241758,1.637333415857695e-05
NB,combined,pr,1.0,0.7159815344031655,1.6622468987477435e-05
NB,combined,pr,1.0,0.7161389621811786,1.667967942338298e-05
NB,combined,pr,1.0,0.7162964592038706,1.6763996510632785e-05
NB,combined,pr,1.0,0.7164540255169379,1.6900392429344108e-05
NB,combined,pr,1.0,0.7166116611661166,1.7126473089370452e-05
NB,combined,pr,1.0,0.7169271406559542,1.7278067997961218e-05
NB,combined,pr,1.0,0.7170849845882871,1.7315530767938345e-05
NB,combined,pr,1.0,0.7172428980400792,1.7434034641553162e-05
NB,combined,pr,1.0,0.7174008810572687,1.7479518752932784e-05
NB,combined,pr,1.0,0.7175589336858339,1.753211361816899e-05
NB,combined,pr,1.0,0.7177170559717937,1.7542206550159022e-05
NB,combined,pr,1.0,0.7178752479612078,1.7786442610327077e-05
NB,combined,pr,1.0,0.7180335097001763,1.7813506513050978e-05
NB,combined,pr,1.0,0.7181918412348401,1.7972100090383362e-05
NB,combined,pr,1.0,0.7183502426113807,1.808424126198183e-05
NB,combined,pr,1.0,0.7185087138760203,1.8150289465031094e-05
NB,combined,pr,1.0,0.718667255075022,1.837288671319461e-05
NB,combined,pr,1.0,0.7188258662546899,1.8420218095580962e-05
NB,combined,pr,1.0,0.7189845474613686,1.8529399562513316e-05
NB,combined,pr,1.0,0.719143298741444,1.8691999373816382e-05
NB,combined,pr,1.0,0.7193021201413428,1.8955004308389702e-05
NB,combined,pr,1.0,0.7194610117075326,1.910528232102687e-05
NB,combined,pr,1.0,0.7196199734865223,1.9119520222910066e-05
NB,combined,pr,1.0,0.7197790055248618,1.9152443571051338e-05
NB,combined,pr,1.0,0.7199381078691424,1.9168389968033116e-05
NB,combined,pr,1.0,0.720097280565996,1.9319999763287645e-05
NB,combined,pr,1.0,0.7202565236620965,2.0448300848800893e-05
NB,combined,pr,1.0,0.7204158372041584,2.062609775994847e-05
NB,combined,pr,1.0,0.720575221238938,2.068827856761337e-05
NB,combined,pr,1.0,0.720734675813233,2.0711401407911724e-05
NB,combined,pr,1.0,0.7208942009738822,2.0776439870057173e-05
NB,combined,pr,1.0,0.7210537967677663,2.081079734806688e-05
NB,combined,pr,1.0,0.7212134632418069,2.08389811028987e-05
NB,combined,pr,1.0,0.7213732004429679,2.110991808446941e-05
NB,combined,pr,1.0,0.7215330084182543,2.1234125066181942e-05
NB,combined,pr,1.0,0.721692887214713,2.163149319281521e-05
NB,combined,pr,1.0,0.7218528368794326,2.238060641953318e-05
NB,combined,pr,1.0,0.7220128574595434,2.260797316983879e-05
NB,combined,pr,1.0,0.7221729490022173,2.3105237143785528e-05
NB,combined,pr,1.0,0.7223331115546684,2.3285748550233468e-05
NB,combined,pr,1.0,0.7224933451641526,2.3533240967264466e-05
NB,combined,pr,1.0,0.7226536498779677,2.372918301384533e-05
NB,combined,pr,1.0,0.7228140257434532,2.402506685662797e-05
NB,combined,pr,1.0,0.7229744728079911,2.415843850381952e-05
NB,combined,pr,1.0,0.7231349911190054,2.439246941363395e-05
NB,combined,pr,1.0,0.7232955807239618,2.442757475243292e-05
NB,combined,pr,1.0,0.7234562416703687,2.5723170591108785e-05
NB,combined,pr,1.0,0.7236169740057765,2.6124910283476363e-05
NB,combined,pr,1.0,0.7237777777777777,2.634555149389683e-05
NB,combined,pr,1.0,0.7239386530340075,2.6647893344694498e-05
NB,combined,pr,1.0,0.7240995998221432,2.6654180195357153e-05
NB,combined,pr,1.0,0.7242606181899044,2.6654898809345408e-05
NB,combined,pr,1.0,0.7244217081850534,2.6769841810493804e-05
NB,combined,pr,1.0,0.7245828698553949,2.6814852608945472e-05
NB,combined,pr,1.0,0.7247441032487761,2.693856990993473e-05
NB,combined,pr,1.0,0.724905408413087,2.746525293938541e-05
NB,combined,pr,1.0,0.72506678539626,2.7495401310664486e-05
NB,combined,pr,1.0,0.7252282342462704,2.7602763234831443e-05
NB,combined,pr,1.0,0.7253897550111359,2.772739281127191e-05
NB,combined,pr,1.0,0.7255513477389174,2.8000486965612416e-05
NB,combined,pr,1.0,0.7257130124777184,2.80816643635854e-05
NB,combined,pr,1.0,0.7258747492756853,2.8278373199792243e-05
NB,combined,pr,1.0,0.7260365581810075,2.8408878829998784e-05
NB,combined,pr,1.0,0.7261984392419175,2.8464883964172806e-05
NB,combined,pr,1.0,0.7263603925066905,2.8509126463143208e-05
NB,combined,pr,1.0,0.7265224180236449,2.917274193942784e-05
NB,combined,pr,1.0,0.7266845158411424,2.922791212992667e-05
NB,combined,pr,1.0,0.7268466860075876,2.9351091658174307e-05
NB,combined,pr,1.0,0.7270089285714286,2.9615644640962495e-05
NB,combined,pr,1.0,0.7271712435811565,3.0162883439552104e-05
NB,combined,pr,1.0,0.7273336310853059,3.057944404847242e-05
NB,combined,pr,1.0,0.7274960911324547,3.091309127283162e-05
NB,combined,pr,1.0,0.7276586237712243,3.1156648935700685e-05
NB,combined,pr,1.0,0.7278212290502794,3.162507971424858e-05
NB,combined,pr,1.0,0.7279839070183282,3.175821197027856e-05
NB,combined,pr,1.0,0.7281466577241225,3.1825843320020446e-05
NB,combined,pr,1.0,0.728309481216458,3.192027852059108e-05
NB,combined,pr,1.0,0.7284723775441736,3.211342611939589e-05
NB,combined,pr,1.0,0.7286353467561522,3.2477625571645274e-05
NB,combined,pr,1.0,0.7287983889013202,3.3076929289389905e-05
NB,combined,pr,1.0,0.7289615040286481,3.328186535041524e-05
NB,combined,pr,1.0,0.7291246921871503,3.3349337344278226e-05
NB,combined,pr,1.0,0.7292879534258845,3.3371335456149684e-05
NB,combined,pr,1.0,0.729451287793953,3.358359548778821e-05
NB,combined,pr,1.0,0.7296146953405018,3.441555782342069e-05
NB,combined,pr,1.0,0.7297781761147211,3.462827001031813e-05
NB,combined,pr,1.0,0.729941730165845,3.5480744794085224e-05
NB,combined,pr,1.0,0.7301053575431518,3.5850795440796656e-05
NB,combined,pr,1.0,0.7302690582959641,3.599509587725782e-05
NB,combined,pr,1.0,0.7304328324736488,3.615006670735288e-05
NB,combined,pr,1.0,0.7305966801256168,3.654294143966827e-05
NB,combined,pr,1.0,0.7307606013013238,3.671695990152108e-05
NB,combined,pr,1.0,0.7309245960502693,3.6841089155278505e-05
NB,combined,pr,1.0,0.7310886644219977,3.735015067002775e-05
NB,combined,pr,1.0,0.7312528064660979,3.737253633894011e-05
NB,combined,pr,1.0,0.7314170222322031,3.814713179761887e-05
NB,combined,pr,1.0,0.731581311769991,3.830049366731265e-05
NB,combined,pr,1.0,0.7317456751291844,3.84372564074343e-05
NB,combined,pr,1.0,0.7319101123595506,3.9028975283188586e-05
NB,combined,pr,1.0,0.7320746235109014,3.906020330413426e-05
NB,combined,pr,1.0,0.7322392086330936,3.919424770918047e-05
NB,combined,pr,1.0,0.7324038677760288,3.931777748442236e-05
NB,combined,pr,1.0,0.7325686009896536,3.973095971444742e-05
NB,combined,pr,1.0,0.7327334083239595,3.9995708549175115e-05
NB,combined,pr,1.0,0.7328982898289829,4.2664033468903223e-05
NB,combined,pr,1.0,0.7330632455548053,4.286497754831718e-05
NB,combined,pr,1.0,0.7332282755515533,4.2876958865102594e-05
NB,combined,pr,1.0,0.7333933798693988,4.313924948107985e-05
NB,combined,pr,1.0,0.7335585585585586,4.333821753431273e-05
NB,combined,pr,1.0,0.7337238116692949,4.422016453331972e-05
NB,combined,pr,1.0,0.7338891392519152,4.427622460050241e-05
NB,combined,pr,1.0,0.7340545413567726,4.550439519245095e-05
NB,combined,pr,1.0,0.7342200180342651,4.572744015462592e-05
NB,combined,pr,1.0,0.7343855693348366,4.575493391539842e-05
NB,combined,pr,1.0,0.7345511953089761,4.589631495002474e-05
NB,combined,pr,1.0,0.7347168960072186,4.603553475914843e-05
NB,combined,pr,1.0,0.7348826714801444,4.696185479857496e-05
NB,combined,pr,1.0,0.7350485217783796,4.757082501891252e-05
NB,combined,pr,1.0,0.735214446952596,4.792162182287603e-05
NB,combined,pr,1.0,0.7353804470535109,4.793885463388385e-05
NB,combined,pr,1.0,0.735546522131888,4.8565117086746155e-05
NB,combined,pr,1.0,0.7357126722385362,4.8580942244984753e-05
NB,combined,pr,1.0,0.7358788974243109,4.8596723478449174e-05
NB,combined,pr,1.0,0.736045197740113,4.9337958646193744e-05
NB,combined,pr,1.0,0.7362115732368897,4.952784242667825e-05
NB,combined,pr,1.0,0.7363780239656342,4.959592461005399e-05
NB,combined,pr,1.0,0.7365445499773858,5.0099145133647555e-05
NB,combined,pr,1.0,0.7367111513232301,5.039354589547384e-05
NB,combined,pr,1.0,0.7368778280542987,5.155836326443431e-05
NB,combined,pr,1.0,0.7370445802217697,5.3142376837613564e-05
NB,combined,pr,1.0,0.7372114078768673,5.318909735854202e-05
NB,combined,pr,1.0,0.7373783110708626,5.330480125902422e-05
NB,combined,pr,1.0,0.7375452898550725,5.3425630314034186e-05
NB,combined,pr,1.0,0.7377123442808607,5.3598651382859046e-05
NB,combined,pr,1.0,0.7378794743996375,5.3922626570201745e-05
NB,combined,pr,1.0,0.7380466802628597,5.443535982379612e-05
NB,combined,pr,1.0,0.7382139619220308,5.4682048770602e-05
NB,combined,pr,0.9996929689898679,0.7381546134663342,5.490177182556792e-05
NB,combined,pr,0.9996929689898679,0.7383219954648526,5.513230126349979e-05
NB,combined,pr,0.9996929689898679,0.7384894533907915,5.515296214075273e-05
NB,combined,pr,0.9996929689898679,0.7386569872958257,5.5236834099382205e-05
NB,combined,pr,0.9996929689898679,0.7388245972316769,5.558868067499745e-05
NB,combined,pr,0.9996929689898679,0.7389922832501135,5.5614403917042025e-05
NB,combined,pr,0.9996929689898679,0.7391600454029512,5.5645759053961545e-05
NB,combined,pr,0.9996929689898679,0.7393278837420527,5.599480480468016e-05
NB,combined,pr,0.9996929689898679,0.7394957983193278,5.624093590817586e-05
NB,combined,pr,0.9996929689898679,0.7396637891867333,5.649420315611593e-05
NB,combined,pr,0.9996929689898679,0.7398318563962736,5.655628447929214e-05
NB,combined,pr,0.9996929689898679,0.74,5.683526043307294e-05
NB,combined,pr,0.9996929689898679,0.7401682200500114,5.711791907192144e-05
NB,combined,pr,0.9996929689898679,0.7403365165984539,5.7146363453328304e-05
NB,combined,pr,0.9996929689898679,0.740504889697521,5.7246361877230534e-05
NB,combined,pr,0.9996929689898679,0.740673339399454,5.744382571843762e-05
NB,combined,pr,0.9996929689898679,0.7408418657565415,5.776352626407385e-05
NB,combined,pr,0.9996929689898679,0.7410104688211198,5.794169370014353e-05
NB,combined,pr,0.9996929689898679,0.7411791486455725,5.80630139016888e-05
NB,combined,pr,0.9996929689898679,0.7413479052823315,5.8400037842409304e-05
NB,combined,pr,0.9996929689898679,0.7415167387838761,5.98299318697519e-05
NB,combined,pr,0.9996929689898679,0.7416856492027335,6.113815217072789e-05
NB,combined,pr,0.9996929689898679,0.7418546365914787,6.271011113950796e-05
NB,combined,pr,0.9996929689898679,0.7420237010027347,6.302007038668132e-05
NB,combined,pr,0.9996929689898679,0.7421928424891726,6.30835458417357e-05
NB,combined,pr,0.9996929689898679,0.7423620611035112,6.35013319420537e-05
NB,combined,pr,0.9996929689898679,0.7425313568985177,6.365205122107223e-05
NB,combined,pr,0.9996929689898679,0.7427007299270073,6.390641217201755e-05
NB,combined,pr,0.9996929689898679,0.7428701802418435,6.429597119961465e-05
NB,combined,pr,0.9996929689898679,0.7430397078959379,6.521635578413578e-05
NB,combined,pr,0.9996929689898679,0.7432093129422507,6.609132765969538e-05
NB,combined,pr,0.9996929689898679,0.7433789954337899,6.622300919706883e-05
NB,combined,pr,0.9996929689898679,0.7435487554236127,6.652128974540467e-05
NB,combined,pr,0.9996929689898679,0.7437185929648241,6.654856438541266e-05
NB,combined,pr,0.9996929689898679,0.743888508110578,6.675279054775339e-05
NB,combined,pr,0.9996929689898679,0.7440585009140768,6.690353048679488e-05
NB,combined,pr,0.9996929689898679,0.7442285714285715,6.718354780667833e-05
NB,combined,pr,0.9996929689898679,0.7443987197073617,6.723247776719856e-05
NB,combined,pr,0.9996929689898679,0.7445689458037961,6.82275929920361e-05
NB,combined,pr,0.9996929689898679,0.7447392497712717,6.864426966472073e-05
NB,combined,pr,0.9996929689898679,0.744909631663235,6.883367116809072e-05
NB,combined,pr,0.9996929689898679,0.7450800915331808,6.969040286283002e-05
NB,combined,pr,0.9996929689898679,0.7452506294346533,7.012767304622188e-05
NB,combined,pr,0.9996929689898679,0.7454212454212454,7.014343613428934e-05
NB,combined,pr,0.9996929689898679,0.7455919395465995,7.058435910721667e-05
NB,combined,pr,0.9996929689898679,0.7457627118644068,7.113796964606074e-05
NB,combined,pr,0.9996929689898679,0.7459335624284078,7.126154359103863e-05
NB,combined,pr,0.9996929689898679,0.7461044912923923,7.200726705663961e-05
NB,combined,pr,0.9996929689898679,0.7462754985101994,7.21031675143915e-05
NB,combined,pr,0.9996929689898679,0.7464465841357175,7.236873645220148e-05
NB,combined,pr,0.9996929689898679,0.7466177482228846,7.304047214364156e-05
NB,combined,pr,0.9996929689898679,0.7467889908256881,7.305769340688416e-05
NB,combined,pr,0.9996929689898679,0.7469603119981647,7.398708409691327e-05
NB,combined,pr,0.9996929689898679,0.7471317117944011,7.479917720385864e-05
NB,combined,pr,0.9996929689898679,0.7473031902685334,7.587093054981601e-05
NB,combined,pr,0.9996929689898679,0.7474747474747475,7.591656014757189e-05
NB,combined,pr,0.9996929689898679,0.747646383467279,7.592088944871319e-05
NB,combined,pr,0.9996929689898679,0.7478180983004135,7.635898801714105e-05
NB,combined,pr,0.9996929689898679,0.7479898920284861,7.690849576790182e-05
NB,combined,pr,0.9996929689898679,0.7481617647058824,7.904710823444252e-05
NB,combined,pr,0.9996929689898679,0.7483337163870375,7.905341360445174e-05
NB,combined,pr,0.9996929689898679,0.7485057471264368,7.939763842180635e-05
NB,combined,pr,0.9996929689898679,0.7486778569786158,7.96559736565363e-05
NB,combined,pr,0.9996929689898679,0.7488500459981601,8.012106646542725e-05
NB,combined,pr,0.9996929689898679,0.7490223142397056,8.100846000938282e-05
NB,combined,pr,0.9996929689898679,0.7491946617579384,8.131382017788851e-05
NB,combined,pr,0.9996929689898679,0.7493670886075949,8.136268039120277e-05
NB,combined,pr,0.9996929689898679,0.7495395948434622,8.151265910066643e-05
NB,combined,pr,0.9996929689898679,0.7497121805203776,8.203900733669598e-05
NB,combined,pr,0.9996929689898679,0.7498848456932289,8.22235839056379e-05
NB,combined,pr,0.9996929689898679,0.7500575904169546,8.224655810854443e-05
NB,combined,pr,0.9996929689898679,0.7502304147465437,8.30744117923563e-05
NB,combined,pr,0.9996929689898679,0.7504033187370361,8.381432872104926e-05
NB,combined,pr,0.9996929689898679,0.7505763024435224,8.514366614843665e-05
NB,combined,pr,0.9996929689898679,0.7507493659211436,8.585831480297029e-05
NB,combined,pr,0.9996929689898679,0.7509225092250923,8.596533035304374e-05
NB,combined,pr,0.9996929689898679,0.7510957324106113,8.617086616814418e-05
NB,combined,pr,0.9996929689898679,0.751269035532995,8.691527165202431e-05
NB,combined,pr,0.9996929689898679,0.7514424186475883,8.710244580102291e-05
NB,combined,pr,0.9996929689898679,0.7516158818097877,8.85357306564696e-05
NB,combined,pr,0.9996929689898679,0.7517894250750404,8.855676772708527e-05
NB,combined,pr,0.9996929689898679,0.7519630484988452,8.940128993822757e-05
NB,combined,pr,0.9996929689898679,0.7521367521367521,8.956694412821635e-05
NB,combined,pr,0.9996929689898679,0.7523105360443623,9.17639255184782e-05
NB,combined,pr,0.9996929689898679,0.7524844002773284,9.178061716887765e-05
NB,combined,pr,0.9996929689898679,0.7526583448913546,9.187119985411374e-05
NB,combined,pr,0.9996929689898679,0.7528323699421965,9.294196244443566e-05
NB,combined,pr,0.9996929689898679,0.7530064754856615,9.340852043035246e-05
NB,combined,pr,0.9996929689898679,0.7531806615776081,9.343168616724419e-05
NB,combined,pr,0.9996929689898679,0.7533549282739472,9.375805847296363e-05
NB,combined,pr,0.9996929689898679,0.7535292756306411,9.406881578117408e-05
NB,combined,pr,0.9996929689898679,0.7537037037037037,9.430016718148002e-05
NB,combined,pr,0.9996929689898679,0.7538782125492012,9.439685203797697e-05
NB,combined,pr,0.9996929689898679,0.7540528022232516,9.443996261393384e-05
NB,combined,pr,0.9996929689898679,0.7542274727820245,9.459696416966411e-05
NB,combined,pr,0.9996929689898679,0.7544022242817423,9.468255890741046e-05
NB,combined,pr,0.9996929689898679,0.754577056778679,9.509843571137859e-05
NB,combined,pr,0.9996929689898679,0.7547519703291609,9.512263031041175e-05
NB,combined,pr,0.9996929689898679,0.7549269649895665,9.546550920705858e-05
NB,combined,pr,0.9996929689898679,0.7551020408163265,9.561927869606717e-05
NB,combined,pr,0.9996929689898679,0.7552771978659244,9.564341911802518e-05
NB,combined,pr,0.9996929689898679,0.7554524361948955,9.586454501036975e-05
NB,combined,pr,0.9996929689898679,0.7556277558598282,9.604528809740209e-05
NB,combined,pr,0.9996929689898679,0.755803156917363,9.627254877999638e-05
NB,combined,pr,0.9996929689898679,0.7559786394241932,9.900930697126847e-05
NB,combined,pr,0.9996929689898679,0.7561542034370645,9.952218295112468e-05
NB,combined,pr,0.9996929689898679,0.7563298490127759,0.00010091326368514806
NB,combined,pr,0.9996929689898679,0.7565055762081785,0.00010118262210420792
NB,combined,pr,0.9996929689898679,0.7566813850801766,0.00010200418452749949
NB,combined,pr,0.9996929689898679,0.7568572756857276,0.00010231412565491431
NB,combined,pr,0.9996929689898679,0.7570332480818415,0.00010338851962722831
NB,combined,pr,0.9996929689898679,0.7572093023255814,0.00010366921487628486
NB,combined,pr,0.9996929689898679,0.7573854384740637,0.00010369665591480858
NB,combined,pr,0.9996929689898679,0.7575616565844578,0.00010391885967443567
NB,combined,pr,0.9996929689898679,0.7577379567139865,0.00010421769549010502
NB,combined,pr,0.9996929689898679,0.7579143389199255,0.00010490594099434077
NB,combined,pr,0.9996929689898679,0.7580908032596042,0.00010609429998186364
NB,combined,pr,0.9996929689898679,0.7582673497904052,0.00010677213958493693
NB,combined,pr,0.9996929689898679,0.7584439785697648,0.00010687984445893665
NB,combined,pr,0.9996929689898679,0.7586206896551724,0.00010866097502879985
NB,combined,pr,0.9996929689898679,0.7587974831041715,0.00010872334249445754
NB,combined,pr,0.9996929689898679,0.7589743589743589,0.00010912326072813093
NB,combined,pr,0.9996929689898679,0.7591513173233854,0.00010943317661697005
NB,combined,pr,0.9996929689898679,0.7596826878208119,0.00011003565025744487
NB,combined,pr,0.9996929689898679,0.7598599766627772,0.00011052589238520359
NB,combined,pr,0.9996929689898679,0.7600373482726424,0.00011055825174505409
NB,combined,pr,0.9996929689898679,0.7602148027083819,0.00011169058872411322
NB,combined,pr,0.9996929689898679,0.7603923400280242,0.00011215285644883693
NB,combined,pr,0.9996929689898679,0.760569960289652,0.00011293995119284705
NB,combined,pr,0.9996929689898679,0.7607476635514019,0.00011368867845784543
NB,combined,pr,0.9996929689898679,0.7609254498714653,0.00011442285517541575
NB,combined,pr,0.9996929689898679,0.7611033193080879,0.00011593973331929354
NB,combined,pr,0.9996929689898679,0.7612812719195698,0.00011677272766080355
NB,combined,pr,0.9996929689898679,0.7614593077642656,0.00011777880896149158
NB,combined,pr,0.9996929689898679,0.7616374269005848,0.00011822270716378911
NB,combined,pr,0.9996929689898679,0.7618156293869911,0.00011853786578748998
NB,combined,pr,0.9996929689898679,0.7619939152820033,0.00011971529665220187
NB,combined,pr,0.9996929689898679,0.7621722846441947,0.00012160801263437639
NB,combined,pr,0.9996929689898679,0.7623507375321938,0.00012285828048924256
NB,combined,pr,0.9996929689898679,0.7625292740046838,0.00012372736987048425
NB,combined,pr,0.9996929689898679,0.7627078941204029,0.00012437827305002643
NB,combined,pr,0.9996929689898679,0.7628865979381443,0.0001248137666695229
NB,combined,pr,0.999385937979736,0.762831028825873,0.0001251764399816057
NB,combined,pr,0.999385937979736,0.7631887456037515,0.00012527552454958256
NB,combined,pr,0.999385937979736,0.7633677298311444,0.00012541642534333693
NB,combined,pr,0.999385937979736,0.7635467980295566,0.00012579448244919895
NB,combined,pr,0.999385937979736,0.7637259502580948,0.0001260841236298313
NB,combined,pr,0.999385937979736,0.7639051865759211,0.0001264875864403739
NB,combined,pr,0.999385937979736,0.7640845070422535,0.00012678083637135705
NB,combined,pr,0.999385937979736,0.7642639117163653,0.00012749127028865322
NB,combined,pr,0.999385937979736,0.7646229739252995,0.00012793446366929416
NB,combined,pr,0.999385937979736,0.7648026315789473,0.0001309785839586161
NB,combined,pr,0.999385937979736,0.7649823736780259,0.000131034170336625
NB,combined,pr,0.999385937979736,0.7651622002820875,0.000133601552578804
NB,combined,pr,0.999385937979736,0.7653421114507406,0.00013599604085618304
NB,combined,pr,0.999385937979736,0.76552210724365,0.00013714381571001876
NB,combined,pr,0.999385937979736,0.7657021877205363,0.00013759451537255604
NB,combined,pr,0.999385937979736,0.7658823529411765,0.00013799478960770743
NB,combined,pr,0.999385937979736,0.7660626029654036,0.0001382339682356373
NB,combined,pr,0.999385937979736,0.7662429378531074,0.00013832960526052448
NB,combined,pr,0.999385937979736,0.7664233576642335,0.0001404081329806617
NB,combined,pr,0.999385937979736,0.7666038624587848,0.00014055463673544766
NB,combined,pr,0.999385937979736,0.7667844522968198,0.0001411305146476072
NB,combined,pr,0.999385937979736,0.7669651272384543,0.00014345870288090157
NB,combined,pr,0.999385937979736,0.7671458873438605,0.00014433396117137005
NB,combined,pr,0.999385937979736,0.7673267326732673,0.0001459453025838124
NB,combined,pr,0.999385937979736,0.7675076632869606,0.00014660011762381877
NB,combined,pr,0.999385937979736,0.7676886792452831,0.00014691780866393496
NB,combined,pr,0.999385937979736,0.7678697806086341,0.00014737169496375037
NB,combined,pr,0.999385937979736,0.7680509674374705,0.0001480607948763826
NB,combined,pr,0.999385937979736,0.7682322397923059,0.00015080606177711543
NB,combined,pr,0.999385937979736,0.7684135977337111,0.00015182206135633706
NB,combined,pr,0.999385937979736,0.768595041322314,0.000154747860875352
NB,combined,pr,0.999385937979736,0.7687765706188002,0.0001551377871856896
NB,combined,pr,0.999385937979736,0.7689581856839122,0.0001552483394775726
NB,combined,pr,0.999385937979736,0.7691398865784499,0.0001552513874638628
NB,combined,pr,0.999385937979736,0.7693216733632711,0.0001557218388742888
NB,combined,pr,0.999385937979736,0.7695035460992907,0.00015799627354047503
NB,combined,pr,0.999385937979736,0.7696855048474817,0.00015849479251825538
NB,combined,pr,0.999385937979736,0.7698675496688742,0.00015861046427513025
NB,combined,pr,0.9990789069696039,0.7698131062219068,0.00015903228196782827
NB,combined,pr,0.9990789069696039,0.7699952673923331,0.00015912718968658763
NB,combined,pr,0.9990789069696039,0.7701775147928994,0.0001607826616033862
NB,combined,pr,0.9990789069696039,0.7703598484848485,0.00016178805827227994
NB,combined,pr,0.9990789069696039,0.7705422685294814,0.00016242534585559005
NB,combined,pr,0.9990789069696039,0.7707247749881573,0.00016295681573910925
NB,combined,pr,0.9987718759594719,0.7706704572376214,0.0001637970591874973
NB,combined,pr,0.9987718759594719,0.7708530805687204,0.00016420545085093276
NB,combined,pr,0.9987718759594719,0.7710357904716757,0.00016607820438843576
NB,combined,pr,0.9984648449493398,0.7709815078236131,0.00016687165134174925
NB,combined,pr,0.9984648449493398,0.7711643348351909,0.00016698635250244186
NB,combined,pr,0.9984648449493398,0.7713472485768501,0.00016716111100018656
NB,combined,pr,0.9984648449493398,0.7715302491103203,0.0001680851828579923
NB,combined,pr,0.9984648449493398,0.7717133364973896,0.00016860243208152684
NB,combined,pr,0.9984648449493398,0.7718965107999051,0.0001710300248701558
NB,combined,pr,0.9984648449493398,0.7720797720797721,0.00017146449281448518
NB,combined,pr,0.9984648449493398,0.7722631203989552,0.00017263932926738702
NB,combined,pr,0.9984648449493398,0.7724465558194774,0.00017499737241776232
NB,combined,pr,0.9984648449493398,0.7726300784034212,0.00017543813363625499
NB,combined,pr,0.9984648449493398,0.7728136882129277,0.0001756000388941557
NB,combined,pr,0.9984648449493398,0.7729973853101972,0.00017591196320853908
NB,combined,pr,0.9984648449493398,0.7731811697574893,0.0001763454296465296
NB,combined,pr,0.9984648449493398,0.7733650416171225,0.00017695767213156123
NB,combined,pr,0.9984648449493398,0.7735490009514748,0.00017813634188805404
NB,combined,pr,0.9984648449493398,0.7737330478229836,0.00017852148800304589
NB,combined,pr,0.9984648449493398,0.7739171822941456,0.00018014888739109928
NB,combined,pr,0.9984648449493398,0.7741014044275173,0.00018076873260451068
NB,combined,pr,0.9984648449493398,0.7742857142857142,0.0001809360573422141
NB,combined,pr,0.9984648449493398,0.7744701119314122,0.00018241338085335374
NB,combined,pr,0.9984648449493398,0.7746545974273463,0.00018272117610980816
NB,combined,pr,0.9984648449493398,0.7748391708363116,0.0001827369316495971
NB,combined,pr,0.9984648449493398,0.775023832221163,0.0001845319438011535
NB,combined,pr,0.9984648449493398,0.7752085816448152,0.00018456383144084602
NB,combined,pr,0.9984648449493398,0.7753934191702432,0.0001854973044344973
NB,combined,pr,0.9984648449493398,0.7755783448604817,0.00018705882680143868
NB,combined,pr,0.9984648449493398,0.7757633587786259,0.00018847992485081623
NB,combined,pr,0.9984648449493398,0.7759484609878311,0.00018935922214577413
NB,combined,pr,0.9984648449493398,0.7761336515513126,0.00018956947390684215
NB,combined,pr,0.9984648449493398,0.7763189305323466,0.0001900857835566648
NB,combined,pr,0.9984648449493398,0.7765042979942693,0.00019140432573194597
NB,combined,pr,0.9984648449493398,0.7766897540004777,0.0001916739936914392
NB,combined,pr,0.9984648449493398,0.776875298614429,0.0001922091364292752
NB,combined,pr,0.9984648449493398,0.7770609318996415,0.0001950811240402756
NB,combined,pr,0.9984648449493398,0.777246653919694,0.00019667971594588396
NB,combined,pr,0.9984648449493398,0.7774324647382261,0.00019677204873876038
NB,combined,pr,0.9984648449493398,0.7776183644189383,0.00019756837026944235
NB,combined,pr,0.9984648449493398,0.7778043530255919,0.000200095407424466
NB,combined,pr,0.9984648449493398,0.7779904306220096,0.0002003886805440781
NB,combined,pr,0.9984648449493398,0.7781765972720747,0.00020052123695619325
NB,combined,pr,0.9984648449493398,0.778362853039732,0.0002008763900188223
NB,combined,pr,0.9984648449493398,0.7785491979889874,0.000202545165927809
NB,combined,pr,0.9984648449493398,0.7787356321839081,0.00020522190970780632
NB,combined,pr,0.9984648449493398,0.7789221556886228,0.00020619480951339505
NB,combined,pr,0.9984648449493398,0.7791087685673215,0.0002066503020076255
NB,combined,pr,0.9984648449493398,0.7792954708842559,0.00020722898617615105
NB,combined,pr,0.9984648449493398,0.7794822627037392,0.00021306364034002156
NB,combined,pr,0.9984648449493398,0.7796691440901462,0.000217030557730241
NB,combined,pr,0.9984648449493398,0.7798561151079136,0.0002180141237270541
NB,combined,pr,0.9984648449493398,0.7800431758215399,0.00021852118004685612
NB,combined,pr,0.9984648449493398,0.7802303262955854,0.00022137343312381418
NB,combined,pr,0.9984648449493398,0.7804175665946724,0.00022331454247445046
NB,combined,pr,0.9984648449493398,0.7806048967834853,0.00022331614171476532
NB,combined,pr,0.9984648449493398,0.7807923169267708,0.00022331839661194743
NB,combined,pr,0.9984648449493398,0.7809798270893372,0.0002269683470770727
NB,combined,pr,0.9984648449493398,0.7811674273360557,0.00022727695803046014
NB,combined,pr,0.9984648449493398,0.7813551177318597,0.00023126604732968853
NB,combined,pr,0.9984648449493398,0.7815428983417447,0.00023387866360855483
NB,combined,pr,0.9984648449493398,0.7817307692307692,0.00023470269585397694
NB,combined,pr,0.9984648449493398,0.7819187304640539,0.00023482443455973183
NB,combined,pr,0.9984648449493398,0.7821067821067821,0.00024006855358765157
NB,combined,pr,0.9984648449493398,0.7822949242242001,0.00024065509554025818
NB,combined,pr,0.9984648449493398,0.782483156881617,0.0002437099164997664
NB,combined,pr,0.9984648449493398,0.7826714801444044,0.00024604190338940886
NB,combined,pr,0.9984648449493398,0.7828598940779972,0.00024628319622564036
NB,combined,pr,0.9984648449493398,0.7830483987478931,0.0002472504223455548
NB,combined,pr,0.9984648449493398,0.7832369942196532,0.00024888259848628627
NB,combined,pr,0.9984648449493398,0.7834256805589015,0.00024896680498912976
NB,combined,pr,0.9984648449493398,0.7836144578313253,0.000249776190098426
NB,combined,pr,0.9984648449493398,0.7838033261026753,0.00025313375712364574
NB,combined,pr,0.9984648449493398,0.7839922854387656,0.00025448581488510556
NB,combined,pr,0.9984648449493398,0.7841813359054738,0.00025461571305896726
NB,combined,pr,0.9984648449493398,0.784370477568741,0.0002563676694712139
NB,combined,pr,0.9984648449493398,0.7845597104945717,0.0002572530519223528
NB,combined,pr,0.9984648449493398,0.7847490347490348,0.00025751581731541683
NB,combined,pr,0.9984648449493398,0.7849384503982622,0.00025763977952206917
NB,combined,pr,0.9984648449493398,0.78512795750845,0.00026135943822910124
NB,combined,pr,0.9984648449493398,0.7853175561458585,0.0002619404869168568
NB,combined,pr,0.9984648449493398,0.7855072463768116,0.00026470752644033597
NB,combined,pr,0.9984648449493398,0.7856970282676975,0.0002656594673817445
NB,combined,pr,0.9984648449493398,0.7858869018849686,0.0002665177370030112
NB,combined,pr,0.9984648449493398,0.7860768672951414,0.00026657926180156683
NB,combined,pr,0.9984648449493398,0.7862669245647969,0.00026831656556324196
NB,combined,pr,0.9984648449493398,0.7864570737605804,0.0002685177912433422
NB,combined,pr,0.9984648449493398,0.7866473149492017,0.0002694786473670035
NB,combined,pr,0.9984648449493398,0.7868376481974353,0.00026974644392066175
NB,combined,pr,0.9984648449493398,0.78702807357212,0.00027166825135947824
NB,combined,pr,0.9984648449493398,0.7872185911401598,0.0002721668182643641
NB,combined,pr,0.9984648449493398,0.787409200968523,0.0002728307870871484
NB,combined,pr,0.9984648449493398,0.7875999031242431,0.00027467479916028095
NB,combined,pr,0.9984648449493398,0.7877906976744186,0.00027523019921538177
NB,combined,pr,0.9984648449493398,0.7879815846862127,0.0002756465706956034
NB,combined,pr,0.9984648449493398,0.7881725642268541,0.0002759336167259215
NB,combined,pr,0.9984648449493398,0.7883636363636364,0.00027621901834429995
NB,combined,pr,0.9984648449493398,0.7885548011639185,0.0002762767927503729
NB,combined,pr,0.9984648449493398,0.7887460586951249,0.0002770275800193132
NB,combined,pr,0.9984648449493398,0.7889374090247453,0.00028003056289539594
NB,combined,pr,0.9984648449493398,0.7891288522203349,0.00028006329738333106
NB,combined,pr,0.9984648449493398,0.7893203883495146,0.000280821078789671
NB,combined,pr,0.9984648449493398,0.7895120174799709,0.0002823746328940574
NB,combined,pr,0.9984648449493398,0.7897037396794561,0.000285424826146906
NB,combined,pr,0.9984648449493398,0.7898955550157882,0.0002871381717570754
NB,combined,pr,0.9984648449493398,0.7900874635568513,0.00028921942503309
NB,combined,pr,0.9984648449493398,0.7902794653705953,0.0002936009984834819
NB,combined,pr,0.9984648449493398,0.7904715605250364,0.0002940996286392189
NB,combined,pr,0.9984648449493398,0.7906637490882568,0.0002970070077310133
NB,combined,pr,0.9984648449493398,0.7908560311284046,0.0002971076481493814
NB,combined,pr,0.9984648449493398,0.7910484067136949,0.00030049033075485037
NB,combined,pr,0.9984648449493398,0.7912408759124088,0.0003021536414356169
NB,combined,pr,0.9984648449493398,0.7914334387928936,0.0003079016973488809
NB,combined,pr,0.9984648449493398,0.7916260954235638,0.0003079432047286554
NB,combined,pr,0.9984648449493398,0.7918188458729,0.00030938697672053825
NB,combined,pr,0.9984648449493398,0.7920116902094496,0.0003096451180936538
NB,combined,pr,0.9984648449493398,0.792204628501827,0.00031100513748590764
NB,combined,pr,0.9984648449493398,0.7923976608187134,0.0003114973607383847
NB,combined,pr,0.9984648449493398,0.7925907872288569,0.00031153977686154374
NB,combined,pr,0.9984648449493398,0.7927840078010726,0.00031180909037386635
NB,combined,pr,0.9984648449493398,0.7929773226042429,0.00031231535145619647
NB,combined,pr,0.9984648449493398,0.7931707317073171,0.00031625339286352763
NB,combined,pr,0.9984648449493398,0.793364235179312,0.00031944605715605526
NB,combined,pr,0.9984648449493398,0.7935578330893118,0.0003202824446701655
NB,combined,pr,0.9984648449493398,0.7937515255064681,0.0003206768702609833
NB,combined,pr,0.9984648449493398,0.7939453125,0.0003237004502552129
NB,combined,pr,0.9984648449493398,0.7941391941391941,0.000324682413502616
NB,combined,pr,0.9984648449493398,0.794333170493405,0.0003247951434979899
NB,combined,pr,0.9984648449493398,0.7945272416320547,0.00032784425818706275
NB,combined,pr,0.9984648449493398,0.7947214076246334,0.0003294313622911616
NB,combined,pr,0.9984648449493398,0.7949156685406991,0.00032956709772812145
NB,combined,pr,0.9984648449493398,0.7951100244498778,0.0003326636413474262
NB,combined,pr,0.9984648449493398,0.7953044754218636,0.000334471483313968
NB,combined,pr,0.9984648449493398,0.7954990215264188,0.00034060903253486105
NB,combined,pr,0.9984648449493398,0.7956936628333741,0.0003412269072212045
NB,combined,pr,0.9984648449493398,0.7958883994126285,0.0003482273044450447
NB,combined,pr,0.9984648449493398,0.7960832313341494,0.0003488756770577904
NB,combined,pr,0.9984648449493398,0.7962781586679726,0.0003541910928683412
NB,combined,pr,0.9984648449493398,0.7964731814842028,0.00035486270846382233
NB,combined,pr,0.9984648449493398,0.7966682998530132,0.00035552334340090955
NB,combined,pr,0.9984648449493398,0.7968635138446459,0.00035824536105850995
NB,combined,pr,0.9984648449493398,0.7970588235294118,0.00035886025045616597
NB,combined,pr,0.9984648449493398,0.7972542289776906,0.0003594890289065137
NB,combined,pr,0.9984648449493398,0.7974497302599314,0.00035985732966520035
NB,combined,pr,0.9984648449493398,0.797645327446652,0.00036769984172700426
NB,combined,pr,0.9984648449493398,0.7978410206084396,0.0003774089038134338
NB,combined,pr,0.9984648449493398,0.7980368098159509,0.00038187836769956133
NB,combined,pr,0.9984648449493398,0.7982326951399117,0.0003862025517697118
NB,combined,pr,0.9984648449493398,0.7984286766511172,0.00038724368362310664
NB,combined,pr,0.9984648449493398,0.7986247544204322,0.0003882574510118012
NB,combined,pr,0.9984648449493398,0.7988209285187915,0.00040240835470082496
NB,combined,pr,0.9984648449493398,0.799017199017199,0.00040319491682894995
NB,combined,pr,0.9984648449493398,0.7992135659867289,0.00040481842437885263
NB,combined,pr,0.9981578139392079,0.7991642084562438,0.00040620169265802265
NB,combined,pr,0.9981578139392079,0.7993607081386772,0.0004063169551690256
NB,combined,pr,0.9981578139392079,0.7995573044761436,0.00040672614266342783
NB,combined,pr,0.9981578139392079,0.7997539975399754,0.00040718890569002136
NB,combined,pr,0.9981578139392079,0.7999507874015748,0.00041174052942710454
NB,combined,pr,0.9981578139392079,0.8001476741324145,0.00041259214037287634
NB,combined,pr,0.9981578139392079,0.8003446578040374,0.0004151981161907462
NB,combined,pr,0.9981578139392079,0.8005417384880571,0.0004204880245040756
NB,combined,pr,0.9981578139392079,0.8007389162561577,0.00042071430683025384
NB,combined,pr,0.9978507829290758,0.800689825080069,0.0004235977923065899
NB,combined,pr,0.9978507829290758,0.8008871365204534,0.0004245874456630552
NB,combined,pr,0.9978507829290758,0.8010845452304659,0.00042535937320200694
NB,combined,pr,0.9978507829290758,0.8012820512820513,0.0004282277627404883
NB,combined,pr,0.9978507829290758,0.8014796547472256,0.000438454700950808
NB,combined,pr,0.9978507829290758,0.801677355698076,0.0004395634724043388
NB,combined,pr,0.9978507829290758,0.8028656126482213,0.0004397576976623562
NB,combined,pr,0.9978507829290758,0.803063998023227,0.0004405388303210564
NB,combined,pr,0.9978507829290758,0.8032624814631735,0.0004412343305770604
NB,combined,pr,0.9978507829290758,0.8034610630407911,0.00044331986874128823
NB,combined,pr,0.9978507829290758,0.8036597428288823,0.00045260206754095403
NB,combined,pr,0.9978507829290758,0.8038585209003215,0.00045708127629066555
NB,combined,pr,0.9978507829290758,0.8040573973280554,0.0004581240980606311
NB,combined,pr,0.9978507829290758,0.8042563721851027,0.00045985843938573445
NB,combined,pr,0.9978507829290758,0.8044554455445545,0.0004640483605058599
NB,combined,pr,0.9978507829290758,0.8046546174795741,0.00046525135441537034
NB,combined,pr,0.9978507829290758,0.8048538880633977,0.00046663665860850615
NB,combined,pr,0.9978507829290758,0.8050532573693336,0.00046779266091431066
NB,combined,pr,0.9978507829290758,0.8052527254707631,0.00047096017127012767
NB,combined,pr,0.9978507829290758,0.80545229244114,0.0004731010049052308
NB,combined,pr,0.9978507829290758,0.8056519583539911,0.0004794687537397212
NB,combined,pr,0.9978507829290758,0.805851723282916,0.00048218351013480285
NB,combined,pr,0.9978507829290758,0.8060515873015873,0.0004869428743470183
NB,combined,pr,0.9978507829290758,0.806251550483751,0.0004885532645667719
NB,combined,pr,0.9978507829290758,0.8064516129032258,0.0004890763911457864
NB,combined,pr,0.9978507829290758,0.8066517746339041,0.0004913799612306269
NB,combined,pr,0.9978507829290758,0.8068520357497517,0.0004935002508201935
NB,combined,pr,0.9978507829290758,0.8070523963248075,0.0004959130407932681
NB,combined,pr,0.9978507829290758,0.8072528564331843,0.0004965479231653947
NB,combined,pr,0.9978507829290758,0.8074534161490683,0.0004988720316733809
NB,combined,pr,0.9978507829290758,0.8076540755467196,0.0005039483892578465
NB,combined,pr,0.9978507829290758,0.8078548347004723,0.0005048356701952592
NB,combined,pr,0.9978507829290758,0.808055693684734,0.000505419789136806
NB,combined,pr,0.9978507829290758,0.8082566525739866,0.0005088858606744731
NB,combined,pr,0.9978507829290758,0.8084577114427861,0.0005101880262466248
NB,combined,pr,0.9978507829290758,0.8086588703657627,0.0005114489860135165
NB,combined,pr,0.9978507829290758,0.8088601294176208,0.0005124905502885848
NB,combined,pr,0.9978507829290758,0.8090614886731392,0.000513076290020629
NB,combined,pr,0.9978507829290758,0.8092629482071713,0.0005140949788272544
NB,combined,pr,0.9978507829290758,0.8094645080946451,0.00051575445924257
NB,combined,pr,0.9978507829290758,0.809666168410563,0.0005185314537532051
NB,combined,pr,0.9978507829290758,0.8098679292300025,0.0005189334968062968
NB,combined,pr,0.9978507829290758,0.8100697906281157,0.000522881432802981
NB,combined,pr,0.9978507829290758,0.8102717526801296,0.0005303130693744359
NB,combined,pr,0.9978507829290758,0.8104738154613467,0.0005312649623627005
NB,combined,pr,0.9978507829290758,0.810675979047144,0.0005362356627049245
NB,combined,pr,0.9978507829290758,0.8108782435129741,0.0005399150546763256
NB,combined,pr,0.9978507829290758,0.8110806089343648,0.0005405703578412852
NB,combined,pr,0.9978507829290758,0.8112830753869196,0.0005479462049829204
NB,combined,pr,0.9978507829290758,0.8114856429463171,0.0005522286389047418
NB,combined,pr,0.9978507829290758,0.8116883116883117,0.0005633142847421382
NB,combined,pr,0.9978507829290758,0.8118910816887335,0.0005643304941846677
NB,combined,pr,0.9978507829290758,0.8120939530234883,0.0005687180381180013
NB,combined,pr,0.9978507829290758,0.8122969257685578,0.000570467749569092
NB,combined,pr,0.9978507829290758,0.8125,0.0005710546519033919
NB,combined,pr,0.9978507829290758,0.8127031757939485,0.0005711012087875225
NB,combined,pr,0.9978507829290758,0.8129064532266133,0.000575268957244931
NB,combined,pr,0.9978507829290758,0.8131098323742807,0.0005814756490382911
NB,combined,pr,0.9978507829290758,0.8133133133133134,0.0005863929590342976
NB,combined,pr,0.9978507829290758,0.8135168961201502,0.0005871930328722251
NB,combined,pr,0.9978507829290758,0.8137205808713069,0.0005910783460022571
NB,combined,pr,0.9978507829290758,0.813924367643376,0.0005928524812919759
NB,combined,pr,0.9978507829290758,0.814128256513026,0.0005944049599039754
NB,combined,pr,0.9978507829290758,0.8143322475570033,0.0006019835100013446
NB,combined,pr,0.9978507829290758,0.8145363408521303,0.0006052470112906179
NB,combined,pr,0.9978507829290758,0.8147405364753071,0.0006146918854695135
NB,combined,pr,0.9978507829290758,0.8149448345035105,0.0006159865714974596
NB,combined,pr,0.9978507829290758,0.8151492350137949,0.0006210467037163348
NB,combined,pr,0.9978507829290758,0.8153537380832915,0.0006288372662814773
NB,combined,pr,0.9978507829290758,0.8155583437892095,0.0006454232275968476
NB,combined,pr,0.9978507829290758,0.8157630522088354,0.0006492132119272141
NB,combined,pr,0.9978507829290758,0.815967863419533,0.0006513298723251531
NB,combined,pr,0.9978507829290758,0.8161727774987444,0.0006545683790690558
NB,combined,pr,0.9978507829290758,0.816377794523989,0.0006572777862310067
NB,combined,pr,0.9978507829290758,0.8165829145728644,0.0006608275643588173
NB,combined,pr,0.9978507829290758,0.816788137723046,0.000666278007340522
NB,combined,pr,0.9978507829290758,0.8169934640522876,0.0006668349261349312
NB,combined,pr,0.9978507829290758,0.8171988936384209,0.0006776755836134789
NB,combined,pr,0.9978507829290758,0.8174044265593562,0.0006910803265108183
NB,combined,pr,0.9978507829290758,0.8176100628930818,0.0006973647143293294
NB,combined,pr,0.9978507829290758,0.8178158027176649,0.0007000053694853602
NB,combined,pr,0.9978507829290758,0.8180216461112509,0.0007004364510754836
NB,combined,pr,0.9978507829290758,0.8182275931520645,0.0007067030233497669
NB,combined,pr,0.9978507829290758,0.8184336439184084,0.00070832169230714
NB,combined,pr,0.9978507829290758,0.818639798488665,0.0007156354444707164
NB,combined,pr,0.9978507829290758,0.8188460569412951,0.0007184555737243589
NB,combined,pr,0.9978507829290758,0.8190524193548387,0.0007204402460297412
NB,combined,pr,0.9978507829290758,0.8192588858079153,0.0007204483187136592
NB,combined,pr,0.9978507829290758,0.8194654563792234,0.0007228594193402737
NB,combined,pr,0.9978507829290758,0.819672131147541,0.000724798175177077
NB,combined,pr,0.9978507829290758,0.8198789101917255,0.0007255240636465213
NB,combined,pr,0.9978507829290758,0.8200857935907141,0.0007316064872481016
NB,combined,pr,0.9978507829290758,0.8202927814235235,0.0007364901927631747
NB,combined,pr,0.9978507829290758,0.8204998737692502,0.000736527397274695
NB,combined,pr,0.9978507829290758,0.8207070707070707,0.0007381001435410112
NB,combined,pr,0.9978507829290758,0.8209143723162414,0.0007394647615339923
NB,combined,pr,0.9978507829290758,0.821121778676099,0.0007454329642043774
NB,combined,pr,0.9978507829290758,0.8213292898660601,0.0007467731181572803
NB,combined,pr,0.9978507829290758,0.8215369059656218,0.0007480989107323647
NB,combined,pr,0.9978507829290758,0.8217446270543616,0.000749376708204791
NB,combined,pr,0.9978507829290758,0.8221603845180875,0.0007555076601596178
NB,combined,pr,0.9978507829290758,0.8223684210526315,0.000767233838877732
NB,combined,pr,0.9978507829290758,0.8225765628954695,0.0007751542518884044
NB,combined,pr,0.9978507829290758,0.8227848101265823,0.0007774517104482084
NB,combined,pr,0.9978507829290758,0.8229931628260319,0.0007880027271033315
NB,combined,pr,0.9978507829290758,0.8232016210739616,0.0007903424738483467
NB,combined,pr,0.9978507829290758,0.8234101849505954,0.0007905850283304879
NB,combined,pr,0.9978507829290758,0.8236188545362392,0.0007916175008749417
NB,combined,pr,0.9975437519189438,0.823574144486692,0.0007978909516919052
NB,combined,pr,0.9975437519189438,0.8237829614604463,0.0008012835655726667
NB,combined,pr,0.9975437519189438,0.8239918843520162,0.0008023618772847879
NB,combined,pr,0.9975437519189438,0.8242009132420092,0.0008103375522650933
NB,combined,pr,0.9975437519189438,0.824410048211114,0.0008151135152784071
NB,combined,pr,0.9975437519189438,0.8246192893401015,0.0008167432248938715
NB,combined,pr,0.9975437519189438,0.8248286367098249,0.000818130439702042
NB,combined,pr,0.9975437519189438,0.8250380904012189,0.0008230213731112656
NB,combined,pr,0.9975437519189438,0.825247650495301,0.000823328193027935
NB,combined,pr,0.9975437519189438,0.8254573170731707,0.0008369785435782877
NB,combined,pr,0.9975437519189438,0.8256670902160101,0.0008430042335915272
NB,combined,pr,0.9975437519189438,0.8258769700050839,0.0008452727591876644
NB,combined,pr,0.9975437519189438,0.8260869565217391,0.0008465037088980804
NB,combined,pr,0.9975437519189438,0.8262970498474059,0.0008505841467000865
NB,combined,pr,0.9975437519189438,0.826507250063597,0.0008624225026941253
NB,combined,pr,0.9975437519189438,0.8267175572519084,0.0008631905988818655
NB,combined,pr,0.9975437519189438,0.8269279714940189,0.0008649920520134022
NB,combined,pr,0.9975437519189438,0.8271384928716904,0.0008667474511908491
NB,combined,pr,0.9975437519189438,0.8273491214667685,0.0008683281253016802
NB,combined,pr,0.9975437519189438,0.8275598573611819,0.0008730990924653585
NB,combined,pr,0.9972367209088118,0.827515923566879,0.000875776630744228
NB,combined,pr,0.9972367209088118,0.8277268093781855,0.0008880261457673953
NB,combined,pr,0.9972367209088118,0.8279378027020138,0.0008916157708619901
NB,combined,pr,0.9972367209088118,0.8281489036206018,0.000893677366316627
NB,combined,pr,0.9972367209088118,0.8283601122162714,0.0009005614088977589
NB,combined,pr,0.9972367209088118,0.8285714285714286,0.0009137554776035258
NB,combined,pr,0.9972367209088118,0.8287828527685634,0.0009171990143096988
NB,combined,pr,0.9972367209088118,0.8289943848902501,0.0009317749315191229
NB,combined,pr,0.9972367209088118,0.8292060250191473,0.0009341826642112067
NB,combined,pr,0.9972367209088118,0.8294177732379979,0.0009397776449113851
NB,combined,pr,0.9969296898986798,0.8293742017879949,0.0009441747118017442
NB,combined,pr,0.9969296898986798,0.8295861011752683,0.0009456793588094498
NB,combined,pr,0.9969296898986798,0.8297981088678763,0.0009479676010364449
NB,combined,pr,0.9969296898986798,0.8300102249488752,0.0009494636547623482
NB,combined,pr,0.9969296898986798,0.8302224495014063,0.0009521222504164091
NB,combined,pr,0.9969296898986798,0.8304347826086956,0.0009535148307697991
NB,combined,pr,0.9966226588885477,0.8303914044512664,0.0009551478580893131
NB,combined,pr,0.9966226588885477,0.8306038894575231,0.0009622955085364627
NB,combined,pr,0.9966226588885477,0.8308164832352188,0.000968443948084396
NB,combined,pr,0.9966226588885477,0.8310291858678955,0.0009766724658051133
NB,combined,pr,0.9966226588885477,0.8312419974391806,0.0009931002712613361
NB,combined,pr,0.9966226588885477,0.8314549180327869,0.0009950787942025513
NB,combined,pr,0.9966226588885477,0.8316679477325134,0.0010036242124017757
NB,combined,pr,0.9966226588885477,0.831881086622245,0.0010056881516064288
NB,combined,pr,0.9966226588885477,0.8320943347859523,0.001009917352920261
NB,combined,pr,0.9966226588885477,0.8323076923076923,0.0010109169223976036
NB,combined,pr,0.9966226588885477,0.8325211592716081,0.0010118740881536374
NB,combined,pr,0.9966226588885477,0.8327347357619292,0.00101938716636917
NB,combined,pr,0.9966226588885477,0.8329484218629715,0.0010202402166183187
NB,combined,pr,0.9966226588885477,0.8331622176591376,0.001031405322861562
NB,combined,pr,0.9966226588885477,0.8333761232349166,0.0010320203408595368
NB,combined,pr,0.9966226588885477,0.8335901386748844,0.0010329368651352793
NB,combined,pr,0.9963156278784158,0.8335473927562291,0.0010398634231116137
NB,combined,pr,0.9963156278784158,0.8337615621788284,0.001041158807377339
NB,combined,pr,0.9963156278784158,0.833975841685942,0.0010506614848368042
NB,combined,pr,0.9963156278784158,0.8341902313624678,0.0010621503708096698
NB,combined,pr,0.9963156278784158,0.8344047312933917,0.0010727990671921923
NB,combined,pr,0.9963156278784158,0.834619341563786,0.0010758325986858562
NB,combined,pr,0.9963156278784158,0.8348340622588114,0.00108599011676946
NB,combined,pr,0.9963156278784158,0.8350488934637159,0.00109183957943444
NB,combined,pr,0.9963156278784158,0.8352638352638353,0.0011010195268905249
NB,combined,pr,0.9963156278784158,0.8354788877445932,0.0011032610210729569
NB,combined,pr,0.9963156278784158,0.8356940509915014,0.0011074326150888197
NB,combined,pr,0.9963156278784158,0.8359093250901597,0.0011126057032161305
NB,combined,pr,0.9963156278784158,0.8361247101262561,0.0011275195214000202
NB,combined,pr,0.9963156278784158,0.836340206185567,0.001128484303251701
NB,combined,pr,0.9963156278784158,0.8365558133539572,0.0011315972181508514
NB,combined,pr,0.9963156278784158,0.8367715317173801,0.0011371943711617606
NB,combined,pr,0.9963156278784158,0.8369873613618778,0.0011425838664143571
NB,combined,pr,0.9963156278784158,0.837203302373581,0.001144722623807387
NB,combined,pr,0.9963156278784158,0.8374193548387097,0.0011591223264210142
NB,combined,pr,0.9963156278784158,0.8376355188435726,0.0011640264768558036
NB,combined,pr,0.9963156278784158,0.8378517944745675,0.0011640922882740277
NB,combined,pr,0.9963156278784158,0.8380681818181818,0.001168054410270812
NB,combined,pr,0.9963156278784158,0.838284680960992,0.0011816761119599324
NB,combined,pr,0.9960085968682837,0.8382428940568476,0.0011838808904584164
NB,combined,pr,0.9960085968682837,0.838459550271388,0.001205428171038217
NB,combined,pr,0.9960085968682837,0.8386763185108583,0.0012087665803419939
NB,combined,pr,0.9960085968682837,0.8388931988621671,0.0012254632253500617
NB,combined,pr,0.9960085968682837,0.8391101914123125,0.0012325150522408863
NB,combined,pr,0.9960085968682837,0.8393272962483829,0.0012733278243901962
NB,combined,pr,0.9960085968682837,0.839544513457557,0.0012762654555475783
NB,combined,pr,0.9960085968682837,0.8397618431271033,0.001286781555721202
NB,combined,pr,0.9960085968682837,0.8399792853443812,0.0012974262124261417
NB,combined,pr,0.9960085968682837,0.8401968401968402,0.0013008876448209624
NB,combined,pr,0.9960085968682837,0.8404145077720208,0.0013039968910967554
NB,combined,pr,0.9960085968682837,0.8406322881575538,0.001304145508749238
NB,combined,pr,0.9960085968682837,0.8408501814411612,0.001306005190917175
NB,combined,pr,0.9960085968682837,0.841068187710656,0.001307622957261457
NB,combined,pr,0.9960085968682837,0.8412863070539419,0.0013165701460680947
NB,combined,pr,0.9960085968682837,0.8415045395590143,0.00132565095185399
NB,combined,pr,0.9960085968682837,0.8417228853139596,0.0013262445568373619
NB,combined,pr,0.9960085968682837,0.8419413444069557,0.0013450546930652337
NB,combined,pr,0.9960085968682837,0.842159916926272,0.0013465539218398132
NB,combined,pr,0.9960085968682837,0.84237860296027,0.0013572542760280114
NB,combined,pr,0.9960085968682837,0.8425974025974026,0.0013627458103226409
NB,combined,pr,0.9960085968682837,0.8428163159262146,0.0013676765400360733
NB,combined,pr,0.9960085968682837,0.843035343035343,0.0013698822953675251
NB,combined,pr,0.9960085968682837,0.843254484013517,0.00137534603525934
NB,combined,pr,0.9960085968682837,0.843473738949558,0.0013790569913885208
NB,combined,pr,0.9960085968682837,0.8436931079323797,0.0013977592075723716
NB,combined,pr,0.9960085968682837,0.8439125910509886,0.00139979286159927
NB,combined,pr,0.9960085968682837,0.8441321883944835,0.0014046927768628817
NB,combined,pr,0.9960085968682837,0.8443519000520562,0.0014066682557540237
NB,combined,pr,0.9960085968682837,0.8445717261129914,0.0014237911893578183
NB,combined,pr,0.9960085968682837,0.8447916666666667,0.0014256743637527955
NB,combined,pr,0.9960085968682837,0.8450117218025528,0.0014288305659130981
NB,combined,pr,0.9960085968682837,0.8452318916102136,0.0014329941497101522
NB,combined,pr,0.9960085968682837,0.8454521761793068,0.0014403389114653893
NB,combined,pr,0.9960085968682837,0.8456725755995829,0.0014555184922650382
NB,combined,pr,0.9960085968682837,0.8458930899608865,0.001469161687592905
NB,combined,pr,0.9960085968682837,0.8461137193531559,0.001478148550277917
NB,combined,pr,0.9957015658581517,0.846073571614923,0.001494032798945806
NB,combined,pr,0.9957015658581517,0.846294363256785,0.0014992707620053573
NB,combined,pr,0.9957015658581517,0.8465152701644479,0.0015117926546521375
NB,combined,pr,0.9957015658581517,0.8467362924281985,0.0015210259467869764
NB,combined,pr,0.9957015658581517,0.8469574301384173,0.0015247626460010676
NB,combined,pr,0.9957015658581517,0.8471786833855799,0.0015333346606392
NB,combined,pr,0.9957015658581517,0.847400052260256,0.0015443539021617787
NB,combined,pr,0.9957015658581517,0.8476215368531103,0.0015625624460892397
NB,combined,pr,0.9957015658581517,0.847843137254902,0.00162158671061902
NB,combined,pr,0.9957015658581517,0.8480648535564853,0.0016339917995819634
NB,combined,pr,0.9957015658581517,0.8482866858488098,0.0016416879831295627
NB,combined,pr,0.9957015658581517,0.8485086342229199,0.001644643161468635
NB,combined,pr,0.9957015658581517,0.8487306987699555,0.0016476746021693142
NB,combined,pr,0.9957015658581517,0.8489528795811518,0.0016511331841576509
NB,combined,pr,0.9957015658581517,0.8491751767478397,0.0016513490136944157
NB,combined,pr,0.9957015658581517,0.8493975903614458,0.0016577226951368777
NB,combined,pr,0.9957015658581517,0.8496201205134922,0.0016806143400790634
NB,combined,pr,0.9957015658581517,0.8498427672955975,0.0016863497193327322
NB,combined,pr,0.9957015658581517,0.8500655307994758,0.0016904287256783333
NB,combined,pr,0.9957015658581517,0.8502884111169376,0.0016989553729581791
NB,combined,pr,0.9957015658581517,0.8505114083398898,0.001700634375737283
NB,combined,pr,0.9957015658581517,0.8507345225603358,0.001703531051049007
NB,combined,pr,0.9957015658581517,0.8509577538703752,0.0017037159034883154
NB,combined,pr,0.9957015658581517,0.8511811023622047,0.0017405340715361786
NB,combined,pr,0.9957015658581517,0.8514045681281176,0.0017466274075157405
NB,combined,pr,0.9957015658581517,0.8516281512605042,0.001753615878041979
NB,combined,pr,0.9957015658581517,0.8518518518518519,0.0017600434446517735
NB,combined,pr,0.9957015658581517,0.8520756699947452,0.0017652715010865977
NB,combined,pr,0.9957015658581517,0.8522996057818659,0.0017692264996684024
NB,combined,pr,0.9957015658581517,0.8525236593059937,0.0017831228968228504
NB,combined,pr,0.9957015658581517,0.8527478306600053,0.0017849312209672257
NB,combined,pr,0.9957015658581517,0.8529721199368754,0.0017861045667099192
NB,combined,pr,0.9957015658581517,0.8531965272296764,0.0017903040856527947
NB,combined,pr,0.9957015658581517,0.853421052631579,0.0018135075059206038
NB,combined,pr,0.9957015658581517,0.8536456962358515,0.001827555697354902
NB,combined,pr,0.9957015658581517,0.8538704581358609,0.0018286272246767251
NB,combined,pr,0.9957015658581517,0.8540953384250725,0.001833047139211556
NB,combined,pr,0.9957015658581517,0.8543203371970495,0.0018361888445169504
NB,combined,pr,0.9957015658581517,0.8545454545454545,0.001838708685951779
NB,combined,pr,0.9957015658581517,0.8547706905640485,0.0018445458788485846
NB,combined,pr,0.9957015658581517,0.8549960453466913,0.0018501926021455375
NB,combined,pr,0.9957015658581517,0.8552215189873418,0.001874998090524333
NB,combined,pr,0.9957015658581517,0.855447111580058,0.0018777274855103485
NB,combined,pr,0.9957015658581517,0.8556728232189974,0.001879854948754237
NB,combined,pr,0.9957015658581517,0.8558986539984165,0.0018960176979235977
NB,combined,pr,0.9957015658581517,0.8561246040126715,0.0018997549732919128
NB,combined,pr,0.9957015658581517,0.8563506733562186,0.001910011132690294
NB,combined,pr,0.9957015658581517,0.8565768621236133,0.0019137364795655015
NB,combined,pr,0.9957015658581517,0.8568031704095113,0.0019187215413511058
NB,combined,pr,0.9957015658581517,0.8570295983086681,0.0019459773886184818
NB,combined,pr,0.9957015658581517,0.8572561459159397,0.001959470040003325
NB,combined,pr,0.9957015658581517,0.8574828133262824,0.001962497595496995
NB,combined,pr,0.9957015658581517,0.8577096006347527,0.001963544797668455
NB,combined,pr,0.9957015658581517,0.8579365079365079,0.0019837416012171674
NB,combined,pr,0.9957015658581517,0.858163535326806,0.001988657492291259
NB,combined,pr,0.9957015658581517,0.8583906829010058,0.0020096180598316487
NB,combined,pr,0.9957015658581517,0.8588453389830508,0.00201749541527071
NB,combined,pr,0.9957015658581517,0.8590728476821192,0.0020602223651665203
NB,combined,pr,0.9957015658581517,0.8593004769475358,0.002066811658374895
NB,combined,pr,0.9957015658581517,0.8595282268751656,0.002070461603039408
NB,combined,pr,0.9957015658581517,0.8597560975609756,0.002097330172338172
NB,combined,pr,0.9957015658581517,0.8599840891010342,0.0021104520587217606
NB,combined,pr,0.9957015658581517,0.8604404351286814,0.0021281556678904297
NB,combined,pr,0.9957015658581517,0.8606687898089171,0.002152418904181566
NB,combined,pr,0.9957015658581517,0.8608972657286966,0.002152854641329561
NB,combined,pr,0.9957015658581517,0.861125862984599,0.002159583122268228
NB,combined,pr,0.9957015658581517,0.8613545816733068,0.0021603284749251
NB,combined,pr,0.9957015658581517,0.8615834218916046,0.0021651271776828114
NB,combined,pr,0.9957015658581517,0.8618123837363806,0.002202762782447939
NB,combined,pr,0.9957015658581517,0.8620414673046252,0.002219208346438236
NB,combined,pr,0.9957015658581517,0.8622706726934326,0.002220834951000481
NB,combined,pr,0.9957015658581517,0.8625,0.002222343640802575
NB,combined,pr,0.9957015658581517,0.8627294493216281,0.0022386578881671325
NB,combined,pr,0.9957015658581517,0.8629590207557212,0.0022569317723637444
NB,combined,pr,0.9957015658581517,0.8631887143997871,0.0022866404748843774
NB,combined,pr,0.9957015658581517,0.8634185303514377,0.0022981826835474055
NB,combined,pr,0.9957015658581517,0.8636484687083889,0.0023034666125840556
NB,combined,pr,0.9957015658581517,0.8638785295684603,0.002337668899671443
NB,combined,pr,0.9957015658581517,0.8641087130295764,0.0023387314657413736
NB,combined,pr,0.9957015658581517,0.8643390191897654,0.0023408161329537204
NB,combined,pr,0.9957015658581517,0.8645694481471607,0.002385077579449494
NB,combined,pr,0.9957015658581517,0.8648,0.0024023141868227686
NB,combined,pr,0.9957015658581517,0.8650306748466258,0.0024117273819967747
NB,combined,pr,0.9957015658581517,0.8652614727854856,0.0024123038755169603
NB,combined,pr,0.9957015658581517,0.8654923939151321,0.0024516803221432755
NB,combined,pr,0.9957015658581517,0.8657234383342232,0.0024568035460745268
NB,combined,pr,0.9957015658581517,0.865954606141522,0.002475301660429323
NB,combined,pr,0.9957015658581517,0.8661858974358975,0.0024911535110582307
NB,combined,pr,0.9957015658581517,0.8664173123163238,0.0025019185162784624
NB,combined,pr,0.9953945348480197,0.8663816141101015,0.0025264816442720295
NB,combined,pr,0.9953945348480197,0.8666132050253943,0.002552751960001303
NB,combined,pr,0.9953945348480197,0.8668449197860962,0.0025877604945825756
NB,combined,pr,0.9953945348480197,0.8670767584915753,0.002598838938669115
NB,combined,pr,0.9953945348480197,0.8673087212413055,0.0026019458572184707
NB,combined,pr,0.9953945348480197,0.8675408081348676,0.00260952018813883
NB,combined,pr,0.9953945348480197,0.8677730192719486,0.00264208873457989
NB,combined,pr,0.9953945348480197,0.8680053547523428,0.0027054386576565786
NB,combined,pr,0.9953945348480197,0.8682378146759507,0.0027225370730277576
NB,combined,pr,0.9953945348480197,0.8684703991427806,0.002730083263551462
NB,combined,pr,0.9953945348480197,0.8687031082529475,0.0027421820346169336
NB,combined,pr,0.9953945348480197,0.8689359421066738,0.0027425727697382406
NB,combined,pr,0.9953945348480197,0.8691689008042895,0.0027627663982549883
NB,combined,pr,0.9953945348480197,0.8694019844462322,0.0027630451625278102
NB,combined,pr,0.9953945348480197,0.8696351931330472,0.002772825921351053
NB,combined,pr,0.9953945348480197,0.8698685269653877,0.002773458361871948
NB,combined,pr,0.9953945348480197,0.870101986044015,0.002779971922287038
NB,combined,pr,0.9953945348480197,0.8703355704697987,0.0027939841999179756
NB,combined,pr,0.9953945348480197,0.8705692803437164,0.002797096624885828
NB,combined,pr,0.9953945348480197,0.8708031157668547,0.002804673570935959
NB,combined,pr,0.9953945348480197,0.8710370768404084,0.0028315708704892938
NB,combined,pr,0.9953945348480197,0.8712711636656812,0.0028434008381541935
NB,combined,pr,0.9953945348480197,0.871505376344086,0.002850849122953086
NB,combined,pr,0.9953945348480197,0.8717397149771444,0.0028807727999449967
NB,combined,pr,0.9953945348480197,0.8719741796664874,0.0029061908827240526
NB,combined,pr,0.9953945348480197,0.8722087705138553,0.002909945650742427
NB,combined,pr,0.9953945348480197,0.8724434876210979,0.00292607981149139
NB,combined,pr,0.9953945348480197,0.872678331090175,0.0029331992959357326
NB,combined,pr,0.9953945348480197,0.8729133010231557,0.002941469120798656
NB,combined,pr,0.9953945348480197,0.8731483975222192,0.0029428454974012525
NB,combined,pr,0.9953945348480197,0.8733836206896551,0.0029431907159073673
NB,combined,pr,0.9953945348480197,0.8736189706278631,0.0029511057096871848
NB,combined,pr,0.9953945348480197,0.8738544474393531,0.002957386674479257
NB,combined,pr,0.9953945348480197,0.8740900512267458,0.0029584572860295527
NB,combined,pr,0.9953945348480197,0.8743257820927723,0.002963455377798622
NB,combined,pr,0.9953945348480197,0.8745616401402752,0.002963968374089939
NB,combined,pr,0.9953945348480197,0.8747976254722072,0.00298234693422105
NB,combined,pr,0.9953945348480197,0.8750337381916329,0.002988256459857317
NB,combined,pr,0.9953945348480197,0.8752699784017278,0.0030260671196220457
NB,combined,pr,0.9953945348480197,0.875506346205779,0.003094619555204789
NB,combined,pr,0.9953945348480197,0.8757428417071853,0.003101318633955356
NB,combined,pr,0.9953945348480197,0.8759794650094569,0.003102657903216194
NB,combined,pr,0.9953945348480197,0.8762162162162163,0.0031533911978845214
NB,combined,pr,0.9953945348480197,0.8764530954311976,0.003176979531637113
NB,combined,pr,0.9953945348480197,0.8766901027582477,0.0031988424069682555
NB,combined,pr,0.9953945348480197,0.8769272383013254,0.003218248392640521
NB,combined,pr,0.9953945348480197,0.8771645021645021,0.0032262080928061126
NB,combined,pr,0.9953945348480197,0.8774018944519621,0.0032531175365201454
NB,combined,pr,0.9953945348480197,0.8776394152680022,0.0032671324705228107
NB,combined,pr,0.9953945348480197,0.8778770647170322,0.003295049036448791
NB,combined,pr,0.9953945348480197,0.8781148429035753,0.0033585151748063125
NB,combined,pr,0.9953945348480197,0.8783527499322676,0.0034462317424135986
NB,combined,pr,0.9950875038378876,0.878319783197832,0.0034472269204651224
NB,combined,pr,0.9950875038378876,0.8785578747628083,0.0035138710925177973
NB,combined,pr,0.9950875038378876,0.8787960954446855,0.003530199483463839
NB,combined,pr,0.9950875038378876,0.8790344453485218,0.003535675812545544
NB,combined,pr,0.9950875038378876,0.8792729245794899,0.003562465967141796
NB,combined,pr,0.9950875038378876,0.8795115332428766,0.0035909773684994215
NB,combined,pr,0.9950875038378876,0.8797502714440825,0.0036000182654120877
NB,combined,pr,0.9950875038378876,0.8799891392886234,0.0036202660836264387
NB,combined,pr,0.9950875038378876,0.8802281368821293,0.00362106725923679
NB,combined,pr,0.9950875038378876,0.8804672643303451,0.0036420294863322693
NB,combined,pr,0.9950875038378876,0.8807065217391304,0.003646788638158176
NB,combined,pr,0.9950875038378876,0.8809459092144605,0.00365033432473405
NB,combined,pr,0.9950875038378876,0.8811854268624252,0.0037477774143906983
NB,combined,pr,0.9950875038378876,0.8814250747892304,0.003766294404453014
NB,combined,pr,0.9950875038378876,0.8816648531011969,0.0037907934270613505
NB,combined,pr,0.9950875038378876,0.8819047619047619,0.0037979568581772483
NB,combined,pr,0.9950875038378876,0.882144801306478,0.003798678846690695
NB,combined,pr,0.9947804728277556,0.8821127144023959,0.003807156807648102
NB,combined,pr,0.9944734418176235,0.8820806100217865,0.0038101701584009134
NB,combined,pr,0.9944734418176235,0.8823208934895124,0.003816371949732005
NB,combined,pr,0.9944734418176235,0.8825613079019073,0.0038331986511159427
NB,combined,pr,0.9944734418176235,0.8828018533660398,0.003898219992566113
NB,combined,pr,0.9944734418176235,0.8830425299890948,0.003907212304623573
NB,combined,pr,0.9944734418176235,0.8832833378783747,0.003909880669457579
NB,combined,pr,0.9944734418176235,0.8835242771412984,0.003930422625824584
NB,combined,pr,0.9944734418176235,0.8837653478854025,0.003937007804512304
NB,combined,pr,0.9944734418176235,0.8840065502183406,0.00394031956778388
NB,combined,pr,0.9944734418176235,0.8842478842478843,0.003954650729891391
NB,combined,pr,0.9944734418176235,0.8844893500819224,0.003977280132837631
NB,combined,pr,0.9944734418176235,0.8847309478284622,0.0040023534720786316
NB,combined,pr,0.9944734418176235,0.8849726775956284,0.00408707663951551
NB,combined,pr,0.9944734418176235,0.8852145394916644,0.00411299325562517
NB,combined,pr,0.9944734418176235,0.8854565336249317,0.004122523896355229
NB,combined,pr,0.9944734418176235,0.8856986601039103,0.004169491405893829
NB,combined,pr,0.9944734418176235,0.8859409190371991,0.004198185344745708
NB,combined,pr,0.9944734418176235,0.8861833105335157,0.004200593439455113
NB,combined,pr,0.9944734418176235,0.8864258347016968,0.0042196466207589985
NB,combined,pr,0.9944734418176235,0.886668491650698,0.004233770823086696
NB,combined,pr,0.9944734418176235,0.8869112814895947,0.00426054258748832
NB,combined,pr,0.9944734418176235,0.8871542043275815,0.004261812608277517
NB,combined,pr,0.9944734418176235,0.8873972602739726,0.004327877142333391
NB,combined,pr,0.9944734418176235,0.8876404494382022,0.004352304723933453
NB,combined,pr,0.9944734418176235,0.8878837719298246,0.004385386323810362
NB,combined,pr,0.9944734418176235,0.8881272278585138,0.004400581833950428
NB,combined,pr,0.9944734418176235,0.8883708173340648,0.0044230837087715635
NB,combined,pr,0.9944734418176235,0.8886145404663923,0.004473083115946604
NB,combined,pr,0.9944734418176235,0.8888583973655324,0.0044793514361703025
NB,combined,pr,0.9944734418176235,0.8891023881416416,0.004482366433695751
NB,combined,pr,0.9944734418176235,0.8893465129049972,0.004511473084984246
NB,combined,pr,0.9941664108074916,0.8893161219445207,0.00461729241522419
NB,combined,pr,0.9941664108074916,0.8895604395604395,0.004617540624687761
NB,combined,pr,0.9941664108074916,0.8898048914536961,0.004622068552449638
NB,combined,pr,0.9941664108074916,0.8900494777350192,0.004710937375235182
NB,combined,pr,0.9941664108074916,0.8902941985152598,0.004762803514210706
NB,combined,pr,0.9941664108074916,0.8905390539053906,0.004778611181163903
NB,combined,pr,0.9941664108074916,0.8907840440165062,0.004808044240965262
NB,combined,pr,0.9941664108074916,0.8910291689598239,0.004824132452694273
NB,combined,pr,0.9941664108074916,0.8912744288466832,0.0048441975610946245
NB,combined,pr,0.9941664108074916,0.8915198237885462,0.004864649740004116
NB,combined,pr,0.9941664108074916,0.8917653538969981,0.0048897389884583805
NB,combined,pr,0.9941664108074916,0.8920110192837466,0.004894402350026863
NB,combined,pr,0.9941664108074916,0.892502756339581,0.004898329521418778
NB,combined,pr,0.9941664108074916,0.8927488282326992,0.004940367573289542
NB,combined,pr,0.9941664108074916,0.8929950358521788,0.0049403683994274665
NB,combined,pr,0.9941664108074916,0.8932413793103449,0.004962296260681992
NB,combined,pr,0.9941664108074916,0.8934878587196468,0.005040574720595929
NB,combined,pr,0.9941664108074916,0.8937344741926581,0.0050751764741353384
NB,combined,pr,0.9941664108074916,0.8939812258420762,0.005113476037071028
NB,combined,pr,0.9941664108074916,0.8942281137807235,0.005158513418656837
NB,combined,pr,0.9941664108074916,0.894475138121547,0.00522233697624593
NB,combined,pr,0.9941664108074916,0.8947222989776181,0.0052462196121337455
NB,combined,pr,0.9941664108074916,0.8949695964621338,0.005274883388758564
NB,combined,pr,0.9941664108074916,0.8952170306884158,0.005288375623574815
NB,combined,pr,0.9941664108074916,0.8954646017699115,0.005292798946463433
NB,combined,pr,0.9941664108074916,0.8957123098201937,0.005327114240549894
NB,combined,pr,0.9941664108074916,0.8959601549529607,0.00533001899314667
NB,combined,pr,0.9941664108074916,0.8962081372820371,0.005334447889678587
NB,combined,pr,0.9941664108074916,0.8964562569213732,0.005349579769028185
NB,combined,pr,0.9941664108074916,0.8967045139850457,0.005391249926711395
NB,combined,pr,0.9941664108074916,0.8969529085872576,0.005404302411058765
NB,combined,pr,0.9941664108074916,0.8972014408423385,0.005444317329560403
NB,combined,pr,0.9941664108074916,0.897450110864745,0.005486293725277583
NB,combined,pr,0.9941664108074916,0.8976989187690602,0.005518276347455023
NB,combined,pr,0.9941664108074916,0.8979478646699944,0.00557605537269905
NB,combined,pr,0.9941664108074916,0.8981969486823855,0.0056161176624355035
NB,combined,pr,0.9941664108074916,0.8984461709211987,0.005706594712416182
NB,combined,pr,0.9941664108074916,0.8986955315015265,0.005714599380104051
NB,combined,pr,0.9941664108074916,0.8989450305385897,0.005822584070414444
NB,combined,pr,0.9941664108074916,0.8991946681477367,0.0058509930902868185
NB,combined,pr,0.9941664108074916,0.8994444444444445,0.005893515922582868
NB,combined,pr,0.9941664108074916,0.8996943595443179,0.005904020387784249
NB,combined,pr,0.9941664108074916,0.8999444135630906,0.0059604816232174725
NB,combined,pr,0.9941664108074916,0.900194606616625,0.005967630842052896
NB,combined,pr,0.9941664108074916,0.9004449388209121,0.0059880425365752285
NB,combined,pr,0.9941664108074916,0.9006954102920723,0.006014321027810102
NB,combined,pr,0.9941664108074916,0.900946021146355,0.006038916969791863
NB,combined,pr,0.9941664108074916,0.9011967715001391,0.006045625960318328
NB,combined,pr,0.9941664108074916,0.9014476614699332,0.006084461990305707
NB,combined,pr,0.9941664108074916,0.9016986911723753,0.0061608646935332224
NB,combined,pr,0.9941664108074916,0.901949860724234,0.006214953300496307
NB,combined,pr,0.9941664108074916,0.9022011702424073,0.006322966730111894
NB,combined,pr,0.9941664108074916,0.9024526198439242,0.0063358507164735685
NB,combined,pr,0.9941664108074916,0.9027042096459437,0.006420963688851104
NB,combined,pr,0.9941664108074916,0.9029559397657557,0.006501613979881649
NB,combined,pr,0.9941664108074916,0.903207810320781,0.006575693063302068
NB,combined,pr,0.9941664108074916,0.9034598214285714,0.006648804486425444
NB,combined,pr,0.9938593797973595,0.9034328774769746,0.0067714177278913
NB,combined,pr,0.9938593797973595,0.9036850921273032,0.006782487878488227
NB,combined,pr,0.9938593797973595,0.9039374476403239,0.0067893899951789365
NB,combined,pr,0.9938593797973595,0.9041899441340782,0.006837204536919154
NB,combined,pr,0.9938593797973595,0.9044425817267393,0.006838205822691076
NB,combined,pr,0.9938593797973595,0.9046953605366126,0.006895881617093803
NB,combined,pr,0.9938593797973595,0.9049482806821358,0.006927994877646391
NB,combined,pr,0.9938593797973595,0.9052013422818792,0.007001722639756834
NB,combined,pr,0.9938593797973595,0.9054545454545454,0.007087083150077828
NB,combined,pr,0.9938593797973595,0.9057078903189704,0.007181467998959521
NB,combined,pr,0.9938593797973595,0.9059613769941226,0.00724972004577594
NB,combined,pr,0.9938593797973595,0.9062150055991042,0.007259057267293816
NB,combined,pr,0.9938593797973595,0.9064687762531504,0.007287225422581666
NB,combined,pr,0.9938593797973595,0.9067226890756303,0.007338690590809663
NB,combined,pr,0.9938593797973595,0.9069767441860465,0.007432446738597175
NB,combined,pr,0.9938593797973595,0.9072309417040358,0.007513220641739136
NB,combined,pr,0.9938593797973595,0.9074852817493693,0.007644386536216399
NB,combined,pr,0.9938593797973595,0.9077397644419518,0.007647020858920764
NB,combined,pr,0.9938593797973595,0.9079943899018232,0.0077172575535237155
NB,combined,pr,0.9938593797973595,0.9082491582491582,0.007735396002183425
NB,combined,pr,0.9938593797973595,0.9085040696042661,0.007751101794076561
NB,combined,pr,0.9938593797973595,0.9087591240875912,0.007858812925267938
NB,combined,pr,0.9938593797973595,0.9090143218197135,0.007862475448534172
NB,combined,pr,0.9938593797973595,0.9092696629213484,0.007909123395468735
NB,combined,pr,0.9938593797973595,0.9095251475133465,0.007929279184094848
NB,combined,pr,0.9938593797973595,0.9097807757166948,0.007960934692127877
NB,combined,pr,0.9938593797973595,0.9100365476525162,0.008152292562665642
NB,combined,pr,0.9938593797973595,0.9102924634420697,0.008251196946543738
NB,combined,pr,0.9935523487872275,0.910267229254571,0.008271847256605604
NB,combined,pr,0.9935523487872275,0.9105233539673607,0.00830724177801898
NB,combined,pr,0.9935523487872275,0.9107796228539262,0.00841850095453925
NB,combined,pr,0.9935523487872275,0.911036036036036,0.008503425595726862
NB,combined,pr,0.9935523487872275,0.9112925936355956,0.008589699035952145
NB,combined,pr,0.9935523487872275,0.9115492957746479,0.008597222595490608
NB,combined,pr,0.9935523487872275,0.9118061425753733,0.008614711665061269
NB,combined,pr,0.9932453177770955,0.9117812852311161,0.0086547376064914
NB,combined,pr,0.9932453177770955,0.9120383422610657,0.008709610966478033
NB,combined,pr,0.9932453177770955,0.9122955442752397,0.008855726826365198
NB,combined,pr,0.9932453177770955,0.9125528913963329,0.00901025850575088
NB,combined,pr,0.9932453177770955,0.9128103837471784,0.009077384001612343
NB,combined,pr,0.9932453177770955,0.913068021450748,0.009139955018406117
NB,combined,pr,0.9932453177770955,0.9133258046301524,0.00920087047565399
NB,combined,pr,0.9932453177770955,0.9135837334086416,0.00926262726575995
NB,combined,pr,0.9932453177770955,0.9138418079096046,0.009264566811197457
NB,combined,pr,0.9932453177770955,0.9141000282565697,0.009351829313955251
NB,combined,pr,0.9932453177770955,0.9143583945732052,0.009382185616975243
NB,combined,pr,0.9932453177770955,0.9146169069833192,0.009496938332333898
NB,combined,pr,0.9932453177770955,0.9148755656108597,0.009867345950193198
NB,combined,pr,0.9932453177770955,0.9151343705799151,0.00994395720702652
NB,combined,pr,0.9932453177770955,0.9153933220147142,0.009960859260882913
NB,combined,pr,0.9932453177770955,0.9156524200396263,0.01003558690425497
NB,combined,pr,0.9932453177770955,0.915911664779162,0.010114064690410167
NB,combined,pr,0.9932453177770955,0.9161710563579722,0.010204805755825684
NB,combined,pr,0.9932453177770955,0.9164305949008499,0.010419097391976098
NB,combined,pr,0.9929382867669635,0.916406914139983,0.010567436030079815
NB,combined,pr,0.9929382867669635,0.9166666666666666,0.010575719333819766
NB,combined,pr,0.9929382867669635,0.9169265664870995,0.010734668760321323
NB,combined,pr,0.9929382867669635,0.9171866137266024,0.010735811199614026
NB,combined,pr,0.9926312557568314,0.9171631205673759,0.010779474898165218
NB,combined,pr,0.9923242247466995,0.9171396140749148,0.010815050377525344
NB,combined,pr,0.9920171937365674,0.9171160942378654,0.010887485657653136
NB,combined,pr,0.9917101627264354,0.9170925610448609,0.010966577876918496
NB,combined,pr,0.9917101627264354,0.9173530247088896,0.011049429003066814
NB,combined,pr,0.9917101627264354,0.9176136363636364,0.011134792539985113
NB,combined,pr,0.9917101627264354,0.9178743961352657,0.011305809696730403
NB,combined,pr,0.9917101627264354,0.9181353041500853,0.01140722087176361
NB,combined,pr,0.9917101627264354,0.9183963605345465,0.011411063736280884
NB,combined,pr,0.9917101627264354,0.9186575654152446,0.01191284671058137
NB,combined,pr,0.9917101627264354,0.918918918918919,0.012185358089195268
NB,combined,pr,0.9917101627264354,0.919180421172453,0.01243480775500259
NB,combined,pr,0.9917101627264354,0.919442072302875,0.012596817266815807
NB,combined,pr,0.9917101627264354,0.9197038724373576,0.012693096880849403
NB,combined,pr,0.9917101627264354,0.9199658217032185,0.012947637579638167
NB,combined,pr,0.9917101627264354,0.9202279202279202,0.013053939130338275
NB,combined,pr,0.9917101627264354,0.9204901681390709,0.01310069671319891
NB,combined,pr,0.9917101627264354,0.9207525655644242,0.013257541224887547
NB,combined,pr,0.9917101627264354,0.9210151126318791,0.013359862186890578
NB,combined,pr,0.9917101627264354,0.9212778094694809,0.013483945291229855
NB,combined,pr,0.9917101627264354,0.9215406562054208,0.013530022988582226
NB,combined,pr,0.9917101627264354,0.9218036529680366,0.013593801918672358
NB,combined,pr,0.9917101627264354,0.9220667998858122,0.013760828516583275
NB,combined,pr,0.9917101627264354,0.9223300970873787,0.013761986910416519
NB,combined,pr,0.9917101627264354,0.9225935447015139,0.014019463840099998
NB,combined,pr,0.9917101627264354,0.9228571428571428,0.014324147069532538
NB,combined,pr,0.9917101627264354,0.9231208916833381,0.014358942829539926
NB,combined,pr,0.9917101627264354,0.9233847913093196,0.014424131792580216
NB,combined,pr,0.9917101627264354,0.9236488418644553,0.014637004977745099
NB,combined,pr,0.9917101627264354,0.9239130434782609,0.014771785412758058
NB,combined,pr,0.9917101627264354,0.9241773962804005,0.014860172804293604
NB,combined,pr,0.9917101627264354,0.9244419004006869,0.015082493861002503
NB,combined,pr,0.9917101627264354,0.924706555969081,0.015438403132181757
NB,combined,pr,0.9917101627264354,0.9249713631156931,0.015529816951075684
NB,combined,pr,0.9917101627264354,0.925236321970782,0.015564811923798404
NB,combined,pr,0.9917101627264354,0.9255014326647565,0.01559628700246073
NB,combined,pr,0.9917101627264354,0.9257666953281742,0.015611457813144162
NB,combined,pr,0.9917101627264354,0.9260321100917431,0.01571632534143539
NB,combined,pr,0.9917101627264354,0.9262976770863206,0.016239171205700512
NB,combined,pr,0.9917101627264354,0.926829268292683,0.016248389323567782
NB,combined,pr,0.9917101627264354,0.9270952927669346,0.016467906756204582
NB,combined,pr,0.9917101627264354,0.9273614699971289,0.016553215287906094
NB,combined,pr,0.9917101627264354,0.9276278001148766,0.017084137655208373
NB,combined,pr,0.9917101627264354,0.9278942832519391,0.017171837937855934
NB,combined,pr,0.9917101627264354,0.9281609195402298,0.017282737397874177
NB,combined,pr,0.9917101627264354,0.9284277091118137,0.01738331317168271
NB,combined,pr,0.9917101627264354,0.9286946520989074,0.017588329523160907
NB,combined,pr,0.9917101627264354,0.9289617486338798,0.017652072459835633
NB,combined,pr,0.9917101627264354,0.929228998849252,0.017993216442544854
NB,combined,pr,0.9917101627264354,0.9294964028776979,0.01810873631640294
NB,combined,pr,0.9917101627264354,0.9297639608520437,0.01832984764163584
NB,combined,pr,0.9914031317163033,0.9297437374028218,0.018920644433285016
NB,combined,pr,0.9914031317163033,0.9300115207373272,0.018938118488537155
NB,combined,pr,0.9914031317163033,0.930279458369346,0.0190224169793113
NB,combined,pr,0.9914031317163033,0.9305475504322767,0.019129330845223114
NB,combined,pr,0.9914031317163033,0.9308157970596713,0.019235606817314812
NB,combined,pr,0.9914031317163033,0.9310841983852365,0.019475247155619255
NB,combined,pr,0.9914031317163033,0.9313527545428324,0.019602821332454154
NB,combined,pr,0.9910961007061713,0.93133294864397,0.0197519831191764
NB,combined,pr,0.9910961007061713,0.9318706697459584,0.019857845404838176
NB,combined,pr,0.9907890696960393,0.9318509962460294,0.020048571212990064
NB,combined,pr,0.9907890696960393,0.9321201617562103,0.020339336494129705
NB,combined,pr,0.9907890696960393,0.9323894828084369,0.020598035451424183
NB,combined,pr,0.9907890696960393,0.9326589595375723,0.02203979070137591
NB,combined,pr,0.9907890696960393,0.9329285920786354,0.022497430011773935
NB,combined,pr,0.9907890696960393,0.9331983805668016,0.022685896150885107
NB,combined,pr,0.9907890696960393,0.9334683251374024,0.022937322506115892
NB,combined,pr,0.9907890696960393,0.9337384259259259,0.023102263877446336
NB,combined,pr,0.9907890696960393,0.9340086830680173,0.023593212526311583
NB,combined,pr,0.9907890696960393,0.9342790966994788,0.023707216843666494
NB,combined,pr,0.9907890696960393,0.93454966695627,0.023981280090853263
NB,combined,pr,0.9907890696960393,0.9348203939745076,0.0244740654568298
NB,combined,pr,0.9904820386859072,0.9348015068096204,0.024540519928166186
NB,combined,pr,0.9904820386859072,0.9350724637681159,0.024955012255910736
NB,combined,pr,0.9904820386859072,0.9353435778486517,0.025139249666422253
NB,combined,pr,0.9901750076757753,0.9353248259860789,0.02523655438320842
NB,combined,pr,0.9901750076757753,0.9355961705831157,0.025326438386421863
NB,combined,pr,0.9901750076757753,0.9358676726639582,0.026020574240211286
NB,combined,pr,0.9901750076757753,0.9361393323657474,0.02707050151068328
NB,combined,pr,0.9901750076757753,0.936411149825784,0.027237952862241635
NB,combined,pr,0.9901750076757753,0.9366831251815277,0.027476997785629325
NB,combined,pr,0.9901750076757753,0.9369552585705985,0.027940973851209912
NB,combined,pr,0.9901750076757753,0.937227550130776,0.028078253937673197
NB,combined,pr,0.9901750076757753,0.9375,0.02808290138020932
NB,combined,pr,0.9901750076757753,0.937772608316371,0.02814919104749463
NB,combined,pr,0.9901750076757753,0.9380453752181501,0.02826649212211649
NB,combined,pr,0.9901750076757753,0.9383183008437591,0.028284991238024717
NB,combined,pr,0.9895609456555112,0.9382823871906841,0.028681614197480717
NB,combined,pr,0.9895609456555112,0.9385556202679092,0.028912383487177184
NB,combined,pr,0.9895609456555112,0.9388290125254879,0.029032084540615365
NB,combined,pr,0.9895609456555112,0.9391025641025641,0.029035415952654978
NB,combined,pr,0.9895609456555112,0.9393762751384436,0.02916608461947016
NB,combined,pr,0.9895609456555112,0.9396501457725948,0.02975018296528256
NB,combined,pr,0.9895609456555112,0.9399241761446486,0.029875291689129932
NB,combined,pr,0.9895609456555112,0.940198366394399,0.030424642596349125
NB,combined,pr,0.9895609456555112,0.9404727166618033,0.031248104809790282
NB,combined,pr,0.9895609456555112,0.9407472270869819,0.031286115587786247
NB,combined,pr,0.9895609456555112,0.9410218978102189,0.032747408092580296
NB,combined,pr,0.9895609456555112,0.9412967289719626,0.03314334597432742
NB,combined,pr,0.9895609456555112,0.941571720712825,0.033293718413695716
NB,combined,pr,0.9895609456555112,0.9418468731735827,0.033527037222064
NB,combined,pr,0.9895609456555112,0.9421221864951769,0.03368246494579236
NB,combined,pr,0.9892539146453792,0.9421052631578948,0.034593484147938953
NB,combined,pr,0.9892539146453792,0.9423808131032466,0.03460306433787822
NB,combined,pr,0.9892539146453792,0.9426565242832066,0.035383428331351156
NB,combined,pr,0.9892539146453792,0.9429323968393327,0.03550036759836319
NB,combined,pr,0.9892539146453792,0.9432084309133489,0.03610085698478959
NB,combined,pr,0.9889468836352472,0.9431918008784773,0.038817893212141005
NB,combined,pr,0.9889468836352472,0.9434680726420621,0.03941096316027815
NB,combined,pr,0.9889468836352472,0.9437445062994433,0.040742337190821355
NB,combined,pr,0.9889468836352472,0.944021101992966,0.0427603274353181
NB,combined,pr,0.9889468836352472,0.9442978598651421,0.04288679166890829
NB,combined,pr,0.9889468836352472,0.944574780058651,0.04349607070196116
NB,combined,pr,0.9889468836352472,0.9448518627163391,0.04580289089440629
NB,combined,pr,0.9886398526251151,0.9448356807511737,0.04676917343658285
NB,combined,pr,0.9883328216149831,0.9448194892867625,0.04738619121634858
NB,combined,pr,0.9883328216149831,0.9450968878449795,0.048058078065831025
NB,combined,pr,0.9883328216149831,0.945374449339207,0.04887832264397393
NB,combined,pr,0.9883328216149831,0.9456521739130435,0.05203979039583754
NB,combined,pr,0.9877187595947191,0.9456202233980012,0.05317313313648632
NB,combined,pr,0.9877187595947191,0.9458982652161129,0.053777130676456335
NB,combined,pr,0.987411728584587,0.9458823529411765,0.0549374604637761
NB,combined,pr,0.987411728584587,0.9461606354810238,0.055533082285802025
NB,combined,pr,0.9871046975744551,0.9461447910535609,0.05558706518604003
NB,combined,pr,0.9871046975744551,0.9464233146894319,0.056231433197884984
NB,combined,pr,0.986797666564323,0.9464075382803298,0.05790616590428827
NB,combined,pr,0.986797666564323,0.9466863033873343,0.05870727403635051
NB,combined,pr,0.986797666564323,0.9469652327637006,0.059595588120178296
NB,combined,pr,0.986797666564323,0.9472443265546714,0.06078390876858682
NB,combined,pr,0.986797666564323,0.9475235849056604,0.06793583338854708
NB,combined,pr,0.986797666564323,0.947803007962253,0.06860300370826783
NB,combined,pr,0.9864906355541909,0.947787610619469,0.07032698715493849
NB,combined,pr,0.986183604544059,0.9477722041900265,0.07081262576879
NB,combined,pr,0.986183604544059,0.948051948051948,0.07168891002510007
NB,combined,pr,0.9858765735339269,0.9480366105698258,0.07522202477594332
NB,combined,pr,0.9852625115136628,0.9480059084194978,0.07757939216337359
NB,combined,pr,0.9852625115136628,0.9482860520094563,0.07866870938649148
NB,combined,pr,0.9849554805035309,0.9482707655926692,0.07927730758411117
NB,combined,pr,0.9849554805035309,0.9485511531638084,0.08322120021346706
NB,combined,pr,0.9849554805035309,0.9488317065956817,0.0893970367880889
NB,combined,pr,0.9846484494933988,0.9488165680473373,0.09937573227396435
NB,combined,pr,0.9846484494933988,0.9490973660846405,0.10196628202173968
NB,combined,pr,0.9846484494933988,0.9493783303730018,0.10819462277314297
NB,combined,pr,0.9846484494933988,0.9496594610601126,0.10898330386994133
NB,combined,pr,0.9846484494933988,0.9499407582938388,0.11262528449500923
NB,combined,pr,0.9843414184832668,0.949925925925926,0.1141301789983046
NB,combined,pr,0.9840343874731348,0.9499110847658565,0.11826582383428923
NB,combined,pr,0.9840343874731348,0.9501927067892084,0.12718138167065077
NB,combined,pr,0.9840343874731348,0.9504744958481613,0.13266653835805056
NB,combined,pr,0.9837273564630028,0.9504598042123998,0.13625063928827505
NB,combined,pr,0.9837273564630028,0.9507418397626113,0.13730105854371427
NB,combined,pr,0.9837273564630028,0.9510240427426536,0.14781336692856234
NB,combined,pr,0.9834203254528707,0.9510095011876485,0.15134938901472472
NB,combined,pr,0.9831132944427388,0.950994950994951,0.152543753252528
NB,combined,pr,0.9831132944427388,0.9512774806892454,0.16170743940378965
NB,combined,pr,0.9831132944427388,0.9515601783060921,0.16379390999208518
NB,combined,pr,0.9831132944427388,0.9518430439952438,0.16951743009595777
NB,combined,pr,0.9831132944427388,0.952126077906631,0.17007743591384453
NB,combined,pr,0.9828062634326067,0.9521118381915527,0.17484393902974174
NB,combined,pr,0.9828062634326067,0.9523951204998512,0.18376999296912316
NB,combined,pr,0.9824992324224747,0.9523809523809523,0.18621978412083795
NB,combined,pr,0.9821922014123426,0.9523667758261387,0.1945347319243135
NB,combined,pr,0.9818851704022106,0.9523525908278737,0.19622111304691506
NB,combined,pr,0.9818851704022106,0.9526362823949955,0.20021408350570105
NB,combined,pr,0.9815781393920786,0.952622169249106,0.20574159417228757
NB,combined,pr,0.9812711083819465,0.952608047690015,0.20643328491814564
NB,combined,pr,0.9809640773718146,0.9525939177101967,0.20994671576196527
NB,combined,pr,0.9806570463616825,0.9525797793021175,0.21604850154242425
NB,combined,pr,0.9806570463616825,0.9528639618138425,0.21753874715130112
NB,combined,pr,0.9803500153515505,0.9528498955535661,0.21806098257414322
NB,combined,pr,0.9800429843414185,0.9528358208955224,0.2189805295635471
NB,combined,pr,0.9800429843414185,0.9531203344281876,0.22499852496111608
NB,combined,pr,0.9800429843414185,0.953405017921147,0.23369060740610154
NB,combined,pr,0.9800429843414185,0.9536898715267403,0.23654596601808964
NB,combined,pr,0.9800429843414185,0.9539748953974896,0.25875773800870666
NB,combined,pr,0.9800429843414185,0.9542600896860987,0.2590479122187488
NB,combined,pr,0.9800429843414185,0.9545454545454546,0.26121893838510496
NB,combined,pr,0.9797359533312865,0.9545318576129225,0.2677098608944481
NB,combined,pr,0.9797359533312865,0.9548174745661281,0.27064504026569913
NB,combined,pr,0.9794289223211544,0.9548039509129004,0.275269653743927
NB,combined,pr,0.9794289223211544,0.9550898203592815,0.2817003913301866
NB,combined,pr,0.9791218913110225,0.9550763701707098,0.3127251995263694
NB,combined,pr,0.9791218913110225,0.9553624925104853,0.3357778510698504
NB,combined,pr,0.9791218913110225,0.9556487863350315,0.33881602724035703
NB,combined,pr,0.9791218913110225,0.9559352517985612,0.3444564980645567
NB,combined,pr,0.9788148603008904,0.9559220389805098,0.3454393050348829
NB,combined,pr,0.9785078292907584,0.9559088182363528,0.37720134107508335
NB,combined,pr,0.9785078292907584,0.9561956195619562,0.37971187662848305
NB,combined,pr,0.9785078292907584,0.9564825930372148,0.3894228716135974
NB,combined,pr,0.9785078292907584,0.956769738817172,0.39712530279758396
NB,combined,pr,0.9782007982806263,0.9567567567567568,0.40818692976897497
NB,combined,pr,0.9782007982806263,0.957044157404626,0.41034155671417316
NB,combined,pr,0.9782007982806263,0.9573317307692307,0.4103953504748913
NB,combined,pr,0.9782007982806263,0.957619477006312,0.4104662668491589
NB,combined,pr,0.9782007982806263,0.957907396271798,0.41050315792970826
NB,combined,pr,0.9782007982806263,0.9581954887218045,0.4217732568611563
NB,combined,pr,0.9782007982806263,0.9584837545126353,0.4217915363829727
NB,combined,pr,0.9782007982806263,0.9587721938007824,0.42183359649106555
NB,combined,pr,0.9782007982806263,0.9590608067429259,0.4268392043452809
NB,combined,pr,0.9782007982806263,0.959349593495935,0.43927706683974677
NB,combined,pr,0.9782007982806263,0.9596385542168675,0.4633675642840824
NB,combined,pr,0.9775867362603623,0.9596142254370102,0.4745200303926493
NB,combined,pr,0.9775867362603623,0.9599035272836901,0.4745296202526943
NB,combined,pr,0.9775867362603623,0.9601930036188179,0.47474035257204067
NB,combined,pr,0.9775867362603623,0.9604826546003017,0.49193891438268855
NB,combined,pr,0.9775867362603623,0.9607724803862402,0.4936255755277513
NB,combined,pr,0.9772797052502302,0.9607606399034108,0.5073820536231136
NB,combined,pr,0.9772797052502302,0.9610507246376812,0.5194891906022552
NB,combined,pr,0.9769726742400983,0.961038961038961,0.5365745083817131
NB,combined,pr,0.9769726742400983,0.9613293051359516,0.5511399876237346
NB,combined,pr,0.9766656432299662,0.961317618615896,0.5805271871253831
NB,combined,pr,0.9766656432299662,0.961608222490931,0.5805785804817525
NB,combined,pr,0.9766656432299662,0.9618990021167221,0.5806635966596783
NB,combined,pr,0.9763586122198342,0.9618874773139746,0.5814920268244413
NB,combined,pr,0.9763586122198342,0.962178517397882,0.5848145936571943
NB,combined,pr,0.9760515812097021,0.9621670702179177,0.6004977082211671
NB,combined,pr,0.9757445501995702,0.9621556161065697,0.6232302369998923
NB,combined,pr,0.9754375191894381,0.9621441550575409,0.6257906545408402
NB,combined,pr,0.9754375191894381,0.9624356255680097,0.6390383314352999
NB,combined,pr,0.9754375191894381,0.9627272727272728,0.6493527848369909
NB,combined,pr,0.9754375191894381,0.9630190966959685,0.6511412454949048
NB,combined,pr,0.9754375191894381,0.9633110976349303,0.6543156774595309
NB,combined,pr,0.9751304881793061,0.9632999696693965,0.674203173009501
NB,combined,pr,0.9748234571691741,0.9632888349514563,0.6897181701227671
NB,combined,pr,0.97420939514891,0.9632665452337583,0.6910236669985461
NB,combined,pr,0.97420939514891,0.9635590646826602,0.6942925727801977
NB,combined,pr,0.9739023641387781,0.9635479951397327,0.7055124264605798
NB,combined,pr,0.973595333128646,0.9635369188696444,0.7355054554008397
NB,combined,pr,0.9732883021185139,0.9635258358662614,0.7513882207052516
NB,combined,pr,0.972981271108382,0.9635147461234418,0.7594512677325618
NB,combined,pr,0.9726742400982499,0.9635036496350365,0.7671591441410721
NB,combined,pr,0.9726742400982499,0.9637967751749316,0.7673377376728684
NB,combined,pr,0.9726742400982499,0.9640900791235545,0.7694763670102216
NB,combined,pr,0.9723672090881179,0.9640791476407915,0.7784401167123649
NB,combined,pr,0.9717531470678539,0.9640572646969235,0.7867907356398333
NB,combined,pr,0.9717531470678539,0.9643510054844607,0.7918543693423807
NB,combined,pr,0.9717531470678539,0.964644925327644,0.796279307654384
NB,combined,pr,0.9714461160577218,0.9646341463414634,0.8086337869953415
NB,combined,pr,0.9714461160577218,0.9649283318084781,0.8092055723670905
NB,combined,pr,0.9711390850475898,0.9649176327028676,0.8190712955654553
NB,combined,pr,0.9711390850475898,0.965212084223375,0.8540666801604767
NB,combined,pr,0.9708320540374578,0.9652014652014652,0.8675628094184124
NB,combined,pr,0.9708320540374578,0.9654961832061069,0.8690820537958037
NB,combined,pr,0.9705250230273258,0.9654856444715944,0.8746949732405646
NB,combined,pr,0.9702179920171937,0.9654750992972808,0.8794947161749472
NB,combined,pr,0.9699109610070618,0.9654645476772616,0.8946204962000666
NB,combined,pr,0.9696039299969297,0.9654539896056252,0.9023046462004843
NB,combined,pr,0.9696039299969297,0.9657492354740062,0.904280559317364
NB,combined,pr,0.9692968989867977,0.9657387580299786,0.9104494267795226
NB,combined,pr,0.9689898679766656,0.9657282741738066,0.9221907959760378
NB,combined,pr,0.9686828369665336,0.9657177838996021,0.9304755920765836
NB,combined,pr,0.9686828369665336,0.9660134721371708,0.939030621219693
NB,combined,pr,0.9683758059564016,0.9660030627871363,0.9515573854755072
NB,combined,pr,0.9677617439361376,0.9659822249463683,0.9532041804988629
NB,combined,pr,0.9674547129260055,0.9659717964438994,0.9557411222036523
NB,combined,pr,0.9671476819158735,0.9659613615455381,0.9649650990579057
NB,combined,pr,0.9668406509057414,0.9659509202453987,0.9695976811062101
NB,combined,pr,0.9665336198956095,0.9659404725375882,0.9696036140962432
NB,combined,pr,0.9662265888854774,0.9659300184162063,0.9706384419083253
NB,combined,pr,0.9659195578753454,0.9659195578753454,0.9733070299784998
NB,combined,pr,0.9656125268652134,0.9659090909090909,0.9746085290854978
NB,combined,pr,0.9653054958550814,0.9658986175115207,0.9763197215681109
NB,combined,pr,0.9649984648449493,0.9658881376767056,0.9790230535821837
NB,combined,pr,0.9646914338348174,0.9658776513987088,0.9794658821641926
NB,combined,pr,0.9643844028246853,0.9658671586715867,0.9833122503865481
NB,combined,pr,0.9643844028246853,0.9661642571516457,0.9837603353126229
NB,combined,pr,0.9643844028246853,0.9664615384615385,0.9847747443453613
NB,combined,pr,0.9640773718145532,0.966451215758695,0.9857659989861846
NB,combined,pr,0.9637703408044213,0.9664408866995073,0.9861467589616314
NB,combined,pr,0.9634633097942892,0.9664305512781028,0.9873307726671529
NB,combined,pr,0.9634633097942892,0.966728280961183,0.98838345158146
NB,combined,pr,0.9634633097942892,0.9670261941448383,0.9897353684153184
NB,combined,pr,0.9631562787841572,0.967016029593095,0.9913337059329669
NB,combined,pr,0.9631562787841572,0.9673142152328091,0.9958243347728158
NB,combined,pr,0.9631562787841572,0.9676125848241826,0.9975996270570718
NB,combined,pr,0.9628492477740251,0.9676025917926566,0.9987224715755509
NB,combined,pr,0.9625422167638932,0.9675925925925926,0.9989087355132915
NB,combined,pr,0.9625422167638932,0.9678913244828651,0.9994016561674353
NB,combined,pr,0.9622351857537611,0.967881408276714,0.9994360013937843
NB,combined,pr,0.9622351857537611,0.9681804139635465,0.9999227073349142
NB,combined,pr,0.9622351857537611,0.9684796044499382,0.9999678617556575
NB,combined,pr,0.9622351857537611,0.9693782864212805,0.999967877555915
NB,combined,pr,0.9622351857537611,0.9696782178217822,0.9999678799161484
NB,combined,pr,0.9622351857537611,0.9708798017348204,0.999967903108144
NB,combined,pr,0.9622351857537611,0.9714817110973342,0.9999679297494586
NB,combined,pr,0.9622351857537611,0.9717829457364341,0.9999692377952573
NB,combined,pr,0.9622351857537611,0.972385975798945,0.999969240034876
NB,combined,pr,0.9622351857537611,0.9726877715704532,0.9999692527797448
NB,combined,pr,0.9622351857537611,0.9732919254658385,0.9999692550182835
NB,combined,pr,0.9622351857537611,0.9751088985687617,0.9999692584337859
NB,combined,pr,0.9622351857537611,0.9757160647571607,0.9999692620402763
NB,combined,pr,0.9622351857537611,0.9772372934206424,0.9999692756449894
NB,combined,pr,0.9622351857537611,0.9775421085464754,0.999969277012941
NB,combined,pr,0.9622351857537611,0.9778471138845554,0.9999692873185637
NB,combined,pr,0.9622351857537611,0.9784576959100842,0.9999693079236136
NB,combined,pr,0.9622351857537611,0.9787632729544035,0.9999705577196791
NB,combined,pr,0.9622351857537611,0.9815220795490135,0.9999705594698933
NB,combined,pr,0.9622351857537611,0.981829573934837,0.9999705609602839
NB,combined,pr,0.9622351857537611,0.9842964824120602,0.9999705719301725
NB,combined,pr,0.9622351857537611,0.9852247720842502,0.9999705758024027
NB,combined,pr,0.9622351857537611,0.9861548143486469,0.9999705772922248
NB,combined,pr,0.9622351857537611,0.9886435331230284,0.9999705785900924
NB,combined,pr,0.9622351857537611,0.9892676767676768,0.9999705790413023
NB,combined,pr,0.9622351857537611,0.9895800442058731,0.9999705840117151
NB,combined,pr,0.9622351857537611,0.9898926089703095,0.9999705953628983
NB,combined,pr,0.9622351857537611,0.9902053712480253,0.9999706025649182
NB,combined,pr,0.9622351857537611,0.9905183312262958,0.9999718247901139
NB,combined,pr,0.9622351857537611,0.9917721518987341,0.9999718311667427
NB,combined,pr,0.9622351857537611,0.9936588459099556,0.9999718382660016
NB,combined,pr,0.9622351857537611,0.9939739930225182,0.9999718402794524
NB,combined,pr,0.9622351857537611,0.9942893401015228,0.9999718415102483
NB,combined,pr,0.9622351857537611,0.9946048873373532,0.9999718445816391
NB,combined,pr,0.9622351857537611,0.9955527318932655,0.9999718446396177
NB,combined,pr,0.9622351857537611,0.9958690816650778,0.9999718466523297
NB,combined,pr,0.9622351857537611,0.9965023847376788,0.9999718600600642
NB,combined,pr,0.9622351857537611,0.9968193384223919,0.9999718612900644
NB,combined,pr,0.9622351857537611,0.9971364937957365,0.9999718621296181
NB,combined,pr,0.9622351857537611,0.9974538510502864,0.999990407712025
NB,combined,pr,0.9622351857537611,0.9977714103788602,0.9999926167244838
NB,combined,pr,0.9622351857537611,0.998407136030583,0.9999982361002462
NB,combined,pr,0.9622351857537611,0.9987253027405991,0.9999999196339818
NB,combined,pr,0.9622351857537611,0.9990436722983742,1.0
NB,combined,pr,0.0,1.0,
NB,combined,roc,0.0,0.0,inf
NB,combined,roc,0.0007070469007777516,0.9622351857537611,1.0
NB,combined,roc,0.0011784115012962526,0.9622351857537611,0.9999982361002462
NB,combined,roc,0.0016497761018147536,0.9622351857537611,0.9999926167244838
NB,combined,roc,0.002592505302851756,0.9622351857537611,0.9999718600600642
NB,combined,roc,0.003063869903370257,0.9622351857537611,0.9999718466523297
NB,combined,roc,0.0032995522036295072,0.9622351857537611,0.9999718446396177
NB,combined,roc,0.004006599104407259,0.9622351857537611,0.9999718445816391
NB,combined,roc,0.0047136460051850106,0.9622351857537611,0.9999718382660016
NB,combined,roc,0.006127739806740514,0.9622351857537611,0.9999718311667427
NB,combined,roc,0.007070469007777516,0.9622351857537611,0.9999718247901139
NB,combined,roc,0.008013198208814519,0.9622351857537611,0.9999705790413023
NB,combined,roc,0.008484562809333018,0.9622351857537611,0.9999705785900924
NB,combined,roc,0.010370021211407024,0.9622351857537611,0.9999705772922248
NB,combined,roc,0.011784115012962526,0.9622351857537611,0.9999705719301725
NB,combined,roc,0.01366957341503653,0.9622351857537611,0.9999705609602839
NB,combined,roc,0.013905255715295781,0.9622351857537611,0.9999705594698933
NB,combined,roc,0.016026396417629037,0.9622351857537611,0.9999705577196791
NB,combined,roc,0.016262078717888286,0.9622351857537611,0.9999693079236136
NB,combined,roc,0.016733443318406788,0.9622351857537611,0.9999692873185637
NB,combined,roc,0.01720480791892529,0.9622351857537611,0.9999692756449894
NB,combined,roc,0.01838321942022154,0.9622351857537611,0.9999692620402763
NB,combined,roc,0.018854584020740042,0.9622351857537611,0.9999692584337859
NB,combined,roc,0.020268677822295546,0.9622351857537611,0.9999692550182835
NB,combined,roc,0.020740042422814048,0.9622351857537611,0.9999692527797448
NB,combined,roc,0.020975724723073297,0.9622351857537611,0.999969240034876
NB,combined,roc,0.021447089323591798,0.9622351857537611,0.9999692377952573
NB,combined,roc,0.021682771623851047,0.9622351857537611,0.9999679297494586
NB,combined,roc,0.02215413622436955,0.9622351857537611,0.999967903108144
NB,combined,roc,0.02309686542540655,0.9622351857537611,0.9999678799161484
NB,combined,roc,0.023332547725665804,0.9622351857537611,0.999967877555915
NB,combined,roc,0.024039594626443554,0.9622351857537611,0.9999678617556575
NB,combined,roc,0.024510959226962056,0.9622351857537611,0.9994360013937843
NB,combined,roc,0.024510959226962056,0.9625422167638932,0.9994016561674353
NB,combined,roc,0.024746641527221305,0.9625422167638932,0.9989087355132915
NB,combined,roc,0.024746641527221305,0.9631562787841572,0.9975996270570718
NB,combined,roc,0.025218006127739806,0.9631562787841572,0.9913337059329669
NB,combined,roc,0.025218006127739806,0.9634633097942892,0.9897353684153184
NB,combined,roc,0.025689370728258307,0.9634633097942892,0.9873307726671529
NB,combined,roc,0.025689370728258307,0.9643844028246853,0.9847747443453613
NB,combined,roc,0.02616073532877681,0.9643844028246853,0.9833122503865481
NB,combined,roc,0.02616073532877681,0.9677617439361376,0.9532041804988629
NB,combined,roc,0.02616073532877681,0.9683758059564016,0.9515573854755072
NB,combined,roc,0.02616073532877681,0.9686828369665336,0.939030621219693
NB,combined,roc,0.026396417629036058,0.9686828369665336,0.9304755920765836
NB,combined,roc,0.026396417629036058,0.9696039299969297,0.904280559317364
NB,combined,roc,0.02663209992929531,0.9696039299969297,0.9023046462004843
NB,combined,roc,0.02663209992929531,0.9708320540374578,0.8690820537958037
NB,combined,roc,0.02686778222955456,0.9708320540374578,0.8675628094184124
NB,combined,roc,0.02686778222955456,0.9711390850475898,0.8540666801604767
NB,combined,roc,0.02710346452981381,0.9711390850475898,0.8190712955654553
NB,combined,roc,0.02710346452981381,0.9714461160577218,0.8092055723670905
NB,combined,roc,0.02733914683007306,0.9714461160577218,0.8086337869953415
NB,combined,roc,0.02733914683007306,0.9717531470678539,0.796279307654384
NB,combined,roc,0.027810511430591562,0.9717531470678539,0.7867907356398333
NB,combined,roc,0.027810511430591562,0.9723672090881179,0.7784401167123649
NB,combined,roc,0.027810511430591562,0.9726742400982499,0.7694763670102216
NB,combined,roc,0.028281876031110063,0.9726742400982499,0.7671591441410721
NB,combined,roc,0.028281876031110063,0.97420939514891,0.6942925727801977
NB,combined,roc,0.028517558331369316,0.97420939514891,0.6910236669985461
NB,combined,roc,0.028517558331369316,0.9748234571691741,0.6897181701227671
NB,combined,roc,0.028517558331369316,0.9754375191894381,0.6543156774595309
NB,combined,roc,0.029460287532406315,0.9754375191894381,0.6257906545408402
NB,combined,roc,0.029460287532406315,0.9763586122198342,0.5848145936571943
NB,combined,roc,0.029695969832665568,0.9763586122198342,0.5814920268244413
NB,combined,roc,0.029695969832665568,0.9766656432299662,0.5806635966596783
NB,combined,roc,0.03016733443318407,0.9766656432299662,0.5805271871253831
NB,combined,roc,0.03016733443318407,0.9769726742400983,0.5511399876237346
NB,combined,roc,0.030403016733443318,0.9769726742400983,0.5365745083817131
NB,combined,roc,0.030403016733443318,0.9772797052502302,0.5194891906022552
NB,combined,roc,0.03063869903370257,0.9772797052502302,0.5073820536231136
NB,combined,roc,0.03063869903370257,0.9775867362603623,0.4936255755277513
NB,combined,roc,0.03158142823473957,0.9775867362603623,0.4745200303926493
NB,combined,roc,0.03158142823473957,0.9782007982806263,0.4633675642840824
NB,combined,roc,0.03393825123733207,0.9782007982806263,0.40818692976897497
NB,combined,roc,0.03393825123733207,0.9785078292907584,0.39712530279758396
NB,combined,roc,0.03464529813810983,0.9785078292907584,0.37720134107508335
NB,combined,roc,0.03464529813810983,0.9791218913110225,0.3444564980645567
NB,combined,roc,0.03535234503888758,0.9791218913110225,0.3127251995263694
NB,combined,roc,0.03535234503888758,0.9794289223211544,0.2817003913301866
NB,combined,roc,0.03558802733914683,0.9794289223211544,0.275269653743927
NB,combined,roc,0.03558802733914683,0.9797359533312865,0.27064504026569913
NB,combined,roc,0.03582370963940608,0.9797359533312865,0.2677098608944481
NB,combined,roc,0.03582370963940608,0.9800429843414185,0.26121893838510496
NB,combined,roc,0.03723780344096159,0.9800429843414185,0.2189805295635471
NB,combined,roc,0.03723780344096159,0.9806570463616825,0.21753874715130112
NB,combined,roc,0.037473485741220836,0.9806570463616825,0.21604850154242425
NB,combined,roc,0.037473485741220836,0.9818851704022106,0.20021408350570105
NB,combined,roc,0.037709168041480084,0.9818851704022106,0.19622111304691506
NB,combined,roc,0.037709168041480084,0.9828062634326067,0.18376999296912316
NB,combined,roc,0.03794485034173933,0.9828062634326067,0.17484393902974174
NB,combined,roc,0.03794485034173933,0.9831132944427388,0.17007743591384453
NB,combined,roc,0.038887579542776336,0.9831132944427388,0.152543753252528
NB,combined,roc,0.038887579542776336,0.9837273564630028,0.14781336692856234
NB,combined,roc,0.03935894414329484,0.9837273564630028,0.13625063928827505
NB,combined,roc,0.03935894414329484,0.9840343874731348,0.13266653835805056
NB,combined,roc,0.03983030874381334,0.9840343874731348,0.11826582383428923
NB,combined,roc,0.03983030874381334,0.9846484494933988,0.11262528449500923
NB,combined,roc,0.04077303794485034,0.9846484494933988,0.09937573227396435
NB,combined,roc,0.04077303794485034,0.9849554805035309,0.0893970367880889
NB,combined,roc,0.04124440254536884,0.9849554805035309,0.07927730758411117
NB,combined,roc,0.04124440254536884,0.9852625115136628,0.07866870938649148
NB,combined,roc,0.041480084845628096,0.9852625115136628,0.07757939216337359
NB,combined,roc,0.041480084845628096,0.9858765735339269,0.07522202477594332
NB,combined,roc,0.041480084845628096,0.986183604544059,0.07168891002510007
NB,combined,roc,0.041715767145887345,0.986183604544059,0.07081262576879
NB,combined,roc,0.041715767145887345,0.986797666564323,0.06860300370826783
NB,combined,roc,0.042894178647183596,0.986797666564323,0.05790616590428827
NB,combined,roc,0.042894178647183596,0.9871046975744551,0.056231433197884984
NB,combined,roc,0.043129860947442845,0.9871046975744551,0.05558706518604003
NB,combined,roc,0.043129860947442845,0.987411728584587,0.055533082285802025
NB,combined,roc,0.043365543247702094,0.987411728584587,0.0549374604637761
NB,combined,roc,0.043365543247702094,0.9877187595947191,0.053777130676456335
NB,combined,roc,0.04360122554796135,0.9877187595947191,0.05317313313648632
NB,combined,roc,0.04360122554796135,0.9883328216149831,0.05203979039583754
NB,combined,roc,0.0443082724487391,0.9883328216149831,0.04738619121634858
NB,combined,roc,0.0443082724487391,0.9889468836352472,0.04580289089440629
NB,combined,roc,0.045722366250294605,0.9889468836352472,0.038817893212141005
NB,combined,roc,0.045722366250294605,0.9892539146453792,0.03610085698478959
NB,combined,roc,0.04666509545133161,0.9892539146453792,0.034593484147938953
NB,combined,roc,0.04666509545133161,0.9895609456555112,0.03368246494579236
NB,combined,roc,0.049964647654961114,0.9895609456555112,0.028681614197480717
NB,combined,roc,0.049964647654961114,0.9901750076757753,0.028284991238024717
NB,combined,roc,0.05255715295781287,0.9901750076757753,0.02523655438320842
NB,combined,roc,0.05255715295781287,0.9904820386859072,0.025139249666422253
NB,combined,roc,0.05302851755833137,0.9904820386859072,0.024540519928166186
NB,combined,roc,0.05302851755833137,0.9907890696960393,0.0244740654568298
NB,combined,roc,0.055621022861183124,0.9907890696960393,0.020048571212990064
NB,combined,roc,0.055621022861183124,0.9910961007061713,0.019857845404838176
NB,combined,roc,0.05609238746170163,0.9910961007061713,0.0197519831191764
NB,combined,roc,0.05609238746170163,0.9914031317163033,0.019602821332454154
NB,combined,roc,0.05750648126325713,0.9914031317163033,0.018920644433285016
NB,combined,roc,0.05750648126325713,0.9917101627264354,0.01832984764163584
NB,combined,roc,0.06009898656610888,0.9917101627264354,0.016248389323567782
NB,combined,roc,0.06057035116662739,0.9917101627264354,0.016239171205700512
NB,combined,roc,0.06881923167570116,0.9917101627264354,0.010966577876918496
NB,combined,roc,0.06881923167570116,0.9929382867669635,0.010735811199614026
NB,combined,roc,0.0695262785764789,0.9929382867669635,0.010567436030079815
NB,combined,roc,0.0695262785764789,0.9932453177770955,0.010419097391976098
NB,combined,roc,0.07376855998114541,0.9932453177770955,0.0086547376064914
NB,combined,roc,0.07376855998114541,0.9935523487872275,0.008614711665061269
NB,combined,roc,0.07518265378270092,0.9935523487872275,0.008271847256605604
NB,combined,roc,0.07518265378270092,0.9938593797973595,0.008251196946543738
NB,combined,roc,0.08154607588970068,0.9938593797973595,0.0067714177278913
NB,combined,roc,0.08154607588970068,0.9941664108074916,0.006648804486425444
NB,combined,roc,0.09191609710110771,0.9941664108074916,0.004898329521418778
NB,combined,roc,0.0923874617016262,0.9941664108074916,0.004894402350026863
NB,combined,roc,0.09497996700447796,0.9941664108074916,0.00461729241522419
NB,combined,roc,0.09497996700447796,0.9944734418176235,0.004511473084984246
NB,combined,roc,0.10205043601225548,0.9944734418176235,0.0038101701584009134
NB,combined,roc,0.10205043601225548,0.9950875038378876,0.003798678846690695
NB,combined,roc,0.1058213528164035,0.9950875038378876,0.0034472269204651224
NB,combined,roc,0.1058213528164035,0.9953945348480197,0.0034462317424135986
NB,combined,roc,0.11784115012962526,0.9953945348480197,0.0025264816442720295
NB,combined,roc,0.11784115012962526,0.9957015658581517,0.0025019185162784624
NB,combined,roc,0.12396888993636578,0.9957015658581517,0.0021281556678904297
NB,combined,roc,0.12444025453688427,0.9957015658581517,0.0021104520587217606
NB,combined,roc,0.12561866603818053,0.9957015658581517,0.00201749541527071
NB,combined,roc,0.12609003063869903,0.9957015658581517,0.0020096180598316487
NB,combined,roc,0.1390525571529578,0.9957015658581517,0.001494032798945806
NB,combined,roc,0.1390525571529578,0.9960085968682837,0.001478148550277917
NB,combined,roc,0.14753711996229082,0.9960085968682837,0.0011838808904584164
NB,combined,roc,0.14753711996229082,0.9963156278784158,0.0011816761119599324
NB,combined,roc,0.15272213056799436,0.9963156278784158,0.0010398634231116137
NB,combined,roc,0.15272213056799436,0.9966226588885477,0.0010329368651352793
NB,combined,roc,0.1562573650718831,0.9966226588885477,0.0009551478580893131
NB,combined,roc,0.1562573650718831,0.9969296898986798,0.0009535148307697991
NB,combined,roc,0.15743577657317936,0.9969296898986798,0.0009441747118017442
NB,combined,roc,0.15743577657317936,0.9972367209088118,0.0009397776449113851
NB,combined,roc,0.1595569172755126,0.9972367209088118,0.000875776630744228
NB,combined,roc,0.1595569172755126,0.9975437519189438,0.0008730990924653585
NB,combined,roc,0.16403488098043836,0.9975437519189438,0.0007978909516919052
NB,combined,roc,0.16403488098043836,0.9978507829290758,0.0007916175008749417
NB,combined,roc,0.16568465708225313,0.9978507829290758,0.0007555076601596178
NB,combined,roc,0.16615602168277163,0.9978507829290758,0.000749376708204791
NB,combined,roc,0.18807447560688192,0.9978507829290758,0.0004397576976623562
NB,combined,roc,0.18948856940843742,0.9978507829290758,0.0004395634724043388
NB,combined,roc,0.1906669809097337,0.9978507829290758,0.0004235977923065899
NB,combined,roc,0.1906669809097337,0.9981578139392079,0.00042071430683025384
NB,combined,roc,0.19255243931180768,0.9981578139392079,0.00040620169265802265
NB,combined,roc,0.19255243931180768,0.9984648449493398,0.00040481842437885263
NB,combined,roc,0.227669102050436,0.9984648449493398,0.00016687165134174925
NB,combined,roc,0.227669102050436,0.9987718759594719,0.00016607820438843576
NB,combined,roc,0.22814046665095453,0.9987718759594719,0.0001637970591874973
NB,combined,roc,0.22814046665095453,0.9990789069696039,0.00016295681573910925
NB,combined,roc,0.22931887815225077,0.9990789069696039,0.00015903228196782827
NB,combined,roc,0.22931887815225077,0.999385937979736,0.00015861046427513025
NB,combined,roc,0.23615366485976902,0.999385937979736,0.00012793446366929416
NB,combined,roc,0.23662502946028754,0.999385937979736,0.00012749127028865322
NB,combined,roc,0.23803912326184304,0.999385937979736,0.00012527552454958256
NB,combined,roc,0.23851048786236154,0.999385937979736,0.0001251764399816057
NB,combined,roc,0.23851048786236154,0.9996929689898679,0.0001248137666695229
NB,combined,roc,0.24275276926702805,0.9996929689898679,0.00011003565025744487
NB,combined,roc,0.2434598161678058,0.9996929689898679,0.00010943317661697005
NB,combined,roc,0.27221305679943436,0.9996929689898679,5.490177182556792e-05
NB,combined,roc,0.27221305679943436,1.0,5.4682048770602e-05
NB,combined,roc,0.30308743813339617,1.0,1.7278067997961218e-05
NB,combined,roc,0.30355880273391467,1.0,1.7126473089370452e-05
NB,combined,roc,0.3214706575536177,1.0,9.736859002235241e-06
NB,combined,roc,0.3219420221541362,1.0,9.610706260447909e-06
NB,combined,roc,0.3511666273862833,1.0,3.377568753260311e-06
NB,combined,roc,0.3516379919868018,1.0,3.3583346253376466e-06
NB,combined,roc,0.3702568937072826,1.0,1.6363245041267291e-06
NB,combined,roc,0.3711996229083196,1.0,1.63586687263131e-06
NB,combined,roc,0.3723780344096158,1.0,1.6070547107588567e-06
NB,combined,roc,0.3735564459109121,1.0,1.6064307081633965e-06
NB,combined,roc,0.4018383219420222,1.0,6.953682019805909e-07
NB,combined,roc,0.4023096865425407,1.0,6.950449322213991e-07
NB,combined,roc,0.4025453688427999,1.0,6.936690194704839e-07
NB,combined,roc,0.4032524157435777,1.0,6.843296908066414e-07
NB,combined,roc,0.40631628564694794,1.0,5.942661400748385e-07
NB,combined,roc,0.40725901484798493,1.0,5.923038285510762e-07
NB,combined,roc,0.4263492811689842,1.0,3.3947459955606656e-07
NB,combined,roc,0.42705632806976196,1.0,3.390211252272219e-07
NB,combined,roc,0.4296488333726137,1.0,3.095347663239053e-07
NB,combined,roc,0.4301201979731322,1.0,3.094514266312952e-07
NB,combined,roc,0.441197266085317,1.0,2.08493287098755e-07
NB,combined,roc,0.4416686306858355,1.0,2.070441650469202e-07
NB,combined,roc,0.450624558095687,1.0,1.606945678388892e-07
NB,combined,roc,0.451567287296724,1.0,1.5850541562334234e-07
NB,combined,roc,0.452510016497761,1.0,1.55336291245971e-07
NB,combined,roc,0.4529813810982795,1.0,1.5486681504534207e-07
NB,combined,roc,0.47277869432005654,1.0,7.661478377721363e-08
NB,combined,roc,0.4734857412208343,1.0,7.633981095211403e-08
NB,combined,roc,0.4836200801319821,1.0,5.383432036779397e-08
NB,combined,roc,0.4840914447325006,1.0,5.3572858066357667e-08
NB,combined,roc,0.49964647654961114,1.0,3.2750900349426966e-08
NB,combined,roc,0.5001178411501296,1.0,3.2633001309825404e-08
NB,combined,roc,0.5229790242752769,1.0,1.3905080837539303e-08
NB,combined,roc,0.5234503888757954,1.0,1.3885621770155267e-08
NB,combined,roc,0.5316992693848692,1.0,9.474800738391318e-09
NB,combined,roc,0.5321706339853877,1.0,9.321818318911965e-09
NB,combined,roc,0.5496111242045723,1.0,5.391132151622313e-09
NB,combined,roc,0.5500824888050907,1.0,5.3807262627480385e-09
NB,combined,roc,0.558802733914683,1.0,4.055242547811599e-09
NB,combined,roc,0.5592740985152015,1.0,4.0166706782478115e-09
NB,combined,roc,0.5618666038180533,1.0,3.520735856051688e-09
NB,combined,roc,0.5623379684185718,1.0,3.497389677990077e-09
NB,combined,roc,0.5965119019561631,1.0,8.024489056137783e-10
NB,combined,roc,0.5969832665566815,1.0,7.820857783307334e-10
NB,combined,roc,0.6047607824652369,1.0,5.537665114338391e-10
NB,combined,roc,0.6052321470657553,1.0,5.483324559528188e-10
NB,combined,roc,0.6290360593919396,1.0,1.7612843765792414e-10
NB,combined,roc,0.6295074239924582,1.0,1.7379058109396595e-10
NB,combined,roc,0.6450624558095687,1.0,8.318754747541077e-11
NB,combined,roc,0.6455338204100872,1.0,8.225047208210436e-11
NB,combined,roc,0.6794720716474193,1.0,1.53049798171287e-11
NB,combined,roc,0.6799434362479377,1.0,1.5250840160235647e-11
NB,combined,roc,0.6969125618666038,1.0,5.863100665562833e-12
NB,combined,roc,0.6973839264671223,1.0,5.778729814741765e-12
NB,combined,roc,0.7075182653782701,1.0,3.5840634867791844e-12
NB,combined,roc,0.7079896299787886,1.0,3.5756644275577708e-12
NB,combined,roc,0.7223662502946029,1.0,2.120355935097682e-12
NB,combined,roc,0.7228376148951213,1.0,2.1201565035470726e-12
NB,combined,roc,0.7266085316992694,1.0,1.8275335296042283e-12
NB,combined,roc,0.7270798962997879,1.0,1.6912338286757124e-12
NB,combined,roc,0.781758189959934,1.0,3.5974608272015005e-14
NB,combined,roc,0.7822295545604525,1.0,3.518073691995963e-14
NB,combined,roc,0.7954277633749706,1.0,1.006699693919271e-14
NB,combined,roc,0.795899127975489,1.0,9.942418579312004e-15
NB,combined,roc,0.8703747348574122,1.0,5.436008572613004e-18
NB,combined,roc,0.8708460994579307,1.0,4.940845472242537e-18
NB,combined,roc,0.8722601932594862,1.0,4.2361308297689215e-18
NB,combined,roc,0.8727315578600047,1.0,4.223555830220609e-18
NB,combined,roc,0.9026632099929295,1.0,7.838129685807007e-20
NB,combined,roc,0.903134574593448,1.0,7.310415290602215e-20
NB,combined,roc,0.9064341267970776,1.0,4.881324558248608e-20
NB,combined,roc,0.906905491397596,1.0,4.8323623193763123e-20
NB,combined,roc,0.9208107471128918,1.0,2.9295876078634348e-21
NB,combined,roc,0.9212821117134103,1.0,2.9019224250760446e-21
NB,combined,roc,0.9578128682535941,1.0,8.321680999351144e-27
NB,combined,roc,0.9582842328541127,1.0,8.109685502834971e-27
NB,combined,roc,0.9644119726608532,1.0,1.754309972642713e-28
NB,combined,roc,0.9648833372613717,1.0,1.4022702381554455e-28
NB,combined,roc,0.9728965354701862,1.0,9.420050215222862e-31
NB,combined,roc,0.9733679000707047,1.0,9.40467865905853e-31
NB,combined,roc,0.9769031345745934,1.0,4.2929174535975904e-32
NB,combined,roc,0.9778458637756304,1.0,1.8974943339679363e-32
NB,combined,roc,0.982088145180297,1.0,6.110292216449152e-34
NB,combined,roc,0.9825595097808154,1.0,5.229103238128177e-34
NB,combined,roc,1.0,1.0,4.9457829961032686e-82
