model,source,curve,x,y,threshold
LR,combined,pr,1.0,0.4342666666666667,1.0749896655716307e-17
LR,combined,pr,1.0,0.4343245766102147,2.184592632488312e-16
LR,combined,pr,1.0,0.43438250200053347,1.461404593829904e-10
LR,combined,pr,1.0,0.4344404428438042,3.2691832694397285e-10
LR,combined,pr,1.0,0.4344983991462113,8.525770711464371e-10
LR,combined,pr,1.0,0.4345563709139426,1.1274017150661938e-09
LR,combined,pr,1.0,0.4346143581531892,2.278368782044996e-09
LR,combined,pr,1.0,0.4346723608701455,3.8221550900971054e-09
LR,combined,pr,1.0,0.4347303790710091,4.141873414177885e-09
LR,combined,pr,1.0,0.43478841276198105,9.203624101544391e-09
LR,combined,pr,1.0,0.4348464619492657,9.532158700636902e-09
LR,combined,pr,1.0,0.43490452663907064,1.3697986753827933e-08
LR,combined,pr,1.0,0.43496260683760685,1.7707094886433202e-08
LR,combined,pr,1.0,0.43502070255108855,3.380361153672064e-08
LR,combined,pr,1.0,0.4350788137857334,3.7725255157194076e-08
LR,combined,pr,1.0,0.4351369405477622,4.148052466395332e-08
LR,combined,pr,1.0,0.43519508284339925,6.343180524257587e-08
LR,combined,pr,1.0,0.4352532406788721,8.321985469348125e-08
LR,combined,pr,1.0,0.43531141406041163,1.1068667543056169e-07
LR,combined,pr,1.0,0.4353696029942521,1.199353300648809e-07
LR,combined,pr,1.0,0.435427807486631,1.3198024976788203e-07
LR,combined,pr,1.0,0.4354860275437893,1.5340000686349218e-07
LR,combined,pr,1.0,0.4355442631719711,1.7358125404362722e-07
LR,combined,pr,1.0,0.4356025143774241,1.7359852382964422e-07
LR,combined,pr,1.0,0.43566078116639917,2.1747203444926788e-07
LR,combined,pr,1.0,0.4357190635451505,2.240031461823435e-07
LR,combined,pr,1.0,0.4357773615199358,2.5022839248468456e-07
LR,combined,pr,1.0,0.43583567509701593,3.2208809386224456e-07
LR,combined,pr,1.0,0.43589400428265523,3.6276831462341464e-07
LR,combined,pr,1.0,0.4359523490831214,3.7119292466911097e-07
LR,combined,pr,1.0,0.4360107095046854,4.0360079876827987e-07
LR,combined,pr,1.0,0.4360690855536216,4.365379399126915e-07
LR,combined,pr,1.0,0.4361274772362078,5.192680567447517e-07
LR,combined,pr,1.0,0.43618588455872503,5.530401724425102e-07
LR,combined,pr,1.0,0.4362443075274578,8.690791255787637e-07
LR,combined,pr,1.0,0.4363027461486939,9.618259882245384e-07
LR,combined,pr,1.0,0.43636120042872456,1.1006873388406596e-06
LR,combined,pr,1.0,0.4364196703738443,1.3040498350770757e-06
LR,combined,pr,1.0,0.4364781559903511,1.307863236212801e-06
LR,combined,pr,1.0,0.4365366572845463,1.342687917722574e-06
LR,combined,pr,1.0,0.4365951742627346,1.3699837075905131e-06
LR,combined,pr,1.0,0.436653706931224,1.3791501150436576e-06
LR,combined,pr,1.0,0.43671225529632607,1.3894322320850118e-06
LR,combined,pr,1.0,0.43677081936435563,1.429873216942809e-06
LR,combined,pr,1.0,0.4368293991416309,1.6556018396408832e-06
LR,combined,pr,1.0,0.43688799463447353,1.7436846237056735e-06
LR,combined,pr,1.0,0.43694660584920847,1.929501727278671e-06
LR,combined,pr,1.0,0.43700523279216424,2.0132632202268666e-06
LR,combined,pr,1.0,0.43706387546967257,2.03932641645282e-06
LR,combined,pr,1.0,0.4371225338880687,2.526800979569645e-06
LR,combined,pr,1.0,0.43718120805369126,2.555087094078778e-06
LR,combined,pr,1.0,0.43723989797288226,3.822677034386744e-06
LR,combined,pr,1.0,0.4372986036519871,4.969063429813641e-06
LR,combined,pr,1.0,0.43735732509735464,6.016538212172729e-06
LR,combined,pr,1.0,0.4374160623153371,6.043787748423759e-06
LR,combined,pr,1.0,0.43747481531229016,7.0794223550839344e-06
LR,combined,pr,1.0,0.4375335840945728,7.186802239724219e-06
LR,combined,pr,1.0,0.4375923686685476,7.401917228654695e-06
LR,combined,pr,1.0,0.4376511690405805,7.524261870445828e-06
LR,combined,pr,1.0,0.43770998521704074,7.630539840071808e-06
LR,combined,pr,1.0,0.43776881720430105,7.73918522211443e-06
LR,combined,pr,1.0,0.4378276650087377,7.793324579564955e-06
LR,combined,pr,1.0,0.4378865286367303,8.361206474181663e-06
LR,combined,pr,1.0,0.4379454080946618,8.364544644103206e-06
LR,combined,pr,1.0,0.43800430338891877,8.37930566684517e-06
LR,combined,pr,1.0,0.43806321452589103,8.47951739697026e-06
LR,combined,pr,1.0,0.43812214151197204,8.799691224167722e-06
LR,combined,pr,1.0,0.4382400430570506,9.532164877012999e-06
LR,combined,pr,1.0,0.4382990176288521,9.674167861178209e-06
LR,combined,pr,1.0,0.4383580080753701,1.0025307614659278e-05
LR,combined,pr,1.0,0.4384170144030152,1.0400515703397258e-05
LR,combined,pr,1.0,0.4384760366182014,1.0431408576871594e-05
LR,combined,pr,1.0,0.43853507472734615,1.0997366797457045e-05
LR,combined,pr,1.0,0.4385941287368705,1.1005561127532127e-05
LR,combined,pr,1.0,0.43865319865319863,1.1116264630850143e-05
LR,combined,pr,1.0,0.4387122844827586,1.1291828274542022e-05
LR,combined,pr,1.0,0.4387713862319817,1.227959491892981e-05
LR,combined,pr,1.0,0.4388305039073026,1.2367963182266945e-05
LR,combined,pr,1.0,0.4388896375151597,1.2943042178531228e-05
LR,combined,pr,1.0,0.4389487870619946,1.3025294734286896e-05
LR,combined,pr,1.0,0.43900795255425257,1.3737005248521411e-05
LR,combined,pr,1.0,0.4390671339983823,1.453091815451855e-05
LR,combined,pr,1.0,0.4391263314008359,1.4875445637270167e-05
LR,combined,pr,1.0,0.43918554476806904,1.5233605721413253e-05
LR,combined,pr,1.0,0.4392447741065408,1.538544418824443e-05
LR,combined,pr,1.0,0.4393632807230541,1.539692246619166e-05
LR,combined,pr,1.0,0.4394225580140313,1.686163132756894e-05
LR,combined,pr,1.0,0.4394818513021185,1.7841165044039505e-05
LR,combined,pr,1.0,0.43954116059379217,1.835796865568259e-05
LR,combined,pr,1.0,0.43960048589553247,1.9196817641707592e-05
LR,combined,pr,1.0,0.4396598272138229,1.9641338430016223e-05
LR,combined,pr,1.0,0.4397191845551505,1.9865498262958278e-05
LR,combined,pr,1.0,0.43977855792600595,2.041738759874857e-05
LR,combined,pr,1.0,0.4398379473328832,2.0739811695038283e-05
LR,combined,pr,1.0,0.43989735278227987,2.1968684098743687e-05
LR,combined,pr,1.0,0.439956774280697,2.2026491614110988e-05
LR,combined,pr,1.0,0.4400162118346393,2.40733748501455e-05
LR,combined,pr,1.0,0.4400756654506148,2.8022605796619273e-05
LR,combined,pr,1.0,0.44013513513513514,2.819600047059518e-05
LR,combined,pr,1.0,0.4401946208947155,2.8446039456685313e-05
LR,combined,pr,1.0,0.44025412273587455,3.4475188109640546e-05
LR,combined,pr,1.0,0.4403136406651345,3.491754418220975e-05
LR,combined,pr,1.0,0.4403731746890211,3.515784929015318e-05
LR,combined,pr,1.0,0.44043272481406354,3.582476521689671e-05
LR,combined,pr,1.0,0.4404922910467947,3.62348131413151e-05
LR,combined,pr,1.0,0.44055187339375085,3.691671126621661e-05
LR,combined,pr,1.0,0.44061147186147187,3.7959746137204946e-05
LR,combined,pr,1.0,0.44067108645650116,3.819709427287441e-05
LR,combined,pr,1.0,0.44073071718538565,3.881856425928213e-05
LR,combined,pr,1.0,0.44079036405467587,3.913407430842448e-05
LR,combined,pr,1.0,0.4408500270709258,4.00525430694414e-05
LR,combined,pr,1.0,0.4409097062406931,4.032930329185644e-05
LR,combined,pr,1.0,0.4409694015705389,4.0353004625213655e-05
LR,combined,pr,1.0,0.44102911306702774,4.130493591927432e-05
LR,combined,pr,1.0,0.44108884073672805,4.166770254180846e-05
LR,combined,pr,1.0,0.4411485845862116,4.17047651408566e-05
LR,combined,pr,1.0,0.44120834462205366,4.222841647215602e-05
LR,combined,pr,1.0,0.4413279132791328,4.349102355768727e-05
LR,combined,pr,1.0,0.4413877219135384,4.384328071797694e-05
LR,combined,pr,1.0,0.44144754676063974,4.4004947245361895e-05
LR,combined,pr,1.0,0.44150738782703,4.439342646563134e-05
LR,combined,pr,1.0,0.44156724511930584,4.663131669272255e-05
LR,combined,pr,1.0,0.4416271186440678,4.7666423144740236e-05
LR,combined,pr,1.0,0.44168700840791975,4.8580862705739175e-05
LR,combined,pr,1.0,0.44174691441746916,4.95162400467062e-05
LR,combined,pr,1.0,0.4418068366793272,4.9760543230162464e-05
LR,combined,pr,1.0,0.44186677520010853,5.041771065126557e-05
LR,combined,pr,1.0,0.44192672998643145,5.053776646165203e-05
LR,combined,pr,1.0,0.4419867010449179,5.124050577712165e-05
LR,combined,pr,1.0,0.44204668838219324,5.127233228844474e-05
LR,combined,pr,1.0,0.44210669200488667,5.228197547388064e-05
LR,combined,pr,1.0,0.44216671191963075,5.4858475569090526e-05
LR,combined,pr,1.0,0.4422267481330618,5.599836261428711e-05
LR,combined,pr,1.0,0.4422868006518197,5.624221285150816e-05
LR,combined,pr,1.0,0.44234686948254787,5.878898642664849e-05
LR,combined,pr,1.0,0.4424069546318935,5.885396841302791e-05
LR,combined,pr,1.0,0.4424670561065073,6.132830618312511e-05
LR,combined,pr,1.0,0.44252717391304347,6.576303393078459e-05
LR,combined,pr,1.0,0.4425873080581601,6.613539911118048e-05
LR,combined,pr,1.0,0.4426474585485186,6.631213103471721e-05
LR,combined,pr,1.0,0.4427076253907843,6.68724513591312e-05
LR,combined,pr,1.0,0.4427678085916259,6.814876793950003e-05
LR,combined,pr,1.0,0.44282800815771584,6.875674196600605e-05
LR,combined,pr,1.0,0.4428882240957302,7.018959160225818e-05
LR,combined,pr,1.0,0.4429484564123487,7.76540200410981e-05
LR,combined,pr,1.0,0.4430087051142546,7.863113643617797e-05
LR,combined,pr,1.0,0.44306897020813496,8.008086279881824e-05
LR,combined,pr,1.0,0.4431292517006803,8.053820935765772e-05
LR,combined,pr,1.0,0.44318954959858486,8.142599665455801e-05
LR,combined,pr,1.0,0.44324986390854654,8.198910763152514e-05
LR,combined,pr,1.0,0.4433101946372669,8.23964874807093e-05
LR,combined,pr,1.0,0.44337054179145113,8.415442959791449e-05
LR,combined,pr,1.0,0.44343090537780805,8.550518273201262e-05
LR,combined,pr,1.0,0.4434912854030501,8.561887109591688e-05
LR,combined,pr,1.0,0.4435516818738935,8.603866001162536e-05
LR,combined,pr,1.0,0.44361209479705804,8.61180211355782e-05
LR,combined,pr,1.0,0.4436725241792671,9.035343994222084e-05
LR,combined,pr,1.0,0.44373297002724793,9.193427349946578e-05
LR,combined,pr,1.0,0.4437934323477313,9.400354625681772e-05
LR,combined,pr,1.0,0.4438539111474516,9.412226768289593e-05
LR,combined,pr,1.0,0.44391440643314706,9.61190206471717e-05
LR,combined,pr,1.0,0.44397491821155943,9.756365025697228e-05
LR,combined,pr,1.0,0.4440354464894342,9.950780203224777e-05
LR,combined,pr,1.0,0.44409599127352056,0.00010075809724409086
LR,combined,pr,1.0,0.4441565525705714,0.00010126729844103417
LR,combined,pr,1.0,0.4442171303873432,0.00010187020881520154
LR,combined,pr,1.0,0.4442777247305961,0.00010270576688839876
LR,combined,pr,1.0,0.4443383356070941,0.00010340902536490843
LR,combined,pr,1.0,0.4443989630236049,0.00011767274201137969
LR,combined,pr,1.0,0.44445960698689957,0.00012176768348781969
LR,combined,pr,1.0,0.44452026750375323,0.00012544684961395694
LR,combined,pr,1.0,0.4445809445809446,0.00012614400899499693
LR,combined,pr,1.0,0.444641638225256,0.00012880058479447151
LR,combined,pr,1.0,0.4447023484434735,0.00013223192077046304
LR,combined,pr,1.0,0.444763075242387,0.0001332132779194793
LR,combined,pr,1.0,0.44482381862878995,0.00013611372792626426
LR,combined,pr,1.0,0.44488457860947955,0.00013719290398105205
LR,combined,pr,1.0,0.44494535519125683,0.00013920696306896936
LR,combined,pr,1.0,0.44500614838092634,0.00014052198938272031
LR,combined,pr,1.0,0.4450669581852965,0.00014055018440390136
LR,combined,pr,1.0,0.44512778461117947,0.0001439430909740219
LR,combined,pr,1.0,0.4451886276653909,0.00014412183119062567
LR,combined,pr,1.0,0.4452494873547505,0.00014442123389061943
LR,combined,pr,1.0,0.4453103636860815,0.00014553809434218962
LR,combined,pr,1.0,0.44537125666621086,0.00014621254907104528
LR,combined,pr,1.0,0.44543216630196936,0.0001464084454160444
LR,combined,pr,1.0,0.4454930926001915,0.0001476989343088594
LR,combined,pr,1.0,0.44555403556771545,0.00014828560140967386
LR,combined,pr,1.0,0.4456149952113832,0.00015020516126538274
LR,combined,pr,1.0,0.4456759715380405,0.0001504044448552614
LR,combined,pr,1.0,0.44573696455453676,0.0001541889256064079
LR,combined,pr,1.0,0.44579797426772516,0.00015469742068980593
LR,combined,pr,1.0,0.4458590006844627,0.00015670383943155756
LR,combined,pr,1.0,0.4459200438116101,0.00015831897849515744
LR,combined,pr,1.0,0.4459811036560318,0.0001603346366216111
LR,combined,pr,1.0,0.446042180224596,0.00016057846092003926
LR,combined,pr,1.0,0.4461032735241748,0.00016371024599894337
LR,combined,pr,1.0,0.44616438356164384,0.00016587804345824408
LR,combined,pr,1.0,0.44622551034388275,0.00016765630887270776
LR,combined,pr,1.0,0.4462866538777747,0.00016947516397904552
LR,combined,pr,1.0,0.4463478141702069,0.00016991685740564777
LR,combined,pr,1.0,0.44640899122807015,0.00017036688988306212
LR,combined,pr,1.0,0.4464701850582591,0.00017162287948882854
LR,combined,pr,1.0,0.4465313956676721,0.00017257353426328525
LR,combined,pr,1.0,0.4465926230632113,0.00017293124029135775
LR,combined,pr,1.0,0.44671512824029624,0.0001760883070896501
LR,combined,pr,1.0,0.4467764060356653,0.00017644202829925304
LR,combined,pr,1.0,0.44683770064480727,0.0001779823058484723
LR,combined,pr,1.0,0.4468990120746433,0.00018027010003906146
LR,combined,pr,1.0,0.44696034033209825,0.00018134427432267805
LR,combined,pr,1.0,0.44702168542410103,0.00018312453806981522
LR,combined,pr,1.0,0.4470830473575841,0.00018807287713872104
LR,combined,pr,1.0,0.4471444261394838,0.00018942457524186938
LR,combined,pr,1.0,0.44720582177674034,0.00019682713715940444
LR,combined,pr,1.0,0.4472672342762977,0.000198863217638456
LR,combined,pr,1.0,0.4473286636451037,0.00020153674785756688
LR,combined,pr,1.0,0.4473901098901099,0.00020169952741326723
LR,combined,pr,1.0,0.44745157301827176,0.0002056185112554751
LR,combined,pr,1.0,0.4475130530365485,0.00020591505883920538
LR,combined,pr,1.0,0.44757454995190327,0.00020776205780774945
LR,combined,pr,1.0,0.44763606377130294,0.00020781917194731726
LR,combined,pr,1.0,0.4476975945017182,0.00020920152835084715
LR,combined,pr,1.0,0.44775914215012375,0.00020996266546437326
LR,combined,pr,1.0,0.4478207067234979,0.0002119160298277316
LR,combined,pr,1.0,0.44788228822882287,0.00021462689089262572
LR,combined,pr,1.0,0.4479438866730849,0.00021648658559133999
LR,combined,pr,1.0,0.4480055020632737,0.00021660242154829536
LR,combined,pr,1.0,0.4480671344063833,0.00021942518983466454
LR,combined,pr,1.0,0.4481287837094111,0.000229728802354861
LR,combined,pr,1.0,0.44819044997935875,0.0002324073962688759
LR,combined,pr,1.0,0.4482521332232315,0.0002385895701982959
LR,combined,pr,1.0,0.44831383344803855,0.0002394210821429225
LR,combined,pr,1.0,0.44837555066079293,0.00024359956878220636
LR,combined,pr,1.0,0.44843728486851164,0.00024371975224563822
LR,combined,pr,1.0,0.44849903607821534,0.0002527278796305492
LR,combined,pr,1.0,0.4485608042969288,0.0002545191950656035
LR,combined,pr,1.0,0.44862258953168044,0.0002578000358161281
LR,combined,pr,1.0,0.4486843917895027,0.00025827956641860856
LR,combined,pr,1.0,0.4487462110774318,0.000258777238056962
LR,combined,pr,1.0,0.4488080474025079,0.0002612891392848669
LR,combined,pr,1.0,0.4488699007717751,0.00027013126837916276
LR,combined,pr,1.0,0.44893177119228117,0.0002728320664879189
LR,combined,pr,1.0,0.44899365867107804,0.000275552611032516
LR,combined,pr,1.0,0.4490555632152213,0.0002861742433264744
LR,combined,pr,1.0,0.44911748483177055,0.0002870858821173509
LR,combined,pr,1.0,0.4491794235277893,0.000293415176298306
LR,combined,pr,1.0,0.4492413793103448,0.00029518503071693643
LR,combined,pr,1.0,0.44930335218650846,0.00030986090894536994
LR,combined,pr,1.0,0.4493653421633554,0.0003206200969835999
LR,combined,pr,1.0,0.4494273492479647,0.0003225843241593217
LR,combined,pr,1.0,0.44948937344741924,0.0003301591980722274
LR,combined,pr,1.0,0.44955141476880606,0.0003376486889557221
LR,combined,pr,1.0,0.4496134732192159,0.0003395673752223313
LR,combined,pr,1.0,0.44967554880574345,0.00034074195270032855
LR,combined,pr,1.0,0.44973764153548745,0.0003426090223852155
LR,combined,pr,1.0,0.44979975141555034,0.0003434239588149266
LR,combined,pr,1.0,0.44986187845303865,0.00034360790395223875
LR,combined,pr,1.0,0.44992402265506287,0.0003450464392534354
LR,combined,pr,1.0,0.44998618402873725,0.00034641487253896216
LR,combined,pr,1.0,0.45004836258118003,0.0003475051222251081
LR,combined,pr,1.0,0.4501105583195135,0.0003481755409344692
LR,combined,pr,1.0,0.45017277125086386,0.0003484649297053906
LR,combined,pr,1.0,0.45023500138236106,0.0003679714331682179
LR,combined,pr,1.0,0.45029724872113924,0.0003715666272008039
LR,combined,pr,1.0,0.45035951327433627,0.00037390597947500556
LR,combined,pr,1.0,0.4504217950490942,0.0003748157076280012
LR,combined,pr,1.0,0.4504840940525588,0.00037579308657085197
LR,combined,pr,1.0,0.4505464102918799,0.000376150612114079
LR,combined,pr,1.0,0.4506087437742114,0.00037768140385893684
LR,combined,pr,1.0,0.45067109450671095,0.00038013947322999196
LR,combined,pr,1.0,0.4507334624965403,0.000382216125039918
LR,combined,pr,1.0,0.45079584775086506,0.0003864996890652302
LR,combined,pr,1.0,0.45085825027685494,0.0003875703721355304
LR,combined,pr,1.0,0.4509206700816835,0.00039686228983309806
LR,combined,pr,1.0,0.4509831071725284,0.0003970737162607458
LR,combined,pr,1.0,0.4510455615565711,0.000402099518399841
LR,combined,pr,1.0,0.45110803324099724,0.00040406755049157955
LR,combined,pr,1.0,0.45117052223299625,0.0004045372884820506
LR,combined,pr,1.0,0.4512330285397617,0.0004069357377222768
LR,combined,pr,1.0,0.45129555216849104,0.00041083710904298254
LR,combined,pr,1.0,0.4513580931263858,0.00041227731565113897
LR,combined,pr,1.0,0.4514206514206514,0.00042074170182344786
LR,combined,pr,1.0,0.45148322705849736,0.00042142528208671066
LR,combined,pr,1.0,0.4515458200471371,0.0004216284312113582
LR,combined,pr,1.0,0.4516084303937881,0.0004220300449881936
LR,combined,pr,1.0,0.4516710581056719,0.0004264685143697863
LR,combined,pr,1.0,0.4517337031900139,0.00042936922257538973
LR,combined,pr,1.0,0.4517963656540436,0.00043024423439625234
LR,combined,pr,1.0,0.45185904550499445,0.00043413844116113706
LR,combined,pr,1.0,0.45192174275010405,0.0004346190049472576
LR,combined,pr,1.0,0.4519844573966139,0.00043633516591084516
LR,combined,pr,1.0,0.4520471894517696,0.0004476254112224528
LR,combined,pr,1.0,0.45210993892282064,0.000447697226787125
LR,combined,pr,1.0,0.4521727058170207,0.0004489722759396034
LR,combined,pr,1.0,0.45223549014162734,0.00044921563106073827
LR,combined,pr,1.0,0.45229829190390225,0.00044955880598216075
LR,combined,pr,1.0,0.4523611111111111,0.00045441236167468793
LR,combined,pr,1.0,0.4524239477705237,0.0004545927076369997
LR,combined,pr,1.0,0.4524868018894137,0.00046229031227717376
LR,combined,pr,1.0,0.45254967347505903,0.00046320277997732233
LR,combined,pr,1.0,0.4526125625347415,0.00046332600258564515
LR,combined,pr,1.0,0.4526754690757471,0.0004679691416952205
LR,combined,pr,1.0,0.45273839310536557,0.0004767557552853147
LR,combined,pr,1.0,0.4528013346308911,0.00047816636487256996
LR,combined,pr,1.0,0.4528642936596218,0.0004841123213196834
LR,combined,pr,1.0,0.4529272701988597,0.0004867019852251116
LR,combined,pr,1.0,0.452990264255911,0.0004901253508159581
LR,combined,pr,1.0,0.45305327583808597,0.0004903862804816186
LR,combined,pr,1.0,0.45311630495269895,0.0004915154620129582
LR,combined,pr,1.0,0.4531793516070683,0.000493856541648698
LR,combined,pr,1.0,0.45324241580851654,0.0004948024924608938
LR,combined,pr,1.0,0.4533054975643702,0.0004978063403354363
LR,combined,pr,1.0,0.4533685968819599,0.0005092269794373769
LR,combined,pr,1.0,0.45343171376862035,0.0005093225759309496
LR,combined,pr,1.0,0.45349484823169034,0.000518635930299345
LR,combined,pr,1.0,0.45355800027851273,0.0005225923038952254
LR,combined,pr,1.0,0.45362116991643453,0.0005234483395338162
LR,combined,pr,1.0,0.4536843571528068,0.0005293963478834447
LR,combined,pr,1.0,0.45374756199498467,0.0005316862830666999
LR,combined,pr,1.0,0.4538107844503274,0.0005329055098089408
LR,combined,pr,1.0,0.45387402452619846,0.0005382893355603655
LR,combined,pr,1.0,0.45393728222996516,0.0005412827755555913
LR,combined,pr,1.0,0.45400055756899915,0.0005415126040341502
LR,combined,pr,1.0,0.45406385055067616,0.0005419896835157778
LR,combined,pr,1.0,0.4541271611823759,0.0005429980581651898
LR,combined,pr,1.0,0.4541904894714824,0.0005453155665362052
LR,combined,pr,1.0,0.45425383542538356,0.0005499363538270382
LR,combined,pr,1.0,0.4543171990514716,0.000551433488003991
LR,combined,pr,1.0,0.45438058035714285,0.0005584525198452209
LR,combined,pr,1.0,0.4544439793497977,0.0005612736583303898
LR,combined,pr,1.0,0.45450739603684065,0.0005664872202059084
LR,combined,pr,1.0,0.4546342825237298,0.0005801272163730324
LR,combined,pr,1.0,0.4546977523384057,0.0005810062386706311
LR,combined,pr,1.0,0.4547612398771293,0.0005810128261617084
LR,combined,pr,1.0,0.4548247451473258,0.0005826912507950899
LR,combined,pr,1.0,0.4548882681564246,0.0005841979605680697
LR,combined,pr,1.0,0.4549518089118592,0.0005893179702689529
LR,combined,pr,1.0,0.45501536742106735,0.0005905460353235642
LR,combined,pr,1.0,0.4550789436914908,0.0005910573930251199
LR,combined,pr,1.0,0.4551425377305757,0.0005932560094209363
LR,combined,pr,1.0,0.4552061495457722,0.0005988077699603997
LR,combined,pr,1.0,0.45526977914453454,0.0006039939338084187
LR,combined,pr,1.0,0.45533342653432124,0.000606118407497625
LR,combined,pr,1.0,0.45539709172259507,0.0006083530951926556
LR,combined,pr,1.0,0.45546077471682284,0.0006130761721663308
LR,combined,pr,1.0,0.4555244755244755,0.0006192308110015099
LR,combined,pr,1.0,0.45558819415302837,0.0006229183810897653
LR,combined,pr,1.0,0.45565193060996084,0.0006287630368167632
LR,combined,pr,1.0,0.4557156849027564,0.000632068181347658
LR,combined,pr,1.0,0.4557794570389029,0.0006321936256978087
LR,combined,pr,1.0,0.45584324702589224,0.0006360938602058092
LR,combined,pr,1.0,0.45590705487122063,0.0006422882843793198
LR,combined,pr,1.0,0.4559708805823883,0.0006450857068980714
LR,combined,pr,1.0,0.45603472416690005,0.0006490030809897542
LR,combined,pr,1.0,0.4560985856322644,0.0006505454329345467
LR,combined,pr,1.0,0.4561624649859944,0.0006544636772539415
LR,combined,pr,1.0,0.45622636223560725,0.000658333282033469
LR,combined,pr,1.0,0.45629027738862427,0.000665333961258541
LR,combined,pr,1.0,0.45635421045257113,0.0006669446202436612
LR,combined,pr,1.0,0.4564181614349776,0.0006748166815126871
LR,combined,pr,1.0,0.4564821303433777,0.0006773471796291669
LR,combined,pr,1.0,0.4565461171853098,0.0006817431645232361
LR,combined,pr,1.0,0.4566101219683163,0.0006896340984898394
LR,combined,pr,1.0,0.45667414469994394,0.000690146352026837
LR,combined,pr,1.0,0.45673818538774363,0.0006980608117396235
LR,combined,pr,1.0,0.45680224403927067,0.0007004296795747013
LR,combined,pr,1.0,0.45686632066208444,0.0007015835948747698
LR,combined,pr,1.0,0.4569304152637486,0.0007067733292307017
LR,combined,pr,1.0,0.4569945278518311,0.0007083425785553311
LR,combined,pr,1.0,0.45705865843390403,0.0007107244064421726
LR,combined,pr,1.0,0.4571228070175439,0.000718962237670704
LR,combined,pr,1.0,0.4571869736103313,0.0007195114697801724
LR,combined,pr,1.0,0.4572511582198512,0.0007257272323169338
LR,combined,pr,1.0,0.4573153608536928,0.0007278896608556588
LR,combined,pr,1.0,0.4573795815194495,0.0007385405106217525
LR,combined,pr,1.0,0.4574438202247191,0.0007431455391488608
LR,combined,pr,1.0,0.45750807697710355,0.000743682257909416
LR,combined,pr,1.0,0.4575723517842091,0.0007445275941438113
LR,combined,pr,1.0,0.4576366446536462,0.000745771618434439
LR,combined,pr,1.0,0.4577009555930298,0.0007520437382836445
LR,combined,pr,1.0,0.4577652846099789,0.0007527022958372265
LR,combined,pr,1.0,0.45782963171211694,0.0007529425946232061
LR,combined,pr,1.0,0.45789399690707155,0.0007558883190236041
LR,combined,pr,1.0,0.4579583802024747,0.0007580036921537068
LR,combined,pr,1.0,0.4580227816059626,0.0007580497771175863
LR,combined,pr,1.0,0.4580872011251758,0.0007590764634283576
LR,combined,pr,1.0,0.45815163876775916,0.0007745058201420278
LR,combined,pr,1.0,0.45821609454136186,0.0007874615220373047
LR,combined,pr,1.0,0.45828056845363724,0.0007879138699824255
LR,combined,pr,1.0,0.45834506051224316,0.0007926782282715099
LR,combined,pr,1.0,0.4584095707248417,0.0007985533403723743
LR,combined,pr,1.0,0.4584740990990991,0.0008003112633477282
LR,combined,pr,1.0,0.4585386456426862,0.000802316104018065
LR,combined,pr,1.0,0.45860321036327795,0.0008024371128410549
LR,combined,pr,1.0,0.4586677932685537,0.000802752505493539
LR,combined,pr,1.0,0.45873239436619717,0.0008089912713338236
LR,combined,pr,1.0,0.4587970136638963,0.0008156617850567916
LR,combined,pr,1.0,0.45886165116934347,0.0008210494708043301
LR,combined,pr,1.0,0.45892630689023534,0.000821461104120899
LR,combined,pr,1.0,0.4589909808342728,0.0008217182269640166
LR,combined,pr,1.0,0.4590556730091614,0.0008224948383030331
LR,combined,pr,1.0,0.45912038342261063,0.0008237655331910238
LR,combined,pr,1.0,0.4591851120823347,0.0008255197953296457
LR,combined,pr,1.0,0.45924985899605186,0.0008345527547634025
LR,combined,pr,1.0,0.459314624171485,0.0008370782931047489
LR,combined,pr,1.0,0.4593794076163611,0.0008381666156964323
LR,combined,pr,1.0,0.4594442093384116,0.000838229244142534
LR,combined,pr,1.0,0.45957386764498376,0.0008405200814879751
LR,combined,pr,1.0,0.45963872424499014,0.0008528743458167159
LR,combined,pr,1.0,0.45970359915314046,0.0008622156525823592
LR,combined,pr,1.0,0.45976849237718803,0.0008642124256806025
LR,combined,pr,1.0,0.4598334039248906,0.0008670021350630162
LR,combined,pr,1.0,0.4598983338040102,0.000870255621509869
LR,combined,pr,1.0,0.45996328202231324,0.0008752494513658005
LR,combined,pr,1.0,0.46002824858757063,0.000878867024856789
LR,combined,pr,1.0,0.46009323350755754,0.0008790024002873261
LR,combined,pr,1.0,0.4601582367900537,0.0008810490592569604
LR,combined,pr,1.0,0.460223258442843,0.0008935385316477288
LR,combined,pr,1.0,0.46028829847371394,0.0008956801411068955
LR,combined,pr,1.0,0.46035335689045936,0.0008990651796076869
LR,combined,pr,1.0,0.46041843370087643,0.0008991278278416219
LR,combined,pr,1.0,0.46048352891276684,0.0009011532961721914
LR,combined,pr,1.0,0.4605486425339366,0.0009021151387331871
LR,combined,pr,1.0,0.4606137745721963,0.000902774869342594
LR,combined,pr,1.0,0.4606789250353607,0.0009165404134254369
LR,combined,pr,1.0,0.4607440939312491,0.0009169343538555021
LR,combined,pr,1.0,0.46080928126768533,0.000921145680906844
LR,combined,pr,1.0,0.4608744870524975,0.0009218157626099991
LR,combined,pr,1.0,0.46093971129351824,0.0009237986812766709
LR,combined,pr,1.0,0.4610049539985846,0.0009242695746033095
LR,combined,pr,1.0,0.4610702151755379,0.0009377166382335318
LR,combined,pr,1.0,0.46113549483222427,0.0009384572084694645
LR,combined,pr,1.0,0.4612007929764939,0.0009410580626404033
LR,combined,pr,1.0,0.4612661096162017,0.0009504435014899361
LR,combined,pr,1.0,0.4613314447592068,0.0009553407746800578
LR,combined,pr,1.0,0.461396798413373,0.0009572713166660401
LR,combined,pr,1.0,0.4614621705865684,0.0009621669315149923
LR,combined,pr,1.0,0.4615275612866657,0.0009656189646688536
LR,combined,pr,1.0,0.46159297052154197,0.0009673355486627
LR,combined,pr,1.0,0.4616583982990787,0.0009763100719562108
LR,combined,pr,1.0,0.4617238446271619,0.0009770460307334096
LR,combined,pr,1.0,0.46178930951368213,0.0009799430095437363
LR,combined,pr,1.0,0.4618547929665343,0.0009897087670760966
LR,combined,pr,1.0,0.4619202949936179,0.0009949089299797979
LR,combined,pr,1.0,0.46198581560283686,0.0010026280126847673
LR,combined,pr,1.0,0.4620513548020996,0.0010049545322179069
LR,combined,pr,1.0,0.462116912599319,0.0010098077025186454
LR,combined,pr,1.0,0.4621824890024124,0.0010125743947123
LR,combined,pr,1.0,0.46224808401930173,0.0010141093214680302
LR,combined,pr,1.0,0.4623136976579134,0.001016339694298361
LR,combined,pr,1.0,0.4623793299261783,0.0010163586922329604
LR,combined,pr,1.0,0.4625106503834138,0.0010185239949127328
LR,combined,pr,1.0,0.4625763385882687,0.0010245421987465336
LR,combined,pr,1.0,0.46264204545454546,0.001026478562401527
LR,combined,pr,1.0,0.4627077709901975,0.0010303754491369354
LR,combined,pr,1.0,0.4628392781014637,0.0010317416464373295
LR,combined,pr,1.0,0.4629050596930074,0.0010405568258956667
LR,combined,pr,1.0,0.46297085998578535,0.0010425040175724984
LR,combined,pr,1.0,0.4630366789877737,0.001045267388929227
LR,combined,pr,1.0,0.46310251670695296,0.0010482180487561806
LR,combined,pr,1.0,0.4631683731513083,0.0010555419852180945
LR,combined,pr,1.0,0.4632342483288295,0.0010625586404941333
LR,combined,pr,1.0,0.46330014224751065,0.0010749895053915124
LR,combined,pr,1.0,0.4633660549153507,0.0010786022054897538
LR,combined,pr,1.0,0.4634319863403529,0.001078925460627807
LR,combined,pr,1.0,0.4634979365305251,0.0010832519324191507
LR,combined,pr,1.0,0.4635639054938799,0.0010849044135830188
LR,combined,pr,1.0,0.4636298932384342,0.0010907027182738937
LR,combined,pr,1.0,0.46369589977220954,0.00109564389134481
LR,combined,pr,1.0,0.4637619251032322,0.0011077867651833908
LR,combined,pr,1.0,0.4638279692395329,0.0011122976289751369
LR,combined,pr,1.0,0.4638940321891468,0.0011137457027542298
LR,combined,pr,1.0,0.46396011396011394,0.001116046665409097
LR,combined,pr,1.0,0.4640262145604787,0.00111985029687951
LR,combined,pr,1.0,0.4640923339982901,0.0011234952223361189
LR,combined,pr,1.0,0.46415847228160184,0.0011273304813897047
LR,combined,pr,1.0,0.4642246294184721,0.0011290373087193533
LR,combined,pr,1.0,0.46429080541696366,0.0011348138497423806
LR,combined,pr,1.0,0.464357000285144,0.001137647235632996
LR,combined,pr,1.0,0.4644232140310851,0.0011384512115204274
LR,combined,pr,1.0,0.4644894466628637,0.001138801738331929
LR,combined,pr,1.0,0.46455569818856085,0.0011512918936791119
LR,combined,pr,1.0,0.4646219686162625,0.0011529156082235178
LR,combined,pr,1.0,0.46468825795405905,0.0011621019374230526
LR,combined,pr,1.0,0.4647545662100457,0.0011697526920457235
LR,combined,pr,1.0,0.46482089339232197,0.0011699495567759745
LR,combined,pr,1.0,0.4648872395089923,0.0011744342341754815
LR,combined,pr,1.0,0.4649536045681656,0.0011804748127843302
LR,combined,pr,1.0,0.46501998857795546,0.0011820161899391611
LR,combined,pr,1.0,0.46508639154648007,0.0011869794807470345
LR,combined,pr,1.0,0.4651528134818623,0.0011898007775484022
LR,combined,pr,1.0,0.46521925439222966,0.0011917995606295945
LR,combined,pr,1.0,0.4652857142857143,0.0011928049983729947
LR,combined,pr,1.0,0.4653521931704529,0.0012082008355915933
LR,combined,pr,1.0,0.46541869105458705,0.001211581098828775
LR,combined,pr,1.0,0.4654852079462627,0.001218305751046119
LR,combined,pr,1.0,0.46555174385363063,0.0012183331796188181
LR,combined,pr,1.0,0.46561829878484634,0.001226873727464962
LR,combined,pr,1.0,0.4656848727480698,0.0012283662283859623
LR,combined,pr,1.0,0.46575146575146575,0.001232236723071308
LR,combined,pr,1.0,0.46581807780320367,0.0012367458607647978
LR,combined,pr,1.0,0.4658847089114576,0.0012423170415085311
LR,combined,pr,1.0,0.46595135908440627,0.0012438343632194626
LR,combined,pr,1.0,0.4660180283302332,0.0012454682098284495
LR,combined,pr,1.0,0.46608471665712653,0.0012466500617525664
LR,combined,pr,1.0,0.4661514240732789,0.0012580807139162898
LR,combined,pr,1.0,0.46621815058688804,0.001258167099881575
LR,combined,pr,1.0,0.46628489620615604,0.001274803223230991
LR,combined,pr,1.0,0.4663516609392898,0.0012892144034957413
LR,combined,pr,1.0,0.46641844479450095,0.0012912405827430681
LR,combined,pr,1.0,0.4664852477800057,0.0013077787816135364
LR,combined,pr,1.0,0.4665520699040252,0.001313655504022687
LR,combined,pr,1.0,0.4666189111747851,0.001314364748309026
LR,combined,pr,1.0,0.46668577160051583,0.0013175304294115332
LR,combined,pr,1.0,0.4667526511894526,0.0013237002498275752
LR,combined,pr,1.0,0.46681954994983516,0.001332002261339896
LR,combined,pr,1.0,0.46688646788990823,0.0013358010991546038
LR,combined,pr,1.0,0.46695340501792115,0.0013389196932008889
LR,combined,pr,1.0,0.4670203613421279,0.0013444720528166818
LR,combined,pr,1.0,0.4670873368707873,0.0013460165018689375
LR,combined,pr,1.0,0.46722134557452305,0.0013466065287078576
LR,combined,pr,1.0,0.4672883787661406,0.0013517210677216058
LR,combined,pr,1.0,0.46735543119529344,0.0013612303202711982
LR,combined,pr,1.0,0.46742250287026404,0.0013705395735184262
LR,combined,pr,1.0,0.46748959379933974,0.001379736171432296
LR,combined,pr,1.0,0.4675567039908125,0.0013858183015215775
LR,combined,pr,1.0,0.4676238334529792,0.0013879764197662614
LR,combined,pr,1.0,0.4676909821941413,0.0013929237944943426
LR,combined,pr,1.0,0.4677581502226052,0.0013976296685611995
LR,combined,pr,1.0,0.467825337546682,0.0013997045386757118
LR,combined,pr,1.0,0.46789254417468756,0.0014064482948954425
LR,combined,pr,1.0,0.46795977011494255,0.0014163525540906716
LR,combined,pr,1.0,0.4680270153757724,0.0014330010645774677
LR,combined,pr,1.0,0.46809427996550734,0.0014330197187951469
LR,combined,pr,1.0,0.46816156389248237,0.0014346062345604114
LR,combined,pr,1.0,0.46822886716503737,0.001438032377113064
LR,combined,pr,1.0,0.4682961897915169,0.0014384325494414692
LR,combined,pr,1.0,0.46836353178027035,0.0014524273285837508
LR,combined,pr,1.0,0.46843089313965197,0.0014737097986796484
LR,combined,pr,1.0,0.46849827387802073,0.001477791798693898
LR,combined,pr,1.0,0.4685656740037405,0.001478488045180943
LR,combined,pr,1.0,0.46863309352517984,0.0014847607884092829
LR,combined,pr,1.0,0.46870053245071236,0.0014864826568291
LR,combined,pr,1.0,0.46876799078871617,0.0014869306377340151
LR,combined,pr,1.0,0.4688354685475745,0.001506708431887851
LR,combined,pr,1.0,0.4689029657356752,0.0015083982197315689
LR,combined,pr,1.0,0.4689704823614111,0.001517499829607312
LR,combined,pr,1.0,0.4690380184331797,0.0015249577386912787
LR,combined,pr,1.0,0.46910557395938357,0.0015311340472575644
LR,combined,pr,1.0,0.4691731489484299,0.0015322688943615517
LR,combined,pr,1.0,0.46924074340873073,0.0015352494365525932
LR,combined,pr,1.0,0.4693083573487032,0.0015366483653241688
LR,combined,pr,1.0,0.4694436437013549,0.0015372214941628685
LR,combined,pr,1.0,0.4695113161308923,0.001540076106392196
LR,combined,pr,1.0,0.46957900807381775,0.0015405111815593208
LR,combined,pr,1.0,0.46964671953857245,0.0015408700209380705
LR,combined,pr,1.0,0.46971445053360256,0.0015440985776272616
LR,combined,pr,1.0,0.469782201067359,0.0015562754819011938
LR,combined,pr,1.0,0.46984997114829774,0.0015568101283133908
LR,combined,pr,1.0,0.4699177607848795,0.001558176476499328
LR,combined,pr,1.0,0.46998556998557,0.0015697724346249394
LR,combined,pr,1.0,0.47005339875883967,0.0015721940653052268
LR,combined,pr,1.0,0.470121247113164,0.0015723337558172972
LR,combined,pr,1.0,0.47018911505702327,0.0015726558351016038
LR,combined,pr,1.0,0.4702570025989027,0.0015750561465901682
LR,combined,pr,1.0,0.4703249097472924,0.0015757590056728133
LR,combined,pr,1.0,0.4703928365106875,0.0015760023950300963
LR,combined,pr,1.0,0.47046078289758775,0.0015776123555382258
LR,combined,pr,1.0,0.4705287489164981,0.0015811879609479284
LR,combined,pr,1.0,0.4705967345759283,0.0015907868594476399
LR,combined,pr,1.0,0.47066473988439306,0.0015909655939170546
LR,combined,pr,1.0,0.47073276485041193,0.00159309914296116
LR,combined,pr,1.0,0.4708008094825094,0.0015970771943353969
LR,combined,pr,1.0,0.470868873789215,0.0015991252241349299
LR,combined,pr,1.0,0.470936957779063,0.0016047949844875194
LR,combined,pr,1.0,0.4710050614605929,0.0016059690325973476
LR,combined,pr,1.0,0.47107318484234884,0.0016134763959557603
LR,combined,pr,1.0,0.4711413279328801,0.0016172117250662294
LR,combined,pr,1.0,0.47120949074074076,0.0016181048234395104
LR,combined,pr,1.0,0.47134587554269175,0.0016204544540585643
LR,combined,pr,1.0,0.47141409755391517,0.0016283275288692725
LR,combined,pr,1.0,0.4714823393167342,0.00163049933182854
LR,combined,pr,1.0,0.47155060083972783,0.0016308265046823768
LR,combined,pr,1.0,0.4716188821314799,0.0016326414185872152
LR,combined,pr,1.0,0.4716871832005793,0.0016345878879313919
LR,combined,pr,1.0,0.47175550405561995,0.0016360165443267535
LR,combined,pr,1.0,0.47189220515792524,0.0016379761391605793
LR,combined,pr,1.0,0.47196058542240255,0.0016380956962067754
LR,combined,pr,1.0,0.47202898550724637,0.001640387501688832
LR,combined,pr,1.0,0.47209740542107553,0.0016478545581452367
LR,combined,pr,1.0,0.47216584517251375,0.0016626356340207424
LR,combined,pr,1.0,0.47223430477018996,0.0016728378591787812
LR,combined,pr,1.0,0.4723027842227378,0.0016737003091293308
LR,combined,pr,1.0,0.4723712835387962,0.0016772147165682837
LR,combined,pr,1.0,0.472439802727009,0.0016785290990120245
LR,combined,pr,1.0,0.47250834179602497,0.0016793897187167596
LR,combined,pr,1.0,0.472576900754498,0.0016886090421161556
LR,combined,pr,1.0,0.47264547961108694,0.0016896039731547161
LR,combined,pr,1.0,0.4727140783744557,0.00170193012545854
LR,combined,pr,1.0,0.47278269705327336,0.0017040184125170807
LR,combined,pr,1.0,0.4728513356562137,0.001704471147880676
LR,combined,pr,1.0,0.47291999419195585,0.0017137120184866942
LR,combined,pr,1.0,0.4729886726691839,0.001715477659554804
LR,combined,pr,1.0,0.4730573710965868,0.0017180769366539513
LR,combined,pr,1.0,0.4731260894828588,0.0017276769116605288
LR,combined,pr,1.0,0.47319482783669914,0.0017291597338420783
LR,combined,pr,1.0,0.47326358616681197,0.0017299245808271807
LR,combined,pr,1.0,0.4733323644819067,0.0017420632384568522
LR,combined,pr,1.0,0.47340116279069766,0.0017445139008885732
LR,combined,pr,1.0,0.47346998110190436,0.0017445767684396152
LR,combined,pr,1.0,0.47353881942425124,0.0017470441746776622
LR,combined,pr,1.0,0.47360767776646795,0.0017503636718797066
LR,combined,pr,1.0,0.4736765561372891,0.001766414867277397
LR,combined,pr,1.0,0.4737454545454545,0.001767116102310517
LR,combined,pr,1.0,0.473814372999709,0.0017704138963084888
LR,combined,pr,1.0,0.4738833115088026,0.0017706430201563767
LR,combined,pr,1.0,0.4739522700814901,0.001774590918397684
LR,combined,pr,1.0,0.4740212487265318,0.0017799327450474557
LR,combined,pr,1.0,0.47409024745269285,0.0017817025182240527
LR,combined,pr,1.0,0.4741592662687436,0.0017818700304671911
LR,combined,pr,1.0,0.47422830518345954,0.0017832540541381943
LR,combined,pr,1.0,0.4742973642056211,0.001784685399556101
LR,combined,pr,1.0,0.47436644334401395,0.0017895133936664997
LR,combined,pr,1.0,0.474435542607429,0.0017946473807239525
LR,combined,pr,1.0,0.474504662004662,0.001807673916001506
LR,combined,pr,1.0,0.47457380154451406,0.0018194577783665494
LR,combined,pr,1.0,0.4746429612357913,0.001826929394363644
LR,combined,pr,1.0,0.4747121410873051,0.0018298054227141672
LR,combined,pr,1.0,0.47478134110787173,0.0018302637781668653
LR,combined,pr,1.0,0.47485056130631287,0.0018406154743157795
LR,combined,pr,1.0,0.47491980169145526,0.0018423831439141304
LR,combined,pr,1.0,0.47498906227213067,0.001842627745172313
LR,combined,pr,1.0,0.4750583430571762,0.0018475177417689333
LR,combined,pr,1.0,0.475127644055434,0.0018557542355076466
LR,combined,pr,1.0,0.4751969652757514,0.0018610804096609232
LR,combined,pr,1.0,0.4752663067269809,0.001863414796056732
LR,combined,pr,1.0,0.47533566841798014,0.001866036149747817
LR,combined,pr,1.0,0.47540505035761205,0.0018663406777271047
LR,combined,pr,1.0,0.4754744525547445,0.0018701922080734633
LR,combined,pr,1.0,0.47554387501825085,0.0018757775423604388
LR,combined,pr,1.0,0.4756133177570093,0.00187603453239711
LR,combined,pr,1.0,0.4756827807799036,0.0018959487599931053
LR,combined,pr,1.0,0.4757522640958224,0.0019015849538953666
LR,combined,pr,1.0,0.4758217677136596,0.001903035644236369
LR,combined,pr,1.0,0.4758912916423144,0.001907957734913348
LR,combined,pr,1.0,0.4759608358906912,0.0019092709115045364
LR,combined,pr,1.0,0.4760304004676995,0.001910108771933942
LR,combined,pr,1.0,0.47609998538225407,0.0019147380379675688
LR,combined,pr,1.0,0.47616959064327485,0.0019187635504903226
LR,combined,pr,1.0,0.47623921625968707,0.0019263006500822443
LR,combined,pr,1.0,0.4763088622404212,0.0019413568816704083
LR,combined,pr,1.0,0.47637852859441276,0.001946685938314104
LR,combined,pr,1.0,0.47644821533060266,0.0019489435863659726
LR,combined,pr,1.0,0.4765179224579371,0.0019491052917403131
LR,combined,pr,1.0,0.4765876499853673,0.0019498105893373742
LR,combined,pr,1.0,0.47665739792184986,0.001950795884999933
LR,combined,pr,1.0,0.4767271662763466,0.0019519906132145332
LR,combined,pr,1.0,0.4767969550578246,0.001956604361905075
LR,combined,pr,1.0,0.4768667642752562,0.0019606212754765574
LR,combined,pr,1.0,0.476936593937619,0.0019639821849671765
LR,combined,pr,1.0,0.47700644405389575,0.0019663847390558246
LR,combined,pr,1.0,0.47707631463307454,0.0019722323081909268
LR,combined,pr,1.0,0.47714620568414884,0.001974823053069319
LR,combined,pr,1.0,0.47721611721611723,0.0019809224482951887
LR,combined,pr,1.0,0.47728604923798357,0.0019823907081334873
LR,combined,pr,1.0,0.47735600175875714,0.001996011899273611
LR,combined,pr,1.0,0.47742597478745236,0.002008868916636953
LR,combined,pr,1.0,0.477495968333089,0.0020101137106334054
LR,combined,pr,1.0,0.47756598240469206,0.0020142781379869777
LR,combined,pr,1.0,0.477636017011292,0.002016184557629893
LR,combined,pr,1.0,0.47770607216192434,0.002021010853211397
LR,combined,pr,1.0,0.47777614786563005,0.0020377874596826558
LR,combined,pr,1.0,0.4778462441314554,0.0020464991553555694
LR,combined,pr,1.0,0.47791636096845197,0.0020550212524142585
LR,combined,pr,1.0,0.47798649838567653,0.002069035855337244
LR,combined,pr,1.0,0.4780566563921914,0.002070338857297534
LR,combined,pr,1.0,0.478126834997064,0.0020749765934338854
LR,combined,pr,1.0,0.4781970342093672,0.0021038741825508667
LR,combined,pr,1.0,0.47826725403817916,0.002107054058814061
LR,combined,pr,1.0,0.47833749449258334,0.002126129681643521
LR,combined,pr,1.0,0.47840775558166865,0.002130855376826174
LR,combined,pr,1.0,0.47847803731452915,0.0021359841676807114
LR,combined,pr,1.0,0.47854833970026445,0.0021402177499685697
LR,combined,pr,1.0,0.47861866274797943,0.0021412717387246606
LR,combined,pr,1.0,0.47868900646678425,0.0021499064941098516
LR,combined,pr,1.0,0.4787593708657945,0.0021556062109222
LR,combined,pr,1.0,0.47882975595413113,0.00215829924278593
LR,combined,pr,1.0,0.4789001617409204,0.002166201051004244
LR,combined,pr,1.0,0.4789705882352941,0.0021701721580731563
LR,combined,pr,1.0,0.47904103544638915,0.0021736880785914285
LR,combined,pr,1.0,0.47911150338334807,0.0021740609137148987
LR,combined,pr,1.0,0.47918199205531853,0.002174873382370453
LR,combined,pr,1.0,0.4792525014714538,0.0021801766166946353
LR,combined,pr,1.0,0.47932303164091244,0.0021858045916368237
LR,combined,pr,1.0,0.4793935825728584,0.0021861723774050275
LR,combined,pr,1.0,0.47946415427646105,0.002188899469046392
LR,combined,pr,1.0,0.4795347467608952,0.002190165476758871
LR,combined,pr,1.0,0.4796053600353409,0.0022052291154754647
LR,combined,pr,1.0,0.4796759941089838,0.002208906419331851
LR,combined,pr,1.0,0.4797466489910149,0.002212395562028296
LR,combined,pr,1.0,0.47981732469063054,0.002213469381423416
LR,combined,pr,1.0,0.47988802121703256,0.0022183205361132282
LR,combined,pr,1.0,0.4799587385794282,0.0022246823658018584
LR,combined,pr,1.0,0.48002947678703023,0.0022268889147602547
LR,combined,pr,1.0,0.4801002358490566,0.002236592143232858
LR,combined,pr,1.0,0.4801710157747309,0.002244646074601922
LR,combined,pr,1.0,0.48024181657328224,0.0022467616304839362
LR,combined,pr,1.0,0.4803126382539448,0.002250102404209252
LR,combined,pr,1.0,0.4803834808259587,0.0022514049610470495
LR,combined,pr,1.0,0.4804543442985691,0.0022712165483749496
LR,combined,pr,1.0,0.4805252286810269,0.0022760601584559284
LR,combined,pr,1.0,0.48059613398258816,0.0023088540890389762
LR,combined,pr,1.0,0.48066706021251476,0.002309798134891331
LR,combined,pr,1.0,0.48073800738007383,0.0023271253951450644
LR,combined,pr,1.0,0.48080897549453794,0.0023296388381389864
LR,combined,pr,1.0,0.4808799645651853,0.002334852001748689
LR,combined,pr,1.0,0.4809509746012995,0.002337876445739239
LR,combined,pr,1.0,0.48102200561216957,0.002338540995821145
LR,combined,pr,1.0,0.4810930576070901,0.0023437795894967407
LR,combined,pr,1.0,0.48116413059536123,0.0023444657988137946
LR,combined,pr,1.0,0.4812352245862884,0.0023526629523617504
LR,combined,pr,1.0,0.4813063395891828,0.00235490926926669
LR,combined,pr,1.0,0.4813774756133609,0.0023551053563157687
LR,combined,pr,1.0,0.48144863266814486,0.0023596084155265
LR,combined,pr,1.0,0.4815198107628622,0.002380495151017781
LR,combined,pr,1.0,0.48159100990684606,0.0023821606153556292
LR,combined,pr,1.0,0.4816622301094351,0.002385748586246528
LR,combined,pr,1.0,0.48173347137997335,0.0023860819940041272
LR,combined,pr,1.0,0.48180473372781063,0.0023940785622219465
LR,combined,pr,1.0,0.4818760171623021,0.002402393503330252
LR,combined,pr,1.0,0.4819473216928085,0.002409192151107811
LR,combined,pr,1.0,0.48201864732869615,0.002418344129534059
LR,combined,pr,1.0,0.4820899940793369,0.0024223686126948647
LR,combined,pr,1.0,0.4821613619541081,0.002425360299962801
LR,combined,pr,1.0,0.48223275096239265,0.002433349507169705
LR,combined,pr,1.0,0.48230416111357916,0.0024352098908059314
LR,combined,pr,1.0,0.4823755924170616,0.0024361279003025887
LR,combined,pr,1.0,0.48244704488223966,0.002438352893274623
LR,combined,pr,1.0,0.4825185185185185,0.002440176020911933
LR,combined,pr,1.0,0.48259001333530893,0.0024430885419064385
LR,combined,pr,1.0,0.4826615293420273,0.0024485610601864163
LR,combined,pr,1.0,0.48273306654809545,0.00245763678645101
LR,combined,pr,1.0,0.482804624962941,0.002458209703557313
LR,combined,pr,1.0,0.48287620459599706,0.0024603796310493815
LR,combined,pr,1.0,0.48294780545670224,0.0024611744319150137
LR,combined,pr,1.0,0.48301942755450095,0.0024660599662322913
LR,combined,pr,1.0,0.48309107089884307,0.0024671606390428993
LR,combined,pr,1.0,0.4831627354991841,0.002469869208023882
LR,combined,pr,1.0,0.4832344213649852,0.002486106278987038
LR,combined,pr,1.0,0.48330612850571303,0.002488341924120978
LR,combined,pr,1.0,0.48337785693084,0.0024927127609201427
LR,combined,pr,1.0,0.48344960664984415,0.0024972375970576067
LR,combined,pr,1.0,0.48352137767220904,0.002499790369886782
LR,combined,pr,1.0,0.4835931700074239,0.0025012326060863924
LR,combined,pr,1.0,0.48366498366498367,0.0025083005156857903
LR,combined,pr,1.0,0.48373681865438883,0.002513928340503855
LR,combined,pr,1.0,0.48380867498514557,0.0025291310456740748
LR,combined,pr,1.0,0.4838805526667657,0.0025324450638403995
LR,combined,pr,1.0,0.4839524517087667,0.0025440275255963433
LR,combined,pr,1.0,0.48402437212067173,0.0025485069815660605
LR,combined,pr,1.0,0.4840963139120095,0.002551837887610518
LR,combined,pr,1.0,0.4841682770923146,0.0025533424736670167
LR,combined,pr,1.0,0.484240261671127,0.0025647178097587173
LR,combined,pr,1.0,0.48431226765799257,0.00257171813861112
LR,combined,pr,1.0,0.48438429506246283,0.0025767599234973446
LR,combined,pr,1.0,0.4844563438940949,0.002590096625361237
LR,combined,pr,1.0,0.4845284141624516,0.0025910656081658484
LR,combined,pr,1.0,0.48460050587710163,0.0025912619188835744
LR,combined,pr,1.0,0.48467261904761905,0.0026003943602490726
LR,combined,pr,1.0,0.4847447536835839,0.0026023039329057117
LR,combined,pr,1.0,0.4848169097945817,0.0026065008616490215
LR,combined,pr,1.0,0.484889087390204,0.0026065770214714072
LR,combined,pr,1.0,0.48496128648004766,0.002610882076683047
LR,combined,pr,1.0,0.48503350707371556,0.0026152433928034935
LR,combined,pr,1.0,0.4851057491808162,0.002626967427569539
LR,combined,pr,1.0,0.4851780128109638,0.002645874855252646
LR,combined,pr,1.0,0.48525029797377833,0.00264700862675974
LR,combined,pr,1.0,0.48532260467888544,0.0026490205525238585
LR,combined,pr,1.0,0.48539493293591657,0.0026536413729900143
LR,combined,pr,1.0,0.48546728275450884,0.002667824190019164
LR,combined,pr,1.0,0.48553965414430533,0.002670121364944669
LR,combined,pr,1.0,0.48561204711495454,0.002675888967145892
LR,combined,pr,1.0,0.48568446167611096,0.0026768076532065936
LR,combined,pr,1.0,0.48575689783743475,0.0026777813192605474
LR,combined,pr,1.0,0.48582935560859186,0.0026780770488258514
LR,combined,pr,1.0,0.48590183499925405,0.002682103592340779
LR,combined,pr,1.0,0.4859743360190988,0.0026842534623069585
LR,combined,pr,1.0,0.4860468586778093,0.0026982293955965385
LR,combined,pr,1.0,0.4861194029850746,0.0026991309002545043
LR,combined,pr,1.0,0.48619196895058964,0.0026995472963051823
LR,combined,pr,1.0,0.48626455658405493,0.00271870465205894
LR,combined,pr,1.0,0.48633716589517695,0.0027196409893541274
LR,combined,pr,1.0,0.48640979689366787,0.002721011937878408
LR,combined,pr,1.0,0.4864824495892457,0.002734066938064407
LR,combined,pr,1.0,0.4865551239916343,0.0027421431298200105
LR,combined,pr,1.0,0.48662782011056327,0.0027470589763372508
LR,combined,pr,1.0,0.48670053795576806,0.002747125069968932
LR,combined,pr,1.0,0.48677327753699,0.0027471529463500397
LR,combined,pr,1.0,0.4868460388639761,0.0027476244860948724
LR,combined,pr,1.0,0.4869188219464793,0.002749606258875961
LR,combined,pr,1.0,0.4869916267942584,0.0027504297572143715
LR,combined,pr,1.0,0.48706445341707794,0.002752277755659316
LR,combined,pr,1.0,0.4871373018247083,0.0027566703440092288
LR,combined,pr,1.0,0.48721017202692596,0.0027677273990291853
LR,combined,pr,1.0,0.48728306403351285,0.002776025010826779
LR,combined,pr,1.0,0.48735597785425705,0.002782736717403618
LR,combined,pr,1.0,0.4874289134989524,0.002792714082554105
LR,combined,pr,1.0,0.4875018709773986,0.0028024181209925837
LR,combined,pr,1.0,0.4875748502994012,0.0028051313980632683
LR,combined,pr,1.0,0.4876478514747717,0.002805886359226207
LR,combined,pr,1.0,0.48772087451332735,0.0028069038987815786
LR,combined,pr,1.0,0.4877939194248914,0.0028256062784257916
LR,combined,pr,1.0,0.487866986219293,0.0028445748898242368
LR,combined,pr,1.0,0.48794007490636704,0.0028603531764972386
LR,combined,pr,1.0,0.48801318549595446,0.002869527935330845
LR,combined,pr,1.0,0.488086317997902,0.002878063160303485
LR,combined,pr,1.0,0.48815947242206237,0.0028835580271080142
LR,combined,pr,1.0,0.4882326487782941,0.0028885466912471425
LR,combined,pr,1.0,0.4883058470764618,0.002889975703783881
LR,combined,pr,1.0,0.48837906732643577,0.0028927050908969733
LR,combined,pr,1.0,0.4884523095380924,0.0029058208837472854
LR,combined,pr,1.0,0.48852557372131394,0.002912600891225726
LR,combined,pr,1.0,0.4885988598859886,0.0029213181772677317
LR,combined,pr,1.0,0.4886721680420105,0.002921874803164416
LR,combined,pr,1.0,0.4887454981992797,0.002925036569332191
LR,combined,pr,1.0,0.48881885036770223,0.0029256599786838654
LR,combined,pr,1.0,0.48889222455719006,0.0029316411227427223
LR,combined,pr,1.0,0.48896562077766104,0.002939237854615358
LR,combined,pr,1.0,0.48903903903903906,0.0029428787109979054
LR,combined,pr,1.0,0.48911247935125396,0.002953141801946093
LR,combined,pr,1.0,0.4891859417242415,0.0029545307191215483
LR,combined,pr,1.0,0.48925942616794355,0.0029619747151126926
LR,combined,pr,1.0,0.4893329326923077,0.0029726045113784272
LR,combined,pr,1.0,0.48940646130728777,0.002983940849405086
LR,combined,pr,1.0,0.4894800120228434,0.002984102162249571
LR,combined,pr,1.0,0.48955358484894035,0.002987491260448643
LR,combined,pr,1.0,0.4896271797955502,0.002987952163823366
LR,combined,pr,1.0,0.4897007968726507,0.0030012039923959814
LR,combined,pr,1.0,0.4897744360902256,0.003008151685609413
LR,combined,pr,1.0,0.4898480974582644,0.003008657454045848
LR,combined,pr,1.0,0.4899217809867629,0.0030162197627285883
LR,combined,pr,1.0,0.4899954866857229,0.003031064222907072
LR,combined,pr,1.0,0.49006921456515196,0.003047529423884399
LR,combined,pr,1.0,0.49014296463506396,0.003049477948250452
LR,combined,pr,1.0,0.4902167369054786,0.003065463016097584
LR,combined,pr,1.0,0.4902905313864218,0.003091751430623128
LR,combined,pr,1.0,0.49036434808792534,0.0030936583931598007
LR,combined,pr,1.0,0.4904381870200271,0.0031011287678211967
LR,combined,pr,1.0,0.4905120481927711,0.0031012988133466033
LR,combined,pr,1.0,0.4905859316162073,0.003104833273682065
LR,combined,pr,1.0,0.4906598373003917,0.003121747117827918
LR,combined,pr,1.0,0.4907337652553865,0.003133186456002655
LR,combined,pr,1.0,0.4908077154912598,0.0031352654329084677
LR,combined,pr,1.0,0.4908816880180859,0.003143671392305689
LR,combined,pr,1.0,0.49095568284594515,0.0031447239185810614
LR,combined,pr,1.0,0.49102969998492385,0.003149604855205274
LR,combined,pr,1.0,0.4911037394451146,0.003160711488574427
LR,combined,pr,1.0,0.4911778012366159,0.003160800754067205
LR,combined,pr,1.0,0.4912518853695324,0.0031642411501088333
LR,combined,pr,1.0,0.49132599185397496,0.0031645057426422174
LR,combined,pr,1.0,0.49140012070006034,0.003173224231528453
LR,combined,pr,1.0,0.4914742719179116,0.0031841672031554216
LR,combined,pr,1.0,0.4915484455176577,0.0031889340349709676
LR,combined,pr,1.0,0.49162264150943397,0.0031902509064852297
LR,combined,pr,1.0,0.49169685990338163,0.0032036135232532755
LR,combined,pr,1.0,0.4917711007096482,0.003206356469107836
LR,combined,pr,1.0,0.4918453639383872,0.0032067648595016976
LR,combined,pr,1.0,0.49191964959975837,0.003207316188286747
LR,combined,pr,1.0,0.4919939577039275,0.003210146789551101
LR,combined,pr,1.0,0.49206828826106663,0.003211863688705564
LR,combined,pr,1.0,0.4921426412813539,0.0032132461031357234
LR,combined,pr,1.0,0.49221701677497354,0.0032143022731338064
LR,combined,pr,1.0,0.4922914147521161,0.0032198893702467713
LR,combined,pr,1.0,0.49236583522297805,0.0032202212106866896
LR,combined,pr,1.0,0.4924402781977623,0.0032333310396476154
LR,combined,pr,1.0,0.49251474368667775,0.0032404142228703485
LR,combined,pr,1.0,0.4925892316999395,0.0032433191340102297
LR,combined,pr,1.0,0.4926637422477689,0.0032551083009802985
LR,combined,pr,1.0,0.49273827534039333,0.0032601031941072913
LR,combined,pr,1.0,0.4928128309880466,0.003264350392520113
LR,combined,pr,1.0,0.4928874092009685,0.0032654756938240463
LR,combined,pr,1.0,0.4929620099894052,0.0032665659128712594
LR,combined,pr,1.0,0.49303663336360887,0.0032755566847792045
LR,combined,pr,1.0,0.493111279333838,0.0032903078695488822
LR,combined,pr,1.0,0.49318594791035736,0.00329609469588687
LR,combined,pr,1.0,0.4932606391034378,0.0033037423245062987
LR,combined,pr,1.0,0.49333535292335656,0.0033096684479402053
LR,combined,pr,1.0,0.49341008938039693,0.0033098602644918095
LR,combined,pr,1.0,0.49348484848484847,0.003310898857943514
LR,combined,pr,1.0,0.4935596302470071,0.003311549996762225
LR,combined,pr,1.0,0.4936344346771749,0.0033129462030098786
LR,combined,pr,1.0,0.49370926178566016,0.0033212564437986813
LR,combined,pr,1.0,0.49378411158277746,0.0033386699541635293
LR,combined,pr,1.0,0.4938589840788476,0.003341649060966098
LR,combined,pr,1.0,0.49393387928419774,0.0033508355599660288
LR,combined,pr,1.0,0.49400879720916124,0.003356132014052309
LR,combined,pr,1.0,0.49408373786407767,0.0033677824623375764
LR,combined,pr,1.0,0.49415870125929295,0.003368039541854403
LR,combined,pr,1.0,0.4942336874051593,0.0033681194667770113
LR,combined,pr,1.0,0.4943086963120352,0.0033685173721636624
LR,combined,pr,1.0,0.49438372799028535,0.0033783913531099056
LR,combined,pr,1.0,0.49445878245028085,0.003379950733764435
LR,combined,pr,1.0,0.49453385970239905,0.0033924197368101136
LR,combined,pr,1.0,0.4946089597570235,0.0033937132369418533
LR,combined,pr,1.0,0.49468408262454433,0.0034013393860886348
LR,combined,pr,1.0,0.49475922831535774,0.0034133158325012113
LR,combined,pr,1.0,0.4948343968398663,0.0034137896365358886
LR,combined,pr,1.0,0.49490958820847897,0.0034168159272917656
LR,combined,pr,1.0,0.4949848024316109,0.003424932720248954
LR,combined,pr,1.0,0.49506003951968386,0.0034295675830763573
LR,combined,pr,1.0,0.49513529948312557,0.0034361849295418906
LR,combined,pr,1.0,0.49521058233237036,0.0034370567900777315
LR,combined,pr,1.0,0.4952858880778589,0.003442192881352919
LR,combined,pr,1.0,0.495361216730038,0.0034507419080305785
LR,combined,pr,1.0,0.4954365682993611,0.0034601362742287915
LR,combined,pr,1.0,0.49551194279628785,0.003461897257203345
LR,combined,pr,1.0,0.49558734023128426,0.0034831931107626238
LR,combined,pr,1.0,0.49566276061482273,0.003484567333386955
LR,combined,pr,1.0,0.49573820395738205,0.0034868929053786493
LR,combined,pr,1.0,0.4958136702694474,0.00349175830323694
LR,combined,pr,1.0,0.49588915956151036,0.0034969125694016695
LR,combined,pr,1.0,0.49596467184406884,0.003501243095632594
LR,combined,pr,1.0,0.4960402071276272,0.0035123002837784095
LR,combined,pr,1.0,0.49611576542269614,0.0035130202475642017
LR,combined,pr,1.0,0.4961913467397928,0.003516611371559971
LR,combined,pr,1.0,0.4962669510894408,0.003519033809006616
LR,combined,pr,1.0,0.49634257848217006,0.0035233563768417267
LR,combined,pr,1.0,0.496418228928517,0.003527071688782901
LR,combined,pr,1.0,0.4964939024390244,0.003530103270517821
LR,combined,pr,1.0,0.4965695990242415,0.0035361524419095626
LR,combined,pr,1.0,0.496645318694724,0.0035633226440949482
LR,combined,pr,1.0,0.496721061461034,0.003564249409690605
LR,combined,pr,1.0,0.4967968273337401,0.0035653944155323632
LR,combined,pr,1.0,0.4968726163234172,0.003570060348798219
LR,combined,pr,1.0,0.4969484284406469,0.0035711944951337883
LR,combined,pr,1.0,0.4970242636960171,0.003583461987385199
LR,combined,pr,1.0,0.4971001221001221,0.0035863522993187925
LR,combined,pr,1.0,0.4971760036635628,0.0036049270482060793
LR,combined,pr,1.0,0.49725190839694655,0.0036112636917728187
LR,combined,pr,1.0,0.4973278363108872,0.0036115574552072595
LR,combined,pr,1.0,0.4974037874160049,0.003611741614500657
LR,combined,pr,1.0,0.4974797617229265,0.003613084542947577
LR,combined,pr,1.0,0.49755575924228534,0.0036185702423004356
LR,combined,pr,1.0,0.49763177998472113,0.00361894459242486
LR,combined,pr,1.0,0.4977078239608802,0.0036208144215062054
LR,combined,pr,1.0,0.49778389118141525,0.0036268068760941397
LR,combined,pr,1.0,0.49785998165698564,0.0036383016735692295
LR,combined,pr,1.0,0.4979360953982572,0.00364254588591677
LR,combined,pr,1.0,0.49801223241590215,0.003653196048911762
LR,combined,pr,1.0,0.49808839272059946,0.003664029580688295
LR,combined,pr,1.0,0.49816457632303457,0.003666059938733187
LR,combined,pr,1.0,0.49824078323389936,0.0036678690890209046
LR,combined,pr,1.0,0.4983170134638923,0.003667971222636998
LR,combined,pr,1.0,0.49839326702371844,0.0036720431882270132
LR,combined,pr,1.0,0.4984695439240894,0.003689411991732351
LR,combined,pr,1.0,0.49854584417572323,0.0036898459629859303
LR,combined,pr,1.0,0.49862216778934476,0.0036913538563868387
LR,combined,pr,1.0,0.4986985147756852,0.0037021202865400184
LR,combined,pr,1.0,0.4987748851454824,0.003709953931940142
LR,combined,pr,1.0,0.4988512789094808,0.003715346288292964
LR,combined,pr,1.0,0.49892769607843135,0.0037223830374182114
LR,combined,pr,1.0,0.4990041366630918,0.0037271993305023144
LR,combined,pr,1.0,0.49908060067422616,0.003729847995817565
LR,combined,pr,1.0,0.49915708812260534,0.0037416349191851466
LR,combined,pr,1.0,0.49923359901900677,0.003743827095117436
LR,combined,pr,1.0,0.4993101333742143,0.0037478668928107545
LR,combined,pr,1.0,0.4993866911990187,0.003750915415224184
LR,combined,pr,1.0,0.4994632725042171,0.003761067805258324
LR,combined,pr,1.0,0.4995398773006135,0.0037753817411975755
LR,combined,pr,1.0,0.49961650559901827,0.0037788318077330574
LR,combined,pr,1.0,0.49969315741024856,0.0037792141367545317
LR,combined,pr,1.0,0.49976983274512815,0.003780354553229757
LR,combined,pr,1.0,0.4998465316144874,0.0037878316949927298
LR,combined,pr,1.0,0.4999232540291635,0.0037943390234565165
LR,combined,pr,1.0,0.5,0.003803488851069669
LR,combined,pr,1.0,0.5000767695378474,0.0038216791441809824
LR,combined,pr,1.0,0.5001535626535627,0.0038361084856197475
LR,combined,pr,1.0,0.5003072196620584,0.0038530041755166227
LR,combined,pr,1.0,0.5003840835765863,0.003866840720288543
LR,combined,pr,1.0,0.500460971112477,0.003877889115362786
LR,combined,pr,1.0,0.5005378822806209,0.003903252204310959
LR,combined,pr,1.0,0.5006148170919151,0.003905036875392379
LR,combined,pr,1.0,0.5006917755572636,0.003907847821773503
LR,combined,pr,1.0,0.5007687576875769,0.003915656975614032
LR,combined,pr,1.0,0.5008457634937721,0.003915956774289106
LR,combined,pr,1.0,0.5009227929867733,0.0039179169200870435
LR,combined,pr,1.0,0.5009998461775111,0.0039194629787354055
LR,combined,pr,1.0,0.5010769230769231,0.003920439555680636
LR,combined,pr,1.0,0.5011540236959532,0.0039229672433327666
LR,combined,pr,1.0,0.5012311480455525,0.003934437261366988
LR,combined,pr,1.0,0.5013082961366785,0.00393664156977644
LR,combined,pr,1.0,0.5013854679802956,0.003945629005717957
LR,combined,pr,1.0,0.5014626635873749,0.003956554129911582
LR,combined,pr,1.0,0.5015398829688944,0.00395919232072412
LR,combined,pr,1.0,0.5016171261358386,0.0039678475471725365
LR,combined,pr,1.0,0.501694393099199,0.003982087271003744
LR,combined,pr,1.0,0.5017716838699738,0.003983634958326019
LR,combined,pr,1.0,0.501848998459168,0.0039987129839276015
LR,combined,pr,1.0,0.5019263368777932,0.004006831956557045
LR,combined,pr,1.0,0.502003699136868,0.004022845348158304
LR,combined,pr,1.0,0.5020810852474179,0.004030249011397164
LR,combined,pr,1.0,0.5021584952204748,0.004050669706631197
LR,combined,pr,1.0,0.5022359290670779,0.004058554597712274
LR,combined,pr,1.0,0.5023133867982726,0.00406866565097874
LR,combined,pr,1.0,0.5023908684251118,0.004075320457896548
LR,combined,pr,1.0,0.5024683739586547,0.004075350233773264
LR,combined,pr,1.0,0.5025459034099676,0.004085022423264061
LR,combined,pr,1.0,0.5026234567901234,0.004094650694553633
LR,combined,pr,1.0,0.5027010341102022,0.004100718420690035
LR,combined,pr,1.0,0.5027786353812905,0.0041093947725693815
LR,combined,pr,1.0,0.502856260614482,0.0041242055106673736
LR,combined,pr,1.0,0.502933909820877,0.004125393473568183
LR,combined,pr,1.0,0.5030892801977139,0.004127527604165057
LR,combined,pr,1.0,0.5031670013903908,0.004135037630262415
LR,combined,pr,1.0,0.5032447466007417,0.004142894670834154
LR,combined,pr,1.0,0.5033225158399011,0.004150253972004436
LR,combined,pr,1.0,0.5034003091190108,0.004151826742842787
LR,combined,pr,1.0,0.5034781264492193,0.0041521230762844655
LR,combined,pr,1.0,0.5035559678416821,0.004152592403835381
LR,combined,pr,1.0,0.5036338333075615,0.004160518019342784
LR,combined,pr,1.0,0.5037117228580266,0.004161549154840406
LR,combined,pr,1.0,0.5037896365042537,0.00416644828073433
LR,combined,pr,1.0,0.5038675742574258,0.0041713980931262305
LR,combined,pr,1.0,0.5039455361287328,0.004178579459521747
LR,combined,pr,1.0,0.5040235221293717,0.004179593705637794
LR,combined,pr,1.0,0.5041015322705463,0.00419750935962217
LR,combined,pr,1.0,0.5041795665634675,0.004206098200860134
LR,combined,pr,1.0,0.5042576250193529,0.0042134629514246355
LR,combined,pr,1.0,0.504335707649427,0.004216831015508938
LR,combined,pr,1.0,0.5044138144649218,0.0042188461469548555
LR,combined,pr,1.0,0.5044919454770755,0.004219063527677706
LR,combined,pr,1.0,0.504570100697134,0.004224698692487268
LR,combined,pr,1.0,0.5046482801363495,0.004226040365158527
LR,combined,pr,1.0,0.5047264838059817,0.004234781436725936
LR,combined,pr,1.0,0.504804711717297,0.004236750553868222
LR,combined,pr,1.0,0.5048829638815687,0.004244458811423219
LR,combined,pr,1.0,0.5049612403100775,0.004246779188619919
LR,combined,pr,1.0,0.5050395410141107,0.0042567412927114944
LR,combined,pr,1.0,0.5051178660049628,0.00426036234960229
LR,combined,pr,1.0,0.5051962152939352,0.004261740259023968
LR,combined,pr,1.0,0.5052745888923363,0.0042631397880520325
LR,combined,pr,1.0,0.5053529868114818,0.00427852425149585
LR,combined,pr,1.0,0.505431409062694,0.004295053113057234
LR,combined,pr,1.0,0.5055098556573026,0.004295650364231474
LR,combined,pr,1.0,0.5055883266066439,0.0042994754088400795
LR,combined,pr,1.0,0.5056668219220618,0.00430185380817965
LR,combined,pr,1.0,0.5057453416149068,0.004301968184764683
LR,combined,pr,1.0,0.5058238856965367,0.00430204509912804
LR,combined,pr,1.0,0.5059024541783163,0.004323849069579689
LR,combined,pr,1.0,0.5059810470716172,0.004343759096879424
LR,combined,pr,1.0,0.5060596643878186,0.004346586457147863
LR,combined,pr,1.0,0.5061383061383061,0.004357500584508789
LR,combined,pr,1.0,0.5062169723344732,0.004372860044165106
LR,combined,pr,1.0,0.5062956629877196,0.004375381875313511
LR,combined,pr,1.0,0.5063743781094527,0.0043828693774542425
LR,combined,pr,1.0,0.5064531177110869,0.0043951815287124356
LR,combined,pr,1.0,0.5065318818040435,0.004405067005115833
LR,combined,pr,1.0,0.5066106703997512,0.004405545336524672
LR,combined,pr,1.0,0.5066894835096453,0.004408778369420809
LR,combined,pr,1.0,0.5067683211451688,0.004416837021591577
LR,combined,pr,1.0,0.5068471833177716,0.0044461981275372665
LR,combined,pr,1.0,0.5069260700389105,0.004449527464263344
LR,combined,pr,1.0,0.5070049813200498,0.004460886541277361
LR,combined,pr,1.0,0.5070839171726608,0.004463233514145721
LR,combined,pr,1.0,0.5071628776082218,0.004466480614319207
LR,combined,pr,1.0,0.5072418626382184,0.004466978974966733
LR,combined,pr,1.0,0.5073208722741434,0.004474288960572349
LR,combined,pr,1.0,0.5073999065274964,0.004482343399786086
LR,combined,pr,1.0,0.507478965409785,0.004494713033330265
LR,combined,pr,1.0,0.507558048932523,0.004498396168844141
LR,combined,pr,1.0,0.5076371571072319,0.00450016230772146
LR,combined,pr,1.0,0.5077162899454404,0.0045012411925609485
LR,combined,pr,1.0,0.5077954474586841,0.004508877276686051
LR,combined,pr,1.0,0.5078746296585062,0.00451150004026644
LR,combined,pr,1.0,0.5079538365564567,0.004512700489690123
LR,combined,pr,1.0,0.508033068164093,0.0045196944553824074
LR,combined,pr,1.0,0.5081123244929797,0.004521133699910182
LR,combined,pr,1.0,0.5081916055546887,0.004522920876680402
LR,combined,pr,1.0,0.508270911360799,0.004532542575021973
LR,combined,pr,1.0,0.5083502419228968,0.004535202027665164
LR,combined,pr,1.0,0.5084295972525757,0.004536773771134763
LR,combined,pr,1.0,0.5085089773614364,0.004540796829103579
LR,combined,pr,1.0,0.5085883822610868,0.00454811052249161
LR,combined,pr,1.0,0.5086678119631423,0.004549697629449983
LR,combined,pr,1.0,0.5087472664792252,0.004561668928339469
LR,combined,pr,1.0,0.5088267458209654,0.004561951117021375
LR,combined,pr,1.0,0.50890625,0.004570373801951601
LR,combined,pr,1.0,0.5089857790279732,0.004597930444766205
LR,combined,pr,1.0,0.5090653329165364,0.00461693852282856
LR,combined,pr,1.0,0.5091449116773488,0.004618722247022966
LR,combined,pr,1.0,0.5092245153220762,0.004647864120057349
LR,combined,pr,1.0,0.5093041438623925,0.004652641654343626
LR,combined,pr,1.0,0.5093837973099781,0.004653873533372087
LR,combined,pr,1.0,0.5094634756765212,0.004660574724552911
LR,combined,pr,1.0,0.5095431789737171,0.004660766905820694
LR,combined,pr,1.0,0.5096229072132686,0.004667108347231012
LR,combined,pr,1.0,0.5097026604068857,0.00467033343709413
LR,combined,pr,1.0,0.5097824385662858,0.004676211991545704
LR,combined,pr,1.0,0.5098622417031935,0.004705764922716382
LR,combined,pr,1.0,0.5099420698293409,0.004709100957487997
LR,combined,pr,1.0,0.5100219229564673,0.004712508308245785
LR,combined,pr,1.0,0.5101018010963195,0.00471267958645355
LR,combined,pr,1.0,0.5101817042606517,0.004716636043988909
LR,combined,pr,1.0,0.5102616324612251,0.004720760064182561
LR,combined,pr,1.0,0.5103415857098088,0.00472702676836324
LR,combined,pr,1.0,0.510421564018179,0.0047289612164014335
LR,combined,pr,1.0,0.5105015673981191,0.004736064667812831
LR,combined,pr,1.0,0.5105815958614203,0.004738758063379007
LR,combined,pr,1.0,0.5106616494198808,0.004742853120873082
LR,combined,pr,1.0,0.5107417280853066,0.004747862948923808
LR,combined,pr,1.0,0.5108218318695107,0.004753392387354056
LR,combined,pr,1.0,0.5109019607843137,0.004758576920045843
LR,combined,pr,1.0,0.5109821148415438,0.004778136853694483
LR,combined,pr,1.0,0.5110622940530363,0.004780255020376307
LR,combined,pr,1.0,0.511142498430634,0.004785912866351208
LR,combined,pr,1.0,0.5112227279861874,0.004791201119530104
LR,combined,pr,1.0,0.5113029827315542,0.004800315594188537
LR,combined,pr,1.0,0.5113832626785995,0.004801243431512953
LR,combined,pr,1.0,0.511463567839196,0.004807552400198211
LR,combined,pr,1.0,0.5115438982252238,0.004809307753377179
LR,combined,pr,1.0,0.5116242538485706,0.004811392682030476
LR,combined,pr,1.0,0.5117046347211311,0.004823193879730853
LR,combined,pr,1.0,0.5117850408548082,0.004824749143513732
LR,combined,pr,1.0,0.5118654722615119,0.004826506749229933
LR,combined,pr,1.0,0.5119459289531594,0.004830860558337932
LR,combined,pr,1.0,0.5120264109416759,0.004834028751896334
LR,combined,pr,1.0,0.5121069182389937,0.004841395796788933
LR,combined,pr,1.0,0.512187450857053,0.0048459404866314955
LR,combined,pr,1.0,0.5122680088078012,0.004848368726516107
LR,combined,pr,1.0,0.5123485921031933,0.004864632174374427
LR,combined,pr,1.0,0.5124292007551919,0.004869000398785412
LR,combined,pr,1.0,0.5125098347757671,0.004881571162543386
LR,combined,pr,1.0,0.5125904941768964,0.004902069861882461
LR,combined,pr,1.0,0.5126711789705651,0.004904258255280623
LR,combined,pr,1.0,0.5127518891687658,0.004911165673145283
LR,combined,pr,1.0,0.5128326247834987,0.004913370824455736
LR,combined,pr,1.0,0.5129133858267717,0.004924314257535078
LR,combined,pr,1.0,0.5129941723106001,0.0049318785920222895
LR,combined,pr,1.0,0.5130749842470069,0.004935037730146546
LR,combined,pr,1.0,0.5131558216480226,0.004938859081316639
LR,combined,pr,1.0,0.5132366845256855,0.004938861482634779
LR,combined,pr,1.0,0.5133175728920409,0.004940514641903276
LR,combined,pr,1.0,0.5133984867591425,0.0049490550560777665
LR,combined,pr,1.0,0.513479426139051,0.0049512213063764516
LR,combined,pr,1.0,0.5135603910438348,0.004969862570732738
LR,combined,pr,1.0,0.5136413814855701,0.004979280510788708
LR,combined,pr,1.0,0.5137223974763407,0.0049899269731014904
LR,combined,pr,1.0,0.5138034390282379,0.005009600162882745
LR,combined,pr,1.0,0.5138845061533607,0.005012407053065869
LR,combined,pr,1.0,0.5139655988638157,0.005020815491691729
LR,combined,pr,1.0,0.5140467171717171,0.0050292452045030064
LR,combined,pr,1.0,0.5141278610891871,0.0050581326901005755
LR,combined,pr,1.0,0.5142090306283549,0.005059527130181143
LR,combined,pr,1.0,0.514290225801358,0.005071255994777716
LR,combined,pr,1.0,0.5143714466203412,0.005080690604260421
LR,combined,pr,1.0,0.514452693097457,0.00508519598148673
LR,combined,pr,1.0,0.5145339652448657,0.005101951510747325
LR,combined,pr,1.0,0.5146152630747354,0.0051056344393254115
LR,combined,pr,1.0,0.5146965865992414,0.005105707573728489
LR,combined,pr,1.0,0.5147779358305674,0.00510831763792937
LR,combined,pr,1.0,0.5148593107809042,0.005117680566048402
LR,combined,pr,1.0,0.5149407114624506,0.005118946518787834
LR,combined,pr,1.0,0.515022137887413,0.005128231495751212
LR,combined,pr,1.0,0.5151035900680057,0.005145091750684961
LR,combined,pr,1.0,0.5151850680164505,0.005149871647664865
LR,combined,pr,1.0,0.515266571744977,0.0051499015511676125
LR,combined,pr,1.0,0.5153481012658228,0.005151579540959784
LR,combined,pr,1.0,0.5154296565912327,0.005154606107134839
LR,combined,pr,1.0,0.51551123773346,0.005159402819051511
LR,combined,pr,1.0,0.515592844704765,0.0051623666963737345
LR,combined,pr,1.0,0.5156744775174161,0.005167722723531898
LR,combined,pr,1.0,0.5157561361836897,0.005167898807079504
LR,combined,pr,1.0,0.5158378207158695,0.005171936379631657
LR,combined,pr,1.0,0.5159195311262474,0.005178706149210703
LR,combined,pr,1.0,0.5160012674271229,0.00518093774741166
LR,combined,pr,1.0,0.5160830296308033,0.005190856997484342
LR,combined,pr,1.0,0.5161648177496038,0.005191743664443567
LR,combined,pr,1.0,0.5162466317958472,0.005194655213560367
LR,combined,pr,1.0,0.5163284717818643,0.005199738377173739
LR,combined,pr,1.0,0.5164103377199937,0.005200818038743682
LR,combined,pr,1.0,0.5164922296225817,0.005202399773504721
LR,combined,pr,1.0,0.5165741475019826,0.005206489919525797
LR,combined,pr,1.0,0.5166560913705583,0.0052099611488644814
LR,combined,pr,1.0,0.516738061240679,0.005210443899403433
LR,combined,pr,1.0,0.5168200571247223,0.005210459965979118
LR,combined,pr,1.0,0.5169020790350738,0.005215050268096685
LR,combined,pr,1.0,0.516984126984127,0.0052254052227761845
LR,combined,pr,1.0,0.5170662009842832,0.005229605306664377
LR,combined,pr,1.0,0.5171483010479517,0.0052359590347953065
LR,combined,pr,1.0,0.5172304271875496,0.00525116989717418
LR,combined,pr,1.0,0.5173125794155019,0.005258529609037579
LR,combined,pr,1.0,0.5173947577442415,0.005259787246212851
LR,combined,pr,1.0,0.5174769621862091,0.005261678651922463
LR,combined,pr,1.0,0.5175591927538535,0.005269529534439731
LR,combined,pr,1.0,0.5176414494596313,0.00527228246506892
LR,combined,pr,1.0,0.517723732316007,0.005281583748336442
LR,combined,pr,1.0,0.517806041335453,0.00528535032467261
LR,combined,pr,1.0,0.51788837653045,0.005298705454838124
LR,combined,pr,1.0,0.517970737913486,0.0053012662761704075
LR,combined,pr,1.0,0.5180531254970574,0.005301600901645395
LR,combined,pr,1.0,0.5181355392936685,0.005304531391060268
LR,combined,pr,1.0,0.5182179793158314,0.005305017155682529
LR,combined,pr,1.0,0.5183004455760662,0.005307414470216766
LR,combined,pr,1.0,0.5183829380869012,0.005324377879318863
LR,combined,pr,1.0,0.5184654568608723,0.005330310074191741
LR,combined,pr,1.0,0.5185480019105237,0.005331714629916108
LR,combined,pr,1.0,0.5186305732484077,0.005332239385655301
LR,combined,pr,1.0,0.5187131708870839,0.005336429955959039
LR,combined,pr,1.0,0.5187957948391207,0.0053495416063563785
LR,combined,pr,1.0,0.5188784451170941,0.00536073464794676
LR,combined,pr,1.0,0.5189611217335883,0.005378500333983234
LR,combined,pr,1.0,0.5190438247011953,0.005385100946254711
LR,combined,pr,1.0,0.5191265540325152,0.005400239112013286
LR,combined,pr,1.0,0.5192093097401562,0.005405067357942323
LR,combined,pr,1.0,0.5192920918367347,0.005409529769328633
LR,combined,pr,1.0,0.5193749003348748,0.005411039566170456
LR,combined,pr,1.0,0.519457735247209,0.005413222141381443
LR,combined,pr,1.0,0.5195405965863774,0.005415880716739479
LR,combined,pr,1.0,0.5196234843650287,0.005420614629209204
LR,combined,pr,1.0,0.5197063985958194,0.005425059377958758
LR,combined,pr,1.0,0.519789339291414,0.005451897265177838
LR,combined,pr,1.0,0.5198723064644852,0.005452537750831966
LR,combined,pr,1.0,0.519955300127714,0.005462724482092351
LR,combined,pr,1.0,0.5200383202937889,0.005472411820511485
LR,combined,pr,1.0,0.5201213669754072,0.005487236582235504
LR,combined,pr,1.0,0.5202044401852739,0.005495243565964542
LR,combined,pr,1.0,0.5202875399361022,0.005496289539273492
LR,combined,pr,1.0,0.5203706662406136,0.0055050284094141574
LR,combined,pr,1.0,0.5204538191115372,0.00550978239868717
LR,combined,pr,1.0,0.520536998561611,0.005537023528193676
LR,combined,pr,1.0,0.5206202046035806,0.005539296510262043
LR,combined,pr,1.0,0.5207866965142309,0.0055591017387166385
LR,combined,pr,1.0,0.520869982408444,0.005559194783044664
LR,combined,pr,1.0,0.5209532949456174,0.005562470524922101
LR,combined,pr,1.0,0.5210366341385378,0.00556405612690122
LR,combined,pr,1.0,0.52112,0.005565750388103134
LR,combined,pr,1.0,0.5212033925428069,0.005566258706432572
LR,combined,pr,1.0,0.5212868117797695,0.005568726651750792
LR,combined,pr,1.0,0.5213702577237074,0.005572162833788405
LR,combined,pr,1.0,0.5214537303874479,0.005585280602145459
LR,combined,pr,1.0,0.5215372297838271,0.0055916547275724725
LR,combined,pr,1.0,0.5216207559256887,0.005601059634843746
LR,combined,pr,1.0,0.521704308825885,0.005618360582110992
LR,combined,pr,1.0,0.5217878884972765,0.005626159246899052
LR,combined,pr,1.0,0.5218714949527319,0.005628048176943182
LR,combined,pr,1.0,0.5219551282051282,0.0056284355649069365
LR,combined,pr,1.0,0.5220387882673505,0.005629441086331276
LR,combined,pr,1.0,0.5221224751522924,0.005630700482316729
LR,combined,pr,1.0,0.5222061888728555,0.005634326208343693
LR,combined,pr,1.0,0.52228992944195,0.005639673355018565
LR,combined,pr,1.0,0.522373696872494,0.005642304976510858
LR,combined,pr,1.0,0.5224574911774141,0.0056426364318161405
LR,combined,pr,1.0,0.5225413123696454,0.005651250729349552
LR,combined,pr,1.0,0.5226251604621309,0.0056676669245002385
LR,combined,pr,1.0,0.5227090354678222,0.00566970252322465
LR,combined,pr,1.0,0.522792937399679,0.005670287689371069
LR,combined,pr,1.0,0.5228768662706694,0.005671283358125223
LR,combined,pr,1.0,0.52296082209377,0.005678697601375977
LR,combined,pr,1.0,0.5230448048819656,0.005682578743659832
LR,combined,pr,1.0,0.5231288146482492,0.005686129965008926
LR,combined,pr,1.0,0.5232128514056225,0.005696329076437362
LR,combined,pr,1.0,0.5232969151670951,0.005702737205212807
LR,combined,pr,1.0,0.5233810059456854,0.005710019799602909
LR,combined,pr,1.0,0.5234651237544198,0.005717076339261492
LR,combined,pr,1.0,0.5235492686063334,0.005726103672148639
LR,combined,pr,1.0,0.5236334405144695,0.005726333802514833
LR,combined,pr,1.0,0.5238018655516243,0.005729934895071328
LR,combined,pr,1.0,0.5238861187067717,0.0057347325491382654
LR,combined,pr,1.0,0.523970398970399,0.005741824453712969
LR,combined,pr,1.0,0.5240547063555913,0.005756191808839373
LR,combined,pr,1.0,0.5241390408754425,0.005770902497595663
LR,combined,pr,1.0,0.5242234025430549,0.005771125807133656
LR,combined,pr,1.0,0.5243077913715389,0.005772136879827068
LR,combined,pr,1.0,0.5243922073740138,0.005778709271907609
LR,combined,pr,1.0,0.524476650563607,0.005779445086340069
LR,combined,pr,1.0,0.5245611209534546,0.005787826340026085
LR,combined,pr,1.0,0.524645618556701,0.005788831656251244
LR,combined,pr,1.0,0.5247301433864991,0.005789509559961745
LR,combined,pr,1.0,0.5248146954560103,0.005794716224848306
LR,combined,pr,1.0,0.5248992747784045,0.005800330345908896
LR,combined,pr,1.0,0.5249838813668601,0.0058099813328269
LR,combined,pr,1.0,0.5250685152345639,0.005817145670575353
LR,combined,pr,1.0,0.5251531763947114,0.005826555343043682
LR,combined,pr,1.0,0.5252378648605064,0.005826562091416041
LR,combined,pr,1.0,0.5253225806451612,0.005843771823322525
LR,combined,pr,1.0,0.525407323761897,0.005846563976364092
LR,combined,pr,1.0,0.5254920942239432,0.0058519956569245005
LR,combined,pr,1.0,0.5255768920445377,0.005854313790953062
LR,combined,pr,1.0,0.525661717236927,0.005857007106889656
LR,combined,pr,1.0,0.5257465698143664,0.005862468962731238
LR,combined,pr,1.0,0.5258314497901194,0.00586391832874511
LR,combined,pr,1.0,0.5259163571774584,0.005886640010907036
LR,combined,pr,1.0,0.526001291989664,0.005893706725770938
LR,combined,pr,1.0,0.5260862542400259,0.005898596374811214
LR,combined,pr,1.0,0.5261712439418417,0.0059078492058626765
LR,combined,pr,1.0,0.5262562611084182,0.005917964781761203
LR,combined,pr,1.0,0.5263413057530705,0.0059209754616301275
LR,combined,pr,1.0,0.5264263778891224,0.005936054056030031
LR,combined,pr,1.0,0.5265114775299062,0.005936060711989474
LR,combined,pr,1.0,0.5265966046887631,0.005936314676529902
LR,combined,pr,1.0,0.5266817593790427,0.005936973758344466
LR,combined,pr,1.0,0.5267669416141032,0.005942781348937236
LR,combined,pr,1.0,0.5268521514073116,0.005943183733917509
LR,combined,pr,1.0,0.5269373887720433,0.005952032556947439
LR,combined,pr,1.0,0.5270226537216829,0.0059557953093829046
LR,combined,pr,1.0,0.5271079462696229,0.005970890427573769
LR,combined,pr,1.0,0.5271932664292651,0.0059741364518008065
LR,combined,pr,1.0,0.5272786142140198,0.005976669115036721
LR,combined,pr,1.0,0.5273639896373057,0.005981481034013872
LR,combined,pr,1.0,0.5274493927125506,0.005988564690394897
LR,combined,pr,1.0,0.5275348234531908,0.005994876556298104
LR,combined,pr,1.0,0.5276202818726713,0.006015029067766741
LR,combined,pr,1.0,0.5277057679844459,0.006016572372508326
LR,combined,pr,1.0,0.527791281801977,0.006020098371911968
LR,combined,pr,1.0,0.5278768233387359,0.006020437472028783
LR,combined,pr,1.0,0.5279623926082023,0.006020807116815926
LR,combined,pr,1.0,0.5280479896238651,0.00603388509922954
LR,combined,pr,1.0,0.5281336143992217,0.006044096747554387
LR,combined,pr,1.0,0.5282192669477781,0.0060458127115667485
LR,combined,pr,1.0,0.5283049472830494,0.0060460484628000865
LR,combined,pr,1.0,0.5283906554185593,0.006050666809345041
LR,combined,pr,1.0,0.5284763913678403,0.006068790758757223
LR,combined,pr,1.0,0.5285621551444336,0.006083109297842018
LR,combined,pr,1.0,0.5286479467618893,0.006093526738646323
LR,combined,pr,1.0,0.5287337662337662,0.006095835106026169
LR,combined,pr,1.0,0.528819613573632,0.006110190393262563
LR,combined,pr,1.0,0.5289054887950634,0.0061114058226209075
LR,combined,pr,1.0,0.5289913919116452,0.006112273287637733
LR,combined,pr,1.0,0.5290773229369721,0.006113713137110418
LR,combined,pr,1.0,0.5291632818846467,0.006113770506973205
LR,combined,pr,1.0,0.5292492687682808,0.006114769942894922
LR,combined,pr,1.0,0.5293352836014952,0.00613195584184052
LR,combined,pr,1.0,0.5294213263979194,0.006132441800560495
LR,combined,pr,1.0,0.5295073971711917,0.006134884083872506
LR,combined,pr,1.0,0.5295934959349593,0.00613611018275861
LR,combined,pr,1.0,0.5296796227028785,0.0061379430873400725
LR,combined,pr,1.0,0.5297657774886142,0.006141249536249522
LR,combined,pr,1.0,0.5298519603058403,0.006147647693133497
LR,combined,pr,1.0,0.5299381711682395,0.0061634930561392754
LR,combined,pr,1.0,0.5300244100895036,0.006175177046737345
LR,combined,pr,1.0,0.5301106770833334,0.006180113424334926
LR,combined,pr,1.0,0.5301969721634381,0.006198240756935751
LR,combined,pr,1.0,0.5302832953435364,0.0061983974349058505
LR,combined,pr,1.0,0.5303696466373555,0.006228863640497247
LR,combined,pr,1.0,0.530456026058632,0.006229776016537796
LR,combined,pr,1.0,0.530542433621111,0.0062488985790913705
LR,combined,pr,1.0,0.5306288693385468,0.006250804541070897
LR,combined,pr,1.0,0.5307153332247027,0.006255352333334694
LR,combined,pr,1.0,0.5308018252933507,0.006258578390584497
LR,combined,pr,1.0,0.5308883455582722,0.006261341397262418
LR,combined,pr,1.0,0.5309748940332573,0.006273870051278411
LR,combined,pr,1.0,0.531061470732105,0.0063091554696998965
LR,combined,pr,1.0,0.5311480756686237,0.006325789607020725
LR,combined,pr,1.0,0.5312347088566303,0.006331951370198176
LR,combined,pr,1.0,0.5313213703099511,0.006337399923199798
LR,combined,pr,1.0,0.5314080600424212,0.006338471202564457
LR,combined,pr,1.0,0.5314947780678851,0.00634009426654884
LR,combined,pr,1.0,0.5315815244001959,0.006347460602930872
LR,combined,pr,1.0,0.5316682990532158,0.0063709892485186185
LR,combined,pr,1.0,0.5317551020408163,0.006378143812165801
LR,combined,pr,1.0,0.5318419333768779,0.006385920290885615
LR,combined,pr,1.0,0.5319287930752898,0.006389001439037775
LR,combined,pr,1.0,0.532015681149951,0.006389776399076776
LR,combined,pr,1.0,0.5321025976147689,0.006391704421900078
LR,combined,pr,1.0,0.5321895424836601,0.006393029321008483
LR,combined,pr,1.0,0.5322765157705508,0.006394829118531461
LR,combined,pr,1.0,0.5323635174893756,0.00640261578866192
LR,combined,pr,1.0,0.5324505476540788,0.006418317562269866
LR,combined,pr,1.0,0.5325376062786135,0.006421952547615185
LR,combined,pr,1.0,0.532624693376942,0.006433725232100921
LR,combined,pr,1.0,0.5327118089630356,0.006436353660094615
LR,combined,pr,1.0,0.5327989530508752,0.0064397080034941465
LR,combined,pr,1.0,0.5328861256544503,0.0064454155407594055
LR,combined,pr,1.0,0.5329733267877598,0.006446601028348537
LR,combined,pr,1.0,0.5330605564648118,0.00644965846265156
LR,combined,pr,1.0,0.5331478146996235,0.006458424897523759
LR,combined,pr,1.0,0.5332351015062213,0.006479395177969216
LR,combined,pr,1.0,0.5333224168986409,0.00649018957470655
LR,combined,pr,1.0,0.533409760890927,0.00649503757800481
LR,combined,pr,1.0,0.5334971334971335,0.006498598420008635
LR,combined,pr,1.0,0.5335845347313237,0.00649925604946999
LR,combined,pr,1.0,0.53367196460757,0.006508987430037744
LR,combined,pr,1.0,0.5337594231399541,0.006514561470251845
LR,combined,pr,1.0,0.5338469103425668,0.00651545263165961
LR,combined,pr,1.0,0.5339344262295082,0.006526601341663696
LR,combined,pr,1.0,0.5340219708148877,0.006537687212595887
LR,combined,pr,1.0,0.5341095441128239,0.006541931554589036
LR,combined,pr,1.0,0.5341971461374446,0.006563695085513434
LR,combined,pr,1.0,0.5342847769028871,0.006580594076674471
LR,combined,pr,1.0,0.5343724364232978,0.006580887077481976
LR,combined,pr,1.0,0.5344601247128323,0.006592216666637261
LR,combined,pr,1.0,0.5345478417856556,0.006596648698972951
LR,combined,pr,1.0,0.5346355876559422,0.006597827242274827
LR,combined,pr,1.0,0.5347233623378755,0.0066018481246249965
LR,combined,pr,1.0,0.5348111658456486,0.006607977829568063
LR,combined,pr,1.0,0.5348989981934636,0.006617351659944823
LR,combined,pr,1.0,0.5349868593955321,0.00661935867519945
LR,combined,pr,1.0,0.5350747494660753,0.006621159212207211
LR,combined,pr,1.0,0.535162668419323,0.006628333029184554
LR,combined,pr,1.0,0.5352506162695152,0.006629966732690183
LR,combined,pr,1.0,0.5353385930309007,0.00663318806090726
LR,combined,pr,1.0,0.535426598717738,0.0066400909030940244
LR,combined,pr,1.0,0.5355146333442946,0.006648383411071595
LR,combined,pr,1.0,0.5356026969248479,0.006648880100356477
LR,combined,pr,1.0,0.5356907894736842,0.006652968518174966
LR,combined,pr,1.0,0.5357789110050996,0.006653674835459946
LR,combined,pr,1.0,0.5358670615333991,0.006662555967909402
LR,combined,pr,1.0,0.5359552410728978,0.006673256770014545
LR,combined,pr,1.0,0.5361316872427984,0.00667505844935397
LR,combined,pr,1.0,0.5362199539018768,0.0066815838539860785
LR,combined,pr,1.0,0.5363082496295076,0.006686111363089488
LR,combined,pr,1.0,0.5363965744400527,0.00669274138105686
LR,combined,pr,1.0,0.5364849283478834,0.006694692377591436
LR,combined,pr,1.0,0.5365733113673805,0.006695156738117342
LR,combined,pr,1.0,0.5366617235129346,0.006695819395561779
LR,combined,pr,1.0,0.5367501647989453,0.006717436365614827
LR,combined,pr,1.0,0.536838635239822,0.006721046332928762
LR,combined,pr,1.0,0.5369271348499836,0.006731777040143237
LR,combined,pr,1.0,0.5370156636438582,0.00673462863716039
LR,combined,pr,1.0,0.5371042216358839,0.006737838257739003
LR,combined,pr,1.0,0.537192808840508,0.006738125351678789
LR,combined,pr,1.0,0.5372814252721874,0.00675180740483623
LR,combined,pr,1.0,0.5373700709453886,0.0067767363519922
LR,combined,pr,1.0,0.5374587458745874,0.00677730736776151
LR,combined,pr,1.0,0.5376361835589304,0.00677826754709899
LR,combined,pr,1.0,0.5378137384412153,0.006787942874405464
LR,combined,pr,1.0,0.5379025598678778,0.006801601908284037
LR,combined,pr,1.0,0.5379914106375949,0.006802039641066637
LR,combined,pr,1.0,0.5380802907649099,0.006814006219702314
LR,combined,pr,1.0,0.5381692002643754,0.0068147260026860165
LR,combined,pr,1.0,0.5382581391505536,0.00681701685339149
LR,combined,pr,1.0,0.5383471074380165,0.00681777403256089
LR,combined,pr,1.0,0.5384361051413457,0.006822366283763092
LR,combined,pr,1.0,0.5385251322751323,0.006826480185548499
LR,combined,pr,1.0,0.5386141888539772,0.00682784734390259
LR,combined,pr,1.0,0.5387032748924909,0.006831557341437647
LR,combined,pr,1.0,0.5387923904052936,0.00683400251995902
LR,combined,pr,1.0,0.5388815354070152,0.006848052441510345
LR,combined,pr,1.0,0.5389707099122952,0.006854795799710709
LR,combined,pr,1.0,0.5390599139357829,0.00685710097356705
LR,combined,pr,1.0,0.539149147492137,0.006859981437696076
LR,combined,pr,1.0,0.5392384105960265,0.006881840317637968
LR,combined,pr,1.0,0.5393277032621295,0.00688697775111473
LR,combined,pr,1.0,0.5394170255051342,0.006888483945340098
LR,combined,pr,1.0,0.5395063773397383,0.006892394900293975
LR,combined,pr,1.0,0.5395957587806495,0.006893813575944383
LR,combined,pr,1.0,0.539685169842585,0.006905589399121817
LR,combined,pr,1.0,0.5397746105402718,0.006911352532778179
LR,combined,pr,1.0,0.5398640808884468,0.006912416847029327
LR,combined,pr,1.0,0.5399535809018567,0.006914549149363915
LR,combined,pr,1.0,0.5400431105952578,0.006917914059558765
LR,combined,pr,1.0,0.5401326699834162,0.006918089064839286
LR,combined,pr,1.0,0.540222259081108,0.006925426891949755
LR,combined,pr,1.0,0.5403118779031187,0.006943268038379404
LR,combined,pr,1.0,0.5404015264642442,0.006946304101573951
LR,combined,pr,1.0,0.5404912047792897,0.006950506093416157
LR,combined,pr,1.0,0.5405809128630705,0.00695347377329756
LR,combined,pr,1.0,0.5406706507304117,0.006956292177655212
LR,combined,pr,1.0,0.5407604183961481,0.006963392030009319
LR,combined,pr,1.0,0.5408502158751245,0.006966274147865078
LR,combined,pr,1.0,0.5409400431821957,0.0069712745818420905
LR,combined,pr,1.0,0.5410299003322259,0.00697515360038961
LR,combined,pr,1.0,0.5411197873400897,0.006975587416914269
LR,combined,pr,1.0,0.5412097042206713,0.006978440103979177
LR,combined,pr,1.0,0.5412996509888649,0.006985904828021661
LR,combined,pr,1.0,0.5413896276595744,0.006997113115003112
LR,combined,pr,1.0,0.5414796342477141,0.0069997830516181385
LR,combined,pr,1.0,0.5415696707682075,0.007002657376683987
LR,combined,pr,1.0,0.5416597372359887,0.007009452947442898
LR,combined,pr,1.0,0.5417498336660014,0.007012617617574834
LR,combined,pr,1.0,0.5418399600731991,0.007013343322285652
LR,combined,pr,1.0,0.5419301164725457,0.007015368334351481
LR,combined,pr,1.0,0.5420203028790148,0.007021789891587234
LR,combined,pr,1.0,0.5421105193075899,0.00703656266750436
LR,combined,pr,1.0,0.5422007657732645,0.007052249121364267
LR,combined,pr,1.0,0.5422910422910423,0.007057460395312662
LR,combined,pr,1.0,0.5423813488759367,0.007061115383023682
LR,combined,pr,1.0,0.5424716855429713,0.007061906874834
LR,combined,pr,1.0,0.5425620523071798,0.007061932114876321
LR,combined,pr,1.0,0.5426524491836054,0.007064777262167836
LR,combined,pr,1.0,0.5427428761873021,0.007065171164956341
LR,combined,pr,1.0,0.5428333333333333,0.007067720503807367
LR,combined,pr,1.0,0.5429238206367728,0.007076325720427412
LR,combined,pr,1.0,0.5430143381127043,0.0070851765001310575
LR,combined,pr,1.0,0.5431048857762214,0.007095184580456291
LR,combined,pr,1.0,0.5431954636424283,0.007100543596575928
LR,combined,pr,1.0,0.5432860717264387,0.007116871415362859
LR,combined,pr,1.0,0.5433767100433767,0.007120500926021021
LR,combined,pr,1.0,0.5434673786083765,0.007122343126270886
LR,combined,pr,1.0,0.5435580774365821,0.007124411104013127
LR,combined,pr,1.0,0.5436488065431481,0.00712892420950664
LR,combined,pr,1.0,0.5437395659432387,0.007135001729630524
LR,combined,pr,1.0,0.5438303556520288,0.007143771007433604
LR,combined,pr,1.0,0.5439211756847028,0.0071510872951403535
LR,combined,pr,1.0,0.5440120260564556,0.007151707498802488
LR,combined,pr,1.0,0.5441029067824925,0.007151802491359166
LR,combined,pr,1.0,0.5441938178780285,0.007163952058921631
LR,combined,pr,1.0,0.5442847593582888,0.007174822963187595
LR,combined,pr,1.0,0.5443757312385091,0.007180327801307092
LR,combined,pr,1.0,0.5444667335339352,0.007186797369840014
LR,combined,pr,1.0,0.5445577662598228,0.0071941406634258515
LR,combined,pr,1.0,0.5446488294314381,0.007200480709550346
LR,combined,pr,1.0,0.5447399230640575,0.007203312681028174
LR,combined,pr,1.0,0.5448310471729676,0.007205605578358761
LR,combined,pr,1.0,0.544922201773465,0.0072061356182731295
LR,combined,pr,1.0,0.5450133868808568,0.007210436511235704
LR,combined,pr,1.0,0.5451046025104602,0.007212481879676419
LR,combined,pr,1.0,0.545195848677603,0.007225770789599091
LR,combined,pr,1.0,0.5452871253976226,0.0072315337382443555
LR,combined,pr,1.0,0.5453784326858674,0.007233954425175385
LR,combined,pr,1.0,0.5454697705576955,0.007235493850971845
LR,combined,pr,1.0,0.5455611390284757,0.007238826994383689
LR,combined,pr,1.0,0.5456525381135868,0.007251819020371034
LR,combined,pr,1.0,0.5457439678284183,0.0072582694835445685
LR,combined,pr,1.0,0.5458354281883694,0.007266940253861718
LR,combined,pr,1.0,0.5459269192088502,0.0072673987813216216
LR,combined,pr,1.0,0.5460184409052808,0.007267515178189444
LR,combined,pr,1.0,0.5461099932930918,0.007268316136438416
LR,combined,pr,1.0,0.5462015763877243,0.0072693758556528045
LR,combined,pr,1.0,0.5462931902046293,0.007271675813244865
LR,combined,pr,1.0,0.5463848347592686,0.007272240652505875
LR,combined,pr,1.0,0.5464765100671141,0.007275308446886302
LR,combined,pr,1.0,0.5465682161436483,0.007277300230486361
LR,combined,pr,1.0,0.5466599530043639,0.007280874884648042
LR,combined,pr,1.0,0.5467517206647642,0.007281272623629939
LR,combined,pr,1.0,0.5468435191403627,0.007287497333862928
LR,combined,pr,1.0,0.5469353484466835,0.007289372071015894
LR,combined,pr,1.0,0.547027208599261,0.007291135093840042
LR,combined,pr,1.0,0.5471190996136401,0.007294882295412052
LR,combined,pr,1.0,0.5472110215053764,0.007298519420244624
LR,combined,pr,1.0,0.5473029742900353,0.007298997842488462
LR,combined,pr,1.0,0.5473949579831933,0.007299054529476846
LR,combined,pr,1.0,0.547486972600437,0.007304523189397254
LR,combined,pr,1.0,0.5475790181573639,0.007311664721078991
LR,combined,pr,1.0,0.5476710946695813,0.0073130693456535814
LR,combined,pr,1.0,0.5477632021527077,0.007315236236874812
LR,combined,pr,1.0,0.5478553406223717,0.007327373581192103
LR,combined,pr,1.0,0.5479475100942126,0.007334537999186211
LR,combined,pr,1.0,0.5480397105838802,0.007340126019883655
LR,combined,pr,1.0,0.5481319421070346,0.0073420517289168215
LR,combined,pr,1.0,0.548224204679347,0.007348805760572684
LR,combined,pr,1.0,0.5483164983164983,0.0073526267950186144
LR,combined,pr,1.0,0.5484088230341808,0.007355268595157839
LR,combined,pr,1.0,0.548501178848097,0.007355956889194043
LR,combined,pr,1.0,0.5485935657739599,0.00736776489261825
LR,combined,pr,1.0,0.5486859838274932,0.007369141671409066
LR,combined,pr,1.0,0.5487784330244313,0.007372977337352251
LR,combined,pr,1.0,0.5488709133805191,0.007385073762279249
LR,combined,pr,1.0,0.5489634249115118,0.007408137455590923
LR,combined,pr,1.0,0.549055967633176,0.007411214284391166
LR,combined,pr,1.0,0.5491485415612881,0.007411561371965357
LR,combined,pr,1.0,0.5492411467116357,0.007422803695482388
LR,combined,pr,1.0,0.5493337831000169,0.007424197177493691
LR,combined,pr,1.0,0.5494264507422402,0.0074248707226049065
LR,combined,pr,1.0,0.5495191496541252,0.007425761477262557
LR,combined,pr,1.0,0.5496118798515018,0.007430675556754791
LR,combined,pr,1.0,0.549704641350211,0.007434494477539791
LR,combined,pr,1.0,0.5497974341661039,0.007438193232320003
LR,combined,pr,1.0,0.549890258315043,0.007442384878487862
LR,combined,pr,1.0,0.549983113812901,0.007450793874071954
LR,combined,pr,1.0,0.5500760006755616,0.007453957527827549
LR,combined,pr,1.0,0.550168918918919,0.007454496694669543
LR,combined,pr,1.0,0.5502618685588782,0.007458448661846921
LR,combined,pr,1.0,0.5503548496113552,0.0074641115251549124
LR,combined,pr,1.0,0.5504478620922765,0.007469547957167105
LR,combined,pr,1.0,0.5505409060175794,0.007473786779110547
LR,combined,pr,1.0,0.5506339814032122,0.0074792996871644235
LR,combined,pr,1.0,0.5507270882651336,0.007485920550638152
LR,combined,pr,1.0,0.5508202266193134,0.007486501147122037
LR,combined,pr,1.0,0.5509133964817321,0.007489282563348169
LR,combined,pr,1.0,0.551006597868381,0.0074931651043132425
LR,combined,pr,1.0,0.5510998307952623,0.007518158073274345
LR,combined,pr,1.0,0.5511930952783889,0.007528663143354006
LR,combined,pr,1.0,0.5512863913337847,0.0075340547150655164
LR,combined,pr,1.0,0.5513797189774844,0.007538274168436936
LR,combined,pr,1.0,0.5514730782255334,0.007551999365811307
LR,combined,pr,1.0,0.5515664690939881,0.007557171026504891
LR,combined,pr,1.0,0.551659891598916,0.007562627763715155
LR,combined,pr,1.0,0.551753345756395,0.007564579864921188
LR,combined,pr,1.0,0.5518468315825144,0.007564707639963858
LR,combined,pr,1.0,0.551940349093374,0.0075826897340461955
LR,combined,pr,1.0,0.5520338983050848,0.007584289557919508
LR,combined,pr,1.0,0.5522210918955578,0.007586419471507393
LR,combined,pr,1.0,0.5523147363065966,0.007588181405035939
LR,combined,pr,1.0,0.5524084124830394,0.007596088838218619
LR,combined,pr,1.0,0.5525021204410517,0.007598226036427215
LR,combined,pr,1.0,0.5525958601968103,0.007611880224194608
LR,combined,pr,1.0,0.5526896317665027,0.007614997559576679
LR,combined,pr,1.0,0.5527834351663272,0.007622018868381422
LR,combined,pr,1.0,0.5528772704124937,0.0076221076712366005
LR,combined,pr,1.0,0.5529711375212224,0.007625386693796527
LR,combined,pr,1.0,0.5530650365087452,0.007635172655206735
LR,combined,pr,1.0,0.5531589673913043,0.007638718304885269
LR,combined,pr,1.0,0.5532529301851538,0.007640383485899466
LR,combined,pr,1.0,0.5533469249065579,0.007645981046857631
LR,combined,pr,1.0,0.5534409515717927,0.0076621049239171445
LR,combined,pr,1.0,0.5535350101971448,0.007671193013339236
LR,combined,pr,1.0,0.5536291007989121,0.007678591618380314
LR,combined,pr,1.0,0.5537232233934036,0.007684289053010631
LR,combined,pr,1.0,0.5538173779969393,0.007685049919332598
LR,combined,pr,1.0,0.5539115646258503,0.007688735759048071
LR,combined,pr,1.0,0.554005783296479,0.007695667161467147
LR,combined,pr,1.0,0.5541000340251786,0.007703339393351787
LR,combined,pr,1.0,0.5541943168283138,0.007714143026084873
LR,combined,pr,1.0,0.5542886317222601,0.007719626556812556
LR,combined,pr,1.0,0.5543829787234043,0.0077219349767712825
LR,combined,pr,1.0,0.5544773578481443,0.007724315840123613
LR,combined,pr,1.0,0.5545717691128895,0.007725677391193468
LR,combined,pr,1.0,0.5546662125340599,0.007730659701273759
LR,combined,pr,1.0,0.5547606881280872,0.00773335194851281
LR,combined,pr,1.0,0.554855195911414,0.007736251275168331
LR,combined,pr,1.0,0.5549497359004941,0.007739783046245097
LR,combined,pr,1.0,0.5550443081117927,0.007744346559850425
LR,combined,pr,1.0,0.5551389125617863,0.007744630110494225
LR,combined,pr,1.0,0.5552335492669621,0.00775200462847341
LR,combined,pr,1.0,0.5553282182438193,0.007754796794946935
LR,combined,pr,1.0,0.5554229195088677,0.007783484293538448
LR,combined,pr,1.0,0.5555176530786287,0.007787183714477792
LR,combined,pr,1.0,0.555612418969635,0.007793186131462032
LR,combined,pr,1.0,0.5557072171984303,0.007793890992856115
LR,combined,pr,1.0,0.5558020477815699,0.0078001286117448465
LR,combined,pr,1.0,0.5559918060771595,0.007804667260615064
LR,combined,pr,1.0,0.5560867338227762,0.007808030913720731
LR,combined,pr,1.0,0.556181693989071,0.0078107676875437924
LR,combined,pr,1.0,0.5562766865926558,0.007810935087974998
LR,combined,pr,1.0,0.5563717116501538,0.00781647584446882
LR,combined,pr,1.0,0.5564667691781993,0.007821998710701064
LR,combined,pr,1.0,0.5565618591934381,0.007824457149487788
LR,combined,pr,1.0,0.5566569817125278,0.007827094396993662
LR,combined,pr,1.0,0.5567521367521368,0.00783273092858784
LR,combined,pr,1.0,0.5568473243289451,0.007841062562905551
LR,combined,pr,1.0,0.5569425444596443,0.007856209944722524
LR,combined,pr,1.0,0.5570377971609373,0.007856981502043349
LR,combined,pr,1.0,0.5571330824495382,0.007866027143568662
LR,combined,pr,1.0,0.5572284003421728,0.007867289840937593
LR,combined,pr,1.0,0.5573237508555784,0.007875369789409488
LR,combined,pr,1.0,0.5574191340065036,0.007876910037965064
LR,combined,pr,1.0,0.5575145498117083,0.007891509199324614
LR,combined,pr,1.0,0.5576099982879644,0.007894259469374427
LR,combined,pr,1.0,0.5577054794520548,0.0079015834752902
LR,combined,pr,1.0,0.5578009933207742,0.007904935249209877
LR,combined,pr,1.0,0.5578965399109284,0.007918464374118677
LR,combined,pr,1.0,0.5579921192393352,0.007921215216023991
LR,combined,pr,1.0,0.5580877313228239,0.007929485829969503
LR,combined,pr,1.0,0.5581833761782348,0.00793806744772046
LR,combined,pr,1.0,0.5582790538224203,0.007938404735579321
LR,combined,pr,1.0,0.5583747642722441,0.00794553671791507
LR,combined,pr,1.0,0.5584705075445816,0.007946395032185827
LR,combined,pr,1.0,0.5585662836563197,0.007946838715939169
LR,combined,pr,1.0,0.5586620926243567,0.00796152965606012
LR,combined,pr,1.0,0.5587579344656031,0.007968017014465537
LR,combined,pr,1.0,0.5588538091969801,0.007968273160764499
LR,combined,pr,1.0,0.5589497168354213,0.007969393679156637
LR,combined,pr,1.0,0.5590456573978716,0.007976868423318377
LR,combined,pr,1.0,0.5591416309012875,0.007985978428500322
LR,combined,pr,1.0,0.5592376373626373,0.00798891086415043
LR,combined,pr,1.0,0.5593336767989009,0.007990331889246595
LR,combined,pr,1.0,0.5594297492270698,0.008006291706619727
LR,combined,pr,1.0,0.5595258546641471,0.008008266866570456
LR,combined,pr,1.0,0.5596219931271478,0.00801165106735956
LR,combined,pr,1.0,0.5597181646330984,0.008013897441413446
LR,combined,pr,1.0,0.5598143691990375,0.008014310187019888
LR,combined,pr,1.0,0.5600068775790922,0.008017031754022725
LR,combined,pr,1.0,0.560103181427343,0.008021571914388617
LR,combined,pr,1.0,0.5601995184038527,0.008030752082855199
LR,combined,pr,1.0,0.5602958885257182,0.00803698886557797
LR,combined,pr,1.0,0.5603922918100481,0.00803783851827797
LR,combined,pr,1.0,0.5604887282739631,0.008041222793021774
LR,combined,pr,1.0,0.5605851979345955,0.008042367180132163
LR,combined,pr,1.0,0.5606817008090893,0.008042609939917362
LR,combined,pr,1.0,0.5607782369146006,0.008044591114583305
LR,combined,pr,1.0,0.5608748062682969,0.008053210435520573
LR,combined,pr,1.0,0.5609714088873579,0.008053715855961067
LR,combined,pr,1.0,0.561068044788975,0.008055973394007414
LR,combined,pr,1.0,0.5611647139903515,0.008056982924509777
LR,combined,pr,1.0,0.5612614165087024,0.008060439945243683
LR,combined,pr,1.0,0.5613581523612547,0.008062743291962498
LR,combined,pr,1.0,0.5614549215652473,0.008062907109934675
LR,combined,pr,1.0,0.5615517241379311,0.008068914298155984
LR,combined,pr,1.0,0.5616485600965684,0.008083812339484539
LR,combined,pr,1.0,0.561745429458434,0.008084156994310839
LR,combined,pr,1.0,0.5618423322408143,0.008088706006776067
LR,combined,pr,1.0,0.5619392684610076,0.00809718411983645
LR,combined,pr,1.0,0.5620362381363244,0.00810010671460669
LR,combined,pr,1.0,0.562133241284087,0.00810308252389033
LR,combined,pr,1.0,0.5622302779216296,0.008110483184047645
LR,combined,pr,1.0,0.5623273480662984,0.00811172857244722
LR,combined,pr,1.0,0.5624244517354515,0.008114575494666201
LR,combined,pr,1.0,0.5625215889464594,0.008115830358229242
LR,combined,pr,1.0,0.562618759716704,0.00811758349854027
LR,combined,pr,1.0,0.5627159640635798,0.00812290800412359
LR,combined,pr,1.0,0.5628132020044928,0.008142975006453052
LR,combined,pr,1.0,0.5629104735568614,0.008148255948724184
LR,combined,pr,1.0,0.5630077787381158,0.008149013582134136
LR,combined,pr,1.0,0.5631051175656985,0.008150003012760957
LR,combined,pr,1.0,0.5632024900570638,0.008150354523200965
LR,combined,pr,1.0,0.5632998962296784,0.00815353443161844
LR,combined,pr,1.0,0.5633973361010206,0.008156304147282963
LR,combined,pr,1.0,0.5634948096885813,0.008158724277549864
LR,combined,pr,1.0,0.5637874329236628,0.008163327188735569
LR,combined,pr,1.0,0.5638850415512465,0.008165297743213189
LR,combined,pr,1.0,0.563982683982684,0.008169571251167868
LR,combined,pr,1.0,0.5640803602355386,0.008169804400991274
LR,combined,pr,1.0,0.5641780703273861,0.008170114215835914
LR,combined,pr,1.0,0.5642758142758143,0.008171285852753321
LR,combined,pr,1.0,0.5643735920984232,0.00818878102266218
LR,combined,pr,1.0,0.5644714038128249,0.008193292953762088
LR,combined,pr,1.0,0.5645692494366441,0.008195696055362352
LR,combined,pr,1.0,0.5646671289875174,0.00819864714397393
LR,combined,pr,1.0,0.5647650424830934,0.008199012498254108
LR,combined,pr,1.0,0.5648629899410337,0.008220165667104554
LR,combined,pr,1.0,0.5649609713790112,0.008241029589519732
LR,combined,pr,1.0,0.565058986814712,0.008254852569826174
LR,combined,pr,1.0,0.5651570362658338,0.008265366623929085
LR,combined,pr,1.0,0.5652551197500868,0.008267433305631587
LR,combined,pr,1.0,0.5653532372851935,0.008268349630835852
LR,combined,pr,1.0,0.5654513888888889,0.008278659087838628
LR,combined,pr,1.0,0.56554957457892,0.008283510601419582
LR,combined,pr,1.0,0.5656477943730462,0.008286761599457945
LR,combined,pr,1.0,0.5657460482890394,0.008286822141773433
LR,combined,pr,1.0,0.5658443363446838,0.00828711920435759
LR,combined,pr,1.0,0.5659426585577758,0.008297021069580834
LR,combined,pr,1.0,0.5660410149461245,0.008298037445255056
LR,combined,pr,1.0,0.5661394055275508,0.008299856109239346
LR,combined,pr,1.0,0.5662378303198887,0.008300829332189761
LR,combined,pr,1.0,0.5663362893409841,0.008307302112233628
LR,combined,pr,1.0,0.5664347826086956,0.008313424296465116
LR,combined,pr,1.0,0.566533310140894,0.008315101854675737
LR,combined,pr,1.0,0.5666318719554627,0.008317913853011163
LR,combined,pr,1.0,0.5667304680702976,0.008321549196311234
LR,combined,pr,1.0,0.5668290985033066,0.008327182467295654
LR,combined,pr,1.0,0.5669277632724108,0.00833063232199502
LR,combined,pr,1.0,0.5670264623955432,0.008343025548344686
LR,combined,pr,1.0,0.5671251958906495,0.008347397036268403
LR,combined,pr,1.0,0.567223963775688,0.00835766928774079
LR,combined,pr,1.0,0.5673227660686292,0.008366401940356415
LR,combined,pr,1.0,0.5674216027874565,0.008372509209857815
LR,combined,pr,1.0,0.5675204739501656,0.0083814456672438
LR,combined,pr,1.0,0.5676193795747647,0.008386727182444917
LR,combined,pr,1.0,0.5677183196792749,0.008392974434248515
LR,combined,pr,1.0,0.5678172942817294,0.008393816385274826
LR,combined,pr,1.0,0.5679163034001744,0.008399212173468746
LR,combined,pr,1.0,0.5680153470526683,0.008408614094139986
LR,combined,pr,1.0,0.5681144252572824,0.00840910130729625
LR,combined,pr,1.0,0.5687096210930679,0.008409870432491985
LR,combined,pr,1.0,0.5688089416695774,0.008411752086771153
LR,combined,pr,1.0,0.5689082969432314,0.008419973496767085
LR,combined,pr,1.0,0.5690076869322153,0.008427358682840218
LR,combined,pr,1.0,0.5691071116547265,0.00843058687789679
LR,combined,pr,1.0,0.5692065711289759,0.008433344589088676
LR,combined,pr,1.0,0.5693060653731865,0.008436230515553233
LR,combined,pr,1.0,0.5694055944055944,0.008455331410872414
LR,combined,pr,1.0,0.5695051582444484,0.008458634488042975
LR,combined,pr,1.0,0.5696047569080098,0.008463341917611994
LR,combined,pr,1.0,0.5697043904145531,0.008471245561432948
LR,combined,pr,1.0,0.5698040587823653,0.008481042787124237
LR,combined,pr,1.0,0.5699037620297462,0.008485049162735356
LR,combined,pr,1.0,0.5700035001750088,0.008491226851546213
LR,combined,pr,1.0,0.5701032732364782,0.008492113506079937
LR,combined,pr,1.0,0.570203081232493,0.008496560276690142
LR,combined,pr,1.0,0.5703029241814043,0.008497854185007172
LR,combined,pr,1.0,0.5704028021015762,0.00850400908999964
LR,combined,pr,1.0,0.5705027150113855,0.008508036967361219
LR,combined,pr,1.0,0.5706026629292221,0.008521199579087558
LR,combined,pr,1.0,0.5707026458734887,0.008549168273527237
LR,combined,pr,1.0,0.5708026638626008,0.008554148053147824
LR,combined,pr,1.0,0.5709027169149868,0.008565535871268765
LR,combined,pr,1.0,0.5710028050490884,0.0085697892661949
LR,combined,pr,1.0,0.5711029282833596,0.008571190548628314
LR,combined,pr,1.0,0.571203086636268,0.00857544954784512
LR,combined,pr,1.0,0.5713032801262936,0.0085818117689298
LR,combined,pr,1.0,0.5714035087719298,0.008594746834396988
LR,combined,pr,1.0,0.5715037725916827,0.008597029379007332
LR,combined,pr,1.0,0.5716040716040716,0.008605327050693501
LR,combined,pr,1.0,0.5717044058276286,0.00860874966504513
LR,combined,pr,1.0,0.5718047752808989,0.008609411247196132
LR,combined,pr,1.0,0.5719051799824407,0.008610487986719022
LR,combined,pr,1.0,0.5721060952046373,0.00861299068049038
LR,combined,pr,1.0,0.5722066057624736,0.008615084713905603
LR,combined,pr,1.0,0.572307151642945,0.008615793017276599
LR,combined,pr,1.0,0.5724077328646748,0.008620071862634091
LR,combined,pr,1.0,0.5725083494462999,0.008622531947222352
LR,combined,pr,1.0,0.5726090014064698,0.00862806760030501
LR,combined,pr,1.0,0.5727096887638474,0.0086373455877239
LR,combined,pr,1.0,0.5728104115371087,0.008637904238173505
LR,combined,pr,1.0,0.5729111697449428,0.008639700510893482
LR,combined,pr,1.0,0.5730119634060521,0.008651381908707971
LR,combined,pr,1.0,0.5731127925391518,0.00866000074360943
LR,combined,pr,1.0,0.5732136571629708,0.008667696950421331
LR,combined,pr,1.0,0.5733145572962507,0.0086685847539456
LR,combined,pr,1.0,0.5734154929577465,0.008672917325350839
LR,combined,pr,1.0,0.5735164641662265,0.008676451310655343
LR,combined,pr,1.0,0.573617470940472,0.00867898803881556
LR,combined,pr,1.0,0.5737185132992778,0.008683410880726014
LR,combined,pr,1.0,0.5738195912614518,0.008695597690577421
LR,combined,pr,1.0,0.573920704845815,0.008699121985722922
LR,combined,pr,1.0,0.574021854071202,0.008699460942475078
LR,combined,pr,1.0,0.5741230389564604,0.008709131254690562
LR,combined,pr,1.0,0.5742242595204513,0.008720255278302622
LR,combined,pr,1.0,0.574325515782049,0.008720959389237778
LR,combined,pr,1.0,0.5744268077601411,0.008740343639720417
LR,combined,pr,1.0,0.5745281354736285,0.008747804905764727
LR,combined,pr,1.0,0.5746294989414256,0.0087624938546451
LR,combined,pr,1.0,0.5747308981824598,0.008763246019168312
LR,combined,pr,1.0,0.5748323332156724,0.008767873822647734
LR,combined,pr,1.0,0.5749338040600177,0.00877826995537516
LR,combined,pr,1.0,0.5750353107344632,0.008799522762829469
LR,combined,pr,1.0,0.5751368532579905,0.008803877447245964
LR,combined,pr,1.0,0.5752384316495938,0.008814901047672175
LR,combined,pr,1.0,0.5753400459282813,0.008831359359337912
LR,combined,pr,1.0,0.5754416961130742,0.008836397115518755
LR,combined,pr,1.0,0.5755433822230076,0.008841047180990975
LR,combined,pr,1.0,0.5756451042771298,0.008848596413433014
LR,combined,pr,1.0,0.5757468622945023,0.008849196026857941
LR,combined,pr,1.0,0.5758486562942009,0.00885601668422353
LR,combined,pr,1.0,0.5759504862953139,0.008856624784828028
LR,combined,pr,1.0,0.5760523523169437,0.008860037779949146
LR,combined,pr,1.0,0.5761542543782062,0.008861212764660087
LR,combined,pr,1.0,0.5762561924982307,0.008862496842241295
LR,combined,pr,1.0,0.57635816669616,0.008862798389801833
LR,combined,pr,1.0,0.5764601769911505,0.008872160041448016
LR,combined,pr,1.0,0.5765622234023721,0.008883572170942303
LR,combined,pr,1.0,0.5766643059490085,0.008886875407958657
LR,combined,pr,1.0,0.5767664246502567,0.008888562964273396
LR,combined,pr,1.0,0.5768685795253277,0.008907964539471961
LR,combined,pr,1.0,0.5769707705934455,0.008910391238163782
LR,combined,pr,1.0,0.5770729978738484,0.008913221161788666
LR,combined,pr,1.0,0.5771752613857877,0.008914668560556107
LR,combined,pr,1.0,0.5772775611485289,0.008918007697577434
LR,combined,pr,1.0,0.5773798971813509,0.008942635944191656
LR,combined,pr,1.0,0.5776871230932955,0.008943285997028188
LR,combined,pr,1.0,0.5777896043995033,0.008945560854705999
LR,combined,pr,1.0,0.5778921220723917,0.008948617580752456
LR,combined,pr,1.0,0.5780972665956692,0.008950196991965295
LR,combined,pr,1.0,0.5781998934848216,0.008958204742884899
LR,combined,pr,1.0,0.5783025568181818,0.008958250055156568
LR,combined,pr,1.0,0.5784052566151661,0.008959100250287703
LR,combined,pr,1.0,0.5785079928952043,0.008959498808678693
LR,combined,pr,1.0,0.5786107656777403,0.008967947282447377
LR,combined,pr,1.0,0.5787135749822317,0.008969423253513012
LR,combined,pr,1.0,0.57881642082815,0.008977602786704309
LR,combined,pr,1.0,0.5789193032349804,0.008989463487465663
LR,combined,pr,1.0,0.5790222222222222,0.008989994582893804
LR,combined,pr,1.0,0.5791251778093883,0.008993162977907424
LR,combined,pr,1.0,0.5792281700160057,0.009005161864921205
LR,combined,pr,1.0,0.5793311988616151,0.009010573291515363
LR,combined,pr,1.0,0.5794342643657712,0.0090340152592399
LR,combined,pr,1.0,0.5795373665480427,0.009044931433805697
LR,combined,pr,1.0,0.5796405054280122,0.009062648245981979
LR,combined,pr,1.0,0.5797436810252758,0.009064313510803884
LR,combined,pr,1.0,0.5798468933594445,0.009090785930319926
LR,combined,pr,1.0,0.5799501424501424,0.00909170851688495
LR,combined,pr,1.0,0.580053428317008,0.009094341756825915
LR,combined,pr,1.0,0.5801567509796937,0.009097633038440677
LR,combined,pr,1.0,0.5802601104578656,0.009098145729197036
LR,combined,pr,1.0,0.5803635067712045,0.009098465146016052
LR,combined,pr,1.0,0.5804669399394048,0.009108174481415387
LR,combined,pr,1.0,0.5805704099821747,0.009122254518536318
LR,combined,pr,1.0,0.580673916919237,0.009126475340884026
LR,combined,pr,1.0,0.5807774607703281,0.009131945532602152
LR,combined,pr,1.0,0.5808810415551988,0.009135775308241533
LR,combined,pr,1.0,0.580984659293614,0.00913969675602686
LR,combined,pr,1.0,0.5810883140053523,0.009140585693011297
LR,combined,pr,1.0,0.581192005710207,0.009142896920398024
LR,combined,pr,1.0,0.581295734427985,0.009145233908029477
LR,combined,pr,1.0,0.5813995001785077,0.009154983208241239
LR,combined,pr,1.0,0.5815033029816105,0.009159960607957223
LR,combined,pr,1.0,0.5816071428571429,0.009161388445909422
LR,combined,pr,1.0,0.5817110198249688,0.009171646077269653
LR,combined,pr,1.0,0.5818149339049661,0.009180122367043624
LR,combined,pr,1.0,0.5819188851170269,0.009185241369577274
LR,combined,pr,1.0,0.5820228734810579,0.009188991483106184
LR,combined,pr,1.0,0.5821268990169794,0.009192386203568085
LR,combined,pr,1.0,0.5822309617447264,0.009194811615913274
LR,combined,pr,1.0,0.5823350616842482,0.009196934672176945
LR,combined,pr,1.0,0.5824391988555079,0.009204701996911889
LR,combined,pr,1.0,0.5825433732784833,0.009220150451932519
LR,combined,pr,1.0,0.5826475849731664,0.009231814715742057
LR,combined,pr,1.0,0.5827518339595634,0.009246163839622523
LR,combined,pr,1.0,0.5828561202576951,0.009253922148754689
LR,combined,pr,1.0,0.5829604438875962,0.009261967871757568
LR,combined,pr,1.0,0.5830648048693161,0.009262676565777084
LR,combined,pr,1.0,0.5831692032229185,0.009264623042250869
LR,combined,pr,1.0,0.5832736389684814,0.009266167059322455
LR,combined,pr,1.0,0.583378112126097,0.00926725213155908
LR,combined,pr,1.0,0.5834826227158725,0.009280012233392856
LR,combined,pr,1.0,0.5835871707579287,0.009284374546691983
LR,combined,pr,1.0,0.5836917562724014,0.00928549153653197
LR,combined,pr,1.0,0.5837963792794407,0.009294921559287597
LR,combined,pr,1.0,0.5839010397992112,0.009296415166197941
LR,combined,pr,1.0,0.5840057378518917,0.00930257033251071
LR,combined,pr,1.0,0.5841104734576757,0.00931275572625598
LR,combined,pr,1.0,0.5842152466367713,0.009315709274287544
LR,combined,pr,1.0,0.5843200574094007,0.009335954993345164
LR,combined,pr,1.0,0.5844249057958012,0.0093412839680814
LR,combined,pr,1.0,0.584529791816224,0.009342075220101265
LR,combined,pr,1.0,0.5846347154909352,0.00934361266274171
LR,combined,pr,1.0,0.5847396768402154,0.009345850775895673
LR,combined,pr,1.0,0.5848446758843598,0.009347771620609605
LR,combined,pr,1.0,0.5849497126436781,0.00935128992576619
LR,combined,pr,1.0,0.5850547871384947,0.009353488137821915
LR,combined,pr,1.0,0.5851598993891484,0.009355272427446172
LR,combined,pr,1.0,0.5852650494159928,0.009371111278801803
LR,combined,pr,1.0,0.5853702372393961,0.009372899395275074
LR,combined,pr,1.0,0.5854754628797412,0.009385782472256797
LR,combined,pr,1.0,0.5855807263574254,0.009403189195811054
LR,combined,pr,1.0,0.585686027692861,0.009408468643727127
LR,combined,pr,1.0,0.5857913669064748,0.00941359003952584
LR,combined,pr,1.0,0.5858967440187084,0.009416061366962561
LR,combined,pr,1.0,0.586002159050018,0.009424697348404275
LR,combined,pr,1.0,0.5861076120208746,0.00943132787443833
LR,combined,pr,1.0,0.5862131029517639,0.009452454881339643
LR,combined,pr,1.0,0.5863186318631863,0.00945480254706977
LR,combined,pr,1.0,0.5864241987756572,0.009460759833631465
LR,combined,pr,1.0,0.5865298037097064,0.009463219917501672
LR,combined,pr,1.0,0.586635446685879,0.00946625906925885
LR,combined,pr,1.0,0.5867411277247343,0.009473696757722631
LR,combined,pr,1.0,0.5868468468468468,0.009476977634214394
LR,combined,pr,1.0,0.5869526040728059,0.009482158082902044
LR,combined,pr,1.0,0.5870583994232156,0.009496299686385597
LR,combined,pr,1.0,0.5871642329186948,0.009500052795985852
LR,combined,pr,1.0,0.5872701045798774,0.009504226671481965
LR,combined,pr,1.0,0.587376014427412,0.009509202315238769
LR,combined,pr,1.0,0.5874819624819625,0.009511961494467003
LR,combined,pr,1.0,0.5875879487642071,0.00951251379903396
LR,combined,pr,1.0,0.5876939732948394,0.00951337155079342
LR,combined,pr,1.0,0.5878000360945678,0.009517182821700648
LR,combined,pr,1.0,0.5879061371841156,0.009525291845711747
LR,combined,pr,1.0,0.588012276584221,0.009532809723645383
LR,combined,pr,1.0,0.5881184543156374,0.009536257727972956
LR,combined,pr,1.0,0.5882246703991331,0.00953642116014827
LR,combined,pr,1.0,0.5883309248554913,0.009560501179337969
LR,combined,pr,1.0,0.5884372177055104,0.009561799007516636
LR,combined,pr,1.0,0.5885435489700036,0.009562169710752565
LR,combined,pr,1.0,0.5886499186697994,0.009571082168448665
LR,combined,pr,1.0,0.5887563268257412,0.00957231239165519
LR,combined,pr,1.0,0.5888627734586874,0.009584013085520435
LR,combined,pr,1.0,0.5889692585895118,0.009589131927917187
LR,combined,pr,1.0,0.589075782239103,0.009606284297214551
LR,combined,pr,1.0,0.5891823444283647,0.009610257904495127
LR,combined,pr,1.0,0.5892889451782161,0.009616120435175806
LR,combined,pr,1.0,0.5893955845095911,0.009631198664925513
LR,combined,pr,1.0,0.589502262443439,0.009637518434027225
LR,combined,pr,1.0,0.5896089790007241,0.00964030931722621
LR,combined,pr,1.0,0.58982252806954,0.009640976186919925
LR,combined,pr,1.0,0.5899293606230755,0.009666981459442822
LR,combined,pr,1.0,0.590036231884058,0.00967122163393055
LR,combined,pr,1.0,0.5901431418735278,0.009672304730229926
LR,combined,pr,1.0,0.5902500906125407,0.009672562420129888
LR,combined,pr,1.0,0.5903570781221679,0.009679722171050752
LR,combined,pr,1.0,0.5904641044234953,0.00970289858482782
LR,combined,pr,1.0,0.5905711695376247,0.009703481010486459
LR,combined,pr,1.0,0.5906782734856728,0.009704665665054105
LR,combined,pr,1.0,0.590785416288772,0.009705314743089588
LR,combined,pr,1.0,0.5908925979680697,0.009709779264267382
LR,combined,pr,1.0,0.5909998185447287,0.009716655520058813
LR,combined,pr,1.0,0.5911070780399275,0.009723031892744106
LR,combined,pr,1.0,0.5912143764748593,0.009725016214545483
LR,combined,pr,1.0,0.5913217138707335,0.009728135532246154
LR,combined,pr,1.0,0.5914290902487743,0.009737598659673304
LR,combined,pr,1.0,0.5915365056302215,0.00973802280099434
LR,combined,pr,1.0,0.5916439600363306,0.009742282208641527
LR,combined,pr,1.0,0.5917514534883721,0.009755342514559466
LR,combined,pr,1.0,0.5918589860076322,0.009759442895187905
LR,combined,pr,1.0,0.5919665576154126,0.009764644841068055
LR,combined,pr,1.0,0.5920741683330304,0.009780950585425784
LR,combined,pr,1.0,0.5921818181818181,0.009783346176101895
LR,combined,pr,1.0,0.5922895071831242,0.009785498830121711
LR,combined,pr,1.0,0.5923972353583121,0.009794068813754083
LR,combined,pr,1.0,0.5925050027287612,0.009794133605507372
LR,combined,pr,1.0,0.5926128093158661,0.009800964651915203
LR,combined,pr,1.0,0.5927206551410373,0.009801447623652808
LR,combined,pr,1.0,0.5928285402257008,0.009807913713852402
LR,combined,pr,1.0,0.592936464591298,0.009827335500719707
LR,combined,pr,1.0,0.5930444282592863,0.009832998274569809
LR,combined,pr,1.0,0.5931524312511383,0.009835271081760768
LR,combined,pr,1.0,0.5932604735883424,0.009838738775374039
LR,combined,pr,1.0,0.593368555292403,0.009858085546852174
LR,combined,pr,1.0,0.5934766763848397,0.009864153735038194
LR,combined,pr,1.0,0.5935848368871879,0.009865509195256502
LR,combined,pr,1.0,0.5936930368209989,0.009873264906687093
LR,combined,pr,1.0,0.5938012762078395,0.00987836539127402
LR,combined,pr,1.0,0.5939095550692924,0.009880997450090143
LR,combined,pr,1.0,0.594017873426956,0.00988416251646464
LR,combined,pr,1.0,0.5941262313024444,0.009891462071333838
LR,combined,pr,1.0,0.5942346287173873,0.009902666506190252
LR,combined,pr,1.0,0.5943430656934306,0.0099090692428107
LR,combined,pr,1.0,0.5944515422522358,0.009929320481537014
LR,combined,pr,1.0,0.5945600584154801,0.00993195430510107
LR,combined,pr,1.0,0.5946686142048567,0.009935983342987372
LR,combined,pr,1.0,0.5947772096420745,0.009936743933367876
LR,combined,pr,1.0,0.5949945195469493,0.009940670829934441
LR,combined,pr,1.0,0.5951032340581034,0.009941042547484137
LR,combined,pr,1.0,0.5952119883040936,0.009955427186756974
LR,combined,pr,1.0,0.5953207823067082,0.009963789880748633
LR,combined,pr,1.0,0.5954296160877514,0.009968182848530089
LR,combined,pr,1.0,0.5955384896690437,0.00997380361105144
LR,combined,pr,1.0,0.5956474030724214,0.009990093450368168
LR,combined,pr,1.0,0.5957563563197366,0.010018624231401343
LR,combined,pr,1.0,0.5958653494328576,0.010022944829116963
LR,combined,pr,1.0,0.5959743824336688,0.01004306473502013
LR,combined,pr,1.0,0.5960834553440703,0.010050449193140742
LR,combined,pr,1.0,0.5961925681859784,0.010052602006288384
LR,combined,pr,1.0,0.59641091375206,0.01005889044301258
LR,combined,pr,1.0,0.5965201465201465,0.010059931075486039
LR,combined,pr,1.0,0.5966294193075655,0.010062077090968248
LR,combined,pr,1.0,0.5967387321363137,0.010072102054100751
LR,combined,pr,1.0,0.5968480850284039,0.010083401397053778
LR,combined,pr,1.0,0.5969574780058651,0.010083920076528667
LR,combined,pr,1.0,0.5970669110907424,0.010087466649224566
LR,combined,pr,1.0,0.5971763843050972,0.01008976050550243
LR,combined,pr,1.0,0.5972858976710068,0.010101518880052675
LR,combined,pr,1.0,0.5973954512105649,0.0101024068544419
LR,combined,pr,1.0,0.5975050449458815,0.010109586874427319
LR,combined,pr,1.0,0.5976146788990826,0.010127792033411888
LR,combined,pr,1.0,0.5977243530923105,0.010131628362493157
LR,combined,pr,1.0,0.597834067547724,0.010134663976080238
LR,combined,pr,1.0,0.5979438222874977,0.01013731372248268
LR,combined,pr,1.0,0.598053617333823,0.010142537087628052
LR,combined,pr,1.0,0.5981634527089073,0.010146389489888323
LR,combined,pr,1.0,0.5982733284349743,0.010146565568343853
LR,combined,pr,1.0,0.5983832445342642,0.010146837269307258
LR,combined,pr,1.0,0.5984932010290335,0.010148301507104227
LR,combined,pr,1.0,0.5986031979415548,0.010149952611978607
LR,combined,pr,1.0,0.5987132352941177,0.010150014757609233
LR,combined,pr,1.0,0.5988233131090274,0.010153432997960841
LR,combined,pr,1.0,0.5989334314086061,0.010162335762230027
LR,combined,pr,1.0,0.5991537895511405,0.010162798542304886
LR,combined,pr,1.0,0.5992640294388224,0.010165345318143518
LR,combined,pr,1.0,0.5993743099006257,0.010183605425229378
LR,combined,pr,1.0,0.5994846309589545,0.01019276934746084
LR,combined,pr,1.0,0.5995949926362297,0.010201597077990017
LR,combined,pr,1.0,0.5997053949548886,0.010205520220550102
LR,combined,pr,1.0,0.5998158379373849,0.010217891839107403
LR,combined,pr,1.0,0.599926321606189,0.010221614481915303
LR,combined,pr,1.0,0.6000368459837878,0.010225197117366483
LR,combined,pr,1.0,0.6001474110926848,0.010227813874898146
LR,combined,pr,1.0,0.6002580169553999,0.010231302112170866
LR,combined,pr,1.0,0.60036866359447,0.010235362724409445
LR,combined,pr,1.0,0.6004793510324484,0.010247956519125917
LR,combined,pr,1.0,0.6005900792919049,0.010248118408103319
LR,combined,pr,1.0,0.600700848395426,0.010249180945486377
LR,combined,pr,1.0,0.6008116583656152,0.010253080605619153
LR,combined,pr,1.0,0.6009225092250923,0.010255254657014674
LR,combined,pr,1.0,0.6010334009964938,0.01026990820179025
LR,combined,pr,1.0,0.6011443337024732,0.010285140010430545
LR,combined,pr,1.0,0.6012553073657005,0.010292115582140195
LR,combined,pr,1.0,0.6013663220088626,0.010314379833210076
LR,combined,pr,1.0,0.601477377654663,0.010316758007498546
LR,combined,pr,1.0,0.601588474325822,0.010322882610156734
LR,combined,pr,1.0,0.6016996120450767,0.010332779609972505
LR,combined,pr,1.0,0.6018107908351811,0.010336017630324084
LR,combined,pr,1.0,0.6019220107189059,0.010357100831064676
LR,combined,pr,1.0,0.6020332717190389,0.010399889913227819
LR,combined,pr,1.0,0.6021445738583842,0.010411772907926352
LR,combined,pr,1.0,0.6022559171597633,0.010427269192307879
LR,combined,pr,1.0,0.6023673016460144,0.010428659082050814
LR,combined,pr,1.0,0.6024787273399926,0.010429377998693031
LR,combined,pr,1.0,0.6025901942645698,0.010433678838456218
LR,combined,pr,1.0,0.6027017024426351,0.010434456708991893
LR,combined,pr,1.0,0.6028132518970942,0.010440923237084614
LR,combined,pr,1.0,0.6029248426508701,0.01044450861742397
LR,combined,pr,1.0,0.6030364747269025,0.010465601697064437
LR,combined,pr,1.0,0.6031481481481481,0.010465752466560249
LR,combined,pr,1.0,0.603259862937581,0.010466403576096532
LR,combined,pr,1.0,0.6033716191181919,0.010466470666071271
LR,combined,pr,1.0,0.6034834167129887,0.01046738135839204
LR,combined,pr,1.0,0.6035952557449963,0.010471391668499632
LR,combined,pr,1.0,0.6037071362372567,0.0104735546898431
LR,combined,pr,1.0,0.6038190582128291,0.01047818072084556
LR,combined,pr,1.0,0.6039310216947895,0.010483123972174579
LR,combined,pr,1.0,0.6040430267062314,0.010488613678333113
LR,combined,pr,1.0,0.6041550732702653,0.010493574161100338
LR,combined,pr,1.0,0.6042671614100186,0.010502905158541881
LR,combined,pr,1.0,0.6043792911486361,0.010505210236649493
LR,combined,pr,1.0,0.6044914625092799,0.010505979948376732
LR,combined,pr,1.0,0.6046036755151291,0.010516154992129895
LR,combined,pr,1.0,0.6047159301893799,0.010516946852693455
LR,combined,pr,1.0,0.604828226555246,0.010522388947644882
LR,combined,pr,1.0,0.6049405646359584,0.010528033785916118
LR,combined,pr,1.0,0.605052944454765,0.010532063274762393
LR,combined,pr,1.0,0.6051653660349312,0.010536451419798958
LR,combined,pr,1.0,0.6052778293997398,0.010536741306580751
LR,combined,pr,1.0,0.6053903345724907,0.010542936731411755
LR,combined,pr,1.0,0.6055028815765012,0.010544029160071043
LR,combined,pr,1.0,0.605615470435106,0.010547619162510815
LR,combined,pr,1.0,0.6057281011716571,0.010555486776986095
LR,combined,pr,1.0,0.6058407738095238,0.010557186997622042
LR,combined,pr,1.0,0.6059534883720931,0.010568721030377686
LR,combined,pr,1.0,0.6060662448827688,0.010569032740316356
LR,combined,pr,1.0,0.606179043364973,0.010571681157032494
LR,combined,pr,1.0,0.6062918838421445,0.010574682925814618
LR,combined,pr,1.0,0.6064047663377398,0.010592072247948198
LR,combined,pr,1.0,0.6065176908752328,0.010594018422736941
LR,combined,pr,1.0,0.6066306574781151,0.010597485747154396
LR,combined,pr,1.0,0.6067436661698957,0.010598487037724272
LR,combined,pr,1.0,0.606856716974101,0.010616898622411396
LR,combined,pr,1.0,0.6069698099142751,0.010616919201645578
LR,combined,pr,1.0,0.6070829450139795,0.010617637201852876
LR,combined,pr,1.0,0.6071961222967934,0.010619754274969273
LR,combined,pr,1.0,0.6073093417863137,0.010635923810032142
LR,combined,pr,1.0,0.6074226035061544,0.010635987100679204
LR,combined,pr,1.0,0.6075359074799478,0.010642094289810363
LR,combined,pr,1.0,0.6076492537313433,0.010652530975759172
LR,combined,pr,1.0,0.6077626422840082,0.010662009241094058
LR,combined,pr,1.0,0.6078760731616275,0.010665308112756606
LR,combined,pr,1.0,0.6079895463879037,0.010668476443009486
LR,combined,pr,1.0,0.6081030619865572,0.010671600674365024
LR,combined,pr,1.0,0.6082166199813258,0.010672262541513475
LR,combined,pr,1.0,0.6083302203959656,0.01067613193520679
LR,combined,pr,1.0,0.6084438632542499,0.010678215952055734
LR,combined,pr,1.0,0.6085575485799701,0.010685966301120873
LR,combined,pr,1.0,0.6086712763969352,0.010690381679398854
LR,combined,pr,1.0,0.6087850467289719,0.010700552389825953
LR,combined,pr,1.0,0.6088988595999252,0.01072629972658258
LR,combined,pr,1.0,0.6090127150336574,0.010727261436253103
LR,combined,pr,1.0,0.609126613054049,0.010732968558136985
LR,combined,pr,1.0,0.6092405536849981,0.01074873059991999
LR,combined,pr,1.0,0.609354536950421,0.010756941059895617
LR,combined,pr,1.0,0.6094685628742516,0.010764449710810309
LR,combined,pr,1.0,0.6095826314804417,0.01077777853111688
LR,combined,pr,1.0,0.6096967427929615,0.010781615537602958
LR,combined,pr,1.0,0.6098108968357986,0.010782973343539639
LR,combined,pr,1.0,0.6099250936329588,0.010787185253701906
LR,combined,pr,1.0,0.610039333208466,0.010788549352238818
LR,combined,pr,1.0,0.6101536155863619,0.010799434934389106
LR,combined,pr,1.0,0.6102679407907063,0.01080131786082043
LR,combined,pr,1.0,0.6103823088455772,0.010803365624570621
LR,combined,pr,1.0,0.6104967197750703,0.010817609090383807
LR,combined,pr,1.0,0.6106111736032996,0.010818095954153083
LR,combined,pr,1.0,0.6107256703543972,0.010819794228431823
LR,combined,pr,1.0,0.6108402100525131,0.01082524456394093
LR,combined,pr,1.0,0.6109547927218157,0.010826950100898873
LR,combined,pr,1.0,0.6110694183864915,0.010836464004596365
LR,combined,pr,1.0,0.611184087070745,0.010838934315983845
LR,combined,pr,1.0,0.6112987987987988,0.010840720862361633
LR,combined,pr,1.0,0.6114135535948939,0.010846554581357915
LR,combined,pr,1.0,0.6115283514832895,0.010847613103464332
LR,combined,pr,1.0,0.6116431924882629,0.01086092318168665
LR,combined,pr,1.0,0.6117580766341096,0.010864368206610658
LR,combined,pr,1.0,0.6118730039451438,0.010871990109531975
LR,combined,pr,1.0,0.6119879744456971,0.01087367858094976
LR,combined,pr,1.0,0.6121029881601203,0.010880959411470836
LR,combined,pr,1.0,0.612218045112782,0.010881528754506728
LR,combined,pr,1.0,0.6123331453280692,0.010886280182751465
LR,combined,pr,1.0,0.6124482888303874,0.010899132563139891
LR,combined,pr,1.0,0.6125634756441602,0.010902131344061688
LR,combined,pr,1.0,0.61267870579383,0.010906969369028461
LR,combined,pr,1.0,0.612793979303857,0.010909698365506157
LR,combined,pr,1.0,0.6129092961987204,0.010910641458788521
LR,combined,pr,1.0,0.6130246565029174,0.01091428951185413
LR,combined,pr,1.0,0.6131400602409639,0.010917806484972079
LR,combined,pr,1.0,0.6132555074373941,0.010920040551153882
LR,combined,pr,1.0,0.6133709981167609,0.010927623818482396
LR,combined,pr,1.0,0.6134865323036354,0.0109317036125444
LR,combined,pr,1.0,0.6136021100226073,0.01093290823273326
LR,combined,pr,1.0,0.6137177312982853,0.010936501172158254
LR,combined,pr,1.0,0.6138333961552959,0.010943659921322605
LR,combined,pr,1.0,0.6139491046182847,0.01095658865959472
LR,combined,pr,1.0,0.6140648567119156,0.010958903801151134
LR,combined,pr,1.0,0.6141806524608712,0.010960120651082175
LR,combined,pr,1.0,0.6142964918898529,0.010961984430643505
LR,combined,pr,1.0,0.6144123750235805,0.010963853351021728
LR,combined,pr,1.0,0.6145283018867924,0.010967652265475742
LR,combined,pr,1.0,0.6146442725042461,0.01097747139589945
LR,combined,pr,1.0,0.6147602869007173,0.010983159649015351
LR,combined,pr,1.0,0.6148763451010005,0.010984445132708286
LR,combined,pr,1.0,0.6149924471299094,0.010990765935379211
LR,combined,pr,1.0,0.6151085930122757,0.011011155125086977
LR,combined,pr,1.0,0.6152247827729506,0.011032781148327885
LR,combined,pr,1.0,0.6153410164368033,0.011040817497161846
LR,combined,pr,1.0,0.6154572940287226,0.011054609125370568
LR,combined,pr,1.0,0.6155736155736156,0.011058074740059952
LR,combined,pr,1.0,0.6156899810964083,0.011061985891732571
LR,combined,pr,1.0,0.6158063906220458,0.011066235611165605
LR,combined,pr,1.0,0.6159228441754917,0.011088564185808078
LR,combined,pr,1.0,0.6160393417817288,0.011101085301378915
LR,combined,pr,1.0,0.6161558834657586,0.011142850884869706
LR,combined,pr,1.0,0.6162724692526017,0.011150700766052141
LR,combined,pr,1.0,0.6163890991672974,0.011151517694275359
LR,combined,pr,1.0,0.6165057732349044,0.011154280547870937
LR,combined,pr,1.0,0.6166224914804999,0.011161442137260693
LR,combined,pr,1.0,0.61673925392918,0.01117656687699508
LR,combined,pr,1.0,0.6168560606060606,0.011177688042980772
LR,combined,pr,1.0,0.6169729115362758,0.011178610313409403
LR,combined,pr,1.0,0.6170898067449792,0.011181870827241003
LR,combined,pr,1.0,0.6172067462573432,0.011205224383943464
LR,combined,pr,1.0,0.6173237300985596,0.011208513856827508
LR,combined,pr,1.0,0.6174407582938388,0.011209279416091775
LR,combined,pr,1.0,0.6175578308684111,0.011215535372438573
LR,combined,pr,1.0,0.6176749478475251,0.01121917109031754
LR,combined,pr,1.0,0.6177921092564491,0.011230204259712486
LR,combined,pr,1.0,0.6179093151204705,0.011230890855624126
LR,combined,pr,1.0,0.6180265654648956,0.01124198993134289
LR,combined,pr,1.0,0.6181438603150503,0.011244365077920532
LR,combined,pr,1.0,0.6182611996962795,0.011259054333651595
LR,combined,pr,1.0,0.6183785836339473,0.011259253302143167
LR,combined,pr,1.0,0.6184960121534372,0.011264549697493461
LR,combined,pr,1.0,0.6186134852801519,0.011270966748519415
LR,combined,pr,1.0,0.6187310030395137,0.011271326660198595
LR,combined,pr,1.0,0.6188485654569638,0.011272728140746082
LR,combined,pr,1.0,0.6189661725579627,0.011276651361906455
LR,combined,pr,1.0,0.6190838243679909,0.011277016746666124
LR,combined,pr,1.0,0.6192015209125475,0.01127942183569133
LR,combined,pr,1.0,0.6193192622171515,0.011280437401101101
LR,combined,pr,1.0,0.6194370483073411,0.011285626909101554
LR,combined,pr,1.0,0.6195548792086741,0.011286368183886028
LR,combined,pr,1.0,0.6196727549467276,0.011288701949186752
LR,combined,pr,1.0,0.619790675547098,0.01130536193333077
LR,combined,pr,1.0,0.6199086410354016,0.011305783295250726
LR,combined,pr,1.0,0.620026651437274,0.011306575373296393
LR,combined,pr,1.0,0.6201447067783702,0.011323218309336818
LR,combined,pr,1.0,0.6202628070843649,0.011323766483151533
LR,combined,pr,1.0,0.6203809523809524,0.011326147200445428
LR,combined,pr,1.0,0.6204991426938464,0.011329967027575445
LR,combined,pr,1.0,0.6206173780487805,0.011347483308740558
LR,combined,pr,1.0,0.6207356584715076,0.011347795782258304
LR,combined,pr,1.0,0.6208539839878002,0.011359205673968371
LR,combined,pr,1.0,0.6209723546234509,0.011371279169397555
LR,combined,pr,1.0,0.6210907704042715,0.011373351484273193
LR,combined,pr,1.0,0.6212092313560938,0.011381164109361496
LR,combined,pr,1.0,0.6213277375047692,0.011381326390035685
LR,combined,pr,1.0,0.6214462888761687,0.011396874148416366
LR,combined,pr,1.0,0.6215648854961832,0.011398287040885696
LR,combined,pr,1.0,0.6216835273907234,0.011400300603255887
LR,combined,pr,1.0,0.6218022145857197,0.011400355449844328
LR,combined,pr,1.0,0.6219209471071224,0.011401436652961266
LR,combined,pr,1.0,0.6220397249809014,0.011419051277721623
LR,combined,pr,1.0,0.6221585482330468,0.011419598003590069
LR,combined,pr,1.0,0.6222774168895682,0.011424074244669832
LR,combined,pr,1.0,0.6223963309764953,0.011436086289894416
LR,combined,pr,1.0,0.6225152905198776,0.011436582077795876
LR,combined,pr,1.0,0.6226342955457848,0.011439405418560618
LR,combined,pr,1.0,0.622753346080306,0.011450722158429667
LR,combined,pr,1.0,0.6228724421495506,0.0114550953307192
LR,combined,pr,1.0,0.622991583779648,0.011463199921179999
LR,combined,pr,1.0,0.6231107709967476,0.011502738342569234
LR,combined,pr,1.0,0.6232300038270188,0.011505415950984975
LR,combined,pr,1.0,0.6233492822966508,0.011506019910419763
LR,combined,pr,1.0,0.623468606431853,0.01151500056617202
LR,combined,pr,1.0,0.6235879762588551,0.01151873255661922
LR,combined,pr,1.0,0.6237073918039066,0.011525709319763202
LR,combined,pr,1.0,0.6238268530932771,0.01152769545655525
LR,combined,pr,1.0,0.6239463601532567,0.011532725270573762
LR,combined,pr,1.0,0.6240659130101552,0.011534667026640485
LR,combined,pr,1.0,0.6241855116903028,0.011544234223604862
LR,combined,pr,1.0,0.6243051562200498,0.011557385889182
LR,combined,pr,1.0,0.6244248466257669,0.011568081883253749
LR,combined,pr,1.0,0.6245445829338446,0.011579127994502385
LR,combined,pr,1.0,0.6246643651706942,0.01157971080686879
LR,combined,pr,1.0,0.6247841933627469,0.01158581838175734
LR,combined,pr,1.0,0.6249040675364543,0.011596635033474191
LR,combined,pr,1.0,0.6250239877182883,0.011599906844325103
LR,combined,pr,1.0,0.6251439539347409,0.011604721632562737
LR,combined,pr,1.0,0.6252639662123248,0.011632028045209158
LR,combined,pr,1.0,0.6253840245775729,0.011640510756784406
LR,combined,pr,1.0,0.6255041290570386,0.011644988119859367
LR,combined,pr,1.0,0.6256242796772954,0.011655429264092677
LR,combined,pr,1.0,0.6257444764649376,0.011659768259597124
LR,combined,pr,1.0,0.6258647194465795,0.011662210442833863
LR,combined,pr,1.0,0.6259850086488564,0.011678093518600845
LR,combined,pr,1.0,0.6261053440984237,0.01168279737936121
LR,combined,pr,1.0,0.6262257258219573,0.011686024477174047
LR,combined,pr,1.0,0.6263461538461539,0.011691588246074908
LR,combined,pr,1.0,0.6264666281977304,0.011698581121417891
LR,combined,pr,1.0,0.6265871489034244,0.011709063481055507
LR,combined,pr,1.0,0.6267077159899942,0.011711299644752992
LR,combined,pr,1.0,0.6268283294842186,0.011723530994544437
LR,combined,pr,1.0,0.626948989412897,0.011726749739421033
LR,combined,pr,1.0,0.6270696958028494,0.011734464082566414
LR,combined,pr,1.0,0.6271904486809167,0.011736231382040786
LR,combined,pr,1.0,0.62731124807396,0.011738001315366627
LR,combined,pr,1.0,0.6274320940088615,0.011738521524412626
LR,combined,pr,1.0,0.6275529865125241,0.011765722631647138
LR,combined,pr,1.0,0.6276739256118713,0.011765845050199049
LR,combined,pr,1.0,0.6277949113338473,0.01176694659771852
LR,combined,pr,1.0,0.6279159437054174,0.011767824286676038
LR,combined,pr,1.0,0.6280370227535673,0.011777809684803466
LR,combined,pr,1.0,0.6281581485053037,0.011791001719560162
LR,combined,pr,1.0,0.6282793209876543,0.011803875634914916
LR,combined,pr,1.0,0.6284005402276673,0.011804866026633772
LR,combined,pr,1.0,0.6285218062524122,0.011829007998705648
LR,combined,pr,1.0,0.628643119088979,0.01183323978610646
LR,combined,pr,1.0,0.6287644787644787,0.011856540050792775
LR,combined,pr,1.0,0.6288858853060436,0.011860622044067114
LR,combined,pr,1.0,0.6290073387408266,0.011863879714923461
LR,combined,pr,1.0,0.6291288390960016,0.01187403488729596
LR,combined,pr,1.0,0.6292503863987635,0.011875962599883149
LR,combined,pr,1.0,0.6293719806763285,0.011883218685380122
LR,combined,pr,1.0,0.6294936219559335,0.011885208130833465
LR,combined,pr,1.0,0.6296153102648366,0.0118911428345933
LR,combined,pr,1.0,0.6297370456303171,0.011891296128745945
LR,combined,pr,1.0,0.6298588280796751,0.011897645713520763
LR,combined,pr,1.0,0.6299806576402321,0.011905380889906616
LR,combined,pr,1.0,0.6301025343393306,0.011905919332062498
LR,combined,pr,1.0,0.6302244582043344,0.011912717384616259
LR,combined,pr,1.0,0.6303464292626282,0.011914132420826342
LR,combined,pr,1.0,0.6304684475416182,0.0119179603469048
LR,combined,pr,1.0,0.6305905130687318,0.011920419163238433
LR,combined,pr,1.0,0.6307126258714175,0.011925832421506738
LR,combined,pr,1.0,0.630834785977145,0.011935360037600038
LR,combined,pr,1.0,0.6309569934134056,0.011945209059325121
LR,combined,pr,1.0,0.6310792482077117,0.011951706738383479
LR,combined,pr,1.0,0.631201550387597,0.011951861746910368
LR,combined,pr,1.0,0.6313238999806164,0.01195460774051208
LR,combined,pr,1.0,0.6314462970143466,0.011959727976231281
LR,combined,pr,1.0,0.6315687415163855,0.01197692100279931
LR,combined,pr,1.0,0.6316912335143522,0.011978922582314252
LR,combined,pr,1.0,0.6318137730358875,0.011985326275434695
LR,combined,pr,1.0,0.6319363601086535,0.011990328887432592
LR,combined,pr,1.0,0.6320589947603338,0.011997367817593868
LR,combined,pr,1.0,0.6321816770186336,0.012003881442687476
LR,combined,pr,1.0,0.6323044069112793,0.012013112158627711
LR,combined,pr,1.0,0.6324271844660194,0.012044440128428457
LR,combined,pr,1.0,0.6325500097106235,0.01204505599180491
LR,combined,pr,1.0,0.6326728826728827,0.012053294911584073
LR,combined,pr,1.0,0.63279580338061,0.012058068903053991
LR,combined,pr,1.0,0.6329187718616401,0.012061056328834993
LR,combined,pr,1.0,0.6330417881438289,0.012065922286318765
LR,combined,pr,1.0,0.6331648522550545,0.012072380401110543
LR,combined,pr,1.0,0.633287964223216,0.012080166896801846
LR,combined,pr,1.0,0.6334111240762349,0.01209425520024981
LR,combined,pr,1.0,0.6335343318420541,0.012100643369361432
LR,combined,pr,1.0,0.6336575875486381,0.012130453680997888
LR,combined,pr,1.0,0.6337808912239735,0.01213163527948526
LR,combined,pr,1.0,0.6339042428960685,0.012138243526309928
LR,combined,pr,1.0,0.6340276425929531,0.01214193043011637
LR,combined,pr,1.0,0.6341510903426791,0.012166718663163314
LR,combined,pr,1.0,0.6342745861733203,0.012182751216097227
LR,combined,pr,1.0,0.6343981301129723,0.012190137457703155
LR,combined,pr,1.0,0.6345217221897526,0.012192655715030786
LR,combined,pr,1.0,0.6347690508672773,0.012194814896142606
LR,combined,pr,1.0,0.6348927875243665,0.012205808093983365
LR,combined,pr,1.0,0.6350165724312732,0.012206386596110425
LR,combined,pr,1.0,0.6351404056162246,0.012208092131140807
LR,combined,pr,1.0,0.6352642871074703,0.012212920764248908
LR,combined,pr,1.0,0.6353882169332813,0.012223139089735985
LR,combined,pr,1.0,0.6355121951219512,0.012237051934255408
LR,combined,pr,1.0,0.6356362217017955,0.012237359343929447
LR,combined,pr,1.0,0.6357602967011516,0.012239537432593957
LR,combined,pr,1.0,0.6358844201483795,0.012239562817672843
LR,combined,pr,1.0,0.636008592071861,0.012242199266397785
LR,combined,pr,1.0,0.6361328125,0.01225366820579167
LR,combined,pr,1.0,0.6362570814612228,0.012285282104530513
LR,combined,pr,1.0,0.6363813989839782,0.012293133662155583
LR,combined,pr,1.0,0.6365057650967364,0.012316501990371646
LR,combined,pr,1.0,0.6366301798279906,0.012362403035694169
LR,combined,pr,1.0,0.6367546432062561,0.012377120112250992
LR,combined,pr,1.0,0.6368791552600704,0.012391049633884035
LR,combined,pr,1.0,0.6370037160179933,0.01240136451024213
LR,combined,pr,1.0,0.6371283255086072,0.012402622653163909
LR,combined,pr,1.0,0.6372529837605165,0.012404757123276076
LR,combined,pr,1.0,0.6373776908023483,0.012408086695407088
LR,combined,pr,1.0,0.637502446662752,0.012417651732895219
LR,combined,pr,1.0,0.6376272513703993,0.01242235739203761
LR,combined,pr,1.0,0.6377521049539847,0.012430431068572199
LR,combined,pr,1.0,0.6378770074422249,0.01244948389184002
LR,combined,pr,1.0,0.6380019588638589,0.012461126452899686
LR,combined,pr,1.0,0.638126959247649,0.012471088337963461
LR,combined,pr,1.0,0.638252008622379,0.012479249639280833
LR,combined,pr,1.0,0.6383771070168561,0.012483033308420167
LR,combined,pr,1.0,0.6385022544599098,0.012483810999469247
LR,combined,pr,1.0,0.6386274509803922,0.012484736990290823
LR,combined,pr,1.0,0.6387526966071779,0.01248795108208124
LR,combined,pr,1.0,0.6388779913691643,0.012491338767288205
LR,combined,pr,1.0,0.6390033352952718,0.012499842103732834
LR,combined,pr,1.0,0.6391287284144427,0.012501136237548133
LR,combined,pr,1.0,0.6392541707556428,0.012502287937539337
LR,combined,pr,1.0,0.6393796623478603,0.012514049292940563
LR,combined,pr,1.0,0.6395052032201061,0.012519704286567507
LR,combined,pr,1.0,0.6396307934014139,0.012522911339422016
LR,combined,pr,1.0,0.6397564329208407,0.012524335204770254
LR,combined,pr,1.0,0.6398821218074656,0.012535459073727566
LR,combined,pr,1.0,0.640007860090391,0.012538614119188635
LR,combined,pr,1.0,0.6401336477987422,0.012541124176073361
LR,combined,pr,1.0,0.640259484961667,0.012541183618360964
LR,combined,pr,1.0,0.6403853716083366,0.012547872483822269
LR,combined,pr,1.0,0.640511307767945,0.012555687228378997
LR,combined,pr,1.0,0.6406372934697089,0.012564729910178695
LR,combined,pr,1.0,0.6407633287428683,0.012571393090476637
LR,combined,pr,1.0,0.6408894136166864,0.01257844916959438
LR,combined,pr,1.0,0.6410155481204487,0.012606572411702818
LR,combined,pr,1.0,0.6411417322834646,0.012619021967857968
LR,combined,pr,1.0,0.641267966135066,0.012644080457649474
LR,combined,pr,1.0,0.6413942497046081,0.012648547066429226
LR,combined,pr,1.0,0.6415205830214694,0.012662461232143225
LR,combined,pr,1.0,0.6416469661150512,0.012662793085861974
LR,combined,pr,1.0,0.6417733990147784,0.012667657212306411
LR,combined,pr,1.0,0.6418998817500985,0.012673013438890646
LR,combined,pr,1.0,0.6420264143504829,0.012679644895587604
LR,combined,pr,1.0,0.6421529968454258,0.01268179398566098
LR,combined,pr,1.0,0.6424063116370808,0.01269746650740734
LR,combined,pr,1.0,0.642533043992898,0.012698213215225363
LR,combined,pr,1.0,0.6426598263614838,0.012710296985947582
LR,combined,pr,1.0,0.6427866587724492,0.012723476743500205
LR,combined,pr,1.0,0.6429135412554283,0.012750788082512012
LR,combined,pr,1.0,0.643040473840079,0.01276526493147562
LR,combined,pr,1.0,0.6431674565560821,0.01276592041319916
LR,combined,pr,1.0,0.6432944894331424,0.012780381654547859
LR,combined,pr,1.0,0.6434215725009877,0.01279007682001964
LR,combined,pr,1.0,0.6435487057893697,0.012790624718587745
LR,combined,pr,1.0,0.6436758893280632,0.012792349053386795
LR,combined,pr,1.0,0.6438031231468669,0.012793624247660205
LR,combined,pr,1.0,0.643930407275603,0.012796096768529691
LR,combined,pr,1.0,0.6440577417441171,0.012797470691437171
LR,combined,pr,1.0,0.6441851265822784,0.012819847641796955
LR,combined,pr,1.0,0.6443125618199802,0.012841182976902846
LR,combined,pr,1.0,0.6444400474871389,0.012848371948222024
LR,combined,pr,1.0,0.6445675836136948,0.01285952113235849
LR,combined,pr,1.0,0.644695170229612,0.012865365511398155
LR,combined,pr,1.0,0.6448228073648783,0.012868948460035669
LR,combined,pr,1.0,0.644950495049505,0.012885810738968644
LR,combined,pr,1.0,0.6450782333135274,0.012887087545340537
LR,combined,pr,1.0,0.6452060221870047,0.012890381193368656
LR,combined,pr,1.0,0.6453338617000198,0.012892807705606529
LR,combined,pr,1.0,0.6454617518826794,0.0128935141542421
LR,combined,pr,1.0,0.645589692765114,0.01290688165108432
LR,combined,pr,1.0,0.6457176843774782,0.012908660119999495
LR,combined,pr,1.0,0.6458457267499504,0.012915742528422619
LR,combined,pr,1.0,0.6459738199127331,0.0129262690724212
LR,combined,pr,1.0,0.6461019638960523,0.01292676165596383
LR,combined,pr,1.0,0.6462301587301588,0.012937974974553066
LR,combined,pr,1.0,0.6463584044453264,0.012946587531873712
LR,combined,pr,1.0,0.6464867010718539,0.012958228045161469
LR,combined,pr,1.0,0.6466150486400636,0.012972499771629448
LR,combined,pr,1.0,0.6467434471803019,0.012975319162791219
LR,combined,pr,1.0,0.6468718967229394,0.012981141050149612
LR,combined,pr,1.0,0.6470003972983711,0.012983264316869133
LR,combined,pr,1.0,0.6471289489370157,0.01298839846125303
LR,combined,pr,1.0,0.6472575516693164,0.012993020396147402
LR,combined,pr,1.0,0.6473862055257404,0.012993175017377385
LR,combined,pr,1.0,0.6475149105367793,0.013002239735599143
LR,combined,pr,1.0,0.6476436667329489,0.013004031997102823
LR,combined,pr,1.0,0.6477724741447892,0.01300606802187793
LR,combined,pr,1.0,0.6479013328028645,0.01300716097618297
LR,combined,pr,1.0,0.6480302427377637,0.013010412818983387
LR,combined,pr,1.0,0.6481592039800995,0.013010531960396298
LR,combined,pr,1.0,0.6482882165605095,0.01301053388274044
LR,combined,pr,1.0,0.6484172805096556,0.013016566827782659
LR,combined,pr,1.0,0.6485463958582238,0.013027115156936468
LR,combined,pr,1.0,0.6486755626369249,0.013030795329260924
LR,combined,pr,1.0,0.6488047808764941,0.013033689221901014
LR,combined,pr,1.0,0.6489340506076908,0.013035825706530207
LR,combined,pr,1.0,0.6490633718612994,0.013038886350076639
LR,combined,pr,1.0,0.6491927446681284,0.013045627262225941
LR,combined,pr,1.0,0.6493221690590112,0.013060091898036377
LR,combined,pr,1.0,0.6494516450648056,0.013065358061599594
LR,combined,pr,1.0,0.6495811727163942,0.013066788680337093
LR,combined,pr,1.0,0.6497107520446839,0.013070508433774811
LR,combined,pr,1.0,0.6498403830806065,0.013085509556279414
LR,combined,pr,1.0,0.6499700658551187,0.013119438699518843
LR,combined,pr,1.0,0.6500998003992016,0.013126383485814313
LR,combined,pr,1.0,0.650229586743861,0.013131810775384662
LR,combined,pr,1.0,0.6503594249201278,0.013136247700997503
LR,combined,pr,1.0,0.6504893149590574,0.013141204106160733
LR,combined,pr,1.0,0.65061925689173,0.013143793606398543
LR,combined,pr,1.0,0.6507492507492507,0.013158817923240479
LR,combined,pr,1.0,0.6508792965627498,0.013158950028926768
LR,combined,pr,1.0,0.651009394363382,0.01316352693643345
LR,combined,pr,1.0,0.6511395441823271,0.013166376065815206
LR,combined,pr,1.0,0.6512697460507898,0.01319335571128192
LR,combined,pr,1.0,0.6514,0.013215325331185105
LR,combined,pr,1.0,0.6515303060612122,0.013217972697022299
LR,combined,pr,1.0,0.6516606642657062,0.013224800239973787
LR,combined,pr,1.0,0.6517910746447869,0.013230978657234832
LR,combined,pr,1.0,0.6519215372297839,0.013232257571852583
LR,combined,pr,1.0,0.6520520520520521,0.013254664741380854
LR,combined,pr,1.0,0.6521826191429716,0.013271054262890132
LR,combined,pr,1.0,0.6523132385339475,0.013274959040413441
LR,combined,pr,1.0,0.6524439102564102,0.013281659685036916
LR,combined,pr,1.0,0.6525746343418153,0.013295216420612868
LR,combined,pr,1.0,0.6527054108216432,0.013308567539352776
LR,combined,pr,1.0,0.6528362397274002,0.013319933336907251
LR,combined,pr,1.0,0.6529671210906175,0.013345983081740018
LR,combined,pr,1.0,0.6530980549428514,0.013352716905962196
LR,combined,pr,1.0,0.6532290413156839,0.013359007072326724
LR,combined,pr,1.0,0.6533600802407221,0.013363814072742586
LR,combined,pr,1.0,0.6534911717495987,0.013366015508474665
LR,combined,pr,1.0,0.6536223158739715,0.01338379123907209
LR,combined,pr,1.0,0.6537535126455238,0.013392484515427397
LR,combined,pr,1.0,0.6538847620959647,0.013394960635219826
LR,combined,pr,1.0,0.6540160642570281,0.013401529637609925
LR,combined,pr,1.0,0.654147419160474,0.013429769294997134
LR,combined,pr,1.0,0.6542788268380876,0.013430422564241021
LR,combined,pr,1.0,0.6544102873216797,0.013443901628795137
LR,combined,pr,1.0,0.6545418006430869,0.013445868621350075
LR,combined,pr,1.0,0.6546733668341709,0.01344787358944634
LR,combined,pr,1.0,0.6548049859268195,0.013452670087343492
LR,combined,pr,1.0,0.6549366579529459,0.013466037175687944
LR,combined,pr,1.0,0.6550683829444891,0.013471845542945443
LR,combined,pr,1.0,0.6552001609334138,0.013473131462149422
LR,combined,pr,1.0,0.6553319919517102,0.013476857575122736
LR,combined,pr,1.0,0.6554638760313947,0.013484372923184796
LR,combined,pr,1.0,0.6555958132045089,0.013493443028919873
LR,combined,pr,1.0,0.6557278035031205,0.013494607470104066
LR,combined,pr,1.0,0.6558598469593234,0.013511187907977215
LR,combined,pr,1.0,0.6559919436052366,0.013517909977709587
LR,combined,pr,1.0,0.6561240934730056,0.013556733492741375
LR,combined,pr,1.0,0.6562562965948016,0.013556798996722573
LR,combined,pr,1.0,0.6563885530028214,0.013565668174878077
LR,combined,pr,1.0,0.6565208627292884,0.013577442188694243
LR,combined,pr,1.0,0.6566532258064516,0.01362914780882795
LR,combined,pr,1.0,0.656785642266586,0.013631821069384941
LR,combined,pr,1.0,0.6569181121419927,0.013635227287937894
LR,combined,pr,1.0,0.657050635464999,0.013637186374443751
LR,combined,pr,1.0,0.6571832122679581,0.01364425762763528
LR,combined,pr,1.0,0.6573158425832493,0.013648460482446062
LR,combined,pr,1.0,0.6574485264432781,0.013661238148783577
LR,combined,pr,1.0,0.6575812638804764,0.013663229670162726
LR,combined,pr,1.0,0.6577140549273021,0.013673620630098934
LR,combined,pr,1.0,0.6578468996162391,0.013674229398738361
LR,combined,pr,1.0,0.657979797979798,0.013688588668603454
LR,combined,pr,1.0,0.6581127500505153,0.01369170602847181
LR,combined,pr,1.0,0.6582457558609539,0.013691750499124853
LR,combined,pr,1.0,0.6583788154437032,0.013698935902766711
LR,combined,pr,1.0,0.6585119288313789,0.01370123822705928
LR,combined,pr,1.0,0.6586450960566228,0.013717331714078027
LR,combined,pr,1.0,0.6587783171521036,0.013719248601583604
LR,combined,pr,1.0,0.6589115921505159,0.013732015986340107
LR,combined,pr,1.0,0.6590449210845811,0.013742153153781118
LR,combined,pr,1.0,0.6591783039870471,0.01374503544725939
LR,combined,pr,1.0,0.6593117408906882,0.013753902613776898
LR,combined,pr,1.0,0.6594452318283053,0.013754736188213938
LR,combined,pr,1.0,0.6595787768327258,0.0137610638776732
LR,combined,pr,1.0,0.6597123759368038,0.013764550399135198
LR,combined,pr,1.0,0.6598460291734197,0.013770258631644217
LR,combined,pr,1.0,0.6599797365754813,0.013773050947631028
LR,combined,pr,1.0,0.6601134981759221,0.013775968685686838
LR,combined,pr,1.0,0.6602473140077032,0.013789948055053932
LR,combined,pr,1.0,0.6603811841038119,0.01379847032615208
LR,combined,pr,1.0,0.6605151084972622,0.013801374202084896
LR,combined,pr,1.0,0.6606490872210954,0.013809533331079036
LR,combined,pr,1.0,0.6607831203083789,0.013825170751418262
LR,combined,pr,1.0,0.6609172077922078,0.013827850455814585
LR,combined,pr,1.0,0.6610513497057032,0.01382827008021731
LR,combined,pr,1.0,0.6611855460820139,0.013839662982765049
LR,combined,pr,1.0,0.6613197969543148,0.013841213575672666
LR,combined,pr,1.0,0.6614541023558083,0.01386041866446323
LR,combined,pr,1.0,0.6615884623197238,0.01386095067512691
LR,combined,pr,1.0,0.6617228768793173,0.013861949088050603
LR,combined,pr,1.0,0.6618573460678724,0.013868543463390877
LR,combined,pr,1.0,0.6619918699186992,0.013876064342388101
LR,combined,pr,1.0,0.6621264484651352,0.013877266921499092
LR,combined,pr,1.0,0.662261081740545,0.01387776001011155
LR,combined,pr,1.0,0.6623957697783202,0.013877926850720581
LR,combined,pr,1.0,0.6625305126118796,0.013888307802017292
LR,combined,pr,1.0,0.6626653102746694,0.013905233414567793
LR,combined,pr,1.0,0.6628001628001629,0.01392406436374554
LR,combined,pr,1.0,0.6629350702218604,0.013925672282489353
LR,combined,pr,1.0,0.6630700325732899,0.013948230646321565
LR,combined,pr,1.0,0.6632050498880065,0.013953628984625245
LR,combined,pr,1.0,0.6633401221995927,0.013955662848327804
LR,combined,pr,1.0,0.6634752495416582,0.013957279081419409
LR,combined,pr,1.0,0.6636104319478403,0.013969094608077541
LR,combined,pr,1.0,0.6637456694518036,0.013979844040888688
LR,combined,pr,1.0,0.6638809620872401,0.013985075871008142
LR,combined,pr,1.0,0.6640163098878695,0.013992710912827734
LR,combined,pr,1.0,0.6641517128874388,0.013995049219090274
LR,combined,pr,1.0,0.6642871711197226,0.014026167821854963
LR,combined,pr,1.0,0.664422684618523,0.014032924464009375
LR,combined,pr,1.0,0.6645582534176698,0.014033772234552135
LR,combined,pr,1.0,0.6646938775510204,0.014038828209346375
LR,combined,pr,1.0,0.6648295570524597,0.014046523093206885
LR,combined,pr,1.0,0.6649652919559004,0.014047379653944298
LR,combined,pr,1.0,0.6651010822952829,0.014051937536721886
LR,combined,pr,1.0,0.6652369281045751,0.014056308759216115
LR,combined,pr,1.0,0.6653728294177732,0.014061005605612919
LR,combined,pr,1.0,0.665644798692009,0.014070569390043999
LR,combined,pr,1.0,0.6657808667211774,0.014075082140942429
LR,combined,pr,1.0,0.6659169903905132,0.014081110423175901
LR,combined,pr,1.0,0.6660531697341513,0.014083965712026369
LR,combined,pr,1.0,0.6661894047862549,0.01409493962671353
LR,combined,pr,1.0,0.6663256955810147,0.014097612385480966
LR,combined,pr,1.0,0.6664620421526499,0.014101899702950506
LR,combined,pr,1.0,0.6665984445354073,0.014108502459465658
LR,combined,pr,1.0,0.666734902763562,0.01410927673668393
LR,combined,pr,1.0,0.6668714168714168,0.014109452454881054
LR,combined,pr,1.0,0.6670079868933033,0.014119327006077723
LR,combined,pr,1.0,0.6671446128635805,0.014120784618133299
LR,combined,pr,1.0,0.6672812948166359,0.014125609975998784
LR,combined,pr,1.0,0.6674180327868853,0.014127067154360861
LR,combined,pr,1.0,0.6675548268087723,0.014128751087964518
LR,combined,pr,1.0,0.6676916769167691,0.014159616050710156
LR,combined,pr,1.0,0.6678285831453763,0.014167837010282054
LR,combined,pr,1.0,0.6679655455291222,0.01421032805837894
LR,combined,pr,1.0,0.6681025641025641,0.014214587344503206
LR,combined,pr,1.0,0.6682396389002873,0.014215788695619696
LR,combined,pr,1.0,0.6683767699569054,0.01422099818858781
LR,combined,pr,1.0,0.6685139573070608,0.014240640833788235
LR,combined,pr,1.0,0.668651200985424,0.01424759544454498
LR,combined,pr,1.0,0.6687885010266941,0.01427802287577703
LR,combined,pr,1.0,0.6689258574655987,0.014280600700797742
LR,combined,pr,1.0,0.6690632703368941,0.01429200879574195
LR,combined,pr,1.0,0.6692007396753648,0.014310672362460803
LR,combined,pr,1.0,0.6693382655158241,0.014316128225109527
LR,combined,pr,1.0,0.6694758478931141,0.014356300630295563
LR,combined,pr,1.0,0.6696134868421053,0.014357906180612032
LR,combined,pr,1.0,0.6697511823976969,0.014384655813012868
LR,combined,pr,1.0,0.6698889345948169,0.014395518461182163
LR,combined,pr,1.0,0.6700267434684222,0.014396486054583527
LR,combined,pr,1.0,0.670164609053498,0.01441121624457055
LR,combined,pr,1.0,0.6703025313850587,0.014411738815277426
LR,combined,pr,1.0,0.6704405104981473,0.01441212568329207
LR,combined,pr,1.0,0.6705785464278361,0.014431397110191155
LR,combined,pr,1.0,0.6707166392092258,0.014434398078048883
LR,combined,pr,1.0,0.670854788877446,0.014439355461654858
LR,combined,pr,1.0,0.6709929954676556,0.014445832296488999
LR,combined,pr,1.0,0.6711312590150422,0.014460800436396146
LR,combined,pr,1.0,0.6712695795548228,0.014477559365672401
LR,combined,pr,1.0,0.6714079571222429,0.014479204615281587
LR,combined,pr,1.0,0.6715463917525774,0.01450001272089643
LR,combined,pr,1.0,0.6716848834811301,0.01451540631979512
LR,combined,pr,1.0,0.6718234323432343,0.014521580765795175
LR,combined,pr,1.0,0.6719620383742522,0.014523221099487706
LR,combined,pr,1.0,0.6721007016095749,0.014528438320299271
LR,combined,pr,1.0,0.6722394220846233,0.014548464005610226
LR,combined,pr,1.0,0.6723781998348473,0.014549195111207204
LR,combined,pr,1.0,0.6725170348957258,0.014560920327064571
LR,combined,pr,1.0,0.6726559273027675,0.014578065525200927
LR,combined,pr,1.0,0.67279487709151,0.014584036414697351
LR,combined,pr,1.0,0.6729338842975207,0.014587643012439344
LR,combined,pr,1.0,0.6730729489563959,0.014610191708595148
LR,combined,pr,1.0,0.6732120711037619,0.01461323702111722
LR,combined,pr,1.0,0.6733512507752739,0.014620732890822285
LR,combined,pr,1.0,0.673490488006617,0.014625196790030645
LR,combined,pr,1.0,0.6736297828335057,0.014642310265471671
LR,combined,pr,1.0,0.6737691352916839,0.014642347551905362
LR,combined,pr,1.0,0.6739085454169254,0.01464306375494381
LR,combined,pr,1.0,0.6740480132450332,0.01464480539169847
LR,combined,pr,1.0,0.6741875388118402,0.014646166504637105
LR,combined,pr,1.0,0.6743271221532091,0.014646245343636975
LR,combined,pr,1.0,0.6744667633050321,0.014653848251449117
LR,combined,pr,1.0,0.6746064623032312,0.014663321157465407
LR,combined,pr,1.0,0.674746219183758,0.014667876326541884
LR,combined,pr,1.0,0.6748860339825943,0.014673188734624074
LR,combined,pr,1.0,0.6750259067357512,0.014679260199754223
LR,combined,pr,1.0,0.6751658374792703,0.014683525058327814
LR,combined,pr,1.0,0.6753058262492225,0.014684994138266138
LR,combined,pr,1.0,0.6754458730817088,0.014702290012033188
LR,combined,pr,1.0,0.6755859780128604,0.014702656536399765
LR,combined,pr,1.0,0.6757261410788382,0.014710469779487626
LR,combined,pr,1.0,0.6758663623158332,0.014717254194916608
LR,combined,pr,1.0,0.6760066417600664,0.01471849314104491
LR,combined,pr,1.0,0.6761469794477891,0.014723487544406106
LR,combined,pr,1.0,0.6762873754152824,0.014724534970106616
LR,combined,pr,1.0,0.6764278296988577,0.01472894587238139
LR,combined,pr,1.0,0.676708913359651,0.01474166105236432
LR,combined,pr,1.0,0.6768495428096426,0.014746290505007536
LR,combined,pr,1.0,0.6769902307212637,0.014768808413079646
LR,combined,pr,1.0,0.6771309771309771,0.014777554054953453
LR,combined,pr,1.0,0.6772717820752755,0.0148211470988187
LR,combined,pr,1.0,0.6774126455906821,0.01484363484758843
LR,combined,pr,1.0,0.6775535677137507,0.014844133958847986
LR,combined,pr,1.0,0.6776945484810654,0.01484648521355656
LR,combined,pr,1.0,0.6778355879292404,0.014849502531411365
LR,combined,pr,1.0,0.6779766860949209,0.014861744519969106
LR,combined,pr,1.0,0.6781178430147824,0.014881126229993043
LR,combined,pr,1.0,0.678259058725531,0.01488769708831982
LR,combined,pr,1.0,0.6784003332639034,0.014907025104520077
LR,combined,pr,1.0,0.6785416666666667,0.014917497742029598
LR,combined,pr,1.0,0.6786830589706189,0.014924177670083754
LR,combined,pr,1.0,0.6788245102125886,0.014925933889117742
LR,combined,pr,1.0,0.6789660204294351,0.014929032409484528
LR,combined,pr,1.0,0.6791075896580484,0.01493259441624226
LR,combined,pr,1.0,0.6792492179353493,0.014949386473294812
LR,combined,pr,1.0,0.6793909052982895,0.014952541776847851
LR,combined,pr,1.0,0.6795326517838515,0.014958375352386076
LR,combined,pr,1.0,0.6796744574290484,0.01500771063160333
LR,combined,pr,1.0,0.6798163222709247,0.015008776630770116
LR,combined,pr,1.0,0.6799582463465553,0.015009333725937287
LR,combined,pr,1.0,0.6801002296930465,0.015011134148375488
LR,combined,pr,1.0,0.6802422723475355,0.015027127822009746
LR,combined,pr,1.0,0.6803843743471903,0.015028733001308867
LR,combined,pr,1.0,0.6805265357292102,0.015041496410135342
LR,combined,pr,1.0,0.6806687565308255,0.015041900022632088
LR,combined,pr,1.0,0.6808110367892977,0.015043579960122299
LR,combined,pr,1.0,0.6809533765419193,0.015046442909312355
LR,combined,pr,1.0,0.6810957758260142,0.015049924316087177
LR,combined,pr,1.0,0.6812382346789375,0.015062334887556273
LR,combined,pr,1.0,0.6813807531380753,0.015064713120235298
LR,combined,pr,1.0,0.6815233312408454,0.015088239773868264
LR,combined,pr,1.0,0.6816659690246966,0.015099675665989574
LR,combined,pr,1.0,0.681808666527109,0.015102717057287475
LR,combined,pr,1.0,0.6819514237855946,0.015105278094766816
LR,combined,pr,1.0,0.6820942408376963,0.015114786009292565
LR,combined,pr,1.0,0.6822371177209887,0.015118312117499507
LR,combined,pr,1.0,0.6823800544730777,0.015157233297320202
LR,combined,pr,1.0,0.682523051131601,0.015183272050711159
LR,combined,pr,1.0,0.6826661077342276,0.015190152541771869
LR,combined,pr,1.0,0.6828092243186583,0.015207571332290403
LR,combined,pr,1.0,0.6829524009226253,0.015215868442313587
LR,combined,pr,1.0,0.6830956375838926,0.01521641753597763
LR,combined,pr,1.0,0.683238934340256,0.015231592556317413
LR,combined,pr,1.0,0.6833822912295426,0.015236895776306904
LR,combined,pr,1.0,0.6835257082896118,0.015252842787228858
LR,combined,pr,1.0,0.6836691855583543,0.015254684727006583
LR,combined,pr,1.0,0.683812723073693,0.015339550473481952
LR,combined,pr,1.0,0.6839563208735825,0.015346230629528846
LR,combined,pr,1.0,0.6840999789960093,0.01534797237878852
LR,combined,pr,1.0,0.6842436974789916,0.015348328411067315
LR,combined,pr,1.0,0.68438747636058,0.015356419943060999
LR,combined,pr,1.0,0.6845313156788566,0.015360415890157509
LR,combined,pr,1.0,0.6846752154719361,0.015362608800281435
LR,combined,pr,1.0,0.6848191757779647,0.01536976574669953
LR,combined,pr,1.0,0.684963196635121,0.0153766346112391
LR,combined,pr,1.0,0.6851072780816155,0.015388115737233435
LR,combined,pr,1.0,0.6852514201556912,0.015392728926654642
LR,combined,pr,1.0,0.685395622895623,0.015400010429141422
LR,combined,pr,1.0,0.685539886339718,0.015419310480435227
LR,combined,pr,1.0,0.6856842105263158,0.015420070451652362
LR,combined,pr,1.0,0.6858285954937882,0.015420265432420989
LR,combined,pr,1.0,0.6859730412805392,0.015458734255661917
LR,combined,pr,1.0,0.6861175479250052,0.01546049027551906
LR,combined,pr,1.0,0.6862621154656553,0.015467370949423518
LR,combined,pr,1.0,0.6864067439409905,0.01549077902552435
LR,combined,pr,1.0,0.6865514333895447,0.01549107589925285
LR,combined,pr,1.0,0.6866961838498841,0.015512023971232289
LR,combined,pr,1.0,0.6868409953606074,0.015521666471280027
LR,combined,pr,1.0,0.6869858679603459,0.015523343990627929
LR,combined,pr,1.0,0.6871308016877637,0.015524216796202524
LR,combined,pr,1.0,0.6872757965815572,0.015554153995700232
LR,combined,pr,1.0,0.6874208526804559,0.015558937518330951
LR,combined,pr,1.0,0.6875659700232214,0.01556283886292301
LR,combined,pr,1.0,0.687856388595565,0.015564508905252602
LR,combined,pr,1.0,0.6880016899028306,0.015581101933336887
LR,combined,pr,1.0,0.6881470526093387,0.015581646641022372
LR,combined,pr,1.0,0.6882924767540152,0.015590917948225091
LR,combined,pr,1.0,0.6884379623758191,0.015603783131681167
LR,combined,pr,1.0,0.688583509513742,0.015604615944589654
LR,combined,pr,1.0,0.688729118206809,0.015630151595168593
LR,combined,pr,1.0,0.6888747884940778,0.015634340381924707
LR,combined,pr,1.0,0.6890205204146393,0.015636308437507417
LR,combined,pr,1.0,0.6891663140076174,0.0156395501652521
LR,combined,pr,1.0,0.6893121693121693,0.01563998660912218
LR,combined,pr,1.0,0.6896040652127885,0.015644630825289572
LR,combined,pr,1.0,0.6897501058873359,0.015663020286139754
LR,combined,pr,1.0,0.6901885992795084,0.015679113679349883
LR,combined,pr,1.0,0.6903348876642645,0.015683733143744938
LR,combined,pr,1.0,0.6904812380750477,0.015685494916683442
LR,combined,pr,1.0,0.6906276505513147,0.01568912763369545
LR,combined,pr,1.0,0.6907741251325556,0.015694718427014993
LR,combined,pr,1.0,0.6910672607680882,0.015696299356145475
LR,combined,pr,1.0,0.691213921901528,0.015708464541859538
LR,combined,pr,1.0,0.6913606452982382,0.01570911589653117
LR,combined,pr,1.0,0.6915074309978768,0.015712315356004553
LR,combined,pr,1.0,0.6916542790401359,0.015716659610880233
LR,combined,pr,1.0,0.6918011894647409,0.015750611239918097
LR,combined,pr,1.0,0.6919481623114511,0.01576650549901852
LR,combined,pr,1.0,0.6920951976200594,0.01580013611743884
LR,combined,pr,1.0,0.6922422954303932,0.015805146135621218
LR,combined,pr,1.0,0.6923894557823129,0.015808486829267967
LR,combined,pr,1.0,0.6925366787157133,0.015813436981288377
LR,combined,pr,1.0,0.6926839642705231,0.0158324969510936
LR,combined,pr,1.0,0.6928313124867049,0.015836599149902313
LR,combined,pr,1.0,0.6929787234042554,0.01584519602842942
LR,combined,pr,1.0,0.6931261970632049,0.015855584048471264
LR,combined,pr,1.0,0.6932737335036185,0.015860610501296068
LR,combined,pr,1.0,0.693421332765595,0.01587027039553248
LR,combined,pr,1.0,0.6935689948892675,0.015878212962806768
LR,combined,pr,1.0,0.693716719914803,0.01588904428895466
LR,combined,pr,1.0,0.6938645078824031,0.015899169590227
LR,combined,pr,1.0,0.6946043932608232,0.015909772584754556
LR,combined,pr,1.0,0.6947525597269625,0.015911841769589916
LR,combined,pr,1.0,0.695049082373026,0.015912037713773548
LR,combined,pr,1.0,0.6951974386339381,0.015915254060177034
LR,combined,pr,1.0,0.6953458582408198,0.015927984936657143
LR,combined,pr,1.0,0.6954943412342516,0.015931079892844317
LR,combined,pr,1.0,0.6956428876548484,0.015931231805423024
LR,combined,pr,1.0,0.69579149754326,0.015932062522938592
LR,combined,pr,1.0,0.6959401709401709,0.015944303808725763
LR,combined,pr,1.0,0.6960889078863005,0.01594579629767268
LR,combined,pr,1.0,0.6962377084224027,0.015945937443498773
LR,combined,pr,1.0,0.6963865725892666,0.015948549223883446
LR,combined,pr,1.0,0.696535500427716,0.015950666022552715
LR,combined,pr,1.0,0.6966844919786096,0.01595754135779974
LR,combined,pr,1.0,0.6968335472828413,0.015981056080086833
LR,combined,pr,1.0,0.6969826663813397,0.01600269416604195
LR,combined,pr,1.0,0.6971318493150684,0.016009458975034394
LR,combined,pr,1.0,0.6972810961250268,0.016017226411997616
LR,combined,pr,1.0,0.6974304068522484,0.01602885328986078
LR,combined,pr,1.0,0.6975797815378025,0.016029734316269927
LR,combined,pr,1.0,0.6977292202227935,0.01603844340685986
LR,combined,pr,1.0,0.6978787229483608,0.016059326388720936
LR,combined,pr,1.0,0.6980282897556794,0.016071574820071106
LR,combined,pr,1.0,0.6981779206859593,0.01607755902768898
LR,combined,pr,1.0,0.698327615780446,0.016081034611978625
LR,combined,pr,1.0,0.6984773750804203,0.016087267507623775
LR,combined,pr,1.0,0.6986271986271986,0.01609760949754735
LR,combined,pr,1.0,0.6987770864621325,0.016104036977371658
LR,combined,pr,1.0,0.6989270386266094,0.01610477189667377
LR,combined,pr,1.0,0.699077055162052,0.01613971172370934
LR,combined,pr,1.0,0.6992271361099184,0.016139864095194998
LR,combined,pr,1.0,0.6993772815117029,0.016145823734260566
LR,combined,pr,1.0,0.6995274914089347,0.016145892426742355
LR,combined,pr,1.0,0.6996777658431794,0.016146901657134508
LR,combined,pr,1.0,0.6998281048560379,0.01616257327031006
LR,combined,pr,1.0,0.6999785084891468,0.01617602369061425
LR,combined,pr,1.0,0.7001289767841788,0.01618520283440418
LR,combined,pr,1.0,0.7002795097828424,0.016188522899525753
LR,combined,pr,1.0,0.7004301075268817,0.016191197274442504
LR,combined,pr,1.0,0.700580770058077,0.016193259609145052
LR,combined,pr,1.0,0.7007314974182444,0.01620450007986371
LR,combined,pr,1.0,0.700882289649236,0.01622700468098137
LR,combined,pr,1.0,0.7010331467929402,0.016247062032387273
LR,combined,pr,1.0,0.7011840688912809,0.016258195045793913
LR,combined,pr,1.0,0.7013350559862188,0.016266797531882458
LR,combined,pr,1.0,0.7014861081197502,0.016290752653899704
LR,combined,pr,1.0,0.7016372253339078,0.016303008210104584
LR,combined,pr,1.0,0.7017884076707606,0.016306933138383092
LR,combined,pr,1.0,0.7019396551724137,0.016313481252028184
LR,combined,pr,1.0,0.7020909678810089,0.01631390259753496
LR,combined,pr,1.0,0.7022423458387236,0.016323172757702897
LR,combined,pr,1.0,0.7023937890877723,0.01633141820305469
LR,combined,pr,1.0,0.7025452976704055,0.016334233911666458
LR,combined,pr,1.0,0.7026968716289105,0.016334777900492037
LR,combined,pr,1.0,0.7028485110056107,0.016337610128178488
LR,combined,pr,1.0,0.7030002158428664,0.01634174181974048
LR,combined,pr,1.0,0.7031519861830743,0.01634380155708563
LR,combined,pr,0.9996929689898679,0.7030878859857482,0.016347059354776407
LR,combined,pr,0.9996929689898679,0.7032397408207344,0.016350142160670027
LR,combined,pr,0.9996929689898679,0.7033916612659322,0.016362906064429406
LR,combined,pr,0.9996929689898679,0.7035436473638721,0.01638228818678044
LR,combined,pr,0.9996929689898679,0.7036956991571213,0.016391769974058435
LR,combined,pr,0.9996929689898679,0.7038478166882837,0.016402784364356382
LR,combined,pr,0.9996929689898679,0.704,0.01643059151339078
LR,combined,pr,0.9996929689898679,0.7041522491349481,0.01643100948914419
LR,combined,pr,0.9996929689898679,0.7043045641358425,0.01645986776333714
LR,combined,pr,0.9996929689898679,0.7044569450454349,0.016461349812560627
LR,combined,pr,0.9996929689898679,0.7046093919065137,0.016549403028792695
LR,combined,pr,0.9996929689898679,0.7047619047619048,0.016551514519405886
LR,combined,pr,0.9996929689898679,0.7049144836544706,0.016566242817108102
LR,combined,pr,0.9996929689898679,0.7050671286271113,0.016593808105905033
LR,combined,pr,0.9996929689898679,0.7052198397227637,0.016617939759803947
LR,combined,pr,0.9996929689898679,0.7053726169844021,0.016648324656856974
LR,combined,pr,0.9996929689898679,0.705525460455038,0.016672868713817856
LR,combined,pr,0.9996929689898679,0.70567837017772,0.016674325052455773
LR,combined,pr,0.9996929689898679,0.7058313461955343,0.016681498605623138
LR,combined,pr,0.9996929689898679,0.7059843885516045,0.016704103251750094
LR,combined,pr,0.9996929689898679,0.7061374972890913,0.01670468818296741
LR,combined,pr,0.9996929689898679,0.706290672451193,0.016717150006196894
LR,combined,pr,0.9996929689898679,0.7064439140811456,0.016717301858497863
LR,combined,pr,0.9996929689898679,0.7065972222222222,0.01672133905786142
LR,combined,pr,0.9996929689898679,0.7067505969177339,0.016738885448019547
LR,combined,pr,0.9996929689898679,0.7069040382110291,0.01674053198843767
LR,combined,pr,0.9996929689898679,0.707057546145494,0.016750617457126197
LR,combined,pr,0.9996929689898679,0.7072111207645526,0.016771541202318108
LR,combined,pr,0.9996929689898679,0.7073647621116663,0.01678528347949761
LR,combined,pr,0.9996929689898679,0.7076722451640948,0.016812014541820117
LR,combined,pr,0.9996929689898679,0.7078260869565217,0.016830742858561773
LR,combined,pr,0.9996929689898679,0.7079799956512285,0.016836224143368658
LR,combined,pr,0.9996929689898679,0.7081339712918661,0.016841377579887528
LR,combined,pr,0.9996929689898679,0.7082880139221231,0.016855072907688163
LR,combined,pr,0.9996929689898679,0.7084421235857267,0.01685651253537736
LR,combined,pr,0.9996929689898679,0.7085963003264418,0.016859814614615377
LR,combined,pr,0.9996929689898679,0.7087505441880714,0.016872607981513032
LR,combined,pr,0.9996929689898679,0.7089048552144568,0.016874532196948105
LR,combined,pr,0.9996929689898679,0.7090592334494773,0.016886927208674386
LR,combined,pr,0.9996929689898679,0.7092136789370508,0.016890243109389323
LR,combined,pr,0.9996929689898679,0.7093681917211329,0.016918868245718102
LR,combined,pr,0.9996929689898679,0.709522771845718,0.01692794416637698
LR,combined,pr,0.9996929689898679,0.7096774193548387,0.016931178091112404
LR,combined,pr,0.9996929689898679,0.709832134292566,0.016949184159495135
LR,combined,pr,0.9996929689898679,0.7099869167030092,0.016967214174966008
LR,combined,pr,0.9996929689898679,0.7101417666303163,0.01699300963508788
LR,combined,pr,0.9996929689898679,0.7102966841186736,0.017006145028516242
LR,combined,pr,0.9996929689898679,0.7106067219554779,0.017008103636132303
LR,combined,pr,0.9996929689898679,0.7107618423924907,0.01702286993616193
LR,combined,pr,0.9996929689898679,0.7109170305676856,0.017037454401581883
LR,combined,pr,0.9996929689898679,0.7110722865254422,0.017060278635668655
LR,combined,pr,0.9996929689898679,0.7112276103101791,0.017062485966095383
LR,combined,pr,0.9996929689898679,0.7113830019663535,0.01706464258496179
LR,combined,pr,0.9996929689898679,0.7115384615384616,0.017082815384206904
LR,combined,pr,0.9996929689898679,0.7116939890710382,0.017092834578704114
LR,combined,pr,0.9996929689898679,0.7118495846086577,0.017096175153204756
LR,combined,pr,0.9996929689898679,0.7120052481959327,0.017107510504861496
LR,combined,pr,0.9996929689898679,0.7121609798775154,0.017111141812961535
LR,combined,pr,0.9996929689898679,0.7123167796980967,0.01713889522947861
LR,combined,pr,0.9996929689898679,0.712472647702407,0.01714521117711331
LR,combined,pr,0.9996929689898679,0.7126285839352156,0.017166366032733898
LR,combined,pr,0.9996929689898679,0.712784588441331,0.017184889323287482
LR,combined,pr,0.9996929689898679,0.7129406612656011,0.017186041323736034
LR,combined,pr,0.9996929689898679,0.7130968024529128,0.01718647909394546
LR,combined,pr,0.9996929689898679,0.7132530120481928,0.017186785795707198
LR,combined,pr,0.9996929689898679,0.7134092900964066,0.017194302905205936
LR,combined,pr,0.9996929689898679,0.7135656366425597,0.017203645275942453
LR,combined,pr,0.9996929689898679,0.7137220517316967,0.017204411817998495
LR,combined,pr,0.9996929689898679,0.7138785354089016,0.017206256546608553
LR,combined,pr,0.9996929689898679,0.7140350877192982,0.017211926104490034
LR,combined,pr,0.9996929689898679,0.71419170870805,0.017217184053444065
LR,combined,pr,0.9996929689898679,0.7143483984203598,0.0172229229405937
LR,combined,pr,0.9996929689898679,0.7145051569014703,0.01723179359869764
LR,combined,pr,0.9996929689898679,0.7146619841966637,0.017258739897698994
LR,combined,pr,0.9996929689898679,0.7148188803512624,0.01727688393519002
LR,combined,pr,0.9996929689898679,0.714975845410628,0.017304711777753407
LR,combined,pr,0.9996929689898679,0.7151328794201626,0.017311917890800124
LR,combined,pr,0.9996929689898679,0.7152899824253075,0.01732914988148118
LR,combined,pr,0.9996929689898679,0.7154471544715447,0.017343189028480612
LR,combined,pr,0.9996929689898679,0.7156043956043956,0.017348639441380986
LR,combined,pr,0.9996929689898679,0.7157617058694219,0.017348892606756938
LR,combined,pr,0.9996929689898679,0.7159190853122251,0.017358530852710392
LR,combined,pr,0.9996929689898679,0.7160765339784473,0.017390004624690335
LR,combined,pr,0.9996929689898679,0.7162340519137703,0.017397143320967826
LR,combined,pr,0.9996929689898679,0.7163916391639163,0.01742160766780602
LR,combined,pr,0.9996929689898679,0.7165492957746479,0.01742470642017016
LR,combined,pr,0.9996929689898679,0.7167070217917676,0.017436582089218645
LR,combined,pr,0.9996929689898679,0.7168648172611185,0.01748103651224324
LR,combined,pr,0.9996929689898679,0.717022682228584,0.017492748513262855
LR,combined,pr,0.9996929689898679,0.7171806167400882,0.017501236679611325
LR,combined,pr,0.9996929689898679,0.717338620841595,0.01751695674325493
LR,combined,pr,0.9996929689898679,0.7174966945791097,0.01751748621446086
LR,combined,pr,0.9996929689898679,0.7176548379986776,0.017530672880284835
LR,combined,pr,0.9996929689898679,0.7178130511463845,0.017533617704792875
LR,combined,pr,0.9996929689898679,0.7179713340683572,0.01755048904449339
LR,combined,pr,0.9996929689898679,0.7181296868107632,0.01755158838810962
LR,combined,pr,0.9996929689898679,0.7182881094198103,0.01756006866217514
LR,combined,pr,0.9996929689898679,0.7184466019417476,0.01758699710319964
LR,combined,pr,0.9996929689898679,0.7186051644228647,0.0175945217560551
LR,combined,pr,0.9996929689898679,0.7187637969094923,0.017621086282944193
LR,combined,pr,0.9996929689898679,0.7189224994480018,0.017628794596645722
LR,combined,pr,0.9996929689898679,0.7190812720848057,0.01766331970906244
LR,combined,pr,0.9996929689898679,0.7192401148663574,0.017679576883805576
LR,combined,pr,0.9996929689898679,0.7195580110497237,0.01768560126093177
LR,combined,pr,0.9996929689898679,0.7197170645446508,0.01769207276531273
LR,combined,pr,0.9996929689898679,0.7198761883705506,0.017698041682213894
LR,combined,pr,0.9996929689898679,0.7200353825740823,0.017699489539702646
LR,combined,pr,0.9996929689898679,0.7201946472019465,0.017732646085472672
LR,combined,pr,0.9996929689898679,0.720353982300885,0.01777195451645774
LR,combined,pr,0.9996929689898679,0.7205133879176809,0.017774967093521245
LR,combined,pr,0.9996929689898679,0.7206728640991589,0.017789894544128163
LR,combined,pr,0.9996929689898679,0.7208324108921851,0.017802893065105636
LR,combined,pr,0.9996929689898679,0.7209920283436669,0.017829330514890725
LR,combined,pr,0.9996929689898679,0.7211517165005538,0.017839780745517536
LR,combined,pr,0.9996929689898679,0.7213114754098361,0.017846460165760893
LR,combined,pr,0.9996929689898679,0.7214713051185464,0.017855003607544575
LR,combined,pr,0.9996929689898679,0.7216312056737588,0.017858431657671578
LR,combined,pr,0.9996929689898679,0.7217911771225892,0.017863493967811016
LR,combined,pr,0.9996929689898679,0.7219512195121951,0.017871431856235534
LR,combined,pr,0.9996929689898679,0.722111332889776,0.017883212067448744
LR,combined,pr,0.9996929689898679,0.7222715173025732,0.017937282322863887
LR,combined,pr,0.9996929689898679,0.72243177279787,0.017947590672403497
LR,combined,pr,0.9996929689898679,0.7225920994229915,0.01796520530441707
LR,combined,pr,0.9996929689898679,0.7227524972253052,0.017994006230150374
LR,combined,pr,0.9996929689898679,0.7229129662522202,0.01800276733483885
LR,combined,pr,0.9996929689898679,0.7230735065511881,0.01804065151450194
LR,combined,pr,0.9996929689898679,0.7232341181697024,0.0180427762029316
LR,combined,pr,0.9996929689898679,0.7233948011552989,0.01805306177863332
LR,combined,pr,0.9996929689898679,0.7235555555555555,0.01807258099608166
LR,combined,pr,0.9996929689898679,0.7237163814180929,0.018073434600324845
LR,combined,pr,0.9996929689898679,0.7238772787905736,0.01813888113192034
LR,combined,pr,0.9996929689898679,0.7240382477207027,0.018143871952855196
LR,combined,pr,0.9996929689898679,0.7241992882562278,0.01814720580380756
LR,combined,pr,0.9996929689898679,0.7243604004449388,0.01816364379775548
LR,combined,pr,0.9996929689898679,0.7245215843346684,0.018163891458736335
LR,combined,pr,0.9996929689898679,0.7246828399732917,0.01819272522130102
LR,combined,pr,0.9996929689898679,0.7248441674087266,0.01819293733992259
LR,combined,pr,0.9996929689898679,0.7250055666889335,0.01819592742234467
LR,combined,pr,0.9996929689898679,0.7251670378619154,0.018203479635511954
LR,combined,pr,0.9996929689898679,0.7253285809757184,0.018205430513660296
LR,combined,pr,0.9996929689898679,0.7254901960784313,0.018208165898544654
LR,combined,pr,0.9996929689898679,0.7256518832181859,0.01821224448202891
LR,combined,pr,0.9996929689898679,0.7258136424431565,0.018248570969074538
LR,combined,pr,0.9996929689898679,0.7259754738015608,0.018264462805294392
LR,combined,pr,0.9996929689898679,0.7261373773416593,0.018288353920931484
LR,combined,pr,0.9996929689898679,0.7262993531117555,0.018289276220079857
LR,combined,pr,0.9996929689898679,0.7264614011601963,0.01831014720181939
LR,combined,pr,0.9996929689898679,0.7266235215353716,0.018343152657516588
LR,combined,pr,0.9996929689898679,0.7267857142857143,0.01835420477879685
LR,combined,pr,0.9996929689898679,0.7269479794597008,0.018358981288603686
LR,combined,pr,0.9996929689898679,0.7271103171058508,0.01836713814594735
LR,combined,pr,0.9996929689898679,0.7272727272727273,0.018376504713427565
LR,combined,pr,0.9996929689898679,0.7274352100089365,0.018382232912279976
LR,combined,pr,0.9996929689898679,0.7275977653631285,0.01838529355258275
LR,combined,pr,0.9996929689898679,0.7277603933839965,0.018394041058899874
LR,combined,pr,0.9996929689898679,0.7279230941202772,0.018398186239021418
LR,combined,pr,0.9996929689898679,0.7280858676207513,0.01840510906745288
LR,combined,pr,0.9996929689898679,0.728248713934243,0.018412435028559417
LR,combined,pr,0.9996929689898679,0.7284116331096196,0.01841607566690557
LR,combined,pr,0.9996929689898679,0.7285746251957932,0.018424382384336975
LR,combined,pr,0.9996929689898679,0.7287376902417189,0.0184273272979439
LR,combined,pr,0.9996929689898679,0.7289008282963958,0.01843036157116484
LR,combined,pr,0.9996929689898679,0.729064039408867,0.0184317780705324
LR,combined,pr,0.9996929689898679,0.7292273236282195,0.018436569334235466
LR,combined,pr,0.9996929689898679,0.7293906810035843,0.01844578441703064
LR,combined,pr,0.9996929689898679,0.7295541115841362,0.018451509409711166
LR,combined,pr,0.9996929689898679,0.7297176154190945,0.018458121301588037
LR,combined,pr,0.9996929689898679,0.7298811925577224,0.018466593124542876
LR,combined,pr,0.9996929689898679,0.7300448430493274,0.018477971036447736
LR,combined,pr,0.9996929689898679,0.7302085669432609,0.018512195303345958
LR,combined,pr,0.9996929689898679,0.7303723642889188,0.018513539117543686
LR,combined,pr,0.9996929689898679,0.7305362351357415,0.01852485813334
LR,combined,pr,0.9996929689898679,0.7307001795332136,0.01854637901179838
LR,combined,pr,0.9996929689898679,0.7308641975308642,0.018554522745108607
LR,combined,pr,0.9996929689898679,0.7310282891782667,0.018555847686516795
LR,combined,pr,0.9996929689898679,0.7311924545250393,0.01857021516712222
LR,combined,pr,0.9996929689898679,0.7313566936208445,0.01860032238658596
LR,combined,pr,0.9996929689898679,0.7315210065153898,0.01860200568494216
LR,combined,pr,0.9996929689898679,0.731685393258427,0.018618692450146385
LR,combined,pr,0.9996929689898679,0.7318498538997528,0.018636767790628107
LR,combined,pr,0.9996929689898679,0.7320143884892086,0.018647437322449594
LR,combined,pr,0.9996929689898679,0.7321789970766809,0.018652207959959567
LR,combined,pr,0.9996929689898679,0.7323436797121008,0.018702730905478453
LR,combined,pr,0.9996929689898679,0.7325084364454443,0.018705420105647668
LR,combined,pr,0.9996929689898679,0.7326732673267327,0.018727999881803854
LR,combined,pr,0.9996929689898679,0.732838172406032,0.0187315277407183
LR,combined,pr,0.9996929689898679,0.7330031517334534,0.018738771080078657
LR,combined,pr,0.9996929689898679,0.7331682053591534,0.01875963419644707
LR,combined,pr,0.9996929689898679,0.7333333333333333,0.01876488022389111
LR,combined,pr,0.9996929689898679,0.7334985357062401,0.01879371387463639
LR,combined,pr,0.9996929689898679,0.7336638125281658,0.0187992394087185
LR,combined,pr,0.9996929689898679,0.7338291638494479,0.018808859305171344
LR,combined,pr,0.9996929689898679,0.7339945897204689,0.018815018750992722
LR,combined,pr,0.9996929689898679,0.7341600901916573,0.018822889587419293
LR,combined,pr,0.9996929689898679,0.7343256653134866,0.018835353650273456
LR,combined,pr,0.9996929689898679,0.7344913151364765,0.018868842586899612
LR,combined,pr,0.9996929689898679,0.7346570397111913,0.018895856951431016
LR,combined,pr,0.9996929689898679,0.734822839088242,0.018948108667630425
LR,combined,pr,0.9996929689898679,0.7349887133182844,0.01896110156436237
LR,combined,pr,0.9996929689898679,0.7351546624520208,0.018963447108502805
LR,combined,pr,0.9996929689898679,0.7353206865401988,0.018979329430621313
LR,combined,pr,0.9996929689898679,0.7354867856336119,0.01898567145908088
LR,combined,pr,0.9996929689898679,0.7356529597830999,0.019001555544079143
LR,combined,pr,0.9996929689898679,0.735819209039548,0.01900821958680531
LR,combined,pr,0.9996929689898679,0.7359855334538878,0.019034860648189517
LR,combined,pr,0.9996929689898679,0.736151933077097,0.019082900684945055
LR,combined,pr,0.9996929689898679,0.736318407960199,0.01909129407182017
LR,combined,pr,0.9996929689898679,0.7364849581542637,0.01910194798552159
LR,combined,pr,0.9996929689898679,0.7366515837104073,0.019119038305904456
LR,combined,pr,0.9996929689898679,0.7368182846797918,0.019122478744011406
LR,combined,pr,0.9996929689898679,0.736985061113626,0.019146983438090945
LR,combined,pr,0.9996929689898679,0.7371519130631651,0.019243668456187833
LR,combined,pr,0.9996929689898679,0.7373188405797102,0.019247586033393143
LR,combined,pr,0.9996929689898679,0.7374858437146092,0.019248171824202027
LR,combined,pr,0.9996929689898679,0.737652922519257,0.01925158092173626
LR,combined,pr,0.9996929689898679,0.737820077045094,0.019257209902367456
LR,combined,pr,0.9996929689898679,0.7379873073436083,0.01926607931795838
LR,combined,pr,0.9996929689898679,0.7381546134663342,0.019271067405866402
LR,combined,pr,0.9996929689898679,0.7383219954648526,0.019281693618302783
LR,combined,pr,0.9996929689898679,0.7384894533907915,0.019288551800098
LR,combined,pr,0.9996929689898679,0.7386569872958257,0.01929532386931319
LR,combined,pr,0.9996929689898679,0.7388245972316769,0.01930962874663281
LR,combined,pr,0.9996929689898679,0.7389922832501135,0.019390963931215414
LR,combined,pr,0.9996929689898679,0.7391600454029512,0.01939666457161303
LR,combined,pr,0.9996929689898679,0.7393278837420527,0.01941178598027741
LR,combined,pr,0.9996929689898679,0.7394957983193278,0.019424089662060235
LR,combined,pr,0.9996929689898679,0.7396637891867333,0.019436710455988854
LR,combined,pr,0.9996929689898679,0.7398318563962736,0.019441916804987323
LR,combined,pr,0.9996929689898679,0.74,0.019448099695854593
LR,combined,pr,0.9996929689898679,0.7401682200500114,0.019451267943209193
LR,combined,pr,0.9996929689898679,0.7403365165984539,0.019455592165537067
LR,combined,pr,0.9996929689898679,0.740504889697521,0.019487531409094976
LR,combined,pr,0.9996929689898679,0.740673339399454,0.019513123781564588
LR,combined,pr,0.9996929689898679,0.7408418657565415,0.019524961565819912
LR,combined,pr,0.9996929689898679,0.7410104688211198,0.019531307340519735
LR,combined,pr,0.9996929689898679,0.7411791486455725,0.019534483534133375
LR,combined,pr,0.9996929689898679,0.7413479052823315,0.01955131456452819
LR,combined,pr,0.9996929689898679,0.7415167387838761,0.019555777173586253
LR,combined,pr,0.9996929689898679,0.7416856492027335,0.01956359852683545
LR,combined,pr,0.9996929689898679,0.7418546365914787,0.01958626010076048
LR,combined,pr,0.9996929689898679,0.7420237010027347,0.01958637956433853
LR,combined,pr,0.9996929689898679,0.7421928424891726,0.01958827741380904
LR,combined,pr,0.9996929689898679,0.7423620611035112,0.019588736610438858
LR,combined,pr,0.9996929689898679,0.7425313568985177,0.019642581518020057
LR,combined,pr,0.9996929689898679,0.7427007299270073,0.019666917437178966
LR,combined,pr,0.9996929689898679,0.7428701802418435,0.019667363505622742
LR,combined,pr,0.9996929689898679,0.7430397078959379,0.01966931418100102
LR,combined,pr,0.9996929689898679,0.7432093129422507,0.019680531613268
LR,combined,pr,0.9996929689898679,0.7433789954337899,0.019697262566199143
LR,combined,pr,0.9996929689898679,0.7435487554236127,0.019703405194866977
LR,combined,pr,0.9996929689898679,0.7437185929648241,0.019712168766479885
LR,combined,pr,0.9996929689898679,0.743888508110578,0.019740021815379767
LR,combined,pr,0.9996929689898679,0.7440585009140768,0.019746752716829054
LR,combined,pr,0.9996929689898679,0.7442285714285715,0.019774873341682177
LR,combined,pr,0.9996929689898679,0.7443987197073617,0.019780536946494315
LR,combined,pr,0.9996929689898679,0.7445689458037961,0.01979268057948309
LR,combined,pr,0.9996929689898679,0.7447392497712717,0.019871534178198504
LR,combined,pr,0.9996929689898679,0.744909631663235,0.019914196531057308
LR,combined,pr,0.9996929689898679,0.7450800915331808,0.019922536687179856
LR,combined,pr,0.9996929689898679,0.7452506294346533,0.019932254001582682
LR,combined,pr,0.9996929689898679,0.7454212454212454,0.019951078003662734
LR,combined,pr,0.9996929689898679,0.7455919395465995,0.019962878841208443
LR,combined,pr,0.9996929689898679,0.7457627118644068,0.01998336213123533
LR,combined,pr,0.9996929689898679,0.7459335624284078,0.01998786803058071
LR,combined,pr,0.9996929689898679,0.7461044912923923,0.020023846275430753
LR,combined,pr,0.9996929689898679,0.7462754985101994,0.02003768147705074
LR,combined,pr,0.9996929689898679,0.7464465841357175,0.020065803005703178
LR,combined,pr,0.9996929689898679,0.7466177482228846,0.020087265245735828
LR,combined,pr,0.9996929689898679,0.7467889908256881,0.02011445881502642
LR,combined,pr,0.9996929689898679,0.7469603119981647,0.02012970193580481
LR,combined,pr,0.9996929689898679,0.7471317117944011,0.020135752805087042
LR,combined,pr,0.9996929689898679,0.7473031902685334,0.020137523679151927
LR,combined,pr,0.9996929689898679,0.7474747474747475,0.02016060784026307
LR,combined,pr,0.9996929689898679,0.747646383467279,0.020175293420594695
LR,combined,pr,0.9996929689898679,0.7478180983004135,0.02018608616768954
LR,combined,pr,0.9996929689898679,0.7479898920284861,0.02021002280741471
LR,combined,pr,0.9996929689898679,0.7481617647058824,0.020212292358424953
LR,combined,pr,0.9996929689898679,0.7483337163870375,0.020225294243914022
LR,combined,pr,0.9996929689898679,0.7485057471264368,0.020235000615946762
LR,combined,pr,0.9996929689898679,0.7486778569786158,0.020334977355679535
LR,combined,pr,0.9996929689898679,0.7488500459981601,0.020357380945026635
LR,combined,pr,0.9996929689898679,0.7490223142397056,0.020359677032694087
LR,combined,pr,0.9996929689898679,0.7491946617579384,0.020361832344067157
LR,combined,pr,0.9996929689898679,0.7493670886075949,0.020386279594038516
LR,combined,pr,0.9996929689898679,0.7495395948434622,0.020426797385298994
LR,combined,pr,0.9996929689898679,0.7500575904169546,0.020438131597854677
LR,combined,pr,0.9996929689898679,0.7502304147465437,0.020444130063087533
LR,combined,pr,0.9996929689898679,0.7504033187370361,0.02044799140381091
LR,combined,pr,0.9996929689898679,0.7505763024435224,0.02045902730997868
LR,combined,pr,0.9996929689898679,0.7507493659211436,0.020465591279788614
LR,combined,pr,0.9996929689898679,0.7509225092250923,0.02046752110503743
LR,combined,pr,0.9996929689898679,0.7510957324106113,0.020472740686964
LR,combined,pr,0.9996929689898679,0.751269035532995,0.020480530139640553
LR,combined,pr,0.9996929689898679,0.7514424186475883,0.020489861646511516
LR,combined,pr,0.9996929689898679,0.7516158818097877,0.02050309205010153
LR,combined,pr,0.9996929689898679,0.7517894250750404,0.02051642495266139
LR,combined,pr,0.9996929689898679,0.7519630484988452,0.020538571399862177
LR,combined,pr,0.9996929689898679,0.7521367521367521,0.020540706613815247
LR,combined,pr,0.9996929689898679,0.7523105360443623,0.020546641498961984
LR,combined,pr,0.9996929689898679,0.7524844002773284,0.02055728583516987
LR,combined,pr,0.9996929689898679,0.7526583448913546,0.020589426670272134
LR,combined,pr,0.9996929689898679,0.7528323699421965,0.020638557579517942
LR,combined,pr,0.9996929689898679,0.7530064754856615,0.02063977195911171
LR,combined,pr,0.9996929689898679,0.7531806615776081,0.020657186090897794
LR,combined,pr,0.9996929689898679,0.7533549282739472,0.020672706466346003
LR,combined,pr,0.9996929689898679,0.7535292756306411,0.020699722212466434
LR,combined,pr,0.9996929689898679,0.7537037037037037,0.02074162882016583
LR,combined,pr,0.9996929689898679,0.7538782125492012,0.020755759586731246
LR,combined,pr,0.9996929689898679,0.7540528022232516,0.020764287860432898
LR,combined,pr,0.9996929689898679,0.7542274727820245,0.020782973362711663
LR,combined,pr,0.9996929689898679,0.7544022242817423,0.020807197540873717
LR,combined,pr,0.9996929689898679,0.754577056778679,0.020812929043209603
LR,combined,pr,0.9996929689898679,0.7547519703291609,0.020841584860309317
LR,combined,pr,0.9996929689898679,0.7549269649895665,0.020842117626683303
LR,combined,pr,0.9996929689898679,0.7551020408163265,0.020851088075547527
LR,combined,pr,0.9996929689898679,0.7552771978659244,0.020907000555798402
LR,combined,pr,0.9996929689898679,0.7554524361948955,0.020912493762061325
LR,combined,pr,0.9996929689898679,0.7556277558598282,0.020963684582456513
LR,combined,pr,0.9996929689898679,0.755803156917363,0.020991751235671378
LR,combined,pr,0.9996929689898679,0.7559786394241932,0.021003071504280466
LR,combined,pr,0.9996929689898679,0.7561542034370645,0.02100864303543991
LR,combined,pr,0.9996929689898679,0.7563298490127759,0.02100892761271809
LR,combined,pr,0.9996929689898679,0.7565055762081785,0.021061598382334575
LR,combined,pr,0.9996929689898679,0.7566813850801766,0.021069904759066355
LR,combined,pr,0.9996929689898679,0.7568572756857276,0.02107065319844412
LR,combined,pr,0.9996929689898679,0.7570332480818415,0.021120813950761257
LR,combined,pr,0.9996929689898679,0.7572093023255814,0.021121554117539194
LR,combined,pr,0.9996929689898679,0.7573854384740637,0.021147915189431432
LR,combined,pr,0.9996929689898679,0.7575616565844578,0.021154129837477244
LR,combined,pr,0.9996929689898679,0.7577379567139865,0.021154696979345147
LR,combined,pr,0.9996929689898679,0.7579143389199255,0.021161186121041172
LR,combined,pr,0.9996929689898679,0.7580908032596042,0.021164989091844645
LR,combined,pr,0.9996929689898679,0.7582673497904052,0.021178183534115224
LR,combined,pr,0.9996929689898679,0.7584439785697648,0.02121619591208492
LR,combined,pr,0.9996929689898679,0.7586206896551724,0.021266217140486345
LR,combined,pr,0.9996929689898679,0.7587974831041715,0.02128174034605294
LR,combined,pr,0.9996929689898679,0.7589743589743589,0.02129640226704096
LR,combined,pr,0.9996929689898679,0.7591513173233854,0.021300417289378967
LR,combined,pr,0.9996929689898679,0.7593283582089553,0.02134264122562504
LR,combined,pr,0.9996929689898679,0.7595054816888267,0.021346186290393775
LR,combined,pr,0.9996929689898679,0.7596826878208119,0.021349504561075497
LR,combined,pr,0.9996929689898679,0.7598599766627772,0.02138018568446146
LR,combined,pr,0.9996929689898679,0.7600373482726424,0.021412643850796657
LR,combined,pr,0.9996929689898679,0.7602148027083819,0.021421459945378744
LR,combined,pr,0.9996929689898679,0.7603923400280242,0.021480666642059477
LR,combined,pr,0.9996929689898679,0.760569960289652,0.021505391706656576
LR,combined,pr,0.9996929689898679,0.7607476635514019,0.021512044559960208
LR,combined,pr,0.9996929689898679,0.7609254498714653,0.02152178411548206
LR,combined,pr,0.9996929689898679,0.7611033193080879,0.021536148844264594
LR,combined,pr,0.9996929689898679,0.7612812719195698,0.02155063514468718
LR,combined,pr,0.9996929689898679,0.7614593077642656,0.021556259998431797
LR,combined,pr,0.9996929689898679,0.7616374269005848,0.021574583129938055
LR,combined,pr,0.9996929689898679,0.7618156293869911,0.021594590109706855
LR,combined,pr,0.9996929689898679,0.7619939152820033,0.021619482105627783
LR,combined,pr,0.9996929689898679,0.7621722846441947,0.021623253964693303
LR,combined,pr,0.9996929689898679,0.7623507375321938,0.021623997258290104
LR,combined,pr,0.9996929689898679,0.7627078941204029,0.0216431509936956
LR,combined,pr,0.9996929689898679,0.7628865979381443,0.021686088466873924
LR,combined,pr,0.9996929689898679,0.7630653855167565,0.021731004999487206
LR,combined,pr,0.9996929689898679,0.763244256915143,0.02175426917793003
LR,combined,pr,0.9996929689898679,0.7634232121922626,0.021777366932801943
LR,combined,pr,0.9996929689898679,0.7636022514071295,0.02179214946131326
LR,combined,pr,0.9996929689898679,0.763781374618813,0.021792677887485255
LR,combined,pr,0.9996929689898679,0.7639605818864383,0.02180090504285505
LR,combined,pr,0.9996929689898679,0.7641398732691856,0.021815996944565198
LR,combined,pr,0.9996929689898679,0.7643192488262911,0.02183041382560019
LR,combined,pr,0.9996929689898679,0.7644987086170463,0.021911993987022996
LR,combined,pr,0.9996929689898679,0.7646782527007985,0.021934596706960324
LR,combined,pr,0.9996929689898679,0.7648578811369509,0.021935262119999323
LR,combined,pr,0.9996929689898679,0.7650375939849624,0.021940922140767895
LR,combined,pr,0.9996929689898679,0.7652173913043478,0.021952728436260432
LR,combined,pr,0.9996929689898679,0.765397273154678,0.021978759283095495
LR,combined,pr,0.9996929689898679,0.7657572906867357,0.022008553723272845
LR,combined,pr,0.9996929689898679,0.7659374264878852,0.02202519470095865
LR,combined,pr,0.9996929689898679,0.7661176470588236,0.022038264058017808
LR,combined,pr,0.9996929689898679,0.7662979524594022,0.022054249491828926
LR,combined,pr,0.9996929689898679,0.7664783427495292,0.022090747290206682
LR,combined,pr,0.9996929689898679,0.7666588179891688,0.022099780099305005
LR,combined,pr,0.9996929689898679,0.7668393782383419,0.022099929969245317
LR,combined,pr,0.9996929689898679,0.7670200235571261,0.02210790036552082
LR,combined,pr,0.9996929689898679,0.767200754005655,0.022144471189504272
LR,combined,pr,0.9996929689898679,0.7673815696441197,0.022201461282916442
LR,combined,pr,0.9996929689898679,0.7675624705327676,0.02221441268076043
LR,combined,pr,0.9996929689898679,0.7677434567319028,0.02223238158238488
LR,combined,pr,0.9996929689898679,0.7679245283018868,0.022244080358556226
LR,combined,pr,0.9996929689898679,0.7681056853031375,0.022273832942395037
LR,combined,pr,0.9996929689898679,0.7682869277961303,0.022279725692970185
LR,combined,pr,0.9996929689898679,0.7684682558413972,0.02230030047225344
LR,combined,pr,0.9996929689898679,0.7686496694995278,0.022326773023687442
LR,combined,pr,0.9996929689898679,0.7688311688311689,0.02232855986185852
LR,combined,pr,0.9996929689898679,0.7690127538970241,0.022329673034695876
LR,combined,pr,0.9996929689898679,0.7691944247578549,0.02235275180287012
LR,combined,pr,0.9996929689898679,0.7693761814744802,0.022369249493404117
LR,combined,pr,0.9996929689898679,0.769558024107776,0.022383291971653403
LR,combined,pr,0.9996929689898679,0.7697399527186761,0.02241981738548667
LR,combined,pr,0.9996929689898679,0.7699219673681722,0.022439735787306257
LR,combined,pr,0.9996929689898679,0.7701040681173131,0.02248020954906889
LR,combined,pr,0.9996929689898679,0.770286255027206,0.022494252169827117
LR,combined,pr,0.9996929689898679,0.7704685281590156,0.022500992590609597
LR,combined,pr,0.9996929689898679,0.7706508875739645,0.0225083464305897
LR,combined,pr,0.9996929689898679,0.7708333333333334,0.022551962832371056
LR,combined,pr,0.9996929689898679,0.7710158654984608,0.022573190002529695
LR,combined,pr,0.9996929689898679,0.7711984841307438,0.02257896682865804
LR,combined,pr,0.9996929689898679,0.771381189291637,0.022589815837120084
LR,combined,pr,0.9996929689898679,0.771563981042654,0.0226047756298907
LR,combined,pr,0.9996929689898679,0.7717468594453663,0.022611881467561303
LR,combined,pr,0.9996929689898679,0.7719298245614035,0.0226408289604334
LR,combined,pr,0.9996929689898679,0.7721128764524543,0.02270966191867774
LR,combined,pr,0.9996929689898679,0.7722960151802657,0.02273212062881633
LR,combined,pr,0.9996929689898679,0.772479240806643,0.022747941608903907
LR,combined,pr,0.9996929689898679,0.7726625533934504,0.022773329371385855
LR,combined,pr,0.9996929689898679,0.7728459530026109,0.022777541081751083
LR,combined,pr,0.9996929689898679,0.7730294396961064,0.022857578947835407
LR,combined,pr,0.9996929689898679,0.7732130135359772,0.02286364180319066
LR,combined,pr,0.9996929689898679,0.773396674584323,0.022877787235485152
LR,combined,pr,0.9996929689898679,0.7735804229033024,0.022928417470383575
LR,combined,pr,0.9996929689898679,0.7737642585551331,0.02294296280426675
LR,combined,pr,0.9996929689898679,0.7739481816020918,0.022967055281886306
LR,combined,pr,0.9996929689898679,0.7741321921065145,0.022974147950573516
LR,combined,pr,0.9996929689898679,0.7743162901307967,0.022982825582234377
LR,combined,pr,0.9996929689898679,0.774500475737393,0.022984162847396624
LR,combined,pr,0.9996929689898679,0.7746847489888176,0.022988924940259007
LR,combined,pr,0.9996929689898679,0.774869109947644,0.022999338782841588
LR,combined,pr,0.9996929689898679,0.7750535586765056,0.023001574815266095
LR,combined,pr,0.9996929689898679,0.7752380952380953,0.023009203802479384
LR,combined,pr,0.9996929689898679,0.7754227196951655,0.023030246923647246
LR,combined,pr,0.9996929689898679,0.7756074321105288,0.023059168689797006
LR,combined,pr,0.9996929689898679,0.7757922325470574,0.02307069862063304
LR,combined,pr,0.9996929689898679,0.7759771210676835,0.023105613275541427
LR,combined,pr,0.9996929689898679,0.7761620977353992,0.02311365885253622
LR,combined,pr,0.9996929689898679,0.776347162613257,0.023118950883417956
LR,combined,pr,0.9996929689898679,0.7765323157643692,0.023121819218165484
LR,combined,pr,0.9996929689898679,0.7767175572519084,0.023141467297360725
LR,combined,pr,0.9996929689898679,0.7769028871391076,0.0231900807594164
LR,combined,pr,0.9996929689898679,0.7770883054892601,0.023193576880150585
LR,combined,pr,0.9996929689898679,0.7772738123657198,0.023208965886506377
LR,combined,pr,0.9996929689898679,0.7774594078319007,0.02322727721626285
LR,combined,pr,0.9996929689898679,0.7776450919512777,0.023227333572078106
LR,combined,pr,0.9996929689898679,0.7778308647873865,0.02323357915322362
LR,combined,pr,0.9996929689898679,0.7780167264038231,0.023237123513521744
LR,combined,pr,0.9996929689898679,0.7782026768642447,0.023246826117139976
LR,combined,pr,0.9996929689898679,0.7783887162323692,0.02325192452927013
LR,combined,pr,0.9996929689898679,0.7785748445719751,0.02325970270040522
LR,combined,pr,0.9996929689898679,0.7787610619469026,0.023292200275819824
LR,combined,pr,0.9996929689898679,0.7789473684210526,0.023308922083676572
LR,combined,pr,0.9996929689898679,0.7791337640583872,0.023380381600747388
LR,combined,pr,0.9996929689898679,0.7793202489229296,0.023385373652153194
LR,combined,pr,0.9996929689898679,0.7795068230787646,0.0234114870215337
LR,combined,pr,0.9996929689898679,0.7796934865900383,0.023470059098373824
LR,combined,pr,0.9996929689898679,0.7798802395209581,0.02347036569594795
LR,combined,pr,0.9996929689898679,0.780067081935793,0.02347748626809135
LR,combined,pr,0.9996929689898679,0.7802540138988737,0.023506705243363877
LR,combined,pr,0.9996929689898679,0.7804410354745925,0.023527053607828675
LR,combined,pr,0.9996929689898679,0.7806281467274035,0.023537255948033985
LR,combined,pr,0.9996929689898679,0.7808153477218226,0.0235716551059997
LR,combined,pr,0.9996929689898679,0.7810026385224275,0.023600698068210902
LR,combined,pr,0.9996929689898679,0.781190019193858,0.023662840656201656
LR,combined,pr,0.9996929689898679,0.7813774898008159,0.023668798753423783
LR,combined,pr,0.9996929689898679,0.7815650504080653,0.02370190168608094
LR,combined,pr,0.9996929689898679,0.7817527010804322,0.023717684595808326
LR,combined,pr,0.9996929689898679,0.781940441882805,0.02373792844807633
LR,combined,pr,0.9996929689898679,0.7821282728801345,0.023741380285215212
LR,combined,pr,0.9996929689898679,0.7823161941374339,0.02374190015137269
LR,combined,pr,0.9996929689898679,0.7825042057197789,0.02375430561816152
LR,combined,pr,0.9996929689898679,0.7826923076923077,0.023804849844151994
LR,combined,pr,0.9996929689898679,0.7828805001202213,0.02383580123650709
LR,combined,pr,0.9996929689898679,0.783068783068783,0.023858367317057594
LR,combined,pr,0.9996929689898679,0.7832571566033197,0.023875724291073156
LR,combined,pr,0.9996929689898679,0.7834456207892204,0.023892542502190764
LR,combined,pr,0.9996929689898679,0.7836341756919374,0.023924221260358553
LR,combined,pr,0.9996929689898679,0.783822821376986,0.023926251859788094
LR,combined,pr,0.9996929689898679,0.7840115579099446,0.02395117964493434
LR,combined,pr,0.9996929689898679,0.7842003853564548,0.023986851537645713
LR,combined,pr,0.9996929689898679,0.7843893037822212,0.02399148193605456
LR,combined,pr,0.9996929689898679,0.7845783132530121,0.023993105786735493
LR,combined,pr,0.9996929689898679,0.784767413834659,0.02399406280086759
LR,combined,pr,0.9996929689898679,0.7849566055930569,0.024014796410890157
LR,combined,pr,0.9996929689898679,0.7851458885941645,0.024023933977845024
LR,combined,pr,0.9996929689898679,0.7853352629040039,0.024065903918721963
LR,combined,pr,0.9996929689898679,0.7855247285886611,0.024069034239127755
LR,combined,pr,0.9996929689898679,0.7857142857142857,0.024098072329076126
LR,combined,pr,0.9996929689898679,0.7859039343470915,0.024124556688075012
LR,combined,pr,0.9996929689898679,0.7860936745533559,0.02412837931349758
LR,combined,pr,0.9996929689898679,0.7862835063994205,0.02413265613599545
LR,combined,pr,0.9996929689898679,0.7864734299516908,0.024153492070931284
LR,combined,pr,0.9996929689898679,0.7866634452766369,0.024158476576105523
LR,combined,pr,0.9996929689898679,0.7868535524407927,0.024164695846719535
LR,combined,pr,0.9996929689898679,0.7870437515107566,0.02419019980718295
LR,combined,pr,0.9996929689898679,0.7872340425531915,0.024222110185789472
LR,combined,pr,0.9996929689898679,0.7874244256348246,0.02425134491824099
LR,combined,pr,0.9996929689898679,0.787614900822448,0.024256220875908244
LR,combined,pr,0.9996929689898679,0.787805468182918,0.024276923077081274
LR,combined,pr,0.9996929689898679,0.7879961277831559,0.02427882895674703
LR,combined,pr,0.9996929689898679,0.7881868796901477,0.024279494805278676
LR,combined,pr,0.9996929689898679,0.7883777239709443,0.02430093489622721
LR,combined,pr,0.9996929689898679,0.7885686606926616,0.024325119091687004
LR,combined,pr,0.9996929689898679,0.7887596899224806,0.024339671041256138
LR,combined,pr,0.9996929689898679,0.7889508117276472,0.024387698468986866
LR,combined,pr,0.9996929689898679,0.7891420261754726,0.024394217324939252
LR,combined,pr,0.9996929689898679,0.7893333333333333,0.024398636785442886
LR,combined,pr,0.9996929689898679,0.7895247332686712,0.024412904748154413
LR,combined,pr,0.9996929689898679,0.7897162260489935,0.02446657162633556
LR,combined,pr,0.9996929689898679,0.7899078117418729,0.024475156517232043
LR,combined,pr,0.9996929689898679,0.7900994904149479,0.024496044648826546
LR,combined,pr,0.9996929689898679,0.7902912621359224,0.02455201403599481
LR,combined,pr,0.9996929689898679,0.7904831269725662,0.024573496279731762
LR,combined,pr,0.9996929689898679,0.7906750849927149,0.024583228397299237
LR,combined,pr,0.9996929689898679,0.7908671362642701,0.024608508818547786
LR,combined,pr,0.9996929689898679,0.7910592808551993,0.024612537001733877
LR,combined,pr,0.9996929689898679,0.7912515188335358,0.02462607006156702
LR,combined,pr,0.9996929689898679,0.7914438502673797,0.024686938924345276
LR,combined,pr,0.9996929689898679,0.7916362752248967,0.02468925447280294
LR,combined,pr,0.9996929689898679,0.791828793774319,0.024730084831530153
LR,combined,pr,0.9996929689898679,0.7920214059839455,0.024754002089306986
LR,combined,pr,0.9996929689898679,0.7922141119221411,0.024851524078974077
LR,combined,pr,0.9996929689898679,0.7924069116573376,0.02485319580725346
LR,combined,pr,0.9996929689898679,0.7925998052580331,0.024876671935362544
LR,combined,pr,0.9996929689898679,0.7927927927927928,0.024893009732496807
LR,combined,pr,0.9996929689898679,0.7929858743302484,0.02490025030988014
LR,combined,pr,0.9996929689898679,0.7931790499390987,0.024909761174168328
LR,combined,pr,0.9996929689898679,0.7933723196881092,0.02493695332875021
LR,combined,pr,0.9996929689898679,0.7935656836461126,0.024956103198634613
LR,combined,pr,0.9996929689898679,0.7937591418820088,0.02502053946759225
LR,combined,pr,0.9996929689898679,0.7939526944647647,0.02504271992592114
LR,combined,pr,0.9996929689898679,0.7941463414634147,0.02510986690303789
LR,combined,pr,0.9996929689898679,0.7943400829470603,0.025121626026584788
LR,combined,pr,0.9996929689898679,0.7945339189848707,0.025131495664592853
LR,combined,pr,0.9996929689898679,0.7947278496460825,0.02514375776946488
LR,combined,pr,0.9996929689898679,0.794921875,0.025147077428847104
LR,combined,pr,0.9996929689898679,0.7951159951159951,0.025209662379562212
LR,combined,pr,0.9996929689898679,0.7953102100635075,0.025212640403880864
LR,combined,pr,0.9996929689898679,0.795504519912045,0.025242358500636938
LR,combined,pr,0.9996929689898679,0.7956989247311828,0.02525532770127213
LR,combined,pr,0.9996929689898679,0.7958934245905647,0.025268948646718914
LR,combined,pr,0.9996929689898679,0.7960880195599022,0.02527615712572745
LR,combined,pr,0.9996929689898679,0.7962827097089753,0.025284515313448042
LR,combined,pr,0.9996929689898679,0.7964774951076321,0.02528690716917528
LR,combined,pr,0.9996929689898679,0.7966723758257891,0.025291056077363372
LR,combined,pr,0.9996929689898679,0.7968673519334313,0.025342451820523176
LR,combined,pr,0.9996929689898679,0.797062423500612,0.025351721681582545
LR,combined,pr,0.9996929689898679,0.7972575905974535,0.025387907598710215
LR,combined,pr,0.9996929689898679,0.7974528532941465,0.02544303625215038
LR,combined,pr,0.9996929689898679,0.7976482116609506,0.02545001619539205
LR,combined,pr,0.9996929689898679,0.7978436657681941,0.025451643695383913
LR,combined,pr,0.9996929689898679,0.7980392156862746,0.025471888710146325
LR,combined,pr,0.9996929689898679,0.7982348614856583,0.02548364888555183
LR,combined,pr,0.9996929689898679,0.7984306032368809,0.025488157758248836
LR,combined,pr,0.9996929689898679,0.7986264410105469,0.02549717031032936
LR,combined,pr,0.9996929689898679,0.7988223748773308,0.025503684626074285
LR,combined,pr,0.9996929689898679,0.7990184049079755,0.02550609008606667
LR,combined,pr,0.9996929689898679,0.7992145311732941,0.025516465849414253
LR,combined,pr,0.9996929689898679,0.7994107537441689,0.02554312665894931
LR,combined,pr,0.9996929689898679,0.7996070726915521,0.025549157750058317
LR,combined,pr,0.9996929689898679,0.7998034880864653,0.025587017321196986
LR,combined,pr,0.9996929689898679,0.8,0.025589056898573083
LR,combined,pr,0.9996929689898679,0.8001966085033178,0.025614020022205235
LR,combined,pr,0.9996929689898679,0.80039331366765,0.02565210324014968
LR,combined,pr,0.9996929689898679,0.800590115564298,0.025663145932759392
LR,combined,pr,0.9996929689898679,0.8007870142646335,0.025671845648201283
LR,combined,pr,0.9996929689898679,0.8009840098400984,0.025687168445092824
LR,combined,pr,0.9996929689898679,0.8011811023622047,0.025733443844102713
LR,combined,pr,0.9996929689898679,0.8013782919025351,0.025751499678952697
LR,combined,pr,0.9996929689898679,0.8015755785327425,0.025778805867205594
LR,combined,pr,0.9996929689898679,0.8017729623245506,0.025838504274168273
LR,combined,pr,0.9996929689898679,0.8019704433497536,0.025843969305441875
LR,combined,pr,0.9996929689898679,0.8021680216802168,0.025852313188609137
LR,combined,pr,0.9996929689898679,0.8023656973878758,0.025853387699578248
LR,combined,pr,0.9996929689898679,0.8025634705447375,0.02585529195270036
LR,combined,pr,0.9996929689898679,0.8027613412228797,0.02585997260102597
LR,combined,pr,0.9996929689898679,0.8029593094944513,0.02586192377534905
LR,combined,pr,0.9996929689898679,0.8031573754316724,0.02588348593299049
LR,combined,pr,0.9996929689898679,0.8033555391068344,0.02588487827639493
LR,combined,pr,0.9996929689898679,0.8035538005923001,0.02588647750156831
LR,combined,pr,0.9996929689898679,0.8037521599605035,0.02591027846611219
LR,combined,pr,0.9996929689898679,0.8039506172839506,0.025985601259265356
LR,combined,pr,0.9996929689898679,0.8041491726352186,0.026037193119500254
LR,combined,pr,0.9996929689898679,0.8043478260869565,0.02606378344693619
LR,combined,pr,0.9996929689898679,0.8045465777118853,0.02607912181736793
LR,combined,pr,0.9996929689898679,0.8047454275827979,0.02608069613273877
LR,combined,pr,0.9996929689898679,0.8049443757725587,0.02608972833624928
LR,combined,pr,0.9996929689898679,0.8051434223541049,0.026110294307625938
LR,combined,pr,0.9996929689898679,0.8053425674004452,0.026126550599898626
LR,combined,pr,0.9996929689898679,0.805541810984661,0.026135773406600643
LR,combined,pr,0.9996929689898679,0.8057411531799059,0.026157822888664948
LR,combined,pr,0.9996929689898679,0.805940594059406,0.026173043541336264
LR,combined,pr,0.9996929689898679,0.8061401336964595,0.026185750772374308
LR,combined,pr,0.9996929689898679,0.8063397721644379,0.026195180630240136
LR,combined,pr,0.9996929689898679,0.8065395095367848,0.0262007920096946
LR,combined,pr,0.9996929689898679,0.8067393458870169,0.026217356313101493
LR,combined,pr,0.9996929689898679,0.8069392812887237,0.02622080452548632
LR,combined,pr,0.9996929689898679,0.8071393158155676,0.02622084229016335
LR,combined,pr,0.9996929689898679,0.8073394495412844,0.026225430718963348
LR,combined,pr,0.9996929689898679,0.8075396825396826,0.02624887959740932
LR,combined,pr,0.9996929689898679,0.807740014884644,0.02625826696423037
LR,combined,pr,0.9996929689898679,0.8079404466501241,0.026303800884442837
LR,combined,pr,0.9996929689898679,0.8081409779101514,0.02632221263944485
LR,combined,pr,0.9996929689898679,0.8083416087388282,0.026333360320882338
LR,combined,pr,0.9996929689898679,0.8085423392103303,0.02633714758938817
LR,combined,pr,0.9996929689898679,0.8087431693989071,0.026365791373607905
LR,combined,pr,0.9996929689898679,0.808944099378882,0.026378685078163818
LR,combined,pr,0.9996929689898679,0.8091451292246521,0.026383536715877894
LR,combined,pr,0.9996929689898679,0.8093462590106886,0.026442123192458134
LR,combined,pr,0.9996929689898679,0.8095474888115366,0.026459992848942116
LR,combined,pr,0.9996929689898679,0.8097488187018155,0.026463331631872346
LR,combined,pr,0.9996929689898679,0.8099502487562189,0.026466712992416395
LR,combined,pr,0.9996929689898679,0.8101517790495149,0.026480270935728953
LR,combined,pr,0.9996929689898679,0.8103534096565456,0.02650626492852997
LR,combined,pr,0.9996929689898679,0.810555140652228,0.026571449835933306
LR,combined,pr,0.9996929689898679,0.8107569721115537,0.026591129930032948
LR,combined,pr,0.9996929689898679,0.810958904109589,0.026608360751070457
LR,combined,pr,0.9996929689898679,0.8111609367214748,0.026620649744996543
LR,combined,pr,0.9996929689898679,0.8113630700224271,0.02665246859281897
LR,combined,pr,0.9996929689898679,0.8115653040877367,0.026670317270115602
LR,combined,pr,0.9996929689898679,0.8117676389927699,0.02675526970264298
LR,combined,pr,0.9996929689898679,0.8119700748129676,0.02678474332421324
LR,combined,pr,0.9996929689898679,0.8121726116238464,0.026839484416252016
LR,combined,pr,0.9996929689898679,0.812375249500998,0.02689812016303383
LR,combined,pr,0.9996929689898679,0.8125779885200899,0.026932438475536325
LR,combined,pr,0.9996929689898679,0.8127808287568647,0.02694433268901087
LR,combined,pr,0.9996929689898679,0.8129837702871411,0.02695268161247029
LR,combined,pr,0.9996929689898679,0.8131868131868132,0.0269652043482568
LR,combined,pr,0.9996929689898679,0.8133899575318511,0.027001899645176207
LR,combined,pr,0.9996929689898679,0.8135932033983009,0.02702988339991692
LR,combined,pr,0.9996929689898679,0.8137965508622844,0.027057145094878495
LR,combined,pr,0.9996929689898679,0.814,0.027074644634124238
LR,combined,pr,0.9996929689898679,0.8142035508877219,0.027089654244325814
LR,combined,pr,0.9996929689898679,0.8144072036018009,0.027122351237232625
LR,combined,pr,0.9996929689898679,0.814610958218664,0.027124438894219952
LR,combined,pr,0.9996929689898679,0.8148148148148148,0.027164929019283707
LR,combined,pr,0.9996929689898679,0.8150187734668335,0.027174207380702902
LR,combined,pr,0.9996929689898679,0.8152228342513771,0.02721437556478257
LR,combined,pr,0.9996929689898679,0.8154269972451791,0.027228606221315944
LR,combined,pr,0.9996929689898679,0.8156312625250501,0.027245735666757667
LR,combined,pr,0.9996929689898679,0.8158356301678777,0.0272545021495635
LR,combined,pr,0.9996929689898679,0.8160401002506266,0.027271019092231518
LR,combined,pr,0.9996929689898679,0.8162446728503384,0.027277786824985526
LR,combined,pr,0.9996929689898679,0.8164493480441324,0.027283986093452468
LR,combined,pr,0.9996929689898679,0.8166541259092049,0.027355871678708638
LR,combined,pr,0.9996929689898679,0.81685900652283,0.027358887396403433
LR,combined,pr,0.9996929689898679,0.8172690763052208,0.027416139390312615
LR,combined,pr,0.9996929689898679,0.8174742656289229,0.027447859607624792
LR,combined,pr,0.9996929689898679,0.8176795580110497,0.027460582850272496
LR,combined,pr,0.9996929689898679,0.817884953529264,0.027489124166325103
LR,combined,pr,0.9996929689898679,0.8180904522613065,0.02751867575932129
LR,combined,pr,0.9996929689898679,0.8182960542849962,0.027563285214624596
LR,combined,pr,0.9996929689898679,0.8185017596782302,0.027574239425592895
LR,combined,pr,0.9996929689898679,0.8187075685189842,0.0275800755217995
LR,combined,pr,0.9996929689898679,0.8189134808853119,0.0276423988369285
LR,combined,pr,0.9996929689898679,0.8191194968553459,0.027664259831816022
LR,combined,pr,0.9996929689898679,0.8193256165072974,0.0276716268112088
LR,combined,pr,0.9996929689898679,0.8195318399194563,0.02771483982854927
LR,combined,pr,0.9996929689898679,0.8197381671701913,0.027729242952220835
LR,combined,pr,0.9996929689898679,0.8199445983379502,0.027738425130866086
LR,combined,pr,0.9996929689898679,0.8201511335012595,0.02774563499992386
LR,combined,pr,0.9996929689898679,0.8203577727387251,0.02776694166417387
LR,combined,pr,0.9996929689898679,0.8205645161290323,0.02781010419775492
LR,combined,pr,0.9996929689898679,0.8207713637509453,0.02785117348654209
LR,combined,pr,0.9996929689898679,0.8209783156833081,0.027890349226545853
LR,combined,pr,0.9996929689898679,0.8211853720050442,0.027941445170917286
LR,combined,pr,0.9996929689898679,0.8213925327951564,0.028009668447848815
LR,combined,pr,0.9996929689898679,0.8215997981327278,0.028147115229888622
LR,combined,pr,0.9996929689898679,0.8218071680969208,0.02820351641559118
LR,combined,pr,0.9996929689898679,0.822014642766978,0.028204859769250884
LR,combined,pr,0.9996929689898679,0.8222222222222222,0.02826321668285146
LR,combined,pr,0.9996929689898679,0.822429906542056,0.02827223979626987
LR,combined,pr,0.9996929689898679,0.8226376958059626,0.028279714054463473
LR,combined,pr,0.9996929689898679,0.8228455900935052,0.028323890428512504
LR,combined,pr,0.9996929689898679,0.8230535894843276,0.02834281319117114
LR,combined,pr,0.9996929689898679,0.8234699038947901,0.028411230884525556
LR,combined,pr,0.9996929689898679,0.8236782190741209,0.0284242242048309
LR,combined,pr,0.9996929689898679,0.8238866396761133,0.028443466264426356
LR,combined,pr,0.9996929689898679,0.824095165780815,0.028453851719508115
LR,combined,pr,0.9996929689898679,0.8243037974683545,0.028464058361596073
LR,combined,pr,0.9996929689898679,0.8245125348189415,0.02846409904891416
LR,combined,pr,0.9996929689898679,0.8247213779128673,0.028520221500698058
LR,combined,pr,0.9996929689898679,0.8249303268305042,0.02852477668011419
LR,combined,pr,0.9996929689898679,0.8251393816523062,0.02852846834439105
LR,combined,pr,0.9996929689898679,0.8253485424588086,0.028625762679237145
LR,combined,pr,0.9996929689898679,0.8255578093306288,0.028626811351872578
LR,combined,pr,0.9996929689898679,0.8257671823484657,0.028646108170141467
LR,combined,pr,0.9996929689898679,0.8259766615930999,0.028659892870534758
LR,combined,pr,0.9996929689898679,0.8263959390862944,0.028660643867979563
LR,combined,pr,0.9996929689898679,0.8266057374968266,0.028665432339440636
LR,combined,pr,0.9996929689898679,0.8268156424581006,0.028669796654790143
LR,combined,pr,0.9996929689898679,0.8270256540513081,0.028695343544138094
LR,combined,pr,0.9996929689898679,0.8272357723577236,0.028725437146184293
LR,combined,pr,0.9996929689898679,0.827445997458704,0.028727310392905464
LR,combined,pr,0.9996929689898679,0.8276563294356889,0.02873586149041345
LR,combined,pr,0.9996929689898679,0.8278667683702009,0.028798427966841154
LR,combined,pr,0.9996929689898679,0.8280773143438453,0.028811705245408627
LR,combined,pr,0.9996929689898679,0.8282879674383109,0.028825244584015954
LR,combined,pr,0.9996929689898679,0.8284987277353689,0.028860282093776786
LR,combined,pr,0.9996929689898679,0.8287095953168745,0.02886587680617306
LR,combined,pr,0.9996929689898679,0.8291316526610645,0.02887030994255696
LR,combined,pr,0.9996929689898679,0.8293428425878757,0.02898332917065284
LR,combined,pr,0.9996929689898679,0.8297655453618756,0.02898789384984861
LR,combined,pr,0.9996929689898679,0.8299770583736936,0.02902182758574143
LR,combined,pr,0.9996929689898679,0.8301886792452831,0.02904668986851975
LR,combined,pr,0.9996929689898679,0.8304004080591686,0.029074030909747695
LR,combined,pr,0.9996929689898679,0.8306122448979592,0.02909298742241685
LR,combined,pr,0.9996929689898679,0.830824189844348,0.029113079593539273
LR,combined,pr,0.9996929689898679,0.8310362429811128,0.02912744104625199
LR,combined,pr,0.9996929689898679,0.8312484043911157,0.029148987300053435
LR,combined,pr,0.9996929689898679,0.8314606741573034,0.029156455254139516
LR,combined,pr,0.9996929689898679,0.8316730523627075,0.02919398257651083
LR,combined,pr,0.9996929689898679,0.8318855390904446,0.029213590400042823
LR,combined,pr,0.9996929689898679,0.8320981344237158,0.02923423802040178
LR,combined,pr,0.9996929689898679,0.8323108384458078,0.029339808200749586
LR,combined,pr,0.9996929689898679,0.8325236512400921,0.02940899652121014
LR,combined,pr,0.9996929689898679,0.8327365728900256,0.02944825343706203
LR,combined,pr,0.9996929689898679,0.8329496034791507,0.02947929908020219
LR,combined,pr,0.9996929689898679,0.8331627430910952,0.029512256949454897
LR,combined,pr,0.9996929689898679,0.8333759918095726,0.029530718575274242
LR,combined,pr,0.9996929689898679,0.833589349718382,0.029579652322656597
LR,combined,pr,0.9996929689898679,0.8338028169014085,0.029587937949478456
LR,combined,pr,0.9996929689898679,0.8340163934426229,0.02959437730976194
LR,combined,pr,0.9996929689898679,0.8342300794260825,0.02964923433557062
LR,combined,pr,0.9996929689898679,0.8344438749359303,0.029671603465787885
LR,combined,pr,0.9996929689898679,0.8346577800563958,0.029697766002249427
LR,combined,pr,0.9996929689898679,0.8348717948717949,0.029724053919421636
LR,combined,pr,0.9996929689898679,0.8350859194665299,0.02975710874144664
LR,combined,pr,0.9996929689898679,0.8353001539250898,0.02976480693892047
LR,combined,pr,0.9996929689898679,0.8355144983320503,0.0297676119001174
LR,combined,pr,0.9996929689898679,0.8357289527720739,0.029779026015119604
LR,combined,pr,0.9996929689898679,0.8359435173299101,0.0298282699800794
LR,combined,pr,0.9996929689898679,0.8361581920903954,0.029871904865386458
LR,combined,pr,0.9996929689898679,0.8363729771384536,0.02988203702987503
LR,combined,pr,0.9996929689898679,0.8365878725590956,0.029913488831453432
LR,combined,pr,0.9996929689898679,0.8368028784374197,0.02991375989056209
LR,combined,pr,0.9996929689898679,0.8372332219079455,0.029944030940613185
LR,combined,pr,0.9996929689898679,0.8374485596707819,0.02996032072211728
LR,combined,pr,0.9996929689898679,0.8376640082325701,0.029983247639450376
LR,combined,pr,0.9996929689898679,0.8378795676788472,0.02999260427106331
LR,combined,pr,0.9996929689898679,0.8380952380952381,0.030051182374828882
LR,combined,pr,0.9996929689898679,0.8383110195674562,0.030068502211385767
LR,combined,pr,0.9996929689898679,0.8385269121813032,0.03008051907377292
LR,combined,pr,0.9996929689898679,0.8387429160226687,0.030085334461700555
LR,combined,pr,0.9996929689898679,0.8393915957721062,0.0301079893957673
LR,combined,pr,0.9996929689898679,0.8396080453842186,0.03021683140640501
LR,combined,pr,0.9996929689898679,0.8406919700490576,0.03032608929468348
LR,combined,pr,0.9996929689898679,0.8409090909090909,0.030341562137970828
LR,combined,pr,0.9996929689898679,0.8411263239473005,0.03035649157125496
LR,combined,pr,0.9996929689898679,0.841343669250646,0.030392698176292664
LR,combined,pr,0.9996929689898679,0.8417786970010341,0.03044482697248963
LR,combined,pr,0.9996929689898679,0.8419963796224463,0.030447687598252986
LR,combined,pr,0.9996929689898679,0.8422141748577341,0.030459734909476587
LR,combined,pr,0.9996929689898679,0.8424320827943079,0.030493673946920367
LR,combined,pr,0.9996929689898679,0.8428682371214082,0.03049708756271039
LR,combined,pr,0.9996929689898679,0.8446173800259403,0.030501540210929334
LR,combined,pr,0.9996929689898679,0.8448365334717177,0.030509812440878328
LR,combined,pr,0.9996929689898679,0.8450558006747989,0.030534176558637403
LR,combined,pr,0.9996929689898679,0.8459340088334633,0.03055083539261015
LR,combined,pr,0.9996929689898679,0.8461538461538461,0.030553441762644625
LR,combined,pr,0.9996929689898679,0.8463737977644918,0.030585668497227707
LR,combined,pr,0.9996929689898679,0.8465938637545501,0.030598473916245705
LR,combined,pr,0.9996929689898679,0.846814044213264,0.030602706417005632
LR,combined,pr,0.9996929689898679,0.8470343392299687,0.030614473238051467
LR,combined,pr,0.9996929689898679,0.8472547488940931,0.030617334767400653
LR,combined,pr,0.9996929689898679,0.8479166666666667,0.030661150726956056
LR,combined,pr,0.9996929689898679,0.8481375358166189,0.03067371500442037
LR,combined,pr,0.9996929689898679,0.8483585200625325,0.030709036562215623
LR,combined,pr,0.9996929689898679,0.8485796194943966,0.03071164485370514
LR,combined,pr,0.9996929689898679,0.848800834202294,0.030757015035648646
LR,combined,pr,0.9996929689898679,0.8490221642764015,0.030758088318288055
LR,combined,pr,0.9996929689898679,0.8503525724732306,0.0307988532702015
LR,combined,pr,0.9996929689898679,0.8505747126436781,0.03080999231780257
LR,combined,pr,0.9996929689898679,0.8507969689051477,0.030858139559209706
LR,combined,pr,0.9996929689898679,0.851019341348667,0.030931996863085127
LR,combined,pr,0.9996929689898679,0.851687156683233,0.030932574276003582
LR,combined,pr,0.9996929689898679,0.8521329494896623,0.03098793173717275
LR,combined,pr,0.9996929689898679,0.8523560209424084,0.031000355031688406
LR,combined,pr,0.9996929689898679,0.8525792092170725,0.031017121447690817
LR,combined,pr,0.9996929689898679,0.8528025144054479,0.031044555540127573
LR,combined,pr,0.9996929689898679,0.8530259365994236,0.03104919759034843
LR,combined,pr,0.9996929689898679,0.8532494758909853,0.03106393505688299
LR,combined,pr,0.9996929689898679,0.8534731323722149,0.03108325065060256
LR,combined,pr,0.9996929689898679,0.853696906135291,0.03113803613021521
LR,combined,pr,0.9996929689898679,0.8539207972724888,0.031213514738324982
LR,combined,pr,0.9996929689898679,0.8543689320388349,0.031219883958234506
LR,combined,pr,0.9996929689898679,0.8557161629434954,0.03129737292778575
LR,combined,pr,0.9996929689898679,0.8559411146161935,0.031298152968915374
LR,combined,pr,0.9996929689898679,0.8561661845911123,0.031322173261091914
LR,combined,pr,0.9996929689898679,0.8563913729615992,0.0314538831573339
LR,combined,pr,0.9996929689898679,0.8566166798210997,0.03147540044686142
LR,combined,pr,0.9996929689898679,0.8568421052631578,0.03148459952692126
LR,combined,pr,0.9996929689898679,0.8570676493814161,0.03154391898819948
LR,combined,pr,0.9996929689898679,0.8572933122696156,0.031549913446925114
LR,combined,pr,0.9996929689898679,0.857519094021596,0.031615289346771464
LR,combined,pr,0.9996929689898679,0.8577449947312961,0.03168606406441825
LR,combined,pr,0.9996929689898679,0.8579710144927536,0.03170174116202264
LR,combined,pr,0.9996929689898679,0.8581971534001054,0.03177340025825652
LR,combined,pr,0.9996929689898679,0.8591029023746701,0.03178693899725586
LR,combined,pr,0.9996929689898679,0.8595564941921858,0.031840281767796096
LR,combined,pr,0.9996929689898679,0.8613756613756614,0.031904469171363435
LR,combined,pr,0.9996929689898679,0.862059835848557,0.03190614930233584
LR,combined,pr,0.9996929689898679,0.8622881355932204,0.03191989941572457
LR,combined,pr,0.9996929689898679,0.8625165562913907,0.03193618986274539
LR,combined,pr,0.9996929689898679,0.8627450980392157,0.031944137839300335
LR,combined,pr,0.9996929689898679,0.8629737609329446,0.03194875192463275
LR,combined,pr,0.9996929689898679,0.8632025450689289,0.03196562960089045
LR,combined,pr,0.9996929689898679,0.8634314505436224,0.03196843998019328
LR,combined,pr,0.9996929689898679,0.8636604774535809,0.03199097438215778
LR,combined,pr,0.9996929689898679,0.863889625895463,0.03200578934132961
LR,combined,pr,0.9996929689898679,0.8641188959660298,0.032037530290931364
LR,combined,pr,0.9996929689898679,0.8643482877621449,0.032045501571454846
LR,combined,pr,0.9996929689898679,0.8645778013807753,0.032050881377003744
LR,combined,pr,0.9996929689898679,0.8648074369189908,0.032061430715462476
LR,combined,pr,0.9996929689898679,0.8650371944739639,0.03206910439642276
LR,combined,pr,0.9996929689898679,0.865267074142971,0.032113431484791816
LR,combined,pr,0.9996929689898679,0.8673415023974427,0.032125129069531126
LR,combined,pr,0.9996929689898679,0.8678038379530917,0.03213642947274748
LR,combined,pr,0.9996929689898679,0.8680351906158358,0.03217072816394723
LR,combined,pr,0.9996929689898679,0.8682666666666666,0.032196328497812544
LR,combined,pr,0.9996929689898679,0.8684982662043211,0.032299196729444354
LR,combined,pr,0.9996929689898679,0.8687299893276414,0.03231154684968527
LR,combined,pr,0.9996929689898679,0.8689618361355751,0.03236389320177512
LR,combined,pr,0.9996929689898679,0.8691938067271756,0.03243036600845464
LR,combined,pr,0.9996929689898679,0.8694259012016021,0.032454384843900744
LR,combined,pr,0.9996929689898679,0.8696581196581197,0.03268642732106804
LR,combined,pr,0.9996929689898679,0.8698904621960993,0.032739847895351316
LR,combined,pr,0.9996929689898679,0.8701229289150187,0.032747300618407846
LR,combined,pr,0.9996929689898679,0.8703555199144614,0.032754795947095634
LR,combined,pr,0.9996929689898679,0.8705882352941177,0.032759000045274246
LR,combined,pr,0.9996929689898679,0.8708210751537845,0.03295885562648242
LR,combined,pr,0.9996929689898679,0.8710540395933655,0.032987317411885646
LR,combined,pr,0.9996929689898679,0.8712871287128713,0.03299062802511607
LR,combined,pr,0.9996929689898679,0.8715203426124197,0.0330085134759073
LR,combined,pr,0.9996929689898679,0.8717536813922356,0.03305732236458978
LR,combined,pr,0.9996929689898679,0.8719871451526513,0.03306925306832234
LR,combined,pr,0.9996929689898679,0.8722207339941066,0.0330770235562096
LR,combined,pr,0.9996929689898679,0.872454448017149,0.03312023797282165
LR,combined,pr,0.9996929689898679,0.8726882873224336,0.033165715688971836
LR,combined,pr,0.9996929689898679,0.8729222520107238,0.033237186976355734
LR,combined,pr,0.9996929689898679,0.8731563421828908,0.03324920172168191
LR,combined,pr,0.9996929689898679,0.8733905579399142,0.03332197408814762
LR,combined,pr,0.9996929689898679,0.8736248993828817,0.03337885467924716
LR,combined,pr,0.9996929689898679,0.8738593666129898,0.033383730582161195
LR,combined,pr,0.9996929689898679,0.8740939597315436,0.03338458370363318
LR,combined,pr,0.9996929689898679,0.874328678839957,0.033397378934589404
LR,combined,pr,0.9996929689898679,0.8745635240397529,0.033410552882449915
LR,combined,pr,0.9996929689898679,0.8747984954325632,0.033570365022069525
LR,combined,pr,0.9996929689898679,0.875033593120129,0.033584112189725075
LR,combined,pr,0.9996929689898679,0.875268817204301,0.03359848987567624
LR,combined,pr,0.9996929689898679,0.8755041677870395,0.033600052984045586
LR,combined,pr,0.9996929689898679,0.8757396449704142,0.03370905969176601
LR,combined,pr,0.9996929689898679,0.8759752488566048,0.03380538035910127
LR,combined,pr,0.9996929689898679,0.876210979547901,0.033805987426532895
LR,combined,pr,0.9996929689898679,0.8764468371467026,0.03381834449512047
LR,combined,pr,0.9996929689898679,0.8766828217555197,0.033910623960122
LR,combined,pr,0.9996929689898679,0.8769189334769728,0.033941807923879304
LR,combined,pr,0.9996929689898679,0.8771551724137931,0.033975583369721604
LR,combined,pr,0.9996929689898679,0.8773915386688225,0.03399624051121488
LR,combined,pr,0.9996929689898679,0.8776280323450135,0.03399885625631235
LR,combined,pr,0.9996929689898679,0.8778646535454301,0.034226391794295555
LR,combined,pr,0.9996929689898679,0.8781014023732471,0.0342922400565654
LR,combined,pr,0.9996929689898679,0.8783382789317508,0.03432981605268053
LR,combined,pr,0.9996929689898679,0.8785752833243389,0.03435941617752175
LR,combined,pr,0.9996929689898679,0.878812415654521,0.03453159341703047
LR,combined,pr,0.9996929689898679,0.8790496760259179,0.03453430655588592
LR,combined,pr,0.9996929689898679,0.879287064542263,0.03457366468857643
LR,combined,pr,0.9996929689898679,0.8795245813074014,0.034596748331960726
LR,combined,pr,0.9996929689898679,0.8797622264252905,0.034600969767868965
LR,combined,pr,0.9996929689898679,0.88,0.0346290452722221
LR,combined,pr,0.9996929689898679,0.8802379021357124,0.03467978327636838
LR,combined,pr,0.9996929689898679,0.8804759329367225,0.03474882352307711
LR,combined,pr,0.9996929689898679,0.8807140925074385,0.03475923086506996
LR,combined,pr,0.9996929689898679,0.8809523809523809,0.034768433135839716
LR,combined,pr,0.9996929689898679,0.8811907983761841,0.03477900185465686
LR,combined,pr,0.9996929689898679,0.881429344883595,0.03480225984570724
LR,combined,pr,0.9996929689898679,0.8816680205794747,0.034827105838057454
LR,combined,pr,0.9996929689898679,0.8819068255687974,0.03502589512662561
LR,combined,pr,0.9996929689898679,0.8821457599566513,0.03503563337848419
LR,combined,pr,0.9996929689898679,0.8823848238482385,0.03509574468805911
LR,combined,pr,0.9996929689898679,0.8826240173488751,0.0351163422178376
LR,combined,pr,0.9996929689898679,0.8828633405639913,0.035294389548651176
LR,combined,pr,0.9996929689898679,0.8831027935991321,0.03538961891609699
LR,combined,pr,0.9996929689898679,0.8833423765599566,0.03542283795869678
LR,combined,pr,0.9996929689898679,0.8835820895522388,0.03543398358081427
LR,combined,pr,0.9996929689898679,0.8838219326818675,0.03551814016794298
LR,combined,pr,0.9996929689898679,0.8840619060548466,0.035546916018892274
LR,combined,pr,0.9996929689898679,0.8843020097772949,0.03558200555390469
LR,combined,pr,0.9996929689898679,0.8845422439554469,0.03559436938258682
LR,combined,pr,0.9996929689898679,0.8847826086956522,0.03559481842930163
LR,combined,pr,0.9996929689898679,0.8850231041043762,0.03562805521276988
LR,combined,pr,0.9996929689898679,0.8852637302882002,0.03568097733014943
LR,combined,pr,0.9996929689898679,0.885504487353821,0.035748818973206344
LR,combined,pr,0.9996929689898679,0.8857453754080522,0.03581758159930293
LR,combined,pr,0.9996929689898679,0.8859863945578231,0.035902523607199394
LR,combined,pr,0.9996929689898679,0.8862275449101796,0.035990325030594496
LR,combined,pr,0.9996929689898679,0.8864688265722842,0.0360112534752853
LR,combined,pr,0.9996929689898679,0.8867102396514162,0.036015637102203034
LR,combined,pr,0.9996929689898679,0.8869517842549713,0.036062810224866536
LR,combined,pr,0.9996929689898679,0.8871934604904632,0.036111784320335724
LR,combined,pr,0.9996929689898679,0.8874352684655219,0.03617275414423452
LR,combined,pr,0.9996929689898679,0.8876772082878953,0.03617327306677325
LR,combined,pr,0.9996929689898679,0.8879192800654486,0.036195925288227335
LR,combined,pr,0.9996929689898679,0.8881614839061648,0.036258806736994706
LR,combined,pr,0.9996929689898679,0.8884038199181447,0.036269359622022476
LR,combined,pr,0.9996929689898679,0.888646288209607,0.03637858100300607
LR,combined,pr,0.9996929689898679,0.8888888888888888,0.0366132939585386
LR,combined,pr,0.9996929689898679,0.8891316220644456,0.03665992868699887
LR,combined,pr,0.9996929689898679,0.8893744878448512,0.0366766567720312
LR,combined,pr,0.9996929689898679,0.8896174863387978,0.03672883495453101
LR,combined,pr,0.9996929689898679,0.889860617655097,0.036750164995482774
LR,combined,pr,0.9996929689898679,0.8901038819026791,0.03675258466808635
LR,combined,pr,0.9996929689898679,0.8903472791905934,0.03678896917319735
LR,combined,pr,0.9996929689898679,0.8905908096280087,0.03683308490897907
LR,combined,pr,0.9996929689898679,0.8908344733242134,0.036958903192718315
LR,combined,pr,0.9996929689898679,0.8910782703886152,0.037018340040984504
LR,combined,pr,0.9996929689898679,0.8913222009307419,0.03703186965961765
LR,combined,pr,0.9996929689898679,0.891566265060241,0.0371523452370147
LR,combined,pr,0.9996929689898679,0.8918104628868803,0.03718083251062164
LR,combined,pr,0.9996929689898679,0.8920547945205479,0.03721581388582115
LR,combined,pr,0.9996929689898679,0.8922992600712524,0.0372703454705871
LR,combined,pr,0.9996929689898679,0.8925438596491229,0.037276988923011754
LR,combined,pr,0.9996929689898679,0.8927885933644091,0.037291872994755046
LR,combined,pr,0.9996929689898679,0.8930334613274822,0.037403051130921273
LR,combined,pr,0.9996929689898679,0.893278463648834,0.037426477277038434
LR,combined,pr,0.9996929689898679,0.893523600439078,0.03755893033966387
LR,combined,pr,0.9996929689898679,0.8937688718089487,0.03758780835105709
LR,combined,pr,0.9996929689898679,0.8940142778693025,0.03759145263909708
LR,combined,pr,0.9996929689898679,0.8942598187311178,0.037616545176915483
LR,combined,pr,0.9996929689898679,0.8945054945054945,0.037624454999242544
LR,combined,pr,0.9996929689898679,0.8947513053036549,0.03765828516504773
LR,combined,pr,0.9996929689898679,0.8949972512369434,0.037913032606654
LR,combined,pr,0.9996929689898679,0.8952433324168271,0.03792670927667376
LR,combined,pr,0.9996929689898679,0.8954895489548955,0.0379350594009949
LR,combined,pr,0.9996929689898679,0.895735900962861,0.038152306408597535
LR,combined,pr,0.9996929689898679,0.8959823885525592,0.03815530558753985
LR,combined,pr,0.9996929689898679,0.8962290118359483,0.03817364444561958
LR,combined,pr,0.9996929689898679,0.8964757709251101,0.03831749610628561
LR,combined,pr,0.9996929689898679,0.89672266593225,0.0383192521644077
LR,combined,pr,0.9996929689898679,0.896969696969697,0.038320899199698326
LR,combined,pr,0.9996929689898679,0.8972168641499035,0.03841725037800691
LR,combined,pr,0.9996929689898679,0.8974641675854466,0.03849289346404997
LR,combined,pr,0.9996929689898679,0.8977116073890268,0.038575081969097466
LR,combined,pr,0.9996929689898679,0.8979591836734694,0.03858498141404089
LR,combined,pr,0.999385937979736,0.8979310344827586,0.0386093636014757
LR,combined,pr,0.999385937979736,0.8981788079470199,0.038708647426111506
LR,combined,pr,0.999385937979736,0.8984267181893458,0.03877610868355247
LR,combined,pr,0.999385937979736,0.8986747653230259,0.038847982285213675
LR,combined,pr,0.999385937979736,0.8989229494614748,0.038930536243261864
LR,combined,pr,0.999385937979736,0.899171270718232,0.03898062518756006
LR,combined,pr,0.999385937979736,0.8994197292069632,0.03910075781415087
LR,combined,pr,0.999385937979736,0.8996683250414593,0.03930046364487799
LR,combined,pr,0.999385937979736,0.8999170583356373,0.03938959105590105
LR,combined,pr,0.999385937979736,0.9001659292035398,0.03946975926267498
LR,combined,pr,0.999385937979736,0.9004149377593361,0.0395341634625095
LR,combined,pr,0.999385937979736,0.9006640841173216,0.039558027302236294
LR,combined,pr,0.999385937979736,0.900913368391918,0.03960285250737527
LR,combined,pr,0.999385937979736,0.9011627906976745,0.039757340093389694
LR,combined,pr,0.999385937979736,0.9014123511492661,0.03994116391408694
LR,combined,pr,0.999385937979736,0.9016620498614959,0.04000207641787603
LR,combined,pr,0.999385937979736,0.9019118869492935,0.04007202172568763
LR,combined,pr,0.999385937979736,0.9021618625277162,0.040163384675798594
LR,combined,pr,0.999385937979736,0.902411976711949,0.040190972068833646
LR,combined,pr,0.999385937979736,0.9026622296173045,0.04021648896991225
LR,combined,pr,0.999385937979736,0.9029126213592233,0.04023780606459971
LR,combined,pr,0.999385937979736,0.9031631520532741,0.0402553850936008
LR,combined,pr,0.999385937979736,0.9034138218151541,0.040276252480125466
LR,combined,pr,0.999385937979736,0.9036646307606885,0.040301707708151085
LR,combined,pr,0.999385937979736,0.9039155790058317,0.0403170589817312
LR,combined,pr,0.999385937979736,0.9041666666666667,0.04041248284127233
LR,combined,pr,0.999385937979736,0.9044178938594054,0.0405038947207552
LR,combined,pr,0.999385937979736,0.9046692607003891,0.04050474273013529
LR,combined,pr,0.999385937979736,0.9049207673060884,0.040560684109132605
LR,combined,pr,0.999385937979736,0.9051724137931034,0.0405649240340559
LR,combined,pr,0.999385937979736,0.9054242002781642,0.04056803500094337
LR,combined,pr,0.999385937979736,0.9056761268781303,0.04057462774910044
LR,combined,pr,0.999385937979736,0.9059281937099917,0.04061149997568739
LR,combined,pr,0.999385937979736,0.9061804008908686,0.04068269896292425
LR,combined,pr,0.999385937979736,0.9064327485380117,0.04070312052814192
LR,combined,pr,0.999385937979736,0.9066852367688022,0.040782313623307954
LR,combined,pr,0.999385937979736,0.9069378657007523,0.0408163603030785
LR,combined,pr,0.999385937979736,0.907190635451505,0.04093780874927246
LR,combined,pr,0.999385937979736,0.9074435461388347,0.040956003946814014
LR,combined,pr,0.999385937979736,0.9076965978806469,0.040969838669178485
LR,combined,pr,0.999385937979736,0.9079497907949791,0.040982639954915225
LR,combined,pr,0.999385937979736,0.908203125,0.04101602558298385
LR,combined,pr,0.999385937979736,0.9084566006140106,0.04116195130301809
LR,combined,pr,0.999385937979736,0.9087102177554439,0.0412370409488686
LR,combined,pr,0.999385937979736,0.9089639765428651,0.04129484446887635
LR,combined,pr,0.999385937979736,0.909217877094972,0.041308295645236394
LR,combined,pr,0.999385937979736,0.9094719195305951,0.04135213530417435
LR,combined,pr,0.999385937979736,0.9097261039686976,0.04147092618761913
LR,combined,pr,0.999385937979736,0.9099804305283757,0.041535627467991366
LR,combined,pr,0.999385937979736,0.910234899328859,0.041556351914971985
LR,combined,pr,0.999385937979736,0.9104895104895104,0.04158525442679256
LR,combined,pr,0.999385937979736,0.9107442641298266,0.041672055570982594
LR,combined,pr,0.999385937979736,0.9109991603694374,0.041675003079356815
LR,combined,pr,0.999385937979736,0.9112541993281075,0.04221344663184615
LR,combined,pr,0.999385937979736,0.9115093811257351,0.04223566187670205
LR,combined,pr,0.999385937979736,0.9117647058823529,0.04224784807484925
LR,combined,pr,0.999385937979736,0.9120201737181284,0.04224924289364647
LR,combined,pr,0.999385937979736,0.9122757847533632,0.042395349117766934
LR,combined,pr,0.999385937979736,0.9125315391084945,0.04248583906250152
LR,combined,pr,0.999385937979736,0.9127874369040943,0.042543136112801444
LR,combined,pr,0.999385937979736,0.9130434782608695,0.04256573700672358
LR,combined,pr,0.999385937979736,0.9132996632996633,0.0425800962972124
LR,combined,pr,0.999385937979736,0.9135559921414538,0.042623923827714266
LR,combined,pr,0.999385937979736,0.9138124649073555,0.042749527729489305
LR,combined,pr,0.999385937979736,0.9140690817186183,0.04279577656257422
LR,combined,pr,0.999385937979736,0.9143258426966292,0.04287999118223635
LR,combined,pr,0.999385937979736,0.914582747962911,0.04288711040435176
LR,combined,pr,0.999385937979736,0.9148397976391232,0.04290944431832673
LR,combined,pr,0.999385937979736,0.9150969918470622,0.04299615033176523
LR,combined,pr,0.999385937979736,0.9153543307086615,0.043028004823940355
LR,combined,pr,0.999385937979736,0.9156118143459916,0.04303279802761426
LR,combined,pr,0.999385937979736,0.9158694428812606,0.04315383742989043
LR,combined,pr,0.999385937979736,0.9161272164368139,0.04320337611370277
LR,combined,pr,0.999385937979736,0.9163851351351351,0.04345700672749504
LR,combined,pr,0.999385937979736,0.9166431990988454,0.04353623760373496
LR,combined,pr,0.999385937979736,0.9169014084507042,0.04370276179543734
LR,combined,pr,0.999385937979736,0.9171597633136095,0.04377582865947159
LR,combined,pr,0.999385937979736,0.9174182638105975,0.04393973291195153
LR,combined,pr,0.999385937979736,0.9176769100648435,0.044035842776355916
LR,combined,pr,0.999385937979736,0.9179357021996616,0.04416967219643413
LR,combined,pr,0.999385937979736,0.918194640338505,0.04418365827640998
LR,combined,pr,0.999385937979736,0.9184537246049661,0.04460380241136951
LR,combined,pr,0.999385937979736,0.9187129551227773,0.044640657016315664
LR,combined,pr,0.999385937979736,0.9189723320158103,0.044691124243889976
LR,combined,pr,0.999385937979736,0.9192318554080768,0.04492589611122708
LR,combined,pr,0.999385937979736,0.9194915254237288,0.04503045960947759
LR,combined,pr,0.999385937979736,0.9197513421870585,0.04504842040311786
LR,combined,pr,0.999385937979736,0.9200113058224986,0.045219074591379166
LR,combined,pr,0.999385937979736,0.9202714164546225,0.04524862282297886
LR,combined,pr,0.999385937979736,0.9205316742081447,0.0454195486843922
LR,combined,pr,0.999385937979736,0.9207920792079208,0.045507181874786466
LR,combined,pr,0.999385937979736,0.9210526315789473,0.04551269863632534
LR,combined,pr,0.999385937979736,0.9213133314463628,0.045623891364208594
LR,combined,pr,0.999385937979736,0.9215741789354474,0.045746930093677585
LR,combined,pr,0.999385937979736,0.9218351741716228,0.04591519670891305
LR,combined,pr,0.999385937979736,0.9220963172804533,0.04592170720118142
LR,combined,pr,0.999385937979736,0.9223576083876452,0.04594335264762619
LR,combined,pr,0.999385937979736,0.9226190476190477,0.04596088675671725
LR,combined,pr,0.999385937979736,0.9228806351006521,0.04610683393740987
LR,combined,pr,0.999385937979736,0.9231423709585933,0.046227123040000984
LR,combined,pr,0.999385937979736,0.9234042553191489,0.04624534318751965
LR,combined,pr,0.999385937979736,0.9236662883087401,0.046321428748750025
LR,combined,pr,0.999385937979736,0.9239284700539313,0.04636269023482665
LR,combined,pr,0.999385937979736,0.924190800681431,0.04641592233764254
LR,combined,pr,0.999385937979736,0.9244532803180915,0.04652190822398443
LR,combined,pr,0.999385937979736,0.9247159090909091,0.046535546403458555
LR,combined,pr,0.999385937979736,0.9249786871270247,0.04657598504973752
LR,combined,pr,0.999385937979736,0.9252416145537237,0.046736134545838776
LR,combined,pr,0.999385937979736,0.9255046914984362,0.047075848721771486
LR,combined,pr,0.999385937979736,0.9257679180887372,0.0470803171206683
LR,combined,pr,0.999385937979736,0.9260312944523471,0.04721744330320614
LR,combined,pr,0.999385937979736,0.9262948207171314,0.047359971542530604
LR,combined,pr,0.999385937979736,0.9265584970111016,0.04756219154307414
LR,combined,pr,0.999385937979736,0.9268223234624146,0.04760726625554089
LR,combined,pr,0.999385937979736,0.9270863001993734,0.047626679263032975
LR,combined,pr,0.999385937979736,0.9273504273504274,0.04766190915652482
LR,combined,pr,0.999385937979736,0.9276147050441721,0.0477293833513496
LR,combined,pr,0.999385937979736,0.92787913340935,0.047741645022269845
LR,combined,pr,0.999385937979736,0.9281437125748503,0.0477488502568786
LR,combined,pr,0.999385937979736,0.9284084426697091,0.047895908653288494
LR,combined,pr,0.999385937979736,0.9286733238231099,0.048051810148227916
LR,combined,pr,0.999385937979736,0.9289383561643836,0.048073603527629225
LR,combined,pr,0.999385937979736,0.9292035398230089,0.0488942442744935
LR,combined,pr,0.999385937979736,0.9294688749286122,0.048976333981579905
LR,combined,pr,0.999385937979736,0.9297343616109683,0.04906839376280613
LR,combined,pr,0.999385937979736,0.93,0.049080466464037686
LR,combined,pr,0.999385937979736,0.9302657902257788,0.049159483015146874
LR,combined,pr,0.999385937979736,0.9305317324185248,0.04923298518521342
LR,combined,pr,0.999385937979736,0.9307978267086073,0.04934068146583953
LR,combined,pr,0.999385937979736,0.9310640732265446,0.04938311131281868
LR,combined,pr,0.999385937979736,0.9313304721030042,0.04962409713673137
LR,combined,pr,0.999385937979736,0.9315970234688037,0.04966806883974103
LR,combined,pr,0.999385937979736,0.9318637274549099,0.049718060295255107
LR,combined,pr,0.999385937979736,0.9321305841924399,0.049739127651819544
LR,combined,pr,0.999385937979736,0.9323975938126611,0.04976667120774369
LR,combined,pr,0.999385937979736,0.9326647564469914,0.04982424954563887
LR,combined,pr,0.999385937979736,0.9329320722269991,0.04996683436251804
LR,combined,pr,0.999385937979736,0.9331995412844036,0.04998109351292391
LR,combined,pr,0.999385937979736,0.9334671637510754,0.05016074557033252
LR,combined,pr,0.999385937979736,0.9337349397590361,0.05016512561540817
LR,combined,pr,0.999385937979736,0.9340028694404591,0.050438472546562724
LR,combined,pr,0.999385937979736,0.9342709529276694,0.05062628150823596
LR,combined,pr,0.999385937979736,0.9345391903531438,0.05069441651030232
LR,combined,pr,0.999385937979736,0.9348075818495117,0.05069623927066134
LR,combined,pr,0.999385937979736,0.9350761275495547,0.05095926130915987
LR,combined,pr,0.999385937979736,0.9353448275862069,0.05097898388970161
LR,combined,pr,0.999385937979736,0.9356136820925554,0.05102005260366757
LR,combined,pr,0.999385937979736,0.9358826912018401,0.05102618358782635
LR,combined,pr,0.999385937979736,0.9361518550474547,0.05106599345691873
LR,combined,pr,0.999385937979736,0.9364211737629459,0.051090668591484346
LR,combined,pr,0.999385937979736,0.9366906474820144,0.051116456131751205
LR,combined,pr,0.999385937979736,0.9369602763385146,0.051191579500018014
LR,combined,pr,0.999385937979736,0.9372300604664555,0.05122909726751115
LR,combined,pr,0.999385937979736,0.9375,0.05150421715365749
LR,combined,pr,0.999385937979736,0.9377700950734659,0.05176791011336972
LR,combined,pr,0.999385937979736,0.9380403458213257,0.0519479862360515
LR,combined,pr,0.999385937979736,0.9383107523782069,0.05204467699755013
LR,combined,pr,0.999385937979736,0.9385813148788927,0.05215034990299025
LR,combined,pr,0.999385937979736,0.9388520334583214,0.05215859788093817
LR,combined,pr,0.999385937979736,0.9391229082515868,0.05226095253512997
LR,combined,pr,0.999385937979736,0.9393939393939394,0.05237954803975754
LR,combined,pr,0.999385937979736,0.9396651270207852,0.05259168926469513
LR,combined,pr,0.999385937979736,0.939936471267687,0.05310982697943888
LR,combined,pr,0.999385937979736,0.9402079722703639,0.05329375986959013
LR,combined,pr,0.999385937979736,0.9404796301646923,0.05332307220049339
LR,combined,pr,0.999385937979736,0.9407514450867052,0.053395717723455006
LR,combined,pr,0.999385937979736,0.9410234171725932,0.05364706180099517
LR,combined,pr,0.999385937979736,0.9412955465587044,0.05368547665124513
LR,combined,pr,0.999385937979736,0.9415678333815447,0.053742186971728216
LR,combined,pr,0.999385937979736,0.9418402777777778,0.053856345156908306
LR,combined,pr,0.999385937979736,0.9421128798842258,0.05386743725834657
LR,combined,pr,0.999385937979736,0.9423856398378692,0.053888473982784825
LR,combined,pr,0.999385937979736,0.9426585577758471,0.0543843189532998
LR,combined,pr,0.999385937979736,0.9429316338354577,0.054413393723193565
LR,combined,pr,0.999385937979736,0.9432048681541582,0.05449310425507789
LR,combined,pr,0.999385937979736,0.9434782608695652,0.05485913922381909
LR,combined,pr,0.999385937979736,0.9437518121194549,0.05493089835669134
LR,combined,pr,0.999385937979736,0.9440255220417634,0.054956696600647024
LR,combined,pr,0.999385937979736,0.9442993907745866,0.05496305689677283
LR,combined,pr,0.999385937979736,0.944573418456181,0.05532599569426079
LR,combined,pr,0.999385937979736,0.9448476052249637,0.05572095013221894
LR,combined,pr,0.999385937979736,0.9451219512195121,0.05590391963286134
LR,combined,pr,0.999385937979736,0.9453964565785652,0.0559550071461616
LR,combined,pr,0.999385937979736,0.9456711214410226,0.056052741766220264
LR,combined,pr,0.999385937979736,0.9459459459459459,0.05640512355516566
LR,combined,pr,0.999385937979736,0.9462209302325582,0.056848336861471664
LR,combined,pr,0.999385937979736,0.9464960744402443,0.05693386860665894
LR,combined,pr,0.999385937979736,0.9467713787085514,0.05700563084089859
LR,combined,pr,0.999385937979736,0.9470468431771895,0.05701386969573789
LR,combined,pr,0.999385937979736,0.9473224679860303,0.05703609471986373
LR,combined,pr,0.999385937979736,0.9475982532751092,0.05708985972572056
LR,combined,pr,0.999385937979736,0.9478741991846243,0.057234443112197754
LR,combined,pr,0.999385937979736,0.9481503058549374,0.05723479120028311
LR,combined,pr,0.999385937979736,0.9484265734265734,0.0573518970394754
LR,combined,pr,0.999385937979736,0.9487030020402215,0.05765161602816267
LR,combined,pr,0.999385937979736,0.9489795918367347,0.05767844047061075
LR,combined,pr,0.999385937979736,0.9492563429571304,0.05775697648399466
LR,combined,pr,0.999385937979736,0.9495332555425904,0.058189524925684896
LR,combined,pr,0.999385937979736,0.9498103297344617,0.05841335897358841
LR,combined,pr,0.999385937979736,0.9500875656742557,0.058437636977979095
LR,combined,pr,0.999385937979736,0.9503649635036496,0.058477456733517126
LR,combined,pr,0.999385937979736,0.950642523364486,0.058732348261044155
LR,combined,pr,0.999385937979736,0.950920245398773,0.05915273536040308
LR,combined,pr,0.999385937979736,0.951198129748685,0.05929082632312162
LR,combined,pr,0.999385937979736,0.9514761765565624,0.05945773179332467
LR,combined,pr,0.999385937979736,0.9517543859649122,0.05950202957045948
LR,combined,pr,0.999385937979736,0.9520327581164083,0.05962105018675339
LR,combined,pr,0.999385937979736,0.9523112931538912,0.05991246856453542
LR,combined,pr,0.999385937979736,0.9525899912203687,0.060007238249675236
LR,combined,pr,0.999385937979736,0.9528688524590164,0.06001095668081899
LR,combined,pr,0.999385937979736,0.9531478770131772,0.06007617343449089
LR,combined,pr,0.999385937979736,0.953427065026362,0.0601942661253424
LR,combined,pr,0.999385937979736,0.9537064166422502,0.06030629782441127
LR,combined,pr,0.999385937979736,0.9539859320046893,0.060332165939448956
LR,combined,pr,0.999385937979736,0.9542656112576957,0.060530826353067044
LR,combined,pr,0.999385937979736,0.9545454545454546,0.060806513081237024
LR,combined,pr,0.999385937979736,0.9548254620123203,0.061028756127599414
LR,combined,pr,0.999385937979736,0.9551056338028169,0.06105680151831762
LR,combined,pr,0.999385937979736,0.9553859700616378,0.06131627788073074
LR,combined,pr,0.999385937979736,0.9556664709336465,0.061467649564693486
LR,combined,pr,0.999385937979736,0.9559471365638766,0.06158163603916693
LR,combined,pr,0.999385937979736,0.9562279670975323,0.06161634789570062
LR,combined,pr,0.999385937979736,0.9565089626799882,0.06167456334727249
LR,combined,pr,0.999385937979736,0.9567901234567902,0.06206729437134777
LR,combined,pr,0.999385937979736,0.9570714495736548,0.06238904446993145
LR,combined,pr,0.999385937979736,0.9573529411764706,0.06254183079449631
LR,combined,pr,0.999385937979736,0.9576345984112974,0.0628253508038293
LR,combined,pr,0.999385937979736,0.9579164214243673,0.06291394040174791
LR,combined,pr,0.999385937979736,0.9581984103620842,0.06294071083832592
LR,combined,pr,0.999385937979736,0.9584805653710248,0.06335732825242489
LR,combined,pr,0.999385937979736,0.9587628865979382,0.06343976546589976
LR,combined,pr,0.999385937979736,0.9590453741897466,0.0637148362544417
LR,combined,pr,0.999385937979736,0.9593280282935456,0.06376901461332637
LR,combined,pr,0.999385937979736,0.9596108490566038,0.06386573099564552
LR,combined,pr,0.999385937979736,0.9598938366263638,0.06390990146516083
LR,combined,pr,0.999385937979736,0.9601769911504425,0.06405359875128637
LR,combined,pr,0.999385937979736,0.9604603127766302,0.06426435875620312
LR,combined,pr,0.999385937979736,0.9607438016528925,0.06434281875146806
LR,combined,pr,0.999385937979736,0.9610274579273693,0.06450736378296605
LR,combined,pr,0.999385937979736,0.9613112817483757,0.06478050796436254
LR,combined,pr,0.999385937979736,0.9618794326241135,0.06487417737483643
LR,combined,pr,0.999385937979736,0.9621637599763524,0.0650847823171497
LR,combined,pr,0.999385937979736,0.962448255470136,0.0652200836356016
LR,combined,pr,0.999385937979736,0.9627329192546584,0.06528931371712919
LR,combined,pr,0.999385937979736,0.9630177514792899,0.06549702772553627
LR,combined,pr,0.999385937979736,0.963302752293578,0.06659317152692754
LR,combined,pr,0.999385937979736,0.9635879218472468,0.06672472880039602
LR,combined,pr,0.999385937979736,0.9638732602901984,0.06741749651152198
LR,combined,pr,0.999385937979736,0.9641587677725119,0.06762964244540991
LR,combined,pr,0.999385937979736,0.9644444444444444,0.06768179035997843
LR,combined,pr,0.999385937979736,0.9647302904564315,0.06803659935144254
LR,combined,pr,0.999385937979736,0.9650163059590868,0.06821571679127322
LR,combined,pr,0.999385937979736,0.9653024911032029,0.06825009530258362
LR,combined,pr,0.999385937979736,0.9655888460397508,0.069007262551337
LR,combined,pr,0.999385937979736,0.9658753709198813,0.06921924343119257
LR,combined,pr,0.999385937979736,0.9661620658949243,0.0692702095197337
LR,combined,pr,0.999385937979736,0.9664489311163895,0.06933730393610507
LR,combined,pr,0.999385937979736,0.9667359667359667,0.06976830830574704
LR,combined,pr,0.999385937979736,0.9670231729055259,0.07015297844272013
LR,combined,pr,0.999385937979736,0.9673105497771174,0.07030178191605663
LR,combined,pr,0.999385937979736,0.9675980975029727,0.07073678857610444
LR,combined,pr,0.999385937979736,0.967885816235504,0.07093011559528016
LR,combined,pr,0.999385937979736,0.9681737061273051,0.07148565149054213
LR,combined,pr,0.999385937979736,0.9684617673311514,0.07173209559465729
LR,combined,pr,0.999385937979736,0.96875,0.07191933670790229
LR,combined,pr,0.999385937979736,0.9693269803454437,0.07212814104515898
LR,combined,pr,0.999385937979736,0.9696157283288651,0.07402183168683106
LR,combined,pr,0.999385937979736,0.9699046483909416,0.07506811127968348
LR,combined,pr,0.999385937979736,0.970193740685544,0.07527799236607684
LR,combined,pr,0.999385937979736,0.9704830053667263,0.07585083746497268
LR,combined,pr,0.999385937979736,0.9707724425887265,0.07593017324459796
LR,combined,pr,0.999385937979736,0.9710620525059666,0.07610125658370208
LR,combined,pr,0.9990789069696039,0.9710534168904804,0.07614796721419029
LR,combined,pr,0.9990789069696039,0.9713432835820895,0.07652734237448745
LR,combined,pr,0.9990789069696039,0.9716333233801134,0.07656423939310657
LR,combined,pr,0.9987718759594719,0.9716248506571087,0.07690557085144405
LR,combined,pr,0.9987718759594719,0.9719151478936361,0.07699211125096767
LR,combined,pr,0.9987718759594719,0.9722056186491332,0.07720251448588487
LR,combined,pr,0.9987718759594719,0.9724962630792228,0.07824193269363713
LR,combined,pr,0.9987718759594719,0.9727870813397129,0.078262149600392
LR,combined,pr,0.9987718759594719,0.9730780735865988,0.07834208698589583
LR,combined,pr,0.9987718759594719,0.9733692399760623,0.07968870813452757
LR,combined,pr,0.9987718759594719,0.9736605806644717,0.07993492608535606
LR,combined,pr,0.9987718759594719,0.9739520958083833,0.08023095519989157
LR,combined,pr,0.9987718759594719,0.9742437855645403,0.08071558931594845
LR,combined,pr,0.9987718759594719,0.9745356500898742,0.08157412427684312
LR,combined,pr,0.9987718759594719,0.9748276895415043,0.08166849670370505
LR,combined,pr,0.9987718759594719,0.9751199040767387,0.08175129098117988
LR,combined,pr,0.9987718759594719,0.9754122938530735,0.08261394032451459
LR,combined,pr,0.9987718759594719,0.9757048590281944,0.08295915158916782
LR,combined,pr,0.9987718759594719,0.975997599759976,0.08478818338220617
LR,combined,pr,0.9987718759594719,0.9762905162064826,0.08496869319975103
LR,combined,pr,0.9987718759594719,0.9765836085259681,0.0855558828631475
LR,combined,pr,0.9987718759594719,0.9768768768768769,0.08714009349193423
LR,combined,pr,0.9987718759594719,0.9771703214178432,0.08737543753871696
LR,combined,pr,0.9987718759594719,0.9774639423076923,0.08797096029975135
LR,combined,pr,0.9987718759594719,0.9777577397054403,0.08801505646317631
LR,combined,pr,0.9987718759594719,0.9780517137702947,0.08903758531798842
LR,combined,pr,0.9987718759594719,0.9783458646616542,0.08909883435761702
LR,combined,pr,0.9987718759594719,0.9786401925391095,0.08973926170501513
LR,combined,pr,0.9987718759594719,0.9789346975624436,0.08988384807899304
LR,combined,pr,0.9987718759594719,0.9792293798916315,0.09003276087498836
LR,combined,pr,0.9987718759594719,0.9795242396868413,0.09107013802740983
LR,combined,pr,0.9987718759594719,0.9798192771084338,0.09140072288139756
LR,combined,pr,0.9987718759594719,0.9801144923169629,0.09244087165232685
LR,combined,pr,0.9987718759594719,0.9804098854731766,0.09277010702742057
LR,combined,pr,0.9987718759594719,0.9807054567380162,0.09381655441226266
LR,combined,pr,0.9987718759594719,0.9810012062726177,0.09511416080086908
LR,combined,pr,0.9987718759594719,0.9812971342383107,0.09547041734703737
LR,combined,pr,0.9987718759594719,0.9815932407966204,0.09682831423205808
LR,combined,pr,0.9987718759594719,0.9818895261092665,0.09703442108595353
LR,combined,pr,0.9987718759594719,0.9821859903381642,0.09794111298525593
LR,combined,pr,0.9987718759594719,0.9824826336454243,0.09908896539751065
LR,combined,pr,0.9987718759594719,0.9827794561933535,0.10285912102157892
LR,combined,pr,0.9987718759594719,0.9830764581444545,0.10401013019650673
LR,combined,pr,0.9987718759594719,0.9833736396614269,0.1056799025848459
LR,combined,pr,0.9987718759594719,0.9836710009071666,0.10592241315569048
LR,combined,pr,0.9987718759594719,0.9839685420447671,0.10923544616594637
LR,combined,pr,0.9987718759594719,0.9842662632375189,0.11045449241312671
LR,combined,pr,0.9987718759594719,0.9845641646489104,0.11172506227709708
LR,combined,pr,0.9987718759594719,0.9848622464426279,0.11182969182001684
LR,combined,pr,0.9987718759594719,0.985160508782556,0.1123678636201789
LR,combined,pr,0.9987718759594719,0.985458951832778,0.11312366800819915
LR,combined,pr,0.9987718759594719,0.9857575757575757,0.1132465573055645
LR,combined,pr,0.9987718759594719,0.9860563807214308,0.11425578545270168
LR,combined,pr,0.9987718759594719,0.9863553668890237,0.11432847761015648
LR,combined,pr,0.9987718759594719,0.9866545344252351,0.1155636016693405
LR,combined,pr,0.9987718759594719,0.9869538834951457,0.11743377264026081
LR,combined,pr,0.9987718759594719,0.9872534142640365,0.11844444639352299
LR,combined,pr,0.9987718759594719,0.9878530215608867,0.11903606012068713
LR,combined,pr,0.9987718759594719,0.9881530984204131,0.11966867634319958
LR,combined,pr,0.9987718759594719,0.9884533576420541,0.12279703394521084
LR,combined,pr,0.9987718759594719,0.9887537993920973,0.1231019886148257
LR,combined,pr,0.9987718759594719,0.9893552311435523,0.1238654493062533
LR,combined,pr,0.9987718759594719,0.9896562214785519,0.12464794377131352
LR,combined,pr,0.9987718759594719,0.9899573950091296,0.12503273354094696
LR,combined,pr,0.9987718759594719,0.9902587519025875,0.12614476652602732
LR,combined,pr,0.9987718759594719,0.9905602923264312,0.12711188066954882
LR,combined,pr,0.9987718759594719,0.9908620164483704,0.12923142702605825
LR,combined,pr,0.9987718759594719,0.9911639244363193,0.13134333440917528
LR,combined,pr,0.9987718759594719,0.9914660164583968,0.13168947753269813
LR,combined,pr,0.9987718759594719,0.9917682926829269,0.13516944408763548
LR,combined,pr,0.9987718759594719,0.9920707532784385,0.13540568838870626
LR,combined,pr,0.9987718759594719,0.9923733984136669,0.13885126278572754
LR,combined,pr,0.9987718759594719,0.9926762282575526,0.1399151679763195
LR,combined,pr,0.9987718759594719,0.992979242979243,0.1446584409061015
LR,combined,pr,0.9987718759594719,0.9932824427480916,0.15189113188512268
LR,combined,pr,0.9987718759594719,0.9935858277336591,0.15273354527208657
LR,combined,pr,0.9987718759594719,0.9938893981057134,0.15381701534650288
LR,combined,pr,0.9987718759594719,0.9941931540342298,0.15842772681818373
LR,combined,pr,0.9984648449493398,0.9941913787832467,0.15881434066448122
LR,combined,pr,0.9984648449493398,0.9944954128440368,0.16120088356374299
LR,combined,pr,0.9984648449493398,0.9947996329152646,0.16517549452452593
LR,combined,pr,0.9984648449493398,0.9951040391676866,0.16682820738168377
LR,combined,pr,0.9984648449493398,0.9954086317722681,0.16852205662115755
LR,combined,pr,0.9984648449493398,0.9957134109001837,0.1754986190206079
LR,combined,pr,0.9984648449493398,0.9960183767228178,0.17563990332294396
LR,combined,pr,0.9984648449493398,0.9963235294117647,0.17590602071495293
LR,combined,pr,0.9981578139392079,0.9963224026969046,0.18500673527247277
LR,combined,pr,0.9981578139392079,0.9966278356836297,0.18513695658561383
LR,combined,pr,0.9981578139392079,0.9969334559950935,0.1930227906418863
LR,combined,pr,0.9978507829290758,0.9969325153374233,0.19636812346573276
LR,combined,pr,0.9978507829290758,0.9972384166922369,0.21182566325161015
LR,combined,pr,0.9975437519189438,0.9972375690607734,0.23391059033779782
LR,combined,pr,0.9975437519189438,0.9975437519189438,0.2400334354996465
LR,combined,pr,0.9972367209088118,0.9975429975429976,0.2574159857107667
LR,combined,pr,0.9972367209088118,0.9978494623655914,0.2751428812693018
LR,combined,pr,0.9969296898986798,0.9978488014751076,0.2792381151601391
LR,combined,pr,0.9969296898986798,0.9981555487242545,0.2815667912435806
LR,combined,pr,0.9969296898986798,0.9984624846248462,0.28302918590530646
LR,combined,pr,0.9966226588885477,0.9984620116887112,0.3067038898591795
LR,combined,pr,0.9963156278784158,0.9984615384615385,0.31077849065787827
LR,combined,pr,0.9963156278784158,0.9987688519544475,0.31244898599485205
LR,combined,pr,0.9960085968682837,0.9987684729064039,0.3240184130276656
LR,combined,pr,0.9960085968682837,0.9993838570548367,0.33659684089062947
LR,combined,pr,0.9957015658581517,0.9993836671802774,0.35588673587210923
LR,combined,pr,0.9953945348480197,0.9993834771886559,0.3884604954058877
LR,combined,pr,0.9950875038378876,0.9993832870798643,0.42544342489864173
LR,combined,pr,0.9947804728277556,0.999383096853794,0.4303935491315036
LR,combined,pr,0.9944734418176235,0.9993829065103363,0.4586290098696483
LR,combined,pr,0.9938593797973595,0.9993825254708243,0.4691313793561804
LR,combined,pr,0.9935523487872275,0.9993823347745522,0.47447595134038567
LR,combined,pr,0.9932453177770955,0.9993821439604572,0.4905566084753135
LR,combined,pr,0.9929382867669635,0.9993819530284301,0.5001971277340242
LR,combined,pr,0.9926312557568314,0.9993817619783617,0.5028629679348275
LR,combined,pr,0.9923242247466995,0.9993815708101422,0.5035182716913955
LR,combined,pr,0.9923242247466995,0.9996906897618311,0.5123586789888003
LR,combined,pr,0.9923242247466995,1.0,0.5314811113168973
LR,combined,pr,0.9920171937365674,1.0,0.5333354169524768
LR,combined,pr,0.9917101627264354,1.0,0.5638286800877701
LR,combined,pr,0.9914031317163033,1.0,0.5705121665588742
LR,combined,pr,0.9910961007061713,1.0,0.5719514451712504
LR,combined,pr,0.9907890696960393,1.0,0.5766033838721666
LR,combined,pr,0.9904820386859072,1.0,0.5840287199706287
LR,combined,pr,0.9901750076757753,1.0,0.5849817553428763
LR,combined,pr,0.9898679766656432,1.0,0.5852673091737302
LR,combined,pr,0.9895609456555112,1.0,0.599618079592298
LR,combined,pr,0.9892539146453792,1.0,0.6034857449613326
LR,combined,pr,0.9889468836352472,1.0,0.6199923802713936
LR,combined,pr,0.9886398526251151,1.0,0.6264072699214657
LR,combined,pr,0.9883328216149831,1.0,0.6314398814796433
LR,combined,pr,0.9880257906048511,1.0,0.6320529426786929
LR,combined,pr,0.9877187595947191,1.0,0.6335620885095478
LR,combined,pr,0.987411728584587,1.0,0.6351957190666856
LR,combined,pr,0.9871046975744551,1.0,0.6390012456066665
LR,combined,pr,0.986797666564323,1.0,0.6465926224098264
LR,combined,pr,0.9864906355541909,1.0,0.647236993365577
LR,combined,pr,0.986183604544059,1.0,0.6577765925229961
LR,combined,pr,0.9858765735339269,1.0,0.6694930718785185
LR,combined,pr,0.9855695425237949,1.0,0.6731541133684379
LR,combined,pr,0.9849554805035309,1.0,0.6990020728682834
LR,combined,pr,0.9846484494933988,1.0,0.7068319036119337
LR,combined,pr,0.9843414184832668,1.0,0.7122275653655754
LR,combined,pr,0.9840343874731348,1.0,0.7157482879727123
LR,combined,pr,0.9834203254528707,1.0,0.7332947821968326
LR,combined,pr,0.9831132944427388,1.0,0.7346967006185172
LR,combined,pr,0.9828062634326067,1.0,0.7436895999982968
LR,combined,pr,0.9821922014123426,1.0,0.7436941866126309
LR,combined,pr,0.9818851704022106,1.0,0.7466120390676154
LR,combined,pr,0.9815781393920786,1.0,0.7523442134189932
LR,combined,pr,0.9812711083819465,1.0,0.7541396898540426
LR,combined,pr,0.9809640773718146,1.0,0.7708944499037919
LR,combined,pr,0.9803500153515505,1.0,0.7766242547448228
LR,combined,pr,0.9800429843414185,1.0,0.7937839092083322
LR,combined,pr,0.9797359533312865,1.0,0.7967797719884189
LR,combined,pr,0.9794289223211544,1.0,0.798165667240041
LR,combined,pr,0.9791218913110225,1.0,0.8015278626918649
LR,combined,pr,0.9788148603008904,1.0,0.802822029292152
LR,combined,pr,0.9785078292907584,1.0,0.8096936911668632
LR,combined,pr,0.9782007982806263,1.0,0.8112495435080576
LR,combined,pr,0.9778937672704944,1.0,0.8146567081407108
LR,combined,pr,0.9775867362603623,1.0,0.8193746962234493
LR,combined,pr,0.9772797052502302,1.0,0.8195614707579459
LR,combined,pr,0.9769726742400983,1.0,0.8204934184220745
LR,combined,pr,0.9766656432299662,1.0,0.8336889227513656
LR,combined,pr,0.9763586122198342,1.0,0.8420345739757524
LR,combined,pr,0.9760515812097021,1.0,0.842883489156234
LR,combined,pr,0.9757445501995702,1.0,0.8467356979371884
LR,combined,pr,0.9754375191894381,1.0,0.8536501035740266
LR,combined,pr,0.9751304881793061,1.0,0.8540916231694962
LR,combined,pr,0.9748234571691741,1.0,0.8557209362580951
LR,combined,pr,0.9745164261590421,1.0,0.8569769914498209
LR,combined,pr,0.9739023641387781,1.0,0.8609588093222466
LR,combined,pr,0.973595333128646,1.0,0.8680124408580415
LR,combined,pr,0.9732883021185139,1.0,0.8735184609282087
LR,combined,pr,0.972981271108382,1.0,0.8812426527787196
LR,combined,pr,0.9726742400982499,1.0,0.8812637146560746
LR,combined,pr,0.9723672090881179,1.0,0.8894186772687721
LR,combined,pr,0.9720601780779858,1.0,0.9009782604799123
LR,combined,pr,0.9717531470678539,1.0,0.902959461064983
LR,combined,pr,0.9714461160577218,1.0,0.9053090093168418
LR,combined,pr,0.9711390850475898,1.0,0.912363188716773
LR,combined,pr,0.9708320540374578,1.0,0.9178014643346459
LR,combined,pr,0.9705250230273258,1.0,0.917889053001908
LR,combined,pr,0.9702179920171937,1.0,0.9183600618858158
LR,combined,pr,0.9699109610070618,1.0,0.9201309846334911
LR,combined,pr,0.9696039299969297,1.0,0.9207942860275523
LR,combined,pr,0.9692968989867977,1.0,0.92343154883819
LR,combined,pr,0.9689898679766656,1.0,0.9253260361995359
LR,combined,pr,0.9686828369665336,1.0,0.9255545357646056
LR,combined,pr,0.9683758059564016,1.0,0.9272542008498882
LR,combined,pr,0.9680687749462695,1.0,0.9281377633250601
LR,combined,pr,0.9677617439361376,1.0,0.9401027579906065
LR,combined,pr,0.9674547129260055,1.0,0.9440997214585253
LR,combined,pr,0.9671476819158735,1.0,0.9447061447106614
LR,combined,pr,0.9665336198956095,1.0,0.9449264438694656
LR,combined,pr,0.9662265888854774,1.0,0.9456889356931538
LR,combined,pr,0.9659195578753454,1.0,0.948751952366297
LR,combined,pr,0.9656125268652134,1.0,0.9503199816841775
LR,combined,pr,0.9653054958550814,1.0,0.9517260176282174
LR,combined,pr,0.9649984648449493,1.0,0.9546790757228888
LR,combined,pr,0.9646914338348174,1.0,0.9561082049567644
LR,combined,pr,0.9643844028246853,1.0,0.9564784284639282
LR,combined,pr,0.9640773718145532,1.0,0.956968768330484
LR,combined,pr,0.9637703408044213,1.0,0.958303793475181
LR,combined,pr,0.9634633097942892,1.0,0.9595126735976489
LR,combined,pr,0.9631562787841572,1.0,0.9736364140639597
LR,combined,pr,0.9628492477740251,1.0,0.9794166970393703
LR,combined,pr,0.9625422167638932,1.0,0.9894206952867316
LR,combined,pr,0.8701258827141541,1.0,0.9912734433903708
LR,combined,pr,0.776788455634019,1.0,0.9937036807844741
LR,combined,pr,0.5105925698495548,1.0,0.9964285297307074
LR,combined,pr,0.2840036843721216,1.0,0.9973959035205638
LR,combined,pr,0.00030703101013202335,1.0,0.9996697693732738
LR,combined,pr,0.0,1.0,
LR,combined,roc,0.0,0.0,inf
LR,combined,roc,0.0,0.00030703101013202335,0.9996697693732738
LR,combined,roc,0.0,0.2840036843721216,0.9973959035205638
LR,combined,roc,0.0,0.5105925698495548,0.9964285297307074
LR,combined,roc,0.0,0.776788455634019,0.9937036807844741
LR,combined,roc,0.0,0.8701258827141541,0.9912734433903708
LR,combined,roc,0.0,0.9625422167638932,0.9894206952867316
LR,combined,roc,0.0,0.9665336198956095,0.9449264438694656
LR,combined,roc,0.0,0.9671476819158735,0.9447061447106614
LR,combined,roc,0.0,0.9739023641387781,0.8609588093222466
LR,combined,roc,0.0,0.9745164261590421,0.8569769914498209
LR,combined,roc,0.0,0.9803500153515505,0.7766242547448228
LR,combined,roc,0.0,0.9809640773718146,0.7708944499037919
LR,combined,roc,0.0,0.9821922014123426,0.7436941866126309
LR,combined,roc,0.0,0.9828062634326067,0.7436895999982968
LR,combined,roc,0.0,0.9834203254528707,0.7332947821968326
LR,combined,roc,0.0,0.9840343874731348,0.7157482879727123
LR,combined,roc,0.0,0.9849554805035309,0.6990020728682834
LR,combined,roc,0.0,0.9855695425237949,0.6731541133684379
LR,combined,roc,0.0,0.9923242247466995,0.5314811113168973
LR,combined,roc,0.0004713646005185011,0.9923242247466995,0.5035182716913955
LR,combined,roc,0.0004713646005185011,0.9938593797973595,0.4691313793561804
LR,combined,roc,0.0004713646005185011,0.9944734418176235,0.4586290098696483
LR,combined,roc,0.0004713646005185011,0.9960085968682837,0.33659684089062947
LR,combined,roc,0.0009427292010370022,0.9960085968682837,0.3240184130276656
LR,combined,roc,0.0009427292010370022,0.9963156278784158,0.31244898599485205
LR,combined,roc,0.0011784115012962526,0.9963156278784158,0.31077849065787827
LR,combined,roc,0.0011784115012962526,0.9969296898986798,0.28302918590530646
LR,combined,roc,0.0016497761018147536,0.9969296898986798,0.2792381151601391
LR,combined,roc,0.0016497761018147536,0.9972367209088118,0.2751428812693018
LR,combined,roc,0.0018854584020740043,0.9972367209088118,0.2574159857107667
LR,combined,roc,0.0018854584020740043,0.9975437519189438,0.2400334354996465
LR,combined,roc,0.0021211407023332546,0.9975437519189438,0.23391059033779782
LR,combined,roc,0.0021211407023332546,0.9978507829290758,0.21182566325161015
LR,combined,roc,0.0023568230025925053,0.9978507829290758,0.19636812346573276
LR,combined,roc,0.0023568230025925053,0.9981578139392079,0.1930227906418863
LR,combined,roc,0.0028281876031110063,0.9981578139392079,0.18500673527247277
LR,combined,roc,0.0028281876031110063,0.9984648449493398,0.17590602071495293
LR,combined,roc,0.00447796370492576,0.9984648449493398,0.15881434066448122
LR,combined,roc,0.00447796370492576,0.9987718759594719,0.15842772681818373
LR,combined,roc,0.00824888050907377,0.9987718759594719,0.1238654493062533
LR,combined,roc,0.008720245109592269,0.9987718759594719,0.1231019886148257
LR,combined,roc,0.009427292010370021,0.9987718759594719,0.11903606012068713
LR,combined,roc,0.009898656610888523,0.9987718759594719,0.11844444639352299
LR,combined,roc,0.0223898185246288,0.9987718759594719,0.07690557085144405
LR,combined,roc,0.0223898185246288,0.9990789069696039,0.07656423939310657
LR,combined,roc,0.022861183125147302,0.9990789069696039,0.07614796721419029
LR,combined,roc,0.022861183125147302,0.999385937979736,0.07610125658370208
LR,combined,roc,0.024275276926702803,0.999385937979736,0.07212814104515898
LR,combined,roc,0.024746641527221305,0.999385937979736,0.07191933670790229
LR,combined,roc,0.030403016733443318,0.999385937979736,0.06487417737483643
LR,combined,roc,0.03087438133396182,0.999385937979736,0.06478050796436254
LR,combined,roc,0.0872024510959227,0.999385937979736,0.0386093636014757
LR,combined,roc,0.0872024510959227,0.9996929689898679,0.03858498141404089
LR,combined,roc,0.11689842092858826,0.9996929689898679,0.03213642947274748
LR,combined,roc,0.11736978552910676,0.9996929689898679,0.032125129069531126
LR,combined,roc,0.11949092623144002,0.9996929689898679,0.032113431484791816
LR,combined,roc,0.12279047843506953,0.9996929689898679,0.03190614930233584
LR,combined,roc,0.12349752533584728,0.9996929689898679,0.031904469171363435
LR,combined,roc,0.12538298373792128,0.9996929689898679,0.031840281767796096
LR,combined,roc,0.12585434833843978,0.9996929689898679,0.03178693899725586
LR,combined,roc,0.12679707753947678,0.9996929689898679,0.03177340025825652
LR,combined,roc,0.12938958284232854,0.9996929689898679,0.03129737292778575
LR,combined,roc,0.13080367664388404,0.9996929689898679,0.031219883958234506
LR,combined,roc,0.13127504124440253,0.9996929689898679,0.031213514738324982
LR,combined,roc,0.13316049964647655,0.9996929689898679,0.03098793173717275
LR,combined,roc,0.13363186424699505,0.9996929689898679,0.030932574276003582
LR,combined,roc,0.1343389111477728,0.9996929689898679,0.030931996863085127
LR,combined,roc,0.13504595804855055,0.9996929689898679,0.0307988532702015
LR,combined,roc,0.13646005185010607,0.9996929689898679,0.030758088318288055
LR,combined,roc,0.1376384633514023,0.9996929689898679,0.030661150726956056
LR,combined,roc,0.13834551025218006,0.9996929689898679,0.030617334767400653
LR,combined,roc,0.13975960405373555,0.9996929689898679,0.03055083539261015
LR,combined,roc,0.14070233325477258,0.9996929689898679,0.030534176558637403
LR,combined,roc,0.14117369785529107,0.9996929689898679,0.030501540210929334
LR,combined,roc,0.14305915625736507,0.9996929689898679,0.03049708756271039
LR,combined,roc,0.14353052085788356,0.9996929689898679,0.030493673946920367
LR,combined,roc,0.1442375677586613,0.9996929689898679,0.03044482697248963
LR,combined,roc,0.14470893235917984,0.9996929689898679,0.030392698176292664
LR,combined,roc,0.14541597925995758,0.9996929689898679,0.03032608929468348
LR,combined,roc,0.14659439076125383,0.9996929689898679,0.03021683140640501
LR,combined,roc,0.14683007306151308,0.9996929689898679,0.0301079893957673
LR,combined,roc,0.14753711996229082,0.9996929689898679,0.030085334461700555
LR,combined,roc,0.1491868960641056,0.9996929689898679,0.029944030940613185
LR,combined,roc,0.1496582606646241,0.9996929689898679,0.02991375989056209
LR,combined,roc,0.15743577657317936,0.9996929689898679,0.02898789384984861
LR,combined,roc,0.15790714117369786,0.9996929689898679,0.02898332917065284
LR,combined,roc,0.1581428234739571,0.9996929689898679,0.02887030994255696
LR,combined,roc,0.1586141880744756,0.9996929689898679,0.02886587680617306
LR,combined,roc,0.16120669337732738,0.9996929689898679,0.028660643867979563
LR,combined,roc,0.16167805797784587,0.9996929689898679,0.028659892870534758
LR,combined,roc,0.16450624558095686,0.9996929689898679,0.028411230884525556
LR,combined,roc,0.16497761018147536,0.9996929689898679,0.02834281319117114
LR,combined,roc,0.17157671458873439,0.9996929689898679,0.027416139390312615
LR,combined,roc,0.17204807918925288,0.9996929689898679,0.027358887396403433
LR,combined,roc,0.23473957105821353,0.9996929689898679,0.022008553723272845
LR,combined,roc,0.23521093565873202,0.9996929689898679,0.021978759283095495
LR,combined,roc,0.23874617016262079,0.9996929689898679,0.0216431509936956
LR,combined,roc,0.23921753476313928,0.9996929689898679,0.021623997258290104
LR,combined,roc,0.2557152957812868,0.9996929689898679,0.020438131597854677
LR,combined,roc,0.2564223426820646,0.9996929689898679,0.020426797385298994
LR,combined,roc,0.2990808390289889,0.9996929689898679,0.01768560126093177
LR,combined,roc,0.2995522036295074,0.9996929689898679,0.017679576883805576
LR,combined,roc,0.3125147301437662,0.9996929689898679,0.017008103636132303
LR,combined,roc,0.3129860947442847,0.9996929689898679,0.017006145028516242
LR,combined,roc,0.31699269384869194,0.9996929689898679,0.016812014541820117
LR,combined,roc,0.31746405844921044,0.9996929689898679,0.01678528347949761
LR,combined,roc,0.32406316285646947,0.9996929689898679,0.016347059354776407
LR,combined,roc,0.32406316285646947,1.0,0.01634380155708563
LR,combined,roc,0.336790007070469,1.0,0.015912037713773548
LR,combined,roc,0.3372613716709875,1.0,0.015911841769589916
LR,combined,roc,0.33749705397124674,1.0,0.015909772584754556
LR,combined,roc,0.338675465472543,1.0,0.015899169590227
LR,combined,roc,0.34315342917746877,1.0,0.015696299356145475
LR,combined,roc,0.34362479377798727,1.0,0.015694718427014993
LR,combined,roc,0.34456752297902427,1.0,0.015679113679349883
LR,combined,roc,0.34527456987980204,1.0,0.015663020286139754
LR,combined,roc,0.34551025218006126,1.0,0.015644630825289572
LR,combined,roc,0.34598161678057976,1.0,0.01563998660912218
LR,combined,roc,0.3483384397831723,1.0,0.015564508905252602
LR,combined,roc,0.3488098043836908,1.0,0.01556283886292301
LR,combined,roc,0.36672165920339383,1.0,0.01474166105236432
LR,combined,roc,0.36719302380391233,1.0,0.01472894587238139
LR,combined,roc,0.38557624322413386,1.0,0.014070569390043999
LR,combined,roc,0.38604760782465236,1.0,0.014061005605612919
LR,combined,roc,0.42729201037002124,1.0,0.01269746650740734
LR,combined,roc,0.42776337497053973,1.0,0.01268179398566098
LR,combined,roc,0.4416686306858355,1.0,0.012194814896142606
LR,combined,roc,0.442139995286354,1.0,0.012192655715030786
LR,combined,roc,0.5135517322649069,1.0,0.010162798542304886
LR,combined,roc,0.5140230968654254,1.0,0.010162335762230027
LR,combined,roc,0.5194437897713882,1.0,0.01005889044301258
LR,combined,roc,0.5199151543719067,1.0,0.010052602006288384
LR,combined,roc,0.5225076596747584,1.0,0.009940670829934441
LR,combined,roc,0.5229790242752769,1.0,0.009936743933367876
LR,combined,roc,0.5338204100872025,1.0,0.009640976186919925
LR,combined,roc,0.5342917746877209,1.0,0.00964030931722621
LR,combined,roc,0.5602168277162385,1.0,0.008950196991965295
LR,combined,roc,0.560688192316757,1.0,0.008948617580752456
LR,combined,roc,0.5611595569172755,1.0,0.008943285997028188
LR,combined,roc,0.5618666038180533,1.0,0.008942635944191656
LR,combined,roc,0.5741220834315343,1.0,0.00861299068049038
LR,combined,roc,0.5745934480320528,1.0,0.008610487986719022
LR,combined,roc,0.5821352816403488,1.0,0.008409870432491985
LR,combined,roc,0.5835493754419043,1.0,0.00840910130729625
LR,combined,roc,0.5939193966533113,1.0,0.008163327188735569
LR,combined,roc,0.5946264435540891,1.0,0.008158724277549864
LR,combined,roc,0.6031110063634221,1.0,0.008017031754022725
LR,combined,roc,0.6035823709639406,1.0,0.008014310187019888
LR,combined,roc,0.6130096629743106,1.0,0.007804667260615064
LR,combined,roc,0.6134810275748291,1.0,0.0078001286117448465
LR,combined,roc,0.6224369549846807,1.0,0.007586419471507393
LR,combined,roc,0.6229083195851991,1.0,0.007584289557919508
LR,combined,roc,0.6596747584256423,1.0,0.006787942874405464
LR,combined,roc,0.6606174876266793,1.0,0.00677730736776151
LR,combined,roc,0.664152722130568,1.0,0.00667505844935397
LR,combined,roc,0.6646240867310865,1.0,0.006673256770014545
LR,combined,roc,0.6978552910676408,1.0,0.005729934895071328
LR,combined,roc,0.6983266556681593,1.0,0.005726333802514833
LR,combined,roc,0.7063398538769738,1.0,0.0055591017387166385
LR,combined,roc,0.7068112184774923,1.0,0.005539296510262043
LR,combined,roc,0.758189959934009,1.0,0.004127527604165057
LR,combined,roc,0.7586613245345275,1.0,0.004125393473568183
LR,combined,roc,0.766674522743342,1.0,0.0038530041755166227
LR,combined,roc,0.7671458873438605,1.0,0.0038361084856197475
LR,combined,roc,0.8590619844449682,1.0,0.0016379761391605793
LR,combined,roc,0.8595333490454867,1.0,0.0016360165443267535
LR,combined,roc,0.8609474428470422,1.0,0.0016204544540585643
LR,combined,roc,0.8614188074475607,1.0,0.0016181048234395104
LR,combined,roc,0.8675465472543012,1.0,0.0015372214941628685
LR,combined,roc,0.8680179118548197,1.0,0.0015366483653241688
LR,combined,roc,0.8753240631628565,1.0,0.0013466065287078576
LR,combined,roc,0.8757954277633749,1.0,0.0013460165018689375
LR,combined,roc,0.890879094979967,1.0,0.0010317416464373295
LR,combined,roc,0.8913504595804855,1.0,0.0010303754491369354
LR,combined,roc,0.8920575064812633,1.0,0.0010185239949127328
LR,combined,roc,0.8925288710817818,1.0,0.0010163586922329604
LR,combined,roc,0.9026632099929295,1.0,0.0008405200814879751
LR,combined,roc,0.903134574593448,1.0,0.000838229244142534
LR,combined,roc,0.9208107471128918,1.0,0.0005801272163730324
LR,combined,roc,0.9212821117134103,1.0,0.0005664872202059084
LR,combined,roc,0.9507423992458166,1.0,0.0001760883070896501
LR,combined,roc,0.9512137638463352,1.0,0.00017293124029135775
LR,combined,roc,0.9717181239688899,1.0,4.349102355768727e-05
LR,combined,roc,0.9721894885694085,1.0,4.222841647215602e-05
LR,combined,roc,0.9794956398774453,1.0,1.539692246619166e-05
LR,combined,roc,0.9799670044779637,1.0,1.538544418824443e-05
LR,combined,roc,0.983973603582371,1.0,9.532164877012999e-06
LR,combined,roc,0.9844449681828895,1.0,8.799691224167722e-06
LR,combined,roc,1.0,1.0,1.0749896655716307e-17
