model,source,curve,x,y,threshold
LSTM,combined,pr,1.0,0.4342666666666667,1.0493711189032235e-15
LSTM,combined,pr,1.0,0.4343245766102147,1.2444394185240999e-15
LSTM,combined,pr,1.0,0.43438250200053347,1.373727351219444e-15
LSTM,combined,pr,1.0,0.4344404428438042,2.5308482607934663e-15
LSTM,combined,pr,1.0,0.4344983991462113,2.81617977940555e-15
LSTM,combined,pr,1.0,0.4345563709139426,3.637574098137647e-15
LSTM,combined,pr,1.0,0.4346143581531892,3.8918284014314436e-15
LSTM,combined,pr,1.0,0.4346723608701455,5.034402155411084e-15
LSTM,combined,pr,1.0,0.4347303790710091,5.044494976494092e-15
LSTM,combined,pr,1.0,0.43478841276198105,5.251891840662255e-15
LSTM,combined,pr,1.0,0.4348464619492657,5.436617867997156e-15
LSTM,combined,pr,1.0,0.43490452663907064,6.06725337898577e-15
LSTM,combined,pr,1.0,0.43496260683760685,6.161764468207457e-15
LSTM,combined,pr,1.0,0.43502070255108855,6.285283894773763e-15
LSTM,combined,pr,1.0,0.4350788137857334,6.4719246400859326e-15
LSTM,combined,pr,1.0,0.4351369405477622,6.561266287230527e-15
LSTM,combined,pr,1.0,0.43519508284339925,6.847355053297456e-15
LSTM,combined,pr,1.0,0.4352532406788721,7.724103610407332e-15
LSTM,combined,pr,1.0,0.43531141406041163,9.113239337970279e-15
LSTM,combined,pr,1.0,0.4353696029942521,9.390839139839825e-15
LSTM,combined,pr,1.0,0.435427807486631,9.886027306298898e-15
LSTM,combined,pr,1.0,0.4354860275437893,1.0260605604365484e-14
LSTM,combined,pr,1.0,0.4355442631719711,1.0296286020235624e-14
LSTM,combined,pr,1.0,0.4356025143774241,1.0304852064431207e-14
LSTM,combined,pr,1.0,0.43566078116639917,1.0456992734285235e-14
LSTM,combined,pr,1.0,0.4357190635451505,1.0593745356586495e-14
LSTM,combined,pr,1.0,0.4357773615199358,1.0669219380318642e-14
LSTM,combined,pr,1.0,0.43583567509701593,1.2662908780358348e-14
LSTM,combined,pr,1.0,0.43589400428265523,1.2735671451626334e-14
LSTM,combined,pr,1.0,0.4359523490831214,1.2787907973483507e-14
LSTM,combined,pr,1.0,0.4360107095046854,1.2827776120244872e-14
LSTM,combined,pr,1.0,0.4360690855536216,1.3212676361806699e-14
LSTM,combined,pr,1.0,0.4361274772362078,1.3231717662460975e-14
LSTM,combined,pr,1.0,0.43618588455872503,1.3264971328937232e-14
LSTM,combined,pr,1.0,0.4362443075274578,1.3315593405996938e-14
LSTM,combined,pr,1.0,0.4363027461486939,1.3720940175872536e-14
LSTM,combined,pr,1.0,0.43636120042872456,1.454764517942568e-14
LSTM,combined,pr,1.0,0.4364196703738443,1.57463560419846e-14
LSTM,combined,pr,1.0,0.4364781559903511,1.62719992780622e-14
LSTM,combined,pr,1.0,0.4365366572845463,1.631694115217762e-14
LSTM,combined,pr,1.0,0.4365951742627346,1.6489610512541303e-14
LSTM,combined,pr,1.0,0.436653706931224,1.729609938074233e-14
LSTM,combined,pr,1.0,0.43671225529632607,1.750425264533239e-14
LSTM,combined,pr,1.0,0.43677081936435563,1.7714777602174762e-14
LSTM,combined,pr,1.0,0.4368293991416309,1.8197967546935978e-14
LSTM,combined,pr,1.0,0.43688799463447353,1.822179458374224e-14
LSTM,combined,pr,1.0,0.43694660584920847,1.9037326375688154e-14
LSTM,combined,pr,1.0,0.43700523279216424,1.9311504164450793e-14
LSTM,combined,pr,1.0,0.43706387546967257,1.9999942050792988e-14
LSTM,combined,pr,1.0,0.4371225338880687,2.0082089000083604e-14
LSTM,combined,pr,1.0,0.43718120805369126,2.1501912731325575e-14
LSTM,combined,pr,1.0,0.43723989797288226,2.1751179281109465e-14
LSTM,combined,pr,1.0,0.4372986036519871,2.1805430047315208e-14
LSTM,combined,pr,1.0,0.43735732509735464,2.185685511160891e-14
LSTM,combined,pr,1.0,0.4374160623153371,2.2589840154713103e-14
LSTM,combined,pr,1.0,0.43747481531229016,2.3256473718927077e-14
LSTM,combined,pr,1.0,0.4375335840945728,2.330220672181523e-14
LSTM,combined,pr,1.0,0.4375923686685476,2.376533723231957e-14
LSTM,combined,pr,1.0,0.4376511690405805,2.4265750745030255e-14
LSTM,combined,pr,1.0,0.43770998521704074,2.4341819385891375e-14
LSTM,combined,pr,1.0,0.43776881720430105,2.4440541075893864e-14
LSTM,combined,pr,1.0,0.4378276650087377,2.4488135857200083e-14
LSTM,combined,pr,1.0,0.4378865286367303,2.4777975285157454e-14
LSTM,combined,pr,1.0,0.4379454080946618,2.5096412239480025e-14
LSTM,combined,pr,1.0,0.43800430338891877,2.5827308499336288e-14
LSTM,combined,pr,1.0,0.43806321452589103,2.5980917924320855e-14
LSTM,combined,pr,1.0,0.43812214151197204,2.6590392011188214e-14
LSTM,combined,pr,1.0,0.43818108435355846,2.6721209473628063e-14
LSTM,combined,pr,1.0,0.4382400430570506,2.6860864877839563e-14
LSTM,combined,pr,1.0,0.4382990176288521,2.7461897434354586e-14
LSTM,combined,pr,1.0,0.4383580080753701,2.843280895014483e-14
LSTM,combined,pr,1.0,0.4384170144030152,3.0190287119216674e-14
LSTM,combined,pr,1.0,0.4384760366182014,3.0331697575694885e-14
LSTM,combined,pr,1.0,0.43853507472734615,3.0414364603215116e-14
LSTM,combined,pr,1.0,0.4385941287368705,3.061206886936785e-14
LSTM,combined,pr,1.0,0.43865319865319863,3.118298940460798e-14
LSTM,combined,pr,1.0,0.4387122844827586,3.120166817516083e-14
LSTM,combined,pr,1.0,0.4387713862319817,3.199610715265422e-14
LSTM,combined,pr,1.0,0.4388305039073026,3.220931550987349e-14
LSTM,combined,pr,1.0,0.4388896375151597,3.237907446503041e-14
LSTM,combined,pr,1.0,0.4389487870619946,3.2739070243877066e-14
LSTM,combined,pr,1.0,0.43900795255425257,3.334094813927345e-14
LSTM,combined,pr,1.0,0.4390671339983823,3.432432628598138e-14
LSTM,combined,pr,1.0,0.4391263314008359,3.441715432073687e-14
LSTM,combined,pr,1.0,0.43918554476806904,3.4823648820256e-14
LSTM,combined,pr,1.0,0.4392447741065408,3.6008929128403255e-14
LSTM,combined,pr,1.0,0.4393040194227138,3.6616400829383305e-14
LSTM,combined,pr,1.0,0.4393632807230541,3.788921013416803e-14
LSTM,combined,pr,1.0,0.4394225580140313,3.7968353504627683e-14
LSTM,combined,pr,1.0,0.4394818513021185,3.827986850570529e-14
LSTM,combined,pr,1.0,0.43954116059379217,3.919617180738605e-14
LSTM,combined,pr,1.0,0.43960048589553247,3.987049134856341e-14
LSTM,combined,pr,1.0,0.4396598272138229,4.028211547961111e-14
LSTM,combined,pr,1.0,0.4397191845551505,4.19387323534557e-14
LSTM,combined,pr,1.0,0.43977855792600595,4.206057634885234e-14
LSTM,combined,pr,1.0,0.4398379473328832,4.3461660323169254e-14
LSTM,combined,pr,1.0,0.43989735278227987,4.559845339854873e-14
LSTM,combined,pr,1.0,0.439956774280697,4.620455290615423e-14
LSTM,combined,pr,1.0,0.4400162118346393,4.6236906176607556e-14
LSTM,combined,pr,1.0,0.4400756654506148,4.655281897274731e-14
LSTM,combined,pr,1.0,0.44013513513513514,4.8152101880458154e-14
LSTM,combined,pr,1.0,0.4401946208947155,4.9308291689064906e-14
LSTM,combined,pr,1.0,0.44025412273587455,4.9355806849274084e-14
LSTM,combined,pr,1.0,0.4403136406651345,4.961234263581131e-14
LSTM,combined,pr,1.0,0.4403731746890211,4.968535348773284e-14
LSTM,combined,pr,1.0,0.44043272481406354,4.99664667822676e-14
LSTM,combined,pr,1.0,0.4404922910467947,5.1052071641313757e-14
LSTM,combined,pr,1.0,0.44055187339375085,5.212972794318288e-14
LSTM,combined,pr,1.0,0.44061147186147187,5.266821728093854e-14
LSTM,combined,pr,1.0,0.44067108645650116,5.273033528915838e-14
LSTM,combined,pr,1.0,0.44073071718538565,5.281700031218965e-14
LSTM,combined,pr,1.0,0.44079036405467587,5.328457943973297e-14
LSTM,combined,pr,1.0,0.4408500270709258,5.4228262234400776e-14
LSTM,combined,pr,1.0,0.4409097062406931,5.511397070602671e-14
LSTM,combined,pr,1.0,0.4409694015705389,5.542706796464979e-14
LSTM,combined,pr,1.0,0.44102911306702774,5.546683446745748e-14
LSTM,combined,pr,1.0,0.44108884073672805,5.577704164966453e-14
LSTM,combined,pr,1.0,0.4411485845862116,5.6680151566158854e-14
LSTM,combined,pr,1.0,0.44120834462205366,5.690969749486477e-14
LSTM,combined,pr,1.0,0.4412681208508332,5.79448734003632e-14
LSTM,combined,pr,1.0,0.4413279132791328,5.806114730709869e-14
LSTM,combined,pr,1.0,0.4413877219135384,5.807509963380586e-14
LSTM,combined,pr,1.0,0.44144754676063974,5.861527626119245e-14
LSTM,combined,pr,1.0,0.44150738782703,5.865911191027876e-14
LSTM,combined,pr,1.0,0.44156724511930584,5.970674936449719e-14
LSTM,combined,pr,1.0,0.4416271186440678,6.005487312955513e-14
LSTM,combined,pr,1.0,0.44168700840791975,6.105495476598291e-14
LSTM,combined,pr,1.0,0.44174691441746916,6.11787571015536e-14
LSTM,combined,pr,1.0,0.4418068366793272,6.289508302191604e-14
LSTM,combined,pr,1.0,0.44186677520010853,6.289868121787598e-14
LSTM,combined,pr,1.0,0.44192672998643145,6.407957389535646e-14
LSTM,combined,pr,1.0,0.4419867010449179,6.709093187690779e-14
LSTM,combined,pr,1.0,0.44204668838219324,6.78195292893452e-14
LSTM,combined,pr,1.0,0.44210669200488667,6.853655961985491e-14
LSTM,combined,pr,1.0,0.44216671191963075,6.890172568781161e-14
LSTM,combined,pr,1.0,0.4422267481330618,7.073858778470013e-14
LSTM,combined,pr,1.0,0.4422868006518197,7.213350874729282e-14
LSTM,combined,pr,1.0,0.44234686948254787,7.29932607412831e-14
LSTM,combined,pr,1.0,0.4424069546318935,7.304896840415812e-14
LSTM,combined,pr,1.0,0.4424670561065073,7.321049419906772e-14
LSTM,combined,pr,1.0,0.44252717391304347,7.327838558385605e-14
LSTM,combined,pr,1.0,0.4425873080581601,7.436424116465459e-14
LSTM,combined,pr,1.0,0.4426474585485186,7.509014162418795e-14
LSTM,combined,pr,1.0,0.4427076253907843,7.568427763844643e-14
LSTM,combined,pr,1.0,0.4427678085916259,7.579305699766462e-14
LSTM,combined,pr,1.0,0.44282800815771584,7.733070640000145e-14
LSTM,combined,pr,1.0,0.4428882240957302,7.777164464728772e-14
LSTM,combined,pr,1.0,0.4429484564123487,7.810448116171362e-14
LSTM,combined,pr,1.0,0.4430087051142546,7.915247098163811e-14
LSTM,combined,pr,1.0,0.44306897020813496,7.954263468593417e-14
LSTM,combined,pr,1.0,0.4431292517006803,7.980979565376176e-14
LSTM,combined,pr,1.0,0.44318954959858486,7.981268911830958e-14
LSTM,combined,pr,1.0,0.44324986390854654,7.987147320484903e-14
LSTM,combined,pr,1.0,0.4433101946372669,7.997650529030856e-14
LSTM,combined,pr,1.0,0.44337054179145113,8.030422572573304e-14
LSTM,combined,pr,1.0,0.44343090537780805,8.034099373190745e-14
LSTM,combined,pr,1.0,0.4434912854030501,8.212614616143199e-14
LSTM,combined,pr,1.0,0.4435516818738935,8.22358741975511e-14
LSTM,combined,pr,1.0,0.44361209479705804,8.239963615944146e-14
LSTM,combined,pr,1.0,0.44373297002724793,8.270825430783946e-14
LSTM,combined,pr,1.0,0.4437934323477313,8.360549936820699e-14
LSTM,combined,pr,1.0,0.4438539111474516,8.532083595408704e-14
LSTM,combined,pr,1.0,0.44391440643314706,8.594574298125338e-14
LSTM,combined,pr,1.0,0.44397491821155943,8.806884800420522e-14
LSTM,combined,pr,1.0,0.4440354464894342,8.84449103039954e-14
LSTM,combined,pr,1.0,0.44409599127352056,8.950795698159028e-14
LSTM,combined,pr,1.0,0.4441565525705714,8.951188043820196e-14
LSTM,combined,pr,1.0,0.4442171303873432,9.062853413696267e-14
LSTM,combined,pr,1.0,0.4442777247305961,9.176822035562512e-14
LSTM,combined,pr,1.0,0.4443383356070941,9.182950488342487e-14
LSTM,combined,pr,1.0,0.4443989630236049,9.226262332254209e-14
LSTM,combined,pr,1.0,0.44445960698689957,9.36512152549529e-14
LSTM,combined,pr,1.0,0.44452026750375323,9.53063515152057e-14
LSTM,combined,pr,1.0,0.4445809445809446,9.548375409567864e-14
LSTM,combined,pr,1.0,0.444641638225256,9.602783385088617e-14
LSTM,combined,pr,1.0,0.4447023484434735,9.636746018141726e-14
LSTM,combined,pr,1.0,0.444763075242387,9.735028945077537e-14
LSTM,combined,pr,1.0,0.44482381862878995,9.808163124996189e-14
LSTM,combined,pr,1.0,0.44488457860947955,9.810857367394815e-14
LSTM,combined,pr,1.0,0.44494535519125683,9.927564954999302e-14
LSTM,combined,pr,1.0,0.44500614838092634,9.961498450119025e-14
LSTM,combined,pr,1.0,0.4450669581852965,1.004121780298281e-13
LSTM,combined,pr,1.0,0.44512778461117947,1.0095237498600543e-13
LSTM,combined,pr,1.0,0.4451886276653909,1.015516338555289e-13
LSTM,combined,pr,1.0,0.4452494873547505,1.0199480149353235e-13
LSTM,combined,pr,1.0,0.4453103636860815,1.023026335953553e-13
LSTM,combined,pr,1.0,0.44537125666621086,1.0232039418219332e-13
LSTM,combined,pr,1.0,0.44543216630196936,1.0278279285623124e-13
LSTM,combined,pr,1.0,0.4454930926001915,1.0290618183972366e-13
LSTM,combined,pr,1.0,0.44555403556771545,1.0304818521926495e-13
LSTM,combined,pr,1.0,0.4456149952113832,1.0348071412345089e-13
LSTM,combined,pr,1.0,0.4456759715380405,1.0349768866371387e-13
LSTM,combined,pr,1.0,0.44573696455453676,1.048805953109827e-13
LSTM,combined,pr,1.0,0.44579797426772516,1.0497886468539136e-13
LSTM,combined,pr,1.0,0.4458590006844627,1.0513295691915586e-13
LSTM,combined,pr,1.0,0.4459200438116101,1.051672515891243e-13
LSTM,combined,pr,1.0,0.4459811036560318,1.0636796483757052e-13
LSTM,combined,pr,1.0,0.446042180224596,1.0716869557579611e-13
LSTM,combined,pr,1.0,0.44616438356164384,1.0725212493296887e-13
LSTM,combined,pr,1.0,0.44622551034388275,1.0905502439680428e-13
LSTM,combined,pr,1.0,0.4462866538777747,1.113315846847443e-13
LSTM,combined,pr,1.0,0.4463478141702069,1.115356247573425e-13
LSTM,combined,pr,1.0,0.44640899122807015,1.1243678649805813e-13
LSTM,combined,pr,1.0,0.4464701850582591,1.1289601388074152e-13
LSTM,combined,pr,1.0,0.4465313956676721,1.1488336323917103e-13
LSTM,combined,pr,1.0,0.4465926230632113,1.1775162008648143e-13
LSTM,combined,pr,1.0,0.4466538672517828,1.2000264063699584e-13
LSTM,combined,pr,1.0,0.44671512824029624,1.2072349955642714e-13
LSTM,combined,pr,1.0,0.4467764060356653,1.2227148276072047e-13
LSTM,combined,pr,1.0,0.44683770064480727,1.2504340824500554e-13
LSTM,combined,pr,1.0,0.4468990120746433,1.2636640594598098e-13
LSTM,combined,pr,1.0,0.44696034033209825,1.285585272134751e-13
LSTM,combined,pr,1.0,0.44702168542410103,1.29886254746428e-13
LSTM,combined,pr,1.0,0.4470830473575841,1.3047547796959241e-13
LSTM,combined,pr,1.0,0.4471444261394838,1.320366477828086e-13
LSTM,combined,pr,1.0,0.44720582177674034,1.320464598124696e-13
LSTM,combined,pr,1.0,0.4472672342762977,1.352338244641968e-13
LSTM,combined,pr,1.0,0.4473286636451037,1.3602567152087158e-13
LSTM,combined,pr,1.0,0.44745157301827176,1.362310600699218e-13
LSTM,combined,pr,1.0,0.4475130530365485,1.365486906488786e-13
LSTM,combined,pr,1.0,0.44757454995190327,1.4189775114463454e-13
LSTM,combined,pr,1.0,0.44763606377130294,1.4462606459653138e-13
LSTM,combined,pr,1.0,0.4476975945017182,1.44703056503305e-13
LSTM,combined,pr,1.0,0.44775914215012375,1.4474584183153671e-13
LSTM,combined,pr,1.0,0.4478207067234979,1.4514116904867924e-13
LSTM,combined,pr,1.0,0.44788228822882287,1.4537667131307025e-13
LSTM,combined,pr,1.0,0.4479438866730849,1.4557811607671806e-13
LSTM,combined,pr,1.0,0.4480055020632737,1.479236790566732e-13
LSTM,combined,pr,1.0,0.4480671344063833,1.4828582968733767e-13
LSTM,combined,pr,1.0,0.4481287837094111,1.491512669664699e-13
LSTM,combined,pr,1.0,0.44819044997935875,1.5008300320844964e-13
LSTM,combined,pr,1.0,0.4482521332232315,1.5066982763430742e-13
LSTM,combined,pr,1.0,0.44831383344803855,1.516263785535099e-13
LSTM,combined,pr,1.0,0.44837555066079293,1.534394627415031e-13
LSTM,combined,pr,1.0,0.44843728486851164,1.5453793572508395e-13
LSTM,combined,pr,1.0,0.44849903607821534,1.5596015147736897e-13
LSTM,combined,pr,1.0,0.44862258953168044,1.5723164957515134e-13
LSTM,combined,pr,1.0,0.4486843917895027,1.5825641036353033e-13
LSTM,combined,pr,1.0,0.4487462110774318,1.5944531936082362e-13
LSTM,combined,pr,1.0,0.4488080474025079,1.6246299282002968e-13
LSTM,combined,pr,1.0,0.4488699007717751,1.626291739080174e-13
LSTM,combined,pr,1.0,0.44893177119228117,1.6328312400087919e-13
LSTM,combined,pr,1.0,0.44899365867107804,1.648776330308993e-13
LSTM,combined,pr,1.0,0.4490555632152213,1.649622550104618e-13
LSTM,combined,pr,1.0,0.44911748483177055,1.6607699102662993e-13
LSTM,combined,pr,1.0,0.4491794235277893,1.6683579702209822e-13
LSTM,combined,pr,1.0,0.4492413793103448,1.6746033813103134e-13
LSTM,combined,pr,1.0,0.44930335218650846,1.6760989026819856e-13
LSTM,combined,pr,1.0,0.4493653421633554,1.6800517682775962e-13
LSTM,combined,pr,1.0,0.4494273492479647,1.694200877679075e-13
LSTM,combined,pr,1.0,0.44948937344741924,1.694268775840127e-13
LSTM,combined,pr,1.0,0.44955141476880606,1.7036338431555137e-13
LSTM,combined,pr,1.0,0.4496134732192159,1.7288884354097617e-13
LSTM,combined,pr,1.0,0.44973764153548745,1.7296140377136976e-13
LSTM,combined,pr,1.0,0.44979975141555034,1.7343843917473623e-13
LSTM,combined,pr,1.0,0.44986187845303865,1.7706645069441584e-13
LSTM,combined,pr,1.0,0.44992402265506287,1.7718132191459068e-13
LSTM,combined,pr,1.0,0.44998618402873725,1.7764525202419723e-13
LSTM,combined,pr,1.0,0.45004836258118003,1.7831264622399784e-13
LSTM,combined,pr,1.0,0.45017277125086386,1.7839565545282876e-13
LSTM,combined,pr,1.0,0.45023500138236106,1.7909729688875275e-13
LSTM,combined,pr,1.0,0.45029724872113924,1.8326998447483478e-13
LSTM,combined,pr,1.0,0.45035951327433627,1.833430597012603e-13
LSTM,combined,pr,1.0,0.4504217950490942,1.8568125010644254e-13
LSTM,combined,pr,1.0,0.4504840940525588,1.857411116188909e-13
LSTM,combined,pr,1.0,0.4505464102918799,1.8601339544198348e-13
LSTM,combined,pr,1.0,0.4506087437742114,1.922170240900925e-13
LSTM,combined,pr,1.0,0.45067109450671095,1.9347423782425238e-13
LSTM,combined,pr,1.0,0.4507334624965403,1.9471330472455028e-13
LSTM,combined,pr,1.0,0.45079584775086506,1.961843231271243e-13
LSTM,combined,pr,1.0,0.45085825027685494,1.9676217578000477e-13
LSTM,combined,pr,1.0,0.4509206700816835,2.0070727577755493e-13
LSTM,combined,pr,1.0,0.4509831071725284,2.0073713199487975e-13
LSTM,combined,pr,1.0,0.4510455615565711,2.0102871461664257e-13
LSTM,combined,pr,1.0,0.45110803324099724,2.0284707073769948e-13
LSTM,combined,pr,1.0,0.45117052223299625,2.0569512076702018e-13
LSTM,combined,pr,1.0,0.4512330285397617,2.0652578226146995e-13
LSTM,combined,pr,1.0,0.45129555216849104,2.081614638689902e-13
LSTM,combined,pr,1.0,0.4513580931263858,2.0961531121965749e-13
LSTM,combined,pr,1.0,0.4514206514206514,2.136766376900981e-13
LSTM,combined,pr,1.0,0.45148322705849736,2.1535374937313445e-13
LSTM,combined,pr,1.0,0.4515458200471371,2.1648836694664053e-13
LSTM,combined,pr,1.0,0.4516084303937881,2.1667756022573925e-13
LSTM,combined,pr,1.0,0.4516710581056719,2.2317263597033954e-13
LSTM,combined,pr,1.0,0.4517337031900139,2.2387182439884828e-13
LSTM,combined,pr,1.0,0.4517963656540436,2.239081316190994e-13
LSTM,combined,pr,1.0,0.45185904550499445,2.2691333675332187e-13
LSTM,combined,pr,1.0,0.45192174275010405,2.30805202424203e-13
LSTM,combined,pr,1.0,0.4519844573966139,2.342548084764001e-13
LSTM,combined,pr,1.0,0.4520471894517696,2.4072608598331435e-13
LSTM,combined,pr,1.0,0.45210993892282064,2.423542052806815e-13
LSTM,combined,pr,1.0,0.4521727058170207,2.430620266689887e-13
LSTM,combined,pr,1.0,0.45223549014162734,2.4380072071415737e-13
LSTM,combined,pr,1.0,0.45229829190390225,2.4587368816289534e-13
LSTM,combined,pr,1.0,0.4523611111111111,2.4587460973474196e-13
LSTM,combined,pr,1.0,0.4524239477705237,2.473275490660898e-13
LSTM,combined,pr,1.0,0.4524868018894137,2.4801867374094066e-13
LSTM,combined,pr,1.0,0.45254967347505903,2.4845473985471433e-13
LSTM,combined,pr,1.0,0.4526125625347415,2.495408935911103e-13
LSTM,combined,pr,1.0,0.4526754690757471,2.522022846639105e-13
LSTM,combined,pr,1.0,0.45273839310536557,2.535904971255609e-13
LSTM,combined,pr,1.0,0.4528013346308911,2.5798026909162886e-13
LSTM,combined,pr,1.0,0.4528642936596218,2.5902850285704215e-13
LSTM,combined,pr,1.0,0.4529272701988597,2.610735520998386e-13
LSTM,combined,pr,1.0,0.452990264255911,2.613495628678991e-13
LSTM,combined,pr,1.0,0.45311630495269895,2.615310583115732e-13
LSTM,combined,pr,1.0,0.4531793516070683,2.632622310254351e-13
LSTM,combined,pr,1.0,0.45324241580851654,2.6765804741861465e-13
LSTM,combined,pr,1.0,0.4533054975643702,2.6908721561733073e-13
LSTM,combined,pr,1.0,0.4533685968819599,2.691791017514489e-13
LSTM,combined,pr,1.0,0.45343171376862035,2.6980362930785484e-13
LSTM,combined,pr,1.0,0.45349484823169034,2.7807411321495445e-13
LSTM,combined,pr,1.0,0.45355800027851273,2.786666568072721e-13
LSTM,combined,pr,1.0,0.45362116991643453,2.7951623762963174e-13
LSTM,combined,pr,1.0,0.4536843571528068,2.811840387265119e-13
LSTM,combined,pr,1.0,0.45374756199498467,2.8382485706308913e-13
LSTM,combined,pr,1.0,0.4538107844503274,2.8428645613802483e-13
LSTM,combined,pr,1.0,0.45387402452619846,2.846347831909901e-13
LSTM,combined,pr,1.0,0.45393728222996516,2.8477326291347083e-13
LSTM,combined,pr,1.0,0.45400055756899915,2.865418406022835e-13
LSTM,combined,pr,1.0,0.45406385055067616,2.865713580064294e-13
LSTM,combined,pr,1.0,0.4541271611823759,2.867785761466457e-13
LSTM,combined,pr,1.0,0.4541904894714824,2.889407192240706e-13
LSTM,combined,pr,1.0,0.45425383542538356,2.8952163474808834e-13
LSTM,combined,pr,1.0,0.4543171990514716,2.895398493445861e-13
LSTM,combined,pr,1.0,0.45438058035714285,2.9060656875704027e-13
LSTM,combined,pr,1.0,0.4544439793497977,2.913102430720377e-13
LSTM,combined,pr,1.0,0.45450739603684065,2.916365879259558e-13
LSTM,combined,pr,1.0,0.4545708304256804,2.9406186687064295e-13
LSTM,combined,pr,1.0,0.4546342825237298,2.9464069530547865e-13
LSTM,combined,pr,1.0,0.4547612398771293,2.9485658706307483e-13
LSTM,combined,pr,1.0,0.4548247451473258,2.968915532256672e-13
LSTM,combined,pr,1.0,0.4548882681564246,2.976876828809233e-13
LSTM,combined,pr,1.0,0.4549518089118592,2.980302636623744e-13
LSTM,combined,pr,1.0,0.45501536742106735,3.0088437167133386e-13
LSTM,combined,pr,1.0,0.4550789436914908,3.02120768723782e-13
LSTM,combined,pr,1.0,0.4551425377305757,3.0252211326298184e-13
LSTM,combined,pr,1.0,0.4552061495457722,3.0283788714571824e-13
LSTM,combined,pr,1.0,0.45526977914453454,3.029956385618149e-13
LSTM,combined,pr,1.0,0.45533342653432124,3.044787187135578e-13
LSTM,combined,pr,1.0,0.45539709172259507,3.0692882588799486e-13
LSTM,combined,pr,1.0,0.45546077471682284,3.071718769100118e-13
LSTM,combined,pr,1.0,0.4555244755244755,3.096029021262131e-13
LSTM,combined,pr,1.0,0.45558819415302837,3.1166771095360313e-13
LSTM,combined,pr,1.0,0.45565193060996084,3.1182410711698416e-13
LSTM,combined,pr,1.0,0.4557156849027564,3.1407201058625267e-13
LSTM,combined,pr,1.0,0.4557794570389029,3.163898450956465e-13
LSTM,combined,pr,1.0,0.45584324702589224,3.1840578351011173e-13
LSTM,combined,pr,1.0,0.45590705487122063,3.184428361193564e-13
LSTM,combined,pr,1.0,0.4559708805823883,3.2202081170877583e-13
LSTM,combined,pr,1.0,0.45603472416690005,3.221031297587218e-13
LSTM,combined,pr,1.0,0.4560985856322644,3.2256546067012393e-13
LSTM,combined,pr,1.0,0.4561624649859944,3.229834748177257e-13
LSTM,combined,pr,1.0,0.45622636223560725,3.2480406710576337e-13
LSTM,combined,pr,1.0,0.45629027738862427,3.2851995321152294e-13
LSTM,combined,pr,1.0,0.45635421045257113,3.289676473935965e-13
LSTM,combined,pr,1.0,0.4564181614349776,3.292507596858868e-13
LSTM,combined,pr,1.0,0.4564821303433777,3.3000585228891433e-13
LSTM,combined,pr,1.0,0.4565461171853098,3.313751725277092e-13
LSTM,combined,pr,1.0,0.4566101219683163,3.329387546907592e-13
LSTM,combined,pr,1.0,0.45667414469994394,3.3300036447921066e-13
LSTM,combined,pr,1.0,0.45673818538774363,3.3393914803531155e-13
LSTM,combined,pr,1.0,0.45680224403927067,3.3523143570975134e-13
LSTM,combined,pr,1.0,0.45686632066208444,3.359707802762235e-13
LSTM,combined,pr,1.0,0.4569304152637486,3.366250420772099e-13
LSTM,combined,pr,1.0,0.4569945278518311,3.3674191907140383e-13
LSTM,combined,pr,1.0,0.45705865843390403,3.372175314594189e-13
LSTM,combined,pr,1.0,0.4571228070175439,3.3936230019702973e-13
LSTM,combined,pr,1.0,0.4571869736103313,3.414164838431294e-13
LSTM,combined,pr,1.0,0.4572511582198512,3.4159887375359577e-13
LSTM,combined,pr,1.0,0.4573795815194495,3.4172138859908663e-13
LSTM,combined,pr,1.0,0.4574438202247191,3.4304118790365323e-13
LSTM,combined,pr,1.0,0.45750807697710355,3.4634022537914644e-13
LSTM,combined,pr,1.0,0.4575723517842091,3.465087103967507e-13
LSTM,combined,pr,1.0,0.4576366446536462,3.477262694364519e-13
LSTM,combined,pr,1.0,0.4577009555930298,3.481250932056007e-13
LSTM,combined,pr,1.0,0.4577652846099789,3.4877976158240176e-13
LSTM,combined,pr,1.0,0.45782963171211694,3.5022164205159023e-13
LSTM,combined,pr,1.0,0.45789399690707155,3.5046355466132606e-13
LSTM,combined,pr,1.0,0.4579583802024747,3.5164132348129706e-13
LSTM,combined,pr,1.0,0.4580227816059626,3.5479025316600965e-13
LSTM,combined,pr,1.0,0.4580872011251758,3.58139407886926e-13
LSTM,combined,pr,1.0,0.45815163876775916,3.602942054946323e-13
LSTM,combined,pr,1.0,0.45821609454136186,3.6029697021017215e-13
LSTM,combined,pr,1.0,0.45828056845363724,3.616188294988665e-13
LSTM,combined,pr,1.0,0.4584095707248417,3.6459686181614104e-13
LSTM,combined,pr,1.0,0.4584740990990991,3.678196798789085e-13
LSTM,combined,pr,1.0,0.4585386456426862,3.685605694334765e-13
LSTM,combined,pr,1.0,0.45860321036327795,3.702642847273202e-13
LSTM,combined,pr,1.0,0.4586677932685537,3.711205062879863e-13
LSTM,combined,pr,1.0,0.45873239436619717,3.7126776804806416e-13
LSTM,combined,pr,1.0,0.4587970136638963,3.726099832325469e-13
LSTM,combined,pr,1.0,0.45886165116934347,3.7302100427613616e-13
LSTM,combined,pr,1.0,0.4589909808342728,3.738900194224376e-13
LSTM,combined,pr,1.0,0.4590556730091614,3.762651540166473e-13
LSTM,combined,pr,1.0,0.45912038342261063,3.7667013063312493e-13
LSTM,combined,pr,1.0,0.4591851120823347,3.7762037962719985e-13
LSTM,combined,pr,1.0,0.45924985899605186,3.786914629533983e-13
LSTM,combined,pr,1.0,0.459314624171485,3.835180328697063e-13
LSTM,combined,pr,1.0,0.4593794076163611,3.8442542877291375e-13
LSTM,combined,pr,1.0,0.4594442093384116,3.8644933607334675e-13
LSTM,combined,pr,1.0,0.45950902934537247,3.887737029008298e-13
LSTM,combined,pr,1.0,0.45957386764498376,3.902886314913895e-13
LSTM,combined,pr,1.0,0.45963872424499014,3.942299774389174e-13
LSTM,combined,pr,1.0,0.45970359915314046,4.00145791067813e-13
LSTM,combined,pr,1.0,0.45976849237718803,4.015012606238544e-13
LSTM,combined,pr,1.0,0.4598334039248906,4.055055716125494e-13
LSTM,combined,pr,1.0,0.4598983338040102,4.0593738223279607e-13
LSTM,combined,pr,1.0,0.45996328202231324,4.0634639750236623e-13
LSTM,combined,pr,1.0,0.46002824858757063,4.086018090716792e-13
LSTM,combined,pr,1.0,0.46009323350755754,4.0992103917010525e-13
LSTM,combined,pr,1.0,0.4601582367900537,4.16389064070502e-13
LSTM,combined,pr,1.0,0.460223258442843,4.167744166276577e-13
LSTM,combined,pr,1.0,0.46028829847371394,4.1688332473588385e-13
LSTM,combined,pr,1.0,0.46035335689045936,4.2168642167515757e-13
LSTM,combined,pr,1.0,0.46041843370087643,4.217483567242608e-13
LSTM,combined,pr,1.0,0.46048352891276684,4.229107298733825e-13
LSTM,combined,pr,1.0,0.4605486425339366,4.2499294014564093e-13
LSTM,combined,pr,1.0,0.4606137745721963,4.254211457936641e-13
LSTM,combined,pr,1.0,0.4606789250353607,4.264301314404334e-13
LSTM,combined,pr,1.0,0.4607440939312491,4.2938382341893566e-13
LSTM,combined,pr,1.0,0.46080928126768533,4.2949031917732805e-13
LSTM,combined,pr,1.0,0.4608744870524975,4.3054099239762944e-13
LSTM,combined,pr,1.0,0.46093971129351824,4.3560109946189085e-13
LSTM,combined,pr,1.0,0.4610049539985846,4.3624465476642393e-13
LSTM,combined,pr,1.0,0.4610702151755379,4.4245661821873394e-13
LSTM,combined,pr,1.0,0.46113549483222427,4.449277318102629e-13
LSTM,combined,pr,1.0,0.4612007929764939,4.453403520520566e-13
LSTM,combined,pr,1.0,0.4613314447592068,4.4911836294229956e-13
LSTM,combined,pr,1.0,0.461396798413373,4.4915433134937177e-13
LSTM,combined,pr,1.0,0.4614621705865684,4.5114197208713513e-13
LSTM,combined,pr,1.0,0.4615275612866657,4.551983247801095e-13
LSTM,combined,pr,1.0,0.46159297052154197,4.594217259228095e-13
LSTM,combined,pr,1.0,0.4616583982990787,4.596434994771914e-13
LSTM,combined,pr,1.0,0.4617238446271619,4.598846260403522e-13
LSTM,combined,pr,1.0,0.46178930951368213,4.660810582965413e-13
LSTM,combined,pr,1.0,0.4618547929665343,4.666609980386038e-13
LSTM,combined,pr,1.0,0.4619202949936179,4.668542028657408e-13
LSTM,combined,pr,1.0,0.46198581560283686,4.728296747191774e-13
LSTM,combined,pr,1.0,0.4620513548020996,4.79101784287006e-13
LSTM,combined,pr,1.0,0.462116912599319,4.819282993506757e-13
LSTM,combined,pr,1.0,0.4621824890024124,4.838366578045761e-13
LSTM,combined,pr,1.0,0.46224808401930173,4.841690199805515e-13
LSTM,combined,pr,1.0,0.4623136976579134,4.84673499251409e-13
LSTM,combined,pr,1.0,0.4623793299261783,4.867653589230025e-13
LSTM,combined,pr,1.0,0.46264204545454546,4.872038102815557e-13
LSTM,combined,pr,1.0,0.4627077709901975,4.934001883276362e-13
LSTM,combined,pr,1.0,0.4627735152031827,4.942874993855984e-13
LSTM,combined,pr,1.0,0.4628392781014637,4.945326917069059e-13
LSTM,combined,pr,1.0,0.4629050596930074,4.970632737875957e-13
LSTM,combined,pr,1.0,0.46297085998578535,4.975564773558594e-13
LSTM,combined,pr,1.0,0.4630366789877737,5.103271863253489e-13
LSTM,combined,pr,1.0,0.46310251670695296,5.112829647505035e-13
LSTM,combined,pr,1.0,0.4631683731513083,5.123529096644208e-13
LSTM,combined,pr,1.0,0.4632342483288295,5.131685549587817e-13
LSTM,combined,pr,1.0,0.46330014224751065,5.134554348536213e-13
LSTM,combined,pr,1.0,0.4633660549153507,5.1907106000601e-13
LSTM,combined,pr,1.0,0.4634319863403529,5.204689218669956e-13
LSTM,combined,pr,1.0,0.4634979365305251,5.221871654699506e-13
LSTM,combined,pr,1.0,0.4635639054938799,5.225448437666536e-13
LSTM,combined,pr,1.0,0.4636298932384342,5.264624456866041e-13
LSTM,combined,pr,1.0,0.46369589977220954,5.266361890847449e-13
LSTM,combined,pr,1.0,0.4637619251032322,5.275027376711039e-13
LSTM,combined,pr,1.0,0.4638279692395329,5.315102199511534e-13
LSTM,combined,pr,1.0,0.4638940321891468,5.355686055232012e-13
LSTM,combined,pr,1.0,0.46396011396011394,5.363905391901624e-13
LSTM,combined,pr,1.0,0.4640262145604787,5.405572907693501e-13
LSTM,combined,pr,1.0,0.4640923339982901,5.416626348841991e-13
LSTM,combined,pr,1.0,0.46415847228160184,5.449434306581402e-13
LSTM,combined,pr,1.0,0.4642246294184721,5.450900147918603e-13
LSTM,combined,pr,1.0,0.46429080541696366,5.453666489761699e-13
LSTM,combined,pr,1.0,0.464357000285144,5.454779423291756e-13
LSTM,combined,pr,1.0,0.4644232140310851,5.472286577871965e-13
LSTM,combined,pr,1.0,0.4644894466628637,5.482472657282467e-13
LSTM,combined,pr,1.0,0.46455569818856085,5.49901975083894e-13
LSTM,combined,pr,1.0,0.4646219686162625,5.506566340060526e-13
LSTM,combined,pr,1.0,0.46468825795405905,5.66529408021349e-13
LSTM,combined,pr,1.0,0.4647545662100457,5.673036367927209e-13
LSTM,combined,pr,1.0,0.46482089339232197,5.675363065789363e-13
LSTM,combined,pr,1.0,0.4648872395089923,5.683205642204037e-13
LSTM,combined,pr,1.0,0.4649536045681656,5.684159740115824e-13
LSTM,combined,pr,1.0,0.46501998857795546,5.698401819853594e-13
LSTM,combined,pr,1.0,0.46508639154648007,5.714663226137617e-13
LSTM,combined,pr,1.0,0.4651528134818623,5.767596686703791e-13
LSTM,combined,pr,1.0,0.46521925439222966,5.772945598121748e-13
LSTM,combined,pr,1.0,0.4652857142857143,5.797309247240756e-13
LSTM,combined,pr,1.0,0.4653521931704529,5.797662697148986e-13
LSTM,combined,pr,1.0,0.46541869105458705,5.810160837692313e-13
LSTM,combined,pr,1.0,0.4654852079462627,5.818489678781347e-13
LSTM,combined,pr,1.0,0.46555174385363063,5.843190514775998e-13
LSTM,combined,pr,1.0,0.4656848727480698,5.911267569186363e-13
LSTM,combined,pr,1.0,0.46575146575146575,5.915598414764356e-13
LSTM,combined,pr,1.0,0.4658847089114576,5.9505211088412e-13
LSTM,combined,pr,1.0,0.46595135908440627,5.964133267116756e-13
LSTM,combined,pr,1.0,0.4660180283302332,5.967751791867426e-13
LSTM,combined,pr,1.0,0.46608471665712653,5.976887821473875e-13
LSTM,combined,pr,1.0,0.4661514240732789,5.979282281971809e-13
LSTM,combined,pr,1.0,0.46621815058688804,5.984245217416362e-13
LSTM,combined,pr,1.0,0.46628489620615604,5.991006302163981e-13
LSTM,combined,pr,1.0,0.4663516609392898,6.009925087972767e-13
LSTM,combined,pr,1.0,0.46681954994983516,6.027845323580694e-13
LSTM,combined,pr,1.0,0.46688646788990823,6.051356789792128e-13
LSTM,combined,pr,1.0,0.46695340501792115,6.08994896612175e-13
LSTM,combined,pr,1.0,0.4670203613421279,6.098399237854102e-13
LSTM,combined,pr,1.0,0.4670873368707873,6.118648881829614e-13
LSTM,combined,pr,1.0,0.46715433161216297,6.120633513906348e-13
LSTM,combined,pr,1.0,0.46722134557452305,6.138216562638632e-13
LSTM,combined,pr,1.0,0.4672883787661406,6.154124519014426e-13
LSTM,combined,pr,1.0,0.4676238334529792,6.159009391902559e-13
LSTM,combined,pr,1.0,0.4676909821941413,6.176043292234479e-13
LSTM,combined,pr,1.0,0.4677581502226052,6.239804679897265e-13
LSTM,combined,pr,1.0,0.467825337546682,6.309938465828835e-13
LSTM,combined,pr,1.0,0.46789254417468756,6.313983624134378e-13
LSTM,combined,pr,1.0,0.46795977011494255,6.320405895703096e-13
LSTM,combined,pr,1.0,0.4680270153757724,6.334308620160878e-13
LSTM,combined,pr,1.0,0.46809427996550734,6.380459311935982e-13
LSTM,combined,pr,1.0,0.46816156389248237,6.408413296549176e-13
LSTM,combined,pr,1.0,0.46822886716503737,6.444437540033265e-13
LSTM,combined,pr,1.0,0.4682961897915169,6.446453613973002e-13
LSTM,combined,pr,1.0,0.46836353178027035,6.461225326472031e-13
LSTM,combined,pr,1.0,0.46843089313965197,6.461447045816304e-13
LSTM,combined,pr,1.0,0.46849827387802073,6.475734662045318e-13
LSTM,combined,pr,1.0,0.4685656740037405,6.50167474112312e-13
LSTM,combined,pr,1.0,0.46863309352517984,6.558332436151781e-13
LSTM,combined,pr,1.0,0.46870053245071236,6.662348082074609e-13
LSTM,combined,pr,1.0,0.46876799078871617,6.683182653122177e-13
LSTM,combined,pr,1.0,0.4688354685475745,6.692711706016152e-13
LSTM,combined,pr,1.0,0.4689029657356752,6.706346090436244e-13
LSTM,combined,pr,1.0,0.4689704823614111,6.711771438107361e-13
LSTM,combined,pr,1.0,0.4690380184331797,6.75086614214393e-13
LSTM,combined,pr,1.0,0.46910557395938357,6.756946347927228e-13
LSTM,combined,pr,1.0,0.4691731489484299,6.757577895692701e-13
LSTM,combined,pr,1.0,0.46924074340873073,6.768878534936518e-13
LSTM,combined,pr,1.0,0.4693083573487032,6.770027789239352e-13
LSTM,combined,pr,1.0,0.469375990776769,6.773502115101082e-13
LSTM,combined,pr,1.0,0.4694436437013549,6.796745241274826e-13
LSTM,combined,pr,1.0,0.46957900807381775,6.803203833616323e-13
LSTM,combined,pr,1.0,0.46964671953857245,6.814112533774785e-13
LSTM,combined,pr,1.0,0.46971445053360256,6.815503565162084e-13
LSTM,combined,pr,1.0,0.469782201067359,6.830091505392877e-13
LSTM,combined,pr,1.0,0.46984997114829774,6.853110743818003e-13
LSTM,combined,pr,1.0,0.4699177607848795,6.858288893393794e-13
LSTM,combined,pr,1.0,0.46998556998557,6.864387530614025e-13
LSTM,combined,pr,1.0,0.47005339875883967,6.890833390005291e-13
LSTM,combined,pr,1.0,0.470121247113164,6.910576169465166e-13
LSTM,combined,pr,1.0,0.47018911505702327,6.919597815742418e-13
LSTM,combined,pr,1.0,0.4702570025989027,6.940746805420006e-13
LSTM,combined,pr,1.0,0.4703249097472924,6.943024714184398e-13
LSTM,combined,pr,1.0,0.4703928365106875,6.947395675242773e-13
LSTM,combined,pr,1.0,0.47046078289758775,7.002673180905861e-13
LSTM,combined,pr,1.0,0.4705287489164981,7.05509218754119e-13
LSTM,combined,pr,1.0,0.4705967345759283,7.173674631752447e-13
LSTM,combined,pr,1.0,0.47066473988439306,7.186547906247454e-13
LSTM,combined,pr,1.0,0.47073276485041193,7.189454652271887e-13
LSTM,combined,pr,1.0,0.4708008094825094,7.238631894411485e-13
LSTM,combined,pr,1.0,0.470868873789215,7.258803475830578e-13
LSTM,combined,pr,1.0,0.470936957779063,7.281489322087664e-13
LSTM,combined,pr,1.0,0.4710050614605929,7.298856614587623e-13
LSTM,combined,pr,1.0,0.47107318484234884,7.310141532899939e-13
LSTM,combined,pr,1.0,0.4711413279328801,7.319629386111359e-13
LSTM,combined,pr,1.0,0.47120949074074076,7.342631277301725e-13
LSTM,combined,pr,1.0,0.47127767327448994,7.342673019085366e-13
LSTM,combined,pr,1.0,0.47134587554269175,7.344143739332343e-13
LSTM,combined,pr,1.0,0.47141409755391517,7.485181094737947e-13
LSTM,combined,pr,1.0,0.4714823393167342,7.489951042195797e-13
LSTM,combined,pr,1.0,0.47155060083972783,7.494910182932746e-13
LSTM,combined,pr,1.0,0.4716188821314799,7.525148581523367e-13
LSTM,combined,pr,1.0,0.4716871832005793,7.537904762183745e-13
LSTM,combined,pr,1.0,0.47175550405561995,7.552008064043436e-13
LSTM,combined,pr,1.0,0.4718238447052006,7.568345364479534e-13
LSTM,combined,pr,1.0,0.47189220515792524,7.577272143066693e-13
LSTM,combined,pr,1.0,0.47196058542240255,7.586975752510439e-13
LSTM,combined,pr,1.0,0.47202898550724637,7.591839483456209e-13
LSTM,combined,pr,1.0,0.47209740542107553,7.623763274323958e-13
LSTM,combined,pr,1.0,0.47216584517251375,7.647706253000042e-13
LSTM,combined,pr,1.0,0.47223430477018996,7.670510277293929e-13
LSTM,combined,pr,1.0,0.4723027842227378,7.788138623593399e-13
LSTM,combined,pr,1.0,0.4723712835387962,7.833846418781043e-13
LSTM,combined,pr,1.0,0.472439802727009,7.87931135268205e-13
LSTM,combined,pr,1.0,0.47250834179602497,7.909456509885837e-13
LSTM,combined,pr,1.0,0.472576900754498,7.913077745141939e-13
LSTM,combined,pr,1.0,0.47264547961108694,7.93717251212217e-13
LSTM,combined,pr,1.0,0.4727140783744557,7.987897994964077e-13
LSTM,combined,pr,1.0,0.47278269705327336,7.991159275098914e-13
LSTM,combined,pr,1.0,0.4728513356562137,8.009867725686237e-13
LSTM,combined,pr,1.0,0.47291999419195585,8.016226029326778e-13
LSTM,combined,pr,1.0,0.4729886726691839,8.024165099734804e-13
LSTM,combined,pr,1.0,0.4730573710965868,8.050286782676497e-13
LSTM,combined,pr,1.0,0.4731260894828588,8.057245734320595e-13
LSTM,combined,pr,1.0,0.47319482783669914,8.140056012052865e-13
LSTM,combined,pr,1.0,0.47326358616681197,8.151351230285819e-13
LSTM,combined,pr,1.0,0.4733323644819067,8.151833158151489e-13
LSTM,combined,pr,1.0,0.47340116279069766,8.174923953919999e-13
LSTM,combined,pr,1.0,0.47346998110190436,8.195985665322703e-13
LSTM,combined,pr,1.0,0.47353881942425124,8.223592163139615e-13
LSTM,combined,pr,1.0,0.473814372999709,8.259227720144868e-13
LSTM,combined,pr,1.0,0.4738833115088026,8.314564314826356e-13
LSTM,combined,pr,1.0,0.4739522700814901,8.343827473562826e-13
LSTM,combined,pr,1.0,0.4740212487265318,8.371277304165814e-13
LSTM,combined,pr,1.0,0.47409024745269285,8.379760101963341e-13
LSTM,combined,pr,1.0,0.4741592662687436,8.382270029992644e-13
LSTM,combined,pr,1.0,0.47422830518345954,8.393772872941629e-13
LSTM,combined,pr,1.0,0.4742973642056211,8.413247312363814e-13
LSTM,combined,pr,1.0,0.47436644334401395,8.418865648021634e-13
LSTM,combined,pr,1.0,0.474504662004662,8.445193329376099e-13
LSTM,combined,pr,1.0,0.47457380154451406,8.483617454368986e-13
LSTM,combined,pr,1.0,0.4746429612357913,8.487145448238254e-13
LSTM,combined,pr,1.0,0.4747121410873051,8.492602779873459e-13
LSTM,combined,pr,1.0,0.47478134110787173,8.525939286171957e-13
LSTM,combined,pr,1.0,0.47485056130631287,8.545052144169618e-13
LSTM,combined,pr,1.0,0.47498906227213067,8.58168787767899e-13
LSTM,combined,pr,1.0,0.4750583430571762,8.62073325051671e-13
LSTM,combined,pr,1.0,0.475127644055434,8.706693677661137e-13
LSTM,combined,pr,1.0,0.4751969652757514,8.71531687964e-13
LSTM,combined,pr,1.0,0.4752663067269809,8.73508784835636e-13
LSTM,combined,pr,1.0,0.47533566841798014,8.776856194950278e-13
LSTM,combined,pr,1.0,0.47540505035761205,8.784141491448294e-13
LSTM,combined,pr,1.0,0.4754744525547445,8.81129154015059e-13
LSTM,combined,pr,1.0,0.47554387501825085,8.816284833255972e-13
LSTM,combined,pr,1.0,0.4756133177570093,8.836216805994945e-13
LSTM,combined,pr,1.0,0.4756827807799036,8.858694485434915e-13
LSTM,combined,pr,1.0,0.4757522640958224,8.87295011769984e-13
LSTM,combined,pr,1.0,0.4758217677136596,8.884380861204355e-13
LSTM,combined,pr,1.0,0.4758912916423144,8.921654647692234e-13
LSTM,combined,pr,1.0,0.4759608358906912,8.956214134041296e-13
LSTM,combined,pr,1.0,0.47609998538225407,8.972542760860014e-13
LSTM,combined,pr,1.0,0.47616959064327485,8.994029479514332e-13
LSTM,combined,pr,1.0,0.47623921625968707,9.050283309233742e-13
LSTM,combined,pr,1.0,0.4763088622404212,9.116134496583994e-13
LSTM,combined,pr,1.0,0.47637852859441276,9.171734552393396e-13
LSTM,combined,pr,1.0,0.47644821533060266,9.194118990446531e-13
LSTM,combined,pr,1.0,0.4765179224579371,9.279883719098825e-13
LSTM,combined,pr,1.0,0.4765876499853673,9.336090928124818e-13
LSTM,combined,pr,1.0,0.47665739792184986,9.351329389659102e-13
LSTM,combined,pr,1.0,0.4767271662763466,9.369628553926312e-13
LSTM,combined,pr,1.0,0.4767969550578246,9.41470100664088e-13
LSTM,combined,pr,1.0,0.4768667642752562,9.450485099343764e-13
LSTM,combined,pr,1.0,0.476936593937619,9.463418547059343e-13
LSTM,combined,pr,1.0,0.47700644405389575,9.47190568166556e-13
LSTM,combined,pr,1.0,0.47707631463307454,9.586135054154288e-13
LSTM,combined,pr,1.0,0.47714620568414884,9.62453532669938e-13
LSTM,combined,pr,1.0,0.47721611721611723,9.662536612844996e-13
LSTM,combined,pr,1.0,0.47728604923798357,9.66915566710802e-13
LSTM,combined,pr,1.0,0.47735600175875714,9.674523552063996e-13
LSTM,combined,pr,1.0,0.477636017011292,9.68574938135791e-13
LSTM,combined,pr,1.0,0.47770607216192434,9.704962528056527e-13
LSTM,combined,pr,1.0,0.47777614786563005,9.726051344513542e-13
LSTM,combined,pr,1.0,0.4778462441314554,9.770339919057403e-13
LSTM,combined,pr,1.0,0.47791636096845197,9.84144948694421e-13
LSTM,combined,pr,1.0,0.47798649838567653,9.881004434802998e-13
LSTM,combined,pr,1.0,0.4780566563921914,9.912641454196125e-13
LSTM,combined,pr,1.0,0.478126834997064,9.92440830037411e-13
LSTM,combined,pr,1.0,0.4781970342093672,9.93560160360285e-13
LSTM,combined,pr,1.0,0.47833749449258334,9.966730132177082e-13
LSTM,combined,pr,1.0,0.47840775558166865,9.993074076564135e-13
LSTM,combined,pr,1.0,0.47847803731452915,1.0102099278624932e-12
LSTM,combined,pr,1.0,0.47854833970026445,1.0104430313295776e-12
LSTM,combined,pr,1.0,0.47861866274797943,1.011005949097532e-12
LSTM,combined,pr,1.0,0.47868900646678425,1.0117100299883441e-12
LSTM,combined,pr,1.0,0.4787593708657945,1.0143552664487743e-12
LSTM,combined,pr,1.0,0.47882975595413113,1.0150694304197905e-12
LSTM,combined,pr,1.0,0.4789001617409204,1.020242267404936e-12
LSTM,combined,pr,1.0,0.4789705882352941,1.0210267960969466e-12
LSTM,combined,pr,1.0,0.47904103544638915,1.0245206375977811e-12
LSTM,combined,pr,1.0,0.47911150338334807,1.0275834003148354e-12
LSTM,combined,pr,1.0,0.47918199205531853,1.0318906102854686e-12
LSTM,combined,pr,1.0,0.4792525014714538,1.0330859431806338e-12
LSTM,combined,pr,1.0,0.47932303164091244,1.0340874207273587e-12
LSTM,combined,pr,1.0,0.4793935825728584,1.0359391296177467e-12
LSTM,combined,pr,1.0,0.47946415427646105,1.0429972857606273e-12
LSTM,combined,pr,1.0,0.4795347467608952,1.0458180545527829e-12
LSTM,combined,pr,1.0,0.4796053600353409,1.0504721007983941e-12
LSTM,combined,pr,1.0,0.4796759941089838,1.050778713172773e-12
LSTM,combined,pr,1.0,0.4797466489910149,1.0525578889378218e-12
LSTM,combined,pr,1.0,0.47981732469063054,1.0585919077085726e-12
LSTM,combined,pr,1.0,0.47988802121703256,1.062895322971602e-12
LSTM,combined,pr,1.0,0.4799587385794282,1.0634853457938687e-12
LSTM,combined,pr,1.0,0.48002947678703023,1.0671327103223271e-12
LSTM,combined,pr,1.0,0.4801002358490566,1.0741266816965966e-12
LSTM,combined,pr,1.0,0.4801710157747309,1.0825553778057162e-12
LSTM,combined,pr,1.0,0.48024181657328224,1.0845807758841364e-12
LSTM,combined,pr,1.0,0.4803126382539448,1.0849883274807737e-12
LSTM,combined,pr,1.0,0.4803834808259587,1.113700711513621e-12
LSTM,combined,pr,1.0,0.4804543442985691,1.1142361989666116e-12
LSTM,combined,pr,1.0,0.4805252286810269,1.1157546241091776e-12
LSTM,combined,pr,1.0,0.48059613398258816,1.1220332388900411e-12
LSTM,combined,pr,1.0,0.48066706021251476,1.1230544489163052e-12
LSTM,combined,pr,1.0,0.48073800738007383,1.12452918071132e-12
LSTM,combined,pr,1.0,0.48080897549453794,1.124975438325515e-12
LSTM,combined,pr,1.0,0.4808799645651853,1.1256944812063074e-12
LSTM,combined,pr,1.0,0.4809509746012995,1.1298330977391191e-12
LSTM,combined,pr,1.0,0.48102200561216957,1.1313684364355758e-12
LSTM,combined,pr,1.0,0.4810930576070901,1.1315324762242729e-12
LSTM,combined,pr,1.0,0.48116413059536123,1.1324543733315373e-12
LSTM,combined,pr,1.0,0.4812352245862884,1.1410316051382874e-12
LSTM,combined,pr,1.0,0.4813063395891828,1.1487246700733755e-12
LSTM,combined,pr,1.0,0.4813774756133609,1.1510451879831463e-12
LSTM,combined,pr,1.0,0.48144863266814486,1.1525236060655475e-12
LSTM,combined,pr,1.0,0.4815198107628622,1.155962478516237e-12
LSTM,combined,pr,1.0,0.48159100990684606,1.1562667056458364e-12
LSTM,combined,pr,1.0,0.4816622301094351,1.1679143980050655e-12
LSTM,combined,pr,1.0,0.48173347137997335,1.16936549419272e-12
LSTM,combined,pr,1.0,0.48180473372781063,1.1739153486095555e-12
LSTM,combined,pr,1.0,0.4818760171623021,1.174800166002521e-12
LSTM,combined,pr,1.0,0.4819473216928085,1.1776583397696272e-12
LSTM,combined,pr,1.0,0.48201864732869615,1.1806766501976096e-12
LSTM,combined,pr,1.0,0.4820899940793369,1.1814335317342217e-12
LSTM,combined,pr,1.0,0.4821613619541081,1.1847552019300656e-12
LSTM,combined,pr,1.0,0.48223275096239265,1.1858516555871002e-12
LSTM,combined,pr,1.0,0.48230416111357916,1.1875356384014046e-12
LSTM,combined,pr,1.0,0.4823755924170616,1.1952504958001597e-12
LSTM,combined,pr,1.0,0.48244704488223966,1.1969272144599086e-12
LSTM,combined,pr,1.0,0.4825185185185185,1.200242162602283e-12
LSTM,combined,pr,1.0,0.48259001333530893,1.2011306662826349e-12
LSTM,combined,pr,1.0,0.4826615293420273,1.2083459233203087e-12
LSTM,combined,pr,1.0,0.48273306654809545,1.216017304211947e-12
LSTM,combined,pr,1.0,0.482804624962941,1.2181692286838963e-12
LSTM,combined,pr,1.0,0.48287620459599706,1.21940836334683e-12
LSTM,combined,pr,1.0,0.48294780545670224,1.2210747820859402e-12
LSTM,combined,pr,1.0,0.48301942755450095,1.2434969503746784e-12
LSTM,combined,pr,1.0,0.48309107089884307,1.2461228880364383e-12
LSTM,combined,pr,1.0,0.4831627354991841,1.2466624954576844e-12
LSTM,combined,pr,1.0,0.4832344213649852,1.2530968016705168e-12
LSTM,combined,pr,1.0,0.48330612850571303,1.2554293542244022e-12
LSTM,combined,pr,1.0,0.48337785693084,1.257017927247528e-12
LSTM,combined,pr,1.0,0.48344960664984415,1.2585148851870787e-12
LSTM,combined,pr,1.0,0.48352137767220904,1.2646919102243803e-12
LSTM,combined,pr,1.0,0.4835931700074239,1.26572472121389e-12
LSTM,combined,pr,1.0,0.48366498366498367,1.2672682998468576e-12
LSTM,combined,pr,1.0,0.48373681865438883,1.2775292976274777e-12
LSTM,combined,pr,1.0,0.48380867498514557,1.2832169138041194e-12
LSTM,combined,pr,1.0,0.4838805526667657,1.287588416963581e-12
LSTM,combined,pr,1.0,0.4839524517087667,1.2887948087209056e-12
LSTM,combined,pr,1.0,0.48402437212067173,1.2908859094509784e-12
LSTM,combined,pr,1.0,0.4840963139120095,1.304267783185098e-12
LSTM,combined,pr,1.0,0.4841682770923146,1.3069023944642377e-12
LSTM,combined,pr,1.0,0.484240261671127,1.3123829280259347e-12
LSTM,combined,pr,1.0,0.48431226765799257,1.317278209254924e-12
LSTM,combined,pr,1.0,0.48438429506246283,1.3241880465406086e-12
LSTM,combined,pr,1.0,0.4844563438940949,1.3251708758099667e-12
LSTM,combined,pr,1.0,0.4845284141624516,1.3257422503548666e-12
LSTM,combined,pr,1.0,0.48460050587710163,1.3282100029196608e-12
LSTM,combined,pr,1.0,0.48467261904761905,1.3282429626657044e-12
LSTM,combined,pr,1.0,0.4847447536835839,1.329956652619535e-12
LSTM,combined,pr,1.0,0.4848169097945817,1.332274676864309e-12
LSTM,combined,pr,1.0,0.484889087390204,1.3339350240712533e-12
LSTM,combined,pr,1.0,0.48496128648004766,1.336588825728846e-12
LSTM,combined,pr,1.0,0.48503350707371556,1.3372772941083744e-12
LSTM,combined,pr,1.0,0.4851057491808162,1.3403518746291088e-12
LSTM,combined,pr,1.0,0.4851780128109638,1.3403901469657975e-12
LSTM,combined,pr,1.0,0.48525029797377833,1.3435487531548995e-12
LSTM,combined,pr,1.0,0.48532260467888544,1.3449691664210728e-12
LSTM,combined,pr,1.0,0.48539493293591657,1.3462550301976406e-12
LSTM,combined,pr,1.0,0.48546728275450884,1.349252415523694e-12
LSTM,combined,pr,1.0,0.48553965414430533,1.3528548940822116e-12
LSTM,combined,pr,1.0,0.48561204711495454,1.3529530143788215e-12
LSTM,combined,pr,1.0,0.48568446167611096,1.3565524571712562e-12
LSTM,combined,pr,1.0,0.48575689783743475,1.3617294141246572e-12
LSTM,combined,pr,1.0,0.48582935560859186,1.366144176950801e-12
LSTM,combined,pr,1.0,0.48590183499925405,1.3758535326660604e-12
LSTM,combined,pr,1.0,0.4859743360190988,1.3799112677168046e-12
LSTM,combined,pr,1.0,0.4860468586778093,1.3875174880578767e-12
LSTM,combined,pr,1.0,0.4861194029850746,1.387882755769787e-12
LSTM,combined,pr,1.0,0.48619196895058964,1.3950379480071051e-12
LSTM,combined,pr,1.0,0.48626455658405493,1.396182540240598e-12
LSTM,combined,pr,1.0,0.48633716589517695,1.3974746923897663e-12
LSTM,combined,pr,1.0,0.48640979689366787,1.3990669517002785e-12
LSTM,combined,pr,1.0,0.4864824495892457,1.4029495881001663e-12
LSTM,combined,pr,1.0,0.4865551239916343,1.4035625960084896e-12
LSTM,combined,pr,1.0,0.48662782011056327,1.4043310785083474e-12
LSTM,combined,pr,1.0,0.48670053795576806,1.4068189972335499e-12
LSTM,combined,pr,1.0,0.48677327753699,1.4099351026974904e-12
LSTM,combined,pr,1.0,0.4868460388639761,1.409994191715891e-12
LSTM,combined,pr,1.0,0.4869188219464793,1.4185588467774402e-12
LSTM,combined,pr,1.0,0.4869916267942584,1.4195305087644217e-12
LSTM,combined,pr,1.0,0.48706445341707794,1.4264596448487765e-12
LSTM,combined,pr,1.0,0.4871373018247083,1.4293629214262582e-12
LSTM,combined,pr,1.0,0.48721017202692596,1.4347164949135571e-12
LSTM,combined,pr,1.0,0.48728306403351285,1.4358635808120468e-12
LSTM,combined,pr,1.0,0.48735597785425705,1.4459939322308824e-12
LSTM,combined,pr,1.0,0.4874289134989524,1.4496141917050287e-12
LSTM,combined,pr,1.0,0.4875018709773986,1.4501811210210214e-12
LSTM,combined,pr,1.0,0.4875748502994012,1.4517198207442128e-12
LSTM,combined,pr,1.0,0.4876478514747717,1.4573211344279247e-12
LSTM,combined,pr,1.0,0.48772087451332735,1.4609419360031572e-12
LSTM,combined,pr,1.0,0.4877939194248914,1.4618868181964784e-12
LSTM,combined,pr,1.0,0.487866986219293,1.4653764313088402e-12
LSTM,combined,pr,1.0,0.48794007490636704,1.466276644372655e-12
LSTM,combined,pr,1.0,0.48801318549595446,1.466324240848027e-12
LSTM,combined,pr,1.0,0.488086317997902,1.4718302531607774e-12
LSTM,combined,pr,1.0,0.48815947242206237,1.4722176385970065e-12
LSTM,combined,pr,1.0,0.4882326487782941,1.480332675017626e-12
LSTM,combined,pr,1.0,0.4883058470764618,1.4823727098253747e-12
LSTM,combined,pr,1.0,0.48852557372131394,1.485525786583397e-12
LSTM,combined,pr,1.0,0.4885988598859886,1.494486392278338e-12
LSTM,combined,pr,1.0,0.4886721680420105,1.495193508935233e-12
LSTM,combined,pr,1.0,0.4887454981992797,1.5078203442764337e-12
LSTM,combined,pr,1.0,0.48881885036770223,1.5128963620075764e-12
LSTM,combined,pr,1.0,0.48889222455719006,1.513485083787236e-12
LSTM,combined,pr,1.0,0.48896562077766104,1.515859811805631e-12
LSTM,combined,pr,1.0,0.48903903903903906,1.5159581489426754e-12
LSTM,combined,pr,1.0,0.48911247935125396,1.5177461067453213e-12
LSTM,combined,pr,1.0,0.4891859417242415,1.5222920580343358e-12
LSTM,combined,pr,1.0,0.48925942616794355,1.5232156898650762e-12
LSTM,combined,pr,1.0,0.4893329326923077,1.526310111285567e-12
LSTM,combined,pr,1.0,0.48940646130728777,1.5267788118847325e-12
LSTM,combined,pr,1.0,0.4894800120228434,1.5283404966939806e-12
LSTM,combined,pr,1.0,0.48955358484894035,1.529947609574256e-12
LSTM,combined,pr,1.0,0.4896271797955502,1.5322254099184307e-12
LSTM,combined,pr,1.0,0.4897007968726507,1.5503311525180696e-12
LSTM,combined,pr,1.0,0.4897744360902256,1.555760836997877e-12
LSTM,combined,pr,1.0,0.4898480974582644,1.5588708709296517e-12
LSTM,combined,pr,1.0,0.4899217809867629,1.5590372959631282e-12
LSTM,combined,pr,1.0,0.4899954866857229,1.5652736268592649e-12
LSTM,combined,pr,1.0,0.49006921456515196,1.5655661446054014e-12
LSTM,combined,pr,1.0,0.49014296463506396,1.5683098266230933e-12
LSTM,combined,pr,1.0,0.4902167369054786,1.5702014341534287e-12
LSTM,combined,pr,1.0,0.4902905313864218,1.5712200420944789e-12
LSTM,combined,pr,1.0,0.49036434808792534,1.5808574067854853e-12
LSTM,combined,pr,1.0,0.4904381870200271,1.585150955808745e-12
LSTM,combined,pr,1.0,0.4905120481927711,1.5930557654281197e-12
LSTM,combined,pr,1.0,0.4905859316162073,1.5952084488415896e-12
LSTM,combined,pr,1.0,0.4906598373003917,1.6015741250569038e-12
LSTM,combined,pr,1.0,0.4907337652553865,1.602411345974497e-12
LSTM,combined,pr,1.0,0.4908077154912598,1.6226334512148277e-12
LSTM,combined,pr,1.0,0.4908816880180859,1.6234692626695968e-12
LSTM,combined,pr,1.0,0.49095568284594515,1.6260196314399344e-12
LSTM,combined,pr,1.0,0.49102969998492385,1.6261251243113173e-12
LSTM,combined,pr,1.0,0.4911037394451146,1.6263732981885992e-12
LSTM,combined,pr,1.0,0.4911778012366159,1.6276176370219608e-12
LSTM,combined,pr,1.0,0.4915484455176577,1.6302212401189675e-12
LSTM,combined,pr,1.0,0.49162264150943397,1.6309179484350067e-12
LSTM,combined,pr,1.0,0.49169685990338163,1.632041290305919e-12
LSTM,combined,pr,1.0,0.4917711007096482,1.6323402048448732e-12
LSTM,combined,pr,1.0,0.4918453639383872,1.642267810457454e-12
LSTM,combined,pr,1.0,0.49191964959975837,1.643123245971545e-12
LSTM,combined,pr,1.0,0.4919939577039275,1.6485005634864214e-12
LSTM,combined,pr,1.0,0.49206828826106663,1.6486357634973303e-12
LSTM,combined,pr,1.0,0.4921426412813539,1.6541415589696462e-12
LSTM,combined,pr,1.0,0.49221701677497354,1.65579561780399e-12
LSTM,combined,pr,1.0,0.4922914147521161,1.6641225073291133e-12
LSTM,combined,pr,1.0,0.49236583522297805,1.669383923631751e-12
LSTM,combined,pr,1.0,0.4924402781977623,1.6726443364048493e-12
LSTM,combined,pr,1.0,0.49251474368667775,1.6788066162926052e-12
LSTM,combined,pr,1.0,0.4925892316999395,1.6827754467652056e-12
LSTM,combined,pr,1.0,0.4926637422477689,1.6977375451657228e-12
LSTM,combined,pr,1.0,0.49273827534039333,1.6998922885633205e-12
LSTM,combined,pr,1.0,0.4928128309880466,1.7016570444394752e-12
LSTM,combined,pr,1.0,0.4928874092009685,1.7125908980883398e-12
LSTM,combined,pr,1.0,0.4929620099894052,1.7132443467376968e-12
LSTM,combined,pr,1.0,0.49318594791035736,1.714813512541935e-12
LSTM,combined,pr,1.0,0.4932606391034378,1.732077805835508e-12
LSTM,combined,pr,1.0,0.49333535292335656,1.7374347403495416e-12
LSTM,combined,pr,1.0,0.49341008938039693,1.7437825272290097e-12
LSTM,combined,pr,1.0,0.49348484848484847,1.7447673080622783e-12
LSTM,combined,pr,1.0,0.4935596302470071,1.7473083526939326e-12
LSTM,combined,pr,1.0,0.4936344346771749,1.7532707057010821e-12
LSTM,combined,pr,1.0,0.49370926178566016,1.764088658137708e-12
LSTM,combined,pr,1.0,0.49378411158277746,1.7727742017414894e-12
LSTM,combined,pr,1.0,0.4938589840788476,1.7763992317051946e-12
LSTM,combined,pr,1.0,0.49393387928419774,1.7819102313479385e-12
LSTM,combined,pr,1.0,0.49400879720916124,1.7839029949409668e-12
LSTM,combined,pr,1.0,0.49408373786407767,1.7887479691891528e-12
LSTM,combined,pr,1.0,0.49415870125929295,1.7916947222737512e-12
LSTM,combined,pr,1.0,0.4942336874051593,1.7971434887117943e-12
LSTM,combined,pr,1.0,0.4943086963120352,1.8011550367499907e-12
LSTM,combined,pr,1.0,0.49438372799028535,1.8019178813985515e-12
LSTM,combined,pr,1.0,0.49445878245028085,1.8048105327947428e-12
LSTM,combined,pr,1.0,0.49453385970239905,1.8129598300040128e-12
LSTM,combined,pr,1.0,0.4946089597570235,1.815534376482797e-12
LSTM,combined,pr,1.0,0.49468408262454433,1.8216669492310267e-12
LSTM,combined,pr,1.0,0.49475922831535774,1.8280156034722328e-12
LSTM,combined,pr,1.0,0.4948343968398663,1.8305975225257898e-12
LSTM,combined,pr,1.0,0.49490958820847897,1.833914096971423e-12
LSTM,combined,pr,1.0,0.4949848024316109,1.834949726886581e-12
LSTM,combined,pr,1.0,0.49506003951968386,1.8375589678348847e-12
LSTM,combined,pr,1.0,0.49513529948312557,1.8409583753264958e-12
LSTM,combined,pr,1.0,0.49521058233237036,1.842479510974493e-12
LSTM,combined,pr,1.0,0.4952858880778589,1.8434424993440945e-12
LSTM,combined,pr,1.0,0.495361216730038,1.8516956631214887e-12
LSTM,combined,pr,1.0,0.4954365682993611,1.864126908390773e-12
LSTM,combined,pr,1.0,0.49551194279628785,1.8774398268667225e-12
LSTM,combined,pr,1.0,0.49558734023128426,1.8886060250411507e-12
LSTM,combined,pr,1.0,0.49566276061482273,1.8899790586723864e-12
LSTM,combined,pr,1.0,0.49573820395738205,1.8935512879902916e-12
LSTM,combined,pr,1.0,0.4958136702694474,1.899929215690155e-12
LSTM,combined,pr,1.0,0.49588915956151036,1.9049440844187693e-12
LSTM,combined,pr,1.0,0.49596467184406884,1.905838117530201e-12
LSTM,combined,pr,1.0,0.4960402071276272,1.9159010315739078e-12
LSTM,combined,pr,1.0,0.49611576542269614,1.9161970187669963e-12
LSTM,combined,pr,1.0,0.4961913467397928,1.918244859830387e-12
LSTM,combined,pr,1.0,0.4962669510894408,1.9223214599989324e-12
LSTM,combined,pr,1.0,0.49634257848217006,1.925444179096125e-12
LSTM,combined,pr,1.0,0.4964939024390244,1.9255140017160333e-12
LSTM,combined,pr,1.0,0.4965695990242415,1.9317306001326306e-12
LSTM,combined,pr,1.0,0.496645318694724,1.936729639509527e-12
LSTM,combined,pr,1.0,0.496721061461034,1.9493970240119785e-12
LSTM,combined,pr,1.0,0.4968726163234172,1.949400710299365e-12
LSTM,combined,pr,1.0,0.49725190839694655,1.9514951720561724e-12
LSTM,combined,pr,1.0,0.4973278363108872,1.9601423349030478e-12
LSTM,combined,pr,1.0,0.4974037874160049,1.9620275456405656e-12
LSTM,combined,pr,1.0,0.4974797617229265,1.9657509127413153e-12
LSTM,combined,pr,1.0,0.49755575924228534,1.966002013964463e-12
LSTM,combined,pr,1.0,0.49763177998472113,1.9778911581475045e-12
LSTM,combined,pr,1.0,0.4977078239608802,1.9903492916306664e-12
LSTM,combined,pr,1.0,0.49778389118141525,2.0055734416962734e-12
LSTM,combined,pr,1.0,0.49785998165698564,2.0060288066087173e-12
LSTM,combined,pr,1.0,0.4979360953982572,2.008716543794309e-12
LSTM,combined,pr,1.0,0.49801223241590215,2.0233129408020467e-12
LSTM,combined,pr,1.0,0.49808839272059946,2.0252165829764968e-12
LSTM,combined,pr,1.0,0.49816457632303457,2.0309220884889845e-12
LSTM,combined,pr,1.0,0.49824078323389936,2.050430138178516e-12
LSTM,combined,pr,1.0,0.4983170134638923,2.0510988740785052e-12
LSTM,combined,pr,1.0,0.49839326702371844,2.0564147173302016e-12
LSTM,combined,pr,1.0,0.4984695439240894,2.0587693876084057e-12
LSTM,combined,pr,1.0,0.49854584417572323,2.0598848148034588e-12
LSTM,combined,pr,1.0,0.49862216778934476,2.0618385471182776e-12
LSTM,combined,pr,1.0,0.4986985147756852,2.0673081302380325e-12
LSTM,combined,pr,1.0,0.4987748851454824,2.071764634847817e-12
LSTM,combined,pr,1.0,0.4988512789094808,2.0755023134172434e-12
LSTM,combined,pr,1.0,0.49892769607843135,2.086839165013621e-12
LSTM,combined,pr,1.0,0.4990041366630918,2.0933092498981454e-12
LSTM,combined,pr,1.0,0.49908060067422616,2.0976538648437293e-12
LSTM,combined,pr,1.0,0.49915708812260534,2.1043702804618425e-12
LSTM,combined,pr,1.0,0.49923359901900677,2.10773239139872e-12
LSTM,combined,pr,1.0,0.4993101333742143,2.113706779049984e-12
LSTM,combined,pr,1.0,0.4993866911990187,2.1177139902794906e-12
LSTM,combined,pr,1.0,0.4994632725042171,2.1228622158753208e-12
LSTM,combined,pr,1.0,0.4995398773006135,2.1365268495360246e-12
LSTM,combined,pr,1.0,0.49961650559901827,2.140957116453235e-12
LSTM,combined,pr,1.0,0.49969315741024856,2.1463664179321995e-12
LSTM,combined,pr,1.0,0.49976983274512815,2.1533126844108796e-12
LSTM,combined,pr,1.0,0.4998465316144874,2.1655535437786755e-12
LSTM,combined,pr,1.0,0.4999232540291635,2.1665037385626418e-12
LSTM,combined,pr,1.0,0.5,2.172362983943188e-12
LSTM,combined,pr,1.0,0.5000767695378474,2.1827340282443153e-12
LSTM,combined,pr,1.0,0.5001535626535627,2.1910051897777727e-12
LSTM,combined,pr,1.0,0.5002303793580095,2.2015449359369388e-12
LSTM,combined,pr,1.0,0.5003072196620584,2.2178895005275923e-12
LSTM,combined,pr,1.0,0.5003840835765863,2.219455305305096e-12
LSTM,combined,pr,1.0,0.500460971112477,2.230199748834427e-12
LSTM,combined,pr,1.0,0.5006917755572636,2.23900108523023e-12
LSTM,combined,pr,1.0,0.5009227929867733,2.23900542203892e-12
LSTM,combined,pr,1.0,0.5009998461775111,2.2430618560470572e-12
LSTM,combined,pr,1.0,0.5010769230769231,2.245146343143878e-12
LSTM,combined,pr,1.0,0.5011540236959532,2.2725907527360034e-12
LSTM,combined,pr,1.0,0.5012311480455525,2.283962949323204e-12
LSTM,combined,pr,1.0,0.5013082961366785,2.2844944252281563e-12
LSTM,combined,pr,1.0,0.5013854679802956,2.2861552061159696e-12
LSTM,combined,pr,1.0,0.5014626635873749,2.2914463295581333e-12
LSTM,combined,pr,1.0,0.5015398829688944,2.2966487652625878e-12
LSTM,combined,pr,1.0,0.5016171261358386,2.300730569601561e-12
LSTM,combined,pr,1.0,0.501694393099199,2.306552518427374e-12
LSTM,combined,pr,1.0,0.5017716838699738,2.3116526054467457e-12
LSTM,combined,pr,1.0,0.501848998459168,2.3136507900506365e-12
LSTM,combined,pr,1.0,0.5019263368777932,2.3165475614150832e-12
LSTM,combined,pr,1.0,0.502003699136868,2.3219310588823427e-12
LSTM,combined,pr,1.0,0.5020810852474179,2.324319339427894e-12
LSTM,combined,pr,1.0,0.5021584952204748,2.329494236397167e-12
LSTM,combined,pr,1.0,0.5022359290670779,2.3357945352214804e-12
LSTM,combined,pr,1.0,0.5023133867982726,2.345142309512216e-12
LSTM,combined,pr,1.0,0.5023908684251118,2.3460864327640163e-12
LSTM,combined,pr,1.0,0.5024683739586547,2.3500901745465708e-12
LSTM,combined,pr,1.0,0.5025459034099676,2.3505071587021087e-12
LSTM,combined,pr,1.0,0.5026234567901234,2.354770024803887e-12
LSTM,combined,pr,1.0,0.5027010341102022,2.369923051206979e-12
LSTM,combined,pr,1.0,0.5027786353812905,2.3702394214009104e-12
LSTM,combined,pr,1.0,0.502856260614482,2.3730260378246326e-12
LSTM,combined,pr,1.0,0.502933909820877,2.3863703981635842e-12
LSTM,combined,pr,1.0,0.503011583011583,2.3866251856741183e-12
LSTM,combined,pr,1.0,0.5030892801977139,2.3957058125495534e-12
LSTM,combined,pr,1.0,0.5031670013903908,2.4072393384200197e-12
LSTM,combined,pr,1.0,0.5032447466007417,2.410253203619095e-12
LSTM,combined,pr,1.0,0.5033225158399011,2.41246085608271e-12
LSTM,combined,pr,1.0,0.5034003091190108,2.423196842835096e-12
LSTM,combined,pr,1.0,0.5034781264492193,2.4278693205176394e-12
LSTM,combined,pr,1.0,0.5035559678416821,2.4382041524662057e-12
LSTM,combined,pr,1.0,0.5036338333075615,2.448321276618537e-12
LSTM,combined,pr,1.0,0.5037117228580266,2.460605504073232e-12
LSTM,combined,pr,1.0,0.5037896365042537,2.463268087768422e-12
LSTM,combined,pr,1.0,0.5038675742574258,2.4646732137839633e-12
LSTM,combined,pr,1.0,0.5039455361287328,2.4663944931530013e-12
LSTM,combined,pr,1.0,0.5041015322705463,2.471197508777112e-12
LSTM,combined,pr,1.0,0.5041795665634675,2.4764064496946014e-12
LSTM,combined,pr,1.0,0.5042576250193529,2.4794125086380348e-12
LSTM,combined,pr,1.0,0.504335707649427,2.484951697537263e-12
LSTM,combined,pr,1.0,0.5044138144649218,2.493868609884653e-12
LSTM,combined,pr,1.0,0.5044919454770755,2.499106607420365e-12
LSTM,combined,pr,1.0,0.504570100697134,2.511396472726357e-12
LSTM,combined,pr,1.0,0.5046482801363495,2.514171596607051e-12
LSTM,combined,pr,1.0,0.5049612403100775,2.5161431098374987e-12
LSTM,combined,pr,1.0,0.5050395410141107,2.517314481864652e-12
LSTM,combined,pr,1.0,0.5051178660049628,2.5497486066949904e-12
LSTM,combined,pr,1.0,0.5051962152939352,2.549991901662496e-12
LSTM,combined,pr,1.0,0.5052745888923363,2.5698787715910942e-12
LSTM,combined,pr,1.0,0.5053529868114818,2.575743004301634e-12
LSTM,combined,pr,1.0,0.505431409062694,2.5859475151490674e-12
LSTM,combined,pr,1.0,0.5055098556573026,2.5916109536172627e-12
LSTM,combined,pr,1.0,0.5055883266066439,2.595934751881135e-12
LSTM,combined,pr,1.0,0.5056668219220618,2.6026277487323224e-12
LSTM,combined,pr,1.0,0.5057453416149068,2.610408200362513e-12
LSTM,combined,pr,1.0,0.5058238856965367,2.618281893379537e-12
LSTM,combined,pr,1.0,0.5059810470716172,2.6196007169021485e-12
LSTM,combined,pr,1.0,0.5060596643878186,2.6294019045414174e-12
LSTM,combined,pr,1.0,0.5061383061383061,2.6306561096145487e-12
LSTM,combined,pr,1.0,0.5062169723344732,2.6464687646193807e-12
LSTM,combined,pr,1.0,0.5062956629877196,2.6504391129750227e-12
LSTM,combined,pr,1.0,0.5063743781094527,2.6609547898459596e-12
LSTM,combined,pr,1.0,0.5064531177110869,2.662223956909071e-12
LSTM,combined,pr,1.0,0.5065318818040435,2.6769240036444986e-12
LSTM,combined,pr,1.0,0.5066106703997512,2.680505557101087e-12
LSTM,combined,pr,1.0,0.5066894835096453,2.6886982223972566e-12
LSTM,combined,pr,1.0,0.5067683211451688,2.6916949572020066e-12
LSTM,combined,pr,1.0,0.5068471833177716,2.696154931258743e-12
LSTM,combined,pr,1.0,0.5069260700389105,2.6986965179914835e-12
LSTM,combined,pr,1.0,0.5070049813200498,2.7147368554525375e-12
LSTM,combined,pr,1.0,0.5070839171726608,2.7385400804685878e-12
LSTM,combined,pr,1.0,0.5071628776082218,2.7515140773454183e-12
LSTM,combined,pr,1.0,0.5073208722741434,2.768216862333861e-12
LSTM,combined,pr,1.0,0.5073999065274964,2.7771756248851087e-12
LSTM,combined,pr,1.0,0.507478965409785,2.779263364588447e-12
LSTM,combined,pr,1.0,0.507558048932523,2.7858496759458617e-12
LSTM,combined,pr,1.0,0.5076371571072319,2.7869976292060894e-12
LSTM,combined,pr,1.0,0.5077162899454404,2.804226035407753e-12
LSTM,combined,pr,1.0,0.5077954474586841,2.804819744517406e-12
LSTM,combined,pr,1.0,0.5078746296585062,2.806462527649156e-12
LSTM,combined,pr,1.0,0.5079538365564567,2.8116972725783507e-12
LSTM,combined,pr,1.0,0.508033068164093,2.831890971721762e-12
LSTM,combined,pr,1.0,0.5081123244929797,2.8333659203572115e-12
LSTM,combined,pr,1.0,0.5081916055546887,2.837043317285848e-12
LSTM,combined,pr,1.0,0.508270911360799,2.847098858754782e-12
LSTM,combined,pr,1.0,0.5083502419228968,2.856727007727322e-12
LSTM,combined,pr,1.0,0.5084295972525757,2.8691333163466393e-12
LSTM,combined,pr,1.0,0.5085089773614364,2.8768159729408715e-12
LSTM,combined,pr,1.0,0.5085883822610868,2.8831605072138222e-12
LSTM,combined,pr,1.0,0.5086678119631423,2.884150600637736e-12
LSTM,combined,pr,1.0,0.5087472664792252,2.8919340880340094e-12
LSTM,combined,pr,1.0,0.5088267458209654,2.8999211885982756e-12
LSTM,combined,pr,1.0,0.50890625,2.917163038906878e-12
LSTM,combined,pr,1.0,0.5089857790279732,2.928245319833156e-12
LSTM,combined,pr,1.0,0.5090653329165364,2.9329351447504592e-12
LSTM,combined,pr,1.0,0.5092245153220762,2.9377052006285265e-12
LSTM,combined,pr,1.0,0.5093041438623925,2.9408166440231254e-12
LSTM,combined,pr,1.0,0.5093837973099781,2.949534930532516e-12
LSTM,combined,pr,1.0,0.5094634756765212,2.9574667367859853e-12
LSTM,combined,pr,1.0,0.5095431789737171,2.9714666057584216e-12
LSTM,combined,pr,1.0,0.5096229072132686,2.9763958225154097e-12
LSTM,combined,pr,1.0,0.5097824385662858,3.004767875486314e-12
LSTM,combined,pr,1.0,0.5098622417031935,3.007560129761333e-12
LSTM,combined,pr,1.0,0.5099420698293409,3.026400094072179e-12
LSTM,combined,pr,1.0,0.5100219229564673,3.0302065110593412e-12
LSTM,combined,pr,1.0,0.5101018010963195,3.031547669146706e-12
LSTM,combined,pr,1.0,0.5101817042606517,3.0348627257092975e-12
LSTM,combined,pr,1.0,0.5102616324612251,3.0379089001331128e-12
LSTM,combined,pr,1.0,0.5103415857098088,3.0472523376151583e-12
LSTM,combined,pr,1.0,0.510421564018179,3.0575863022019867e-12
LSTM,combined,pr,1.0,0.5105015673981191,3.0620334826730877e-12
LSTM,combined,pr,1.0,0.5105815958614203,3.0673996329055875e-12
LSTM,combined,pr,1.0,0.5106616494198808,3.069939918595721e-12
LSTM,combined,pr,1.0,0.5107417280853066,3.0828959177164883e-12
LSTM,combined,pr,1.0,0.5108218318695107,3.0867498227588053e-12
LSTM,combined,pr,1.0,0.5109821148415438,3.090030835373181e-12
LSTM,combined,pr,1.0,0.5110622940530363,3.09420067692856e-12
LSTM,combined,pr,1.0,0.511142498430634,3.116803690139669e-12
LSTM,combined,pr,1.0,0.5112227279861874,3.1195514921256162e-12
LSTM,combined,pr,1.0,0.5113029827315542,3.1210453058788667e-12
LSTM,combined,pr,1.0,0.5113832626785995,3.1279224002589423e-12
LSTM,combined,pr,1.0,0.511463567839196,3.1290861828708882e-12
LSTM,combined,pr,1.0,0.5115438982252238,3.1350182866374254e-12
LSTM,combined,pr,1.0,0.5116242538485706,3.136758647964699e-12
LSTM,combined,pr,1.0,0.5117046347211311,3.1404883034380493e-12
LSTM,combined,pr,1.0,0.5117850408548082,3.145619832320423e-12
LSTM,combined,pr,1.0,0.5118654722615119,3.1461419840866922e-12
LSTM,combined,pr,1.0,0.5119459289531594,3.1478825622544004e-12
LSTM,combined,pr,1.0,0.5120264109416759,3.1561370270744016e-12
LSTM,combined,pr,1.0,0.5121069182389937,3.156901823286873e-12
LSTM,combined,pr,1.0,0.512187450857053,3.1590099459910537e-12
LSTM,combined,pr,1.0,0.5122680088078012,3.159871669877745e-12
LSTM,combined,pr,1.0,0.5123485921031933,3.161927534037212e-12
LSTM,combined,pr,1.0,0.5124292007551919,3.182942407906064e-12
LSTM,combined,pr,1.0,0.5125098347757671,3.190284625018136e-12
LSTM,combined,pr,1.0,0.5125904941768964,3.191367742988449e-12
LSTM,combined,pr,1.0,0.5126711789705651,3.2183862779672223e-12
LSTM,combined,pr,1.0,0.5127518891687658,3.223559223372585e-12
LSTM,combined,pr,1.0,0.5128326247834987,3.224942882185111e-12
LSTM,combined,pr,1.0,0.5129133858267717,3.226111868967485e-12
LSTM,combined,pr,1.0,0.5129941723106001,3.247385867155561e-12
LSTM,combined,pr,1.0,0.5130749842470069,3.2600959692236087e-12
LSTM,combined,pr,1.0,0.5131558216480226,3.279898271382753e-12
LSTM,combined,pr,1.0,0.5132366845256855,3.291234906138696e-12
LSTM,combined,pr,1.0,0.5133175728920409,3.291636711463819e-12
LSTM,combined,pr,1.0,0.5133984867591425,3.2930934455027705e-12
LSTM,combined,pr,1.0,0.513479426139051,3.3120856317986336e-12
LSTM,combined,pr,1.0,0.5135603910438348,3.320827553915384e-12
LSTM,combined,pr,1.0,0.5136413814855701,3.323767910207165e-12
LSTM,combined,pr,1.0,0.5137223974763407,3.3282972732029403e-12
LSTM,combined,pr,1.0,0.5138034390282379,3.3350904503348655e-12
LSTM,combined,pr,1.0,0.5138845061533607,3.3394825533356043e-12
LSTM,combined,pr,1.0,0.5139655988638157,3.3421462212329667e-12
LSTM,combined,pr,1.0,0.5140467171717171,3.3425287277594196e-12
LSTM,combined,pr,1.0,0.5141278610891871,3.3452457384036682e-12
LSTM,combined,pr,1.0,0.5142090306283549,3.3506927701182354e-12
LSTM,combined,pr,1.0,0.514290225801358,3.357416341470687e-12
LSTM,combined,pr,1.0,0.5143714466203412,3.3663614430745614e-12
LSTM,combined,pr,1.0,0.514452693097457,3.380142953729459e-12
LSTM,combined,pr,1.0,0.5145339652448657,3.3859761782578657e-12
LSTM,combined,pr,1.0,0.5146152630747354,3.3965066002783484e-12
LSTM,combined,pr,1.0,0.5146965865992414,3.4016867014180496e-12
LSTM,combined,pr,1.0,0.5147779358305674,3.40920195719685e-12
LSTM,combined,pr,1.0,0.5148593107809042,3.4337459091371425e-12
LSTM,combined,pr,1.0,0.5149407114624506,3.470062778787586e-12
LSTM,combined,pr,1.0,0.515022137887413,3.473161645436984e-12
LSTM,combined,pr,1.0,0.5151035900680057,3.5193879061035105e-12
LSTM,combined,pr,1.0,0.5151850680164505,3.520851579036366e-12
LSTM,combined,pr,1.0,0.515266571744977,3.5351845149161898e-12
LSTM,combined,pr,1.0,0.5153481012658228,3.537363110761582e-12
LSTM,combined,pr,1.0,0.5154296565912327,3.537673626263782e-12
LSTM,combined,pr,1.0,0.51551123773346,3.5437516636427357e-12
LSTM,combined,pr,1.0,0.515592844704765,3.5501582142799526e-12
LSTM,combined,pr,1.0,0.5156744775174161,3.5580286546904594e-12
LSTM,combined,pr,1.0,0.5157561361836897,3.5685903017335097e-12
LSTM,combined,pr,1.0,0.5158378207158695,3.5847104364744586e-12
LSTM,combined,pr,1.0,0.5159195311262474,3.5876516601279773e-12
LSTM,combined,pr,1.0,0.5160012674271229,3.5906637906035765e-12
LSTM,combined,pr,1.0,0.5160830296308033,3.5965585978153802e-12
LSTM,combined,pr,1.0,0.5161648177496038,3.59911124341028e-12
LSTM,combined,pr,1.0,0.5162466317958472,3.6133082203376743e-12
LSTM,combined,pr,1.0,0.5163284717818643,3.6253198793662067e-12
LSTM,combined,pr,1.0,0.5164103377199937,3.630689715886093e-12
LSTM,combined,pr,1.0,0.5164922296225817,3.6328923810197145e-12
LSTM,combined,pr,1.0,0.5165741475019826,3.6415987413052076e-12
LSTM,combined,pr,1.0,0.5166560913705583,3.647604787659908e-12
LSTM,combined,pr,1.0,0.516738061240679,3.649198564853462e-12
LSTM,combined,pr,1.0,0.5168200571247223,3.6593328194001185e-12
LSTM,combined,pr,1.0,0.5169020790350738,3.681384624226736e-12
LSTM,combined,pr,1.0,0.516984126984127,3.709501022325368e-12
LSTM,combined,pr,1.0,0.5170662009842832,3.709784215932821e-12
LSTM,combined,pr,1.0,0.5171483010479517,3.712268773631289e-12
LSTM,combined,pr,1.0,0.5172304271875496,3.7436186962891416e-12
LSTM,combined,pr,1.0,0.5173125794155019,3.748441227552357e-12
LSTM,combined,pr,1.0,0.5173947577442415,3.762602642648494e-12
LSTM,combined,pr,1.0,0.5174769621862091,3.767442954827338e-12
LSTM,combined,pr,1.0,0.5175591927538535,3.807855506604563e-12
LSTM,combined,pr,1.0,0.5176414494596313,3.809955389372233e-12
LSTM,combined,pr,1.0,0.517723732316007,3.821126141195785e-12
LSTM,combined,pr,1.0,0.517806041335453,3.824531403379128e-12
LSTM,combined,pr,1.0,0.51788837653045,3.845333773622173e-12
LSTM,combined,pr,1.0,0.517970737913486,3.849861835575341e-12
LSTM,combined,pr,1.0,0.5180531254970574,3.8633011720246024e-12
LSTM,combined,pr,1.0,0.5181355392936685,3.937094140288311e-12
LSTM,combined,pr,1.0,0.5182179793158314,3.942241498522403e-12
LSTM,combined,pr,1.0,0.5183004455760662,3.9533480655773445e-12
LSTM,combined,pr,1.0,0.5183829380869012,3.961787061607103e-12
LSTM,combined,pr,1.0,0.5184654568608723,3.9683894191566704e-12
LSTM,combined,pr,1.0,0.5185480019105237,3.982857446627186e-12
LSTM,combined,pr,1.0,0.5186305732484077,3.985874564432779e-12
LSTM,combined,pr,1.0,0.5187131708870839,4.0181170023190216e-12
LSTM,combined,pr,1.0,0.5187957948391207,4.069049784616308e-12
LSTM,combined,pr,1.0,0.5188784451170941,4.079883132723783e-12
LSTM,combined,pr,1.0,0.5189611217335883,4.084648418112291e-12
LSTM,combined,pr,1.0,0.5190438247011953,4.102622321727756e-12
LSTM,combined,pr,1.0,0.5191265540325152,4.1051819062165595e-12
LSTM,combined,pr,1.0,0.5192093097401562,4.105401348736271e-12
LSTM,combined,pr,1.0,0.5192920918367347,4.134153089307979e-12
LSTM,combined,pr,1.0,0.5193749003348748,4.136093377515859e-12
LSTM,combined,pr,1.0,0.519457735247209,4.1405689640838794e-12
LSTM,combined,pr,1.0,0.5195405965863774,4.147255455722032e-12
LSTM,combined,pr,1.0,0.5196234843650287,4.148996250730175e-12
LSTM,combined,pr,1.0,0.5197063985958194,4.166005648092996e-12
LSTM,combined,pr,1.0,0.519789339291414,4.1745959987460335e-12
LSTM,combined,pr,1.0,0.5198723064644852,4.1809550613280955e-12
LSTM,combined,pr,1.0,0.519955300127714,4.2043694914450924e-12
LSTM,combined,pr,1.0,0.5200383202937889,4.2095211864878745e-12
LSTM,combined,pr,1.0,0.5201213669754072,4.21342518167056e-12
LSTM,combined,pr,1.0,0.5202044401852739,4.2298673244567375e-12
LSTM,combined,pr,1.0,0.5202875399361022,4.231448958585959e-12
LSTM,combined,pr,1.0,0.5203706662406136,4.239301184399968e-12
LSTM,combined,pr,1.0,0.5204538191115372,4.240433525148912e-12
LSTM,combined,pr,1.0,0.520536998561611,4.2416144381551835e-12
LSTM,combined,pr,1.0,0.5206202046035806,4.244803293584898e-12
LSTM,combined,pr,1.0,0.5207034372501999,4.24727310613382e-12
LSTM,combined,pr,1.0,0.5207866965142309,4.259726685967857e-12
LSTM,combined,pr,1.0,0.520869982408444,4.270049591692526e-12
LSTM,combined,pr,1.0,0.5209532949456174,4.297142069259463e-12
LSTM,combined,pr,1.0,0.5210366341385378,4.303966471413956e-12
LSTM,combined,pr,1.0,0.52112,4.3329354861010305e-12
LSTM,combined,pr,1.0,0.5212033925428069,4.334753909984723e-12
LSTM,combined,pr,1.0,0.5212868117797695,4.335613899147939e-12
LSTM,combined,pr,1.0,0.5213702577237074,4.336879379923664e-12
LSTM,combined,pr,1.0,0.5215372297838271,4.33918786318932e-12
LSTM,combined,pr,1.0,0.5216207559256887,4.344429763852853e-12
LSTM,combined,pr,1.0,0.521704308825885,4.346908250019155e-12
LSTM,combined,pr,1.0,0.5217878884972765,4.348848538227035e-12
LSTM,combined,pr,1.0,0.5218714949527319,4.41000925013868e-12
LSTM,combined,pr,1.0,0.5219551282051282,4.416743446672422e-12
LSTM,combined,pr,1.0,0.5220387882673505,4.419355506546374e-12
LSTM,combined,pr,1.0,0.5221224751522924,4.421016504274622e-12
LSTM,combined,pr,1.0,0.5222061888728555,4.437185861794202e-12
LSTM,combined,pr,1.0,0.52228992944195,4.464810899468263e-12
LSTM,combined,pr,1.0,0.522373696872494,4.471714231540913e-12
LSTM,combined,pr,1.0,0.5224574911774141,4.484457510195439e-12
LSTM,combined,pr,1.0,0.5225413123696454,4.48614279405235e-12
LSTM,combined,pr,1.0,0.5226251604621309,4.505256410991532e-12
LSTM,combined,pr,1.0,0.522792937399679,4.506347552057921e-12
LSTM,combined,pr,1.0,0.5228768662706694,4.526090873618882e-12
LSTM,combined,pr,1.0,0.52296082209377,4.5279301141842865e-12
LSTM,combined,pr,1.0,0.5230448048819656,4.529139650127911e-12
LSTM,combined,pr,1.0,0.5231288146482492,4.5346630096754215e-12
LSTM,combined,pr,1.0,0.5232128514056225,4.558997710596424e-12
LSTM,combined,pr,1.0,0.5232969151670951,4.5590497523007034e-12
LSTM,combined,pr,1.0,0.5233810059456854,4.56497556769464e-12
LSTM,combined,pr,1.0,0.5234651237544198,4.572155588161708e-12
LSTM,combined,pr,1.0,0.5235492686063334,4.5807272905373786e-12
LSTM,combined,pr,1.0,0.5236334405144695,4.6068379146169125e-12
LSTM,combined,pr,1.0,0.5237176394918798,4.6079537754928346e-12
LSTM,combined,pr,1.0,0.5238018655516243,4.608806392081277e-12
LSTM,combined,pr,1.0,0.5238861187067717,4.635059263485841e-12
LSTM,combined,pr,1.0,0.523970398970399,4.636253186918182e-12
LSTM,combined,pr,1.0,0.5240547063555913,4.654922714647514e-12
LSTM,combined,pr,1.0,0.5241390408754425,4.6582976191700265e-12
LSTM,combined,pr,1.0,0.5243077913715389,4.7040032459533254e-12
LSTM,combined,pr,1.0,0.5243922073740138,4.7185788262793515e-12
LSTM,combined,pr,1.0,0.524476650563607,4.728110264418106e-12
LSTM,combined,pr,1.0,0.5245611209534546,4.729968153260877e-12
LSTM,combined,pr,1.0,0.524645618556701,4.740553435911288e-12
LSTM,combined,pr,1.0,0.5247301433864991,4.7449860880732775e-12
LSTM,combined,pr,1.0,0.5248146954560103,4.751823934334709e-12
LSTM,combined,pr,1.0,0.5248992747784045,4.755568768638474e-12
LSTM,combined,pr,1.0,0.5249838813668601,4.758326978965277e-12
LSTM,combined,pr,1.0,0.5250685152345639,4.764748057911605e-12
LSTM,combined,pr,1.0,0.5251531763947114,4.770831733141856e-12
LSTM,combined,pr,1.0,0.5252378648605064,4.797010011436953e-12
LSTM,combined,pr,1.0,0.5253225806451612,4.800790407571975e-12
LSTM,combined,pr,1.0,0.525407323761897,4.809974467334666e-12
LSTM,combined,pr,1.0,0.5254920942239432,4.823092879940871e-12
LSTM,combined,pr,1.0,0.5255768920445377,4.8327895504907126e-12
LSTM,combined,pr,1.0,0.525661717236927,4.918041668355855e-12
LSTM,combined,pr,1.0,0.5257465698143664,4.9319727989105555e-12
LSTM,combined,pr,1.0,0.5258314497901194,4.932245584177153e-12
LSTM,combined,pr,1.0,0.5259163571774584,4.964931677592377e-12
LSTM,combined,pr,1.0,0.526001291989664,4.9698960224997535e-12
LSTM,combined,pr,1.0,0.5260862542400259,4.97110035427295e-12
LSTM,combined,pr,1.0,0.5261712439418417,5.00215407289728e-12
LSTM,combined,pr,1.0,0.5262562611084182,5.004998152036144e-12
LSTM,combined,pr,1.0,0.5263413057530705,5.032231142204635e-12
LSTM,combined,pr,1.0,0.5264263778891224,5.038358619202654e-12
LSTM,combined,pr,1.0,0.5265114775299062,5.0389258737792986e-12
LSTM,combined,pr,1.0,0.5265966046887631,5.045792776658953e-12
LSTM,combined,pr,1.0,0.5266817593790427,5.057991352142022e-12
LSTM,combined,pr,1.0,0.5267669416141032,5.0956981689775915e-12
LSTM,combined,pr,1.0,0.5268521514073116,5.10951827722983e-12
LSTM,combined,pr,1.0,0.5269373887720433,5.118179317864513e-12
LSTM,combined,pr,1.0,0.5270226537216829,5.121626647092148e-12
LSTM,combined,pr,1.0,0.5271079462696229,5.122662277007306e-12
LSTM,combined,pr,1.0,0.5271932664292651,5.1314538555835565e-12
LSTM,combined,pr,1.0,0.5272786142140198,5.173239007311148e-12
LSTM,combined,pr,1.0,0.5275348234531908,5.177513365955955e-12
LSTM,combined,pr,1.0,0.5276202818726713,5.200018367290671e-12
LSTM,combined,pr,1.0,0.5277057679844459,5.2407227862927286e-12
LSTM,combined,pr,1.0,0.527791281801977,5.2696002943164455e-12
LSTM,combined,pr,1.0,0.5278768233387359,5.275614146926788e-12
LSTM,combined,pr,1.0,0.5279623926082023,5.2811917165829225e-12
LSTM,combined,pr,1.0,0.5280479896238651,5.2849400203336394e-12
LSTM,combined,pr,1.0,0.5282192669477781,5.301507930571825e-12
LSTM,combined,pr,1.0,0.5283049472830494,5.329937446257871e-12
LSTM,combined,pr,1.0,0.5283906554185593,5.339186124470041e-12
LSTM,combined,pr,1.0,0.5284763913678403,5.3433529302593374e-12
LSTM,combined,pr,1.0,0.5285621551444336,5.372765166794524e-12
LSTM,combined,pr,1.0,0.5286479467618893,5.391386555947397e-12
LSTM,combined,pr,1.0,0.5287337662337662,5.411362764135008e-12
LSTM,combined,pr,1.0,0.528819613573632,5.4172491145698665e-12
LSTM,combined,pr,1.0,0.5289054887950634,5.426949688247529e-12
LSTM,combined,pr,1.0,0.5289913919116452,5.44029838539517e-12
LSTM,combined,pr,1.0,0.5290773229369721,5.454917767488965e-12
LSTM,combined,pr,1.0,0.5291632818846467,5.469253088613568e-12
LSTM,combined,pr,1.0,0.5292492687682808,5.471913720744848e-12
LSTM,combined,pr,1.0,0.5293352836014952,5.472039054515987e-12
LSTM,combined,pr,1.0,0.5294213263979194,5.4831347795492036e-12
LSTM,combined,pr,1.0,0.5295073971711917,5.4872564825281245e-12
LSTM,combined,pr,1.0,0.5295934959349593,5.503671303419555e-12
LSTM,combined,pr,1.0,0.5296796227028785,5.5058761369575215e-12
LSTM,combined,pr,1.0,0.5297657774886142,5.508522891300993e-12
LSTM,combined,pr,1.0,0.5298519603058403,5.5330262940800345e-12
LSTM,combined,pr,1.0,0.5299381711682395,5.538949941069626e-12
LSTM,combined,pr,1.0,0.5300244100895036,5.5518012062605315e-12
LSTM,combined,pr,1.0,0.5301106770833334,5.554735057339277e-12
LSTM,combined,pr,1.0,0.5301969721634381,5.566656510747059e-12
LSTM,combined,pr,1.0,0.5302832953435364,5.57178695542726e-12
LSTM,combined,pr,1.0,0.5303696466373555,5.601185314174639e-12
LSTM,combined,pr,1.0,0.530456026058632,5.638293651410997e-12
LSTM,combined,pr,1.0,0.530542433621111,5.6388635080728555e-12
LSTM,combined,pr,1.0,0.5306288693385468,5.639272469132317e-12
LSTM,combined,pr,1.0,0.5307153332247027,5.662985271687182e-12
LSTM,combined,pr,1.0,0.5308018252933507,5.664259859761156e-12
LSTM,combined,pr,1.0,0.5308883455582722,5.665891800871181e-12
LSTM,combined,pr,1.0,0.5309748940332573,5.6954822802435245e-12
LSTM,combined,pr,1.0,0.531061470732105,5.7121599117415656e-12
LSTM,combined,pr,1.0,0.5311480756686237,5.754611630964801e-12
LSTM,combined,pr,1.0,0.5312347088566303,5.823744698291167e-12
LSTM,combined,pr,1.0,0.5313213703099511,5.8281005889393445e-12
LSTM,combined,pr,1.0,0.5314080600424212,5.834072808186264e-12
LSTM,combined,pr,1.0,0.5314947780678851,5.834317837877245e-12
LSTM,combined,pr,1.0,0.5315815244001959,5.8480659551052305e-12
LSTM,combined,pr,1.0,0.5316682990532158,5.848612393000163e-12
LSTM,combined,pr,1.0,0.5317551020408163,5.852864200239782e-12
LSTM,combined,pr,1.0,0.5318419333768779,5.871514646010878e-12
LSTM,combined,pr,1.0,0.5319287930752898,5.887831888706785e-12
LSTM,combined,pr,1.0,0.532015681149951,5.890673799441304e-12
LSTM,combined,pr,1.0,0.5321025976147689,5.892246759953146e-12
LSTM,combined,pr,1.0,0.5321895424836601,5.987080189256977e-12
LSTM,combined,pr,1.0,0.5322765157705508,6.012439244390544e-12
LSTM,combined,pr,1.0,0.5323635174893756,6.04270973536547e-12
LSTM,combined,pr,1.0,0.5324505476540788,6.055008491129277e-12
LSTM,combined,pr,1.0,0.5325376062786135,6.0838222480652515e-12
LSTM,combined,pr,1.0,0.532624693376942,6.09221787600811e-12
LSTM,combined,pr,1.0,0.5327118089630356,6.1130649153806615e-12
LSTM,combined,pr,1.0,0.5327989530508752,6.113729314471961e-12
LSTM,combined,pr,1.0,0.5328861256544503,6.157896675212937e-12
LSTM,combined,pr,1.0,0.5329733267877598,6.1682651174288505e-12
LSTM,combined,pr,1.0,0.5330605564648118,6.168288536195776e-12
LSTM,combined,pr,1.0,0.5331478146996235,6.1821749976209706e-12
LSTM,combined,pr,1.0,0.5332351015062213,6.222064530270188e-12
LSTM,combined,pr,1.0,0.5333224168986409,6.231030882236643e-12
LSTM,combined,pr,1.0,0.533409760890927,6.2390938769529836e-12
LSTM,combined,pr,1.0,0.5334971334971335,6.28362769802826e-12
LSTM,combined,pr,1.0,0.5335845347313237,6.305947517631916e-12
LSTM,combined,pr,1.0,0.53367196460757,6.310098277229059e-12
LSTM,combined,pr,1.0,0.5337594231399541,6.374198044389878e-12
LSTM,combined,pr,1.0,0.5338469103425668,6.377822315412063e-12
LSTM,combined,pr,1.0,0.5339344262295082,6.414934989457111e-12
LSTM,combined,pr,1.0,0.5340219708148877,6.423934301169609e-12
LSTM,combined,pr,1.0,0.5341095441128239,6.447760728112151e-12
LSTM,combined,pr,1.0,0.5341971461374446,6.461031796384242e-12
LSTM,combined,pr,1.0,0.5342847769028871,6.52705103507123e-12
LSTM,combined,pr,1.0,0.5343724364232978,6.556122398443387e-12
LSTM,combined,pr,1.0,0.5344601247128323,6.582510578279077e-12
LSTM,combined,pr,1.0,0.5345478417856556,6.595656312780029e-12
LSTM,combined,pr,1.0,0.5346355876559422,6.617481302512163e-12
LSTM,combined,pr,1.0,0.5347233623378755,6.6364917034045234e-12
LSTM,combined,pr,1.0,0.5348111658456486,6.653627735581091e-12
LSTM,combined,pr,1.0,0.5348989981934636,6.708627143386936e-12
LSTM,combined,pr,1.0,0.5349868593955321,6.7159246913695014e-12
LSTM,combined,pr,1.0,0.5350747494660753,6.717769569786203e-12
LSTM,combined,pr,1.0,0.535162668419323,6.729542270655919e-12
LSTM,combined,pr,1.0,0.5352506162695152,6.733150061805082e-12
LSTM,combined,pr,1.0,0.5353385930309007,6.743328985481245e-12
LSTM,combined,pr,1.0,0.535426598717738,6.7441135141732556e-12
LSTM,combined,pr,1.0,0.5355146333442946,6.748475476353599e-12
LSTM,combined,pr,1.0,0.5356026969248479,6.755648991607632e-12
LSTM,combined,pr,1.0,0.5356907894736842,6.771619723289213e-12
LSTM,combined,pr,1.0,0.5357789110050996,6.78093865780216e-12
LSTM,combined,pr,1.0,0.5358670615333991,6.7896226835229e-12
LSTM,combined,pr,1.0,0.5359552410728978,6.818953388054716e-12
LSTM,combined,pr,1.0,0.5360434496379197,6.84745706316936e-12
LSTM,combined,pr,1.0,0.5361316872427984,6.855297579599906e-12
LSTM,combined,pr,1.0,0.5362199539018768,6.901135912729117e-12
LSTM,combined,pr,1.0,0.5363082496295076,6.92134414018164e-12
LSTM,combined,pr,1.0,0.5363965744400527,6.941744054578258e-12
LSTM,combined,pr,1.0,0.5364849283478834,6.942763638301264e-12
LSTM,combined,pr,1.0,0.5365733113673805,6.968634003179375e-12
LSTM,combined,pr,1.0,0.5366617235129346,6.976320996582297e-12
LSTM,combined,pr,1.0,0.5367501647989453,6.9777048722352575e-12
LSTM,combined,pr,1.0,0.536838635239822,6.99406721774154e-12
LSTM,combined,pr,1.0,0.5369271348499836,7.017692416760868e-12
LSTM,combined,pr,1.0,0.5370156636438582,7.041813746694325e-12
LSTM,combined,pr,1.0,0.5371042216358839,7.043842072118611e-12
LSTM,combined,pr,1.0,0.537192808840508,7.065169196213139e-12
LSTM,combined,pr,1.0,0.5372814252721874,7.096434117420669e-12
LSTM,combined,pr,1.0,0.5373700709453886,7.113631298599765e-12
LSTM,combined,pr,1.0,0.5374587458745874,7.176853729362609e-12
LSTM,combined,pr,1.0,0.5375474500742696,7.189362386667009e-12
LSTM,combined,pr,1.0,0.5376361835589304,7.193751670742099e-12
LSTM,combined,pr,1.0,0.5377249463430741,7.203568904573521e-12
LSTM,combined,pr,1.0,0.5378137384412153,7.212972840536791e-12
LSTM,combined,pr,1.0,0.5379025598678778,7.2293217419361344e-12
LSTM,combined,pr,1.0,0.5379914106375949,7.267520786558013e-12
LSTM,combined,pr,1.0,0.5380802907649099,7.288134505623045e-12
LSTM,combined,pr,1.0,0.5381692002643754,7.324059761448787e-12
LSTM,combined,pr,1.0,0.5382581391505536,7.359810677565193e-12
LSTM,combined,pr,1.0,0.5383471074380165,7.372511455494557e-12
LSTM,combined,pr,1.0,0.5384361051413457,7.397246010176772e-12
LSTM,combined,pr,1.0,0.5385251322751323,7.405772176061198e-12
LSTM,combined,pr,1.0,0.5386141888539772,7.42469627446063e-12
LSTM,combined,pr,1.0,0.5387032748924909,7.433028151315746e-12
LSTM,combined,pr,1.0,0.5387923904052936,7.433694285130521e-12
LSTM,combined,pr,1.0,0.5388815354070152,7.484642246258222e-12
LSTM,combined,pr,1.0,0.5389707099122952,7.501048393532272e-12
LSTM,combined,pr,1.0,0.5390599139357829,7.539935689693245e-12
LSTM,combined,pr,1.0,0.539149147492137,7.54299921135182e-12
LSTM,combined,pr,1.0,0.5392384105960265,7.564466414367033e-12
LSTM,combined,pr,1.0,0.5393277032621295,7.582364423830423e-12
LSTM,combined,pr,1.0,0.5394170255051342,7.606061613874004e-12
LSTM,combined,pr,1.0,0.5395063773397383,7.637112296732251e-12
LSTM,combined,pr,1.0,0.5395957587806495,7.642329477586252e-12
LSTM,combined,pr,1.0,0.539685169842585,7.6838830437298e-12
LSTM,combined,pr,1.0,0.5397746105402718,7.686492067837669e-12
LSTM,combined,pr,1.0,0.5398640808884468,7.73428803640952e-12
LSTM,combined,pr,1.0,0.5399535809018567,7.767669320257742e-12
LSTM,combined,pr,1.0,0.5400431105952578,7.786300250389733e-12
LSTM,combined,pr,1.0,0.5401326699834162,7.791291917191856e-12
LSTM,combined,pr,1.0,0.540222259081108,7.819011930976227e-12
LSTM,combined,pr,1.0,0.5403118779031187,7.835104960662864e-12
LSTM,combined,pr,1.0,0.5404015264642442,7.856475019163423e-12
LSTM,combined,pr,1.0,0.5404912047792897,7.937720793160796e-12
LSTM,combined,pr,1.0,0.5405809128630705,7.971677137841304e-12
LSTM,combined,pr,1.0,0.5406706507304117,7.976315788416066e-12
LSTM,combined,pr,1.0,0.5407604183961481,7.98814573516049e-12
LSTM,combined,pr,1.0,0.5408502158751245,8.007366471274313e-12
LSTM,combined,pr,1.0,0.5409400431821957,8.016504127184021e-12
LSTM,combined,pr,1.0,0.5410299003322259,8.121062849975047e-12
LSTM,combined,pr,1.0,0.5411197873400897,8.13641168329049e-12
LSTM,combined,pr,1.0,0.5412097042206713,8.144796469211624e-12
LSTM,combined,pr,1.0,0.5412996509888649,8.149613796304411e-12
LSTM,combined,pr,1.0,0.5413896276595744,8.149955536829179e-12
LSTM,combined,pr,1.0,0.5414796342477141,8.155274199006524e-12
LSTM,combined,pr,1.0,0.5415696707682075,8.193519647481384e-12
LSTM,combined,pr,1.0,0.5416597372359887,8.237897343443823e-12
LSTM,combined,pr,1.0,0.5417498336660014,8.251909572321026e-12
LSTM,combined,pr,1.0,0.5418399600731991,8.273973520211975e-12
LSTM,combined,pr,1.0,0.5419301164725457,8.308670591816725e-12
LSTM,combined,pr,1.0,0.5420203028790148,8.317867228324616e-12
LSTM,combined,pr,1.0,0.5421105193075899,8.325517358853673e-12
LSTM,combined,pr,1.0,0.5422007657732645,8.331999153121661e-12
LSTM,combined,pr,1.0,0.5422910422910423,8.342144683370911e-12
LSTM,combined,pr,1.0,0.5423813488759367,8.385743488492636e-12
LSTM,combined,pr,1.0,0.5424716855429713,8.429409947829924e-12
LSTM,combined,pr,1.0,0.5425620523071798,8.447791077781375e-12
LSTM,combined,pr,1.0,0.5426524491836054,8.50121188722408e-12
LSTM,combined,pr,1.0,0.5427428761873021,8.52308154608572e-12
LSTM,combined,pr,1.0,0.5428333333333333,8.582772513532344e-12
LSTM,combined,pr,1.0,0.5429238206367728,8.71871238400379e-12
LSTM,combined,pr,1.0,0.5430143381127043,8.755441684160647e-12
LSTM,combined,pr,1.0,0.5431048857762214,8.84385880500771e-12
LSTM,combined,pr,1.0,0.5431954636424283,8.876390074352702e-12
LSTM,combined,pr,1.0,0.5432860717264387,8.897900645454815e-12
LSTM,combined,pr,1.0,0.5434673786083765,8.903435280704919e-12
LSTM,combined,pr,1.0,0.5435580774365821,8.939492375514835e-12
LSTM,combined,pr,1.0,0.5436488065431481,8.940157641967872e-12
LSTM,combined,pr,1.0,0.5437395659432387,8.96702070235511e-12
LSTM,combined,pr,1.0,0.5438303556520288,8.974018576857201e-12
LSTM,combined,pr,1.0,0.5439211756847028,9.000039428996853e-12
LSTM,combined,pr,1.0,0.5440120260564556,9.026410695278653e-12
LSTM,combined,pr,1.0,0.5441029067824925,9.030044073599086e-12
LSTM,combined,pr,1.0,0.5441938178780285,9.043644305650744e-12
LSTM,combined,pr,1.0,0.5442847593582888,9.074780857321052e-12
LSTM,combined,pr,1.0,0.5443757312385091,9.086159775961722e-12
LSTM,combined,pr,1.0,0.5444667335339352,9.116904280126459e-12
LSTM,combined,pr,1.0,0.5445577662598228,9.147525618924401e-12
LSTM,combined,pr,1.0,0.5446488294314381,9.169238285311465e-12
LSTM,combined,pr,1.0,0.5447399230640575,9.21171212225902e-12
LSTM,combined,pr,1.0,0.5448310471729676,9.221222743716062e-12
LSTM,combined,pr,1.0,0.544922201773465,9.229192930726438e-12
LSTM,combined,pr,1.0,0.5450133868808568,9.229457476056524e-12
LSTM,combined,pr,1.0,0.5451046025104602,9.255230262739111e-12
LSTM,combined,pr,1.0,0.545195848677603,9.260898471696866e-12
LSTM,combined,pr,1.0,0.5452871253976226,9.262452783931341e-12
LSTM,combined,pr,1.0,0.5453784326858674,9.298652126066287e-12
LSTM,combined,pr,1.0,0.5455611390284757,9.34279476699773e-12
LSTM,combined,pr,1.0,0.5456525381135868,9.36241795895798e-12
LSTM,combined,pr,1.0,0.5457439678284183,9.383531278384094e-12
LSTM,combined,pr,1.0,0.5458354281883694,9.43750372989216e-12
LSTM,combined,pr,1.0,0.5459269192088502,9.480045221055278e-12
LSTM,combined,pr,1.0,0.5460184409052808,9.508204119879071e-12
LSTM,combined,pr,1.0,0.5461099932930918,9.52739189624685e-12
LSTM,combined,pr,1.0,0.5462015763877243,9.569334907810756e-12
LSTM,combined,pr,1.0,0.5462931902046293,9.58696403513537e-12
LSTM,combined,pr,1.0,0.5463848347592686,9.640470713390137e-12
LSTM,combined,pr,1.0,0.5464765100671141,9.645804120717028e-12
LSTM,combined,pr,1.0,0.5465682161436483,9.646871843016491e-12
LSTM,combined,pr,1.0,0.5466599530043639,9.678608609009487e-12
LSTM,combined,pr,1.0,0.5467517206647642,9.731864619721975e-12
LSTM,combined,pr,1.0,0.5468435191403627,9.79882494589468e-12
LSTM,combined,pr,1.0,0.5469353484466835,9.894437699720093e-12
LSTM,combined,pr,1.0,0.547027208599261,9.934357156349272e-12
LSTM,combined,pr,1.0,0.5471190996136401,9.978871895466312e-12
LSTM,combined,pr,1.0,0.5472110215053764,9.998075284345376e-12
LSTM,combined,pr,1.0,0.5473029742900353,1.0001909023227284e-11
LSTM,combined,pr,1.0,0.5473949579831933,1.0023031016270778e-11
LSTM,combined,pr,1.0,0.547486972600437,1.0074800368964354e-11
LSTM,combined,pr,1.0,0.5475790181573639,1.0083604957966674e-11
LSTM,combined,pr,1.0,0.5476710946695813,1.0137524500408723e-11
LSTM,combined,pr,1.0,0.5477632021527077,1.016992479813128e-11
LSTM,combined,pr,1.0,0.5478553406223717,1.0170642106288597e-11
LSTM,combined,pr,1.0,0.5479475100942126,1.0172814847442258e-11
LSTM,combined,pr,1.0,0.5480397105838802,1.0221068783011766e-11
LSTM,combined,pr,1.0,0.5481319421070346,1.0233904002010519e-11
LSTM,combined,pr,1.0,0.548224204679347,1.0236363839899454e-11
LSTM,combined,pr,1.0,0.5483164983164983,1.0236832215237968e-11
LSTM,combined,pr,1.0,0.5484088230341808,1.0242085825284963e-11
LSTM,combined,pr,1.0,0.548501178848097,1.0289333621238406e-11
LSTM,combined,pr,1.0,0.5488709133805191,1.0311159912013146e-11
LSTM,combined,pr,1.0,0.5489634249115118,1.0327239931273713e-11
LSTM,combined,pr,1.0,0.549055967633176,1.0345002632305977e-11
LSTM,combined,pr,1.0,0.5491485415612881,1.0443754368261171e-11
LSTM,combined,pr,1.0,0.5492411467116357,1.046423191153334e-11
LSTM,combined,pr,1.0,0.5493337831000169,1.0473317525738768e-11
LSTM,combined,pr,1.0,0.5494264507422402,1.0516936280180467e-11
LSTM,combined,pr,1.0,0.5495191496541252,1.051966413284644e-11
LSTM,combined,pr,1.0,0.5496118798515018,1.0583744818049023e-11
LSTM,combined,pr,1.0,0.549704641350211,1.065817226142407e-11
LSTM,combined,pr,1.0,0.5497974341661039,1.0693643887060844e-11
LSTM,combined,pr,1.0,0.549890258315043,1.0734637137521652e-11
LSTM,combined,pr,1.0,0.549983113812901,1.0751234971739798e-11
LSTM,combined,pr,1.0,0.5500760006755616,1.0759912058566634e-11
LSTM,combined,pr,1.0,0.550168918918919,1.0796484366248915e-11
LSTM,combined,pr,1.0,0.5502618685588782,1.0806661988882471e-11
LSTM,combined,pr,1.0,0.5503548496113552,1.0822875581850688e-11
LSTM,combined,pr,1.0,0.5504478620922765,1.0872034175712919e-11
LSTM,combined,pr,1.0,0.5506339814032122,1.0881038257914977e-11
LSTM,combined,pr,1.0,0.5507270882651336,1.0883446054099633e-11
LSTM,combined,pr,1.0,0.5508202266193134,1.093627965964572e-11
LSTM,combined,pr,1.0,0.5509133964817321,1.1000232842672819e-11
LSTM,combined,pr,1.0,0.551006597868381,1.102354665882821e-11
LSTM,combined,pr,1.0,0.5510998307952623,1.1042169782704558e-11
LSTM,combined,pr,1.0,0.5511930952783889,1.1109729455838213e-11
LSTM,combined,pr,1.0,0.5512863913337847,1.1109962776145732e-11
LSTM,combined,pr,1.0,0.5513797189774844,1.1164832947052616e-11
LSTM,combined,pr,1.0,0.5514730782255334,1.1174419896342602e-11
LSTM,combined,pr,1.0,0.5515664690939881,1.120402121773667e-11
LSTM,combined,pr,1.0,0.551659891598916,1.1210776230952124e-11
LSTM,combined,pr,1.0,0.551753345756395,1.1254289167261788e-11
LSTM,combined,pr,1.0,0.5518468315825144,1.1262470123174495e-11
LSTM,combined,pr,1.0,0.551940349093374,1.1342254392643358e-11
LSTM,combined,pr,1.0,0.5520338983050848,1.1342276076686808e-11
LSTM,combined,pr,1.0,0.5521274792337685,1.1345997925904516e-11
LSTM,combined,pr,1.0,0.5522210918955578,1.1444215367029109e-11
LSTM,combined,pr,1.0,0.5523147363065966,1.1477857726760465e-11
LSTM,combined,pr,1.0,0.5524084124830394,1.1530629749623156e-11
LSTM,combined,pr,1.0,0.5525021204410517,1.1544273349761713e-11
LSTM,combined,pr,1.0,0.5525958601968103,1.1589655450616743e-11
LSTM,combined,pr,1.0,0.5526896317665027,1.159624479774024e-11
LSTM,combined,pr,1.0,0.5527834351663272,1.159898739555576e-11
LSTM,combined,pr,1.0,0.5528772704124937,1.1618960134296419e-11
LSTM,combined,pr,1.0,0.5529711375212224,1.1650205106183975e-11
LSTM,combined,pr,1.0,0.5530650365087452,1.1653671951050715e-11
LSTM,combined,pr,1.0,0.5531589673913043,1.1673204070028476e-11
LSTM,combined,pr,1.0,0.5532529301851538,1.1680509857947552e-11
LSTM,combined,pr,1.0,0.5533469249065579,1.1717282526191308e-11
LSTM,combined,pr,1.0,0.5534409515717927,1.1740258071268883e-11
LSTM,combined,pr,1.0,0.5535350101971448,1.1777061964535207e-11
LSTM,combined,pr,1.0,0.5536291007989121,1.1784252393343131e-11
LSTM,combined,pr,1.0,0.5537232233934036,1.1787444284538928e-11
LSTM,combined,pr,1.0,0.5538173779969393,1.1803102765994833e-11
LSTM,combined,pr,1.0,0.5539115646258503,1.1807380594086592e-11
LSTM,combined,pr,1.0,0.554005783296479,1.1824824973361014e-11
LSTM,combined,pr,1.0,0.5541943168283138,1.1871513320993454e-11
LSTM,combined,pr,1.0,0.5542886317222601,1.1904958789610287e-11
LSTM,combined,pr,1.0,0.5543829787234043,1.1911682577803173e-11
LSTM,combined,pr,1.0,0.5544773578481443,1.2000871650597045e-11
LSTM,combined,pr,1.0,0.5545717691128895,1.2106420033131116e-11
LSTM,combined,pr,1.0,0.5546662125340599,1.2188671946744556e-11
LSTM,combined,pr,1.0,0.5547606881280872,1.2246510229518837e-11
LSTM,combined,pr,1.0,0.554855195911414,1.2259364530475825e-11
LSTM,combined,pr,1.0,0.5549497359004941,1.2368412717622679e-11
LSTM,combined,pr,1.0,0.5550443081117927,1.2385480661902815e-11
LSTM,combined,pr,1.0,0.5551389125617863,1.2426843408464006e-11
LSTM,combined,pr,1.0,0.5552335492669621,1.2450046202316933e-11
LSTM,combined,pr,1.0,0.5553282182438193,1.2506524461886048e-11
LSTM,combined,pr,1.0,0.5554229195088677,1.2513730503205256e-11
LSTM,combined,pr,1.0,0.5555176530786287,1.2526099948950709e-11
LSTM,combined,pr,1.0,0.555612418969635,1.2530855693360099e-11
LSTM,combined,pr,1.0,0.5557072171984303,1.2582612035627605e-11
LSTM,combined,pr,1.0,0.5558020477815699,1.2615485912859103e-11
LSTM,combined,pr,1.0,0.5558969107356204,1.2674213241414822e-11
LSTM,combined,pr,1.0,0.5559918060771595,1.2686234007741604e-11
LSTM,combined,pr,1.0,0.5560867338227762,1.2686887131130309e-11
LSTM,combined,pr,1.0,0.556181693989071,1.2707399368871997e-11
LSTM,combined,pr,1.0,0.5562766865926558,1.2711302496692944e-11
LSTM,combined,pr,1.0,0.5563717116501538,1.2729183158921575e-11
LSTM,combined,pr,1.0,0.5564667691781993,1.2734210387554956e-11
LSTM,combined,pr,1.0,0.5565618591934381,1.2764436209400376e-11
LSTM,combined,pr,1.0,0.5566569817125278,1.2782708919134578e-11
LSTM,combined,pr,1.0,0.5567521367521368,1.2788513303885196e-11
LSTM,combined,pr,1.0,0.5568473243289451,1.2812244321036559e-11
LSTM,combined,pr,1.0,0.5569425444596443,1.2819969044675084e-11
LSTM,combined,pr,1.0,0.5570377971609373,1.2832053995770476e-11
LSTM,combined,pr,1.0,0.5571330824495382,1.2844493697816706e-11
LSTM,combined,pr,1.0,0.5572284003421728,1.2882670624714265e-11
LSTM,combined,pr,1.0,0.5573237508555784,1.2917732855610708e-11
LSTM,combined,pr,1.0,0.5574191340065036,1.292372112104978e-11
LSTM,combined,pr,1.0,0.5575145498117083,1.2943406763055165e-11
LSTM,combined,pr,1.0,0.5576099982879644,1.2992480355467073e-11
LSTM,combined,pr,1.0,0.5577054794520548,1.303315962097873e-11
LSTM,combined,pr,1.0,0.5578009933207742,1.3045794479416006e-11
LSTM,combined,pr,1.0,0.5578965399109284,1.305791759442787e-11
LSTM,combined,pr,1.0,0.5579921192393352,1.3159905457027499e-11
LSTM,combined,pr,1.0,0.5580877313228239,1.3169396996526306e-11
LSTM,combined,pr,1.0,0.5581833761782348,1.3170075273405413e-11
LSTM,combined,pr,1.0,0.5582790538224203,1.3175351434857596e-11
LSTM,combined,pr,1.0,0.5584705075445816,1.3271673690584684e-11
LSTM,combined,pr,1.0,0.5585662836563197,1.3286895889086381e-11
LSTM,combined,pr,1.0,0.5586620926243567,1.3312008613486359e-11
LSTM,combined,pr,1.0,0.5588538091969801,1.3339865670425333e-11
LSTM,combined,pr,1.0,0.5589497168354213,1.3342538011940075e-11
LSTM,combined,pr,1.0,0.5590456573978716,1.3393838989295137e-11
LSTM,combined,pr,1.0,0.5591416309012875,1.343869807102216e-11
LSTM,combined,pr,1.0,0.5592376373626373,1.3441697407912123e-11
LSTM,combined,pr,1.0,0.5593336767989009,1.347966877007778e-11
LSTM,combined,pr,1.0,0.5594297492270698,1.3555831804290541e-11
LSTM,combined,pr,1.0,0.5595258546641471,1.3590522804363125e-11
LSTM,combined,pr,1.0,0.5596219931271478,1.3651680480508688e-11
LSTM,combined,pr,1.0,0.5597181646330984,1.369147330232412e-11
LSTM,combined,pr,1.0,0.5598143691990375,1.3772772852749249e-11
LSTM,combined,pr,1.0,0.5599106068420148,1.3870445590702385e-11
LSTM,combined,pr,1.0,0.5600068775790922,1.3883415250770526e-11
LSTM,combined,pr,1.0,0.560103181427343,1.3920643283926726e-11
LSTM,combined,pr,1.0,0.5601995184038527,1.3933474166116788e-11
LSTM,combined,pr,1.0,0.5602958885257182,1.3965881402733249e-11
LSTM,combined,pr,1.0,0.5603922918100481,1.3979552758447422e-11
LSTM,combined,pr,1.0,0.5604887282739631,1.3986514203756517e-11
LSTM,combined,pr,1.0,0.5605851979345955,1.4066399087186987e-11
LSTM,combined,pr,1.0,0.5606817008090893,1.4083311773716023e-11
LSTM,combined,pr,1.0,0.5607782369146006,1.4170991637085795e-11
LSTM,combined,pr,1.0,0.5608748062682969,1.4180184804146734e-11
LSTM,combined,pr,1.0,0.5609714088873579,1.4196855496750871e-11
LSTM,combined,pr,1.0,0.561068044788975,1.4297727064793708e-11
LSTM,combined,pr,1.0,0.5611647139903515,1.4312269251692822e-11
LSTM,combined,pr,1.0,0.5612614165087024,1.4346844025292516e-11
LSTM,combined,pr,1.0,0.5613581523612547,1.43637098742877e-11
LSTM,combined,pr,1.0,0.5614549215652473,1.4434843077781867e-11
LSTM,combined,pr,1.0,0.5615517241379311,1.4461904764007105e-11
LSTM,combined,pr,1.0,0.5616485600965684,1.4535326067766086e-11
LSTM,combined,pr,1.0,0.5618423322408143,1.4535353823341701e-11
LSTM,combined,pr,1.0,0.5619392684610076,1.461720154638524e-11
LSTM,combined,pr,1.0,0.5620362381363244,1.4656734159679274e-11
LSTM,combined,pr,1.0,0.562133241284087,1.466011687045743e-11
LSTM,combined,pr,1.0,0.5622302779216296,1.4663947139892386e-11
LSTM,combined,pr,1.0,0.5623273480662984,1.467569989144213e-11
LSTM,combined,pr,1.0,0.5624244517354515,1.4757832109135727e-11
LSTM,combined,pr,1.0,0.5625215889464594,1.4787981603148204e-11
LSTM,combined,pr,1.0,0.562618759716704,1.481214630116856e-11
LSTM,combined,pr,1.0,0.5627159640635798,1.481282284332419e-11
LSTM,combined,pr,1.0,0.5628132020044928,1.4894587299640882e-11
LSTM,combined,pr,1.0,0.5629104735568614,1.492455985185881e-11
LSTM,combined,pr,1.0,0.5630077787381158,1.493133741647945e-11
LSTM,combined,pr,1.0,0.5631051175656985,1.4962924996253513e-11
LSTM,combined,pr,1.0,0.5632024900570638,1.500797229547768e-11
LSTM,combined,pr,1.0,0.5632998962296784,1.5090179106280743e-11
LSTM,combined,pr,1.0,0.5633973361010206,1.512847833118336e-11
LSTM,combined,pr,1.0,0.5634948096885813,1.5185663490568935e-11
LSTM,combined,pr,1.0,0.5635923170098633,1.5242132209158932e-11
LSTM,combined,pr,1.0,0.5637874329236628,1.529303420011452e-11
LSTM,combined,pr,1.0,0.5638850415512465,1.5340215209214136e-11
LSTM,combined,pr,1.0,0.563982683982684,1.5361590471885123e-11
LSTM,combined,pr,1.0,0.5640803602355386,1.536756832898334e-11
LSTM,combined,pr,1.0,0.5641780703273861,1.5605969641563355e-11
LSTM,combined,pr,1.0,0.5642758142758143,1.564068666248808e-11
LSTM,combined,pr,1.0,0.5643735920984232,1.565507098955088e-11
LSTM,combined,pr,1.0,0.5644714038128249,1.5696333122150463e-11
LSTM,combined,pr,1.0,0.5645692494366441,1.571754358609123e-11
LSTM,combined,pr,1.0,0.5646671289875174,1.573298956392133e-11
LSTM,combined,pr,1.0,0.5647650424830934,1.584157284517662e-11
LSTM,combined,pr,1.0,0.5648629899410337,1.5870818548258114e-11
LSTM,combined,pr,1.0,0.5649609713790112,1.5949413664784196e-11
LSTM,combined,pr,1.0,0.565058986814712,1.605125234116489e-11
LSTM,combined,pr,1.0,0.5651570362658338,1.6069479080726978e-11
LSTM,combined,pr,1.0,0.5652551197500868,1.607242290646571e-11
LSTM,combined,pr,1.0,0.5653532372851935,1.609266712943036e-11
LSTM,combined,pr,1.0,0.5654513888888889,1.6098991931223772e-11
LSTM,combined,pr,1.0,0.56554957457892,1.6111832354392952e-11
LSTM,combined,pr,1.0,0.5656477943730462,1.6218698259407027e-11
LSTM,combined,pr,1.0,0.5657460482890394,1.623822951102305e-11
LSTM,combined,pr,1.0,0.5658443363446838,1.62478658999321e-11
LSTM,combined,pr,1.0,0.5659426585577758,1.625220444334552e-11
LSTM,combined,pr,1.0,0.5660410149461245,1.6268300942479108e-11
LSTM,combined,pr,1.0,0.5661394055275508,1.6326646631870112e-11
LSTM,combined,pr,1.0,0.5662378303198887,1.6347524028903493e-11
LSTM,combined,pr,1.0,0.5663362893409841,1.6480265069285238e-11
LSTM,combined,pr,1.0,0.5664347826086956,1.6554426232606723e-11
LSTM,combined,pr,1.0,0.566533310140894,1.673043995009671e-11
LSTM,combined,pr,1.0,0.5666318719554627,1.6803258437447788e-11
LSTM,combined,pr,1.0,0.5667304680702976,1.6808002906154584e-11
LSTM,combined,pr,1.0,0.5668290985033066,1.6823847870384157e-11
LSTM,combined,pr,1.0,0.5669277632724108,1.694015240583102e-11
LSTM,combined,pr,1.0,0.5670264623955432,1.6993387599861798e-11
LSTM,combined,pr,1.0,0.5671251958906495,1.6993418824884365e-11
LSTM,combined,pr,1.0,0.567223963775688,1.7094978210785428e-11
LSTM,combined,pr,1.0,0.5673227660686292,1.712804030551407e-11
LSTM,combined,pr,1.0,0.5674216027874565,1.7305563232428156e-11
LSTM,combined,pr,1.0,0.5675204739501656,1.744951058646471e-11
LSTM,combined,pr,1.0,0.5676193795747647,1.74501108007874e-11
LSTM,combined,pr,1.0,0.5677183196792749,1.7501743110326373e-11
LSTM,combined,pr,1.0,0.5678172942817294,1.7525526169182015e-11
LSTM,combined,pr,1.0,0.5679163034001744,1.769747889901474e-11
LSTM,combined,pr,1.0,0.5681144252572824,1.770308379056562e-11
LSTM,combined,pr,1.0,0.5682135380321005,1.7782985153869113e-11
LSTM,combined,pr,1.0,0.568312685395219,1.778983731159922e-11
LSTM,combined,pr,1.0,0.5684118673647469,1.782369911385029e-11
LSTM,combined,pr,1.0,0.5685110839588061,1.788752132525495e-11
LSTM,combined,pr,1.0,0.5686103351955307,1.7898101403734934e-11
LSTM,combined,pr,1.0,0.5687096210930679,1.7913059924268282e-11
LSTM,combined,pr,1.0,0.5688089416695774,1.795246243330162e-11
LSTM,combined,pr,1.0,0.5689082969432314,1.7953284692229232e-11
LSTM,combined,pr,1.0,0.5690076869322153,1.8013035507635777e-11
LSTM,combined,pr,1.0,0.5691071116547265,1.8013859501286866e-11
LSTM,combined,pr,1.0,0.5692065711289759,1.8028262910307902e-11
LSTM,combined,pr,1.0,0.5693060653731865,1.8042881425039958e-11
LSTM,combined,pr,1.0,0.5694055944055944,1.805145269373476e-11
LSTM,combined,pr,1.0,0.5695051582444484,1.813372195458296e-11
LSTM,combined,pr,1.0,0.5696047569080098,1.8186648367835012e-11
LSTM,combined,pr,1.0,0.5697043904145531,1.8209314264772125e-11
LSTM,combined,pr,1.0,0.5698040587823653,1.8275842644799312e-11
LSTM,combined,pr,1.0,0.5699037620297462,1.829771230366095e-11
LSTM,combined,pr,1.0,0.5700035001750088,1.8308708715775168e-11
LSTM,combined,pr,1.0,0.5701032732364782,1.8319956662793402e-11
LSTM,combined,pr,1.0,0.570203081232493,1.8360849299292603e-11
LSTM,combined,pr,1.0,0.5703029241814043,1.8367330226198852e-11
LSTM,combined,pr,1.0,0.5704028021015762,1.842086726211445e-11
LSTM,combined,pr,1.0,0.5705027150113855,1.8508737945066578e-11
LSTM,combined,pr,1.0,0.5706026629292221,1.8610583560341176e-11
LSTM,combined,pr,1.0,0.5707026458734887,1.8753472733057386e-11
LSTM,combined,pr,1.0,0.5708026638626008,1.9205304013780733e-11
LSTM,combined,pr,1.0,0.5709027169149868,1.9240503287831778e-11
LSTM,combined,pr,1.0,0.5710028050490884,1.931499751806065e-11
LSTM,combined,pr,1.0,0.5711029282833596,1.938364226072853e-11
LSTM,combined,pr,1.0,0.571203086636268,1.9398141079540743e-11
LSTM,combined,pr,1.0,0.5713032801262936,1.9416426799701014e-11
LSTM,combined,pr,1.0,0.5714035087719298,1.941827774964988e-11
LSTM,combined,pr,1.0,0.5715037725916827,1.9466784087485145e-11
LSTM,combined,pr,1.0,0.5716040716040716,1.9487885263846927e-11
LSTM,combined,pr,1.0,0.5717044058276286,1.9511985777098673e-11
LSTM,combined,pr,1.0,0.5718047752808989,1.9560427930165325e-11
LSTM,combined,pr,1.0,0.5719051799824407,1.9617443086650255e-11
LSTM,combined,pr,1.0,0.5720056199508254,1.9663069783515397e-11
LSTM,combined,pr,1.0,0.5721060952046373,2.0006576256781372e-11
LSTM,combined,pr,1.0,0.5722066057624736,2.0067341885421364e-11
LSTM,combined,pr,1.0,0.572307151642945,2.0121381991144993e-11
LSTM,combined,pr,1.0,0.5724077328646748,2.0255229785104412e-11
LSTM,combined,pr,1.0,0.5725083494462999,2.0291577446096554e-11
LSTM,combined,pr,1.0,0.5726090014064698,2.052293751608758e-11
LSTM,combined,pr,1.0,0.5728104115371087,2.0535781408703713e-11
LSTM,combined,pr,1.0,0.5730119634060521,2.061835771560716e-11
LSTM,combined,pr,1.0,0.5731127925391518,2.0756261293053413e-11
LSTM,combined,pr,1.0,0.5732136571629708,2.0766083297374394e-11
LSTM,combined,pr,1.0,0.5733145572962507,2.0779673121085196e-11
LSTM,combined,pr,1.0,0.5734154929577465,2.078022823259751e-11
LSTM,combined,pr,1.0,0.5735164641662265,2.078760080737041e-11
LSTM,combined,pr,1.0,0.573617470940472,2.0844376572015655e-11
LSTM,combined,pr,1.0,0.5737185132992778,2.0846721918155176e-11
LSTM,combined,pr,1.0,0.5738195912614518,2.086510131338315e-11
LSTM,combined,pr,1.0,0.573920704845815,2.086617510721478e-11
LSTM,combined,pr,1.0,0.574021854071202,2.0871986430859302e-11
LSTM,combined,pr,1.0,0.5741230389564604,2.089114471692799e-11
LSTM,combined,pr,1.0,0.5742242595204513,2.0947044446217866e-11
LSTM,combined,pr,1.0,0.574325515782049,2.1138773023676727e-11
LSTM,combined,pr,1.0,0.5744268077601411,2.121790590448036e-11
LSTM,combined,pr,1.0,0.5745281354736285,2.1272286016005282e-11
LSTM,combined,pr,1.0,0.5746294989414256,2.133355818390026e-11
LSTM,combined,pr,1.0,0.5747308981824598,2.1356520718551764e-11
LSTM,combined,pr,1.0,0.5748323332156724,2.1551175774514597e-11
LSTM,combined,pr,1.0,0.5749338040600177,2.1572684610893234e-11
LSTM,combined,pr,1.0,0.5750353107344632,2.1609913511411172e-11
LSTM,combined,pr,1.0,0.5751368532579905,2.164662893378022e-11
LSTM,combined,pr,1.0,0.5752384316495938,2.1737153743650595e-11
LSTM,combined,pr,1.0,0.5753400459282813,2.1744534992040876e-11
LSTM,combined,pr,1.0,0.5754416961130742,2.1771345143362097e-11
LSTM,combined,pr,1.0,0.5755433822230076,2.1781604297999024e-11
LSTM,combined,pr,1.0,0.5756451042771298,2.195021941986397e-11
LSTM,combined,pr,1.0,0.5757468622945023,2.2038149083414282e-11
LSTM,combined,pr,1.0,0.5758486562942009,2.240194141300833e-11
LSTM,combined,pr,1.0,0.5759504862953139,2.2678981956292255e-11
LSTM,combined,pr,1.0,0.5760523523169437,2.2695642240555536e-11
LSTM,combined,pr,1.0,0.5761542543782062,2.2798164397985765e-11
LSTM,combined,pr,1.0,0.5762561924982307,2.287652532684259e-11
LSTM,combined,pr,1.0,0.57635816669616,2.290066747345776e-11
LSTM,combined,pr,1.0,0.5764601769911505,2.3002492272050645e-11
LSTM,combined,pr,1.0,0.5765622234023721,2.3172602725551883e-11
LSTM,combined,pr,1.0,0.5766643059490085,2.3270087246007876e-11
LSTM,combined,pr,1.0,0.5767664246502567,2.3309179239539013e-11
LSTM,combined,pr,1.0,0.5768685795253277,2.3423717826487334e-11
LSTM,combined,pr,1.0,0.5769707705934455,2.3462440323918088e-11
LSTM,combined,pr,1.0,0.5770729978738484,2.3485676944878797e-11
LSTM,combined,pr,1.0,0.5771752613857877,2.3563661438741335e-11
LSTM,combined,pr,1.0,0.5772775611485289,2.3744985144791286e-11
LSTM,combined,pr,1.0,0.5773798971813509,2.382092266495217e-11
LSTM,combined,pr,1.0,0.5774822695035461,2.3984913014030163e-11
LSTM,combined,pr,1.0,0.577584678134421,2.3999510712080507e-11
LSTM,combined,pr,1.0,0.5776871230932955,2.406033185187173e-11
LSTM,combined,pr,1.0,0.5777896043995033,2.4094178041611514e-11
LSTM,combined,pr,1.0,0.5778921220723917,2.4214005800438088e-11
LSTM,combined,pr,1.0,0.577994676131322,2.4296216080688104e-11
LSTM,combined,pr,1.0,0.5780972665956692,2.4306875956447982e-11
LSTM,combined,pr,1.0,0.5781998934848216,2.4341115928416812e-11
LSTM,combined,pr,1.0,0.5783025568181818,2.434343698842767e-11
LSTM,combined,pr,1.0,0.5784052566151661,2.4588988831175662e-11
LSTM,combined,pr,1.0,0.5785079928952043,2.4634946860224716e-11
LSTM,combined,pr,1.0,0.5786107656777403,2.4849291027639886e-11
LSTM,combined,pr,1.0,0.5787135749822317,2.4954685887146333e-11
LSTM,combined,pr,1.0,0.57881642082815,2.496668323470619e-11
LSTM,combined,pr,1.0,0.5789193032349804,2.505335869318337e-11
LSTM,combined,pr,1.0,0.5790222222222222,2.50833381842952e-11
LSTM,combined,pr,1.0,0.5791251778093883,2.5115701185463024e-11
LSTM,combined,pr,1.0,0.5792281700160057,2.517219592490516e-11
LSTM,combined,pr,1.0,0.5793311988616151,2.5179015122889226e-11
LSTM,combined,pr,1.0,0.5794342643657712,2.5201405198793658e-11
LSTM,combined,pr,1.0,0.5795373665480427,2.5234593928336047e-11
LSTM,combined,pr,1.0,0.5796405054280122,2.5261560204770106e-11
LSTM,combined,pr,1.0,0.5797436810252758,2.5428435398988647e-11
LSTM,combined,pr,1.0,0.5798468933594445,2.5557386068575383e-11
LSTM,combined,pr,1.0,0.5799501424501424,2.557816111692368e-11
LSTM,combined,pr,1.0,0.580053428317008,2.5608475409666376e-11
LSTM,combined,pr,1.0,0.5801567509796937,2.562982985565565e-11
LSTM,combined,pr,1.0,0.5802601104578656,2.5634229114390727e-11
LSTM,combined,pr,1.0,0.5803635067712045,2.5654478541525805e-11
LSTM,combined,pr,1.0,0.5804669399394048,2.5690127108957128e-11
LSTM,combined,pr,1.0,0.5805704099821747,2.585302631696873e-11
LSTM,combined,pr,1.0,0.580673916919237,2.6028674007805286e-11
LSTM,combined,pr,1.0,0.5807774607703281,2.6115698145701138e-11
LSTM,combined,pr,1.0,0.5808810415551988,2.6156226490270384e-11
LSTM,combined,pr,1.0,0.580984659293614,2.6162563435128128e-11
LSTM,combined,pr,1.0,0.5810883140053523,2.6176939088573548e-11
LSTM,combined,pr,1.0,0.581192005710207,2.619312058915746e-11
LSTM,combined,pr,1.0,0.581295734427985,2.638083848593986e-11
LSTM,combined,pr,1.0,0.5813995001785077,2.6384311402338767e-11
LSTM,combined,pr,1.0,0.5815033029816105,2.641386762092246e-11
LSTM,combined,pr,1.0,0.5816071428571429,2.6460661786686934e-11
LSTM,combined,pr,1.0,0.5817110198249688,2.656635501863125e-11
LSTM,combined,pr,1.0,0.5818149339049661,2.6639218608792703e-11
LSTM,combined,pr,1.0,0.5819188851170269,2.664836580568153e-11
LSTM,combined,pr,1.0,0.5820228734810579,2.66950662963783e-11
LSTM,combined,pr,1.0,0.5821268990169794,2.675215431124922e-11
LSTM,combined,pr,1.0,0.5822309617447264,2.6771142594417263e-11
LSTM,combined,pr,1.0,0.5823350616842482,2.6957139645511496e-11
LSTM,combined,pr,1.0,0.5824391988555079,2.714484366450609e-11
LSTM,combined,pr,1.0,0.5825433732784833,2.7188473694650384e-11
LSTM,combined,pr,1.0,0.5826475849731664,2.720310088299982e-11
LSTM,combined,pr,1.0,0.5827518339595634,2.7402028562883984e-11
LSTM,combined,pr,1.0,0.5828561202576951,2.7469849311900774e-11
LSTM,combined,pr,1.0,0.5829604438875962,2.755643629948068e-11
LSTM,combined,pr,1.0,0.5830648048693161,2.76985014785458e-11
LSTM,combined,pr,1.0,0.5831692032229185,2.78110486029437e-11
LSTM,combined,pr,1.0,0.5832736389684814,2.7814974282169835e-11
LSTM,combined,pr,1.0,0.583378112126097,2.798611689613928e-11
LSTM,combined,pr,1.0,0.5834826227158725,2.8053882134004837e-11
LSTM,combined,pr,1.0,0.5835871707579287,2.8166852530930875e-11
LSTM,combined,pr,1.0,0.5836917562724014,2.8291067405428194e-11
LSTM,combined,pr,1.0,0.5837963792794407,2.8298082627165044e-11
LSTM,combined,pr,1.0,0.5839010397992112,2.8338267496486047e-11
LSTM,combined,pr,1.0,0.5840057378518917,2.8354001438413157e-11
LSTM,combined,pr,1.0,0.5841104734576757,2.83729897215812e-11
LSTM,combined,pr,1.0,0.5842152466367713,2.8384248076940288e-11
LSTM,combined,pr,1.0,0.5843200574094007,2.83895545960533e-11
LSTM,combined,pr,1.0,0.5844249057958012,2.8398327092671316e-11
LSTM,combined,pr,1.0,0.584529791816224,2.8541521576719298e-11
LSTM,combined,pr,1.0,0.5846347154909352,2.860855996544842e-11
LSTM,combined,pr,1.0,0.5847396768402154,2.861156103706186e-11
LSTM,combined,pr,1.0,0.5848446758843598,2.8692551806708266e-11
LSTM,combined,pr,1.0,0.5849497126436781,2.8834094834007118e-11
LSTM,combined,pr,1.0,0.5850547871384947,2.8860726308810314e-11
LSTM,combined,pr,1.0,0.5851598993891484,2.907022192411013e-11
LSTM,combined,pr,1.0,0.5852650494159928,2.91488395920414e-11
LSTM,combined,pr,1.0,0.5853702372393961,2.923737293936135e-11
LSTM,combined,pr,1.0,0.5854754628797412,2.954524819243076e-11
LSTM,combined,pr,1.0,0.5855807263574254,2.95922834847584e-11
LSTM,combined,pr,1.0,0.585686027692861,2.9605439627600205e-11
LSTM,combined,pr,1.0,0.5857913669064748,2.9612610974449893e-11
LSTM,combined,pr,1.0,0.5858967440187084,2.9731120343434725e-11
LSTM,combined,pr,1.0,0.586002159050018,2.97837345064611e-11
LSTM,combined,pr,1.0,0.5861076120208746,2.9806296319989656e-11
LSTM,combined,pr,1.0,0.5862131029517639,2.9962646946879445e-11
LSTM,combined,pr,1.0,0.5863186318631863,2.997945294791471e-11
LSTM,combined,pr,1.0,0.5864241987756572,3.001458456775019e-11
LSTM,combined,pr,1.0,0.5865298037097064,3.01147613790409e-11
LSTM,combined,pr,1.0,0.5867411277247343,3.0201504491733644e-11
LSTM,combined,pr,1.0,0.5868468468468468,3.022063849167367e-11
LSTM,combined,pr,1.0,0.5869526040728059,3.033851295186629e-11
LSTM,combined,pr,1.0,0.5870583994232156,3.034632614640209e-11
LSTM,combined,pr,1.0,0.5871642329186948,3.0406465539867256e-11
LSTM,combined,pr,1.0,0.5872701045798774,3.044012264474816e-11
LSTM,combined,pr,1.0,0.587376014427412,3.047113950049862e-11
LSTM,combined,pr,1.0,0.5874819624819625,3.04861969002701e-11
LSTM,combined,pr,1.0,0.5875879487642071,3.0523958360895165e-11
LSTM,combined,pr,1.0,0.5876939732948394,3.056520661570694e-11
LSTM,combined,pr,1.0,0.5878000360945678,3.073368642914076e-11
LSTM,combined,pr,1.0,0.5879061371841156,3.0797590172548794e-11
LSTM,combined,pr,1.0,0.588012276584221,3.111554416901363e-11
LSTM,combined,pr,1.0,0.5881184543156374,3.113620125616556e-11
LSTM,combined,pr,1.0,0.5882246703991331,3.113988580882854e-11
LSTM,combined,pr,1.0,0.5883309248554913,3.114012173122127e-11
LSTM,combined,pr,1.0,0.5884372177055104,3.1484124335401376e-11
LSTM,combined,pr,1.0,0.5885435489700036,3.157156133748451e-11
LSTM,combined,pr,1.0,0.5886499186697994,3.1665760291677e-11
LSTM,combined,pr,1.0,0.5887563268257412,3.171121351619455e-11
LSTM,combined,pr,1.0,0.5888627734586874,3.172996934641681e-11
LSTM,combined,pr,1.0,0.5889692585895118,3.1916736614734376e-11
LSTM,combined,pr,1.0,0.589075782239103,3.2123470550260436e-11
LSTM,combined,pr,1.0,0.5891823444283647,3.2182343595588137e-11
LSTM,combined,pr,1.0,0.5892889451782161,3.2284831058548846e-11
LSTM,combined,pr,1.0,0.5893955845095911,3.230577610979779e-11
LSTM,combined,pr,1.0,0.589502262443439,3.2329135896125294e-11
LSTM,combined,pr,1.0,0.5896089790007241,3.236689735675036e-11
LSTM,combined,pr,1.0,0.5897157342024262,3.253115485324365e-11
LSTM,combined,pr,1.0,0.58982252806954,3.262286968341854e-11
LSTM,combined,pr,1.0,0.5899293606230755,3.2689326939783214e-11
LSTM,combined,pr,1.0,0.590036231884058,3.273887064225711e-11
LSTM,combined,pr,1.0,0.5901431418735278,3.2746052397447656e-11
LSTM,combined,pr,1.0,0.5902500906125407,3.2878481187603725e-11
LSTM,combined,pr,1.0,0.5903570781221679,3.292108946562067e-11
LSTM,combined,pr,1.0,0.5904641044234953,3.323180272629678e-11
LSTM,combined,pr,1.0,0.5905711695376247,3.3297278129174046e-11
LSTM,combined,pr,1.0,0.5906782734856728,3.332536330225011e-11
LSTM,combined,pr,1.0,0.590785416288772,3.3436208662918077e-11
LSTM,combined,pr,1.0,0.5908925979680697,3.3588402892359426e-11
LSTM,combined,pr,1.0,0.5909998185447287,3.3673074745221854e-11
LSTM,combined,pr,1.0,0.5911070780399275,3.392183756112388e-11
LSTM,combined,pr,1.0,0.5912143764748593,3.3923194114882094e-11
LSTM,combined,pr,1.0,0.5913217138707335,3.403077472596827e-11
LSTM,combined,pr,1.0,0.5914290902487743,3.406506327019443e-11
LSTM,combined,pr,1.0,0.5915365056302215,3.4158557926655675e-11
LSTM,combined,pr,1.0,0.5916439600363306,3.44967318599565e-11
LSTM,combined,pr,1.0,0.5917514534883721,3.452161473349591e-11
LSTM,combined,pr,1.0,0.5918589860076322,3.4526881353968975e-11
LSTM,combined,pr,1.0,0.5919665576154126,3.463399358971664e-11
LSTM,combined,pr,1.0,0.5920741683330304,3.469574974546141e-11
LSTM,combined,pr,1.0,0.5921818181818181,3.482862262482733e-11
LSTM,combined,pr,1.0,0.5922895071831242,3.4916819435792945e-11
LSTM,combined,pr,1.0,0.5923972353583121,3.49445368474921e-11
LSTM,combined,pr,1.0,0.5925050027287612,3.50857225217549e-11
LSTM,combined,pr,1.0,0.5926128093158661,3.5117055097177996e-11
LSTM,combined,pr,1.0,0.5927206551410373,3.514177837615762e-11
LSTM,combined,pr,1.0,0.5928285402257008,3.518315846995357e-11
LSTM,combined,pr,1.0,0.592936464591298,3.523594263588059e-11
LSTM,combined,pr,1.0,0.5932604735883424,3.5385461921721983e-11
LSTM,combined,pr,1.0,0.593368555292403,3.5408551091187235e-11
LSTM,combined,pr,1.0,0.5934766763848397,3.544747134709425e-11
LSTM,combined,pr,1.0,0.5935848368871879,3.564653433540954e-11
LSTM,combined,pr,1.0,0.5936930368209989,3.5714112223139693e-11
LSTM,combined,pr,1.0,0.5938012762078395,3.5796768327323036e-11
LSTM,combined,pr,1.0,0.5939095550692924,3.5852390500856757e-11
LSTM,combined,pr,1.0,0.594017873426956,3.589214342403224e-11
LSTM,combined,pr,1.0,0.5941262313024444,3.6011457704709926e-11
LSTM,combined,pr,1.0,0.5942346287173873,3.6124901681144905e-11
LSTM,combined,pr,1.0,0.5943430656934306,3.616261110006569e-11
LSTM,combined,pr,1.0,0.5944515422522358,3.624091304832433e-11
LSTM,combined,pr,1.0,0.5945600584154801,3.658776753789894e-11
LSTM,combined,pr,1.0,0.5946686142048567,3.667944073471041e-11
LSTM,combined,pr,1.0,0.5947772096420745,3.6812324022417187e-11
LSTM,combined,pr,1.0,0.5948858447488584,3.687374364180762e-11
LSTM,combined,pr,1.0,0.5949945195469493,3.722800540062465e-11
LSTM,combined,pr,1.0,0.5951032340581034,3.725442870861073e-11
LSTM,combined,pr,1.0,0.5952119883040936,3.7288196835794096e-11
LSTM,combined,pr,1.0,0.5953207823067082,3.734649048348082e-11
LSTM,combined,pr,1.0,0.5954296160877514,3.739296372540224e-11
LSTM,combined,pr,1.0,0.5955384896690437,3.741507798027399e-11
LSTM,combined,pr,1.0,0.5956474030724214,3.743613752327235e-11
LSTM,combined,pr,1.0,0.5957563563197366,3.762239131344103e-11
LSTM,combined,pr,1.0,0.5958653494328576,3.790589717111992e-11
LSTM,combined,pr,1.0,0.5959743824336688,3.794380087907001e-11
LSTM,combined,pr,1.0,0.5960834553440703,3.8131272445118825e-11
LSTM,combined,pr,1.0,0.5961925681859784,3.8386384348942926e-11
LSTM,combined,pr,1.0,0.5963017209813255,3.842198434411692e-11
LSTM,combined,pr,1.0,0.59641091375206,3.8504442689824003e-11
LSTM,combined,pr,1.0,0.5965201465201465,3.85167835126321e-11
LSTM,combined,pr,1.0,0.5966294193075655,3.852207441923383e-11
LSTM,combined,pr,1.0,0.5967387321363137,3.8731014923021334e-11
LSTM,combined,pr,1.0,0.5968480850284039,3.886213920112347e-11
LSTM,combined,pr,1.0,0.5969574780058651,3.8933734708423984e-11
LSTM,combined,pr,1.0,0.5970669110907424,3.899363471004946e-11
LSTM,combined,pr,1.0,0.5971763843050972,3.9004865309832937e-11
LSTM,combined,pr,1.0,0.5972858976710068,3.901483650037285e-11
LSTM,combined,pr,1.0,0.5973954512105649,3.9116619665602315e-11
LSTM,combined,pr,1.0,0.5975050449458815,3.9117292738310994e-11
LSTM,combined,pr,1.0,0.5976146788990826,3.936360612466494e-11
LSTM,combined,pr,1.0,0.597834067547724,3.945034576791073e-11
LSTM,combined,pr,1.0,0.5979438222874977,3.9725493727882366e-11
LSTM,combined,pr,1.0,0.598053617333823,3.982609381170121e-11
LSTM,combined,pr,1.0,0.5981634527089073,3.984204979823325e-11
LSTM,combined,pr,1.0,0.5982733284349743,3.986135380107392e-11
LSTM,combined,pr,1.0,0.5983832445342642,3.992709982081344e-11
LSTM,combined,pr,1.0,0.5984932010290335,3.9969309112430906e-11
LSTM,combined,pr,1.0,0.5986031979415548,4.028663513899744e-11
LSTM,combined,pr,1.0,0.5987132352941177,4.0446781340852667e-11
LSTM,combined,pr,1.0,0.5988233131090274,4.059161340386197e-11
LSTM,combined,pr,1.0,0.5989334314086061,4.063297615042316e-11
LSTM,combined,pr,1.0,0.5990435902151922,4.073354153977249e-11
LSTM,combined,pr,1.0,0.5991537895511405,4.081784910070496e-11
LSTM,combined,pr,1.0,0.5992640294388224,4.090287483715649e-11
LSTM,combined,pr,1.0,0.5993743099006257,4.1070015444066854e-11
LSTM,combined,pr,1.0,0.5994846309589545,4.129033226440981e-11
LSTM,combined,pr,1.0,0.5995949926362297,4.1389128235813644e-11
LSTM,combined,pr,1.0,0.5997053949548886,4.141258169720885e-11
LSTM,combined,pr,1.0,0.5998158379373849,4.142838155862805e-11
LSTM,combined,pr,1.0,0.599926321606189,4.149322899160701e-11
LSTM,combined,pr,1.0,0.6000368459837878,4.156737107297026e-11
LSTM,combined,pr,1.0,0.6001474110926848,4.157212768474139e-11
LSTM,combined,pr,1.0,0.6002580169553999,4.18558486481313e-11
LSTM,combined,pr,1.0,0.60036866359447,4.1867505989889864e-11
LSTM,combined,pr,1.0,0.6004793510324484,4.190186045360811e-11
LSTM,combined,pr,1.0,0.6005900792919049,4.215018958864114e-11
LSTM,combined,pr,1.0,0.600700848395426,4.218445037729168e-11
LSTM,combined,pr,1.0,0.6008116583656152,4.228208061451966e-11
LSTM,combined,pr,1.0,0.6009225092250923,4.254012767046511e-11
LSTM,combined,pr,1.0,0.6010334009964938,4.2571460245888204e-11
LSTM,combined,pr,1.0,0.6011443337024732,4.258413066615674e-11
LSTM,combined,pr,1.0,0.6012553073657005,4.284418306244042e-11
LSTM,combined,pr,1.0,0.6013663220088626,4.2924833826285536e-11
LSTM,combined,pr,1.0,0.601477377654663,4.3067365645965694e-11
LSTM,combined,pr,1.0,0.601588474325822,4.314193446930403e-11
LSTM,combined,pr,1.0,0.6016996120450767,4.322990576621777e-11
LSTM,combined,pr,1.0,0.6018107908351811,4.331466782470095e-11
LSTM,combined,pr,1.0,0.6019220107189059,4.352029153720238e-11
LSTM,combined,pr,1.0,0.6020332717190389,4.3698208246345516e-11
LSTM,combined,pr,1.0,0.6021445738583842,4.3729641435730215e-11
LSTM,combined,pr,1.0,0.6022559171597633,4.377195134130929e-11
LSTM,combined,pr,1.0,0.6023673016460144,4.395123154310454e-11
LSTM,combined,pr,1.0,0.6024787273399926,4.4004497962157885e-11
LSTM,combined,pr,1.0,0.6025901942645698,4.429484903867298e-11
LSTM,combined,pr,1.0,0.6027017024426351,4.436883499492339e-11
LSTM,combined,pr,1.0,0.6028132518970942,4.4543594507340245e-11
LSTM,combined,pr,1.0,0.6029248426508701,4.455124116842235e-11
LSTM,combined,pr,1.0,0.6030364747269025,4.469260725392665e-11
LSTM,combined,pr,1.0,0.6031481481481481,4.471068307254633e-11
LSTM,combined,pr,1.0,0.603259862937581,4.492961558355546e-11
LSTM,combined,pr,1.0,0.6033716191181919,4.5160993000781247e-11
LSTM,combined,pr,1.0,0.6034834167129887,4.5179599644784574e-11
LSTM,combined,pr,1.0,0.6035952557449963,4.5220379524257837e-11
LSTM,combined,pr,1.0,0.6037071362372567,4.554063723349877e-11
LSTM,combined,pr,1.0,0.6038190582128291,4.5581045882148175e-11
LSTM,combined,pr,1.0,0.6039310216947895,4.575927137207003e-11
LSTM,combined,pr,1.0,0.6040430267062314,4.6001584486088376e-11
LSTM,combined,pr,1.0,0.6041550732702653,4.644734943881623e-11
LSTM,combined,pr,1.0,0.6042671614100186,4.649113385934989e-11
LSTM,combined,pr,1.0,0.6043792911486361,4.6530522490595416e-11
LSTM,combined,pr,1.0,0.6044914625092799,4.6580780899141416e-11
LSTM,combined,pr,1.0,0.6046036755151291,4.668253283934831e-11
LSTM,combined,pr,1.0,0.6047159301893799,4.684397314491662e-11
LSTM,combined,pr,1.0,0.604828226555246,4.6982667756267915e-11
LSTM,combined,pr,1.0,0.6049405646359584,4.700130909474076e-11
LSTM,combined,pr,1.0,0.605052944454765,4.7003283210056424e-11
LSTM,combined,pr,1.0,0.6055028815765012,4.709697215554698e-11
LSTM,combined,pr,1.0,0.6057281011716571,4.710685314046614e-11
LSTM,combined,pr,1.0,0.6058407738095238,4.7132377861691666e-11
LSTM,combined,pr,1.0,0.6059534883720931,4.716214571653943e-11
LSTM,combined,pr,1.0,0.6060662448827688,4.7520983675886086e-11
LSTM,combined,pr,1.0,0.606179043364973,4.7717257228852006e-11
LSTM,combined,pr,1.0,0.6062918838421445,4.7746574055596014e-11
LSTM,combined,pr,1.0,0.6064047663377398,4.7845120226819304e-11
LSTM,combined,pr,1.0,0.6065176908752328,4.8535488128553794e-11
LSTM,combined,pr,1.0,0.6066306574781151,4.8576143107936787e-11
LSTM,combined,pr,1.0,0.6067436661698957,4.873576542330227e-11
LSTM,combined,pr,1.0,0.606856716974101,4.875677986349025e-11
LSTM,combined,pr,1.0,0.6069698099142751,4.901047970240491e-11
LSTM,combined,pr,1.0,0.6070829450139795,4.930695782223715e-11
LSTM,combined,pr,1.0,0.6071961222967934,4.9381779915202983e-11
LSTM,combined,pr,1.0,0.6073093417863137,4.946916834502879e-11
LSTM,combined,pr,1.0,0.6074226035061544,4.9655682343718865e-11
LSTM,combined,pr,1.0,0.6075359074799478,4.967188119153754e-11
LSTM,combined,pr,1.0,0.6076492537313433,4.982084883531357e-11
LSTM,combined,pr,1.0,0.6077626422840082,5.0034448806357545e-11
LSTM,combined,pr,1.0,0.6078760731616275,5.015627149718149e-11
LSTM,combined,pr,1.0,0.6079895463879037,5.07419835316103e-11
LSTM,combined,pr,1.0,0.6081030619865572,5.087533172520864e-11
LSTM,combined,pr,1.0,0.6082166199813258,5.088629517757681e-11
LSTM,combined,pr,1.0,0.6083302203959656,5.0899885001287615e-11
LSTM,combined,pr,1.0,0.6084438632542499,5.1172739656824007e-11
LSTM,combined,pr,1.0,0.6085575485799701,5.137155631440571e-11
LSTM,combined,pr,1.0,0.6086712763969352,5.1480236740175656e-11
LSTM,combined,pr,1.0,0.6087850467289719,5.148553805511824e-11
LSTM,combined,pr,1.0,0.6088988595999252,5.149761866940494e-11
LSTM,combined,pr,1.0,0.6090127150336574,5.158088192680488e-11
LSTM,combined,pr,1.0,0.609126613054049,5.2365188574210464e-11
LSTM,combined,pr,1.0,0.6092405536849981,5.24175529370563e-11
LSTM,combined,pr,1.0,0.609354536950421,5.262873123412781e-11
LSTM,combined,pr,1.0,0.6094685628742516,5.2829272206844635e-11
LSTM,combined,pr,1.0,0.6095826314804417,5.2863744631759246e-11
LSTM,combined,pr,1.0,0.6096967427929615,5.3043323205992365e-11
LSTM,combined,pr,1.0,0.6098108968357986,5.3109634745585055e-11
LSTM,combined,pr,1.0,0.6099250936329588,5.317805223947758e-11
LSTM,combined,pr,1.0,0.610039333208466,5.3341605438239625e-11
LSTM,combined,pr,1.0,0.6101536155863619,5.3598812888022707e-11
LSTM,combined,pr,1.0,0.6102679407907063,5.370421815587001e-11
LSTM,combined,pr,1.0,0.6103823088455772,5.388921947568903e-11
LSTM,combined,pr,1.0,0.6104967197750703,5.389466997685055e-11
LSTM,combined,pr,1.0,0.6106111736032996,5.414142745241435e-11
LSTM,combined,pr,1.0,0.6107256703543972,5.425814311732502e-11
LSTM,combined,pr,1.0,0.6109547927218157,5.435270983289442e-11
LSTM,combined,pr,1.0,0.6110694183864915,5.4589485709577446e-11
LSTM,combined,pr,1.0,0.611184087070745,5.462760799268551e-11
LSTM,combined,pr,1.0,0.6112987987987988,5.496760338563611e-11
LSTM,combined,pr,1.0,0.6114135535948939,5.514686277074965e-11
LSTM,combined,pr,1.0,0.6115283514832895,5.5327128295479255e-11
LSTM,combined,pr,1.0,0.6116431924882629,5.542873798836112e-11
LSTM,combined,pr,1.0,0.6117580766341096,5.543370623639632e-11
LSTM,combined,pr,1.0,0.6118730039451438,5.5677105287310624e-11
LSTM,combined,pr,1.0,0.6119879744456971,5.572055664093689e-11
LSTM,combined,pr,1.0,0.612218045112782,5.595816865433534e-11
LSTM,combined,pr,1.0,0.6123331453280692,5.596190524870259e-11
LSTM,combined,pr,1.0,0.6124482888303874,5.618521967121204e-11
LSTM,combined,pr,1.0,0.6125634756441602,5.647197293123796e-11
LSTM,combined,pr,1.0,0.61267870579383,5.664792246395933e-11
LSTM,combined,pr,1.0,0.612793979303857,5.6766466527413684e-11
LSTM,combined,pr,1.0,0.6129092961987204,5.708307090901421e-11
LSTM,combined,pr,1.0,0.6130246565029174,5.741699130035194e-11
LSTM,combined,pr,1.0,0.6131400602409639,5.7475611076052147e-11
LSTM,combined,pr,1.0,0.6132555074373941,5.748427081564422e-11
LSTM,combined,pr,1.0,0.6133709981167609,5.820604762063475e-11
LSTM,combined,pr,1.0,0.6134865323036354,5.822125420662516e-11
LSTM,combined,pr,1.0,0.6136021100226073,5.841457872968192e-11
LSTM,combined,pr,1.0,0.6137177312982853,5.850957912612031e-11
LSTM,combined,pr,1.0,0.6138333961552959,5.861457846867424e-11
LSTM,combined,pr,1.0,0.6139491046182847,5.869501412680833e-11
LSTM,combined,pr,1.0,0.6141806524608712,5.899378902052277e-11
LSTM,combined,pr,1.0,0.6142964918898529,5.926152624180503e-11
LSTM,combined,pr,1.0,0.6144123750235805,5.93735338672019e-11
LSTM,combined,pr,1.0,0.6145283018867924,5.947304454467783e-11
LSTM,combined,pr,1.0,0.6146442725042461,5.95074267639717e-11
LSTM,combined,pr,1.0,0.6147602869007173,5.960647947444997e-11
LSTM,combined,pr,1.0,0.6148763451010005,5.970889060957774e-11
LSTM,combined,pr,1.0,0.6149924471299094,5.972882605176366e-11
LSTM,combined,pr,1.0,0.6151085930122757,5.97837612748009e-11
LSTM,combined,pr,1.0,0.6152247827729506,5.994955920574085e-11
LSTM,combined,pr,1.0,0.6153410164368033,6.036468547243601e-11
LSTM,combined,pr,1.0,0.6154572940287226,6.063771706976695e-11
LSTM,combined,pr,1.0,0.6155736155736156,6.066154523143297e-11
LSTM,combined,pr,1.0,0.6156899810964083,6.081864178941743e-11
LSTM,combined,pr,1.0,0.6158063906220458,6.116788325849498e-11
LSTM,combined,pr,1.0,0.6159228441754917,6.135881386315489e-11
LSTM,combined,pr,1.0,0.6160393417817288,6.145532693846434e-11
LSTM,combined,pr,1.0,0.6161558834657586,6.162082649696643e-11
LSTM,combined,pr,1.0,0.6162724692526017,6.17292814086845e-11
LSTM,combined,pr,1.0,0.6163890991672974,6.20319073885156e-11
LSTM,combined,pr,1.0,0.6165057732349044,6.205415348237153e-11
LSTM,combined,pr,1.0,0.6166224914804999,6.208007718999653e-11
LSTM,combined,pr,1.0,0.61673925392918,6.251294620840397e-11
LSTM,combined,pr,1.0,0.6168560606060606,6.251914264066016e-11
LSTM,combined,pr,1.0,0.6169729115362758,6.25346510685354e-11
LSTM,combined,pr,1.0,0.6170898067449792,6.299771121431874e-11
LSTM,combined,pr,1.0,0.6172067462573432,6.315411388291281e-11
LSTM,combined,pr,1.0,0.6174407582938388,6.324114149025561e-11
LSTM,combined,pr,1.0,0.6175578308684111,6.353566284200696e-11
LSTM,combined,pr,1.0,0.6176749478475251,6.353905596112597e-11
LSTM,combined,pr,1.0,0.6177921092564491,6.369169774922412e-11
LSTM,combined,pr,1.0,0.6179093151204705,6.390549894819131e-11
LSTM,combined,pr,1.0,0.6180265654648956,6.402371688363218e-11
LSTM,combined,pr,1.0,0.6181438603150503,6.440659117146197e-11
LSTM,combined,pr,1.0,0.6182611996962795,6.478471231696759e-11
LSTM,combined,pr,1.0,0.6183785836339473,6.483898140619004e-11
LSTM,combined,pr,1.0,0.6184960121534372,6.517524714366729e-11
LSTM,combined,pr,1.0,0.6186134852801519,6.525983226035592e-11
LSTM,combined,pr,1.0,0.6187310030395137,6.540674946098335e-11
LSTM,combined,pr,1.0,0.6188485654569638,6.544755709603223e-11
LSTM,combined,pr,1.0,0.6189661725579627,6.553024789468509e-11
LSTM,combined,pr,1.0,0.6190838243679909,6.598793039769291e-11
LSTM,combined,pr,1.0,0.6192015209125475,6.604774366314459e-11
LSTM,combined,pr,1.0,0.6193192622171515,6.614191139231451e-11
LSTM,combined,pr,1.0,0.6194370483073411,6.689668957671202e-11
LSTM,combined,pr,1.0,0.6195548792086741,6.694008541918706e-11
LSTM,combined,pr,1.0,0.6196727549467276,6.69534913622094e-11
LSTM,combined,pr,1.0,0.619790675547098,6.740311087050088e-11
LSTM,combined,pr,1.0,0.6199086410354016,6.742471164722375e-11
LSTM,combined,pr,1.0,0.620026651437274,6.768563487469237e-11
LSTM,combined,pr,1.0,0.6201447067783702,6.781628036911513e-11
LSTM,combined,pr,1.0,0.6202628070843649,6.783232309182097e-11
LSTM,combined,pr,1.0,0.6203809523809524,6.792748308281915e-11
LSTM,combined,pr,1.0,0.6204991426938464,6.805106478324774e-11
LSTM,combined,pr,1.0,0.6206173780487805,6.817344605503095e-11
LSTM,combined,pr,1.0,0.6207356584715076,6.875021385521762e-11
LSTM,combined,pr,1.0,0.6208539839878002,6.883563163917472e-11
LSTM,combined,pr,1.0,0.6209723546234509,6.910478439481338e-11
LSTM,combined,pr,1.0,0.6210907704042715,6.910689381856017e-11
LSTM,combined,pr,1.0,0.6212092313560938,6.935779034433764e-11
LSTM,combined,pr,1.0,0.6213277375047692,6.962393855891591e-11
LSTM,combined,pr,1.0,0.6214462888761687,6.98929733533582e-11
LSTM,combined,pr,1.0,0.6215648854961832,6.994871348808829e-11
LSTM,combined,pr,1.0,0.6216835273907234,7.090241588292301e-11
LSTM,combined,pr,1.0,0.6218022145857197,7.096641330139875e-11
LSTM,combined,pr,1.0,0.6219209471071224,7.108969662938946e-11
LSTM,combined,pr,1.0,0.6220397249809014,7.142335334275884e-11
LSTM,combined,pr,1.0,0.6221585482330468,7.184965816753319e-11
LSTM,combined,pr,1.0,0.6222774168895682,7.200728902034825e-11
LSTM,combined,pr,1.0,0.6223963309764953,7.222586417832133e-11
LSTM,combined,pr,1.0,0.6225152905198776,7.243763228137468e-11
LSTM,combined,pr,1.0,0.6226342955457848,7.259364637191013e-11
LSTM,combined,pr,1.0,0.622753346080306,7.267774576602548e-11
LSTM,combined,pr,1.0,0.6228724421495506,7.281872327347116e-11
LSTM,combined,pr,1.0,0.622991583779648,7.284775560556511e-11
LSTM,combined,pr,1.0,0.6231107709967476,7.294619769337984e-11
LSTM,combined,pr,1.0,0.6232300038270188,7.324566647648467e-11
LSTM,combined,pr,1.0,0.6233492822966508,7.332212614841183e-11
LSTM,combined,pr,1.0,0.623468606431853,7.405946689242882e-11
LSTM,combined,pr,1.0,0.6235879762588551,7.416859487685556e-11
LSTM,combined,pr,1.0,0.6237073918039066,7.41697259165619e-11
LSTM,combined,pr,1.0,0.6238268530932771,7.42150091381788e-11
LSTM,combined,pr,1.0,0.6239463601532567,7.437145344013629e-11
LSTM,combined,pr,1.0,0.6241855116903028,7.523922457286503e-11
LSTM,combined,pr,1.0,0.6243051562200498,7.534606966119739e-11
LSTM,combined,pr,1.0,0.6244248466257669,7.546803459934637e-11
LSTM,combined,pr,1.0,0.6245445829338446,7.56689572112279e-11
LSTM,combined,pr,1.0,0.6246643651706942,7.567502180449992e-11
LSTM,combined,pr,1.0,0.6247841933627469,7.605500257357178e-11
LSTM,combined,pr,1.0,0.6249040675364543,7.652908862176844e-11
LSTM,combined,pr,1.0,0.6250239877182883,7.66860186462992e-11
LSTM,combined,pr,1.0,0.6251439539347409,7.668616436307119e-11
LSTM,combined,pr,1.0,0.6252639662123248,7.68051733324171e-11
LSTM,combined,pr,1.0,0.6253840245775729,7.695650366956741e-11
LSTM,combined,pr,1.0,0.6255041290570386,7.702347093463402e-11
LSTM,combined,pr,1.0,0.6256242796772954,7.718729821970527e-11
LSTM,combined,pr,1.0,0.6257444764649376,7.738557017411551e-11
LSTM,combined,pr,1.0,0.6258647194465795,7.747225777565703e-11
LSTM,combined,pr,1.0,0.6259850086488564,7.767792659096884e-11
LSTM,combined,pr,1.0,0.6261053440984237,7.874226964910136e-11
LSTM,combined,pr,1.0,0.6262257258219573,7.878162705532432e-11
LSTM,combined,pr,1.0,0.6263461538461539,7.911214738864913e-11
LSTM,combined,pr,1.0,0.6264666281977304,7.916558381060312e-11
LSTM,combined,pr,1.0,0.6265871489034244,7.918733030409797e-11
LSTM,combined,pr,1.0,0.6267077159899942,7.937393103896184e-11
LSTM,combined,pr,1.0,0.6268283294842186,7.937499268972914e-11
LSTM,combined,pr,1.0,0.626948989412897,8.022046221745072e-11
LSTM,combined,pr,1.0,0.6270696958028494,8.078043095549603e-11
LSTM,combined,pr,1.0,0.6271904486809167,8.080246888253484e-11
LSTM,combined,pr,1.0,0.62731124807396,8.134772022660997e-11
LSTM,combined,pr,1.0,0.6274320940088615,8.138124202305974e-11
LSTM,combined,pr,1.0,0.6275529865125241,8.177022253752497e-11
LSTM,combined,pr,1.0,0.6276739256118713,8.199606271741544e-11
LSTM,combined,pr,1.0,0.6277949113338473,8.207710899821308e-11
LSTM,combined,pr,1.0,0.6279159437054174,8.219429303846226e-11
LSTM,combined,pr,1.0,0.6280370227535673,8.236425430574457e-11
LSTM,combined,pr,1.0,0.6281581485053037,8.245353011471224e-11
LSTM,combined,pr,1.0,0.6282793209876543,8.273773333122847e-11
LSTM,combined,pr,1.0,0.6284005402276673,8.277892954433597e-11
LSTM,combined,pr,1.0,0.6285218062524122,8.285633290583405e-11
LSTM,combined,pr,1.0,0.628643119088979,8.3372496406664e-11
LSTM,combined,pr,1.0,0.6287644787644787,8.356513397922427e-11
LSTM,combined,pr,1.0,0.6288858853060436,8.381574601035169e-11
LSTM,combined,pr,1.0,0.6290073387408266,8.401549594916347e-11
LSTM,combined,pr,1.0,0.6291288390960016,8.411490948212474e-11
LSTM,combined,pr,1.0,0.6292503863987635,8.441964488570264e-11
LSTM,combined,pr,1.0,0.6294936219559335,8.446764121483596e-11
LSTM,combined,pr,1.0,0.6296153102648366,8.467702233838637e-11
LSTM,combined,pr,1.0,0.6297370456303171,8.468929724170238e-11
LSTM,combined,pr,1.0,0.6298588280796751,8.478368701547723e-11
LSTM,combined,pr,1.0,0.6299806576402321,8.565017445283374e-11
LSTM,combined,pr,1.0,0.6301025343393306,8.60846741113086e-11
LSTM,combined,pr,1.0,0.6302244582043344,8.630892528449507e-11
LSTM,combined,pr,1.0,0.6303464292626282,8.701174503134013e-11
LSTM,combined,pr,1.0,0.6304684475416182,8.729067468848939e-11
LSTM,combined,pr,1.0,0.6305905130687318,8.764051290244268e-11
LSTM,combined,pr,1.0,0.6307126258714175,8.82866141305172e-11
LSTM,combined,pr,1.0,0.630834785977145,8.834557391201869e-11
LSTM,combined,pr,1.0,0.6309569934134056,8.839023957207814e-11
LSTM,combined,pr,1.0,0.6310792482077117,8.873686507815393e-11
LSTM,combined,pr,1.0,0.631201550387597,8.877529267259376e-11
LSTM,combined,pr,1.0,0.6313238999806164,8.91271709213548e-11
LSTM,combined,pr,1.0,0.6314462970143466,8.96847943132606e-11
LSTM,combined,pr,1.0,0.6315687415163855,8.978166821105305e-11
LSTM,combined,pr,1.0,0.6316912335143522,9.00332378095392e-11
LSTM,combined,pr,1.0,0.6318137730358875,9.091382507930845e-11
LSTM,combined,pr,1.0,0.6319363601086535,9.109121790196184e-11
LSTM,combined,pr,1.0,0.6320589947603338,9.178184601221773e-11
LSTM,combined,pr,1.0,0.6321816770186336,9.200689515820315e-11
LSTM,combined,pr,1.0,0.6323044069112793,9.21938081432927e-11
LSTM,combined,pr,1.0,0.6324271844660194,9.301353437463078e-11
LSTM,combined,pr,1.0,0.6325500097106235,9.378847004581914e-11
LSTM,combined,pr,1.0,0.6326728826728827,9.383123444894892e-11
LSTM,combined,pr,1.0,0.63279580338061,9.3993701710815e-11
LSTM,combined,pr,1.0,0.6329187718616401,9.477300888516282e-11
LSTM,combined,pr,1.0,0.6330417881438289,9.539324885565748e-11
LSTM,combined,pr,1.0,0.6331648522550545,9.566583636377857e-11
LSTM,combined,pr,1.0,0.633287964223216,9.58166671005678e-11
LSTM,combined,pr,1.0,0.6334111240762349,9.588943528093807e-11
LSTM,combined,pr,1.0,0.6335343318420541,9.615371693305619e-11
LSTM,combined,pr,1.0,0.6336575875486381,9.683709389918249e-11
LSTM,combined,pr,1.0,0.6337808912239735,9.729141103864691e-11
LSTM,combined,pr,1.0,0.6339042428960685,9.765301067776733e-11
LSTM,combined,pr,1.0,0.6340276425929531,9.776427584151648e-11
LSTM,combined,pr,1.0,0.6341510903426791,9.780008053406064e-11
LSTM,combined,pr,1.0,0.6342745861733203,9.825442542910068e-11
LSTM,combined,pr,1.0,0.6343981301129723,9.827054447963945e-11
LSTM,combined,pr,1.0,0.6345217221897526,9.829003583261553e-11
LSTM,combined,pr,1.0,0.6346453624318005,9.89532969453144e-11
LSTM,combined,pr,1.0,0.6347690508672773,9.956024199508917e-11
LSTM,combined,pr,1.0,0.6348927875243665,9.995201194490377e-11
LSTM,combined,pr,1.0,0.6350165724312732,1.0001589834107705e-10
LSTM,combined,pr,1.0,0.6351404056162246,1.0018333385097833e-10
LSTM,combined,pr,1.0,0.6352642871074703,1.002925034687685e-10
LSTM,combined,pr,1.0,0.6353882169332813,1.0034838238137667e-10
LSTM,combined,pr,1.0,0.6355121951219512,1.0064510336249555e-10
LSTM,combined,pr,1.0,0.6356362217017955,1.0080571100079538e-10
LSTM,combined,pr,1.0,0.6357602967011516,1.0086264462527694e-10
LSTM,combined,pr,1.0,0.6358844201483795,1.0094424601758689e-10
LSTM,combined,pr,1.0,0.636008592071861,1.0106619013905416e-10
LSTM,combined,pr,1.0,0.6361328125,1.0239043640725143e-10
LSTM,combined,pr,1.0,0.6362570814612228,1.0271240108439272e-10
LSTM,combined,pr,1.0,0.6363813989839782,1.0307861508795924e-10
LSTM,combined,pr,1.0,0.6365057650967364,1.0387517929144607e-10
LSTM,combined,pr,1.0,0.6366301798279906,1.0450115772719926e-10
LSTM,combined,pr,1.0,0.6367546432062561,1.0456815274784148e-10
LSTM,combined,pr,1.0,0.6368791552600704,1.0466352784455069e-10
LSTM,combined,pr,1.0,0.6370037160179933,1.0477758244364921e-10
LSTM,combined,pr,1.0,0.6371283255086072,1.0516620213563144e-10
LSTM,combined,pr,1.0,0.6372529837605165,1.0590676252641984e-10
LSTM,combined,pr,1.0,0.6373776908023483,1.0616219708881047e-10
LSTM,combined,pr,1.0,0.637502446662752,1.068942781512483e-10
LSTM,combined,pr,1.0,0.6376272513703993,1.0750748208332439e-10
LSTM,combined,pr,1.0,0.6377521049539847,1.0794636712274652e-10
LSTM,combined,pr,1.0,0.6378770074422249,1.0795460358981046e-10
LSTM,combined,pr,1.0,0.6380019588638589,1.0810233957991855e-10
LSTM,combined,pr,1.0,0.638126959247649,1.083180212191337e-10
LSTM,combined,pr,1.0,0.638252008622379,1.0881375661631054e-10
LSTM,combined,pr,1.0,0.6383771070168561,1.0961783564189531e-10
LSTM,combined,pr,1.0,0.6385022544599098,1.0971572955709163e-10
LSTM,combined,pr,1.0,0.6386274509803922,1.1015208190023884e-10
LSTM,combined,pr,1.0,0.6387526966071779,1.1016489803727936e-10
LSTM,combined,pr,1.0,0.6388779913691643,1.1044323788844679e-10
LSTM,combined,pr,1.0,0.6390033352952718,1.1054756415829203e-10
LSTM,combined,pr,1.0,0.6391287284144427,1.1166393504291605e-10
LSTM,combined,pr,1.0,0.6392541707556428,1.1189717902260199e-10
LSTM,combined,pr,1.0,0.6393796623478603,1.1191617771411089e-10
LSTM,combined,pr,1.0,0.6395052032201061,1.1235613134319422e-10
LSTM,combined,pr,1.0,0.6396307934014139,1.127302834413868e-10
LSTM,combined,pr,1.0,0.6397564329208407,1.1324037541005083e-10
LSTM,combined,pr,1.0,0.6398821218074656,1.1330000826426101e-10
LSTM,combined,pr,1.0,0.640007860090391,1.134855751039332e-10
LSTM,combined,pr,1.0,0.6401336477987422,1.1420540207973673e-10
LSTM,combined,pr,1.0,0.640259484961667,1.1433682473027673e-10
LSTM,combined,pr,1.0,0.6403853716083366,1.1446905923140349e-10
LSTM,combined,pr,1.0,0.640511307767945,1.1454790588283359e-10
LSTM,combined,pr,1.0,0.6406372934697089,1.1454812098854461e-10
LSTM,combined,pr,1.0,0.6407633287428683,1.1456909726481612e-10
LSTM,combined,pr,1.0,0.6408894136166864,1.1494689228230826e-10
LSTM,combined,pr,1.0,0.6410155481204487,1.1541086836208692e-10
LSTM,combined,pr,1.0,0.6411417322834646,1.1592291709883185e-10
LSTM,combined,pr,1.0,0.641267966135066,1.1606517830164975e-10
LSTM,combined,pr,1.0,0.6413942497046081,1.1640104852217448e-10
LSTM,combined,pr,1.0,0.6415205830214694,1.1653010500989325e-10
LSTM,combined,pr,1.0,0.6416469661150512,1.1756845497146173e-10
LSTM,combined,pr,1.0,0.6417733990147784,1.1786864539953257e-10
LSTM,combined,pr,1.0,0.6418998817500985,1.1840177449595757e-10
LSTM,combined,pr,1.0,0.6420264143504829,1.1869707994272005e-10
LSTM,combined,pr,1.0,0.6421529968454258,1.1888263984349834e-10
LSTM,combined,pr,1.0,0.6422796292644449,1.1997008941833087e-10
LSTM,combined,pr,1.0,0.6424063116370808,1.203167981911335e-10
LSTM,combined,pr,1.0,0.642533043992898,1.2045686670347777e-10
LSTM,combined,pr,1.0,0.6426598263614838,1.2070916488582384e-10
LSTM,combined,pr,1.0,0.6427866587724492,1.2079001687759217e-10
LSTM,combined,pr,1.0,0.6429135412554283,1.2104463265050214e-10
LSTM,combined,pr,1.0,0.643040473840079,1.231857671424308e-10
LSTM,combined,pr,1.0,0.6431674565560821,1.2358655765432047e-10
LSTM,combined,pr,1.0,0.6432944894331424,1.2442764873998868e-10
LSTM,combined,pr,1.0,0.6434215725009877,1.2453757469721438e-10
LSTM,combined,pr,1.0,0.6435487057893697,1.24956350822103e-10
LSTM,combined,pr,1.0,0.6436758893280632,1.2498757584467057e-10
LSTM,combined,pr,1.0,0.6438031231468669,1.254076148482497e-10
LSTM,combined,pr,1.0,0.643930407275603,1.259584936352809e-10
LSTM,combined,pr,1.0,0.6440577417441171,1.2602746624068573e-10
LSTM,combined,pr,1.0,0.6441851265822784,1.2625073209093784e-10
LSTM,combined,pr,1.0,0.6443125618199802,1.2658396553177909e-10
LSTM,combined,pr,1.0,0.6444400474871389,1.2693743278724412e-10
LSTM,combined,pr,1.0,0.6445675836136948,1.2776768532063443e-10
LSTM,combined,pr,1.0,0.644695170229612,1.2803945403927486e-10
LSTM,combined,pr,1.0,0.6448228073648783,1.282572381633429e-10
LSTM,combined,pr,1.0,0.644950495049505,1.2873736798812985e-10
LSTM,combined,pr,1.0,0.6450782333135274,1.2877224286889088e-10
LSTM,combined,pr,1.0,0.6452060221870047,1.3053741421131804e-10
LSTM,combined,pr,1.0,0.6453338617000198,1.319870046589955e-10
LSTM,combined,pr,1.0,0.6454617518826794,1.3251520714074871e-10
LSTM,combined,pr,1.0,0.645589692765114,1.3284698341387013e-10
LSTM,combined,pr,1.0,0.6457176843774782,1.3286978461923837e-10
LSTM,combined,pr,1.0,0.6458457267499504,1.3437218004952456e-10
LSTM,combined,pr,1.0,0.6459738199127331,1.354436424128025e-10
LSTM,combined,pr,1.0,0.6461019638960523,1.356302986588176e-10
LSTM,combined,pr,1.0,0.6462301587301588,1.367809060459635e-10
LSTM,combined,pr,1.0,0.6463584044453264,1.3699943957057314e-10
LSTM,combined,pr,1.0,0.6464867010718539,1.3770573570326405e-10
LSTM,combined,pr,1.0,0.6466150486400636,1.3776747798122102e-10
LSTM,combined,pr,1.0,0.6467434471803019,1.3777456953079081e-10
LSTM,combined,pr,1.0,0.6468718967229394,1.3822519517869836e-10
LSTM,combined,pr,1.0,0.6470003972983711,1.382679110095708e-10
LSTM,combined,pr,1.0,0.6471289489370157,1.383890085859818e-10
LSTM,combined,pr,1.0,0.6472575516693164,1.384790476732789e-10
LSTM,combined,pr,1.0,0.6473862055257404,1.3862386238905344e-10
LSTM,combined,pr,1.0,0.6475149105367793,1.3977907720175153e-10
LSTM,combined,pr,1.0,0.6476436667329489,1.398729465584836e-10
LSTM,combined,pr,1.0,0.6477724741447892,1.3999172654433067e-10
LSTM,combined,pr,1.0,0.6479013328028645,1.4005314963316806e-10
LSTM,combined,pr,1.0,0.6480302427377637,1.4016164617824955e-10
LSTM,combined,pr,1.0,0.6481592039800995,1.4088209765450443e-10
LSTM,combined,pr,1.0,0.6482882165605095,1.4190257302537646e-10
LSTM,combined,pr,1.0,0.6484172805096556,1.4236126166800034e-10
LSTM,combined,pr,1.0,0.6485463958582238,1.4290291172613934e-10
LSTM,combined,pr,1.0,0.6486755626369249,1.4378574719753345e-10
LSTM,combined,pr,1.0,0.6488047808764941,1.4422137095682075e-10
LSTM,combined,pr,1.0,0.6490633718612994,1.4429291095297003e-10
LSTM,combined,pr,1.0,0.6491927446681284,1.4499143552448857e-10
LSTM,combined,pr,1.0,0.6493221690590112,1.4558806937792212e-10
LSTM,combined,pr,1.0,0.6494516450648056,1.4572809625690297e-10
LSTM,combined,pr,1.0,0.6495811727163942,1.46029716097118e-10
LSTM,combined,pr,1.0,0.6497107520446839,1.4642044521284703e-10
LSTM,combined,pr,1.0,0.6498403830806065,1.464578736065647e-10
LSTM,combined,pr,1.0,0.6499700658551187,1.4716633467415363e-10
LSTM,combined,pr,1.0,0.6500998003992016,1.4721265872985612e-10
LSTM,combined,pr,1.0,0.650229586743861,1.475063682310207e-10
LSTM,combined,pr,1.0,0.6503594249201278,1.4771132927915431e-10
LSTM,combined,pr,1.0,0.6504893149590574,1.4793379021771358e-10
LSTM,combined,pr,1.0,0.65061925689173,1.481277600579034e-10
LSTM,combined,pr,1.0,0.6507492507492507,1.4891159139107657e-10
LSTM,combined,pr,1.0,0.6508792965627498,1.492012902115647e-10
LSTM,combined,pr,1.0,0.651009394363382,1.5007407816458596e-10
LSTM,combined,pr,1.0,0.6511395441823271,1.5013448817491337e-10
LSTM,combined,pr,1.0,0.6512697460507898,1.514162267790553e-10
LSTM,combined,pr,1.0,0.6514,1.5205264825013387e-10
LSTM,combined,pr,1.0,0.6515303060612122,1.527575704818318e-10
LSTM,combined,pr,1.0,0.6516606642657062,1.5295406607940265e-10
LSTM,combined,pr,1.0,0.6517910746447869,1.5295990862806974e-10
LSTM,combined,pr,1.0,0.6519215372297839,1.5298849687095384e-10
LSTM,combined,pr,1.0,0.6520520520520521,1.5326946656291085e-10
LSTM,combined,pr,1.0,0.6521826191429716,1.5351171722688406e-10
LSTM,combined,pr,1.0,0.6523132385339475,1.5454879043197423e-10
LSTM,combined,pr,1.0,0.6524439102564102,1.5476353532051235e-10
LSTM,combined,pr,1.0,0.6525746343418153,1.5478508752497788e-10
LSTM,combined,pr,1.0,0.6527054108216432,1.5546293419266277e-10
LSTM,combined,pr,1.0,0.6528362397274002,1.5584770973742224e-10
LSTM,combined,pr,1.0,0.6529671210906175,1.5615864157325632e-10
LSTM,combined,pr,1.0,0.6530980549428514,1.5767065431049332e-10
LSTM,combined,pr,1.0,0.6532290413156839,1.577810659902923e-10
LSTM,combined,pr,1.0,0.6533600802407221,1.579032876675157e-10
LSTM,combined,pr,1.0,0.6534911717495987,1.5932731523005117e-10
LSTM,combined,pr,1.0,0.6536223158739715,1.5936439667907365e-10
LSTM,combined,pr,1.0,0.6537535126455238,1.5943826814357465e-10
LSTM,combined,pr,1.0,0.6538847620959647,1.596543314219545e-10
LSTM,combined,pr,1.0,0.6540160642570281,1.5991491464362184e-10
LSTM,combined,pr,1.0,0.654147419160474,1.6116913359454088e-10
LSTM,combined,pr,1.0,0.6542788268380876,1.616916461832929e-10
LSTM,combined,pr,1.0,0.6544102873216797,1.625057172160993e-10
LSTM,combined,pr,1.0,0.6545418006430869,1.6270265690288e-10
LSTM,combined,pr,1.0,0.6546733668341709,1.6471161934372702e-10
LSTM,combined,pr,1.0,0.6548049859268195,1.6495810273298162e-10
LSTM,combined,pr,1.0,0.6550683829444891,1.661155935028802e-10
LSTM,combined,pr,1.0,0.6552001609334138,1.6756859788635836e-10
LSTM,combined,pr,1.0,0.6553319919517102,1.6786834422521935e-10
LSTM,combined,pr,1.0,0.6554638760313947,1.6873731578659346e-10
LSTM,combined,pr,1.0,0.6555958132045089,1.69678104899873e-10
LSTM,combined,pr,1.0,0.6557278035031205,1.6999167351539057e-10
LSTM,combined,pr,1.0,0.6558598469593234,1.7011979325243232e-10
LSTM,combined,pr,1.0,0.6559919436052366,1.7013568331947226e-10
LSTM,combined,pr,1.0,0.6561240934730056,1.7029250232170057e-10
LSTM,combined,pr,1.0,0.6562562965948016,1.712762431882453e-10
LSTM,combined,pr,1.0,0.6563885530028214,1.726291332104779e-10
LSTM,combined,pr,1.0,0.6565208627292884,1.739681454449027e-10
LSTM,combined,pr,1.0,0.6566532258064516,1.7429628573761846e-10
LSTM,combined,pr,1.0,0.656785642266586,1.74439296340978e-10
LSTM,combined,pr,1.0,0.6569181121419927,1.7538276386730445e-10
LSTM,combined,pr,1.0,0.657050635464999,1.762647527936423e-10
LSTM,combined,pr,1.0,0.6571832122679581,1.7649452732637627e-10
LSTM,combined,pr,1.0,0.6573158425832493,1.7710961863759422e-10
LSTM,combined,pr,1.0,0.6574485264432781,1.776451763468856e-10
LSTM,combined,pr,1.0,0.6575812638804764,1.7819901110271985e-10
LSTM,combined,pr,1.0,0.6577140549273021,1.7877264946175586e-10
LSTM,combined,pr,1.0,0.6578468996162391,1.7904222548992266e-10
LSTM,combined,pr,1.0,0.657979797979798,1.802706872666704e-10
LSTM,combined,pr,1.0,0.6581127500505153,1.8053597505840457e-10
LSTM,combined,pr,1.0,0.6582457558609539,1.8105324184336524e-10
LSTM,combined,pr,1.0,0.6583788154437032,1.8109848343161872e-10
LSTM,combined,pr,1.0,0.6585119288313789,1.812394678779583e-10
LSTM,combined,pr,1.0,0.6586450960566228,1.814303846048304e-10
LSTM,combined,pr,1.0,0.6587783171521036,1.818173389622757e-10
LSTM,combined,pr,1.0,0.6589115921505159,1.8185791761382575e-10
LSTM,combined,pr,1.0,0.6590449210845811,1.8262366618948533e-10
LSTM,combined,pr,1.0,0.6591783039870471,1.8293219716802867e-10
LSTM,combined,pr,1.0,0.6593117408906882,1.8355818254267575e-10
LSTM,combined,pr,1.0,0.6594452318283053,1.8359179454474628e-10
LSTM,combined,pr,1.0,0.6595787768327258,1.8367339593705623e-10
LSTM,combined,pr,1.0,0.6597123759368038,1.8685286651276556e-10
LSTM,combined,pr,1.0,0.6598460291734197,1.87440771237668e-10
LSTM,combined,pr,1.0,0.6599797365754813,1.8745650864904206e-10
LSTM,combined,pr,1.0,0.6601134981759221,1.8888962616259164e-10
LSTM,combined,pr,1.0,0.6602473140077032,1.8938674239965536e-10
LSTM,combined,pr,1.0,0.6603811841038119,1.8943588364628283e-10
LSTM,combined,pr,1.0,0.6605151084972622,1.899011087269642e-10
LSTM,combined,pr,1.0,0.6606490872210954,1.9078987001375225e-10
LSTM,combined,pr,1.0,0.6607831203083789,1.9357714042822494e-10
LSTM,combined,pr,1.0,0.6609172077922078,1.939311766729901e-10
LSTM,combined,pr,1.0,0.6610513497057032,1.9401849571387686e-10
LSTM,combined,pr,1.0,0.6611855460820139,1.9542051310494912e-10
LSTM,combined,pr,1.0,0.6613197969543148,1.9584514565629263e-10
LSTM,combined,pr,1.0,0.6614541023558083,1.9694045005902439e-10
LSTM,combined,pr,1.0,0.6615884623197238,1.975412472488003e-10
LSTM,combined,pr,1.0,0.6617228768793173,1.978595065565969e-10
LSTM,combined,pr,1.0,0.6618573460678724,1.997006171539084e-10
LSTM,combined,pr,1.0,0.6619918699186992,1.999948817665853e-10
LSTM,combined,pr,1.0,0.6621264484651352,2.0037059511590627e-10
LSTM,combined,pr,1.0,0.662261081740545,2.0077189910594484e-10
LSTM,combined,pr,1.0,0.6623957697783202,2.0193402505697122e-10
LSTM,combined,pr,1.0,0.6625305126118796,2.0288451474392843e-10
LSTM,combined,pr,1.0,0.6626653102746694,2.029247742063589e-10
LSTM,combined,pr,1.0,0.6628001628001629,2.0360906016758662e-10
LSTM,combined,pr,1.0,0.6629350702218604,2.0429721803161272e-10
LSTM,combined,pr,1.0,0.6630700325732899,2.04601779962843e-10
LSTM,combined,pr,1.0,0.6632050498880065,2.0474309747608999e-10
LSTM,combined,pr,1.0,0.6633401221995927,2.0520050936223555e-10
LSTM,combined,pr,1.0,0.6634752495416582,2.0712809245537755e-10
LSTM,combined,pr,1.0,0.6636104319478403,2.072498006544521e-10
LSTM,combined,pr,1.0,0.6637456694518036,2.0832900682332678e-10
LSTM,combined,pr,1.0,0.6638809620872401,2.087211653512e-10
LSTM,combined,pr,1.0,0.6640163098878695,2.0995853666772035e-10
LSTM,combined,pr,1.0,0.6641517128874388,2.104123542068237e-10
LSTM,combined,pr,1.0,0.6642871711197226,2.1317218823480033e-10
LSTM,combined,pr,1.0,0.664422684618523,2.1430919538989457e-10
LSTM,combined,pr,1.0,0.6645582534176698,2.147843014554951e-10
LSTM,combined,pr,1.0,0.6648295570524597,2.1552748474817918e-10
LSTM,combined,pr,1.0,0.6649652919559004,2.1642676539812555e-10
LSTM,combined,pr,1.0,0.6651010822952829,2.1695041596547782e-10
LSTM,combined,pr,1.0,0.6652369281045751,2.180273045437886e-10
LSTM,combined,pr,1.0,0.6653728294177732,2.1813337247600373e-10
LSTM,combined,pr,1.0,0.6655087862689006,2.1884348500034179e-10
LSTM,combined,pr,1.0,0.6657808667211774,2.2026855339696283e-10
LSTM,combined,pr,1.0,0.6659169903905132,2.207353883010299e-10
LSTM,combined,pr,1.0,0.6660531697341513,2.2088110507301195e-10
LSTM,combined,pr,1.0,0.6661894047862549,2.210905902799709e-10
LSTM,combined,pr,1.0,0.6663256955810147,2.2276641642449135e-10
LSTM,combined,pr,1.0,0.6664620421526499,2.2607085647941005e-10
LSTM,combined,pr,1.0,0.6665984445354073,2.2624296880380257e-10
LSTM,combined,pr,1.0,0.666734902763562,2.27562510501933e-10
LSTM,combined,pr,1.0,0.6668714168714168,2.2875620842022215e-10
LSTM,combined,pr,1.0,0.6670079868933033,2.2965547519238072e-10
LSTM,combined,pr,1.0,0.6671446128635805,2.2993117132497076e-10
LSTM,combined,pr,1.0,0.6672812948166359,2.3045100550067588e-10
LSTM,combined,pr,1.0,0.6674180327868853,2.3212737287892082e-10
LSTM,combined,pr,1.0,0.6675548268087723,2.3298166174079427e-10
LSTM,combined,pr,1.0,0.6676916769167691,2.355621253613549e-10
LSTM,combined,pr,1.0,0.6678285831453763,2.3741464350024444e-10
LSTM,combined,pr,1.0,0.6679655455291222,2.3764751277965956e-10
LSTM,combined,pr,1.0,0.6681025641025641,2.3806126514536174e-10
LSTM,combined,pr,1.0,0.6682396389002873,2.38273401009792e-10
LSTM,combined,pr,1.0,0.6683767699569054,2.3854168640369267e-10
LSTM,combined,pr,1.0,0.6685139573070608,2.389816122772004e-10
LSTM,combined,pr,1.0,0.668651200985424,2.40858749611661e-10
LSTM,combined,pr,1.0,0.6687885010266941,2.429488554778203e-10
LSTM,combined,pr,1.0,0.6689258574655987,2.4359428363318614e-10
LSTM,combined,pr,1.0,0.6690632703368941,2.460753545374672e-10
LSTM,combined,pr,1.0,0.6692007396753648,2.4632565431836895e-10
LSTM,combined,pr,1.0,0.6693382655158241,2.467093196401038e-10
LSTM,combined,pr,1.0,0.6694758478931141,2.480190497422541e-10
LSTM,combined,pr,1.0,0.6696134868421053,2.486248429356408e-10
LSTM,combined,pr,1.0,0.6697511823976969,2.4910284945889316e-10
LSTM,combined,pr,1.0,0.6698889345948169,2.493623918464749e-10
LSTM,combined,pr,1.0,0.6700267434684222,2.4956794963948425e-10
LSTM,combined,pr,1.0,0.670164609053498,2.541351573626116e-10
LSTM,combined,pr,1.0,0.6703025313850587,2.5453975038836063e-10
LSTM,combined,pr,1.0,0.6704405104981473,2.5539223513781906e-10
LSTM,combined,pr,1.0,0.6705785464278361,2.5638105527470145e-10
LSTM,combined,pr,1.0,0.6707166392092258,2.566756251987101e-10
LSTM,combined,pr,1.0,0.670854788877446,2.568563417515435e-10
LSTM,combined,pr,1.0,0.6709929954676556,2.588042280482483e-10
LSTM,combined,pr,1.0,0.6711312590150422,2.589320979851095e-10
LSTM,combined,pr,1.0,0.6712695795548228,2.62683319540713e-10
LSTM,combined,pr,1.0,0.6714079571222429,2.630036743944686e-10
LSTM,combined,pr,1.0,0.6715463917525774,2.659506503910336e-10
LSTM,combined,pr,1.0,0.6716848834811301,2.690614675504577e-10
LSTM,combined,pr,1.0,0.6718234323432343,2.6948210329891253e-10
LSTM,combined,pr,1.0,0.6719620383742522,2.71070915713878e-10
LSTM,combined,pr,1.0,0.6721007016095749,2.7182422979166176e-10
LSTM,combined,pr,1.0,0.6722394220846233,2.718729685824428e-10
LSTM,combined,pr,1.0,0.6723781998348473,2.7247204492653054e-10
LSTM,combined,pr,1.0,0.6725170348957258,2.7427196624962846e-10
LSTM,combined,pr,1.0,0.6726559273027675,2.7458077478392795e-10
LSTM,combined,pr,1.0,0.67279487709151,2.752167937991601e-10
LSTM,combined,pr,1.0,0.6729338842975207,2.7911234434796484e-10
LSTM,combined,pr,1.0,0.6730729489563959,2.802165166571058e-10
LSTM,combined,pr,1.0,0.6732120711037619,2.834536494411566e-10
LSTM,combined,pr,1.0,0.6733512507752739,2.8519717143460355e-10
LSTM,combined,pr,1.0,0.673490488006617,2.8634780657732506e-10
LSTM,combined,pr,1.0,0.6736297828335057,2.864160852933395e-10
LSTM,combined,pr,1.0,0.6737691352916839,2.8695248954768715e-10
LSTM,combined,pr,1.0,0.6739085454169254,2.8888114123049036e-10
LSTM,combined,pr,1.0,0.6740480132450332,2.90502288891048e-10
LSTM,combined,pr,1.0,0.6741875388118402,2.9081884123094426e-10
LSTM,combined,pr,1.0,0.6743271221532091,2.9108576660163976e-10
LSTM,combined,pr,1.0,0.6744667633050321,2.913001506676949e-10
LSTM,combined,pr,1.0,0.6746064623032312,2.9193145123507236e-10
LSTM,combined,pr,1.0,0.674746219183758,2.937063925401162e-10
LSTM,combined,pr,1.0,0.6748860339825943,2.9554342306781223e-10
LSTM,combined,pr,1.0,0.6750259067357512,2.964438972075101e-10
LSTM,combined,pr,1.0,0.6751658374792703,2.97520702519094e-10
LSTM,combined,pr,1.0,0.6753058262492225,2.9864188899608735e-10
LSTM,combined,pr,1.0,0.6754458730817088,2.9918406641016304e-10
LSTM,combined,pr,1.0,0.6755859780128604,2.9929364542269354e-10
LSTM,combined,pr,1.0,0.6757261410788382,2.9940042112208687e-10
LSTM,combined,pr,1.0,0.6758663623158332,3.018977567936787e-10
LSTM,combined,pr,1.0,0.6760066417600664,3.041379093016161e-10
LSTM,combined,pr,1.0,0.6761469794477891,3.0588670485443004e-10
LSTM,combined,pr,1.0,0.6762873754152824,3.0709326748201704e-10
LSTM,combined,pr,1.0,0.6764278296988577,3.0739213952024613e-10
LSTM,combined,pr,1.0,0.6765683423348566,3.078721166893672e-10
LSTM,combined,pr,1.0,0.676708913359651,3.0852698174044235e-10
LSTM,combined,pr,1.0,0.6768495428096426,3.0987043486696564e-10
LSTM,combined,pr,1.0,0.6769902307212637,3.120417535473763e-10
LSTM,combined,pr,1.0,0.6771309771309771,3.1435359870712887e-10
LSTM,combined,pr,1.0,0.6772717820752755,3.1509675424423733e-10
LSTM,combined,pr,1.0,0.6774126455906821,3.1954824897262313e-10
LSTM,combined,pr,1.0,0.6775535677137507,3.2039412789508503e-10
LSTM,combined,pr,1.0,0.6776945484810654,3.224361888598537e-10
LSTM,combined,pr,1.0,0.6778355879292404,3.227383083004298e-10
LSTM,combined,pr,1.0,0.6779766860949209,3.2306410324700607e-10
LSTM,combined,pr,1.0,0.6781178430147824,3.24828136610833e-10
LSTM,combined,pr,1.0,0.6784003332639034,3.250537339294368e-10
LSTM,combined,pr,1.0,0.6785416666666667,3.257494829433938e-10
LSTM,combined,pr,1.0,0.6786830589706189,3.271523330017345e-10
LSTM,combined,pr,1.0,0.6788245102125886,3.286458327700359e-10
LSTM,combined,pr,1.0,0.6789660204294351,3.3073227490021395e-10
LSTM,combined,pr,1.0,0.6791075896580484,3.314553631561523e-10
LSTM,combined,pr,1.0,0.6793909052982895,3.3179500813496077e-10
LSTM,combined,pr,1.0,0.6795326517838515,3.345446975000499e-10
LSTM,combined,pr,1.0,0.6796744574290484,3.3525821008240086e-10
LSTM,combined,pr,1.0,0.6798163222709247,3.3550254241454525e-10
LSTM,combined,pr,1.0,0.6799582463465553,3.356907529727948e-10
LSTM,combined,pr,1.0,0.6801002296930465,3.36164873715461e-10
LSTM,combined,pr,1.0,0.6802422723475355,3.400159320765539e-10
LSTM,combined,pr,1.0,0.6803843743471903,3.4001657045479305e-10
LSTM,combined,pr,1.0,0.6805265357292102,3.4049357777732325e-10
LSTM,combined,pr,1.0,0.6806687565308255,3.4425759465328554e-10
LSTM,combined,pr,1.0,0.6808110367892977,3.461195496878844e-10
LSTM,combined,pr,1.0,0.6809533765419193,3.4687228089858024e-10
LSTM,combined,pr,1.0,0.6810957758260142,3.4932023940115187e-10
LSTM,combined,pr,1.0,0.6812382346789375,3.5378322493784253e-10
LSTM,combined,pr,1.0,0.6813807531380753,3.538480064513294e-10
LSTM,combined,pr,1.0,0.6815233312408454,3.5640024265148895e-10
LSTM,combined,pr,1.0,0.6816659690246966,3.576880180933273e-10
LSTM,combined,pr,1.0,0.681808666527109,3.589688268856861e-10
LSTM,combined,pr,1.0,0.6819514237855946,3.606701604041973e-10
LSTM,combined,pr,1.0,0.6820942408376963,3.62576607626508e-10
LSTM,combined,pr,1.0,0.6822371177209887,3.632175671341997e-10
LSTM,combined,pr,1.0,0.6823800544730777,3.637312673276938e-10
LSTM,combined,pr,1.0,0.682523051131601,3.6380828905002716e-10
LSTM,combined,pr,1.0,0.6826661077342276,3.661403125132523e-10
LSTM,combined,pr,1.0,0.6828092243186583,3.6898947786134784e-10
LSTM,combined,pr,1.0,0.6829524009226253,3.690950600709897e-10
LSTM,combined,pr,1.0,0.6830956375838926,3.6926828261840683e-10
LSTM,combined,pr,1.0,0.683238934340256,3.6990413510018527e-10
LSTM,combined,pr,1.0,0.6833822912295426,3.716409957554845e-10
LSTM,combined,pr,1.0,0.6835257082896118,3.752787802735469e-10
LSTM,combined,pr,1.0,0.6836691855583543,3.754183630633179e-10
LSTM,combined,pr,1.0,0.683812723073693,3.7602035374284526e-10
LSTM,combined,pr,1.0,0.6839563208735825,3.761379818723043e-10
LSTM,combined,pr,1.0,0.6840999789960093,3.7856132117930485e-10
LSTM,combined,pr,1.0,0.6842436974789916,3.7957645360187087e-10
LSTM,combined,pr,1.0,0.68438747636058,3.800031123102343e-10
LSTM,combined,pr,1.0,0.6845313156788566,3.805129822342934e-10
LSTM,combined,pr,1.0,0.6846752154719361,3.806995552135817e-10
LSTM,combined,pr,1.0,0.6848191757779647,3.8143366243303944e-10
LSTM,combined,pr,1.0,0.684963196635121,3.814394633483431e-10
LSTM,combined,pr,1.0,0.6851072780816155,3.8183836648109093e-10
LSTM,combined,pr,1.0,0.6852514201556912,3.921285240959804e-10
LSTM,combined,pr,1.0,0.685395622895623,3.928876668446435e-10
LSTM,combined,pr,1.0,0.685539886339718,3.929221392695581e-10
LSTM,combined,pr,1.0,0.6856842105263158,3.93417076693936e-10
LSTM,combined,pr,1.0,0.6858285954937882,3.9440281596192506e-10
LSTM,combined,pr,1.0,0.6859730412805392,3.953367078146641e-10
LSTM,combined,pr,1.0,0.6861175479250052,3.9599629131359393e-10
LSTM,combined,pr,1.0,0.6862621154656553,4.023781308148955e-10
LSTM,combined,pr,1.0,0.6864067439409905,4.0270520251795006e-10
LSTM,combined,pr,1.0,0.6865514333895447,4.0431913372884765e-10
LSTM,combined,pr,1.0,0.6866961838498841,4.0440475967962186e-10
LSTM,combined,pr,1.0,0.6868409953606074,4.052378710373006e-10
LSTM,combined,pr,1.0,0.6869858679603459,4.061331548843583e-10
LSTM,combined,pr,1.0,0.6871308016877637,4.081747717599171e-10
LSTM,combined,pr,1.0,0.6872757965815572,4.1060868594122724e-10
LSTM,combined,pr,1.0,0.6874208526804559,4.1168382591827424e-10
LSTM,combined,pr,1.0,0.6875659700232214,4.133518805016223e-10
LSTM,combined,pr,1.0,0.6877111486486487,4.14157624861744e-10
LSTM,combined,pr,1.0,0.687856388595565,4.1610387357948753e-10
LSTM,combined,pr,1.0,0.6880016899028306,4.1853795429425134e-10
LSTM,combined,pr,1.0,0.6881470526093387,4.1964826058560334e-10
LSTM,combined,pr,1.0,0.6882924767540152,4.197739378319909e-10
LSTM,combined,pr,1.0,0.6884379623758191,4.2124892463135666e-10
LSTM,combined,pr,1.0,0.688583509513742,4.222214522453527e-10
LSTM,combined,pr,1.0,0.688729118206809,4.2601211447390597e-10
LSTM,combined,pr,1.0,0.6888747884940778,4.284796406572866e-10
LSTM,combined,pr,1.0,0.6890205204146393,4.2958273049897855e-10
LSTM,combined,pr,1.0,0.6891663140076174,4.2986630921504343e-10
LSTM,combined,pr,1.0,0.6893121693121693,4.318179980256076e-10
LSTM,combined,pr,1.0,0.6894580863674852,4.3182130093910587e-10
LSTM,combined,pr,1.0,0.6897501058873359,4.33613117634124e-10
LSTM,combined,pr,1.0,0.6898962084304173,4.3691231188525137e-10
LSTM,combined,pr,1.0,0.690042372881356,4.413059639940542e-10
LSTM,combined,pr,1.0,0.6901885992795084,4.42707148717858e-10
LSTM,combined,pr,1.0,0.6903348876642645,4.4345421779112826e-10
LSTM,combined,pr,1.0,0.6904812380750477,4.4453818404122103e-10
LSTM,combined,pr,1.0,0.6906276505513147,4.4606957017023774e-10
LSTM,combined,pr,1.0,0.6907741251325556,4.5541528881365423e-10
LSTM,combined,pr,1.0,0.6909206618582945,4.5638831602801133e-10
LSTM,combined,pr,1.0,0.6910672607680882,4.5647799429282543e-10
LSTM,combined,pr,1.0,0.691213921901528,4.576051482185761e-10
LSTM,combined,pr,1.0,0.6913606452982382,4.5963632899770346e-10
LSTM,combined,pr,1.0,0.6915074309978768,4.652681850902951e-10
LSTM,combined,pr,1.0,0.6916542790401359,4.743280768160218e-10
LSTM,combined,pr,1.0,0.6918011894647409,4.786057106187513e-10
LSTM,combined,pr,1.0,0.6919481623114511,4.786376850418605e-10
LSTM,combined,pr,1.0,0.6920951976200594,4.821515964259504e-10
LSTM,combined,pr,1.0,0.6922422954303932,4.821902321872074e-10
LSTM,combined,pr,1.0,0.6923894557823129,4.823842991719118e-10
LSTM,combined,pr,1.0,0.6925366787157133,4.845467360681255e-10
LSTM,combined,pr,1.0,0.6926839642705231,4.852163115742769e-10
LSTM,combined,pr,1.0,0.6928313124867049,4.884010973427166e-10
LSTM,combined,pr,1.0,0.6929787234042554,4.902228623038241e-10
LSTM,combined,pr,1.0,0.6931261970632049,4.917868334786135e-10
LSTM,combined,pr,1.0,0.6932737335036185,4.94453311628007e-10
LSTM,combined,pr,1.0,0.693421332765595,4.96478524958377e-10
LSTM,combined,pr,1.0,0.6935689948892675,4.971844602685849e-10
LSTM,combined,pr,1.0,0.693716719914803,5.029252014843166e-10
LSTM,combined,pr,1.0,0.6938645078824031,5.046885132031775e-10
LSTM,combined,pr,1.0,0.6940123588323034,5.051132290212479e-10
LSTM,combined,pr,1.0,0.6941602728047741,5.14443376786744e-10
LSTM,combined,pr,1.0,0.6943082498401194,5.174606299007678e-10
LSTM,combined,pr,1.0,0.694456289978678,5.190640139929315e-10
LSTM,combined,pr,1.0,0.6946043932608232,5.21397813812996e-10
LSTM,combined,pr,1.0,0.6947525597269625,5.227639987559485e-10
LSTM,combined,pr,1.0,0.6949007894175379,5.266762026501226e-10
LSTM,combined,pr,1.0,0.695049082373026,5.278317227741525e-10
LSTM,combined,pr,1.0,0.6951974386339381,5.30179677937781e-10
LSTM,combined,pr,1.0,0.6953458582408198,5.308859463148963e-10
LSTM,combined,pr,1.0,0.6954943412342516,5.345234255216269e-10
LSTM,combined,pr,1.0,0.6956428876548484,5.350140330762088e-10
LSTM,combined,pr,1.0,0.69579149754326,5.380975109936514e-10
LSTM,combined,pr,1.0,0.6959401709401709,5.406777803251828e-10
LSTM,combined,pr,1.0,0.6960889078863005,5.408912762128182e-10
LSTM,combined,pr,1.0,0.6962377084224027,5.417616910641243e-10
LSTM,combined,pr,1.0,0.6963865725892666,5.437970074240184e-10
LSTM,combined,pr,1.0,0.696535500427716,5.446772477490924e-10
LSTM,combined,pr,1.0,0.6966844919786096,5.447759465759816e-10
LSTM,combined,pr,1.0,0.6968335472828413,5.467913344325837e-10
LSTM,combined,pr,1.0,0.6969826663813397,5.482617693175484e-10
LSTM,combined,pr,1.0,0.6971318493150684,5.537889036233423e-10
LSTM,combined,pr,1.0,0.6972810961250268,5.605508834882755e-10
LSTM,combined,pr,1.0,0.6974304068522484,5.605733655045242e-10
LSTM,combined,pr,1.0,0.6975797815378025,5.641730971284176e-10
LSTM,combined,pr,1.0,0.6977292202227935,5.69452152099359e-10
LSTM,combined,pr,1.0,0.6978787229483608,5.695401372740605e-10
LSTM,combined,pr,1.0,0.6980282897556794,5.75959169246687e-10
LSTM,combined,pr,1.0,0.6981779206859593,5.767044619631179e-10
LSTM,combined,pr,1.0,0.698327615780446,5.768409083728443e-10
LSTM,combined,pr,0.9996929689898679,0.6982629208663951,5.78804837392255e-10
LSTM,combined,pr,0.9996929689898679,0.6984126984126984,5.790952717354969e-10
LSTM,combined,pr,0.9996929689898679,0.698562540227419,5.793526769437563e-10
LSTM,combined,pr,0.9996929689898679,0.6987124463519313,5.809937531076059e-10
LSTM,combined,pr,0.9996929689898679,0.6988624168276454,5.817367143556851e-10
LSTM,combined,pr,0.9996929689898679,0.6990124516960069,5.820052773053419e-10
LSTM,combined,pr,0.9996929689898679,0.6991625509984969,5.88050941274787e-10
LSTM,combined,pr,0.9996929689898679,0.6993127147766323,5.94533478004422e-10
LSTM,combined,pr,0.9996929689898679,0.6994629430719657,5.947830006292065e-10
LSTM,combined,pr,0.9996929689898679,0.699613235926085,5.965792859718988e-10
LSTM,combined,pr,0.9996929689898679,0.6997635933806147,6.034630573026334e-10
LSTM,combined,pr,0.9996929689898679,0.6999140154772141,6.035505428769739e-10
LSTM,combined,pr,0.9996929689898679,0.700064502257579,6.042992772847811e-10
LSTM,combined,pr,0.9996929689898679,0.7002150537634408,6.058919477247571e-10
LSTM,combined,pr,0.9996929689898679,0.700365670036567,6.087694237599806e-10
LSTM,combined,pr,0.9996929689898679,0.7005163511187608,6.199480373503263e-10
LSTM,combined,pr,0.9996929689898679,0.7006670970518614,6.223578319364265e-10
LSTM,combined,pr,0.9996929689898679,0.7008179078777443,6.226973936485081e-10
LSTM,combined,pr,0.9996929689898679,0.7009687836383208,6.272629637926741e-10
LSTM,combined,pr,0.9996929689898679,0.7011197243755384,6.3211391676532e-10
LSTM,combined,pr,0.9996929689898679,0.7012707301313805,6.351764669787485e-10
LSTM,combined,pr,0.9996929689898679,0.7014218009478673,6.355545534297846e-10
LSTM,combined,pr,0.9996929689898679,0.7035436473638721,6.355557746751117e-10
LSTM,combined,pr,0.9996929689898679,0.7038478166882837,6.357618875796334e-10
LSTM,combined,pr,0.9996929689898679,0.704,6.441928657174856e-10
LSTM,combined,pr,0.9996929689898679,0.7041522491349481,6.459202617214999e-10
LSTM,combined,pr,0.9996929689898679,0.7043045641358425,6.510421646233056e-10
LSTM,combined,pr,0.9996929689898679,0.7044569450454349,6.533148466658645e-10
LSTM,combined,pr,0.9996929689898679,0.7046093919065137,6.544035868749631e-10
LSTM,combined,pr,0.9996929689898679,0.7047619047619048,6.575189281932126e-10
LSTM,combined,pr,0.9996929689898679,0.7049144836544706,6.588169454424531e-10
LSTM,combined,pr,0.9996929689898679,0.7050671286271113,6.600747171070509e-10
LSTM,combined,pr,0.9996929689898679,0.7052198397227637,6.68139599202533e-10
LSTM,combined,pr,0.9996929689898679,0.7053726169844021,6.684340303486636e-10
LSTM,combined,pr,0.9996929689898679,0.705525460455038,6.711884936727586e-10
LSTM,combined,pr,0.9996929689898679,0.70567837017772,6.714176992161924e-10
LSTM,combined,pr,0.9996929689898679,0.7058313461955343,6.761043946923451e-10
LSTM,combined,pr,0.9996929689898679,0.7059843885516045,6.773925864678176e-10
LSTM,combined,pr,0.9996929689898679,0.7061374972890913,6.782484573975012e-10
LSTM,combined,pr,0.9996929689898679,0.706290672451193,6.81418865777772e-10
LSTM,combined,pr,0.9996929689898679,0.7064439140811456,6.868353108480107e-10
LSTM,combined,pr,0.9996929689898679,0.7065972222222222,6.967325050233342e-10
LSTM,combined,pr,0.9996929689898679,0.7067505969177339,6.979548605734465e-10
LSTM,combined,pr,0.9996929689898679,0.7069040382110291,6.982877609473803e-10
LSTM,combined,pr,0.9996929689898679,0.707057546145494,7.032492366221277e-10
LSTM,combined,pr,0.9996929689898679,0.7072111207645526,7.060030338124079e-10
LSTM,combined,pr,0.9996929689898679,0.7073647621116663,7.062818108138913e-10
LSTM,combined,pr,0.9996929689898679,0.7075184702303347,7.092977316602855e-10
LSTM,combined,pr,0.9996929689898679,0.7076722451640948,7.154923875596353e-10
LSTM,combined,pr,0.9996929689898679,0.7078260869565217,7.231645837713074e-10
LSTM,combined,pr,0.9996929689898679,0.7079799956512285,7.233673660067552e-10
LSTM,combined,pr,0.9996929689898679,0.7081339712918661,7.262290213638778e-10
LSTM,combined,pr,0.9996929689898679,0.7082880139221231,7.268096680057567e-10
LSTM,combined,pr,0.9996929689898679,0.7084421235857267,7.285028691406126e-10
LSTM,combined,pr,0.9996929689898679,0.7085963003264418,7.30172200480439e-10
LSTM,combined,pr,0.9996929689898679,0.7087505441880714,7.357081610592786e-10
LSTM,combined,pr,0.9996929689898679,0.7089048552144568,7.40267347421053e-10
LSTM,combined,pr,0.9996929689898679,0.7090592334494773,7.42991779212332e-10
LSTM,combined,pr,0.9996929689898679,0.7092136789370508,7.50115691783293e-10
LSTM,combined,pr,0.9996929689898679,0.7093681917211329,7.513313304841063e-10
LSTM,combined,pr,0.9996929689898679,0.709522771845718,7.537427348935921e-10
LSTM,combined,pr,0.9996929689898679,0.7096774193548387,7.579610827868066e-10
LSTM,combined,pr,0.9996929689898679,0.709832134292566,7.580897576353607e-10
LSTM,combined,pr,0.9996929689898679,0.7099869167030092,7.582502403735703e-10
LSTM,combined,pr,0.9996929689898679,0.7101417666303163,7.583066397032212e-10
LSTM,combined,pr,0.9996929689898679,0.7102966841186736,7.587884764959085e-10
LSTM,combined,pr,0.9996929689898679,0.7104516692123064,7.623571218751124e-10
LSTM,combined,pr,0.9996929689898679,0.7106067219554779,7.626246856240471e-10
LSTM,combined,pr,0.9996929689898679,0.7107618423924907,7.633174092802619e-10
LSTM,combined,pr,0.9996929689898679,0.7109170305676856,7.670785118207846e-10
LSTM,combined,pr,0.9996929689898679,0.7110722865254422,7.686456471311942e-10
LSTM,combined,pr,0.9996929689898679,0.7113830019663535,7.788402700548147e-10
LSTM,combined,pr,0.9996929689898679,0.7115384615384616,7.804165647051775e-10
LSTM,combined,pr,0.9996929689898679,0.7116939890710382,7.914583988188895e-10
LSTM,combined,pr,0.9996929689898679,0.7118495846086577,7.922649203351284e-10
LSTM,combined,pr,0.9996929689898679,0.7120052481959327,7.980265337437231e-10
LSTM,combined,pr,0.9996929689898679,0.7121609798775154,8.017522201697602e-10
LSTM,combined,pr,0.9996929689898679,0.7123167796980967,8.036277199252595e-10
LSTM,combined,pr,0.9996929689898679,0.712472647702407,8.047582045200841e-10
LSTM,combined,pr,0.9996929689898679,0.7126285839352156,8.049362287820827e-10
LSTM,combined,pr,0.9996929689898679,0.712784588441331,8.064068857116524e-10
LSTM,combined,pr,0.9996929689898679,0.7129406612656011,8.139602325485384e-10
LSTM,combined,pr,0.9996929689898679,0.7130968024529128,8.155267017251333e-10
LSTM,combined,pr,0.9996929689898679,0.7132530120481928,8.179085186910129e-10
LSTM,combined,pr,0.9996929689898679,0.7134092900964066,8.202832302295349e-10
LSTM,combined,pr,0.9996929689898679,0.7135656366425597,8.316701771704516e-10
LSTM,combined,pr,0.9996929689898679,0.7137220517316967,8.381578764371511e-10
LSTM,combined,pr,0.9996929689898679,0.7138785354089016,8.435401821493826e-10
LSTM,combined,pr,0.9996929689898679,0.7140350877192982,8.586416022637877e-10
LSTM,combined,pr,0.9996929689898679,0.71419170870805,8.597511036434469e-10
LSTM,combined,pr,0.9996929689898679,0.7143483984203598,8.601021006526821e-10
LSTM,combined,pr,0.9996929689898679,0.7145051569014703,8.611658053325755e-10
LSTM,combined,pr,0.9996929689898679,0.7146619841966637,8.654238992100716e-10
LSTM,combined,pr,0.9996929689898679,0.7148188803512624,8.665752004866079e-10
LSTM,combined,pr,0.9996929689898679,0.714975845410628,8.678802676520547e-10
LSTM,combined,pr,0.9996929689898679,0.7151328794201626,8.705345333481773e-10
LSTM,combined,pr,0.9996929689898679,0.7152899824253075,8.717225274956775e-10
LSTM,combined,pr,0.9996929689898679,0.7154471544715447,8.81697048704666e-10
LSTM,combined,pr,0.9996929689898679,0.7156043956043956,8.823834440896405e-10
LSTM,combined,pr,0.9996929689898679,0.7157617058694219,8.824642683258332e-10
LSTM,combined,pr,0.9996929689898679,0.7159190853122251,8.903138781768405e-10
LSTM,combined,pr,0.9996929689898679,0.7160765339784473,8.905890469534938e-10
LSTM,combined,pr,0.9996929689898679,0.7165492957746479,8.905907122880308e-10
LSTM,combined,pr,0.9996929689898679,0.7167070217917676,9.042446236229296e-10
LSTM,combined,pr,0.9996929689898679,0.7168648172611185,9.075863394159001e-10
LSTM,combined,pr,0.9996929689898679,0.717022682228584,9.084419327898274e-10
LSTM,combined,pr,0.9996929689898679,0.7171806167400882,9.125751265770532e-10
LSTM,combined,pr,0.9996929689898679,0.717338620841595,9.168915626744933e-10
LSTM,combined,pr,0.9996929689898679,0.7174966945791097,9.175493698165837e-10
LSTM,combined,pr,0.9996929689898679,0.7176548379986776,9.199694339656617e-10
LSTM,combined,pr,0.9996929689898679,0.7178130511463845,9.207576368019943e-10
LSTM,combined,pr,0.9996929689898679,0.7179713340683572,9.250069044064446e-10
LSTM,combined,pr,0.9996929689898679,0.7181296868107632,9.278022239378458e-10
LSTM,combined,pr,0.9996929689898679,0.7182881094198103,9.2791196948383e-10
LSTM,combined,pr,0.9996929689898679,0.7184466019417476,9.325837879714527e-10
LSTM,combined,pr,0.9996929689898679,0.7186051644228647,9.516614163374015e-10
LSTM,combined,pr,0.9996929689898679,0.7187637969094923,9.544225409996443e-10
LSTM,combined,pr,0.9996929689898679,0.7189224994480018,9.555992663834445e-10
LSTM,combined,pr,0.9996929689898679,0.7190812720848057,9.648206678036786e-10
LSTM,combined,pr,0.9996929689898679,0.7192401148663574,9.681092594249208e-10
LSTM,combined,pr,0.9996929689898679,0.7193990278391516,9.7065155912901e-10
LSTM,combined,pr,0.9996929689898679,0.7195580110497237,9.70686642176588e-10
LSTM,combined,pr,0.9996929689898679,0.7197170645446508,9.731058181472463e-10
LSTM,combined,pr,0.9996929689898679,0.7200353825740823,9.762792796408348e-10
LSTM,combined,pr,0.9996929689898679,0.7201946472019465,9.823124536012529e-10
LSTM,combined,pr,0.9996929689898679,0.720353982300885,9.83698011935985e-10
LSTM,combined,pr,0.9996929689898679,0.7205133879176809,9.919560728377519e-10
LSTM,combined,pr,0.9996929689898679,0.7206728640991589,9.958669444642965e-10
LSTM,combined,pr,0.9996929689898679,0.7208324108921851,9.978216031214515e-10
LSTM,combined,pr,0.9996929689898679,0.7209920283436669,1.0008980311226878e-09
LSTM,combined,pr,0.9996929689898679,0.7211517165005538,1.0017441320897547e-09
LSTM,combined,pr,0.9996929689898679,0.7213114754098361,1.0038423425839937e-09
LSTM,combined,pr,0.9996929689898679,0.7214713051185464,1.00504549127578e-09
LSTM,combined,pr,0.9996929689898679,0.7216312056737588,1.009785810524022e-09
LSTM,combined,pr,0.9996929689898679,0.7217911771225892,1.0119201032665615e-09
LSTM,combined,pr,0.9996929689898679,0.7219512195121951,1.016473794024364e-09
LSTM,combined,pr,0.9996929689898679,0.722111332889776,1.0263745409133662e-09
LSTM,combined,pr,0.9996929689898679,0.7222715173025732,1.0327014798861e-09
LSTM,combined,pr,0.9996929689898679,0.72243177279787,1.035081687028594e-09
LSTM,combined,pr,0.9996929689898679,0.7225920994229915,1.0430447616727179e-09
LSTM,combined,pr,0.9996929689898679,0.7227524972253052,1.0467916533585253e-09
LSTM,combined,pr,0.9996929689898679,0.7229129662522202,1.0498087954502466e-09
LSTM,combined,pr,0.9996929689898679,0.7230735065511881,1.0587349885682329e-09
LSTM,combined,pr,0.9996929689898679,0.7232341181697024,1.061302712379586e-09
LSTM,combined,pr,0.9996929689898679,0.7233948011552989,1.0661680427404008e-09
LSTM,combined,pr,0.9996929689898679,0.7235555555555555,1.066290056250807e-09
LSTM,combined,pr,0.9996929689898679,0.7237163814180929,1.0733358646319857e-09
LSTM,combined,pr,0.9996929689898679,0.7238772787905736,1.0782460480029954e-09
LSTM,combined,pr,0.9996929689898679,0.7240382477207027,1.0788303583808556e-09
LSTM,combined,pr,0.9996929689898679,0.7241992882562278,1.085650458421128e-09
LSTM,combined,pr,0.9996929689898679,0.7243604004449388,1.086095768876305e-09
LSTM,combined,pr,0.9996929689898679,0.7245215843346684,1.1021140666755969e-09
LSTM,combined,pr,0.9996929689898679,0.7246828399732917,1.1089861251534217e-09
LSTM,combined,pr,0.9996929689898679,0.7248441674087266,1.1200678162737177e-09
LSTM,combined,pr,0.9996929689898679,0.7250055666889335,1.1214401629544568e-09
LSTM,combined,pr,0.9996929689898679,0.7251670378619154,1.1262654142640827e-09
LSTM,combined,pr,0.9996929689898679,0.7253285809757184,1.1278368239331371e-09
LSTM,combined,pr,0.9996929689898679,0.7254901960784313,1.1280433254157174e-09
LSTM,combined,pr,0.9996929689898679,0.7256518832181859,1.1314781334093027e-09
LSTM,combined,pr,0.9996929689898679,0.7258136424431565,1.1327867532884284e-09
LSTM,combined,pr,0.9996929689898679,0.7259754738015608,1.139208949396675e-09
LSTM,combined,pr,0.9996929689898679,0.7261373773416593,1.1414121869890437e-09
LSTM,combined,pr,0.9996929689898679,0.7262993531117555,1.160831764046577e-09
LSTM,combined,pr,0.9996929689898679,0.7264614011601963,1.1655018061773603e-09
LSTM,combined,pr,0.9996929689898679,0.7266235215353716,1.167974161830898e-09
LSTM,combined,pr,0.9996929689898679,0.7267857142857143,1.1699563540190638e-09
LSTM,combined,pr,0.9996929689898679,0.7269479794597008,1.1739239580421668e-09
LSTM,combined,pr,0.9996929689898679,0.7271103171058508,1.1750284079070639e-09
LSTM,combined,pr,0.9996929689898679,0.7272727272727273,1.1786849274386668e-09
LSTM,combined,pr,0.9996929689898679,0.7274352100089365,1.1843143132850287e-09
LSTM,combined,pr,0.9996929689898679,0.7275977653631285,1.1888565687456776e-09
LSTM,combined,pr,0.9996929689898679,0.7277603933839965,1.1958977141901528e-09
LSTM,combined,pr,0.9996929689898679,0.7279230941202772,1.2020127115874857e-09
LSTM,combined,pr,0.9996929689898679,0.7280858676207513,1.2070647814610425e-09
LSTM,combined,pr,0.9996929689898679,0.728248713934243,1.2080736411235193e-09
LSTM,combined,pr,0.9996929689898679,0.7284116331096196,1.2090648482399047e-09
LSTM,combined,pr,0.9996929689898679,0.7285746251957932,1.2202455712539972e-09
LSTM,combined,pr,0.9996929689898679,0.7287376902417189,1.2220320311229216e-09
LSTM,combined,pr,0.9996929689898679,0.7289008282963958,1.2226147871885473e-09
LSTM,combined,pr,0.9996929689898679,0.729064039408867,1.2273789762318188e-09
LSTM,combined,pr,0.9996929689898679,0.7292273236282195,1.2285382711141324e-09
LSTM,combined,pr,0.9996929689898679,0.7293906810035843,1.2321357267808253e-09
LSTM,combined,pr,0.9996929689898679,0.7295541115841362,1.2326200060641668e-09
LSTM,combined,pr,0.9996929689898679,0.7297176154190945,1.2420932060663858e-09
LSTM,combined,pr,0.9996929689898679,0.7298811925577224,1.253161019398874e-09
LSTM,combined,pr,0.9996929689898679,0.7300448430493274,1.261047044565089e-09
LSTM,combined,pr,0.9996929689898679,0.7302085669432609,1.2736530718981953e-09
LSTM,combined,pr,0.9996929689898679,0.7303723642889188,1.2784234781904047e-09
LSTM,combined,pr,0.9996929689898679,0.7305362351357415,1.290626938654782e-09
LSTM,combined,pr,0.9996929689898679,0.7307001795332136,1.3034266999056854e-09
LSTM,combined,pr,0.9996929689898679,0.7308641975308642,1.3085257322131838e-09
LSTM,combined,pr,0.9996929689898679,0.7310282891782667,1.312079556115009e-09
LSTM,combined,pr,0.9996929689898679,0.7311924545250393,1.3134116016999542e-09
LSTM,combined,pr,0.9996929689898679,0.7313566936208445,1.3166020496058195e-09
LSTM,combined,pr,0.9996929689898679,0.7315210065153898,1.3215735172877885e-09
LSTM,combined,pr,0.9996929689898679,0.731685393258427,1.3274623622550052e-09
LSTM,combined,pr,0.9996929689898679,0.7318498538997528,1.3422034594867682e-09
LSTM,combined,pr,0.9996929689898679,0.7320143884892086,1.359821144575335e-09
LSTM,combined,pr,0.9996929689898679,0.7321789970766809,1.360827894814065e-09
LSTM,combined,pr,0.9996929689898679,0.7323436797121008,1.3625004458006629e-09
LSTM,combined,pr,0.9996929689898679,0.7325084364454443,1.3633323359130145e-09
LSTM,combined,pr,0.9996929689898679,0.7326732673267327,1.3694934075658693e-09
LSTM,combined,pr,0.9996929689898679,0.732838172406032,1.371995517196467e-09
LSTM,combined,pr,0.9996929689898679,0.7330031517334534,1.38087963286182e-09
LSTM,combined,pr,0.9996929689898679,0.7331682053591534,1.383154479839277e-09
LSTM,combined,pr,0.9996929689898679,0.7333333333333333,1.383539727228822e-09
LSTM,combined,pr,0.9996929689898679,0.7334985357062401,1.388838155591543e-09
LSTM,combined,pr,0.9996929689898679,0.7336638125281658,1.3903250772884235e-09
LSTM,combined,pr,0.9996929689898679,0.7338291638494479,1.4036610762602209e-09
LSTM,combined,pr,0.9996929689898679,0.7339945897204689,1.415693118289596e-09
LSTM,combined,pr,0.9996929689898679,0.7341600901916573,1.4410677096066138e-09
LSTM,combined,pr,0.9996929689898679,0.7343256653134866,1.4622347777049072e-09
LSTM,combined,pr,0.9996929689898679,0.7346570397111913,1.4660411773448345e-09
LSTM,combined,pr,0.9996929689898679,0.734822839088242,1.471793131813115e-09
LSTM,combined,pr,0.9996929689898679,0.7349887133182844,1.475376709692e-09
LSTM,combined,pr,0.9996929689898679,0.7351546624520208,1.4790592084423793e-09
LSTM,combined,pr,0.9996929689898679,0.7353206865401988,1.493491330606389e-09
LSTM,combined,pr,0.9996929689898679,0.7354867856336119,1.4974532724920664e-09
LSTM,combined,pr,0.9996929689898679,0.7356529597830999,1.5035521716555422e-09
LSTM,combined,pr,0.9996929689898679,0.735819209039548,1.510551461691989e-09
LSTM,combined,pr,0.9996929689898679,0.7359855334538878,1.5193472036045819e-09
LSTM,combined,pr,0.9996929689898679,0.736151933077097,1.5600242209146131e-09
LSTM,combined,pr,0.9996929689898679,0.736318407960199,1.5742822601083617e-09
LSTM,combined,pr,0.9996929689898679,0.7364849581542637,1.5803924835466887e-09
LSTM,combined,pr,0.9996929689898679,0.7366515837104073,1.6038631533987768e-09
LSTM,combined,pr,0.9996929689898679,0.7368182846797918,1.6054055862468886e-09
LSTM,combined,pr,0.9996929689898679,0.736985061113626,1.6077467135389156e-09
LSTM,combined,pr,0.9996929689898679,0.7386569872958257,1.6077498221633846e-09
LSTM,combined,pr,0.9996929689898679,0.7530064754856615,1.608059574387255e-09
LSTM,combined,pr,0.9996929689898679,0.7531806615776081,1.6186328943845751e-09
LSTM,combined,pr,0.9996929689898679,0.7533549282739472,1.620269918234385e-09
LSTM,combined,pr,0.9996929689898679,0.7535292756306411,1.637644020391349e-09
LSTM,combined,pr,0.9996929689898679,0.7537037037037037,1.6410710568237619e-09
LSTM,combined,pr,0.9996929689898679,0.7538782125492012,1.6657064616509842e-09
LSTM,combined,pr,0.9996929689898679,0.7540528022232516,1.6700966165572595e-09
LSTM,combined,pr,0.9996929689898679,0.7542274727820245,1.6735436370041157e-09
LSTM,combined,pr,0.9996929689898679,0.7544022242817423,1.682354366927541e-09
LSTM,combined,pr,0.9996929689898679,0.754577056778679,1.685321993072364e-09
LSTM,combined,pr,0.9996929689898679,0.7547519703291609,1.696791596117464e-09
LSTM,combined,pr,0.9996929689898679,0.7549269649895665,1.7174379696172082e-09
LSTM,combined,pr,0.9996929689898679,0.7551020408163265,1.7202640423263915e-09
LSTM,combined,pr,0.9996929689898679,0.7552771978659244,1.7340340274785149e-09
LSTM,combined,pr,0.9996929689898679,0.7554524361948955,1.7374506278144963e-09
LSTM,combined,pr,0.9996929689898679,0.7556277558598282,1.7668828622419142e-09
LSTM,combined,pr,0.9996929689898679,0.755803156917363,1.7881331970670544e-09
LSTM,combined,pr,0.9996929689898679,0.7559786394241932,1.813073247092234e-09
LSTM,combined,pr,0.9996929689898679,0.7561542034370645,1.8147754410335892e-09
LSTM,combined,pr,0.9996929689898679,0.7563298490127759,1.8448383931612966e-09
LSTM,combined,pr,0.9996929689898679,0.7565055762081785,1.864994159106459e-09
LSTM,combined,pr,0.9996929689898679,0.7566813850801766,1.873200705659883e-09
LSTM,combined,pr,0.9996929689898679,0.7568572756857276,1.904234991911835e-09
LSTM,combined,pr,0.9996929689898679,0.7570332480818415,1.904667312757624e-09
LSTM,combined,pr,0.9996929689898679,0.7572093023255814,1.925557491233576e-09
LSTM,combined,pr,0.9996929689898679,0.7573854384740637,1.9336765522126598e-09
LSTM,combined,pr,0.9996929689898679,0.7575616565844578,1.938684102142929e-09
LSTM,combined,pr,0.9996929689898679,0.7577379567139865,1.946814043307654e-09
LSTM,combined,pr,0.9996929689898679,0.7579143389199255,1.9587851340929774e-09
LSTM,combined,pr,0.9996929689898679,0.7580908032596042,1.983319064535749e-09
LSTM,combined,pr,0.9996929689898679,0.7582673497904052,1.993019305146504e-09
LSTM,combined,pr,0.9996929689898679,0.7584439785697648,1.9979558008031972e-09
LSTM,combined,pr,0.9996929689898679,0.7586206896551724,1.9986838850627464e-09
LSTM,combined,pr,0.9996929689898679,0.7587974831041715,2.0017931756655116e-09
LSTM,combined,pr,0.9996929689898679,0.7589743589743589,2.0037758119428872e-09
LSTM,combined,pr,0.9996929689898679,0.7591513173233854,2.030077217440862e-09
LSTM,combined,pr,0.9996929689898679,0.7593283582089553,2.031487200682136e-09
LSTM,combined,pr,0.9996929689898679,0.7595054816888267,2.041391944374027e-09
LSTM,combined,pr,0.9996929689898679,0.7596826878208119,2.0466706107669097e-09
LSTM,combined,pr,0.9996929689898679,0.7598599766627772,2.0494519414882006e-09
LSTM,combined,pr,0.9996929689898679,0.7600373482726424,2.062325643592544e-09
LSTM,combined,pr,0.9996929689898679,0.7602148027083819,2.0624986163397807e-09
LSTM,combined,pr,0.9996929689898679,0.7603923400280242,2.0853703208700836e-09
LSTM,combined,pr,0.9996929689898679,0.760569960289652,2.1124566540464684e-09
LSTM,combined,pr,0.9996929689898679,0.7607476635514019,2.1197299471253928e-09
LSTM,combined,pr,0.9996929689898679,0.7609254498714653,2.1754513745975146e-09
LSTM,combined,pr,0.9996929689898679,0.7611033193080879,2.1905324221194178e-09
LSTM,combined,pr,0.9996929689898679,0.7612812719195698,2.19332507711556e-09
LSTM,combined,pr,0.9996929689898679,0.7614593077642656,2.1939654537561637e-09
LSTM,combined,pr,0.9996929689898679,0.7616374269005848,2.1960460117043112e-09
LSTM,combined,pr,0.9996929689898679,0.7618156293869911,2.227299900070534e-09
LSTM,combined,pr,0.9996929689898679,0.7619939152820033,2.233540907781162e-09
LSTM,combined,pr,0.9996929689898679,0.7621722846441947,2.2445547642746533e-09
LSTM,combined,pr,0.9996929689898679,0.7623507375321938,2.2479009764708735e-09
LSTM,combined,pr,0.9996929689898679,0.7625292740046838,2.254143538493736e-09
LSTM,combined,pr,0.9996929689898679,0.7627078941204029,2.255674758089299e-09
LSTM,combined,pr,0.9996929689898679,0.7628865979381443,2.2664043974884862e-09
LSTM,combined,pr,0.9996929689898679,0.7630653855167565,2.292306788831411e-09
LSTM,combined,pr,0.9996929689898679,0.763244256915143,2.2940342958577276e-09
LSTM,combined,pr,0.9996929689898679,0.7634232121922626,2.3062525222883323e-09
LSTM,combined,pr,0.9996929689898679,0.7636022514071295,2.3364039591911023e-09
LSTM,combined,pr,0.9996929689898679,0.763781374618813,2.351362660135692e-09
LSTM,combined,pr,0.9996929689898679,0.7639605818864383,2.357892769921932e-09
LSTM,combined,pr,0.9996929689898679,0.7641398732691856,2.3671617999099226e-09
LSTM,combined,pr,0.9996929689898679,0.7643192488262911,2.372486429536025e-09
LSTM,combined,pr,0.9996929689898679,0.7644987086170463,2.400960985582401e-09
LSTM,combined,pr,0.9996929689898679,0.7646782527007985,2.451596037289505e-09
LSTM,combined,pr,0.9996929689898679,0.7648578811369509,2.4519140051637578e-09
LSTM,combined,pr,0.9996929689898679,0.7650375939849624,2.455808001400328e-09
LSTM,combined,pr,0.9996929689898679,0.7652173913043478,2.4790756114612122e-09
LSTM,combined,pr,0.9996929689898679,0.765397273154678,2.499744411466054e-09
LSTM,combined,pr,0.9996929689898679,0.7655772395955796,2.585660352494301e-09
LSTM,combined,pr,0.9996929689898679,0.7657572906867357,2.5978259543535387e-09
LSTM,combined,pr,0.9996929689898679,0.7659374264878852,2.6006221620633596e-09
LSTM,combined,pr,0.9996929689898679,0.7661176470588236,2.6086552917803374e-09
LSTM,combined,pr,0.9996929689898679,0.7662979524594022,2.6208990533405085e-09
LSTM,combined,pr,0.9996929689898679,0.7664783427495292,2.6370150507659673e-09
LSTM,combined,pr,0.9996929689898679,0.7666588179891688,2.6384185947136984e-09
LSTM,combined,pr,0.9996929689898679,0.7668393782383419,2.6398785379910805e-09
LSTM,combined,pr,0.9996929689898679,0.7670200235571261,2.640019536315208e-09
LSTM,combined,pr,0.9996929689898679,0.767200754005655,2.6517072981846468e-09
LSTM,combined,pr,0.9996929689898679,0.7673815696441197,2.6699829014376064e-09
LSTM,combined,pr,0.9996929689898679,0.7675624705327676,2.6823150367505377e-09
LSTM,combined,pr,0.9996929689898679,0.7677434567319028,2.7034814387150163e-09
LSTM,combined,pr,0.9996929689898679,0.7679245283018868,2.713265612186433e-09
LSTM,combined,pr,0.9996929689898679,0.7681056853031375,2.7454476470012423e-09
LSTM,combined,pr,0.9996929689898679,0.7682869277961303,2.760891515407593e-09
LSTM,combined,pr,0.9996929689898679,0.7684682558413972,2.7731728025059965e-09
LSTM,combined,pr,0.9996929689898679,0.7688311688311689,2.775114582576066e-09
LSTM,combined,pr,0.9996929689898679,0.7690127538970241,2.7785307388228375e-09
LSTM,combined,pr,0.9996929689898679,0.7691944247578549,2.8277500341289397e-09
LSTM,combined,pr,0.9996929689898679,0.7693761814744802,2.842756696708193e-09
LSTM,combined,pr,0.9996929689898679,0.769558024107776,2.8481133007574044e-09
LSTM,combined,pr,0.9996929689898679,0.7697399527186761,2.85524959231509e-09
LSTM,combined,pr,0.9996929689898679,0.7699219673681722,2.865085502179454e-09
LSTM,combined,pr,0.9996929689898679,0.7701040681173131,2.8820048569855317e-09
LSTM,combined,pr,0.9996929689898679,0.770286255027206,2.9058000450277177e-09
LSTM,combined,pr,0.9996929689898679,0.7704685281590156,2.90995427754126e-09
LSTM,combined,pr,0.9996929689898679,0.7708333333333334,2.9255087241608635e-09
LSTM,combined,pr,0.9996929689898679,0.7710158654984608,2.9307978266501777e-09
LSTM,combined,pr,0.9996929689898679,0.7711984841307438,2.939323673345484e-09
LSTM,combined,pr,0.9996929689898679,0.771381189291637,2.961597633799329e-09
LSTM,combined,pr,0.9996929689898679,0.771563981042654,2.967268653009114e-09
LSTM,combined,pr,0.9996929689898679,0.7717468594453663,2.973103763181939e-09
LSTM,combined,pr,0.9996929689898679,0.7719298245614035,2.998057135883414e-09
LSTM,combined,pr,0.9996929689898679,0.7721128764524543,3.0022402341955967e-09
LSTM,combined,pr,0.9996929689898679,0.7722960151802657,3.0311475551769718e-09
LSTM,combined,pr,0.9996929689898679,0.772479240806643,3.0498616965246583e-09
LSTM,combined,pr,0.9996929689898679,0.7726625533934504,3.0586584376379733e-09
LSTM,combined,pr,0.9996929689898679,0.7728459530026109,3.0681590601489006e-09
LSTM,combined,pr,0.9996929689898679,0.7730294396961064,3.089128064459601e-09
LSTM,combined,pr,0.9996929689898679,0.7732130135359772,3.092936573523275e-09
LSTM,combined,pr,0.9996929689898679,0.773396674584323,3.141193971600842e-09
LSTM,combined,pr,0.9996929689898679,0.7735804229033024,3.174537743788619e-09
LSTM,combined,pr,0.9996929689898679,0.7737642585551331,3.2043827591365925e-09
LSTM,combined,pr,0.9996929689898679,0.7739481816020918,3.20905568784724e-09
LSTM,combined,pr,0.9996929689898679,0.7741321921065145,3.2131530769419214e-09
LSTM,combined,pr,0.9996929689898679,0.7743162901307967,3.247378366211251e-09
LSTM,combined,pr,0.9996929689898679,0.774500475737393,3.2517419867872377e-09
LSTM,combined,pr,0.9996929689898679,0.7746847489888176,3.2533424842995373e-09
LSTM,combined,pr,0.9996929689898679,0.774869109947644,3.262682346516499e-09
LSTM,combined,pr,0.9996929689898679,0.7750535586765056,3.2905242974834437e-09
LSTM,combined,pr,0.9996929689898679,0.7752380952380953,3.314371888052392e-09
LSTM,combined,pr,0.9996929689898679,0.7754227196951655,3.3480083150294604e-09
LSTM,combined,pr,0.9996929689898679,0.7757922325470574,3.411190885316273e-09
LSTM,combined,pr,0.9996929689898679,0.7759771210676835,3.412218951837076e-09
LSTM,combined,pr,0.9996929689898679,0.7761620977353992,3.415207672219367e-09
LSTM,combined,pr,0.9996929689898679,0.776347162613257,3.417090610469131e-09
LSTM,combined,pr,0.9996929689898679,0.7765323157643692,3.434039275163059e-09
LSTM,combined,pr,0.9996929689898679,0.7769028871391076,3.519621261105499e-09
LSTM,combined,pr,0.9996929689898679,0.7770883054892601,3.5538085807473863e-09
LSTM,combined,pr,0.9996929689898679,0.7772738123657198,3.5825560296132153e-09
LSTM,combined,pr,0.9996929689898679,0.7774594078319007,3.6054379481953447e-09
LSTM,combined,pr,0.9996929689898679,0.7776450919512777,3.615429955416971e-09
LSTM,combined,pr,0.9996929689898679,0.7778308647873865,3.6781340195801704e-09
LSTM,combined,pr,0.9996929689898679,0.7780167264038231,3.6948475390374824e-09
LSTM,combined,pr,0.9996929689898679,0.7782026768642447,3.7600047519958935e-09
LSTM,combined,pr,0.9996929689898679,0.7783887162323692,3.794731640027749e-09
LSTM,combined,pr,0.9996929689898679,0.7785748445719751,3.8192888851540374e-09
LSTM,combined,pr,0.9996929689898679,0.7787610619469026,3.843374951628675e-09
LSTM,combined,pr,0.9996929689898679,0.7789473684210526,3.861863273613153e-09
LSTM,combined,pr,0.9996929689898679,0.7791337640583872,3.879493171154991e-09
LSTM,combined,pr,0.9996929689898679,0.7793202489229296,3.8817509206978684e-09
LSTM,combined,pr,0.9996929689898679,0.7795068230787646,3.89424625879542e-09
LSTM,combined,pr,0.9996929689898679,0.7796934865900383,3.8952565617478285e-09
LSTM,combined,pr,0.9996929689898679,0.7798802395209581,3.957639549412306e-09
LSTM,combined,pr,0.9996929689898679,0.780067081935793,3.9957308572979855e-09
LSTM,combined,pr,0.9996929689898679,0.7802540138988737,4.003420261966539e-09
LSTM,combined,pr,0.9996929689898679,0.7804410354745925,4.052960633771363e-09
LSTM,combined,pr,0.9996929689898679,0.7806281467274035,4.07373113020526e-09
LSTM,combined,pr,0.9996929689898679,0.7808153477218226,4.083408722266313e-09
LSTM,combined,pr,0.9996929689898679,0.7810026385224275,4.153888344404777e-09
LSTM,combined,pr,0.9996929689898679,0.781190019193858,4.173440260046846e-09
LSTM,combined,pr,0.9996929689898679,0.7815650504080653,4.211198501025137e-09
LSTM,combined,pr,0.9996929689898679,0.7817527010804322,4.232198591580527e-09
LSTM,combined,pr,0.9996929689898679,0.781940441882805,4.256752728082347e-09
LSTM,combined,pr,0.9996929689898679,0.7821282728801345,4.36020108907087e-09
LSTM,combined,pr,0.9996929689898679,0.7823161941374339,4.400907638313356e-09
LSTM,combined,pr,0.9996929689898679,0.7825042057197789,4.436304212873665e-09
LSTM,combined,pr,0.9996929689898679,0.7826923076923077,4.46108083806962e-09
LSTM,combined,pr,0.9996929689898679,0.7828805001202213,4.518404317366276e-09
LSTM,combined,pr,0.9996929689898679,0.783068783068783,4.580341439464064e-09
LSTM,combined,pr,0.9996929689898679,0.7832571566033197,4.595173574983846e-09
LSTM,combined,pr,0.9996929689898679,0.7834456207892204,4.686466770209563e-09
LSTM,combined,pr,0.9996929689898679,0.7836341756919374,4.695404953736215e-09
LSTM,combined,pr,0.9996929689898679,0.783822821376986,4.7396748747985384e-09
LSTM,combined,pr,0.9996929689898679,0.7840115579099446,4.813138332337985e-09
LSTM,combined,pr,0.9996929689898679,0.7842003853564548,4.82221729214416e-09
LSTM,combined,pr,0.9996929689898679,0.7843893037822212,4.823118793240155e-09
LSTM,combined,pr,0.9996929689898679,0.7845783132530121,4.942414033592968e-09
LSTM,combined,pr,0.9996929689898679,0.784767413834659,5.080372567078939e-09
LSTM,combined,pr,0.9996929689898679,0.7849566055930569,5.101005395857783e-09
LSTM,combined,pr,0.9996929689898679,0.7851458885941645,5.1492663466490285e-09
LSTM,combined,pr,0.9996929689898679,0.7853352629040039,5.160229132883387e-09
LSTM,combined,pr,0.9996929689898679,0.7855247285886611,5.186921114841425e-09
LSTM,combined,pr,0.9996929689898679,0.7857142857142857,5.345726084016178e-09
LSTM,combined,pr,0.9996929689898679,0.7859039343470915,5.363752553222412e-09
LSTM,combined,pr,0.9996929689898679,0.7860936745533559,5.379202416833095e-09
LSTM,combined,pr,0.9996929689898679,0.7862835063994205,5.475973008373103e-09
LSTM,combined,pr,0.9996929689898679,0.7864734299516908,5.517532652987711e-09
LSTM,combined,pr,0.9996929689898679,0.7866634452766369,5.560573779206379e-09
LSTM,combined,pr,0.9996929689898679,0.7868535524407927,5.6265920811426895e-09
LSTM,combined,pr,0.9996929689898679,0.7870437515107566,5.689139381814812e-09
LSTM,combined,pr,0.9996929689898679,0.7872340425531915,5.781574330399053e-09
LSTM,combined,pr,0.9996929689898679,0.7874244256348246,5.807680114600089e-09
LSTM,combined,pr,0.9996929689898679,0.787614900822448,5.837955452392407e-09
LSTM,combined,pr,0.9996929689898679,0.787805468182918,5.917653478348939e-09
LSTM,combined,pr,0.9996929689898679,0.7879961277831559,6.0099716314709895e-09
LSTM,combined,pr,0.9996929689898679,0.7881868796901477,6.048092249244519e-09
LSTM,combined,pr,0.9996929689898679,0.7883777239709443,6.052788936727893e-09
LSTM,combined,pr,0.9996929689898679,0.7885686606926616,6.0740803498049445e-09
LSTM,combined,pr,0.9996929689898679,0.7887596899224806,6.082427450593286e-09
LSTM,combined,pr,0.9996929689898679,0.7889508117276472,6.136695596126174e-09
LSTM,combined,pr,0.9996929689898679,0.7891420261754726,6.212918624015629e-09
LSTM,combined,pr,0.9996929689898679,0.7893333333333333,6.261324791978495e-09
LSTM,combined,pr,0.9996929689898679,0.7895247332686712,6.307629085711142e-09
LSTM,combined,pr,0.9996929689898679,0.7897162260489935,6.3452891829740565e-09
LSTM,combined,pr,0.9996929689898679,0.7899078117418729,6.400181273846783e-09
LSTM,combined,pr,0.9996929689898679,0.7900994904149479,6.415311837315585e-09
LSTM,combined,pr,0.9996929689898679,0.7902912621359224,6.58838628098124e-09
LSTM,combined,pr,0.9996929689898679,0.7904831269725662,6.7131811221088356e-09
LSTM,combined,pr,0.9996929689898679,0.7906750849927149,6.828959620008845e-09
LSTM,combined,pr,0.9996929689898679,0.7908671362642701,6.841109900790343e-09
LSTM,combined,pr,0.9996929689898679,0.7910592808551993,6.8480421333561026e-09
LSTM,combined,pr,0.9996929689898679,0.7912515188335358,6.850615630327184e-09
LSTM,combined,pr,0.9996929689898679,0.7914438502673797,6.9103798239211756e-09
LSTM,combined,pr,0.9996929689898679,0.7916362752248967,7.081436770306482e-09
LSTM,combined,pr,0.9996929689898679,0.7920214059839455,7.092683329545935e-09
LSTM,combined,pr,0.9996929689898679,0.7922141119221411,7.106739197126899e-09
LSTM,combined,pr,0.9996929689898679,0.7924069116573376,7.117442191173495e-09
LSTM,combined,pr,0.9996929689898679,0.7925998052580331,7.160224413382821e-09
LSTM,combined,pr,0.9996929689898679,0.7927927927927928,7.193885931400246e-09
LSTM,combined,pr,0.9996929689898679,0.7929858743302484,7.238646126950243e-09
LSTM,combined,pr,0.9996929689898679,0.7931790499390987,7.282087377546986e-09
LSTM,combined,pr,0.9996929689898679,0.7933723196881092,7.282837444222423e-09
LSTM,combined,pr,0.9996929689898679,0.7935656836461126,7.290745784871433e-09
LSTM,combined,pr,0.9996929689898679,0.7937591418820088,7.47044914817252e-09
LSTM,combined,pr,0.9996929689898679,0.7939526944647647,7.479830088641393e-09
LSTM,combined,pr,0.9996929689898679,0.7941463414634147,7.638625731942739e-09
LSTM,combined,pr,0.9996929689898679,0.7943400829470603,7.821038039423911e-09
LSTM,combined,pr,0.9996929689898679,0.7945339189848707,7.866383988641701e-09
LSTM,combined,pr,0.9996929689898679,0.7947278496460825,8.056677991419292e-09
LSTM,combined,pr,0.9996929689898679,0.794921875,8.153545394407047e-09
LSTM,combined,pr,0.9996929689898679,0.7951159951159951,8.16381540147404e-09
LSTM,combined,pr,0.9996929689898679,0.7953102100635075,8.17509704376107e-09
LSTM,combined,pr,0.9996929689898679,0.795504519912045,8.329168466048031e-09
LSTM,combined,pr,0.9996929689898679,0.7956989247311828,8.365500292484285e-09
LSTM,combined,pr,0.9996929689898679,0.7958934245905647,8.522542671585143e-09
LSTM,combined,pr,0.9996929689898679,0.7960880195599022,8.585749888823102e-09
LSTM,combined,pr,0.9996929689898679,0.7962827097089753,8.587813127292065e-09
LSTM,combined,pr,0.9996929689898679,0.7964774951076321,8.729159617359983e-09
LSTM,combined,pr,0.9996929689898679,0.7966723758257891,8.786304128705069e-09
LSTM,combined,pr,0.9996929689898679,0.7968673519334313,8.911808180300795e-09
LSTM,combined,pr,0.9996929689898679,0.797062423500612,9.0043812406293e-09
LSTM,combined,pr,0.9996929689898679,0.7972575905974535,9.050129534671214e-09
LSTM,combined,pr,0.9996929689898679,0.7974528532941465,9.1415746084067e-09
LSTM,combined,pr,0.9996929689898679,0.7976482116609506,9.151344571023401e-09
LSTM,combined,pr,0.9996929689898679,0.7978436657681941,9.184849325549749e-09
LSTM,combined,pr,0.9996929689898679,0.7980392156862746,9.190053162910772e-09
LSTM,combined,pr,0.9996929689898679,0.7982348614856583,9.363788855409894e-09
LSTM,combined,pr,0.9996929689898679,0.7984306032368809,9.367307818308745e-09
LSTM,combined,pr,0.9996929689898679,0.7986264410105469,9.406679879475632e-09
LSTM,combined,pr,0.999385937979736,0.7985770363101079,9.590324978603348e-09
LSTM,combined,pr,0.999385937979736,0.7987730061349694,9.649609999939912e-09
LSTM,combined,pr,0.999385937979736,0.7989690721649485,9.666759837045902e-09
LSTM,combined,pr,0.999385937979736,0.7991652344709059,9.714317350528745e-09
LSTM,combined,pr,0.999385937979736,0.7993614931237721,9.881477858186827e-09
LSTM,combined,pr,0.999385937979736,0.7995578481945468,9.944400858330482e-09
LSTM,combined,pr,0.999385937979736,0.7997542997542998,1.0077352285975394e-08
LSTM,combined,pr,0.999385937979736,0.7999508478741706,1.0090412061458665e-08
LSTM,combined,pr,0.999385937979736,0.8001474926253688,1.0196160360465001e-08
LSTM,combined,pr,0.999385937979736,0.8003442340791739,1.0259033622617153e-08
LSTM,combined,pr,0.999385937979736,0.8005410723069356,1.0353507384763816e-08
LSTM,combined,pr,0.999385937979736,0.8007380073800738,1.0522369642274043e-08
LSTM,combined,pr,0.999385937979736,0.8009350393700787,1.0522831495052287e-08
LSTM,combined,pr,0.999385937979736,0.801132168348511,1.0596142629992755e-08
LSTM,combined,pr,0.999385937979736,0.8013293943870015,1.0677762674049518e-08
LSTM,combined,pr,0.999385937979736,0.8015267175572519,1.125726889483758e-08
LSTM,combined,pr,0.999385937979736,0.8017241379310345,1.151065109894489e-08
LSTM,combined,pr,0.999385937979736,0.8019216555801921,1.153707085421729e-08
LSTM,combined,pr,0.999385937979736,0.8021192705766388,1.1662873333762036e-08
LSTM,combined,pr,0.999385937979736,0.8023169829923589,1.1867275162558144e-08
LSTM,combined,pr,0.999385937979736,0.8025147928994083,1.1924089271531102e-08
LSTM,combined,pr,0.999385937979736,0.8027127003699137,1.2115839886917001e-08
LSTM,combined,pr,0.999385937979736,0.802910705476073,1.2196387899621186e-08
LSTM,combined,pr,0.999385937979736,0.8031088082901554,1.2284147032914916e-08
LSTM,combined,pr,0.999385937979736,0.8033070088845015,1.2553480921440041e-08
LSTM,combined,pr,0.999385937979736,0.803505307331523,1.2565842588685427e-08
LSTM,combined,pr,0.999385937979736,0.8037037037037037,1.2608239785549813e-08
LSTM,combined,pr,0.999385937979736,0.8039021980735984,1.2883476507852265e-08
LSTM,combined,pr,0.999385937979736,0.804100790513834,1.2907161561770408e-08
LSTM,combined,pr,0.999385937979736,0.8042994810971089,1.3000333254353791e-08
LSTM,combined,pr,0.999385937979736,0.8044982698961938,1.3687211364299401e-08
LSTM,combined,pr,0.999385937979736,0.8046971569839307,1.3696064726786972e-08
LSTM,combined,pr,0.999385937979736,0.8048961424332344,1.3699173351255922e-08
LSTM,combined,pr,0.999385937979736,0.8050952263170913,1.4187510721797025e-08
LSTM,combined,pr,0.999385937979736,0.8052944087085602,1.4244995405476857e-08
LSTM,combined,pr,0.999385937979736,0.8054936896807721,1.4253393132435122e-08
LSTM,combined,pr,0.999385937979736,0.8056930693069307,1.4658769309505715e-08
LSTM,combined,pr,0.999385937979736,0.8058925476603119,1.478851263669867e-08
LSTM,combined,pr,0.999385937979736,0.8060921248142645,1.5061793590120942e-08
LSTM,combined,pr,0.999385937979736,0.8062918008422095,1.5116071949705656e-08
LSTM,combined,pr,0.999385937979736,0.8064915758176412,1.52658099494829e-08
LSTM,combined,pr,0.999385937979736,0.8066914498141264,1.5266392594526224e-08
LSTM,combined,pr,0.999385937979736,0.8068914229053049,1.555657291874013e-08
LSTM,combined,pr,0.999385937979736,0.8070914951648896,1.5663578878388762e-08
LSTM,combined,pr,0.999385937979736,0.8072916666666666,1.5762962490839527e-08
LSTM,combined,pr,0.999385937979736,0.8074919374844952,1.6169304117852334e-08
LSTM,combined,pr,0.999385937979736,0.8076923076923077,1.644672487088883e-08
LSTM,combined,pr,0.999385937979736,0.8078927773641102,1.654277426155204e-08
LSTM,combined,pr,0.999385937979736,0.8080933465739821,1.6606508168592882e-08
LSTM,combined,pr,0.999385937979736,0.8082940153960765,1.663811666219317e-08
LSTM,combined,pr,0.999385937979736,0.8084947839046199,1.688939832433789e-08
LSTM,combined,pr,0.999385937979736,0.808695652173913,1.6963459970043004e-08
LSTM,combined,pr,0.999385937979736,0.80889662027833,1.7150558306866515e-08
LSTM,combined,pr,0.999385937979736,0.8090976882923192,1.7343557701110512e-08
LSTM,combined,pr,0.9990789069696039,0.809050223769269,1.7772297411511317e-08
LSTM,combined,pr,0.9990789069696039,0.8092514299925392,1.7834745236200433e-08
LSTM,combined,pr,0.9990789069696039,0.809452736318408,1.7905881222191056e-08
LSTM,combined,pr,0.9990789069696039,0.8096541428215974,1.8051723671419495e-08
LSTM,combined,pr,0.9990789069696039,0.8098556495769039,1.864386867111989e-08
LSTM,combined,pr,0.9990789069696039,0.8100572566591984,1.8881419094896046e-08
LSTM,combined,pr,0.9990789069696039,0.8102589641434262,1.9069402057425577e-08
LSTM,combined,pr,0.9990789069696039,0.8104607721046078,1.911350011596369e-08
LSTM,combined,pr,0.9990789069696039,0.8106626806178375,1.9357292657673497e-08
LSTM,combined,pr,0.9990789069696039,0.8108646897582855,1.94477376425084e-08
LSTM,combined,pr,0.9990789069696039,0.8110667996011964,1.956366624256134e-08
LSTM,combined,pr,0.9990789069696039,0.8112690102218898,1.9652301119776894e-08
LSTM,combined,pr,0.9990789069696039,0.8114713216957606,1.9807417928063842e-08
LSTM,combined,pr,0.9990789069696039,0.8116737340982789,1.9888318547600647e-08
LSTM,combined,pr,0.9990789069696039,0.81187624750499,1.994115450543177e-08
LSTM,combined,pr,0.9990789069696039,0.8120788619915148,2.0385330756766962e-08
LSTM,combined,pr,0.9987718759594719,0.8120319520718922,2.0509272502522435e-08
LSTM,combined,pr,0.9987718759594719,0.8122347066167291,2.070951232724383e-08
LSTM,combined,pr,0.9987718759594719,0.8124375624375625,2.1534280136847883e-08
LSTM,combined,pr,0.9987718759594719,0.8126405196102923,2.15527702351892e-08
LSTM,combined,pr,0.9987718759594719,0.8128435782108946,2.1607185374250548e-08
LSTM,combined,pr,0.9987718759594719,0.8130467383154212,2.1840001807049703e-08
LSTM,combined,pr,0.9987718759594719,0.81325,2.1935312233267723e-08
LSTM,combined,pr,0.9987718759594719,0.8134533633408352,2.215053029885894e-08
LSTM,combined,pr,0.9987718759594719,0.8136568284142071,2.2358989326676237e-08
LSTM,combined,pr,0.9987718759594719,0.8138603952964724,2.240616403526019e-08
LSTM,combined,pr,0.9987718759594719,0.8140640640640641,2.2539554223044433e-08
LSTM,combined,pr,0.9987718759594719,0.8142678347934919,2.2636189811464646e-08
LSTM,combined,pr,0.9987718759594719,0.814471707561342,2.2778117170219048e-08
LSTM,combined,pr,0.9987718759594719,0.8146756824442775,2.295742440594495e-08
LSTM,combined,pr,0.9987718759594719,0.8148797595190381,2.332068582688862e-08
LSTM,combined,pr,0.9987718759594719,0.8150839388624405,2.344932248377063e-08
LSTM,combined,pr,0.9987718759594719,0.8152882205513784,2.3499065804344355e-08
LSTM,combined,pr,0.9987718759594719,0.8154926046628228,2.354729744524775e-08
LSTM,combined,pr,0.9987718759594719,0.8156970912738215,2.4004078724715328e-08
LSTM,combined,pr,0.9987718759594719,0.8159016804614999,2.4759675198993136e-08
LSTM,combined,pr,0.9987718759594719,0.8161063723030607,2.477171889836427e-08
LSTM,combined,pr,0.9987718759594719,0.8163111668757842,2.5255577185134825e-08
LSTM,combined,pr,0.9987718759594719,0.8165160642570282,2.5355342714306062e-08
LSTM,combined,pr,0.9987718759594719,0.816721064524228,2.5935941394550355e-08
LSTM,combined,pr,0.9987718759594719,0.816926167754897,2.6026279797974894e-08
LSTM,combined,pr,0.9987718759594719,0.8171313740266265,2.6051163004581213e-08
LSTM,combined,pr,0.9987718759594719,0.8173366834170854,2.629016115918148e-08
LSTM,combined,pr,0.9987718759594719,0.8175420960040211,2.6548867992914893e-08
LSTM,combined,pr,0.9987718759594719,0.8177476118652589,2.6784768181187246e-08
LSTM,combined,pr,0.9987718759594719,0.8179532310787025,2.7146491277107998e-08
LSTM,combined,pr,0.9987718759594719,0.818158953722334,2.720314284943015e-08
LSTM,combined,pr,0.9987718759594719,0.8183647798742139,2.7384306378053225e-08
LSTM,combined,pr,0.9987718759594719,0.8185707096124811,2.74349130080509e-08
LSTM,combined,pr,0.9987718759594719,0.8187767430153536,2.7739041286167776e-08
LSTM,combined,pr,0.9987718759594719,0.8189828801611279,2.7766621002456304e-08
LSTM,combined,pr,0.9987718759594719,0.8191891211281793,2.8396096141136695e-08
LSTM,combined,pr,0.9987718759594719,0.8193954659949623,2.8414895325568068e-08
LSTM,combined,pr,0.9987718759594719,0.8196019148400101,2.8440650723382532e-08
LSTM,combined,pr,0.9987718759594719,0.8198084677419355,2.8662018536351752e-08
LSTM,combined,pr,0.9987718759594719,0.8200151247794303,2.8673447616256453e-08
LSTM,combined,pr,0.9987718759594719,0.8202218860312658,2.9546027846549805e-08
LSTM,combined,pr,0.9987718759594719,0.8204287515762926,2.957608025155878e-08
LSTM,combined,pr,0.9987718759594719,0.820635721493441,2.9798725265095527e-08
LSTM,combined,pr,0.9987718759594719,0.8208427958617209,2.9997977435414214e-08
LSTM,combined,pr,0.9987718759594719,0.8210499747602221,3.0493691127730926e-08
LSTM,combined,pr,0.9987718759594719,0.8212572582681141,3.085449407080887e-08
LSTM,combined,pr,0.9987718759594719,0.8214646464646465,3.1403210698499606e-08
LSTM,combined,pr,0.9987718759594719,0.8216721394291487,3.24258984107928e-08
LSTM,combined,pr,0.9987718759594719,0.8218797372410308,3.305257934016481e-08
LSTM,combined,pr,0.9987718759594719,0.8220874399797826,3.337057208341321e-08
LSTM,combined,pr,0.9987718759594719,0.8222952477249748,3.358319844437574e-08
LSTM,combined,pr,0.9987718759594719,0.8225031605562579,3.480676014078199e-08
LSTM,combined,pr,0.9987718759594719,0.8227111785533637,3.551642180354975e-08
LSTM,combined,pr,0.9987718759594719,0.8229193017961042,3.596374043013384e-08
LSTM,combined,pr,0.9987718759594719,0.8231275303643725,3.74062167907141e-08
LSTM,combined,pr,0.9987718759594719,0.8233358643381422,3.747820187527395e-08
LSTM,combined,pr,0.9987718759594719,0.8235443037974683,3.811816995380468e-08
LSTM,combined,pr,0.9987718759594719,0.8237528488224867,3.840775519847739e-08
LSTM,combined,pr,0.9987718759594719,0.8239614994934144,3.8446088979071646e-08
LSTM,combined,pr,0.9987718759594719,0.8241702558905498,3.856455066397757e-08
LSTM,combined,pr,0.9987718759594719,0.8243791180942727,3.879258514416506e-08
LSTM,combined,pr,0.9987718759594719,0.8245880861850443,3.9190464207194964e-08
LSTM,combined,pr,0.9987718759594719,0.8247971602434077,3.9532583429036094e-08
LSTM,combined,pr,0.9987718759594719,0.8250063403499873,3.95452524060147e-08
LSTM,combined,pr,0.9987718759594719,0.8252156265854896,4.012902010686048e-08
LSTM,combined,pr,0.9987718759594719,0.8254250190307029,4.0188918859485057e-08
LSTM,combined,pr,0.9987718759594719,0.8256345177664974,4.027325317679242e-08
LSTM,combined,pr,0.9987718759594719,0.8258441228738258,4.029876166100621e-08
LSTM,combined,pr,0.9987718759594719,0.8260538344337227,4.078024673503933e-08
LSTM,combined,pr,0.9987718759594719,0.826263652527305,4.167969436252861e-08
LSTM,combined,pr,0.9987718759594719,0.8264735772357723,4.210870940823952e-08
LSTM,combined,pr,0.9987718759594719,0.8266836086404066,4.2976182612619596e-08
LSTM,combined,pr,0.9987718759594719,0.8268937468225724,4.31984830129295e-08
LSTM,combined,pr,0.9987718759594719,0.8271039918637173,4.34495248669009e-08
LSTM,combined,pr,0.9987718759594719,0.8273143438453713,4.345922377524403e-08
LSTM,combined,pr,0.9987718759594719,0.8275248028491478,4.375682394197611e-08
LSTM,combined,pr,0.9987718759594719,0.827735368956743,4.385876550827561e-08
LSTM,combined,pr,0.9987718759594719,0.8279460422499364,4.439489131868868e-08
LSTM,combined,pr,0.9987718759594719,0.8281568228105907,4.459798574885099e-08
LSTM,combined,pr,0.9987718759594719,0.8283677107206519,4.501477590679315e-08
LSTM,combined,pr,0.9987718759594719,0.8285787060621498,4.5899898992729504e-08
LSTM,combined,pr,0.9987718759594719,0.8287898089171974,4.594176417072049e-08
LSTM,combined,pr,0.9987718759594719,0.8290010193679919,4.6284256427497894e-08
LSTM,combined,pr,0.9987718759594719,0.8292123374968137,4.766020822444261e-08
LSTM,combined,pr,0.9987718759594719,0.8294237633860275,4.996090297026967e-08
LSTM,combined,pr,0.9987718759594719,0.8296352971180821,5.058396723711667e-08
LSTM,combined,pr,0.9987718759594719,0.8298469387755102,5.078814879766469e-08
LSTM,combined,pr,0.9987718759594719,0.8300586884409288,5.105222555812361e-08
LSTM,combined,pr,0.9987718759594719,0.8302705461970393,5.133225755571402e-08
LSTM,combined,pr,0.9987718759594719,0.8304825121266275,5.5317606495464133e-08
LSTM,combined,pr,0.9987718759594719,0.8306945863125639,5.5934776810318e-08
LSTM,combined,pr,0.9987718759594719,0.8309067688378033,5.699612160015022e-08
LSTM,combined,pr,0.9987718759594719,0.8311190597853858,5.791532586840731e-08
LSTM,combined,pr,0.9987718759594719,0.831331459238436,5.807184777495422e-08
LSTM,combined,pr,0.9987718759594719,0.8315439672801636,5.890977661238139e-08
LSTM,combined,pr,0.9987718759594719,0.8317565839938634,5.922444046291275e-08
LSTM,combined,pr,0.9987718759594719,0.8319693094629156,5.967254423921986e-08
LSTM,combined,pr,0.9987718759594719,0.8321821437707854,6.067251234753712e-08
LSTM,combined,pr,0.9987718759594719,0.8323950870010235,6.127259410959596e-08
LSTM,combined,pr,0.9987718759594719,0.8326081392372664,6.13371398117124e-08
LSTM,combined,pr,0.9987718759594719,0.832821300563236,6.221863202426903e-08
LSTM,combined,pr,0.9987718759594719,0.83303457106274,6.227929816304822e-08
LSTM,combined,pr,0.9987718759594719,0.8332479508196722,6.315926270872296e-08
LSTM,combined,pr,0.9987718759594719,0.8334614399180118,6.351334036480694e-08
LSTM,combined,pr,0.9987718759594719,0.8336750384418247,6.471923086337483e-08
LSTM,combined,pr,0.9987718759594719,0.8338887464752628,6.497339910538358e-08
LSTM,combined,pr,0.9987718759594719,0.8341025641025641,6.535123020512401e-08
LSTM,combined,pr,0.9987718759594719,0.8343164914080533,6.638556016014263e-08
LSTM,combined,pr,0.9987718759594719,0.8347446753913267,6.770032001668369e-08
LSTM,combined,pr,0.9987718759594719,0.8349589322381931,6.783733397242031e-08
LSTM,combined,pr,0.9987718759594719,0.835173299101412,6.78502729556385e-08
LSTM,combined,pr,0.9987718759594719,0.8353877760657422,6.82385845607314e-08
LSTM,combined,pr,0.9987718759594719,0.8356023632160288,7.13072125790859e-08
LSTM,combined,pr,0.9987718759594719,0.8358170606372045,7.164202742160342e-08
LSTM,combined,pr,0.9987718759594719,0.8360318684142893,7.205424168432728e-08
LSTM,combined,pr,0.9987718759594719,0.8362467866323907,7.216179653823929e-08
LSTM,combined,pr,0.9987718759594719,0.8364618153767035,7.412599245526508e-08
LSTM,combined,pr,0.9987718759594719,0.8366769547325102,7.519714984027814e-08
LSTM,combined,pr,0.9987718759594719,0.8368922047851813,7.614016794832423e-08
LSTM,combined,pr,0.9987718759594719,0.8392672858617131,7.917807920421183e-08
LSTM,combined,pr,0.9987718759594719,0.8394838709677419,7.951253877536146e-08
LSTM,combined,pr,0.9987718759594719,0.8397005678884873,8.04562532152886e-08
LSTM,combined,pr,0.9987718759594719,0.8399173767105603,8.045886090712884e-08
LSTM,combined,pr,0.9987718759594719,0.8401342975206612,8.157779518569441e-08
LSTM,combined,pr,0.9987718759594719,0.84035133040558,8.205954316053976e-08
LSTM,combined,pr,0.9987718759594719,0.8405684754521964,8.23852701614669e-08
LSTM,combined,pr,0.9987718759594719,0.8407857327474799,8.397909567747774e-08
LSTM,combined,pr,0.9987718759594719,0.8410031023784902,8.46836130108386e-08
LSTM,combined,pr,0.9987718759594719,0.8412205844323766,8.526350825377449e-08
LSTM,combined,pr,0.9987718759594719,0.8414381789963787,8.614360780256902e-08
LSTM,combined,pr,0.9987718759594719,0.8416558861578266,8.66121609988113e-08
LSTM,combined,pr,0.9987718759594719,0.8418737060041408,8.676063600887574e-08
LSTM,combined,pr,0.9987718759594719,0.842091638622832,8.683215924065735e-08
LSTM,combined,pr,0.9987718759594719,0.8423096841015019,8.787330330051191e-08
LSTM,combined,pr,0.9987718759594719,0.8425278425278425,8.797711359420646e-08
LSTM,combined,pr,0.9987718759594719,0.8427461139896373,8.849529820054158e-08
LSTM,combined,pr,0.9987718759594719,0.8429644985747603,8.923327499132938e-08
LSTM,combined,pr,0.9987718759594719,0.8434016074669433,8.936630280231839e-08
LSTM,combined,pr,0.9987718759594719,0.8436203319502075,9.0273069019986e-08
LSTM,combined,pr,0.9987718759594719,0.8438391699092088,9.101719200543812e-08
LSTM,combined,pr,0.9987718759594719,0.8440581214322782,9.149759705451288e-08
LSTM,combined,pr,0.9987718759594719,0.844277186607838,9.215157348307912e-08
LSTM,combined,pr,0.9987718759594719,0.8444963655244029,9.514443632951952e-08
LSTM,combined,pr,0.9987718759594719,0.844715658270579,9.544870493982671e-08
LSTM,combined,pr,0.9987718759594719,0.844935064935065,9.567490621975594e-08
LSTM,combined,pr,0.9987718759594719,0.8451545856066511,9.713505022546087e-08
LSTM,combined,pr,0.9987718759594719,0.8453742203742204,9.835881087383314e-08
LSTM,combined,pr,0.9987718759594719,0.8455939693267481,9.987039106817974e-08
LSTM,combined,pr,0.9987718759594719,0.8458138325533021,1.0094938573956824e-07
LSTM,combined,pr,0.9987718759594719,0.8460338101430429,1.0394349914122358e-07
LSTM,combined,pr,0.9987718759594719,0.8462539021852237,1.0574967035381633e-07
LSTM,combined,pr,0.9987718759594719,0.8464741087691907,1.0808476247348153e-07
LSTM,combined,pr,0.9987718759594719,0.8466944299843832,1.1059601234819638e-07
LSTM,combined,pr,0.9987718759594719,0.8469148659203333,1.1478864792024979e-07
LSTM,combined,pr,0.9987718759594719,0.8475768629494529,1.1598523030897923e-07
LSTM,combined,pr,0.9987718759594719,0.8477977586656242,1.1624047147051897e-07
LSTM,combined,pr,0.9987718759594719,0.8480187695516163,1.2368259660888725e-07
LSTM,combined,pr,0.9987718759594719,0.8482398956975228,1.245932281790374e-07
LSTM,combined,pr,0.9987718759594719,0.8484611371935316,1.254168751074758e-07
LSTM,combined,pr,0.9987718759594719,0.8486824941299244,1.260905122535405e-07
LSTM,combined,pr,0.9987718759594719,0.8489039665970772,1.2876455457444536e-07
LSTM,combined,pr,0.9987718759594719,0.8491255546854607,1.3031035450694617e-07
LSTM,combined,pr,0.9987718759594719,0.8493472584856396,1.3596681469607574e-07
LSTM,combined,pr,0.9987718759594719,0.8495690780882738,1.3776727314507298e-07
LSTM,combined,pr,0.9987718759594719,0.849791013584117,1.4536837511514022e-07
LSTM,combined,pr,0.9987718759594719,0.8500130650640189,1.4713748441863572e-07
LSTM,combined,pr,0.9987718759594719,0.8502352326189232,1.4812006554620893e-07
LSTM,combined,pr,0.9987718759594719,0.8504575163398693,1.493234975669111e-07
LSTM,combined,pr,0.9987718759594719,0.8506799163179917,1.5129533892377367e-07
LSTM,combined,pr,0.9987718759594719,0.85090243264452,1.5382042306555377e-07
LSTM,combined,pr,0.9987718759594719,0.8511250654107797,1.5700301503329683e-07
LSTM,combined,pr,0.9987718759594719,0.8513478147081915,1.577015638076773e-07
LSTM,combined,pr,0.9987718759594719,0.8515706806282722,1.6216689857628808e-07
LSTM,combined,pr,0.9987718759594719,0.8517936632626342,1.6456097284844873e-07
LSTM,combined,pr,0.9987718759594719,0.8531340152111199,1.649336525133549e-07
LSTM,combined,pr,0.9987718759594719,0.8533578174186779,1.6637696376164968e-07
LSTM,combined,pr,0.9987718759594719,0.8535817370768827,1.6891613086045254e-07
LSTM,combined,pr,0.9987718759594719,0.8538057742782152,1.7328322599041712e-07
LSTM,combined,pr,0.9987718759594719,0.8540299291152533,1.7961795606424857e-07
LSTM,combined,pr,0.9987718759594719,0.8542542016806722,1.8765439335766132e-07
LSTM,combined,pr,0.9987718759594719,0.8544785920672445,1.8901187104347628e-07
LSTM,combined,pr,0.9987718759594719,0.8547031003678403,1.979611141678106e-07
LSTM,combined,pr,0.9987718759594719,0.854927726675427,1.9871089307343937e-07
LSTM,combined,pr,0.9987718759594719,0.8551524710830705,2.0168467074199725e-07
LSTM,combined,pr,0.9987718759594719,0.8553773336839338,2.0463501471112977e-07
LSTM,combined,pr,0.9987718759594719,0.8556023145712782,2.0927971888795582e-07
LSTM,combined,pr,0.9987718759594719,0.8558274138384636,2.1196848365434562e-07
LSTM,combined,pr,0.9987718759594719,0.8560526315789474,2.184959129181152e-07
LSTM,combined,pr,0.9987718759594719,0.8562779678862859,2.186391157010803e-07
LSTM,combined,pr,0.9987718759594719,0.8565034228541337,2.1974911135203e-07
LSTM,combined,pr,0.9987718759594719,0.8567289965762444,2.2001501065460616e-07
LSTM,combined,pr,0.9987718759594719,0.85695468914647,2.2351191830694006e-07
LSTM,combined,pr,0.9987718759594719,0.8571805006587615,2.249109769536517e-07
LSTM,combined,pr,0.9987718759594719,0.8574064312071692,2.3151879702254519e-07
LSTM,combined,pr,0.9987718759594719,0.8576324808858423,2.3371099189262168e-07
LSTM,combined,pr,0.9987718759594719,0.8578586497890295,2.3725198161628214e-07
LSTM,combined,pr,0.9987718759594719,0.8580849380110789,2.3864419063102105e-07
LSTM,combined,pr,0.9987718759594719,0.858311345646438,2.454121954542643e-07
LSTM,combined,pr,0.9987718759594719,0.8585378727896542,2.497470745765895e-07
LSTM,combined,pr,0.9987718759594719,0.8587645195353749,2.529133098505554e-07
LSTM,combined,pr,0.9987718759594719,0.858991285978347,2.533758447498258e-07
LSTM,combined,pr,0.9987718759594719,0.8592181722134179,2.541236199249397e-07
LSTM,combined,pr,0.9987718759594719,0.859445178335535,2.565352303918189e-07
LSTM,combined,pr,0.9987718759594719,0.8596723044397463,2.5750981080818747e-07
LSTM,combined,pr,0.9987718759594719,0.8598995506212002,2.580794387085916e-07
LSTM,combined,pr,0.9987718759594719,0.8601269169751454,2.5849845997072407e-07
LSTM,combined,pr,0.9987718759594719,0.860354403596932,2.663091152044217e-07
LSTM,combined,pr,0.9987718759594719,0.8605820105820106,2.7254151291344897e-07
LSTM,combined,pr,0.9987718759594719,0.8608097380259327,2.8952993602615607e-07
LSTM,combined,pr,0.9987718759594719,0.8610375860243515,2.898048023780575e-07
LSTM,combined,pr,0.9987718759594719,0.8612655546730209,2.899479909501679e-07
LSTM,combined,pr,0.9987718759594719,0.8614936440677966,2.9072216989334265e-07
LSTM,combined,pr,0.9987718759594719,0.8617218543046358,2.939637511190085e-07
LSTM,combined,pr,0.9987718759594719,0.8619501854795972,2.953046021048067e-07
LSTM,combined,pr,0.9987718759594719,0.8621786376888417,2.960566405363352e-07
LSTM,combined,pr,0.9987718759594719,0.862407211028632,3.08968708395696e-07
LSTM,combined,pr,0.9987718759594719,0.8626359055953328,3.117812354958005e-07
LSTM,combined,pr,0.9987718759594719,0.8628647214854112,3.133993686788017e-07
LSTM,combined,pr,0.9987718759594719,0.8630936587954364,3.2078156664283597e-07
LSTM,combined,pr,0.9987718759594719,0.8633227176220807,3.215782555798796e-07
LSTM,combined,pr,0.9987718759594719,0.8635518980621184,3.3192137038895453e-07
LSTM,combined,pr,0.9987718759594719,0.863781200212427,3.342230172620475e-07
LSTM,combined,pr,0.9987718759594719,0.8640106241699868,3.35106136617469e-07
LSTM,combined,pr,0.9987718759594719,0.864240170031881,3.453145041021344e-07
LSTM,combined,pr,0.9987718759594719,0.8644698378952963,3.472864875675441e-07
LSTM,combined,pr,0.9987718759594719,0.8646996278575226,3.4923007774523285e-07
LSTM,combined,pr,0.9987718759594719,0.8649295400159532,3.519486426739604e-07
LSTM,combined,pr,0.9987718759594719,0.8651595744680851,3.555984449121752e-07
LSTM,combined,pr,0.9987718759594719,0.865389731311519,3.605657070693269e-07
LSTM,combined,pr,0.9987718759594719,0.8656200106439595,3.633188043750124e-07
LSTM,combined,pr,0.9987718759594719,0.8658504125632154,3.6861709418190003e-07
LSTM,combined,pr,0.9987718759594719,0.8660809371671991,3.844847356049286e-07
LSTM,combined,pr,0.9987718759594719,0.8663115845539281,3.8990572193142725e-07
LSTM,combined,pr,0.9987718759594719,0.8665423548215238,3.941877935176308e-07
LSTM,combined,pr,0.9987718759594719,0.8667732480682121,3.9729232526042324e-07
LSTM,combined,pr,0.9987718759594719,0.8670042643923241,4.0996354755407083e-07
LSTM,combined,pr,0.9987718759594719,0.8672354038922954,4.16007935655216e-07
LSTM,combined,pr,0.9987718759594719,0.8674666666666667,4.2376368014629406e-07
LSTM,combined,pr,0.9987718759594719,0.8676980528140837,4.2815207734747673e-07
LSTM,combined,pr,0.9987718759594719,0.8679295624332978,4.332700598297379e-07
LSTM,combined,pr,0.9987718759594719,0.8681611956231652,4.33334122362794e-07
LSTM,combined,pr,0.9987718759594719,0.8683929524826481,4.3793730242214224e-07
LSTM,combined,pr,0.9987718759594719,0.8686248331108144,4.4423310896490875e-07
LSTM,combined,pr,0.9987718759594719,0.8688568376068376,4.488159106585954e-07
LSTM,combined,pr,0.9987718759594719,0.8690889660699973,4.5493433731280675e-07
LSTM,combined,pr,0.9987718759594719,0.8693212185996794,4.6053847313487495e-07
LSTM,combined,pr,0.9987718759594719,0.8695535952953756,4.768494363815989e-07
LSTM,combined,pr,0.9987718759594719,0.8697860962566845,4.783675535691145e-07
LSTM,combined,pr,0.9987718759594719,0.8700187215833111,4.840825909013802e-07
LSTM,combined,pr,0.9987718759594719,0.8702514713750669,4.999603788746754e-07
LSTM,combined,pr,0.9987718759594719,0.8704843457318705,5.028226155445736e-07
LSTM,combined,pr,0.9987718759594719,0.8707173447537473,5.188948080103728e-07
LSTM,combined,pr,0.9987718759594719,0.87095046854083,5.342819235920615e-07
LSTM,combined,pr,0.9987718759594719,0.8711837171933583,5.493052981364599e-07
LSTM,combined,pr,0.9987718759594719,0.8714170908116796,5.550218702410348e-07
LSTM,combined,pr,0.9987718759594719,0.8716505894962486,5.572876489168266e-07
LSTM,combined,pr,0.9987718759594719,0.871884213347628,5.711261223950714e-07
LSTM,combined,pr,0.9987718759594719,0.872117962466488,5.764515549344651e-07
LSTM,combined,pr,0.9987718759594719,0.8723518369536069,5.807251000078395e-07
LSTM,combined,pr,0.9987718759594719,0.8725858369098712,5.980078867651173e-07
LSTM,combined,pr,0.9987718759594719,0.8728199624362758,6.051147352081898e-07
LSTM,combined,pr,0.9987718759594719,0.8730542136339238,6.157832785902428e-07
LSTM,combined,pr,0.9987718759594719,0.8732885906040269,6.20339505985612e-07
LSTM,combined,pr,0.9987718759594719,0.8735230934479055,6.274142947404471e-07
LSTM,combined,pr,0.9987718759594719,0.873757722266989,6.346581358229741e-07
LSTM,combined,pr,0.9987718759594719,0.8739924771628157,6.488751296274131e-07
LSTM,combined,pr,0.9987718759594719,0.874227358237033,6.535011038977245e-07
LSTM,combined,pr,0.9987718759594719,0.8744623655913979,6.659817017862224e-07
LSTM,combined,pr,0.9987718759594719,0.8746974993277763,6.73221222768916e-07
LSTM,combined,pr,0.9987718759594719,0.8749327595481442,6.89119133312488e-07
LSTM,combined,pr,0.9987718759594719,0.8751681463545871,6.959527922845155e-07
LSTM,combined,pr,0.9987718759594719,0.8754036598493004,6.97896894052974e-07
LSTM,combined,pr,0.9987718759594719,0.8756393001345895,7.135897135412961e-07
LSTM,combined,pr,0.9987718759594719,0.8758750673128702,7.260018719534855e-07
LSTM,combined,pr,0.9987718759594719,0.8761109614866684,7.301916298274591e-07
LSTM,combined,pr,0.9987718759594719,0.8763469827586207,7.31319232727401e-07
LSTM,combined,pr,0.9987718759594719,0.876583131231474,7.551578278253146e-07
LSTM,combined,pr,0.9987718759594719,0.8768194070080862,7.622231805726187e-07
LSTM,combined,pr,0.9987718759594719,0.8770558101914263,7.789745382069668e-07
LSTM,combined,pr,0.9987718759594719,0.8772923408845739,7.824157819413813e-07
LSTM,combined,pr,0.9987718759594719,0.8775289991907202,7.892805911069445e-07
LSTM,combined,pr,0.9987718759594719,0.8777657852131678,7.919542213130626e-07
LSTM,combined,pr,0.9987718759594719,0.8780026990553307,7.978071607794845e-07
LSTM,combined,pr,0.9987718759594719,0.8782397408207343,8.113977969514963e-07
LSTM,combined,pr,0.9987718759594719,0.8784769106130165,8.353152907147887e-07
LSTM,combined,pr,0.9987718759594719,0.8787142085359265,8.401952413805702e-07
LSTM,combined,pr,0.9987718759594719,0.8789516346933262,8.475112736050505e-07
LSTM,combined,pr,0.9987718759594719,0.8791891891891892,8.534849484931328e-07
LSTM,combined,pr,0.9987718759594719,0.8794268721276021,8.641898148198379e-07
LSTM,combined,pr,0.9987718759594719,0.8796646836127636,8.697575708538352e-07
LSTM,combined,pr,0.9987718759594719,0.8799026237489856,9.00688860383525e-07
LSTM,combined,pr,0.9987718759594719,0.8801406926406926,9.019627782436146e-07
LSTM,combined,pr,0.9987718759594719,0.8803788903924222,9.036804726747505e-07
LSTM,combined,pr,0.9987718759594719,0.8806172171088251,9.147993864644377e-07
LSTM,combined,pr,0.9987718759594719,0.8808556728946656,9.197462418342184e-07
LSTM,combined,pr,0.9987718759594719,0.8810942578548212,9.337393294117646e-07
LSTM,combined,pr,0.9987718759594719,0.8813329720942834,9.434881462766498e-07
LSTM,combined,pr,0.9987718759594719,0.8815718157181572,9.55795826484973e-07
LSTM,combined,pr,0.9987718759594719,0.8818107888316618,9.786205055206665e-07
LSTM,combined,pr,0.9987718759594719,0.8820498915401301,9.864144203675096e-07
LSTM,combined,pr,0.9987718759594719,0.88228912394901,1.021018078972702e-06
LSTM,combined,pr,0.9987718759594719,0.8825284861638633,1.0410476534161717e-06
LSTM,combined,pr,0.9987718759594719,0.8827679782903664,1.0499614973014104e-06
LSTM,combined,pr,0.9987718759594719,0.8830076004343105,1.0874405234062579e-06
LSTM,combined,pr,0.9987718759594719,0.8832473527016019,1.095629727387859e-06
LSTM,combined,pr,0.9987718759594719,0.8834872351982618,1.097314338949218e-06
LSTM,combined,pr,0.9987718759594719,0.8837272480304265,1.0973834605465527e-06
LSTM,combined,pr,0.9987718759594719,0.8839673913043479,1.1011018159479136e-06
LSTM,combined,pr,0.9987718759594719,0.884207665126393,1.1156323580507888e-06
LSTM,combined,pr,0.9987718759594719,0.8844480696030451,1.1166265494466643e-06
LSTM,combined,pr,0.9987718759594719,0.884688604840903,1.1176450698258122e-06
LSTM,combined,pr,0.9987718759594719,0.8849292709466812,1.1843553693324793e-06
LSTM,combined,pr,0.9987718759594719,0.8851700680272109,1.1931936114706332e-06
LSTM,combined,pr,0.9987718759594719,0.8854109961894393,1.2351514442343614e-06
LSTM,combined,pr,0.9987718759594719,0.8856520555404301,1.2469788543967297e-06
LSTM,combined,pr,0.9987718759594719,0.8858932461873639,1.2476342590161948e-06
LSTM,combined,pr,0.9987718759594719,0.8861345682375374,1.251124217560573e-06
LSTM,combined,pr,0.9987718759594719,0.8863760217983652,1.2518067933342536e-06
LSTM,combined,pr,0.9987718759594719,0.886617606977378,1.256204086530488e-06
LSTM,combined,pr,0.9987718759594719,0.8868593238822247,1.2861571576650022e-06
LSTM,combined,pr,0.9987718759594719,0.8871011726206709,1.3339335964701604e-06
LSTM,combined,pr,0.9987718759594719,0.8873431533006001,1.3899581290388596e-06
LSTM,combined,pr,0.9987718759594719,0.8878275109170306,1.4509984112009988e-06
LSTM,combined,pr,0.9987718759594719,0.8880698880698881,1.4601852171836072e-06
LSTM,combined,pr,0.9987718759594719,0.8883123975969416,1.497186303822673e-06
LSTM,combined,pr,0.9987718759594719,0.8885550396066648,1.5177412251432543e-06
LSTM,combined,pr,0.9987718759594719,0.8887978142076502,1.5204053624984226e-06
LSTM,combined,pr,0.9987718759594719,0.8890407215086089,1.5338169987444417e-06
LSTM,combined,pr,0.9987718759594719,0.8892837616183707,1.5506810768783907e-06
LSTM,combined,pr,0.9987718759594719,0.8895269346458846,1.6009855698939646e-06
LSTM,combined,pr,0.9987718759594719,0.8897702407002188,1.6073481674538925e-06
LSTM,combined,pr,0.9987718759594719,0.8900136798905609,1.6197320746869082e-06
LSTM,combined,pr,0.9987718759594719,0.8902572523262179,1.6464996406284627e-06
LSTM,combined,pr,0.9987718759594719,0.8905009581166164,1.6625401713099563e-06
LSTM,combined,pr,0.9987718759594719,0.8907447973713034,1.6698877516319044e-06
LSTM,combined,pr,0.9987718759594719,0.8909887701999453,1.6726403373468202e-06
LSTM,combined,pr,0.9987718759594719,0.8912328767123288,1.704129431345791e-06
LSTM,combined,pr,0.9987718759594719,0.8914771170183612,1.7083568764064694e-06
LSTM,combined,pr,0.9987718759594719,0.8917214912280702,1.7394546603100025e-06
LSTM,combined,pr,0.9987718759594719,0.891965999451604,1.7538212659928831e-06
LSTM,combined,pr,0.9987718759594719,0.892210641799232,1.7612246665521525e-06
LSTM,combined,pr,0.9987718759594719,0.8924554183813443,1.7674570926828892e-06
LSTM,combined,pr,0.9987718759594719,0.8927003293084522,1.7833029914982035e-06
LSTM,combined,pr,0.9987718759594719,0.8929453746911886,1.784015807970718e-06
LSTM,combined,pr,0.9987718759594719,0.8931905546403075,1.8378365211901837e-06
LSTM,combined,pr,0.9987718759594719,0.893435869266685,1.894774527499976e-06
LSTM,combined,pr,0.9987718759594719,0.8936813186813187,1.981901959879906e-06
LSTM,combined,pr,0.9987718759594719,0.8939269029953284,2.0431009488675045e-06
LSTM,combined,pr,0.9987718759594719,0.894172622319956,2.184662434956408e-06
LSTM,combined,pr,0.9987718759594719,0.8944184767665658,2.2225665361474967e-06
LSTM,combined,pr,0.9987718759594719,0.8946644664466447,2.325494051547139e-06
LSTM,combined,pr,0.9987718759594719,0.894910591471802,2.625599563543801e-06
LSTM,combined,pr,0.9987718759594719,0.8951568519537699,2.78867082670331e-06
LSTM,combined,pr,0.9987718759594719,0.8954032480044041,2.8267702418816043e-06
LSTM,combined,pr,0.9987718759594719,0.8956497797356828,2.8549436592584243e-06
LSTM,combined,pr,0.9987718759594719,0.8958964472597081,2.87576881419227e-06
LSTM,combined,pr,0.9987718759594719,0.8961432506887053,2.938360921689309e-06
LSTM,combined,pr,0.9987718759594719,0.8963901901350234,3.0908797725714976e-06
LSTM,combined,pr,0.9987718759594719,0.8966372657111357,3.112345439149067e-06
LSTM,combined,pr,0.9987718759594719,0.8968844775296388,3.239179704905837e-06
LSTM,combined,pr,0.9987718759594719,0.8971318257032542,3.298810270280228e-06
LSTM,combined,pr,0.9987718759594719,0.8973793103448275,3.4292249893042026e-06
LSTM,combined,pr,0.9987718759594719,0.8976269315673289,3.489258460831479e-06
LSTM,combined,pr,0.9987718759594719,0.8978746894838532,3.630781066021882e-06
LSTM,combined,pr,0.9987718759594719,0.8981225842076201,3.642423280325602e-06
LSTM,combined,pr,0.9987718759594719,0.8983706158519746,3.716208766491036e-06
LSTM,combined,pr,0.9987718759594719,0.8986187845303868,3.7394520404632203e-06
LSTM,combined,pr,0.9987718759594719,0.8988670903564521,3.913540695066331e-06
LSTM,combined,pr,0.9987718759594719,0.8991155334438916,3.957898115913849e-06
LSTM,combined,pr,0.9987718759594719,0.8993641139065524,3.980188921559602e-06
LSTM,combined,pr,0.9987718759594719,0.8996128318584071,4.012139925180236e-06
LSTM,combined,pr,0.9987718759594719,0.8998616874135547,4.031436219520401e-06
LSTM,combined,pr,0.9987718759594719,0.9001106806862202,4.123426606383873e-06
LSTM,combined,pr,0.9987718759594719,0.9003598117907556,4.208260179439094e-06
LSTM,combined,pr,0.9987718759594719,0.9006090808416389,4.351535608293489e-06
LSTM,combined,pr,0.9987718759594719,0.9008584879534755,4.446724233275745e-06
LSTM,combined,pr,0.9987718759594719,0.9011080332409972,4.661316779674962e-06
LSTM,combined,pr,0.9987718759594719,0.9013577168190634,4.6744848987145815e-06
LSTM,combined,pr,0.9987718759594719,0.9018574993069033,4.736342361866264e-06
LSTM,combined,pr,0.9987718759594719,0.9021075984470327,4.999006250727689e-06
LSTM,combined,pr,0.9987718759594719,0.9026082130965594,5.2477180361165665e-06
LSTM,combined,pr,0.9987718759594719,0.9028587288370802,5.4440429266833235e-06
LSTM,combined,pr,0.9987718759594719,0.9031093836757357,5.4992037803458516e-06
LSTM,combined,pr,0.9987718759594719,0.9033601777284088,5.706966476282105e-06
LSTM,combined,pr,0.9987718759594719,0.9036111111111111,6.024054528097622e-06
LSTM,combined,pr,0.9987718759594719,0.9038621839399833,6.039908839738928e-06
LSTM,combined,pr,0.9987718759594719,0.9041133963312952,6.128158474894008e-06
LSTM,combined,pr,0.9987718759594719,0.9043647484014457,6.208346803759923e-06
LSTM,combined,pr,0.9987718759594719,0.9046162402669633,6.228153779375134e-06
LSTM,combined,pr,0.9987718759594719,0.9048678720445062,6.228528036444914e-06
LSTM,combined,pr,0.9987718759594719,0.9051196438508625,6.349369414238026e-06
LSTM,combined,pr,0.9987718759594719,0.9053715558029501,6.360654424497625e-06
LSTM,combined,pr,0.9987718759594719,0.9056236080178174,6.47116030449979e-06
LSTM,combined,pr,0.9987718759594719,0.9058758006126427,6.599880634894362e-06
LSTM,combined,pr,0.9987718759594719,0.9061281337047353,6.8925260165997315e-06
LSTM,combined,pr,0.9987718759594719,0.9063806074115353,7.094896318449173e-06
LSTM,combined,pr,0.9987718759594719,0.9066332218506131,7.167378043959616e-06
LSTM,combined,pr,0.9987718759594719,0.906885977139671,7.216554877231829e-06
LSTM,combined,pr,0.9987718759594719,0.9071388733965421,7.425075182254659e-06
LSTM,combined,pr,0.9987718759594719,0.9073919107391911,7.663906217203476e-06
LSTM,combined,pr,0.9987718759594719,0.9076450892857143,7.701240974711254e-06
LSTM,combined,pr,0.9987718759594719,0.90789840915434,7.903111509222072e-06
LSTM,combined,pr,0.9987718759594719,0.9081518704634283,8.021306712180376e-06
LSTM,combined,pr,0.9987718759594719,0.9084054733314717,8.225059900723863e-06
LSTM,combined,pr,0.9987718759594719,0.908659217877095,8.294930921692867e-06
LSTM,combined,pr,0.9987718759594719,0.9089131042190556,8.520451956428587e-06
LSTM,combined,pr,0.9987718759594719,0.9091671324762437,8.763904588704463e-06
LSTM,combined,pr,0.9987718759594719,0.9094213027676824,8.9311579358764e-06
LSTM,combined,pr,0.9987718759594719,0.9096756152125279,9.04746320884442e-06
LSTM,combined,pr,0.9987718759594719,0.90993006993007,9.055223927134648e-06
LSTM,combined,pr,0.9987718759594719,0.9101846670397314,9.116580258705653e-06
LSTM,combined,pr,0.9987718759594719,0.9104394066610692,9.283964573114645e-06
LSTM,combined,pr,0.9987718759594719,0.9106942889137738,9.287719876738265e-06
LSTM,combined,pr,0.9987718759594719,0.9109493139176701,9.421193681191653e-06
LSTM,combined,pr,0.9987718759594719,0.9112044817927171,9.671688530943356e-06
LSTM,combined,pr,0.9987718759594719,0.9114597926590081,9.849293746810872e-06
LSTM,combined,pr,0.9987718759594719,0.9117152466367713,1.081883874576306e-05
LSTM,combined,pr,0.9987718759594719,0.9119708438463695,1.0854535503312945e-05
LSTM,combined,pr,0.9987718759594719,0.9122265844083006,1.100586450775154e-05
LSTM,combined,pr,0.9987718759594719,0.9124824684431978,1.1032429938495625e-05
LSTM,combined,pr,0.9987718759594719,0.9127384960718294,1.1056084986194037e-05
LSTM,combined,pr,0.9987718759594719,0.9129946674150996,1.1061675650125835e-05
LSTM,combined,pr,0.9987718759594719,0.9132509825940482,1.1074996109528001e-05
LSTM,combined,pr,0.9987718759594719,0.9135074417298512,1.1419208021834493e-05
LSTM,combined,pr,0.9987718759594719,0.9137640449438202,1.1682715012284461e-05
LSTM,combined,pr,0.9987718759594719,0.9140207923574037,1.1934534995816648e-05
LSTM,combined,pr,0.9987718759594719,0.9142776840921866,1.200224050990073e-05
LSTM,combined,pr,0.9987718759594719,0.9147919010123734,1.210156551678665e-05
LSTM,combined,pr,0.9987718759594719,0.9150492264416316,1.2187166248622816e-05
LSTM,combined,pr,0.9987718759594719,0.9153066966797974,1.234148112416733e-05
LSTM,combined,pr,0.9987718759594719,0.9155643118491416,1.2385046829876956e-05
LSTM,combined,pr,0.9987718759594719,0.9158220720720721,1.2699269063887186e-05
LSTM,combined,pr,0.9987718759594719,0.9160799774711349,1.2722446626867168e-05
LSTM,combined,pr,0.9987718759594719,0.9163380281690141,1.2840889212384354e-05
LSTM,combined,pr,0.9987718759594719,0.9165962242885319,1.3564055734605063e-05
LSTM,combined,pr,0.9987718759594719,0.9168545659526494,1.4189970897859894e-05
LSTM,combined,pr,0.9987718759594719,0.9171130532844658,1.4576054127246607e-05
LSTM,combined,pr,0.9987718759594719,0.9173716864072194,1.4610161997552495e-05
LSTM,combined,pr,0.9987718759594719,0.9176304654442877,1.4996275240264367e-05
LSTM,combined,pr,0.9987718759594719,0.9181484617555744,1.5120954230951611e-05
LSTM,combined,pr,0.9987718759594719,0.9184076792772445,1.5481866284972057e-05
LSTM,combined,pr,0.9987718759594719,0.9186670432081333,1.5590556358802132e-05
LSTM,combined,pr,0.9987718759594719,0.9189265536723163,1.5940770026645623e-05
LSTM,combined,pr,0.9987718759594719,0.9191862107940096,1.6268289982690476e-05
LSTM,combined,pr,0.9987718759594719,0.9194460146975693,1.657652683206834e-05
LSTM,combined,pr,0.9987718759594719,0.9197059655074922,1.7074520656024106e-05
LSTM,combined,pr,0.9987718759594719,0.9199660633484162,1.713395795377437e-05
LSTM,combined,pr,0.9987718759594719,0.9202263083451202,1.7945536455954425e-05
LSTM,combined,pr,0.9987718759594719,0.920486700622524,1.8305512639926746e-05
LSTM,combined,pr,0.9987718759594719,0.9207472403056892,1.8622333300299942e-05
LSTM,combined,pr,0.9987718759594719,0.9210079275198187,1.881697062344756e-05
LSTM,combined,pr,0.9987718759594719,0.9212687623902577,1.9535571482265368e-05
LSTM,combined,pr,0.9987718759594719,0.921529745042493,1.9702029021573253e-05
LSTM,combined,pr,0.9987718759594719,0.9217908756021536,2.0803392544621602e-05
LSTM,combined,pr,0.9987718759594719,0.9220521541950113,2.0815936295548454e-05
LSTM,combined,pr,0.9987718759594719,0.9223135809469805,2.0900655727018602e-05
LSTM,combined,pr,0.9987718759594719,0.922575155984118,2.0933748601237312e-05
LSTM,combined,pr,0.9987718759594719,0.9228368794326242,2.125752143911086e-05
LSTM,combined,pr,0.9987718759594719,0.9230987514188422,2.1769088561995886e-05
LSTM,combined,pr,0.9987718759594719,0.9233607720692592,2.1794121494167484e-05
LSTM,combined,pr,0.9987718759594719,0.9236229415105054,2.1805803044117056e-05
LSTM,combined,pr,0.9987718759594719,0.9238852598693553,2.1871095668757334e-05
LSTM,combined,pr,0.9987718759594719,0.9241477272727273,2.2494352378998883e-05
LSTM,combined,pr,0.9987718759594719,0.924410343847684,2.266173942189198e-05
LSTM,combined,pr,0.9987718759594719,0.9246731097214327,2.347733789065387e-05
LSTM,combined,pr,0.9987718759594719,0.924936025021325,2.3987682652659714e-05
LSTM,combined,pr,0.9987718759594719,0.9251990898748578,2.8013722840114497e-05
LSTM,combined,pr,0.9987718759594719,0.9254623044096728,2.8177268177387305e-05
LSTM,combined,pr,0.9987718759594719,0.9257256687535572,2.8212409233674407e-05
LSTM,combined,pr,0.9987718759594719,0.9259891830344434,2.930854680016637e-05
LSTM,combined,pr,0.9987718759594719,0.92625284738041,3.074189226026647e-05
LSTM,combined,pr,0.9987718759594719,0.926516661919681,3.081201430177316e-05
LSTM,combined,pr,0.9987718759594719,0.9267806267806268,3.1521056371275336e-05
LSTM,combined,pr,0.9987718759594719,0.927044742091764,3.16825280606281e-05
LSTM,combined,pr,0.9987718759594719,0.927309007981756,3.1870957172941417e-05
LSTM,combined,pr,0.9987718759594719,0.9275734245794126,3.220477083232254e-05
LSTM,combined,pr,0.9987718759594719,0.9278379920136908,3.28986716340296e-05
LSTM,combined,pr,0.9987718759594719,0.9281027104136947,3.435055259615183e-05
LSTM,combined,pr,0.9987718759594719,0.9283675799086758,3.453708632150665e-05
LSTM,combined,pr,0.9987718759594719,0.9286326006280331,3.537490192684345e-05
LSTM,combined,pr,0.9987718759594719,0.9288977727013136,3.5549233871279284e-05
LSTM,combined,pr,0.9987718759594719,0.9291630962582119,3.5643639421323314e-05
LSTM,combined,pr,0.9987718759594719,0.9294285714285714,3.620367715484463e-05
LSTM,combined,pr,0.9987718759594719,0.9296941983423835,3.793622090597637e-05
LSTM,combined,pr,0.9987718759594719,0.9299599771297884,3.828135595540516e-05
LSTM,combined,pr,0.9987718759594719,0.9302259079210752,4.369239104562439e-05
LSTM,combined,pr,0.9987718759594719,0.9304919908466819,4.4620952394325286e-05
LSTM,combined,pr,0.9984648449493398,0.9304721030042918,4.626952431863174e-05
LSTM,combined,pr,0.9984648449493398,0.9307384087006296,4.66914898424875e-05
LSTM,combined,pr,0.9984648449493398,0.9310048668766103,4.6738718083361164e-05
LSTM,combined,pr,0.9984648449493398,0.9312714776632303,4.877403625869192e-05
LSTM,combined,pr,0.9984648449493398,0.9315382411916356,4.9409314669901505e-05
LSTM,combined,pr,0.9984648449493398,0.9318051575931232,5.108110417495482e-05
LSTM,combined,pr,0.9984648449493398,0.9320722269991402,5.303435318637639e-05
LSTM,combined,pr,0.9984648449493398,0.9323394495412844,5.4835123592056334e-05
LSTM,combined,pr,0.9984648449493398,0.9326068253513048,5.803938984172419e-05
LSTM,combined,pr,0.9984648449493398,0.9328743545611016,5.9023415815318e-05
LSTM,combined,pr,0.9984648449493398,0.9331420373027259,6.0769045376218855e-05
LSTM,combined,pr,0.9984648449493398,0.9334098737083811,6.281153036979958e-05
LSTM,combined,pr,0.9984648449493398,0.9336778639104221,6.403814040822908e-05
LSTM,combined,pr,0.9984648449493398,0.9339460080413555,6.636941543547437e-05
LSTM,combined,pr,0.9984648449493398,0.9342143062338408,6.640861101914197e-05
LSTM,combined,pr,0.9981578139392079,0.9341954022988506,7.604480924783275e-05
LSTM,combined,pr,0.9981578139392079,0.9344639264156367,7.632443885086104e-05
LSTM,combined,pr,0.9981578139392079,0.9347326049453709,7.674423250136897e-05
LSTM,combined,pr,0.9981578139392079,0.9350014380212827,7.704620657023042e-05
LSTM,combined,pr,0.9981578139392079,0.9352704257767549,7.976279448485002e-05
LSTM,combined,pr,0.9981578139392079,0.9358088658606794,8.052335033426061e-05
LSTM,combined,pr,0.9981578139392079,0.9360783184566657,8.185630576917902e-05
LSTM,combined,pr,0.9981578139392079,0.9363479262672811,8.723223436390981e-05
LSTM,combined,pr,0.9981578139392079,0.9366176894266782,8.849005826050416e-05
LSTM,combined,pr,0.9981578139392079,0.9371576823292015,9.096108260564506e-05
LSTM,combined,pr,0.9981578139392079,0.9374279123414071,9.115262946579605e-05
LSTM,combined,pr,0.9981578139392079,0.9376982982405538,9.170600242214277e-05
LSTM,combined,pr,0.9981578139392079,0.9379688401615696,9.298734948970377e-05
LSTM,combined,pr,0.9981578139392079,0.9382395382395382,9.914489055518061e-05
LSTM,combined,pr,0.9981578139392079,0.9385103926096998,0.00010779372678371146
LSTM,combined,pr,0.9981578139392079,0.9387814034074502,0.00011216135317226872
LSTM,combined,pr,0.9981578139392079,0.9393238948280843,0.00011218638246646151
LSTM,combined,pr,0.9981578139392079,0.9395953757225434,0.00011275737779214978
LSTM,combined,pr,0.9981578139392079,0.9398670135877422,0.00011299740435788408
LSTM,combined,pr,0.9981578139392079,0.9401388085598612,0.00011621142039075494
LSTM,combined,pr,0.9981578139392079,0.9404107607752387,0.00011777570762205869
LSTM,combined,pr,0.9981578139392079,0.9406828703703703,0.000120578333735466
LSTM,combined,pr,0.9981578139392079,0.9409551374819103,0.00012342236004769802
LSTM,combined,pr,0.9981578139392079,0.9412275622466705,0.0001237933902302757
LSTM,combined,pr,0.9981578139392079,0.9415001448016218,0.00013047609536442906
LSTM,combined,pr,0.9981578139392079,0.9417728852838934,0.00013132160529494286
LSTM,combined,pr,0.9981578139392079,0.9420457838307736,0.00013175370986573398
LSTM,combined,pr,0.9981578139392079,0.9423188405797102,0.00014343920338433236
LSTM,combined,pr,0.9981578139392079,0.9425920556683096,0.0001444714580429718
LSTM,combined,pr,0.9981578139392079,0.9428654292343387,0.00015022051229607314
LSTM,combined,pr,0.9981578139392079,0.9431389614157238,0.00015061091107781976
LSTM,combined,pr,0.9981578139392079,0.9434126523505514,0.0001573180197738111
LSTM,combined,pr,0.9981578139392079,0.9436865021770682,0.00016147835412994027
LSTM,combined,pr,0.9981578139392079,0.9439605110336817,0.00016843595949467272
LSTM,combined,pr,0.9981578139392079,0.9442346790589602,0.00016952064470387995
LSTM,combined,pr,0.9981578139392079,0.9445090063916328,0.00017168300109915435
LSTM,combined,pr,0.9981578139392079,0.94478349317059,0.00017332601419184357
LSTM,combined,pr,0.9981578139392079,0.9450581395348837,0.00017615073011256754
LSTM,combined,pr,0.9981578139392079,0.9453329456237278,0.00017637730343267322
LSTM,combined,pr,0.9981578139392079,0.9456079115764979,0.0001866892707766965
LSTM,combined,pr,0.9981578139392079,0.9458830375327321,0.0001873747823992744
LSTM,combined,pr,0.9981578139392079,0.9461583236321304,0.00018865781021304429
LSTM,combined,pr,0.9981578139392079,0.9464337700145561,0.00019028555834665895
LSTM,combined,pr,0.9981578139392079,0.946709376820035,0.00019242484995629638
LSTM,combined,pr,0.9981578139392079,0.9469851441887562,0.00019610916206147522
LSTM,combined,pr,0.9981578139392079,0.9472610722610723,0.0002064142026938498
LSTM,combined,pr,0.9981578139392079,0.9475371611774993,0.00021895530517213047
LSTM,combined,pr,0.9981578139392079,0.9478134110787172,0.00022611767053604126
LSTM,combined,pr,0.9981578139392079,0.9480898221055701,0.00022737894323654473
LSTM,combined,pr,0.9981578139392079,0.9483663943990666,0.00023047442664392292
LSTM,combined,pr,0.9981578139392079,0.9486431281003793,0.0002344850217923522
LSTM,combined,pr,0.9981578139392079,0.9489200233508465,0.0002477401867508888
LSTM,combined,pr,0.9981578139392079,0.9491970802919708,0.0002613203541841358
LSTM,combined,pr,0.9981578139392079,0.9494742990654206,0.00026972053456120193
LSTM,combined,pr,0.9981578139392079,0.9497516798130295,0.0002810336882248521
LSTM,combined,pr,0.9981578139392079,0.9500292226767972,0.00028841636958532035
LSTM,combined,pr,0.9981578139392079,0.9503069277988893,0.0002889343595597893
LSTM,combined,pr,0.9981578139392079,0.9505847953216374,0.0002984130405820906
LSTM,combined,pr,0.9981578139392079,0.9508628253875402,0.0002996057737618685
LSTM,combined,pr,0.9981578139392079,0.9511410181392628,0.0003073639527428895
LSTM,combined,pr,0.9981578139392079,0.9514193737196371,0.00031169949215836823
LSTM,combined,pr,0.9981578139392079,0.9516978922716628,0.00031246026628650725
LSTM,combined,pr,0.9981578139392079,0.9519765739385065,0.00033043077564798295
LSTM,combined,pr,0.9981578139392079,0.9522554188635032,0.0003575411392375827
LSTM,combined,pr,0.9981578139392079,0.9525344271901552,0.0003895021218340844
LSTM,combined,pr,0.9981578139392079,0.9528135990621337,0.0004037855251226574
LSTM,combined,pr,0.9981578139392079,0.9530929346232776,0.00043872883543372154
LSTM,combined,pr,0.9981578139392079,0.9533724340175953,0.00044678611448034644
LSTM,combined,pr,0.9978507829290758,0.9533587562334995,0.00046134478179737926
LSTM,combined,pr,0.9978507829290758,0.9536384976525821,0.00047057427582331
LSTM,combined,pr,0.9978507829290758,0.9539184032873496,0.0004901784704998136
LSTM,combined,pr,0.9978507829290758,0.9541984732824428,0.0004911632859148085
LSTM,combined,pr,0.9978507829290758,0.9544787077826725,0.0004997933865524828
LSTM,combined,pr,0.9978507829290758,0.95475910693302,0.0005017519579268992
LSTM,combined,pr,0.9978507829290758,0.9550396708786365,0.0005034555797465146
LSTM,combined,pr,0.9978507829290758,0.9553203997648442,0.0005066166049800813
LSTM,combined,pr,0.9978507829290758,0.9556012937371361,0.0005373721942305565
LSTM,combined,pr,0.9978507829290758,0.9558823529411765,0.0005537054385058582
LSTM,combined,pr,0.9978507829290758,0.9561635775228008,0.0005554577219299972
LSTM,combined,pr,0.9978507829290758,0.9564449676280165,0.0005602494929917157
LSTM,combined,pr,0.9978507829290758,0.9567265234030027,0.0005632894462905824
LSTM,combined,pr,0.9978507829290758,0.9570082449941107,0.0005686994991265237
LSTM,combined,pr,0.9978507829290758,0.9572901325478645,0.0005888789892196655
LSTM,combined,pr,0.9978507829290758,0.9575721862109605,0.0006404649466276169
LSTM,combined,pr,0.9978507829290758,0.9578544061302682,0.0006411945796571672
LSTM,combined,pr,0.9978507829290758,0.9581367924528302,0.0006508624646812677
LSTM,combined,pr,0.9978507829290758,0.9584193453258626,0.0006688403664156795
LSTM,combined,pr,0.9978507829290758,0.9587020648967551,0.0006789089529775083
LSTM,combined,pr,0.9978507829290758,0.9589849513130717,0.0006885877228341997
LSTM,combined,pr,0.9978507829290758,0.9592680047225501,0.0006916027632541955
LSTM,combined,pr,0.9978507829290758,0.9598346131128175,0.0007077283225953579
LSTM,combined,pr,0.9978507829290758,0.9601181683899557,0.0007322838646359742
LSTM,combined,pr,0.9978507829290758,0.960401891252955,0.0007525524706579745
LSTM,combined,pr,0.9978507829290758,0.9606857818504286,0.0007677787798456848
LSTM,combined,pr,0.9978507829290758,0.960969840331165,0.0007705270545557141
LSTM,combined,pr,0.9978507829290758,0.961254066844129,0.0007736783591099083
LSTM,combined,pr,0.9978507829290758,0.9615384615384616,0.0008131988579407334
LSTM,combined,pr,0.9978507829290758,0.9618230245634803,0.000885406625457108
LSTM,combined,pr,0.9978507829290758,0.9621077560686797,0.0008900779066607356
LSTM,combined,pr,0.9978507829290758,0.9623926562037312,0.0008944630972109735
LSTM,combined,pr,0.9978507829290758,0.9626777251184834,0.0009128733072429895
LSTM,combined,pr,0.9978507829290758,0.9629629629629629,0.0009481261949986219
LSTM,combined,pr,0.9978507829290758,0.9632483698873741,0.0009733420447446406
LSTM,combined,pr,0.9978507829290758,0.9635339460420991,0.0010131236631423235
LSTM,combined,pr,0.9978507829290758,0.9638196915776986,0.0010134662734344602
LSTM,combined,pr,0.9978507829290758,0.9641056066449125,0.0010138551006093621
LSTM,combined,pr,0.9978507829290758,0.9643916913946587,0.0010221890406683087
LSTM,combined,pr,0.9978507829290758,0.964677945978035,0.00103542220313102
LSTM,combined,pr,0.9978507829290758,0.9649643705463183,0.0010559300426393747
LSTM,combined,pr,0.9978507829290758,0.9652509652509652,0.0010993038304150105
LSTM,combined,pr,0.9978507829290758,0.9655377302436126,0.0011190925724804401
LSTM,combined,pr,0.9978507829290758,0.9658246656760773,0.0011777641484513879
LSTM,combined,pr,0.9978507829290758,0.9661117717003567,0.0011813431046903133
LSTM,combined,pr,0.9978507829290758,0.9663990484686292,0.0012036769185215235
LSTM,combined,pr,0.9978507829290758,0.966686496133254,0.0012243867386132479
LSTM,combined,pr,0.9978507829290758,0.9669741148467718,0.0012524258345365524
LSTM,combined,pr,0.9978507829290758,0.9672619047619048,0.0012882523005828261
LSTM,combined,pr,0.9978507829290758,0.967549866031557,0.0012961896136403084
LSTM,combined,pr,0.9978507829290758,0.9678379988088148,0.0013464816147461534
LSTM,combined,pr,0.9978507829290758,0.9681263032469467,0.0014279003953561187
LSTM,combined,pr,0.9978507829290758,0.968414779499404,0.0014373002341017127
LSTM,combined,pr,0.9978507829290758,0.9687034277198212,0.0014706833753734827
LSTM,combined,pr,0.9978507829290758,0.9689922480620154,0.0014845491386950016
LSTM,combined,pr,0.9978507829290758,0.9692812406799881,0.001498345984145999
LSTM,combined,pr,0.9978507829290758,0.9695704057279236,0.0015013653319329023
LSTM,combined,pr,0.9978507829290758,0.969859743360191,0.0015482243616133928
LSTM,combined,pr,0.9978507829290758,0.9701492537313433,0.001677737571299076
LSTM,combined,pr,0.9978507829290758,0.9704389369961183,0.0017470255261287093
LSTM,combined,pr,0.9978507829290758,0.9707287933094385,0.0017643714090809226
LSTM,combined,pr,0.9978507829290758,0.9710188228264117,0.0018383065471425653
LSTM,combined,pr,0.9978507829290758,0.9713090257023311,0.001852240995503962
LSTM,combined,pr,0.9978507829290758,0.9715994020926756,0.0019021363696083426
LSTM,combined,pr,0.9978507829290758,0.97188995215311,0.0019190108869224787
LSTM,combined,pr,0.9978507829290758,0.9721806760394855,0.0019282024586573243
LSTM,combined,pr,0.9978507829290758,0.9724715739078397,0.0021908050402998924
LSTM,combined,pr,0.9978507829290758,0.9727626459143969,0.0022643706761300564
LSTM,combined,pr,0.9978507829290758,0.9730538922155688,0.0022745090536773205
LSTM,combined,pr,0.9978507829290758,0.9733453129679545,0.002449022140353918
LSTM,combined,pr,0.9978507829290758,0.9736369083283404,0.0024502768646925688
LSTM,combined,pr,0.9978507829290758,0.9739286784537009,0.0024826026055961847
LSTM,combined,pr,0.9978507829290758,0.9742206235011991,0.002509512472897768
LSTM,combined,pr,0.9978507829290758,0.974512743628186,0.0025754403322935104
LSTM,combined,pr,0.9978507829290758,0.9748050389922016,0.002633158816024661
LSTM,combined,pr,0.9978507829290758,0.9750975097509751,0.0028089669067412615
LSTM,combined,pr,0.9978507829290758,0.975390156062425,0.0029666826594620943
LSTM,combined,pr,0.9978507829290758,0.9756829780846593,0.0030395109206438065
LSTM,combined,pr,0.9978507829290758,0.975975975975976,0.0031644084956496954
LSTM,combined,pr,0.9978507829290758,0.9762691498948634,0.0033196944277733564
LSTM,combined,pr,0.9978507829290758,0.9765625,0.0033274623565375805
LSTM,combined,pr,0.9978507829290758,0.9768560264502555,0.0035512298345565796
LSTM,combined,pr,0.9978507829290758,0.9771497294046904,0.0036284523084759712
LSTM,combined,pr,0.9978507829290758,0.9774436090225563,0.0038236556574702263
LSTM,combined,pr,0.9978507829290758,0.9777376654632972,0.003886535996571183
LSTM,combined,pr,0.9978507829290758,0.9780318988865483,0.004051201045513153
LSTM,combined,pr,0.9978507829290758,0.9783263094521373,0.004079662729054689
LSTM,combined,pr,0.9978507829290758,0.9789156626506024,0.004433100111782551
LSTM,combined,pr,0.9978507829290758,0.9792106056040977,0.004893502686172724
LSTM,combined,pr,0.9978507829290758,0.9795057263411694,0.005008561536669731
LSTM,combined,pr,0.9978507829290758,0.9798010250226108,0.005142437759786844
LSTM,combined,pr,0.9975437519189438,0.979794933655006,0.005155258346349001
LSTM,combined,pr,0.9975437519189438,0.9800904977375565,0.005295855458825827
LSTM,combined,pr,0.9975437519189438,0.9803862401931202,0.005639870185405016
LSTM,combined,pr,0.9975437519189438,0.9806821611832176,0.006891882512718439
LSTM,combined,pr,0.9975437519189438,0.9809782608695652,0.007339810486882925
LSTM,combined,pr,0.9975437519189438,0.9812745394140743,0.007435080595314503
LSTM,combined,pr,0.9975437519189438,0.981570996978852,0.007869384251534939
LSTM,combined,pr,0.9975437519189438,0.9818676337262012,0.008176278322935104
LSTM,combined,pr,0.9975437519189438,0.9821644498186215,0.008205835707485676
LSTM,combined,pr,0.9975437519189438,0.9824614454188086,0.008699496276676655
LSTM,combined,pr,0.9975437519189438,0.9827586206896551,0.009958373382687569
LSTM,combined,pr,0.9975437519189438,0.9830559757942511,0.011286887340247631
LSTM,combined,pr,0.9975437519189438,0.9833535108958837,0.011508316732943058
LSTM,combined,pr,0.9975437519189438,0.9836512261580381,0.011679879389703274
LSTM,combined,pr,0.9975437519189438,0.9839491217443973,0.011973468586802483
LSTM,combined,pr,0.9975437519189438,0.9842471978188427,0.012264556251466274
LSTM,combined,pr,0.9975437519189438,0.9845454545454545,0.01250773947685957
LSTM,combined,pr,0.9975437519189438,0.9848438920885116,0.012810957618057728
LSTM,combined,pr,0.9975437519189438,0.9851425106124925,0.013764181174337864
LSTM,combined,pr,0.9975437519189438,0.9854413102820746,0.015062467195093632
LSTM,combined,pr,0.9975437519189438,0.9857402912621359,0.016514433547854424
LSTM,combined,pr,0.9975437519189438,0.9860394537177541,0.01701720990240574
LSTM,combined,pr,0.9975437519189438,0.9863387978142076,0.017633112147450447
LSTM,combined,pr,0.9975437519189438,0.9866383237169754,0.01815410703420639
LSTM,combined,pr,0.9975437519189438,0.9869380315917375,0.019105998799204826
LSTM,combined,pr,0.9975437519189438,0.9872379216043756,0.01986859366297722
LSTM,combined,pr,0.9975437519189438,0.9875379939209726,0.02037068083882332
LSTM,combined,pr,0.9975437519189438,0.9878382487078139,0.022208109498023987
LSTM,combined,pr,0.9975437519189438,0.9881386861313869,0.023662691935896873
LSTM,combined,pr,0.9975437519189438,0.9884393063583815,0.024570561945438385
LSTM,combined,pr,0.9975437519189438,0.9887401095556908,0.028703995048999786
LSTM,combined,pr,0.9975437519189438,0.989041095890411,0.030648937448859215
LSTM,combined,pr,0.9975437519189438,0.9893422655298416,0.030728327110409737
LSTM,combined,pr,0.9975437519189438,0.9896436186414864,0.03243353217840195
LSTM,combined,pr,0.9975437519189438,0.9899451553930531,0.03536080941557884
LSTM,combined,pr,0.9975437519189438,0.9902468759524535,0.04360058903694153
LSTM,combined,pr,0.9975437519189438,0.9905487804878049,0.04392257332801819
LSTM,combined,pr,0.9975437519189438,0.9908508691674291,0.04444508999586105
LSTM,combined,pr,0.9975437519189438,0.9911531421598536,0.04555745795369148
LSTM,combined,pr,0.9975437519189438,0.9914555996338114,0.046416275203228
LSTM,combined,pr,0.9975437519189438,0.9917582417582418,0.04910964146256447
LSTM,combined,pr,0.9975437519189438,0.99206106870229,0.052249547094106674
LSTM,combined,pr,0.9975437519189438,0.9923640806353085,0.0538933202624321
LSTM,combined,pr,0.9975437519189438,0.9926672777268561,0.05446670204401016
LSTM,combined,pr,0.9975437519189438,0.9929706601466992,0.05451168119907379
LSTM,combined,pr,0.9975437519189438,0.993274228064812,0.05574451759457588
LSTM,combined,pr,0.9975437519189438,0.9935779816513761,0.06428195536136627
LSTM,combined,pr,0.9975437519189438,0.9938819210767819,0.07756716758012772
LSTM,combined,pr,0.9972367209088118,0.9938800489596084,0.10061447322368622
LSTM,combined,pr,0.9972367209088118,0.9941842669115396,0.10364529490470886
LSTM,combined,pr,0.9972367209088118,0.994488671157379,0.12367627024650574
LSTM,combined,pr,0.9969296898986798,0.9944869831546708,0.13110287487506866
LSTM,combined,pr,0.9969296898986798,0.9947916666666666,0.15127010643482208
LSTM,combined,pr,0.9969296898986798,0.9950965369292063,0.16399531066417694
LSTM,combined,pr,0.9969296898986798,0.9954015941140405,0.1792711466550827
LSTM,combined,pr,0.9969296898986798,0.9957068383931309,0.3448004722595215
LSTM,combined,pr,0.9969296898986798,0.9960122699386503,0.3578204810619354
LSTM,combined,pr,0.9969296898986798,0.9963178889229826,0.3578515946865082
LSTM,combined,pr,0.9969296898986798,0.9966236955187231,0.3777657151222229
LSTM,combined,pr,0.9969296898986798,0.9969296898986798,0.42502519488334656
LSTM,combined,pr,0.9966226588885477,0.9969287469287469,0.5466443300247192
LSTM,combined,pr,0.9966226588885477,0.9972350230414746,0.5863781571388245
LSTM,combined,pr,0.9966226588885477,0.9975414874001229,0.6457751989364624
LSTM,combined,pr,0.9966226588885477,0.9978481401782969,0.6992631554603577
LSTM,combined,pr,0.9966226588885477,0.9981549815498155,0.7745131254196167
LSTM,combined,pr,0.9963156278784158,0.9981544140264534,0.8033095598220825
LSTM,combined,pr,0.9963156278784158,0.9984615384615385,0.814251184463501
LSTM,combined,pr,0.9963156278784158,0.9987688519544475,0.8680474758148193
LSTM,combined,pr,0.9963156278784158,0.9990763546798029,0.8757404685020447
LSTM,combined,pr,0.9960085968682837,0.9990760702186634,0.895423412322998
LSTM,combined,pr,0.9960085968682837,0.9993838570548367,0.9178070425987244
LSTM,combined,pr,0.9960085968682837,0.9996918335901387,0.9346224665641785
LSTM,combined,pr,0.9957015658581517,0.999691738594328,0.9596880078315735
LSTM,combined,pr,0.9953945348480197,0.9996916435399321,0.9725711941719055
LSTM,combined,pr,0.9953945348480197,1.0,0.977989673614502
LSTM,combined,pr,0.9950875038378876,1.0,0.9793650507926941
LSTM,combined,pr,0.9947804728277556,1.0,0.9880346655845642
LSTM,combined,pr,0.9944734418176235,1.0,0.9880442023277283
LSTM,combined,pr,0.9941664108074916,1.0,0.9882797598838806
LSTM,combined,pr,0.9935523487872275,1.0,0.9925335049629211
LSTM,combined,pr,0.9932453177770955,1.0,0.9931206107139587
LSTM,combined,pr,0.9929382867669635,1.0,0.9940829873085022
LSTM,combined,pr,0.9926312557568314,1.0,0.9943854808807373
LSTM,combined,pr,0.9923242247466995,1.0,0.9950730204582214
LSTM,combined,pr,0.9917101627264354,1.0,0.9950807094573975
LSTM,combined,pr,0.9914031317163033,1.0,0.9957612752914429
LSTM,combined,pr,0.9910961007061713,1.0,0.9973545670509338
LSTM,combined,pr,0.9907890696960393,1.0,0.9977376461029053
LSTM,combined,pr,0.9904820386859072,1.0,0.9978129863739014
LSTM,combined,pr,0.9901750076757753,1.0,0.9979395866394043
LSTM,combined,pr,0.9898679766656432,1.0,0.9982118010520935
LSTM,combined,pr,0.9895609456555112,1.0,0.9982767105102539
LSTM,combined,pr,0.9892539146453792,1.0,0.9984177947044373
LSTM,combined,pr,0.9889468836352472,1.0,0.9984999299049377
LSTM,combined,pr,0.9886398526251151,1.0,0.998501181602478
LSTM,combined,pr,0.9883328216149831,1.0,0.9986081719398499
LSTM,combined,pr,0.9880257906048511,1.0,0.9986504316329956
LSTM,combined,pr,0.9877187595947191,1.0,0.9986756443977356
LSTM,combined,pr,0.987411728584587,1.0,0.9987419247627258
LSTM,combined,pr,0.9871046975744551,1.0,0.9987878799438477
LSTM,combined,pr,0.986797666564323,1.0,0.998803436756134
LSTM,combined,pr,0.9864906355541909,1.0,0.9988609552383423
LSTM,combined,pr,0.986183604544059,1.0,0.9989057779312134
LSTM,combined,pr,0.9858765735339269,1.0,0.9990103840827942
LSTM,combined,pr,0.9855695425237949,1.0,0.9990186095237732
LSTM,combined,pr,0.9852625115136628,1.0,0.9990745186805725
LSTM,combined,pr,0.9849554805035309,1.0,0.9990872740745544
LSTM,combined,pr,0.9846484494933988,1.0,0.9991393089294434
LSTM,combined,pr,0.9843414184832668,1.0,0.9991697072982788
LSTM,combined,pr,0.9840343874731348,1.0,0.9992218017578125
LSTM,combined,pr,0.9837273564630028,1.0,0.9992675185203552
LSTM,combined,pr,0.9834203254528707,1.0,0.9993085265159607
LSTM,combined,pr,0.9831132944427388,1.0,0.9993354678153992
LSTM,combined,pr,0.9828062634326067,1.0,0.9993362426757812
LSTM,combined,pr,0.9824992324224747,1.0,0.9993478655815125
LSTM,combined,pr,0.9821922014123426,1.0,0.9993827939033508
LSTM,combined,pr,0.9818851704022106,1.0,0.9993905425071716
LSTM,combined,pr,0.9815781393920786,1.0,0.9994091391563416
LSTM,combined,pr,0.9812711083819465,1.0,0.9994091987609863
LSTM,combined,pr,0.9809640773718146,1.0,0.9994182586669922
LSTM,combined,pr,0.9806570463616825,1.0,0.9994671940803528
LSTM,combined,pr,0.9803500153515505,1.0,0.9994869232177734
LSTM,combined,pr,0.9800429843414185,1.0,0.9994882941246033
LSTM,combined,pr,0.7138470985569543,1.0,0.9994931817054749
LSTM,combined,pr,0.7135400675468222,1.0,0.9994947910308838
LSTM,combined,pr,0.7129260055265582,1.0,0.999497652053833
LSTM,combined,pr,0.7126189745164262,1.0,0.9995642900466919
LSTM,combined,pr,0.7123119435062941,1.0,0.9995743632316589
LSTM,combined,pr,0.7120049124961622,1.0,0.9995784759521484
LSTM,combined,pr,0.7113908504758981,1.0,0.9995803236961365
LSTM,combined,pr,0.711083819465766,1.0,0.9995812177658081
LSTM,combined,pr,0.710776788455634,1.0,0.9995814561843872
LSTM,combined,pr,0.7101627264353699,1.0,0.9995816946029663
LSTM,combined,pr,0.709855695425238,1.0,0.999589741230011
LSTM,combined,pr,0.7095486644151059,1.0,0.9995935559272766
LSTM,combined,pr,0.7092416334049739,1.0,0.9995989799499512
LSTM,combined,pr,0.7089346023948419,1.0,0.999605655670166
LSTM,combined,pr,0.7086275713847099,1.0,0.9996631741523743
LSTM,combined,pr,0.7083205403745778,1.0,0.9996663331985474
LSTM,combined,pr,0.7080135093644458,1.0,0.999671459197998
LSTM,combined,pr,0.7077064783543138,1.0,0.9996750950813293
LSTM,combined,pr,0.7073994473441818,1.0,0.9997117519378662
LSTM,combined,pr,0.7070924163340497,1.0,0.9997385740280151
LSTM,combined,pr,0.7067853853239178,1.0,0.9997621774673462
LSTM,combined,pr,0.7064783543137857,1.0,0.999763011932373
LSTM,combined,pr,0.7061713233036536,1.0,0.9997669458389282
LSTM,combined,pr,0.7058642922935217,1.0,0.9997727870941162
LSTM,combined,pr,0.7055572612833896,1.0,0.9997995495796204
LSTM,combined,pr,0.7052502302732576,1.0,0.999810516834259
LSTM,combined,pr,0.7046361682529936,1.0,0.9998314380645752
LSTM,combined,pr,0.7043291372428615,1.0,0.9998319149017334
LSTM,combined,pr,0.7040221062327295,1.0,0.9998319745063782
LSTM,combined,pr,0.7037150752225975,1.0,0.999841034412384
LSTM,combined,pr,0.7034080442124655,1.0,0.9998414516448975
LSTM,combined,pr,0.7027939821922015,1.0,0.9998447299003601
LSTM,combined,pr,0.7024869511820694,1.0,0.9998447895050049
LSTM,combined,pr,0.7021799201719373,1.0,0.9998553991317749
LSTM,combined,pr,0.7018728891618053,1.0,0.9998694062232971
LSTM,combined,pr,0.7015658581516733,1.0,0.9998723864555359
LSTM,combined,pr,0.7012588271415413,1.0,0.9998824000358582
LSTM,combined,pr,0.7006447651212773,1.0,0.9998895525932312
LSTM,combined,pr,0.6082284310715382,1.0,0.9998897910118103
LSTM,combined,pr,0.6079214000614062,1.0,0.9998956918716431
LSTM,combined,pr,0.6076143690512742,1.0,0.9999012351036072
LSTM,combined,pr,0.6073073380411421,1.0,0.9999014139175415
LSTM,combined,pr,0.3236106846791526,1.0,0.9999027848243713
LSTM,combined,pr,0.3233036536690206,1.0,0.9999049305915833
LSTM,combined,pr,0.32299662265888857,1.0,0.9999184012413025
LSTM,combined,pr,0.32268959164875655,1.0,0.9999373555183411
LSTM,combined,pr,0.32207552962849245,1.0,0.9999458193778992
LSTM,combined,pr,0.32176849861836043,1.0,0.9999483227729797
LSTM,combined,pr,0.3214614676082284,1.0,0.9999504089355469
LSTM,combined,pr,0.22812404052809335,1.0,0.9999505281448364
LSTM,combined,pr,0.22781700951796133,1.0,0.9999522566795349
LSTM,combined,pr,0.22750997850782928,1.0,0.9999634027481079
LSTM,combined,pr,0.22720294749769726,1.0,0.9999661445617676
LSTM,combined,pr,0.22689591648756524,1.0,0.9999687075614929
LSTM,combined,pr,0.22658888547743322,1.0,0.9999842643737793
LSTM,combined,pr,0.0,1.0,
LSTM,combined,roc,0.0,0.0,inf
LSTM,combined,roc,0.0,0.22658888547743322,0.9999842643737793
LSTM,combined,roc,0.0,0.22812404052809335,0.9999505281448364
LSTM,combined,roc,0.0,0.3214614676082284,0.9999504089355469
LSTM,combined,roc,0.0,0.32207552962849245,0.9999458193778992
LSTM,combined,roc,0.0,0.32268959164875655,0.9999373555183411
LSTM,combined,roc,0.0,0.3236106846791526,0.9999027848243713
LSTM,combined,roc,0.0,0.6073073380411421,0.9999014139175415
LSTM,combined,roc,0.0,0.6082284310715382,0.9998897910118103
LSTM,combined,roc,0.0,0.7006447651212773,0.9998895525932312
LSTM,combined,roc,0.0,0.7012588271415413,0.9998824000358582
LSTM,combined,roc,0.0,0.7027939821922015,0.9998447299003601
LSTM,combined,roc,0.0,0.7034080442124655,0.9998414516448975
LSTM,combined,roc,0.0,0.7046361682529936,0.9998314380645752
LSTM,combined,roc,0.0,0.7052502302732576,0.999810516834259
LSTM,combined,roc,0.0,0.7101627264353699,0.9995816946029663
LSTM,combined,roc,0.0,0.710776788455634,0.9995814561843872
LSTM,combined,roc,0.0,0.7113908504758981,0.9995803236961365
LSTM,combined,roc,0.0,0.7120049124961622,0.9995784759521484
LSTM,combined,roc,0.0,0.7129260055265582,0.999497652053833
LSTM,combined,roc,0.0,0.7135400675468222,0.9994947910308838
LSTM,combined,roc,0.0,0.7138470985569543,0.9994931817054749
LSTM,combined,roc,0.0,0.9800429843414185,0.9994882941246033
LSTM,combined,roc,0.0,0.9917101627264354,0.9950807094573975
LSTM,combined,roc,0.0,0.9923242247466995,0.9950730204582214
LSTM,combined,roc,0.0,0.9935523487872275,0.9925335049629211
LSTM,combined,roc,0.0,0.9941664108074916,0.9882797598838806
LSTM,combined,roc,0.0,0.9953945348480197,0.977989673614502
LSTM,combined,roc,0.00023568230025925054,0.9953945348480197,0.9725711941719055
LSTM,combined,roc,0.00023568230025925054,0.9960085968682837,0.9346224665641785
LSTM,combined,roc,0.0007070469007777516,0.9960085968682837,0.895423412322998
LSTM,combined,roc,0.0007070469007777516,0.9963156278784158,0.8757404685020447
LSTM,combined,roc,0.0014140938015555031,0.9963156278784158,0.8033095598220825
LSTM,combined,roc,0.0014140938015555031,0.9966226588885477,0.7745131254196167
LSTM,combined,roc,0.0023568230025925053,0.9966226588885477,0.5466443300247192
LSTM,combined,roc,0.0023568230025925053,0.9969296898986798,0.42502519488334656
LSTM,combined,roc,0.004242281404666509,0.9969296898986798,0.13110287487506866
LSTM,combined,roc,0.004242281404666509,0.9972367209088118,0.12367627024650574
LSTM,combined,roc,0.0047136460051850106,0.9972367209088118,0.10061447322368622
LSTM,combined,roc,0.0047136460051850106,0.9975437519189438,0.07756716758012772
LSTM,combined,roc,0.015790714117369785,0.9975437519189438,0.005155258346349001
LSTM,combined,roc,0.015790714117369785,0.9978507829290758,0.005142437759786844
LSTM,combined,roc,0.01649776101814754,0.9978507829290758,0.004433100111782551
LSTM,combined,roc,0.016969125618666037,0.9978507829290758,0.004079662729054689
LSTM,combined,roc,0.032052792835258075,0.9978507829290758,0.0007077283225953579
LSTM,combined,roc,0.03252415743577657,0.9978507829290758,0.0006916027632541955
LSTM,combined,roc,0.037473485741220836,0.9978507829290758,0.00046134478179737926
LSTM,combined,roc,0.037473485741220836,0.9981578139392079,0.00044678611448034644
LSTM,combined,roc,0.04949328305444261,0.9981578139392079,0.00011218638246646151
LSTM,combined,roc,0.049964647654961114,0.9981578139392079,0.00011216135317226872
LSTM,combined,roc,0.051378741456516615,0.9981578139392079,9.096108260564506e-05
LSTM,combined,roc,0.05185010605703512,0.9981578139392079,8.849005826050416e-05
LSTM,combined,roc,0.05255715295781287,0.9981578139392079,8.052335033426061e-05
LSTM,combined,roc,0.05302851755833137,0.9981578139392079,7.976279448485002e-05
LSTM,combined,roc,0.053971246759368374,0.9981578139392079,7.604480924783275e-05
LSTM,combined,roc,0.053971246759368374,0.9984648449493398,6.640861101914197e-05
LSTM,combined,roc,0.05727079896299788,0.9984648449493398,4.626952431863174e-05
LSTM,combined,roc,0.05727079896299788,0.9987718759594719,4.4620952394325286e-05
LSTM,combined,roc,0.06834786707518266,0.9987718759594719,1.5120954230951611e-05
LSTM,combined,roc,0.06881923167570116,0.9987718759594719,1.4996275240264367e-05
LSTM,combined,roc,0.07141173697855291,0.9987718759594719,1.210156551678665e-05
LSTM,combined,roc,0.0718831015790714,0.9987718759594719,1.200224050990073e-05
LSTM,combined,roc,0.08272448739099694,0.9987718759594719,5.2477180361165665e-06
LSTM,combined,roc,0.08319585199151544,0.9987718759594719,4.999006250727689e-06
LSTM,combined,roc,0.08343153429177469,0.9987718759594719,4.736342361866264e-06
LSTM,combined,roc,0.08390289889229319,0.9987718759594719,4.6744848987145815e-06
LSTM,combined,roc,0.09686542540655196,0.9987718759594719,1.4509984112009988e-06
LSTM,combined,roc,0.09733679000707048,0.9987718759594719,1.3899581290388596e-06
LSTM,combined,roc,0.1319820881451803,0.9987718759594719,1.649336525133549e-07
LSTM,combined,roc,0.1333961819467358,0.9987718759594719,1.6456097284844873e-07
LSTM,combined,roc,0.13787414565166156,0.9987718759594719,1.1598523030897923e-07
LSTM,combined,roc,0.1385811925524393,0.9987718759594719,1.1478864792024979e-07
LSTM,combined,roc,0.14235210935658732,0.9987718759594719,8.936630280231839e-08
LSTM,combined,roc,0.14282347395710582,0.9987718759594719,8.923327499132938e-08
LSTM,combined,roc,0.14683007306151308,0.9987718759594719,7.917807920421183e-08
LSTM,combined,roc,0.14942257836436484,0.9987718759594719,7.614016794832423e-08
LSTM,combined,roc,0.15177940136695733,0.9987718759594719,6.770032001668369e-08
LSTM,combined,roc,0.15225076596747583,0.9987718759594719,6.638556016014263e-08
LSTM,combined,roc,0.17746877209521564,0.9987718759594719,2.0509272502522435e-08
LSTM,combined,roc,0.17746877209521564,0.9990789069696039,2.0385330756766962e-08
LSTM,combined,roc,0.1810040065991044,0.9990789069696039,1.7772297411511317e-08
LSTM,combined,roc,0.1810040065991044,0.999385937979736,1.7343557701110512e-08
LSTM,combined,roc,0.19349516851284468,0.999385937979736,9.590324978603348e-09
LSTM,combined,roc,0.19349516851284468,0.9996929689898679,9.406679879475632e-09
LSTM,combined,roc,0.2015083667216592,0.9996929689898679,7.092683329545935e-09
LSTM,combined,roc,0.2019797313221777,0.9996929689898679,7.081436770306482e-09
LSTM,combined,roc,0.21447089323591798,0.9996929689898679,4.211198501025137e-09
LSTM,combined,roc,0.21494225783643647,0.9996929689898679,4.173440260046846e-09
LSTM,combined,roc,0.22036295074239926,0.9996929689898679,3.519621261105499e-09
LSTM,combined,roc,0.22083431534291775,0.9996929689898679,3.434039275163059e-09
LSTM,combined,roc,0.22177704454395475,0.9996929689898679,3.411190885316273e-09
LSTM,combined,roc,0.22224840914447325,0.9996929689898679,3.3480083150294604e-09
LSTM,combined,roc,0.22814046665095453,0.9996929689898679,2.9255087241608635e-09
LSTM,combined,roc,0.22861183125147302,0.9996929689898679,2.90995427754126e-09
LSTM,combined,roc,0.23073297195380627,0.9996929689898679,2.775114582576066e-09
LSTM,combined,roc,0.23120433655432476,0.9996929689898679,2.7731728025059965e-09
LSTM,combined,roc,0.25170869667687956,0.9996929689898679,1.608059574387255e-09
LSTM,combined,roc,0.2715060098986566,0.9996929689898679,1.6077498221633846e-09
LSTM,combined,roc,0.27386283290124913,0.9996929689898679,1.6077467135389156e-09
LSTM,combined,roc,0.2771623851048786,0.9996929689898679,1.4660411773448345e-09
LSTM,combined,roc,0.2776337497053971,0.9996929689898679,1.4622347777049072e-09
LSTM,combined,roc,0.2983737921282112,0.9996929689898679,9.762792796408348e-10
LSTM,combined,roc,0.2988451567287297,0.9996929689898679,9.731058181472463e-10
LSTM,combined,roc,0.30355880273391467,0.9996929689898679,8.905907122880308e-10
LSTM,combined,roc,0.30426584963469244,0.9996929689898679,8.905890469534938e-10
LSTM,combined,roc,0.31133631864246997,0.9996929689898679,7.788402700548147e-10
LSTM,combined,roc,0.31180768324298846,0.9996929689898679,7.686456471311942e-10
LSTM,combined,roc,0.32288475135517325,0.9996929689898679,6.357618875796334e-10
LSTM,combined,roc,0.32335611595569175,0.9996929689898679,6.355557746751117e-10
LSTM,combined,roc,0.32665566815932123,0.9996929689898679,6.355545534297846e-10
LSTM,combined,roc,0.3316049964647655,0.9996929689898679,5.78804837392255e-10
LSTM,combined,roc,0.3316049964647655,1.0,5.768409083728443e-10
LSTM,combined,roc,0.34527456987980204,1.0,4.33613117634124e-10
LSTM,combined,roc,0.34574593448032054,1.0,4.3182130093910587e-10
LSTM,combined,roc,0.3622436954984681,1.0,3.3179500813496077e-10
LSTM,combined,roc,0.3627150600989866,1.0,3.314553631561523e-10
LSTM,combined,roc,0.3638934716002828,1.0,3.250537339294368e-10
LSTM,combined,roc,0.36436483620080135,1.0,3.24828136610833e-10
LSTM,combined,roc,0.38534056092387464,1.0,2.2026855339696283e-10
LSTM,combined,roc,0.38581192552439314,1.0,2.1884348500034179e-10
LSTM,combined,roc,0.38699033702568936,1.0,2.1552748474817918e-10
LSTM,combined,roc,0.38746170162620786,1.0,2.147843014554951e-10
LSTM,combined,roc,0.40419514494461467,1.0,1.661155935028802e-10
LSTM,combined,roc,0.40466650954513317,1.0,1.6495810273298162e-10
LSTM,combined,roc,0.4150365307565402,1.0,1.4429291095297003e-10
LSTM,combined,roc,0.4155078953570587,1.0,1.4422137095682075e-10
LSTM,combined,roc,0.45180296959698324,1.0,8.446764121483596e-11
LSTM,combined,roc,0.4522743341975018,1.0,8.441964488570264e-11
LSTM,combined,roc,0.4621729908083903,1.0,7.523922457286503e-11
LSTM,combined,roc,0.4626443554089088,1.0,7.437145344013629e-11
LSTM,combined,roc,0.4756068819231676,1.0,6.324114149025561e-11
LSTM,combined,roc,0.4760782465236861,1.0,6.315411388291281e-11
LSTM,combined,roc,0.4822059863304266,1.0,5.899378902052277e-11
LSTM,combined,roc,0.4826773509309451,1.0,5.869501412680833e-11
LSTM,combined,roc,0.48621258543483387,1.0,5.595816865433534e-11
LSTM,combined,roc,0.48668395003535236,1.0,5.572055664093689e-11
LSTM,combined,roc,0.4888050907376856,1.0,5.435270983289442e-11
LSTM,combined,roc,0.4892764553382041,1.0,5.425814311732502e-11
LSTM,combined,roc,0.49964647654961114,1.0,4.710685314046614e-11
LSTM,combined,roc,0.5001178411501296,1.0,4.709697215554698e-11
LSTM,combined,roc,0.5010605703511666,1.0,4.7003283210056424e-11
LSTM,combined,roc,0.5163799198680179,1.0,3.945034576791073e-11
LSTM,combined,roc,0.5168512844685365,1.0,3.936360612466494e-11
LSTM,combined,roc,0.5262785764789064,1.0,3.5385461921721983e-11
LSTM,combined,roc,0.5269856233796841,1.0,3.523594263588059e-11
LSTM,combined,roc,0.5406551967947207,1.0,3.0201504491733644e-11
LSTM,combined,roc,0.5411265613952392,1.0,3.01147613790409e-11
LSTM,combined,roc,0.572000942729201,1.0,2.061835771560716e-11
LSTM,combined,roc,0.572943671930238,1.0,2.052293751608758e-11
LSTM,combined,roc,0.5835493754419043,1.0,1.770308379056562e-11
LSTM,combined,roc,0.5840207400424228,1.0,1.769747889901474e-11
LSTM,combined,roc,0.5939193966533113,1.0,1.529303420011452e-11
LSTM,combined,roc,0.5943907612538298,1.0,1.5242132209158932e-11
LSTM,combined,roc,0.5986330426584964,1.0,1.4535353823341701e-11
LSTM,combined,roc,0.5991044072590148,1.0,1.4535326067766086e-11
LSTM,combined,roc,0.6059391939665331,1.0,1.3339865670425333e-11
LSTM,combined,roc,0.6064105585670516,1.0,1.3312008613486359e-11
LSTM,combined,roc,0.6068819231675702,1.0,1.3271673690584684e-11
LSTM,combined,roc,0.6073532877680886,1.0,1.3175351434857596e-11
LSTM,combined,roc,0.6174876266792364,1.0,1.1871513320993454e-11
LSTM,combined,roc,0.6179589912797548,1.0,1.1824824973361014e-11
LSTM,combined,roc,0.6264435540890879,1.0,1.0881038257914977e-11
LSTM,combined,roc,0.6269149186896064,1.0,1.0872034175712919e-11
LSTM,combined,roc,0.6309215177940136,1.0,1.0311159912013146e-11
LSTM,combined,roc,0.6318642469950507,1.0,1.0289333621238406e-11
LSTM,combined,roc,0.6394060806033467,1.0,9.34279476699773e-12
LSTM,combined,roc,0.6398774452038651,1.0,9.298652126066287e-12
LSTM,combined,roc,0.6448267735093095,1.0,8.903435280704919e-12
LSTM,combined,roc,0.645298138109828,1.0,8.897900645454815e-12
LSTM,combined,roc,0.6855998114541598,1.0,5.301507930571825e-12
LSTM,combined,roc,0.6860711760546783,1.0,5.2849400203336394e-12
LSTM,combined,roc,0.6874852698562338,1.0,5.177513365955955e-12
LSTM,combined,roc,0.6881923167570115,1.0,5.173239007311148e-12
LSTM,combined,roc,0.6964411972660853,1.0,4.7040032459533254e-12
LSTM,combined,roc,0.6969125618666038,1.0,4.6582976191700265e-12
LSTM,combined,roc,0.7006834786707519,1.0,4.506347552057921e-12
LSTM,combined,roc,0.7011548432712703,1.0,4.505256410991532e-12
LSTM,combined,roc,0.7042187131746406,1.0,4.33918786318932e-12
LSTM,combined,roc,0.7046900777751591,1.0,4.336879379923664e-12
LSTM,combined,roc,0.7346217299080839,1.0,3.090030835373181e-12
LSTM,combined,roc,0.7350930945086024,1.0,3.0867498227588053e-12
LSTM,combined,roc,0.7381569644119726,1.0,3.004767875486314e-12
LSTM,combined,roc,0.7386283290124912,1.0,2.9763958225154097e-12
LSTM,combined,roc,0.7398067405137874,1.0,2.9377052006285265e-12
LSTM,combined,roc,0.7402781051143059,1.0,2.9329351447504592e-12
LSTM,combined,roc,0.7454631157200095,1.0,2.768216862333861e-12
LSTM,combined,roc,0.7459344803205279,1.0,2.7515140773454183e-12
LSTM,combined,roc,0.7494697148244167,1.0,2.6196007169021485e-12
LSTM,combined,roc,0.7499410794249352,1.0,2.618281893379537e-12
LSTM,combined,roc,0.752533584727787,1.0,2.5161431098374987e-12
LSTM,combined,roc,0.753476313928824,1.0,2.514171596607051e-12
LSTM,combined,roc,0.7551260900306387,1.0,2.471197508777112e-12
LSTM,combined,roc,0.7555974546311572,1.0,2.4663944931530013e-12
LSTM,combined,roc,0.7647890643412679,1.0,2.23900542203892e-12
LSTM,combined,roc,0.7662031581428235,1.0,2.230199748834427e-12
LSTM,combined,roc,0.776101814753712,1.0,1.9514951720561724e-12
LSTM,combined,roc,0.7772802262550083,1.0,1.949400710299365e-12
LSTM,combined,roc,0.7777515908555267,1.0,1.9493970240119785e-12
LSTM,combined,roc,0.7784586377563045,1.0,1.9255140017160333e-12
LSTM,combined,roc,0.778930002356823,1.0,1.925444179096125e-12
LSTM,combined,roc,0.7888286589677115,1.0,1.714813512541935e-12
LSTM,combined,roc,0.7895357058684893,1.0,1.7132443467376968e-12
LSTM,combined,roc,0.794013669573415,1.0,1.6302212401189675e-12
LSTM,combined,roc,0.7951920810747113,1.0,1.6276176370219608e-12
LSTM,combined,roc,0.8036766438840444,1.0,1.485525786583397e-12
LSTM,combined,roc,0.8043836907848221,1.0,1.4823727098253747e-12
LSTM,combined,roc,0.8371435305208579,1.0,9.966730132177082e-13
LSTM,combined,roc,0.8376148951213764,1.0,9.93560160360285e-13
LSTM,combined,roc,0.8395003535234504,1.0,9.68574938135791e-13
LSTM,combined,roc,0.8404430827244874,1.0,9.674523552063996e-13
LSTM,combined,roc,0.8446853641291538,1.0,8.972542760860014e-13
LSTM,combined,roc,0.8451567287296724,1.0,8.956214134041296e-13
LSTM,combined,roc,0.8484562809333019,1.0,8.58168787767899e-13
LSTM,combined,roc,0.8489276455338204,1.0,8.545052144169618e-13
LSTM,combined,roc,0.8501060570351167,1.0,8.445193329376099e-13
LSTM,combined,roc,0.8505774216356352,1.0,8.418865648021634e-13
LSTM,combined,roc,0.8524628800377092,1.0,8.259227720144868e-13
LSTM,combined,roc,0.8534056092387462,1.0,8.223592163139615e-13
LSTM,combined,roc,0.8670751826537827,1.0,6.803203833616323e-13
LSTM,combined,roc,0.8675465472543012,1.0,6.796745241274826e-13
LSTM,combined,roc,0.8739099693613009,1.0,6.159009391902559e-13
LSTM,combined,roc,0.8750883808625972,1.0,6.154124519014426e-13
LSTM,combined,roc,0.8767381569644119,1.0,6.027845323580694e-13
LSTM,combined,roc,0.8783879330662268,1.0,6.009925087972767e-13
LSTM,combined,roc,0.8800377091680415,1.0,5.9505211088412e-13
LSTM,combined,roc,0.88050907376856,1.0,5.915598414764356e-13
LSTM,combined,roc,0.8807447560688192,1.0,5.911267569186363e-13
LSTM,combined,roc,0.8812161206693377,1.0,5.843190514775998e-13
LSTM,combined,roc,0.8915861418807448,1.0,4.872038102815557e-13
LSTM,combined,roc,0.8925288710817818,1.0,4.867653589230025e-13
LSTM,combined,roc,0.8962997878859298,1.0,4.4911836294229956e-13
LSTM,combined,roc,0.8967711524864482,1.0,4.453403520520566e-13
LSTM,combined,roc,0.9047843506952628,1.0,3.738900194224376e-13
LSTM,combined,roc,0.9052557152957813,1.0,3.7302100427613616e-13
LSTM,combined,roc,0.906905491397596,1.0,3.6459686181614104e-13
LSTM,combined,roc,0.9073768559981146,1.0,3.616188294988665e-13
LSTM,combined,roc,0.910676408201744,1.0,3.4172138859908663e-13
LSTM,combined,roc,0.9111477728022626,1.0,3.4159887375359577e-13
LSTM,combined,roc,0.9203393825123733,1.0,2.9485658706307483e-13
LSTM,combined,roc,0.9208107471128918,1.0,2.9464069530547865e-13
LSTM,combined,roc,0.9264671223191139,1.0,2.615310583115732e-13
LSTM,combined,roc,0.9269384869196323,1.0,2.613495628678991e-13
LSTM,combined,roc,0.9375441904312987,1.0,1.7839565545282876e-13
LSTM,combined,roc,0.9380155550318171,1.0,1.7831264622399784e-13
LSTM,combined,roc,0.9391939665331134,1.0,1.7296140377136976e-13
LSTM,combined,roc,0.9396653311336318,1.0,1.7288884354097617e-13
LSTM,combined,roc,0.9434362479377799,1.0,1.5723164957515134e-13
LSTM,combined,roc,0.9439076125382984,1.0,1.5596015147736897e-13
LSTM,combined,roc,0.9479142116427056,1.0,1.362310600699218e-13
LSTM,combined,roc,0.9483855762432242,1.0,1.3602567152087158e-13
LSTM,combined,roc,0.9528635399481499,1.0,1.0725212493296887e-13
LSTM,combined,roc,0.9533349045486684,1.0,1.0716869557579611e-13
LSTM,combined,roc,0.9622908319585199,1.0,8.270825430783946e-14
LSTM,combined,roc,0.9627621965590384,1.0,8.239963615944146e-14
LSTM,combined,roc,1.0,1.0,1.0493711189032235e-15
