model,source,curve,x,y,threshold
LR,enron,pr,1.0,0.4882380433089266,3.987478229799512e-31
LR,enron,pr,1.0,0.48831411654721096,3.885890781644374e-10
LR,enron,pr,1.0,0.48839021349540285,6.888636596547153e-08
LR,enron,pr,1.0,0.4884663341645885,9.298618587342991e-08
LR,enron,pr,1.0,0.48854247856586125,1.9541155470463331e-07
LR,enron,pr,1.0,0.4886186467103212,5.287218636463951e-07
LR,enron,pr,1.0,0.4886948386090753,8.715179836541181e-07
LR,enron,pr,1.0,0.4887710542732377,1.035197224865813e-06
LR,enron,pr,1.0,0.4888472937139292,1.0830651811774564e-06
LR,enron,pr,1.0,0.4889235569422777,1.135337102654643e-06
LR,enron,pr,1.0,0.488999843969418,1.3983708029167653e-06
LR,enron,pr,1.0,0.48907615480649186,1.6060365418028319e-06
LR,enron,pr,1.0,0.48915248946464807,2.29355783452263e-06
LR,enron,pr,1.0,0.4892288479550421,2.4979611144285815e-06
LR,enron,pr,1.0,0.4893052302888368,2.5434042618426197e-06
LR,enron,pr,1.0,0.48938163647720173,3.3203178997653244e-06
LR,enron,pr,1.0,0.48945806653131346,3.4956596622780778e-06
LR,enron,pr,1.0,0.4895345204623555,4.085196024811515e-06
LR,enron,pr,1.0,0.4896109982815185,5.221387067187101e-06
LR,enron,pr,1.0,0.4896875,5.510092966392833e-06
LR,enron,pr,1.0,0.4897640256290045,5.572471945553904e-06
LR,enron,pr,1.0,0.48984057517974366,5.787827120725536e-06
LR,enron,pr,1.0,0.489917148663436,6.23276556043652e-06
LR,enron,pr,1.0,0.4899937460913071,6.234469838149473e-06
LR,enron,pr,1.0,0.49007036747458954,6.4211139496554476e-06
LR,enron,pr,1.0,0.490147012824523,6.512229631994941e-06
LR,enron,pr,1.0,0.4902236821523541,6.794539493450413e-06
LR,enron,pr,1.0,0.4903003754693367,6.838766758131808e-06
LR,enron,pr,1.0,0.49037709278673136,6.88917549879049e-06
LR,enron,pr,1.0,0.49045383411580595,7.102543389259437e-06
LR,enron,pr,1.0,0.49053059946783534,7.318477065738153e-06
LR,enron,pr,1.0,0.49060738885410143,8.287070471685533e-06
LR,enron,pr,1.0,0.4906842022858932,8.4745519515697e-06
LR,enron,pr,1.0,0.49076103977450675,9.038137064899197e-06
LR,enron,pr,1.0,0.4908379013312451,9.067500142939111e-06
LR,enron,pr,1.0,0.4909147869674185,9.452840960245436e-06
LR,enron,pr,1.0,0.49099169669434434,9.710696912785668e-06
LR,enron,pr,1.0,0.49114558846575773,9.865362951713112e-06
LR,enron,pr,1.0,0.49122257053291535,1.0682214198366111e-05
LR,enron,pr,1.0,0.49129957673616553,1.1477178593080615e-05
LR,enron,pr,1.0,0.4913766070868611,1.1865863742982237e-05
LR,enron,pr,1.0,0.49145366159636195,1.2096410802415847e-05
LR,enron,pr,1.0,0.4915307402760351,1.2308625563887515e-05
LR,enron,pr,1.0,0.4916078431372549,1.247961141792834e-05
LR,enron,pr,1.0,0.49168497019140256,1.2505532714348487e-05
LR,enron,pr,1.0,0.4918392969240427,1.2635140731912428e-05
LR,enron,pr,1.0,0.49191649662533354,1.29758524817388e-05
LR,enron,pr,1.0,0.4919937205651491,1.3108446516663015e-05
LR,enron,pr,1.0,0.4920709687549066,1.3149686080450971e-05
LR,enron,pr,1.0,0.4921482412060301,1.3346201593698334e-05
LR,enron,pr,1.0,0.49222553792995133,1.3359343321032762e-05
LR,enron,pr,1.0,0.4923028589381087,1.3516469381483582e-05
LR,enron,pr,1.0,0.49238020424194817,1.3711316620408682e-05
LR,enron,pr,1.0,0.4924575738529227,1.4059447056300372e-05
LR,enron,pr,1.0,0.49253496778249256,1.496692974170095e-05
LR,enron,pr,1.0,0.4926123860421251,1.557634114981732e-05
LR,enron,pr,1.0,0.4926898286432951,1.5841541378674247e-05
LR,enron,pr,1.0,0.4927672955974843,1.586763737786357e-05
LR,enron,pr,1.0,0.4928447869161818,1.6052296568494946e-05
LR,enron,pr,1.0,0.49292230261088393,1.6303147762875987e-05
LR,enron,pr,1.0,0.4929998426930942,1.6406820238024744e-05
LR,enron,pr,1.0,0.49307740717432347,1.671574851042609e-05
LR,enron,pr,1.0,0.4931549960660897,1.6847813931289524e-05
LR,enron,pr,1.0,0.49323260937991814,1.7155091983864493e-05
LR,enron,pr,1.0,0.4933102471273414,1.7372613585940323e-05
LR,enron,pr,1.0,0.49338790931989923,1.7469125914026745e-05
LR,enron,pr,1.0,0.4934655959691387,1.7474763664010025e-05
LR,enron,pr,1.0,0.49354330708661415,1.7865984177734164e-05
LR,enron,pr,1.0,0.49362104268388723,1.8049857797222914e-05
LR,enron,pr,1.0,0.49369880277252676,1.8397868342393897e-05
LR,enron,pr,1.0,0.493776587364109,1.8453263900121456e-05
LR,enron,pr,1.0,0.49385439647021745,1.9188422713555467e-05
LR,enron,pr,1.0,0.49393223010244286,1.9303868962931065e-05
LR,enron,pr,1.0,0.49401008827238335,1.941663485484427e-05
LR,enron,pr,1.0,0.4940879709916443,1.9467070676284603e-05
LR,enron,pr,1.0,0.49416587827183855,1.9758959089969423e-05
LR,enron,pr,1.0,0.494243810124586,1.97811165652615e-05
LR,enron,pr,1.0,0.4943217665615142,2.0374929129072723e-05
LR,enron,pr,1.0,0.49439974759425775,2.0416167564513618e-05
LR,enron,pr,1.0,0.4944777532344588,2.0759715895095458e-05
LR,enron,pr,1.0,0.4945557834937668,2.100041287532001e-05
LR,enron,pr,1.0,0.4946338383838384,2.1054368121786684e-05
LR,enron,pr,1.0,0.4947119179163378,2.122168384989336e-05
LR,enron,pr,1.0,0.49479002210293654,2.1337231935343648e-05
LR,enron,pr,1.0,0.49486815095531345,2.165213425356923e-05
LR,enron,pr,1.0,0.49494630448515475,2.178028193604888e-05
LR,enron,pr,1.0,0.49502448270415417,2.1795545332310386e-05
LR,enron,pr,1.0,0.49510268562401266,2.2209748466984537e-05
LR,enron,pr,1.0,0.4951809132564386,2.224796393372817e-05
LR,enron,pr,1.0,0.4952591656131479,2.235033238650967e-05
LR,enron,pr,1.0,0.49541574454631676,2.249137247309655e-05
LR,enron,pr,1.0,0.49549407114624505,2.2752656492066758e-05
LR,enron,pr,1.0,0.49557242251739403,2.285926311211413e-05
LR,enron,pr,1.0,0.4956507986715167,2.299496807835297e-05
LR,enron,pr,1.0,0.4957291996203733,2.327698758185314e-05
LR,enron,pr,1.0,0.4958076253757317,2.3750064736196663e-05
LR,enron,pr,1.0,0.49588607594936707,2.3849049973306392e-05
LR,enron,pr,1.0,0.49596455135306217,2.3901660101307098e-05
LR,enron,pr,1.0,0.4960430515986072,2.4426081496254135e-05
LR,enron,pr,1.0,0.4961215766977996,2.5054692447179102e-05
LR,enron,pr,1.0,0.49620012666244456,2.519926045355068e-05
LR,enron,pr,1.0,0.4962787015043547,2.5628618470934083e-05
LR,enron,pr,1.0,0.49635730123535,2.5653682632216758e-05
LR,enron,pr,1.0,0.49643592586725804,2.5719987000577154e-05
LR,enron,pr,1.0,0.4965145754119138,2.5777566994370136e-05
LR,enron,pr,1.0,0.4965932498811599,2.613564196393097e-05
LR,enron,pr,1.0,0.49667194928684627,2.645659231339324e-05
LR,enron,pr,1.0,0.4968294229549778,2.6464679084187293e-05
LR,enron,pr,1.0,0.49690819724116064,2.646763914861139e-05
LR,enron,pr,1.0,0.4969869965112591,2.65215925491019e-05
LR,enron,pr,1.0,0.497065820777161,2.6568087103908515e-05
LR,enron,pr,1.0,0.4971446700507614,2.6659865169473024e-05
LR,enron,pr,1.0,0.4972235443439632,2.6936238065533057e-05
LR,enron,pr,1.0,0.4973024436686766,2.6980834713616073e-05
LR,enron,pr,1.0,0.49738136803681954,2.7451210134093545e-05
LR,enron,pr,1.0,0.49746031746031744,2.7805885813375076e-05
LR,enron,pr,1.0,0.49753929195110336,2.794786136413584e-05
LR,enron,pr,1.0,0.4976182915211178,2.8303578459659326e-05
LR,enron,pr,1.0,0.49769731618230906,2.839303082631749e-05
LR,enron,pr,1.0,0.49777636594663277,2.855970949403103e-05
LR,enron,pr,1.0,0.49785544082605243,2.8709225448962134e-05
LR,enron,pr,1.0,0.4979345408325389,2.9274626463514596e-05
LR,enron,pr,1.0,0.4980136659780709,2.9295306486697593e-05
LR,enron,pr,1.0,0.4980928162746345,2.9497940103605964e-05
LR,enron,pr,1.0,0.4981719917342235,2.962512404351235e-05
LR,enron,pr,1.0,0.4982511923688394,2.9717497718161587e-05
LR,enron,pr,1.0,0.49833041819049134,2.977256325824754e-05
LR,enron,pr,1.0,0.49840966921119595,3.0092555439419667e-05
LR,enron,pr,1.0,0.49848894544297756,3.013227549249912e-05
LR,enron,pr,1.0,0.4985682468978683,3.0141140490145672e-05
LR,enron,pr,1.0,0.49864757358790773,3.0225061648773498e-05
LR,enron,pr,1.0,0.4987269255251432,3.025448643843442e-05
LR,enron,pr,1.0,0.4988063027216298,3.0294283127706747e-05
LR,enron,pr,1.0,0.4988857051894301,3.055854977643282e-05
LR,enron,pr,1.0,0.49896513294061456,3.060176366378252e-05
LR,enron,pr,1.0,0.49904458598726115,3.069786781026671e-05
LR,enron,pr,1.0,0.4991240643414556,3.083286966794561e-05
LR,enron,pr,1.0,0.4992035680152915,3.098976483286305e-05
LR,enron,pr,1.0,0.4992830970208698,3.13469581709429e-05
LR,enron,pr,1.0,0.49936265137029956,3.139570451143753e-05
LR,enron,pr,1.0,0.4994422310756972,3.1413036611767944e-05
LR,enron,pr,1.0,0.4995218361491871,3.141831101722554e-05
LR,enron,pr,1.0,0.49960146660290133,3.1426965545320225e-05
LR,enron,pr,1.0,0.4996811224489796,3.144531890433636e-05
LR,enron,pr,1.0,0.49976080369956943,3.145220707024929e-05
LR,enron,pr,1.0,0.49984051036682614,3.178851040636928e-05
LR,enron,pr,1.0,0.4999202424629127,3.207577087975727e-05
LR,enron,pr,1.0,0.5,3.22824003879865e-05
LR,enron,pr,1.0,0.5000797829902665,3.261910748657224e-05
LR,enron,pr,1.0,0.5001595914458985,3.275518515100942e-05
LR,enron,pr,1.0,0.5002394253790902,3.301541177873788e-05
LR,enron,pr,1.0,0.5003192848020435,3.319287269898433e-05
LR,enron,pr,1.0,0.5003991697269679,3.335381799624991e-05
LR,enron,pr,1.0,0.5004790801660811,3.35508148887915e-05
LR,enron,pr,1.0,0.5005590161316084,3.358975204675731e-05
LR,enron,pr,1.0,0.5006389776357828,3.369095664376569e-05
LR,enron,pr,1.0,0.5007189646908452,3.393045062902703e-05
LR,enron,pr,1.0,0.5007989773090444,3.397725275706095e-05
LR,enron,pr,1.0,0.500879015502637,3.423037230063114e-05
LR,enron,pr,1.0,0.5009590792838875,3.453381220194731e-05
LR,enron,pr,1.0,0.5010391686650679,3.459721058351135e-05
LR,enron,pr,1.0,0.5011192836584586,3.474703788631978e-05
LR,enron,pr,1.0,0.5011994242763473,3.5216447554467285e-05
LR,enron,pr,1.0,0.5012795905310301,3.541236344559786e-05
LR,enron,pr,1.0,0.5013597824348104,3.546315500453777e-05
LR,enron,pr,1.0,0.50144,3.5655915403932245e-05
LR,enron,pr,1.0,0.5015202432389182,3.618886684029411e-05
LR,enron,pr,1.0,0.5016005121638925,3.6279415559673094e-05
LR,enron,pr,1.0,0.5016808067872579,3.638553659670559e-05
LR,enron,pr,1.0,0.5017611271213577,3.700701362697165e-05
LR,enron,pr,1.0,0.5018414731785429,3.703473175477277e-05
LR,enron,pr,1.0,0.5019218449711723,3.71382815670092e-05
LR,enron,pr,1.0,0.502002242511613,3.720034203695823e-05
LR,enron,pr,1.0,0.5020826658122397,3.773687583452689e-05
LR,enron,pr,1.0,0.5021631148854351,3.805492512098173e-05
LR,enron,pr,1.0,0.5022435897435897,3.810363267502986e-05
LR,enron,pr,1.0,0.5023240903991024,3.8430196055817776e-05
LR,enron,pr,1.0,0.5024046168643796,3.869297891286555e-05
LR,enron,pr,1.0,0.5024851691518358,3.870160158059807e-05
LR,enron,pr,1.0,0.5025657472738935,3.908677149559581e-05
LR,enron,pr,1.0,0.5026463512429832,3.940023408741857e-05
LR,enron,pr,1.0,0.5027269810715431,3.99941312324677e-05
LR,enron,pr,1.0,0.5028076367720199,4.0127536365094175e-05
LR,enron,pr,1.0,0.5028883183568678,4.033583192658068e-05
LR,enron,pr,1.0,0.5029690258385492,4.0537090581804395e-05
LR,enron,pr,1.0,0.5030497592295345,4.069584987407224e-05
LR,enron,pr,1.0,0.5031305185423022,4.0815979205347694e-05
LR,enron,pr,1.0,0.5032113037893384,4.090093364390905e-05
LR,enron,pr,1.0,0.503292114983138,4.0950228168774896e-05
LR,enron,pr,1.0,0.503372952136203,4.105510617639276e-05
LR,enron,pr,1.0,0.5034538152610442,4.1196542088043673e-05
LR,enron,pr,1.0,0.50353470437018,4.134647840903333e-05
LR,enron,pr,1.0,0.5036156194761369,4.14149898213855e-05
LR,enron,pr,1.0,0.5036965605914497,4.185991936707715e-05
LR,enron,pr,1.0,0.503777527728661,4.2078088682341695e-05
LR,enron,pr,1.0,0.5038585209003216,4.2191383447562456e-05
LR,enron,pr,1.0,0.5039395401189902,4.2231546396528564e-05
LR,enron,pr,1.0,0.5040205853972338,4.223827053883459e-05
LR,enron,pr,1.0,0.5041016567476275,4.2492246442061595e-05
LR,enron,pr,1.0,0.5041827541827542,4.252433763475601e-05
LR,enron,pr,1.0,0.5042638777152052,4.267703868351748e-05
LR,enron,pr,1.0,0.5043450273575797,4.292786148326631e-05
LR,enron,pr,1.0,0.5044262031224851,4.2976441469393014e-05
LR,enron,pr,1.0,0.504507405022537,4.331758946159858e-05
LR,enron,pr,1.0,0.5045886330703591,4.337524769103663e-05
LR,enron,pr,1.0,0.504669887278583,4.338431613726203e-05
LR,enron,pr,1.0,0.5047511676598486,4.364843603369954e-05
LR,enron,pr,1.0,0.5048324742268041,4.37996306803038e-05
LR,enron,pr,1.0,0.5049138069921056,4.3987494405797455e-05
LR,enron,pr,1.0,0.5049951659684176,4.40050176171831e-05
LR,enron,pr,1.0,0.5050765511684125,4.43747729940254e-05
LR,enron,pr,1.0,0.5051579626047711,4.45851226467194e-05
LR,enron,pr,1.0,0.5052394002901822,4.469513212767453e-05
LR,enron,pr,1.0,0.5053208642373428,4.472964350138897e-05
LR,enron,pr,1.0,0.5054023544589582,4.481320950559637e-05
LR,enron,pr,1.0,0.5054838709677419,4.4881991319411297e-05
LR,enron,pr,1.0,0.5055654137764155,4.495537171173481e-05
LR,enron,pr,1.0,0.5056469828977089,4.624731844158819e-05
LR,enron,pr,1.0,0.5057285783443601,4.6396490027187665e-05
LR,enron,pr,1.0,0.5058102001291156,4.642793572113821e-05
LR,enron,pr,1.0,0.5058918482647297,4.671062490666885e-05
LR,enron,pr,1.0,0.5059735227639651,4.687749622896357e-05
LR,enron,pr,1.0,0.5060552236395931,4.7058662512633616e-05
LR,enron,pr,1.0,0.5061369509043928,4.7240220752951544e-05
LR,enron,pr,1.0,0.5062187045711517,4.724227113984715e-05
LR,enron,pr,1.0,0.5063004846526656,4.7263344612754434e-05
LR,enron,pr,1.0,0.5063822911617386,4.748584418698418e-05
LR,enron,pr,1.0,0.5064641241111829,4.755447259769535e-05
LR,enron,pr,1.0,0.5065459835138193,4.7579839395386484e-05
LR,enron,pr,1.0,0.5066278693824766,4.784822082298145e-05
LR,enron,pr,1.0,0.5067097817299919,4.814975726399862e-05
LR,enron,pr,1.0,0.5067917205692108,4.8184021068831384e-05
LR,enron,pr,1.0,0.5068736859129872,4.830168971036847e-05
LR,enron,pr,1.0,0.5069556777741832,4.8361478232632626e-05
LR,enron,pr,1.0,0.507037696165669,4.8606770058783444e-05
LR,enron,pr,1.0,0.5071197411003237,4.8676126197290186e-05
LR,enron,pr,1.0,0.5072018125910341,4.8695823894268395e-05
LR,enron,pr,1.0,0.507283910650696,4.8831677794525625e-05
LR,enron,pr,1.0,0.507366035292213,4.885889668100403e-05
LR,enron,pr,1.0,0.5074481865284974,4.894367668174311e-05
LR,enron,pr,1.0,0.5075303643724697,4.895702331417364e-05
LR,enron,pr,1.0,0.5076125688370586,4.9025895641651555e-05
LR,enron,pr,1.0,0.5076947999352017,4.9113982174705535e-05
LR,enron,pr,1.0,0.507859342083941,4.92870912024801e-05
LR,enron,pr,1.0,0.5079416531604538,4.934108238240799e-05
LR,enron,pr,1.0,0.5080239909223537,4.936763685265547e-05
LR,enron,pr,1.0,0.50810635538262,4.9384377457401815e-05
LR,enron,pr,1.0,0.5081887465542403,4.9538425291209536e-05
LR,enron,pr,1.0,0.5082711644502108,4.975498316039258e-05
LR,enron,pr,1.0,0.5083536090835361,4.977027071046374e-05
LR,enron,pr,1.0,0.5084360804672291,5.0017940056217574e-05
LR,enron,pr,1.0,0.5085185786143113,5.0247122882448576e-05
LR,enron,pr,1.0,0.5086011035378124,5.032385529697437e-05
LR,enron,pr,1.0,0.508683655250771,5.044617274674303e-05
LR,enron,pr,1.0,0.5087662337662338,5.0480057959767354e-05
LR,enron,pr,1.0,0.5088488390972561,5.075910215076896e-05
LR,enron,pr,1.0,0.5089314712569016,5.078338032573046e-05
LR,enron,pr,1.0,0.5090141302582426,5.0812736759905506e-05
LR,enron,pr,1.0,0.50909681611436,5.0863607150054934e-05
LR,enron,pr,1.0,0.5091795288383428,5.093157073993321e-05
LR,enron,pr,1.0,0.5092622684432889,5.1081509122816776e-05
LR,enron,pr,1.0,0.5093450349423045,5.112819651678809e-05
LR,enron,pr,1.0,0.5094278283485045,5.138919444013456e-05
LR,enron,pr,1.0,0.5095106486750122,5.175767252522151e-05
LR,enron,pr,1.0,0.5095934959349594,5.1785673105145216e-05
LR,enron,pr,1.0,0.5096763701414864,5.1934175260895655e-05
LR,enron,pr,1.0,0.5097592713077423,5.2022419336668157e-05
LR,enron,pr,1.0,0.5098421994468847,5.218283007080932e-05
LR,enron,pr,1.0,0.5099251545720794,5.2269449476309054e-05
LR,enron,pr,1.0,0.5100081366965012,5.230700032886688e-05
LR,enron,pr,1.0,0.5100911458333334,5.237849994899031e-05
LR,enron,pr,1.0,0.5101741819957676,5.239921783920145e-05
LR,enron,pr,1.0,0.5102572451970042,5.2402833585102614e-05
LR,enron,pr,1.0,0.5103403354502524,5.252103874538106e-05
LR,enron,pr,1.0,0.5104234527687297,5.262733232886705e-05
LR,enron,pr,1.0,0.5105065971656622,5.2719578893825774e-05
LR,enron,pr,1.0,0.5105897686542847,5.284717942414007e-05
LR,enron,pr,1.0,0.510672967247841,5.292160393076157e-05
LR,enron,pr,1.0,0.5107561929595827,5.300155994681459e-05
LR,enron,pr,1.0,0.510839445802771,5.309711253721365e-05
LR,enron,pr,1.0,0.5109227257906749,5.322650914366623e-05
LR,enron,pr,1.0,0.5110060329365727,5.325533877284583e-05
LR,enron,pr,1.0,0.5110893672537509,5.334737460819466e-05
LR,enron,pr,1.0,0.5111727287555048,5.359092615649296e-05
LR,enron,pr,1.0,0.5112561174551387,5.3681410015267537e-05
LR,enron,pr,1.0,0.511339533365965,5.3861909879364545e-05
LR,enron,pr,1.0,0.5114229765013055,5.407315339444241e-05
LR,enron,pr,1.0,0.51150644687449,5.4139306482546154e-05
LR,enron,pr,1.0,0.5115899444988573,5.4212506730307294e-05
LR,enron,pr,1.0,0.5117570215545395,5.423611691497412e-05
LR,enron,pr,1.0,0.5118406010125756,5.431306411642962e-05
LR,enron,pr,1.0,0.5119242077752368,5.4610331585515936e-05
LR,enron,pr,1.0,0.5120078418559059,5.46272361600468e-05
LR,enron,pr,1.0,0.5120915032679738,5.477262451663276e-05
LR,enron,pr,1.0,0.512258908139915,5.493422722291456e-05
LR,enron,pr,1.0,0.5123426516266143,5.512472318430258e-05
LR,enron,pr,1.0,0.5124264224983649,5.518980049256688e-05
LR,enron,pr,1.0,0.5125102207686018,5.521578281974991e-05
LR,enron,pr,1.0,0.5125940464507688,5.528597415452759e-05
LR,enron,pr,1.0,0.5126778995583183,5.530824269445248e-05
LR,enron,pr,1.0,0.5127617801047121,5.5351788708131804e-05
LR,enron,pr,1.0,0.51284568810342,5.5550980065034745e-05
LR,enron,pr,1.0,0.5129296235679215,5.5983763770087095e-05
LR,enron,pr,1.0,0.513013586511704,5.605683124049048e-05
LR,enron,pr,1.0,0.5130975769482645,5.6085599826725496e-05
LR,enron,pr,1.0,0.5131815948911086,5.638181988137051e-05
LR,enron,pr,1.0,0.5132656403537504,5.656239431695718e-05
LR,enron,pr,1.0,0.5133497133497134,5.657813803134907e-05
LR,enron,pr,1.0,0.5134338138925295,5.664006868803783e-05
LR,enron,pr,1.0,0.5135179419957397,5.686384565714545e-05
LR,enron,pr,1.0,0.5136020976728941,5.7004394741728804e-05
LR,enron,pr,1.0,0.5136862809375512,5.720546925889538e-05
LR,enron,pr,1.0,0.5137704918032787,5.73288087439359e-05
LR,enron,pr,1.0,0.513854730283653,5.748978026780797e-05
LR,enron,pr,1.0,0.5139389963922597,5.75745088932066e-05
LR,enron,pr,1.0,0.5140232901426931,5.7591605566698726e-05
LR,enron,pr,1.0,0.5141076115485564,5.76204301669624e-05
LR,enron,pr,1.0,0.5141919606234618,5.7873757233122234e-05
LR,enron,pr,1.0,0.5142763373810305,5.805312804095337e-05
LR,enron,pr,1.0,0.5143607418348926,5.841638160782218e-05
LR,enron,pr,1.0,0.5144451739986868,5.853054641058967e-05
LR,enron,pr,1.0,0.5145296338860614,5.8667480232521405e-05
LR,enron,pr,1.0,0.5146141215106732,5.891627379818654e-05
LR,enron,pr,1.0,0.5146986368861882,5.893033491799427e-05
LR,enron,pr,1.0,0.5147831800262812,5.893084794437457e-05
LR,enron,pr,1.0,0.5148677509446361,5.898761205189749e-05
LR,enron,pr,1.0,0.5149523496549457,5.945138292462753e-05
LR,enron,pr,1.0,0.515036976170912,5.9476388933264146e-05
LR,enron,pr,1.0,0.5151216305062459,5.963118716084631e-05
LR,enron,pr,1.0,0.5152063126746671,5.966759017629647e-05
LR,enron,pr,1.0,0.5152910226899047,6.004272807617807e-05
LR,enron,pr,1.0,0.5153757605656965,6.0739863679674446e-05
LR,enron,pr,1.0,0.5154605263157894,6.085701938871806e-05
LR,enron,pr,1.0,0.5155453199539398,6.12635698169941e-05
LR,enron,pr,1.0,0.5156301414939125,6.127540086963916e-05
LR,enron,pr,1.0,0.5157149909494817,6.138525179569841e-05
LR,enron,pr,1.0,0.5157998683344306,6.153835400867478e-05
LR,enron,pr,1.0,0.5158847736625515,6.180168064815871e-05
LR,enron,pr,1.0,0.5159697069476457,6.208067713667823e-05
LR,enron,pr,1.0,0.5160546682035237,6.218251049235409e-05
LR,enron,pr,1.0,0.5161396574440053,6.22026857008538e-05
LR,enron,pr,1.0,0.5162246746829188,6.226567383121128e-05
LR,enron,pr,1.0,0.5163097199341021,6.255584633532928e-05
LR,enron,pr,1.0,0.5163947932114022,6.259290491211071e-05
LR,enron,pr,1.0,0.516479894528675,6.260163452660294e-05
LR,enron,pr,1.0,0.5165650238997858,6.273202224599122e-05
LR,enron,pr,1.0,0.5166501813386086,6.289876443267094e-05
LR,enron,pr,1.0,0.5167353668590272,6.292440966229727e-05
LR,enron,pr,1.0,0.5168205804749341,6.295736688240465e-05
LR,enron,pr,1.0,0.516905822200231,6.303099909491693e-05
LR,enron,pr,1.0,0.5169910920488288,6.314470718278612e-05
LR,enron,pr,1.0,0.5170763900346478,6.317619378745438e-05
LR,enron,pr,1.0,0.5171617161716172,6.364056622762881e-05
LR,enron,pr,1.0,0.5172470704736756,6.365386676792749e-05
LR,enron,pr,1.0,0.5173324529547706,6.372813117808544e-05
LR,enron,pr,1.0,0.5174178636288592,6.411245436006171e-05
LR,enron,pr,1.0,0.5175033025099075,6.425697863369145e-05
LR,enron,pr,1.0,0.517588769611891,6.426383874296753e-05
LR,enron,pr,1.0,0.5176742649487942,6.440897508666148e-05
LR,enron,pr,1.0,0.5177597885346109,6.445890941112252e-05
LR,enron,pr,1.0,0.5178453403833444,6.448933687508436e-05
LR,enron,pr,1.0,0.5179309205090068,6.459304844845859e-05
LR,enron,pr,1.0,0.5180165289256199,6.463625689939178e-05
LR,enron,pr,1.0,0.5181021656472145,6.478258508242866e-05
LR,enron,pr,1.0,0.5181878306878307,6.490198705560512e-05
LR,enron,pr,1.0,0.518273524061518,6.492579097104983e-05
LR,enron,pr,1.0,0.5183592457823354,6.500631529851514e-05
LR,enron,pr,1.0,0.5184449958643507,6.513981850999523e-05
LR,enron,pr,1.0,0.5185307743216413,6.556557563853951e-05
LR,enron,pr,1.0,0.5186165811682939,6.602313337474116e-05
LR,enron,pr,1.0,0.5187024164184045,6.604427316027167e-05
LR,enron,pr,1.0,0.5187882800860785,6.604443988469552e-05
LR,enron,pr,1.0,0.5188741721854304,6.654298856143729e-05
LR,enron,pr,1.0,0.5189600927305845,6.666855905617315e-05
LR,enron,pr,1.0,0.519046041735674,6.670072156196209e-05
LR,enron,pr,1.0,0.5191320192148418,6.682520755352105e-05
LR,enron,pr,1.0,0.5192180251822399,6.697643309862012e-05
LR,enron,pr,1.0,0.5193040596520299,6.70814644897496e-05
LR,enron,pr,1.0,0.5193901226383825,6.767912401975989e-05
LR,enron,pr,1.0,0.5194762141554782,6.773154384938327e-05
LR,enron,pr,1.0,0.5195623342175066,6.819610762280601e-05
LR,enron,pr,1.0,0.5196484828386669,6.828015998528014e-05
LR,enron,pr,1.0,0.5197346600331675,6.830099787113187e-05
LR,enron,pr,1.0,0.519907100199071,6.8385479607121e-05
LR,enron,pr,1.0,0.5199933631989381,6.854416684594255e-05
LR,enron,pr,1.0,0.520079654829074,6.855085292612193e-05
LR,enron,pr,1.0,0.5201659751037344,6.864953848149914e-05
LR,enron,pr,1.0,0.5202523240371846,6.884041984399305e-05
LR,enron,pr,1.0,0.5203387016436991,6.902003011046191e-05
LR,enron,pr,1.0,0.5204251079375622,6.902111529056673e-05
LR,enron,pr,1.0,0.5205115429330676,6.940259411204007e-05
LR,enron,pr,1.0,0.5205980066445183,6.962010331743513e-05
LR,enron,pr,1.0,0.5206844990862269,6.963203380999701e-05
LR,enron,pr,1.0,0.5207710202725158,6.96474350773049e-05
LR,enron,pr,1.0,0.5208575702177165,7.029652164353332e-05
LR,enron,pr,1.0,0.5209441489361702,7.047460617951525e-05
LR,enron,pr,1.0,0.5210307564422277,7.048724981327856e-05
LR,enron,pr,1.0,0.5211173927502494,7.051811386455052e-05
LR,enron,pr,1.0,0.521204057874605,7.08426401189592e-05
LR,enron,pr,1.0,0.521290751829674,7.10933852105116e-05
LR,enron,pr,1.0,0.5213774746298453,7.150186737185863e-05
LR,enron,pr,1.0,0.5214642262895175,7.153343876013609e-05
LR,enron,pr,1.0,0.5215510068230987,7.16464993598438e-05
LR,enron,pr,1.0,0.5216378162450066,7.181973046697669e-05
LR,enron,pr,1.0,0.5217246545696688,7.206837844012244e-05
LR,enron,pr,1.0,0.5218115218115218,7.20997550262645e-05
LR,enron,pr,1.0,0.5218984179850125,7.221830623759058e-05
LR,enron,pr,1.0,0.521985343104597,7.222071920647118e-05
LR,enron,pr,1.0,0.5220722971847409,7.267995983265616e-05
LR,enron,pr,1.0,0.52215928023992,7.275365986300049e-05
LR,enron,pr,1.0,0.5222462922846193,7.287559064305468e-05
LR,enron,pr,1.0,0.5224204034005667,7.308366809339075e-05
LR,enron,pr,1.0,0.5225075025008337,7.315878019984884e-05
LR,enron,pr,1.0,0.5225946306486576,7.335208453646263e-05
LR,enron,pr,1.0,0.5226817878585723,7.349408137952702e-05
LR,enron,pr,1.0,0.5227689741451209,7.371008892083529e-05
LR,enron,pr,1.0,0.5228561895228562,7.388747765011544e-05
LR,enron,pr,1.0,0.5229434340063407,7.414312838249594e-05
LR,enron,pr,1.0,0.5230307076101469,7.433854340479576e-05
LR,enron,pr,1.0,0.5231180103488566,7.44319302761545e-05
LR,enron,pr,1.0,0.5232053422370617,7.444077039766455e-05
LR,enron,pr,1.0,0.5232927032893638,7.457839333880273e-05
LR,enron,pr,1.0,0.5233800935203741,7.464164165446524e-05
LR,enron,pr,1.0,0.5234675129447135,7.485983300545104e-05
LR,enron,pr,1.0,0.523554961577013,7.49111152204059e-05
LR,enron,pr,1.0,0.5236424394319131,7.586693208338996e-05
LR,enron,pr,1.0,0.5237299465240641,7.601830815703139e-05
LR,enron,pr,1.0,0.5238174828681263,7.607584408594237e-05
LR,enron,pr,1.0,0.5239050484787696,7.655275270525119e-05
LR,enron,pr,1.0,0.5239926433706737,7.690204318059314e-05
LR,enron,pr,1.0,0.5240802675585284,7.70605956828384e-05
LR,enron,pr,1.0,0.5241679210570329,7.722938580994209e-05
LR,enron,pr,1.0,0.5242556038808966,7.734214296652754e-05
LR,enron,pr,1.0,0.5243433160448385,7.738599085687046e-05
LR,enron,pr,1.0,0.5244310575635877,7.749987263605003e-05
LR,enron,pr,1.0,0.5245188284518828,7.75303927116432e-05
LR,enron,pr,1.0,0.5246066287244727,7.763874794826428e-05
LR,enron,pr,1.0,0.5247823174815807,7.774491610944557e-05
LR,enron,pr,1.0,0.5248702059956456,7.775537002254151e-05
LR,enron,pr,1.0,0.5249581239530988,7.782615972057236e-05
LR,enron,pr,1.0,0.5250460713687385,7.788124877299894e-05
LR,enron,pr,1.0,0.5251340482573726,7.793832600903654e-05
LR,enron,pr,1.0,0.5252220546338193,7.82181165678775e-05
LR,enron,pr,1.0,0.5253100905129064,7.822171047828368e-05
LR,enron,pr,1.0,0.5253981559094719,7.82860012856865e-05
LR,enron,pr,1.0,0.5254862508383635,7.832627608809738e-05
LR,enron,pr,1.0,0.5255743753144391,7.890764658436202e-05
LR,enron,pr,1.0,0.5256625293525663,7.895351037454787e-05
LR,enron,pr,1.0,0.5257507129676229,7.902559435270221e-05
LR,enron,pr,1.0,0.5258389261744967,7.904615120789004e-05
LR,enron,pr,1.0,0.5259271689880852,7.911192356455157e-05
LR,enron,pr,1.0,0.5260154414232964,7.919527524621151e-05
LR,enron,pr,1.0,0.5261037434950478,7.938354392298952e-05
LR,enron,pr,1.0,0.5261920752182673,7.968627530865727e-05
LR,enron,pr,1.0,0.5262804366078925,7.972573897279679e-05
LR,enron,pr,1.0,0.5263688276788714,7.981576794904186e-05
LR,enron,pr,1.0,0.5264572484461616,7.996649942108477e-05
LR,enron,pr,1.0,0.5265456989247311,8.081187438275135e-05
LR,enron,pr,1.0,0.526634179129558,8.085413338118704e-05
LR,enron,pr,1.0,0.5267226890756302,8.105904944312082e-05
LR,enron,pr,1.0,0.5268112287779458,8.106613371955653e-05
LR,enron,pr,1.0,0.5268997982515131,8.122628594463e-05
LR,enron,pr,1.0,0.5269883975113503,8.157640635126334e-05
LR,enron,pr,1.0,0.5270770265724857,8.163788171796202e-05
LR,enron,pr,1.0,0.5271656854499579,8.210942933791872e-05
LR,enron,pr,1.0,0.5272543741588156,8.228465346210532e-05
LR,enron,pr,1.0,0.5273430927141175,8.262641607917779e-05
LR,enron,pr,1.0,0.5274318411309323,8.31756480880251e-05
LR,enron,pr,1.0,0.5275206194243394,8.330228122130828e-05
LR,enron,pr,1.0,0.5276094276094276,8.332261467998925e-05
LR,enron,pr,1.0,0.5276982657012965,8.333715142558476e-05
LR,enron,pr,1.0,0.5277871337150556,8.356364343967512e-05
LR,enron,pr,1.0,0.5278760316658245,8.369886376515032e-05
LR,enron,pr,1.0,0.5279649595687331,8.378755350105065e-05
LR,enron,pr,1.0,0.5280539174389216,8.420352352128362e-05
LR,enron,pr,1.0,0.5281429052915403,8.435757833556438e-05
LR,enron,pr,1.0,0.5282319231417495,8.448248211005608e-05
LR,enron,pr,1.0,0.5283209710047202,8.449563233703372e-05
LR,enron,pr,1.0,0.5284100488956331,8.474556114255259e-05
LR,enron,pr,1.0,0.5284991568296796,8.475598156471347e-05
LR,enron,pr,1.0,0.528588294822061,8.478168312146575e-05
LR,enron,pr,1.0,0.5286774628879892,8.496279814201962e-05
LR,enron,pr,1.0,0.528766661042686,8.501242614540063e-05
LR,enron,pr,1.0,0.5288558893013837,8.50943935466288e-05
LR,enron,pr,1.0,0.5289451476793249,8.541866287421136e-05
LR,enron,pr,1.0,0.5290344361917623,8.634331584736436e-05
LR,enron,pr,1.0,0.5291237548539591,8.664723645986726e-05
LR,enron,pr,1.0,0.5292131036811888,8.685520308878561e-05
LR,enron,pr,1.0,0.529302482688735,8.688023198407517e-05
LR,enron,pr,1.0,0.5293918918918918,8.693198826552756e-05
LR,enron,pr,1.0,0.5294813313059639,8.70309358558995e-05
LR,enron,pr,1.0,0.5295708009462656,8.790266272256446e-05
LR,enron,pr,1.0,0.5296603008281223,8.85702003538662e-05
LR,enron,pr,1.0,0.5297498309668696,8.933808225017327e-05
LR,enron,pr,1.0,0.529839391377853,8.933893143724381e-05
LR,enron,pr,1.0,0.5300186030779638,8.947616343542392e-05
LR,enron,pr,1.0,0.5301082543978349,8.951905455267514e-05
LR,enron,pr,1.0,0.5301979360514295,8.979718000391743e-05
LR,enron,pr,1.0,0.5302876480541455,8.990166311494635e-05
LR,enron,pr,1.0,0.5303773904213911,9.001979700696374e-05
LR,enron,pr,1.0,0.530467163168585,9.01241412344425e-05
LR,enron,pr,1.0,0.5305569663111562,9.01854488643808e-05
LR,enron,pr,1.0,0.5306467998645445,9.032794640690856e-05
LR,enron,pr,1.0,0.5307366638441998,9.037413712216395e-05
LR,enron,pr,1.0,0.5308265582655827,9.042720378694101e-05
LR,enron,pr,1.0,0.530916483144164,9.055926511824646e-05
LR,enron,pr,1.0,0.5310064384954253,9.076859161399562e-05
LR,enron,pr,1.0,0.5310964243348585,9.146686769272816e-05
LR,enron,pr,1.0,0.531186440677966,9.152873313145693e-05
LR,enron,pr,1.0,0.531276487540261,9.153879091838824e-05
LR,enron,pr,1.0,0.5313665649372669,9.178795152512094e-05
LR,enron,pr,1.0,0.5314566728845176,9.190665921619805e-05
LR,enron,pr,1.0,0.5315468113975577,9.199971448341198e-05
LR,enron,pr,1.0,0.5316369804919423,9.224774254395048e-05
LR,enron,pr,1.0,0.5317271801832372,9.245960165618005e-05
LR,enron,pr,1.0,0.5318174104870185,9.265616535696877e-05
LR,enron,pr,1.0,0.5319076714188731,9.270303018571838e-05
LR,enron,pr,1.0,0.5319979629943983,9.270886011877618e-05
LR,enron,pr,1.0,0.532088285229202,9.343927477499247e-05
LR,enron,pr,1.0,0.5321786381389031,9.356298834581658e-05
LR,enron,pr,1.0,0.5322690217391305,9.367324200251777e-05
LR,enron,pr,1.0,0.532359436045524,9.381539085277982e-05
LR,enron,pr,1.0,0.5324498810737343,9.38804565534297e-05
LR,enron,pr,1.0,0.5325403568394222,9.388680253737289e-05
LR,enron,pr,1.0,0.5326308633582597,9.401906392236628e-05
LR,enron,pr,1.0,0.532721400645929,9.446073743677603e-05
LR,enron,pr,1.0,0.5328119687181231,9.548142404788631e-05
LR,enron,pr,1.0,0.5329025675905458,9.574449314382907e-05
LR,enron,pr,1.0,0.5329931972789116,9.586336626729153e-05
LR,enron,pr,1.0,0.5330838577989454,9.590122451608053e-05
LR,enron,pr,1.0,0.5331745491663831,9.596732789771866e-05
LR,enron,pr,1.0,0.5332652713969712,9.601557476424508e-05
LR,enron,pr,1.0,0.5334468085106383,9.61120673901071e-05
LR,enron,pr,1.0,0.5335376234252639,9.64988781520291e-05
LR,enron,pr,1.0,0.5336284692661332,9.650543472623983e-05
LR,enron,pr,1.0,0.5337193460490464,9.655492508961362e-05
LR,enron,pr,1.0,0.5338102537898144,9.661593468224291e-05
LR,enron,pr,1.0,0.5339011925042589,9.684683811525453e-05
LR,enron,pr,1.0,0.5339921622082127,9.699646320734195e-05
LR,enron,pr,1.0,0.5341741946480314,9.718207613394221e-05
LR,enron,pr,1.0,0.5342652574156154,9.726052940535084e-05
LR,enron,pr,1.0,0.5343563512361467,9.754952264137584e-05
LR,enron,pr,1.0,0.5344474761255116,9.759600243980982e-05
LR,enron,pr,1.0,0.5345386320996077,9.836728252964869e-05
LR,enron,pr,1.0,0.5346298191743433,9.901522268269906e-05
LR,enron,pr,1.0,0.5347210373656373,9.923340668742101e-05
LR,enron,pr,1.0,0.5348122866894198,9.965559974011955e-05
LR,enron,pr,1.0,0.5349035671616317,9.987611617732823e-05
LR,enron,pr,1.0,0.5349948787982246,0.00010082397124936775
LR,enron,pr,1.0,0.5350862216151614,0.00010146032618054879
LR,enron,pr,1.0,0.5351775956284153,0.0001018922773577804
LR,enron,pr,1.0,0.535269000853971,0.00010192082491222704
LR,enron,pr,1.0,0.5357264957264958,0.00010212725037539908
LR,enron,pr,1.0,0.5358180885621474,0.00010237985810483134
LR,enron,pr,1.0,0.5359097127222983,0.00010315305304584976
LR,enron,pr,1.0,0.5360013682230204,0.00010327532159618938
LR,enron,pr,1.0,0.5360930550803968,0.00010328317695564685
LR,enron,pr,1.0,0.5361847733105218,0.00010332667036393332
LR,enron,pr,1.0,0.5362765229295003,0.0001039340657398993
LR,enron,pr,1.0,0.5363683039534486,0.0001039965762099986
LR,enron,pr,1.0,0.5364601163984937,0.00010409759835092141
LR,enron,pr,1.0,0.5365519602807738,0.00010425754977485745
LR,enron,pr,1.0,0.5366438356164384,0.0001042663184434789
LR,enron,pr,1.0,0.5367357424216476,0.00010511371044686268
LR,enron,pr,1.0,0.5368276807125728,0.00010619292375283294
LR,enron,pr,1.0,0.5369196505053966,0.0001066238595712624
LR,enron,pr,1.0,0.5370116518163125,0.00010674742453798986
LR,enron,pr,1.0,0.5371036846615252,0.00010692812851180029
LR,enron,pr,1.0,0.5371957490572506,0.00010759127035683054
LR,enron,pr,1.0,0.5372878450197154,0.00010818914741977169
LR,enron,pr,1.0,0.5373799725651578,0.0001086115025849521
LR,enron,pr,1.0,0.5374721317098268,0.00010875471278324858
LR,enron,pr,1.0,0.5375643224699829,0.0001088273093674029
LR,enron,pr,1.0,0.5376565448618974,0.00010938375651487217
LR,enron,pr,1.0,0.5377487989018531,0.00010974857870048943
LR,enron,pr,1.0,0.5378410846061438,0.00011008363339328266
LR,enron,pr,1.0,0.5379334019910745,0.00011045025358411652
LR,enron,pr,1.0,0.5380257510729614,0.00011045795305453441
LR,enron,pr,1.0,0.5381181318681318,0.00011069825796807735
LR,enron,pr,1.0,0.5382105443929246,0.00011110358083027741
LR,enron,pr,1.0,0.5383029886636894,0.0001113068665163418
LR,enron,pr,1.0,0.5383954646967875,0.00011141343722111993
LR,enron,pr,1.0,0.538487972508591,0.00011156235546204455
LR,enron,pr,1.0,0.5385805121154837,0.00011171200377721837
LR,enron,pr,1.0,0.5386730835338605,0.00011202326600399007
LR,enron,pr,1.0,0.5387656867801273,0.00011217240464272884
LR,enron,pr,1.0,0.5388583218707015,0.00011252199071520118
LR,enron,pr,1.0,0.5389509888220121,0.00011265591237518866
LR,enron,pr,1.0,0.5390436876504988,0.00011283121159253648
LR,enron,pr,1.0,0.5391364183726131,0.00011305566425882982
LR,enron,pr,1.0,0.5392291810048176,0.00011306046958951923
LR,enron,pr,1.0,0.5393219755635863,0.0001130769601684891
LR,enron,pr,1.0,0.5394148020654045,0.00011312199956373376
LR,enron,pr,1.0,0.5395076605267688,0.00011330620299002506
LR,enron,pr,1.0,0.5396005509641874,0.00011351504100771917
LR,enron,pr,1.0,0.5396934733941794,0.00011417130052464032
LR,enron,pr,1.0,0.5397864278332759,0.00011453340804220268
LR,enron,pr,1.0,0.539879414298019,0.00011463527493141264
LR,enron,pr,1.0,0.5399724328049621,0.00011517399229109054
LR,enron,pr,1.0,0.5400654833706704,0.00011604863797096802
LR,enron,pr,1.0,0.5401585660117201,0.00011617507837206305
LR,enron,pr,1.0,0.5402516807446992,0.00011622201704561245
LR,enron,pr,1.0,0.5403448275862069,0.00011647479707993132
LR,enron,pr,1.0,0.5404380065528539,0.00011695633973429257
LR,enron,pr,1.0,0.5405312176612626,0.00011712612327017197
LR,enron,pr,1.0,0.5406244609280663,0.00011777819153479079
LR,enron,pr,1.0,0.5408110440034513,0.00011783042932938162
LR,enron,pr,1.0,0.5409043838453572,0.00011801771820577463
LR,enron,pr,1.0,0.5409977559123079,0.00011826074051941834
LR,enron,pr,1.0,0.5410911602209945,0.00011833742968082029
LR,enron,pr,1.0,0.5411845967881195,0.00011847537126635253
LR,enron,pr,1.0,0.5412780656303973,0.00011865836672156773
LR,enron,pr,1.0,0.5414651002073255,0.00011866923738676263
LR,enron,pr,1.0,0.5415586659754622,0.00011905173216318777
LR,enron,pr,1.0,0.5416522640857242,0.00011906751050785215
LR,enron,pr,1.0,0.5417458945548833,0.00011927949015825591
LR,enron,pr,1.0,0.5418395573997233,0.0001196882178208455
LR,enron,pr,1.0,0.5419332526370396,0.00012004284030069911
LR,enron,pr,1.0,0.5420269802836388,0.00012011590330756514
LR,enron,pr,1.0,0.5421207403563397,0.00012012961521297692
LR,enron,pr,1.0,0.5422145328719723,0.00012035906610013234
LR,enron,pr,1.0,0.5423083578473784,0.00012041603855196027
LR,enron,pr,1.0,0.5424961052449369,0.0001206267444681979
LR,enron,pr,1.0,0.542590027700831,0.00012066009375098006
LR,enron,pr,1.0,0.5426839826839827,0.00012078708167661998
LR,enron,pr,1.0,0.542777970211292,0.00012079387806095577
LR,enron,pr,1.0,0.5428719902996709,0.00012125661194082683
LR,enron,pr,1.0,0.542966042966043,0.00012238317968723663
LR,enron,pr,1.0,0.5430601282273436,0.00012394736072188502
LR,enron,pr,1.0,0.5431542461005199,0.00012435580035728423
LR,enron,pr,1.0,0.5432483966025308,0.00012442822933031146
LR,enron,pr,1.0,0.5433425797503467,0.0001245121989728379
LR,enron,pr,1.0,0.5434367955609503,0.0001249910255435248
LR,enron,pr,1.0,0.5435310440513355,0.00012518037855335128
LR,enron,pr,1.0,0.5436253252385083,0.00012520540350703652
LR,enron,pr,1.0,0.5437196391394865,0.0001253531901561674
LR,enron,pr,1.0,0.5438139857712997,0.00012599453266147413
LR,enron,pr,1.0,0.5439083651509893,0.00012634147594825756
LR,enron,pr,1.0,0.5440027772956084,0.00012677214958319895
LR,enron,pr,1.0,0.5440972222222222,0.0001268329177387473
LR,enron,pr,1.0,0.5441916999479076,0.00012734964654198842
LR,enron,pr,1.0,0.5442862104897533,0.0001275207856538183
LR,enron,pr,1.0,0.5443807538648602,0.00012800088759341272
LR,enron,pr,1.0,0.5444753300903405,0.00012802846043155568
LR,enron,pr,1.0,0.5445699391833189,0.00012809951226028425
LR,enron,pr,1.0,0.5446645811609315,0.00012824245534313143
LR,enron,pr,1.0,0.5447592560403268,0.0001283002343780061
LR,enron,pr,1.0,0.5448539638386648,0.00012877358082213623
LR,enron,pr,1.0,0.5449487045731177,0.00012907487715280614
LR,enron,pr,1.0,0.5450434782608695,0.00012917506552864917
LR,enron,pr,1.0,0.5451382849191164,0.00013045880062158925
LR,enron,pr,1.0,0.5452331245650661,0.00013174355352931738
LR,enron,pr,1.0,0.5453279972159387,0.00013202947799507723
LR,enron,pr,1.0,0.5454229028889662,0.00013209805409781998
LR,enron,pr,1.0,0.5455178416013925,0.0001334528060775432
LR,enron,pr,1.0,0.5456128133704735,0.0001336972914293576
LR,enron,pr,1.0,0.5457078182134772,0.00013429103192074218
LR,enron,pr,1.0,0.5458028561476838,0.00013569550834079713
LR,enron,pr,1.0,0.545897927190385,0.00013623953840013466
LR,enron,pr,1.0,0.545993031358885,0.00013641589079389863
LR,enron,pr,1.0,0.5460881686705001,0.00013654949170074834
LR,enron,pr,1.0,0.5461833391425583,0.00013725074134788868
LR,enron,pr,1.0,0.5462785427924002,0.0001374611922345557
LR,enron,pr,1.0,0.546373779637378,0.0001381711552789403
LR,enron,pr,1.0,0.5464690496948561,0.00013818875763162044
LR,enron,pr,1.0,0.5465643529822114,0.00013836932728611388
LR,enron,pr,1.0,0.5466596895168324,0.0001384355210076894
LR,enron,pr,1.0,0.54675505931612,0.00013852873921462044
LR,enron,pr,1.0,0.5468504623974874,0.00013892543166556167
LR,enron,pr,1.0,0.5469458987783595,0.00013963603344192447
LR,enron,pr,1.0,0.5470413684761739,0.00014010302893432044
LR,enron,pr,1.0,0.5471368715083799,0.00014036349753091576
LR,enron,pr,1.0,0.5472324078924393,0.00014117443934021193
LR,enron,pr,1.0,0.5473279776458261,0.0001414478427678565
LR,enron,pr,1.0,0.5474235807860262,0.0001416855757771371
LR,enron,pr,1.0,0.5475192173305381,0.0001417014970777481
LR,enron,pr,1.0,0.5476148872968722,0.00014194818359725863
LR,enron,pr,1.0,0.5477105907025516,0.00014221685134684184
LR,enron,pr,1.0,0.5478063275651109,0.0001428175189060845
LR,enron,pr,1.0,0.5479020979020979,0.00014315386315084624
LR,enron,pr,1.0,0.5479979017310719,0.00014335518957692356
LR,enron,pr,1.0,0.5480937390696048,0.0001433775274330457
LR,enron,pr,1.0,0.5481896099352808,0.0001437923567086399
LR,enron,pr,1.0,0.5482855143456963,0.00014381448196060603
LR,enron,pr,1.0,0.5483814523184601,0.00014390600996934996
LR,enron,pr,1.0,0.5484774238711936,0.00014391802207277673
LR,enron,pr,1.0,0.5485734290215298,0.0001442213795514665
LR,enron,pr,1.0,0.5486694677871149,0.0001443273470160788
LR,enron,pr,1.0,0.5487655401856067,0.00014488608809165216
LR,enron,pr,1.0,0.548861646234676,0.000145222152351813
LR,enron,pr,1.0,0.5489577859520056,0.00014541024245694973
LR,enron,pr,1.0,0.5490539593552908,0.00014558113582604015
LR,enron,pr,1.0,0.5491501664622394,0.00014567481375135248
LR,enron,pr,1.0,0.5492464072905713,0.00014614555642657442
LR,enron,pr,1.0,0.5493426818580193,0.00014674117790546598
LR,enron,pr,1.0,0.5494389901823282,0.0001467470767502876
LR,enron,pr,1.0,0.5495353322812555,0.00014804988162703307
LR,enron,pr,1.0,0.549631708172571,0.0001481167772697483
LR,enron,pr,1.0,0.5497281178740572,0.00014868216123061176
LR,enron,pr,1.0,0.5498245614035088,0.00014882268866874796
LR,enron,pr,1.0,0.5499210387787331,0.00014887027314873592
LR,enron,pr,1.0,0.55001755001755,0.00014936555963166213
LR,enron,pr,1.0,0.5501140951377919,0.00015034217535991813
LR,enron,pr,1.0,0.5502106741573034,0.00015050140566329157
LR,enron,pr,1.0,0.550307287093942,0.00015061787695763032
LR,enron,pr,1.0,0.5504039339655779,0.00015120430789696785
LR,enron,pr,1.0,0.550500614790093,0.00015127570035344614
LR,enron,pr,1.0,0.550597329585383,0.00015132092258395764
LR,enron,pr,1.0,0.5506940783693551,0.00015150556424966828
LR,enron,pr,1.0,0.5507908611599297,0.0001516288606376068
LR,enron,pr,1.0,0.5508876779750396,0.00015176080989097275
LR,enron,pr,1.0,0.55098452883263,0.0001520118547899996
LR,enron,pr,1.0,0.5510814137506594,0.00015219688068089917
LR,enron,pr,1.0,0.5511783327470982,0.00015317332014919008
LR,enron,pr,1.0,0.5512752858399297,0.00015344327074690462
LR,enron,pr,1.0,0.5513722730471499,0.00015419744649474584
LR,enron,pr,1.0,0.5514692943867675,0.0001546063498650437
LR,enron,pr,1.0,0.551566349876804,0.00015506749357410696
LR,enron,pr,1.0,0.5516634395352931,0.00015511972937511727
LR,enron,pr,1.0,0.5517605633802817,0.00015524593686083366
LR,enron,pr,1.0,0.5518577214298291,0.00015536795442233254
LR,enron,pr,1.0,0.5519549137020078,0.00015540761912210985
LR,enron,pr,1.0,0.5520521402149022,0.00015578634757008964
LR,enron,pr,1.0,0.5521494009866103,0.00015620211254921466
LR,enron,pr,1.0,0.5522466960352423,0.0001562160509408575
LR,enron,pr,1.0,0.5523440253789214,0.00015647426554351318
LR,enron,pr,1.0,0.5524413890357835,0.000157248046862457
LR,enron,pr,1.0,0.5525387870239774,0.000157371766772257
LR,enron,pr,1.0,0.5526362193616646,0.00015832024612390697
LR,enron,pr,1.0,0.5527336860670194,0.00015900748203625606
LR,enron,pr,1.0,0.552831187158229,0.00015921973778377298
LR,enron,pr,1.0,0.5529287226534932,0.0001594974196944804
LR,enron,pr,1.0,0.5530262925710252,0.00015994469760986985
LR,enron,pr,1.0,0.5531238969290505,0.00016163822748188858
LR,enron,pr,1.0,0.5532215357458076,0.00016307327474580102
LR,enron,pr,1.0,0.553319209039548,0.000163484875662995
LR,enron,pr,1.0,0.5534169168285361,0.00016384110293935508
LR,enron,pr,1.0,0.5535146591310491,0.00016387675067411616
LR,enron,pr,1.0,0.5536124359653771,0.00016414747369586605
LR,enron,pr,1.0,0.5537102473498233,0.00016440307002032933
LR,enron,pr,1.0,0.5538080933027036,0.00016512937455439772
LR,enron,pr,1.0,0.5539059738423471,0.00016532876357093493
LR,enron,pr,1.0,0.5540038889870956,0.00016602846766642764
LR,enron,pr,1.0,0.554101838755304,0.00016619102977695366
LR,enron,pr,1.0,0.5541998231653404,0.00016714898077220858
LR,enron,pr,1.0,0.5542978422355854,0.00016758527666839502
LR,enron,pr,1.0,0.5543958959844331,0.00016814455799070145
LR,enron,pr,1.0,0.5544939844302902,0.00016926962269833394
LR,enron,pr,1.0,0.5545921075915767,0.000169547612522034
LR,enron,pr,1.0,0.5547884581341831,0.00016992094972704335
LR,enron,pr,1.0,0.5548866855524079,0.0001700039538909532
LR,enron,pr,1.0,0.5549849477598725,0.00017061305783475013
LR,enron,pr,1.0,0.555083244775062,0.00017105184373916707
LR,enron,pr,1.0,0.5551815766164747,0.0001715993383757074
LR,enron,pr,1.0,0.5552799433026222,0.0001722384844784358
LR,enron,pr,1.0,0.5553783448520291,0.00017226280417336566
LR,enron,pr,1.0,0.5554767812832329,0.00017236920874657465
LR,enron,pr,1.0,0.5555752526147846,0.0001725121576445501
LR,enron,pr,1.0,0.5556737588652483,0.00017251812757760585
LR,enron,pr,1.0,0.5557723000532009,0.00017296975164139545
LR,enron,pr,1.0,0.5558708761972331,0.000173392970274787
LR,enron,pr,1.0,0.5559694873159482,0.00017344971638159443
LR,enron,pr,1.0,0.5560681334279631,0.00017365065050104923
LR,enron,pr,1.0,0.5561668145519078,0.00017373296669959468
LR,enron,pr,1.0,0.5562655307064253,0.00017449172073230585
LR,enron,pr,1.0,0.5563642819101722,0.00017465523049112127
LR,enron,pr,1.0,0.5564630681818182,0.00017571389254005253
LR,enron,pr,1.0,0.5565618895400462,0.00017579161580358506
LR,enron,pr,1.0,0.5566607460035524,0.0001766786198656678
LR,enron,pr,1.0,0.5567596375910464,0.00017676413084389666
LR,enron,pr,1.0,0.5568585643212509,0.00017692203968399964
LR,enron,pr,1.0,0.5569575262129021,0.0001786019525710052
LR,enron,pr,1.0,0.5570565232847494,0.00017915044153912201
LR,enron,pr,1.0,0.5571555555555555,0.00017962320325568045
LR,enron,pr,1.0,0.5572546230440967,0.00017962369364320715
LR,enron,pr,1.0,0.5573537257691624,0.00018065369392484501
LR,enron,pr,1.0,0.5574528637495553,0.00018087104395302314
LR,enron,pr,1.0,0.5575520370040918,0.00018113245180424067
LR,enron,pr,1.0,0.5576512455516014,0.0001814875953501213
LR,enron,pr,1.0,0.5577504894109272,0.00018219983966318937
LR,enron,pr,1.0,0.5578497686009256,0.00018224561731625255
LR,enron,pr,1.0,0.5579490831404664,0.00018292489810594925
LR,enron,pr,1.0,0.5580484330484331,0.0001832130827828238
LR,enron,pr,1.0,0.5581478183437222,0.00018381792817766154
LR,enron,pr,1.0,0.558247239045244,0.0001848853014706244
LR,enron,pr,1.0,0.5583466951719224,0.00018501790931480926
LR,enron,pr,1.0,0.5584461867426942,0.0001856351632756628
LR,enron,pr,1.0,0.5585457137765104,0.00018603439543675462
LR,enron,pr,1.0,0.5586452762923351,0.00018612947776145265
LR,enron,pr,1.0,0.558744874309146,0.00018846227429049556
LR,enron,pr,1.0,0.5588445078459344,0.0001895751365536769
LR,enron,pr,1.0,0.5589441769217051,0.0001899482386810361
LR,enron,pr,1.0,0.5590438815554762,0.0001903282591646113
LR,enron,pr,1.0,0.5591436217662801,0.00019121451851400627
LR,enron,pr,1.0,0.559243397573162,0.00019148166294049988
LR,enron,pr,1.0,0.5593432089951812,0.00019191777476046244
LR,enron,pr,1.0,0.5594430560514102,0.00019253508716235684
LR,enron,pr,1.0,0.5595429387609355,0.00019274287658434724
LR,enron,pr,1.0,0.5596428571428571,0.0001932964219075195
LR,enron,pr,1.0,0.5597428112162887,0.00019363224459224452
LR,enron,pr,1.0,0.5598428010003572,0.00019373753425524687
LR,enron,pr,1.0,0.559942826514204,0.00019377591986185558
LR,enron,pr,1.0,0.5600428877769835,0.0001943756135470006
LR,enron,pr,1.0,0.5601429848078642,0.00019443127434184436
LR,enron,pr,1.0,0.5602431176260279,0.00019458133340308342
LR,enron,pr,1.0,0.5603432862506705,0.00019567758826717724
LR,enron,pr,1.0,0.5604434907010014,0.0001979663921388337
LR,enron,pr,1.0,0.560543730996244,0.00019889174260154623
LR,enron,pr,1.0,0.5606440071556351,0.00020027291272167388
LR,enron,pr,1.0,0.5607443191984255,0.0002003011695283459
LR,enron,pr,1.0,0.5608446671438797,0.00020069225562973492
LR,enron,pr,1.0,0.5609450510112762,0.00020079804980815193
LR,enron,pr,1.0,0.5610454708199069,0.00020175114417722668
LR,enron,pr,1.0,0.5611459265890779,0.00020259066302743498
LR,enron,pr,1.0,0.5612464183381088,0.0002033858862428445
LR,enron,pr,1.0,0.5613469460863335,0.00020387247071046238
LR,enron,pr,1.0,0.5614475098530992,0.00020409942408367617
LR,enron,pr,1.0,0.5615481096577675,0.00020530350262898623
LR,enron,pr,1.0,0.5616487455197132,0.0002055351975968003
LR,enron,pr,1.0,0.5617494174583259,0.00020563666119255989
LR,enron,pr,1.0,0.5618501254930083,0.00020645464266961274
LR,enron,pr,1.0,0.5619508696431773,0.00020662722045927735
LR,enron,pr,1.0,0.562051649928264,0.00020695332660611272
LR,enron,pr,1.0,0.562152466367713,0.00020789487144469575
LR,enron,pr,1.0,0.5622533189809832,0.00020996319063979618
LR,enron,pr,1.0,0.5623542077875471,0.00021134200109817816
LR,enron,pr,1.0,0.5624551328068916,0.00021177697496658357
LR,enron,pr,1.0,0.5625560940585174,0.00021289922156405064
LR,enron,pr,1.0,0.562657091561939,0.00021346800014520275
LR,enron,pr,1.0,0.5627581253366852,0.00021358722501493342
LR,enron,pr,1.0,0.5628591954022989,0.00021541899217405945
LR,enron,pr,1.0,0.5629603017783367,0.00021715277288628424
LR,enron,pr,1.0,0.5630614444843693,0.000217359487965037
LR,enron,pr,1.0,0.563162623539982,0.00021743176529221138
LR,enron,pr,1.0,0.5632638389647735,0.00021803646581377707
LR,enron,pr,1.0,0.563365090778357,0.00021823258753630564
LR,enron,pr,1.0,0.5634663790003596,0.00021834527413832695
LR,enron,pr,1.0,0.5635677036504226,0.00022016871992392215
LR,enron,pr,1.0,0.5636690647482014,0.000220749264292355
LR,enron,pr,1.0,0.5638718963655991,0.00022187796005858828
LR,enron,pr,1.0,0.5639733669245997,0.00022235227683518072
LR,enron,pr,1.0,0.5640748740100792,0.0002272900496856896
LR,enron,pr,1.0,0.5641764176417642,0.00023871138710442554
LR,enron,pr,1.0,0.564277997839395,0.00023924217865599353
LR,enron,pr,1.0,0.5643796146227265,0.0002396547997693791
LR,enron,pr,1.0,0.5644812680115274,0.0002398461802024007
LR,enron,pr,1.0,0.564582958025581,0.00024061141888916156
LR,enron,pr,1.0,0.5646846846846847,0.00024162571718109688
LR,enron,pr,1.0,0.5647864480086502,0.00024238720382439413
LR,enron,pr,1.0,0.5648882480173035,0.00024284256453175728
LR,enron,pr,1.0,0.564990084730485,0.0002433494210951924
LR,enron,pr,1.0,0.565091958168049,0.00024340834033487736
LR,enron,pr,1.0,0.5651938683498647,0.0002439154667438113
LR,enron,pr,1.0,0.5652958152958153,0.00024594542420759843
LR,enron,pr,1.0,0.5653977990257983,0.0002468783741151734
LR,enron,pr,1.0,0.5654998195597257,0.00024822845096214737
LR,enron,pr,1.0,0.565601876917524,0.0002498015446976606
LR,enron,pr,1.0,0.5657039711191336,0.00025001923811120716
LR,enron,pr,1.0,0.5658061021845099,0.00025217958627470175
LR,enron,pr,1.0,0.5659082701336222,0.0002540260780353671
LR,enron,pr,1.0,0.5660104749864547,0.00025623792025053076
LR,enron,pr,1.0,0.5661127167630058,0.00025890031538894343
LR,enron,pr,1.0,0.5662149954832881,0.00026042295415505006
LR,enron,pr,1.0,0.5663173111673292,0.0002619941258984146
LR,enron,pr,1.0,0.5664196638351708,0.0002626450702831184
LR,enron,pr,1.0,0.5665220535068691,0.0002644792669531885
LR,enron,pr,1.0,0.566624480202495,0.0002648191839439466
LR,enron,pr,1.0,0.5667269439421339,0.0002657983920362321
LR,enron,pr,1.0,0.5668294447458854,0.0002664148953063892
LR,enron,pr,1.0,0.566931982633864,0.0002678714180687249
LR,enron,pr,1.0,0.5670345576261987,0.00026855092365975154
LR,enron,pr,1.0,0.567137169743033,0.00026893322518496996
LR,enron,pr,1.0,0.5672398190045249,0.00026966324707111407
LR,enron,pr,1.0,0.5673425054308472,0.00026990522865156537
LR,enron,pr,1.0,0.5674452290421872,0.0002713360953526977
LR,enron,pr,1.0,0.5675479898587469,0.0002719816808345925
LR,enron,pr,1.0,0.5676507879007426,0.00027341784876996845
LR,enron,pr,1.0,0.5677536231884058,0.0002736234961135003
LR,enron,pr,1.0,0.5678564957419823,0.000273660903008072
LR,enron,pr,1.0,0.5679594055817325,0.0002752443850928524
LR,enron,pr,1.0,0.5680623527279318,0.00027986664921103734
LR,enron,pr,1.0,0.5681653372008701,0.0002811115323423905
LR,enron,pr,1.0,0.5682683590208523,0.000283207246844123
LR,enron,pr,1.0,0.5683714182081974,0.0002840763402725285
LR,enron,pr,1.0,0.5684745147832396,0.00028809355029681274
LR,enron,pr,1.0,0.568577648766328,0.00028912748134702054
LR,enron,pr,1.0,0.5686808201778262,0.00028918211345099764
LR,enron,pr,1.0,0.5687840290381125,0.0002926372463319191
LR,enron,pr,1.0,0.5688872753675803,0.00029603746063319936
LR,enron,pr,1.0,0.5689905591866377,0.0002968232482648487
LR,enron,pr,1.0,0.5690938805157073,0.00029702210079670554
LR,enron,pr,1.0,0.569197239375227,0.0003011407831064065
LR,enron,pr,1.0,0.5693006357856494,0.00030313836719452766
LR,enron,pr,1.0,0.5694040697674418,0.00030408925597297026
LR,enron,pr,1.0,0.5695075413410867,0.00030558021394498186
LR,enron,pr,1.0,0.569611050527081,0.00030649801120866664
LR,enron,pr,1.0,0.5697145973459371,0.0003066609575996795
LR,enron,pr,1.0,0.5698181818181818,0.00030859398856595145
LR,enron,pr,1.0,0.5699218039643572,0.0003103892510779844
LR,enron,pr,1.0,0.5700254638050201,0.0003106767075678123
LR,enron,pr,1.0,0.5701291613607422,0.00031072736752945723
LR,enron,pr,1.0,0.5702328966521106,0.0003108616827220732
LR,enron,pr,1.0,0.5703366696997271,0.000313320412004402
LR,enron,pr,1.0,0.5704404805242083,0.0003142676463922294
LR,enron,pr,1.0,0.570544329146186,0.000318412334690511
LR,enron,pr,1.0,0.5706482155863074,0.0003214370317700156
LR,enron,pr,1.0,0.570752139865234,0.00032186398297277726
LR,enron,pr,1.0,0.570856102003643,0.0003218966668734615
LR,enron,pr,1.0,0.5709601020222262,0.0003223601592639374
LR,enron,pr,1.0,0.5710641399416909,0.00032275987392648336
LR,enron,pr,1.0,0.5711682157827592,0.0003244626123956298
LR,enron,pr,1.0,0.5712723295661685,0.00032883307825337795
LR,enron,pr,1.0,0.5713764813126709,0.00032937464561657974
LR,enron,pr,1.0,0.5714806710430342,0.0003334235417862881
LR,enron,pr,1.0,0.5715848987780412,0.00033573196845959754
LR,enron,pr,1.0,0.5716891645384896,0.0003361395750375418
LR,enron,pr,1.0,0.5717934683451925,0.0003381402012074967
LR,enron,pr,1.0,0.5718978102189781,0.00033831632373314014
LR,enron,pr,1.0,0.5720021901806899,0.00033975647489217775
LR,enron,pr,1.0,0.5721066082511865,0.00034011656138331853
LR,enron,pr,1.0,0.572211064451342,0.00034277659748003294
LR,enron,pr,1.0,0.5723155588020453,0.0003437777809134463
LR,enron,pr,1.0,0.5724200913242009,0.0003448430655135414
LR,enron,pr,1.0,0.5725246620387285,0.00034868877403476797
LR,enron,pr,1.0,0.5726292709665631,0.0003493418017956634
LR,enron,pr,1.0,0.5727339181286549,0.0003562298604712767
LR,enron,pr,1.0,0.5728386035459696,0.00035987108759784716
LR,enron,pr,1.0,0.5729433272394882,0.00036149577091499556
LR,enron,pr,1.0,0.5730480892302067,0.00036410503840693067
LR,enron,pr,1.0,0.5731528895391368,0.00036437568974513856
LR,enron,pr,1.0,0.5732577281873057,0.0003650732030753599
LR,enron,pr,1.0,0.5733626051957555,0.0003653490204033428
LR,enron,pr,1.0,0.5734675205855444,0.0003653844274931705
LR,enron,pr,1.0,0.5735724743777453,0.00036665373545517337
LR,enron,pr,1.0,0.5736774665934469,0.00036728648038557527
LR,enron,pr,1.0,0.5737824972537532,0.0003682231956160387
LR,enron,pr,1.0,0.5738875663797839,0.00037221698048927574
LR,enron,pr,1.0,0.573992673992674,0.0003731569823329227
LR,enron,pr,1.0,0.5740978201135739,0.0003779736123981305
LR,enron,pr,1.0,0.5742030047636497,0.0003798986445861009
LR,enron,pr,1.0,0.5743082279640829,0.0003859623409883189
LR,enron,pr,1.0,0.5744134897360704,0.00038621467809747787
LR,enron,pr,1.0,0.574518790100825,0.0003872914274379931
LR,enron,pr,1.0,0.5746241290795746,0.0003924662002947003
LR,enron,pr,1.0,0.5747295066935632,0.00039458285719261017
LR,enron,pr,1.0,0.5748349229640499,0.00039525195616509296
LR,enron,pr,1.0,0.5749403779123097,0.0003970349717532335
LR,enron,pr,1.0,0.575045871559633,0.00039901217827062333
LR,enron,pr,1.0,0.5751514039273261,0.00039906819769453694
LR,enron,pr,1.0,0.5752569750367107,0.0004027480703631447
LR,enron,pr,1.0,0.5753625849091243,0.0004039327145934563
LR,enron,pr,1.0,0.5754682335659199,0.00040838541225030907
LR,enron,pr,1.0,0.5755739210284665,0.000410996292852899
LR,enron,pr,1.0,0.5756796473181485,0.00041542338341855824
LR,enron,pr,1.0,0.5757854124563659,0.0004206714371453627
LR,enron,pr,1.0,0.5758912164645351,0.00042910423924321663
LR,enron,pr,1.0,0.5759970593640875,0.00042912400867003926
LR,enron,pr,1.0,0.5761029411764705,0.0004309387556909432
LR,enron,pr,1.0,0.5762088619231477,0.0004314914979061766
LR,enron,pr,1.0,0.5763148216255977,0.00043157757528889757
LR,enron,pr,1.0,0.5764208203053154,0.0004335594007999326
LR,enron,pr,1.0,0.5765268579838116,0.00043415531709212614
LR,enron,pr,1.0,0.5766329346826127,0.0004343972471854889
LR,enron,pr,1.0,0.5767390504232609,0.0004361901649631742
LR,enron,pr,1.0,0.5768452052273145,0.00043820054996788625
LR,enron,pr,1.0,0.5769513991163475,0.0004483778330521569
LR,enron,pr,1.0,0.5770576321119499,0.0004489569554060271
LR,enron,pr,1.0,0.5771639042357274,0.00044949836402392315
LR,enron,pr,1.0,0.5772702155093019,0.00045509982063068243
LR,enron,pr,1.0,0.577376565954311,0.00046116311628356443
LR,enron,pr,1.0,0.5774829555924084,0.0004640786188035988
LR,enron,pr,1.0,0.5775893844452635,0.0004693048710420903
LR,enron,pr,1.0,0.5776958525345622,0.0004806928916619978
LR,enron,pr,1.0,0.5778023598820059,0.000480856131348026
LR,enron,pr,1.0,0.5779089065093121,0.000481450937834471
LR,enron,pr,1.0,0.5780154924382147,0.0004824989672895384
LR,enron,pr,1.0,0.5781221176904631,0.0004860868361585401
LR,enron,pr,1.0,0.5782287822878229,0.00048824959693883593
LR,enron,pr,1.0,0.578335486252076,0.0004906909229002715
LR,enron,pr,1.0,0.5784422296050203,0.000492631651383855
LR,enron,pr,1.0,0.5785490123684697,0.0004931005935962476
LR,enron,pr,1.0,0.5786558345642541,0.0004983119478360312
LR,enron,pr,1.0,0.5787626962142197,0.0005003215753776133
LR,enron,pr,1.0,0.578869597340229,0.0005014761168064851
LR,enron,pr,1.0,0.5789765379641604,0.0005030686814989871
LR,enron,pr,1.0,0.5790835181079084,0.0005046429788736121
LR,enron,pr,1.0,0.5791905377933838,0.0005062202770149918
LR,enron,pr,1.0,0.5792975970425138,0.0005106275627548095
LR,enron,pr,1.0,0.5794046958772416,0.0005133780128854415
LR,enron,pr,1.0,0.5795118343195266,0.0005233683721373759
LR,enron,pr,1.0,0.5796190123913445,0.0005268403902850679
LR,enron,pr,1.0,0.5797262301146874,0.000530471853977409
LR,enron,pr,1.0,0.5798334875115634,0.0005365745566356506
LR,enron,pr,1.0,0.579940784603997,0.0005479566839484251
LR,enron,pr,1.0,0.5800481214140293,0.0005518041773774334
LR,enron,pr,1.0,0.5801554979637171,0.000554128486550587
LR,enron,pr,1.0,0.5802629142751342,0.0005695822352650066
LR,enron,pr,1.0,0.5803703703703704,0.000570055138780316
LR,enron,pr,1.0,0.5804778662715318,0.0005731703299344959
LR,enron,pr,1.0,0.580585402000741,0.0005742957856930366
LR,enron,pr,1.0,0.5806929775801372,0.0005762995421215138
LR,enron,pr,1.0,0.5808005930318755,0.0005764361840216584
LR,enron,pr,1.0,0.5809082483781279,0.0005832624600717317
LR,enron,pr,1.0,0.5810159436410827,0.0005866662874684545
LR,enron,pr,1.0,0.5811236788429446,0.0005884244435589857
LR,enron,pr,1.0,0.5812314540059347,0.000590780811032102
LR,enron,pr,1.0,0.5813392691522908,0.0005926090440778285
LR,enron,pr,1.0,0.5814471243042671,0.0005958751321005609
LR,enron,pr,1.0,0.5815550194841344,0.000596121238804029
LR,enron,pr,1.0,0.5816629547141796,0.0005984208198572407
LR,enron,pr,1.0,0.5817709300167069,0.0005989455761715015
LR,enron,pr,1.0,0.5818789454140364,0.0005998832948734841
LR,enron,pr,1.0,0.5819870009285051,0.0005999598326977818
LR,enron,pr,1.0,0.5820950965824666,0.0006031243134113889
LR,enron,pr,1.0,0.582203232398291,0.0006086280347749534
LR,enron,pr,1.0,0.5823114083983649,0.0006137468723988002
LR,enron,pr,1.0,0.582419624605092,0.0006181490876358503
LR,enron,pr,1.0,0.5825278810408921,0.000622868672173255
LR,enron,pr,1.0,0.5826361777282023,0.0006245345202373803
LR,enron,pr,1.0,0.5827445146894756,0.0006248571524458844
LR,enron,pr,1.0,0.5828528919471825,0.0006264261632167912
LR,enron,pr,1.0,0.5829613095238095,0.0006271645607341473
LR,enron,pr,1.0,0.5830697674418605,0.0006371643425205313
LR,enron,pr,1.0,0.5831782657238556,0.0006404692049379576
LR,enron,pr,1.0,0.583286804392332,0.0006463555413287454
LR,enron,pr,1.0,0.5833953834698437,0.0006492145377141186
LR,enron,pr,1.0,0.5835040029789611,0.0006528980420834879
LR,enron,pr,1.0,0.5836126629422719,0.0006529202286253747
LR,enron,pr,1.0,0.5837213633823803,0.0006582770525948252
LR,enron,pr,1.0,0.5838301043219076,0.0006587341723025329
LR,enron,pr,1.0,0.5839388857834917,0.0006589271125501066
LR,enron,pr,1.0,0.5840477077897875,0.0006599865531549031
LR,enron,pr,1.0,0.5841565703634669,0.0006611381999337603
LR,enron,pr,1.0,0.5842654735272185,0.0006714785326140649
LR,enron,pr,1.0,0.584374417303748,0.0006723156492661086
LR,enron,pr,1.0,0.5844834017157777,0.0006729622199286223
LR,enron,pr,1.0,0.5845924267860474,0.0006806272517568338
LR,enron,pr,1.0,0.5847014925373134,0.0006835847574844987
LR,enron,pr,1.0,0.5848105989923493,0.0006840553779334564
LR,enron,pr,1.0,0.5849197461739455,0.0006892256651239208
LR,enron,pr,1.0,0.5850289341049094,0.0006965522210410255
LR,enron,pr,1.0,0.5851381628080657,0.0006994826423986197
LR,enron,pr,1.0,0.5852474323062559,0.000700300610011071
LR,enron,pr,1.0,0.5853567426223384,0.0007105259139689054
LR,enron,pr,1.0,0.5854660937791892,0.0007117281932024111
LR,enron,pr,1.0,0.5855754857997011,0.0007180480009947729
LR,enron,pr,1.0,0.5856849187067837,0.0007219415024628928
LR,enron,pr,1.0,0.5857943925233645,0.0007248691496160035
LR,enron,pr,1.0,0.5859039072723874,0.0007267638699828274
LR,enron,pr,1.0,0.5860134629768138,0.0007296045187945906
LR,enron,pr,1.0,0.5861230596596222,0.0007311555974859437
LR,enron,pr,1.0,0.5862326973438085,0.000733402123014874
LR,enron,pr,1.0,0.5863423760523854,0.0007395912618604921
LR,enron,pr,1.0,0.5864520958083832,0.0007468106598642572
LR,enron,pr,1.0,0.5865618566348494,0.0007469232726109783
LR,enron,pr,1.0,0.5866716585548484,0.000747272491779706
LR,enron,pr,1.0,0.5867815015914623,0.00074860430775914
LR,enron,pr,1.0,0.5868913857677902,0.0007505869346513061
LR,enron,pr,1.0,0.5870013111069489,0.0007603864965418357
LR,enron,pr,1.0,0.5871112776320719,0.0007613703247373853
LR,enron,pr,1.0,0.5872212853663107,0.0007661690405917491
LR,enron,pr,1.0,0.5873313343328336,0.0007782679658824241
LR,enron,pr,1.0,0.5874414245548266,0.0007863028769793311
LR,enron,pr,1.0,0.587551556055493,0.0007913124200540179
LR,enron,pr,1.0,0.5876617288580537,0.0007917545553941083
LR,enron,pr,1.0,0.5877719429857464,0.0007925784576919947
LR,enron,pr,1.0,0.5878821984618271,0.0007937739618833834
LR,enron,pr,1.0,0.5879924953095684,0.000799069405451733
LR,enron,pr,1.0,0.5881028335522612,0.000806675288490797
LR,enron,pr,1.0,0.5882132132132132,0.0008076881002739364
LR,enron,pr,1.0,0.58832363431575,0.0008232836442872306
LR,enron,pr,1.0,0.5884340968832145,0.0008238145838310846
LR,enron,pr,1.0,0.5885446009389671,0.0008300228751989901
LR,enron,pr,1.0,0.5886551465063862,0.000833667896285619
LR,enron,pr,1.0,0.5887657336088672,0.0008433404549692701
LR,enron,pr,1.0,0.5888763622698234,0.0008436431836806161
LR,enron,pr,1.0,0.5889870325126856,0.0008454154944839319
LR,enron,pr,1.0,0.5890977443609022,0.000846163384415846
LR,enron,pr,1.0,0.5892084978379395,0.0008484803359836174
LR,enron,pr,1.0,0.5893192929672809,0.000850545048129574
LR,enron,pr,1.0,0.589430129772428,0.0008526539832666351
LR,enron,pr,1.0,0.5895410082768999,0.0008553850489325293
LR,enron,pr,1.0,0.5896519285042333,0.0008557888319516628
LR,enron,pr,1.0,0.5897628904779827,0.0008574035166169504
LR,enron,pr,1.0,0.5898738942217203,0.0008595992340546441
LR,enron,pr,1.0,0.5900960271135379,0.0008633609691874086
LR,enron,pr,1.0,0.5902071563088512,0.0008663588784527542
LR,enron,pr,1.0,0.5903183273686193,0.0008697619349690953
LR,enron,pr,1.0,0.5904295403165034,0.0008748744769530951
LR,enron,pr,1.0,0.5905407951761824,0.0008751056062305585
LR,enron,pr,1.0,0.5906520919713532,0.0008760501409555586
LR,enron,pr,1.0,0.5907634307257305,0.0008773468435496376
LR,enron,pr,1.0,0.5908748114630468,0.0008794379656541166
LR,enron,pr,1.0,0.5909862342070527,0.0008805290762635431
LR,enron,pr,1.0,0.5910976989815164,0.0008851911304066766
LR,enron,pr,1.0,0.5912092058102245,0.0008912580609862765
LR,enron,pr,1.0,0.5913207547169811,0.0008959948483006732
LR,enron,pr,1.0,0.5914323457256087,0.0009027459983378619
LR,enron,pr,1.0,0.5915439788599471,0.0009034684079150617
LR,enron,pr,1.0,0.591655654143855,0.0009064162528895466
LR,enron,pr,1.0,0.5917673716012085,0.0009086708375925078
LR,enron,pr,1.0,0.5918791312559017,0.0009121708530327012
LR,enron,pr,1.0,0.5919909331318474,0.0009123082935519842
LR,enron,pr,1.0,0.5921027772529757,0.0009156329813853864
LR,enron,pr,1.0,0.592214663643235,0.0009164823099136435
LR,enron,pr,1.0,0.5923265923265923,0.0009186070059767717
LR,enron,pr,1.0,0.5924385633270322,0.0009198447265627294
LR,enron,pr,1.0,0.5925505766685574,0.0009223500161334799
LR,enron,pr,1.0,0.5926626323751891,0.0009227739663176416
LR,enron,pr,1.0,0.5927747304709665,0.0009345949805054192
LR,enron,pr,1.0,0.5928868709799471,0.0009404943969187409
LR,enron,pr,1.0,0.5929990539262062,0.0009469647344808857
LR,enron,pr,1.0,0.593111279333838,0.0009482819603611403
LR,enron,pr,1.0,0.5932235472269544,0.0009485984718693259
LR,enron,pr,1.0,0.5933358576296858,0.0009624538602251342
LR,enron,pr,1.0,0.5934482105661807,0.0009644874769589409
LR,enron,pr,1.0,0.593560606060606,0.0009752840794342853
LR,enron,pr,1.0,0.5936730441371472,0.0009790090100256711
LR,enron,pr,1.0,0.5937855248200076,0.0009794200293406438
LR,enron,pr,1.0,0.5938980481334092,0.0009794426988984886
LR,enron,pr,1.0,0.5940106141015921,0.00099366007201543
LR,enron,pr,1.0,0.5941232227488151,0.0009951603399621619
LR,enron,pr,1.0,0.5942358740993553,0.0009956427041697019
LR,enron,pr,1.0,0.594348568177508,0.0010008900368981015
LR,enron,pr,1.0,0.5944613050075872,0.001006388757828322
LR,enron,pr,1.0,0.5945740846139252,0.0010071343566658878
LR,enron,pr,1.0,0.5946869070208729,0.0010076380405649337
LR,enron,pr,1.0,0.5947997722527993,0.0010140749583501672
LR,enron,pr,1.0,0.5949126803340926,0.001014612995173609
LR,enron,pr,1.0,0.5950256312891589,0.0010146933199420283
LR,enron,pr,1.0,0.5951386251424231,0.0010210225184396496
LR,enron,pr,1.0,0.5952516619183286,0.0010291434643136905
LR,enron,pr,1.0,0.5953647416413373,0.0010304739873916978
LR,enron,pr,1.0,0.5954778643359301,0.0010308441544193859
LR,enron,pr,1.0,0.5955910300266058,0.001035107716747816
LR,enron,pr,1.0,0.5957042387378826,0.001035593420061647
LR,enron,pr,1.0,0.5958174904942966,0.0010427272509615428
LR,enron,pr,1.0,0.5959307853204031,0.0010457909146461858
LR,enron,pr,1.0,0.5960441232407759,0.0010476205282342174
LR,enron,pr,1.0,0.5961575042800076,0.0010556133656241958
LR,enron,pr,1.0,0.5962709284627092,0.001061562804489599
LR,enron,pr,1.0,0.596384395813511,0.0010633069395015993
LR,enron,pr,1.0,0.5964979063570612,0.0010669364941535732
LR,enron,pr,1.0,0.5966114601180278,0.001068696461959574
LR,enron,pr,1.0,0.5967250571210967,0.001068900650900933
LR,enron,pr,1.0,0.5968386973909732,0.0010715487685510421
LR,enron,pr,1.0,0.5969523809523809,0.0010757316969332062
LR,enron,pr,1.0,0.5970661078300629,0.0010827282703494083
LR,enron,pr,1.0,0.5971798780487805,0.0010831818206201592
LR,enron,pr,1.0,0.5972936916333142,0.001086698773556648
LR,enron,pr,1.0,0.5974075486084636,0.0010882768321409172
LR,enron,pr,1.0,0.5975214489990467,0.0010907582260524203
LR,enron,pr,1.0,0.5976353928299009,0.0010966286832526932
LR,enron,pr,1.0,0.5977493801258821,0.0010978076488929775
LR,enron,pr,1.0,0.5978634109118657,0.0011093444391089857
LR,enron,pr,1.0,0.5979774852127456,0.0011123659780129674
LR,enron,pr,1.0,0.5980916030534351,0.001116661708393831
LR,enron,pr,1.0,0.5982057644588662,0.0011207684229333538
LR,enron,pr,1.0,0.59831996945399,0.0011226625727857981
LR,enron,pr,1.0,0.598434218063777,0.0011289540017179692
LR,enron,pr,1.0,0.5985485103132162,0.0011424273631364403
LR,enron,pr,1.0,0.5986628462273161,0.001147886515381852
LR,enron,pr,1.0,0.5987772258311043,0.001152496456134257
LR,enron,pr,1.0,0.5988916491496273,0.0011546392978582427
LR,enron,pr,1.0,0.5990061162079511,0.001156111564810524
LR,enron,pr,1.0,0.5991206270311604,0.001156928698756963
LR,enron,pr,1.0,0.5992351816443595,0.0011607071006932194
LR,enron,pr,1.0,0.5993497800726716,0.0011616846335146106
LR,enron,pr,1.0,0.5994644223412395,0.0011634041630270678
LR,enron,pr,1.0,0.5995791084752248,0.0011669725247971615
LR,enron,pr,1.0,0.5996938384998086,0.0011712490315278243
LR,enron,pr,1.0,0.5998086124401913,0.0011712888803047253
LR,enron,pr,1.0,0.5999234303215927,0.0011762428003209498
LR,enron,pr,1.0,0.6000382921692514,0.0011796895366228601
LR,enron,pr,1.0,0.6001531980084259,0.001179891333668628
LR,enron,pr,1.0,0.6002681478643938,0.0011931648276496077
LR,enron,pr,1.0,0.6003831417624521,0.00119698708242552
LR,enron,pr,1.0,0.6004981797279172,0.001205518505884889
LR,enron,pr,1.0,0.600613261786125,0.0012059629218780065
LR,enron,pr,1.0,0.6007283879624306,0.0012067472548270407
LR,enron,pr,1.0,0.6008435582822086,0.00120984516403071
LR,enron,pr,1.0,0.6009587727708533,0.00121101262183668
LR,enron,pr,1.0,0.6010740314537782,0.001224942445478386
LR,enron,pr,1.0,0.6011893343564166,0.001224977081531935
LR,enron,pr,1.0,0.601304681504221,0.0012271869852614834
LR,enron,pr,1.0,0.6014200729226636,0.0012294655738229524
LR,enron,pr,1.0,0.601535508637236,0.0012342903188854216
LR,enron,pr,1.0,0.6016509886734498,0.0012346443672592265
LR,enron,pr,1.0,0.6017665130568356,0.00123531599121318
LR,enron,pr,1.0,0.6018820818129441,0.0012354120961067124
LR,enron,pr,1.0,0.6019976949673453,0.0012367481890256952
LR,enron,pr,1.0,0.6021133525456293,0.0012475662628852557
LR,enron,pr,1.0,0.602229054573405,0.0012514875937324036
LR,enron,pr,1.0,0.6023448010763022,0.001262959403953423
LR,enron,pr,1.0,0.6024605920799693,0.0012630895482480696
LR,enron,pr,1.0,0.602576427610075,0.0012636737961370624
LR,enron,pr,1.0,0.6026923076923076,0.0012668106957636732
LR,enron,pr,1.0,0.6028082323523755,0.0012670250119086576
LR,enron,pr,1.0,0.6029242016160061,0.0012727740774383723
LR,enron,pr,1.0,0.6030402155089475,0.0012740553779054232
LR,enron,pr,1.0,0.6031562740569669,0.001275585396602471
LR,enron,pr,1.0,0.6032723772858518,0.001276468907358741
LR,enron,pr,1.0,0.6033885252214093,0.0012767555759537112
LR,enron,pr,1.0,0.6035047178894666,0.0012807678608321384
LR,enron,pr,1.0,0.6036209553158706,0.0012832248696527098
LR,enron,pr,1.0,0.6037372375264881,0.0012835580180099969
LR,enron,pr,1.0,0.6038535645472062,0.0012883395226824426
LR,enron,pr,1.0,0.6039699364039314,0.0012883886962067532
LR,enron,pr,1.0,0.6040863531225906,0.0012913418882304396
LR,enron,pr,1.0,0.6042028147291305,0.001299008623108064
LR,enron,pr,1.0,0.6043193212495179,0.0013008776616138848
LR,enron,pr,1.0,0.6044358727097396,0.001300967658496281
LR,enron,pr,1.0,0.6045524691358025,0.0013063915756445898
LR,enron,pr,1.0,0.6046691105537334,0.001312718561245955
LR,enron,pr,1.0,0.6047857969895793,0.0013127527182094005
LR,enron,pr,1.0,0.605019305019305,0.0013142388890593122
LR,enron,pr,1.0,0.6051361266653794,0.0013152488702204825
LR,enron,pr,1.0,0.6052529934337582,0.001321335969271162
LR,enron,pr,1.0,0.6053699053505891,0.0013288674709727977
LR,enron,pr,1.0,0.6054868624420402,0.001331480155238093
LR,enron,pr,1.0,0.6056038647342995,0.0013379004299625202
LR,enron,pr,1.0,0.6057209122535756,0.0013384170710854292
LR,enron,pr,1.0,0.6058380050260971,0.0013419739508749324
LR,enron,pr,1.0,0.6059551430781129,0.0013439114485217158
LR,enron,pr,1.0,0.6060723264358925,0.0013443175691821602
LR,enron,pr,1.0,0.6061895551257254,0.0013505735053099951
LR,enron,pr,1.0,0.6063068291739214,0.001350995930928254
LR,enron,pr,1.0,0.6064241486068112,0.0013540916998034847
LR,enron,pr,1.0,0.6065415134507451,0.0013577209587345002
LR,enron,pr,1.0,0.6066589237320945,0.0013583968530776788
LR,enron,pr,1.0,0.6067763794772507,0.0013587864266137362
LR,enron,pr,1.0,0.6071290197597831,0.001360302265552957
LR,enron,pr,1.0,0.6072466576244914,0.0013614822078010962
LR,enron,pr,1.0,0.6073643410852713,0.0013662282998244046
LR,enron,pr,1.0,0.6074820701686373,0.0013662845138152305
LR,enron,pr,1.0,0.6075998449011245,0.0013715839417227326
LR,enron,pr,1.0,0.6077176653092884,0.0013730520359624197
LR,enron,pr,1.0,0.6078355314197051,0.0013781344289917766
LR,enron,pr,1.0,0.6079534432589718,0.0013789921424062098
LR,enron,pr,1.0,0.6080714008537058,0.0013905855203354088
LR,enron,pr,1.0,0.6081894042305453,0.001394820337032602
LR,enron,pr,1.0,0.6083074534161491,0.001398155108915942
LR,enron,pr,1.0,0.6084255484371967,0.0014013170421558405
LR,enron,pr,1.0,0.6085436893203884,0.0014048598502747127
LR,enron,pr,1.0,0.6086618760924452,0.0014057250557554717
LR,enron,pr,1.0,0.6087801087801088,0.001407276125002259
LR,enron,pr,1.0,0.6088983874101418,0.0014100751110755056
LR,enron,pr,1.0,0.6090167120093276,0.0014152741097587821
LR,enron,pr,1.0,0.6091350826044704,0.0014170856152229269
LR,enron,pr,1.0,0.609253499222395,0.001419029969275558
LR,enron,pr,1.0,0.6093719618899475,0.001421717129913993
LR,enron,pr,1.0,0.6094904706339945,0.001427515451003071
LR,enron,pr,1.0,0.6096090254814238,0.0014297779274568777
LR,enron,pr,1.0,0.609727626459144,0.0014318614653090536
LR,enron,pr,1.0,0.6098462735940845,0.0014376532393881643
LR,enron,pr,1.0,0.6099649669131958,0.001440641155488455
LR,enron,pr,1.0,0.6100837064434494,0.0014422061714563302
LR,enron,pr,1.0,0.610202492211838,0.0014487097441941094
LR,enron,pr,1.0,0.6103213242453749,0.0014494071952616484
LR,enron,pr,1.0,0.6104402025710947,0.001449911053473824
LR,enron,pr,1.0,0.610559127216053,0.001450827404058369
LR,enron,pr,1.0,0.6106780982073265,0.0014569414549553967
LR,enron,pr,1.0,0.6107971155720132,0.0014571208904023253
LR,enron,pr,1.0,0.610916179337232,0.0014600469177601942
LR,enron,pr,1.0,0.6110352895301229,0.0014634648652268286
LR,enron,pr,1.0,0.6111544461778471,0.0014646525565472227
LR,enron,pr,1.0,0.6112736493075873,0.0014652058461373332
LR,enron,pr,1.0,0.611392898946547,0.0014655764639554308
LR,enron,pr,1.0,0.6115121951219512,0.0014667868936139824
LR,enron,pr,1.0,0.6116315378610461,0.0014752996559589115
LR,enron,pr,1.0,0.6117509271910989,0.001475850485210581
LR,enron,pr,1.0,0.6118703631393987,0.0014772455325783862
LR,enron,pr,1.0,0.6119898457332552,0.0014837291911480926
LR,enron,pr,1.0,0.612109375,0.0014844965968722422
LR,enron,pr,1.0,0.6122289509669857,0.001485576796331481
LR,enron,pr,1.0,0.6123485736615866,0.0014867807600071601
LR,enron,pr,1.0,0.612468243111198,0.0014879685041627542
LR,enron,pr,1.0,0.612587959343237,0.0014985846347868655
LR,enron,pr,1.0,0.6127077223851417,0.0015012724188215596
LR,enron,pr,1.0,0.6128275322643724,0.0015047792702818212
LR,enron,pr,1.0,0.61294738900841,0.001506032041748235
LR,enron,pr,1.0,0.6130672926447575,0.0015070751925952005
LR,enron,pr,1.0,0.6131872432009392,0.0015135529282294985
LR,enron,pr,1.0,0.6133072407045009,0.0015162737019285095
LR,enron,pr,1.0,0.6134272851830104,0.0015213829308350396
LR,enron,pr,1.0,0.6135473766640563,0.001521965430074532
LR,enron,pr,1.0,0.6136675151752496,0.001525199308452299
LR,enron,pr,1.0,0.6137877007442225,0.0015279921891916157
LR,enron,pr,1.0,0.6139079333986288,0.001529105255478173
LR,enron,pr,1.0,0.6140282131661442,0.0015300687428367312
LR,enron,pr,1.0,0.614148540074466,0.0015316410883515765
LR,enron,pr,1.0,0.6142689141513132,0.0015317075787694733
LR,enron,pr,1.0,0.6143893354244265,0.0015381118040400585
LR,enron,pr,1.0,0.6145098039215686,0.001540492869384142
LR,enron,pr,1.0,0.6146303196705236,0.0015409776823726116
LR,enron,pr,1.0,0.6147508826990977,0.001541915299575541
LR,enron,pr,1.0,0.6148714930351187,0.0015427144887219014
LR,enron,pr,1.0,0.6149921507064364,0.0015433987641636524
LR,enron,pr,1.0,0.6151128557409224,0.0015435578055614564
LR,enron,pr,1.0,0.6152336081664703,0.0015437551119719356
LR,enron,pr,1.0,0.6153544080109955,0.0015440609900748842
LR,enron,pr,1.0,0.6154752553024352,0.0015450511229414805
LR,enron,pr,1.0,0.6155961500687488,0.0015466341324360995
LR,enron,pr,1.0,0.6157170923379175,0.0015482310510484742
LR,enron,pr,1.0,0.6158380821379446,0.001549265842925863
LR,enron,pr,1.0,0.6159591194968553,0.0015531512862501577
LR,enron,pr,1.0,0.6160802044426971,0.0015618422447388322
LR,enron,pr,1.0,0.6162013370035391,0.001566824375651759
LR,enron,pr,1.0,0.616322517207473,0.001571654339424382
LR,enron,pr,1.0,0.6164437450826121,0.0015775901969166848
LR,enron,pr,1.0,0.6165650206570923,0.001582990912156589
LR,enron,pr,1.0,0.6166863439590712,0.0015882019590757824
LR,enron,pr,1.0,0.616807715016729,0.001593822401869363
LR,enron,pr,1.0,0.6169291338582678,0.0015944448341620747
LR,enron,pr,1.0,0.6170506005119117,0.0015981409234251517
LR,enron,pr,1.0,0.6171721150059079,0.0015984718892722556
LR,enron,pr,1.0,0.6172936773685247,0.0016036025014922115
LR,enron,pr,1.0,0.6174152876280535,0.0016039174180093492
LR,enron,pr,1.0,0.6175369458128079,0.001608307955092331
LR,enron,pr,1.0,0.6176586519511233,0.0016127837832234085
LR,enron,pr,1.0,0.6177804060713582,0.0016128775188484986
LR,enron,pr,1.0,0.6179022082018928,0.0016130168071205931
LR,enron,pr,1.0,0.61802405837113,0.0016193681333269662
LR,enron,pr,1.0,0.618145956607495,0.0016193957532644257
LR,enron,pr,1.0,0.6182679029394358,0.0016197621004313937
LR,enron,pr,1.0,0.6183898973954223,0.0016256194894561631
LR,enron,pr,1.0,0.6185119400039472,0.0016299903614255906
LR,enron,pr,1.0,0.6186340307935254,0.001631688400962621
LR,enron,pr,1.0,0.618756169792695,0.0016322945911067793
LR,enron,pr,1.0,0.6188783570300158,0.0016346212845138118
LR,enron,pr,1.0,0.6190005925340707,0.0016421469089152548
LR,enron,pr,1.0,0.6191228763334651,0.0016436135556133276
LR,enron,pr,1.0,0.6192452084568267,0.0016473454073255749
LR,enron,pr,1.0,0.6193675889328063,0.001647595371754005
LR,enron,pr,1.0,0.6194900177900771,0.0016521072147815522
LR,enron,pr,1.0,0.619612495057335,0.001653277609806144
LR,enron,pr,1.0,0.6197350207632984,0.0016547940347818068
LR,enron,pr,1.0,0.6198575949367089,0.0016548229582464742
LR,enron,pr,1.0,0.6199802176063304,0.0016569799565002387
LR,enron,pr,1.0,0.6201028888009498,0.0016590456049454148
LR,enron,pr,1.0,0.6202256085493766,0.0016649371206519205
LR,enron,pr,1.0,0.6203483768804434,0.001665986949726085
LR,enron,pr,1.0,0.6204711938230053,0.0016699276616894806
LR,enron,pr,1.0,0.6205940594059406,0.0016961481360400375
LR,enron,pr,1.0,0.6207169736581502,0.0017031442111134817
LR,enron,pr,1.0,0.6208399366085579,0.0017038457277251064
LR,enron,pr,1.0,0.6209629482861105,0.001707399353802794
LR,enron,pr,1.0,0.621086008719778,0.0017105987728893253
LR,enron,pr,1.0,0.621209117938553,0.0017111333081197956
LR,enron,pr,1.0,0.6214554828475114,0.001716461524515893
LR,enron,pr,1.0,0.6215787385957953,0.0017233568888177194
LR,enron,pr,1.0,0.6217020432453878,0.001731677307793574
LR,enron,pr,1.0,0.6218253968253968,0.0017360203896497088
LR,enron,pr,1.0,0.6219487993649534,0.0017405622373461477
LR,enron,pr,1.0,0.6220722508932116,0.0017420784978469219
LR,enron,pr,1.0,0.6221957514393488,0.0017454628467734267
LR,enron,pr,1.0,0.6223193010325655,0.001745589077292381
LR,enron,pr,1.0,0.6224428997020854,0.0017458675024391809
LR,enron,pr,1.0,0.6225665474771553,0.0017461233298197835
LR,enron,pr,1.0,0.6226902443870455,0.0017504650543243084
LR,enron,pr,1.0,0.6228139904610492,0.0017535191302198187
LR,enron,pr,1.0,0.6229377857284834,0.0017556525324212854
LR,enron,pr,1.0,0.6230616302186879,0.0017561508265859862
LR,enron,pr,1.0,0.623185523961026,0.0017700438877130296
LR,enron,pr,1.0,0.6233094669848847,0.0017784163962967657
LR,enron,pr,1.0,0.6234334593196738,0.0017834464149529816
LR,enron,pr,1.0,0.6235575009948269,0.0017914442622940865
LR,enron,pr,1.0,0.623681592039801,0.001793433572152146
LR,enron,pr,1.0,0.6238057324840764,0.001794228979647015
LR,enron,pr,1.0,0.623929922357157,0.0018038905551760595
LR,enron,pr,1.0,0.6240541616885703,0.0018073521154208555
LR,enron,pr,1.0,0.6241784505078669,0.00180843271935946
LR,enron,pr,1.0,0.6243027888446215,0.0018101151862044823
LR,enron,pr,1.0,0.624427176728432,0.0018171430676609595
LR,enron,pr,1.0,0.6245516141889199,0.0018188728706882522
LR,enron,pr,1.0,0.6246761012557305,0.0018284012804074923
LR,enron,pr,1.0,0.6248006379585327,0.0018312133913439108
LR,enron,pr,1.0,0.6249252243270189,0.0018330361057030387
LR,enron,pr,1.0,0.6250498603909055,0.0018346232703653584
LR,enron,pr,1.0,0.6251745461799322,0.001839329090369708
LR,enron,pr,1.0,0.6252992817238627,0.0018395075637046166
LR,enron,pr,1.0,0.6254240670524845,0.0018491485164375686
LR,enron,pr,1.0,0.6255489021956088,0.0018496149115552868
LR,enron,pr,1.0,0.6256737871830704,0.0018519052930301514
LR,enron,pr,1.0,0.6257987220447284,0.0018519146235000006
LR,enron,pr,1.0,0.6259237068104654,0.0018532803490134452
LR,enron,pr,1.0,0.6260487415101877,0.0018577140871727529
LR,enron,pr,1.0,0.6261738261738262,0.0018583435940504993
LR,enron,pr,1.0,0.626298960831335,0.0018623395911645767
LR,enron,pr,1.0,0.6264241455126924,0.0018638143808028201
LR,enron,pr,1.0,0.6265493802479009,0.0018662453367213603
LR,enron,pr,1.0,0.6266746650669867,0.0018663601709740492
LR,enron,pr,1.0,0.6268,0.0018708363678543497
LR,enron,pr,1.0,0.6269253850770155,0.0018708851942673905
LR,enron,pr,1.0,0.6270508203281312,0.0018714313735679689
LR,enron,pr,1.0,0.6271763057834701,0.0018720832903717218
LR,enron,pr,1.0,0.6273018414731786,0.0018735100752468635
LR,enron,pr,1.0,0.6274274274274274,0.001875506231200314
LR,enron,pr,1.0,0.6275530636764117,0.0018778871665089316
LR,enron,pr,1.0,0.6276787502503505,0.0018800589186243812
LR,enron,pr,1.0,0.6278044871794872,0.0018848317851114424
LR,enron,pr,1.0,0.6279302744940893,0.0018866325703089449
LR,enron,pr,1.0,0.6280561122244489,0.001889018568464679
LR,enron,pr,1.0,0.6281820004008819,0.0018897956300147375
LR,enron,pr,1.0,0.628307939053729,0.0018907028086693413
LR,enron,pr,1.0,0.6284339282133548,0.0018926085347840908
LR,enron,pr,1.0,0.6285599679101485,0.0018931368398964537
LR,enron,pr,1.0,0.6286860581745236,0.0018985543743367094
LR,enron,pr,1.0,0.6288121990369181,0.0019029265900891259
LR,enron,pr,1.0,0.6289383905277945,0.0019031861085739166
LR,enron,pr,1.0,0.6290646326776395,0.0019046107668095414
LR,enron,pr,1.0,0.6291909255169644,0.0019096734418352342
LR,enron,pr,1.0,0.6294436633862222,0.0019108000639291866
LR,enron,pr,1.0,0.6295701084773001,0.0019142610805117587
LR,enron,pr,1.0,0.6296966043801487,0.0019152673819876754
LR,enron,pr,1.0,0.6298231511254019,0.0019157328699072292
LR,enron,pr,1.0,0.6299497487437186,0.0019172811924360023
LR,enron,pr,1.0,0.630076397265782,0.001918598479424091
LR,enron,pr,1.0,0.6302030967223005,0.0019190926119345966
LR,enron,pr,1.0,0.6303298471440064,0.0019210013246992246
LR,enron,pr,1.0,0.6304566485616576,0.0019222558967202804
LR,enron,pr,1.0,0.6305835010060362,0.001922740901530043
LR,enron,pr,1.0,0.6307104045079492,0.0019227758510240078
LR,enron,pr,1.0,0.6308373590982287,0.0019241521611605542
LR,enron,pr,1.0,0.630964364807731,0.0019302595960390284
LR,enron,pr,1.0,0.6310914216673379,0.0019310165993148302
LR,enron,pr,1.0,0.6312185297079557,0.0019378238986954594
LR,enron,pr,1.0,0.6313456889605157,0.0019383465757360453
LR,enron,pr,1.0,0.6314728994559742,0.0019393346118160508
LR,enron,pr,1.0,0.6316001612253124,0.0019454623417598763
LR,enron,pr,1.0,0.6317274742995364,0.0019482400919518803
LR,enron,pr,1.0,0.6318548387096774,0.001954899783744897
LR,enron,pr,1.0,0.6319822544867917,0.0019572479683222766
LR,enron,pr,1.0,0.6321097216619604,0.001962747498482533
LR,enron,pr,1.0,0.6322372402662901,0.00196313902197855
LR,enron,pr,1.0,0.6323648103309121,0.0019634369455169493
LR,enron,pr,1.0,0.6324924318869829,0.001965929631075491
LR,enron,pr,1.0,0.6326201049656843,0.001969241632331467
LR,enron,pr,1.0,0.6327478295982233,0.001970825444219615
LR,enron,pr,1.0,0.632875605815832,0.001971112758821635
LR,enron,pr,1.0,0.6330034336497677,0.0019719312594770042
LR,enron,pr,1.0,0.6331313131313131,0.001973692081838523
LR,enron,pr,1.0,0.6332592442917762,0.001974162755842866
LR,enron,pr,1.0,0.6333872271624899,0.001976787100557503
LR,enron,pr,1.0,0.633515261774813,0.0019771646422749906
LR,enron,pr,1.0,0.6336433481601293,0.0019773356538392677
LR,enron,pr,1.0,0.6337714863498484,0.001983846430555368
LR,enron,pr,1.0,0.6338996763754046,0.0019844787177467826
LR,enron,pr,1.0,0.6340279182682581,0.00198654722398763
LR,enron,pr,1.0,0.6341562120598948,0.0019874376117004987
LR,enron,pr,1.0,0.6342845577818256,0.001990990345287822
LR,enron,pr,1.0,0.6344129554655871,0.0019923334085157223
LR,enron,pr,1.0,0.6345414051427415,0.001993554772434283
LR,enron,pr,1.0,0.6346699068448765,0.0020032067588998926
LR,enron,pr,1.0,0.6347984606036055,0.0020042209867483164
LR,enron,pr,1.0,0.6349270664505673,0.002005004844330857
LR,enron,pr,1.0,0.6350557244174265,0.0020051873582911874
LR,enron,pr,1.0,0.6351844345358735,0.002005862790917014
LR,enron,pr,1.0,0.6353131968376242,0.002006964448883579
LR,enron,pr,1.0,0.6354420113544201,0.002007150423342608
LR,enron,pr,1.0,0.6355708781180288,0.0020082512693817
LR,enron,pr,1.0,0.6356997971602434,0.002010358556774326
LR,enron,pr,1.0,0.635828768512883,0.002012621952387233
LR,enron,pr,1.0,0.6359577922077922,0.002012648498298584
LR,enron,pr,1.0,0.6360868682768419,0.0020127516175961774
LR,enron,pr,1.0,0.6362159967519285,0.0020148474610003583
LR,enron,pr,1.0,0.6363451776649747,0.0020208102905351754
LR,enron,pr,1.0,0.6364744110479286,0.0020216934413005466
LR,enron,pr,1.0,0.6366036969327645,0.002021733556274917
LR,enron,pr,1.0,0.6367330353514832,0.0020218802192522923
LR,enron,pr,1.0,0.6368624263361106,0.002026422564345218
LR,enron,pr,1.0,0.6369918699186992,0.0020320558945115023
LR,enron,pr,1.0,0.6371213661313275,0.00203671738128042
LR,enron,pr,1.0,0.6372509150061001,0.00204284023642085
LR,enron,pr,1.0,0.6373805165751475,0.002042998372243282
LR,enron,pr,1.0,0.6375101708706266,0.002043308311957273
LR,enron,pr,1.0,0.6376398779247202,0.002046637323239696
LR,enron,pr,1.0,0.6377696377696378,0.0020499721988216464
LR,enron,pr,1.0,0.6378994504376145,0.002052892852323208
LR,enron,pr,1.0,0.6380293159609121,0.002053394244539087
LR,enron,pr,1.0,0.6381592343718183,0.0020570800100817143
LR,enron,pr,1.0,0.6382892057026477,0.0020582563851401572
LR,enron,pr,1.0,0.6384192299857405,0.0020583148229820626
LR,enron,pr,1.0,0.6385493072534637,0.002058573404089477
LR,enron,pr,1.0,0.6386794375382108,0.0020588954860482904
LR,enron,pr,1.0,0.6388096208724011,0.002065224824969133
LR,enron,pr,1.0,0.6389398572884811,0.002066102821725142
LR,enron,pr,1.0,0.6390701468189234,0.0020784258097597654
LR,enron,pr,1.0,0.6392004894962268,0.0020817716985762798
LR,enron,pr,1.0,0.6393308853529172,0.0020847599414329405
LR,enron,pr,1.0,0.6394613344215466,0.0020857748133456112
LR,enron,pr,1.0,0.6395918367346939,0.00208844989164311
LR,enron,pr,1.0,0.6397223923249643,0.0020887458214730436
LR,enron,pr,1.0,0.6398530012249898,0.002094652077409148
LR,enron,pr,1.0,0.6399836634674291,0.002097941901841217
LR,enron,pr,1.0,0.6401143790849673,0.002099093890956467
LR,enron,pr,1.0,0.6402451481103166,0.002102430173848175
LR,enron,pr,1.0,0.6403759705762158,0.0021047148601437294
LR,enron,pr,1.0,0.6405068465154302,0.0021053075873726317
LR,enron,pr,1.0,0.6406377759607522,0.002112179039544157
LR,enron,pr,1.0,0.6407687589450011,0.0021160690885076226
LR,enron,pr,1.0,0.6408997955010225,0.002119478165201052
LR,enron,pr,1.0,0.6410308856616895,0.0021255523309320398
LR,enron,pr,1.0,0.6411620294599017,0.0021295376889693273
LR,enron,pr,1.0,0.641293226928586,0.002137285123317385
LR,enron,pr,1.0,0.6414244781006959,0.0021414982930712994
LR,enron,pr,1.0,0.6415557830092119,0.002142590943206463
LR,enron,pr,1.0,0.6416871416871417,0.0021441887321549816
LR,enron,pr,1.0,0.64181855416752,0.002147404456523706
LR,enron,pr,1.0,0.6419500204834084,0.002148174807212533
LR,enron,pr,1.0,0.6420815406678959,0.0021547618257407477
LR,enron,pr,1.0,0.6422131147540984,0.0021591114149065904
LR,enron,pr,1.0,0.6423447427751589,0.0021600208251389306
LR,enron,pr,1.0,0.6424764247642476,0.002162910096760378
LR,enron,pr,1.0,0.6426081607545623,0.002177775437031933
LR,enron,pr,1.0,0.6427399507793273,0.0021788519531090395
LR,enron,pr,1.0,0.6428717948717949,0.0021791295989557887
LR,enron,pr,1.0,0.6430036930652442,0.0021826499584249232
LR,enron,pr,1.0,0.6431356453929817,0.0021856701332953954
LR,enron,pr,1.0,0.6432676518883416,0.0021861301061504657
LR,enron,pr,1.0,0.6433997125846849,0.002190084938009804
LR,enron,pr,1.0,0.6435318275154004,0.0021979384436109717
LR,enron,pr,1.0,0.6436639967139043,0.002199508086285724
LR,enron,pr,1.0,0.6437962202136401,0.002206959964633141
LR,enron,pr,1.0,0.643928498048079,0.0022086944781989767
LR,enron,pr,1.0,0.6440608302507193,0.0022105097284290266
LR,enron,pr,1.0,0.6441932168550873,0.002215832365060994
LR,enron,pr,1.0,0.6443256578947368,0.002221010599455261
LR,enron,pr,1.0,0.644458153403249,0.0022243948897972578
LR,enron,pr,1.0,0.6445907034142329,0.002224511382362078
LR,enron,pr,1.0,0.6447233079613248,0.0022277980138292815
LR,enron,pr,1.0,0.6448559670781893,0.0022278882521609366
LR,enron,pr,1.0,0.6449886807985182,0.00223355583308279
LR,enron,pr,1.0,0.6451214491560313,0.00223849343684259
LR,enron,pr,1.0,0.6452542721844761,0.0022450407584681726
LR,enron,pr,1.0,0.6453871499176277,0.0022451900499163746
LR,enron,pr,1.0,0.6455200823892894,0.0022465164447259397
LR,enron,pr,1.0,0.6456530696332922,0.0022473962075660455
LR,enron,pr,1.0,0.6457861116834948,0.002247629364237693
LR,enron,pr,1.0,0.645919208573784,0.0022570290321012884
LR,enron,pr,1.0,0.6460523603380747,0.0022630128113937152
LR,enron,pr,1.0,0.6461855670103093,0.0022675931516691647
LR,enron,pr,1.0,0.6463188286244587,0.0022684035000669115
LR,enron,pr,1.0,0.6464521452145214,0.002268743111798126
LR,enron,pr,1.0,0.6465855168145245,0.002272062392598931
LR,enron,pr,1.0,0.6467189434585225,0.0022738211024931937
LR,enron,pr,1.0,0.6468524251805986,0.0022755124890871162
LR,enron,pr,1.0,0.6469859620148638,0.0022760003005197517
LR,enron,pr,1.0,0.6471195539954574,0.002280577456553941
LR,enron,pr,1.0,0.6472532011565468,0.00228181368690257
LR,enron,pr,1.0,0.6473869035323281,0.0022840282622915696
LR,enron,pr,1.0,0.6475206611570248,0.002290729752128423
LR,enron,pr,1.0,0.6476544740648894,0.0023017845277154875
LR,enron,pr,1.0,0.6477883422902025,0.0023037344745556318
LR,enron,pr,1.0,0.6479222658672731,0.002305084641956231
LR,enron,pr,1.0,0.6480562448304383,0.002306005102615465
LR,enron,pr,1.0,0.6481902792140641,0.0023124823675551008
LR,enron,pr,1.0,0.6483243690525444,0.0023136476560357048
LR,enron,pr,1.0,0.6484585143803021,0.0023143185338095414
LR,enron,pr,1.0,0.6485927152317881,0.002319659061095144
LR,enron,pr,1.0,0.6487269716414821,0.002336673877232496
LR,enron,pr,1.0,0.6488612836438924,0.0023370179396025965
LR,enron,pr,1.0,0.6489956512735556,0.0023371253707532387
LR,enron,pr,1.0,0.6491300745650372,0.0023385201080199473
LR,enron,pr,1.0,0.6492645535529314,0.0023405075655679075
LR,enron,pr,1.0,0.6493990882718608,0.0023418047498185036
LR,enron,pr,1.0,0.6495336787564767,0.0023436407351768553
LR,enron,pr,1.0,0.6496683250414593,0.002344223369491022
LR,enron,pr,1.0,0.6498030271615177,0.002344753640860042
LR,enron,pr,1.0,0.6499377851513894,0.002345075955909263
LR,enron,pr,1.0,0.6500725990458411,0.0023495743581313615
LR,enron,pr,1.0,0.6502074688796681,0.002356759264173062
LR,enron,pr,1.0,0.6503423946876945,0.0023595183295993328
LR,enron,pr,1.0,0.6504773765047738,0.00235953204672074
LR,enron,pr,1.0,0.6506124143657879,0.002360201190882249
LR,enron,pr,1.0,0.6507475083056479,0.0023603198871221718
LR,enron,pr,1.0,0.6508826583592938,0.0023704428527910344
LR,enron,pr,1.0,0.6510178645616951,0.0023714664208426073
LR,enron,pr,1.0,0.6511531269478495,0.002373231356742294
LR,enron,pr,1.0,0.6512884455527848,0.002375972651263685
LR,enron,pr,1.0,0.6514238204115569,0.0023773019087564118
LR,enron,pr,1.0,0.6515592515592515,0.0023802076770373074
LR,enron,pr,1.0,0.6516947390309836,0.0023823270920701866
LR,enron,pr,1.0,0.6518302828618968,0.0023922386398747553
LR,enron,pr,1.0,0.6519658830871645,0.0023929971269174384
LR,enron,pr,1.0,0.6521015397419891,0.00239508469185283
LR,enron,pr,1.0,0.6522372528616025,0.002398812510780769
LR,enron,pr,1.0,0.6523730224812656,0.002401875221427679
LR,enron,pr,1.0,0.652508848636269,0.0024021636543163864
LR,enron,pr,1.0,0.6526447313619326,0.0024040797568107212
LR,enron,pr,1.0,0.6527806706936055,0.0024046480652919
LR,enron,pr,1.0,0.6529166666666667,0.0024047770206753367
LR,enron,pr,1.0,0.6530527193165243,0.0024061634342031797
LR,enron,pr,1.0,0.653188828678616,0.002407661263384147
LR,enron,pr,1.0,0.6533249947884094,0.002408155419292183
LR,enron,pr,1.0,0.6534612176814012,0.002409587856289709
LR,enron,pr,1.0,0.6535974973931178,0.0024166114230997795
LR,enron,pr,1.0,0.6537338339591156,0.0024177690862415752
LR,enron,pr,1.0,0.6538702274149801,0.0024180326527617037
LR,enron,pr,1.0,0.6540066777963273,0.002418920475402693
LR,enron,pr,1.0,0.6541431851388019,0.002432421840869833
LR,enron,pr,1.0,0.6542797494780793,0.0024410192700065063
LR,enron,pr,1.0,0.6544163708498643,0.002450915219384715
LR,enron,pr,1.0,0.6545530492898914,0.0024513682336657705
LR,enron,pr,1.0,0.6546897848339253,0.002451639528445926
LR,enron,pr,1.0,0.6548265775177602,0.0024530714583409197
LR,enron,pr,1.0,0.6549634273772205,0.002453181358855816
LR,enron,pr,1.0,0.6551003344481605,0.002453823652105096
LR,enron,pr,1.0,0.6552372987664645,0.002454826277638093
LR,enron,pr,1.0,0.6553743203680469,0.002458280284787558
LR,enron,pr,1.0,0.6555113992888517,0.0024604848867568964
LR,enron,pr,1.0,0.6556485355648536,0.0024618668570391697
LR,enron,pr,1.0,0.6557857292320569,0.002464199551789374
LR,enron,pr,1.0,0.6559229803264964,0.0024644037377442667
LR,enron,pr,1.0,0.656060288884237,0.0024652289301645425
LR,enron,pr,1.0,0.6561976549413735,0.0024705649884510846
LR,enron,pr,1.0,0.6563350785340314,0.002470858745526426
LR,enron,pr,1.0,0.6564725596983662,0.0024730079928788912
LR,enron,pr,1.0,0.6566100984705636,0.002473935099948028
LR,enron,pr,1.0,0.6567476948868399,0.0024774894919435235
LR,enron,pr,1.0,0.6568853489834416,0.002478244059697375
LR,enron,pr,1.0,0.6570230607966457,0.002478971692450808
LR,enron,pr,1.0,0.6571608303627595,0.0024805492916038898
LR,enron,pr,1.0,0.6572986577181208,0.0024807533269454556
LR,enron,pr,1.0,0.6574365428990979,0.0024841365037136538
LR,enron,pr,1.0,0.6575744859420898,0.0024846651115260285
LR,enron,pr,1.0,0.6577124868835257,0.0024849017962910833
LR,enron,pr,1.0,0.6578505457598657,0.002486165768673616
LR,enron,pr,1.0,0.6579886626076002,0.002488421546318603
LR,enron,pr,1.0,0.6581268374632507,0.0024913602346452227
LR,enron,pr,1.0,0.658265070363369,0.0024957534630075788
LR,enron,pr,1.0,0.6584033613445378,0.002503035963460212
LR,enron,pr,1.0,0.6585417104433705,0.0025093741172496488
LR,enron,pr,1.0,0.6586801176965111,0.00250970247138304
LR,enron,pr,1.0,0.6588185831406349,0.002509939312841183
LR,enron,pr,1.0,0.6589571068124475,0.00251080168153965
LR,enron,pr,1.0,0.6590956887486856,0.0025116400986276454
LR,enron,pr,1.0,0.659234328986117,0.0025118898005603405
LR,enron,pr,1.0,0.65937302756154,0.002514185048815468
LR,enron,pr,1.0,0.6595117845117845,0.002515773174920101
LR,enron,pr,1.0,0.6596505998737108,0.002517345719460298
LR,enron,pr,1.0,0.6597894736842105,0.002518515067601623
LR,enron,pr,1.0,0.6599284059802064,0.0025194966396872884
LR,enron,pr,1.0,0.6600673967986521,0.002526005556653992
LR,enron,pr,1.0,0.6602064461765326,0.0025337568282990325
LR,enron,pr,1.0,0.6603455541508639,0.00253432195090313
LR,enron,pr,1.0,0.6604847207586934,0.002535966645905637
LR,enron,pr,1.0,0.6606239460370995,0.0025361725542885957
LR,enron,pr,1.0,0.660763230023192,0.002552460859616251
LR,enron,pr,1.0,0.6609025727541122,0.0025576322466397384
LR,enron,pr,1.0,0.6610419742670323,0.002560385092752167
LR,enron,pr,1.0,0.6611814345991561,0.0025617797764990327
LR,enron,pr,1.0,0.6613209537877189,0.002562033222396404
LR,enron,pr,1.0,0.6614605318699873,0.0025621891162026958
LR,enron,pr,1.0,0.6616001688832595,0.0025634182170893383
LR,enron,pr,1.0,0.6617398648648649,0.0025659427610653118
LR,enron,pr,1.0,0.6618796198521647,0.0025697064678092065
LR,enron,pr,1.0,0.6620194338825518,0.002581476981973304
LR,enron,pr,1.0,0.6621593069934503,0.0025822711641648004
LR,enron,pr,1.0,0.6622992392223161,0.002587213269586331
LR,enron,pr,1.0,0.6624392306066371,0.0025893737114154646
LR,enron,pr,1.0,0.6625792811839324,0.0025911084010221672
LR,enron,pr,1.0,0.662719390991753,0.00259296589561182
LR,enron,pr,1.0,0.6628595600676819,0.0025971738408508494
LR,enron,pr,1.0,0.6629997884493336,0.002598510415490835
LR,enron,pr,1.0,0.6631400761743547,0.0026077400199491494
LR,enron,pr,1.0,0.6632804232804232,0.0026085794765464765
LR,enron,pr,1.0,0.6634208298052497,0.0026116464860960033
LR,enron,pr,1.0,0.6635612957865763,0.0026117238971048954
LR,enron,pr,1.0,0.663701821262177,0.0026165752516321113
LR,enron,pr,1.0,0.6638424062698581,0.002619579619590479
LR,enron,pr,1.0,0.6639830508474577,0.002620245199579604
LR,enron,pr,1.0,0.6641237550328459,0.0026261187863016225
LR,enron,pr,1.0,0.6642645188639253,0.0026310629076206084
LR,enron,pr,1.0,0.6644053423786305,0.0026332527281833157
LR,enron,pr,1.0,0.6645462256149279,0.0026471116702703975
LR,enron,pr,1.0,0.6646871686108166,0.002647685435834401
LR,enron,pr,1.0,0.6648281714043275,0.002647715579345149
LR,enron,pr,1.0,0.6649692340335243,0.0026481508723060513
LR,enron,pr,1.0,0.6651103565365025,0.0026495050420725147
LR,enron,pr,1.0,0.6652515389513903,0.002649949502879028
LR,enron,pr,1.0,0.6653927813163482,0.00265029866941704
LR,enron,pr,1.0,0.6655340836695689,0.0026592774525015833
LR,enron,pr,1.0,0.6656754460492779,0.002664461169438877
LR,enron,pr,1.0,0.6658168684937328,0.002665425171562434
LR,enron,pr,1.0,0.6660998937300744,0.0026675130902181652
LR,enron,pr,1.0,0.6662414965986394,0.0026692444542810085
LR,enron,pr,1.0,0.6663831596853073,0.0026699198624571233
LR,enron,pr,1.0,0.6665248830284985,0.002674889280224039
LR,enron,pr,1.0,0.6666666666666666,0.0026773948667355436
LR,enron,pr,1.0,0.6668085106382978,0.0026782611747022895
LR,enron,pr,1.0,0.6669504149819111,0.0026820714470974522
LR,enron,pr,1.0,0.667092379736058,0.002692389844173155
LR,enron,pr,1.0,0.667234404939323,0.0026927514971058194
LR,enron,pr,1.0,0.6673764906303237,0.002693247490445773
LR,enron,pr,1.0,0.6675186368477103,0.002695658657276501
LR,enron,pr,1.0,0.6676608436301662,0.0026994031287960268
LR,enron,pr,1.0,0.6678031110164074,0.002702220629775851
LR,enron,pr,1.0,0.6679454390451833,0.002711557532734696
LR,enron,pr,1.0,0.6680878277552761,0.0027117109476905337
LR,enron,pr,1.0,0.6682302771855011,0.0027172640015082415
LR,enron,pr,1.0,0.6683727873747067,0.002719382806670803
LR,enron,pr,1.0,0.6685153583617748,0.0027226641958022525
LR,enron,pr,1.0,0.6686579901856198,0.0027234698075767694
LR,enron,pr,1.0,0.6688006828851899,0.0027237449644633063
LR,enron,pr,1.0,0.6689434364994664,0.0027254121309810797
LR,enron,pr,1.0,0.6690862510674637,0.0027274183622585336
LR,enron,pr,1.0,0.6692291266282298,0.0027310439592504684
LR,enron,pr,1.0,0.6693720632208457,0.00273221497688068
LR,enron,pr,1.0,0.6695150608844264,0.0027328192419109228
LR,enron,pr,1.0,0.6696581196581196,0.002737527327711177
LR,enron,pr,1.0,0.669801239581107,0.002739550658855821
LR,enron,pr,1.0,0.6699444206926036,0.0027435369298925245
LR,enron,pr,1.0,0.6700876630318581,0.002744972149045709
LR,enron,pr,1.0,0.6702309666381523,0.0027463649685263727
LR,enron,pr,1.0,0.6703743315508022,0.0027488327889697898
LR,enron,pr,1.0,0.670517757809157,0.00275208182707639
LR,enron,pr,1.0,0.6706612454526001,0.002757894729111362
LR,enron,pr,1.0,0.670804794520548,0.0027584564130271536
LR,enron,pr,1.0,0.6709484050524513,0.0027585898442846375
LR,enron,pr,1.0,0.6710920770877944,0.0027630660024063535
LR,enron,pr,1.0,0.6712358106660955,0.0027671103278854485
LR,enron,pr,1.0,0.6713796058269066,0.0027679491403692254
LR,enron,pr,1.0,0.6715234626098135,0.0027702000191558458
LR,enron,pr,1.0,0.6716673810544364,0.0027706965173259148
LR,enron,pr,1.0,0.6718113612004287,0.0027726536760668105
LR,enron,pr,1.0,0.6719554030874786,0.002774599141219047
LR,enron,pr,1.0,0.6720995067553077,0.0027756263148571844
LR,enron,pr,1.0,0.6722436722436722,0.0027829284919659576
LR,enron,pr,1.0,0.6723878995923621,0.0027843195894256996
LR,enron,pr,1.0,0.6725321888412017,0.0027847962530407645
LR,enron,pr,1.0,0.6726765400300494,0.0027861699788517516
LR,enron,pr,1.0,0.6728209531987978,0.0027862782231679434
LR,enron,pr,1.0,0.6729654283873738,0.002789413111853547
LR,enron,pr,1.0,0.6731099656357389,0.0027943971391463274
LR,enron,pr,1.0,0.6733992264718521,0.0028079453683167287
LR,enron,pr,1.0,0.6735439501396948,0.0028085680244549203
LR,enron,pr,1.0,0.673688736027515,0.002810105103541428
LR,enron,pr,1.0,0.6738335841754461,0.0028105247484168866
LR,enron,pr,1.0,0.6739784946236559,0.0028155673250256064
LR,enron,pr,1.0,0.6741234674123467,0.0028318004005628995
LR,enron,pr,1.0,0.6742685025817556,0.0028352312452312738
LR,enron,pr,1.0,0.6744136001721541,0.0028398129829364477
LR,enron,pr,1.0,0.6745587602238484,0.002840657301849567
LR,enron,pr,1.0,0.6747039827771798,0.0028418302651865863
LR,enron,pr,1.0,0.6748492678725236,0.0028459237939179763
LR,enron,pr,1.0,0.6749946155502907,0.002848526529637168
LR,enron,pr,1.0,0.6751400258509264,0.0028491353295259695
LR,enron,pr,1.0,0.6752854988149106,0.0028493629100552415
LR,enron,pr,1.0,0.6754310344827587,0.0028525811029593198
LR,enron,pr,1.0,0.6755766328950205,0.0028587131695818613
LR,enron,pr,1.0,0.6757222940922811,0.0028603935688339167
LR,enron,pr,1.0,0.6758680181151606,0.002860899729390963
LR,enron,pr,1.0,0.6760138050043141,0.0028626711048575716
LR,enron,pr,1.0,0.6761596548004315,0.0028661197383250954
LR,enron,pr,1.0,0.6763055675442382,0.0028669132193548733
LR,enron,pr,1.0,0.6764515432764947,0.002870725277366451
LR,enron,pr,1.0,0.6765975820379966,0.0028712706191279472
LR,enron,pr,1.0,0.6767436838695746,0.002871353480652389
LR,enron,pr,1.0,0.676889848812095,0.0028758523337343174
LR,enron,pr,1.0,0.6770360769064593,0.00288252736784112
LR,enron,pr,1.0,0.6771823681936041,0.0028826529551736527
LR,enron,pr,1.0,0.6773287227145018,0.0028841362245086866
LR,enron,pr,1.0,0.67747514051016,0.002885614957018405
LR,enron,pr,1.0,0.6776216216216217,0.0028873897182366405
LR,enron,pr,1.0,0.6777681660899654,0.002894557341969797
LR,enron,pr,1.0,0.6779147739563054,0.002905282130589839
LR,enron,pr,1.0,0.6780614452617915,0.0029058649859026193
LR,enron,pr,1.0,0.6782081800476087,0.002911185239065138
LR,enron,pr,1.0,0.6783549783549784,0.0029151496214662093
LR,enron,pr,1.0,0.6785018402251569,0.0029182951147582654
LR,enron,pr,1.0,0.678648765699437,0.0029201651768178934
LR,enron,pr,1.0,0.6787957548191467,0.0029272928691408393
LR,enron,pr,1.0,0.67894280762565,0.002928057513877117
LR,enron,pr,1.0,0.6790899241603467,0.002932975403264464
LR,enron,pr,1.0,0.6792371044646728,0.002933956203650752
LR,enron,pr,1.0,0.6793843485800998,0.00293998748259801
LR,enron,pr,1.0,0.6795316565481353,0.0029425814271056045
LR,enron,pr,1.0,0.6796790284103231,0.0029448813664959012
LR,enron,pr,1.0,0.679826464208243,0.002945348511103305
LR,enron,pr,1.0,0.6799739639835105,0.0029455619201052214
LR,enron,pr,1.0,0.6802691556327328,0.0029484861651971287
LR,enron,pr,1.0,0.6804168475900999,0.0029555688729086
LR,enron,pr,1.0,0.6805646036916395,0.0029563889919059618
LR,enron,pr,1.0,0.6807124239791486,0.0029591308655612116
LR,enron,pr,1.0,0.6808603084944601,0.002960251070700927
LR,enron,pr,1.0,0.6810082572794437,0.002962124184253821
LR,enron,pr,1.0,0.6811562703760052,0.0029639468926655867
LR,enron,pr,1.0,0.681304347826087,0.0029725784755785145
LR,enron,pr,1.0,0.6814524896716677,0.002976085961474953
LR,enron,pr,1.0,0.6816006959547629,0.0029811306026605285
LR,enron,pr,1.0,0.6817489667174244,0.0029821652627953416
LR,enron,pr,1.0,0.6818973020017406,0.002985505692563778
LR,enron,pr,1.0,0.6820457018498368,0.002986420097019461
LR,enron,pr,1.0,0.6821941663038746,0.0029904466011848175
LR,enron,pr,1.0,0.6823426954060526,0.0029910211802884963
LR,enron,pr,1.0,0.6824912891986062,0.0029913339523168535
LR,enron,pr,1.0,0.6826399477238074,0.0029915508393265106
LR,enron,pr,1.0,0.6827886710239651,0.0029954077435445335
LR,enron,pr,1.0,0.6829374591414251,0.002998190985185808
LR,enron,pr,1.0,0.6830863121185702,0.0030043738451412077
LR,enron,pr,1.0,0.6832352299978199,0.0030057840241672603
LR,enron,pr,1.0,0.6833842128216311,0.0030140714832983142
LR,enron,pr,1.0,0.6835332606324973,0.0030200819110130475
LR,enron,pr,1.0,0.6836823734729494,0.0030201033278226116
LR,enron,pr,1.0,0.6838315513855553,0.0030231545102761747
LR,enron,pr,1.0,0.6839807944129201,0.0030307522431155995
LR,enron,pr,1.0,0.6841301025976861,0.0030334198786376113
LR,enron,pr,1.0,0.6842794759825328,0.0030384695254627304
LR,enron,pr,1.0,0.6844289146101769,0.003038952223574828
LR,enron,pr,1.0,0.6845784185233726,0.003043014492770933
LR,enron,pr,1.0,0.6847279877649115,0.0030455404704220015
LR,enron,pr,1.0,0.6848776223776224,0.00304708643494005
LR,enron,pr,1.0,0.6850273224043716,0.0030472128518280205
LR,enron,pr,1.0,0.685177087888063,0.0030473717480111293
LR,enron,pr,1.0,0.6853269188716379,0.0030509192574001516
LR,enron,pr,1.0,0.6854768153980753,0.003052349717056698
LR,enron,pr,1.0,0.6856267775103916,0.003062521298533391
LR,enron,pr,1.0,0.6857768052516411,0.003078274886378428
LR,enron,pr,1.0,0.6859268986649157,0.0030809045094899205
LR,enron,pr,1.0,0.686077057793345,0.003085879639967679
LR,enron,pr,1.0,0.6862272826800964,0.0030911979166318273
LR,enron,pr,1.0,0.6863775733683749,0.003091319478266795
LR,enron,pr,1.0,0.6865279299014239,0.0030919859665081576
LR,enron,pr,1.0,0.686678352322524,0.003093542167805853
LR,enron,pr,1.0,0.6868288406749945,0.0030951942832392015
LR,enron,pr,1.0,0.6869793950021921,0.0030975792314518113
LR,enron,pr,1.0,0.6871300153475115,0.00309932876974472
LR,enron,pr,1.0,0.6872807017543859,0.0031002941862450953
LR,enron,pr,1.0,0.6874314542662865,0.0031028478997603133
LR,enron,pr,1.0,0.6875822729267222,0.0031028961224466283
LR,enron,pr,1.0,0.6877331577792407,0.0031033042210032763
LR,enron,pr,1.0,0.6878841088674276,0.0031062478597865205
LR,enron,pr,1.0,0.6880351262349067,0.0031100819657568063
LR,enron,pr,1.0,0.6881862099253404,0.0031110626841640786
LR,enron,pr,1.0,0.6883373599824292,0.003115990506490201
LR,enron,pr,1.0,0.6884885764499121,0.0031193825290795085
LR,enron,pr,1.0,0.6886398593715667,0.0031220538302737843
LR,enron,pr,1.0,0.6887912087912088,0.003123529383349453
LR,enron,pr,1.0,0.6889426247526929,0.0031295633593089395
LR,enron,pr,1.0,0.689094107299912,0.0031333690054995934
LR,enron,pr,1.0,0.6892456564767979,0.0031373555907909267
LR,enron,pr,1.0,0.6893972723273207,0.003142673513833767
LR,enron,pr,1.0,0.6895489548954895,0.003142847393461648
LR,enron,pr,1.0,0.6897007042253521,0.003146524916262475
LR,enron,pr,1.0,0.689852520360995,0.003148418673541774
LR,enron,pr,1.0,0.6900044033465433,0.0031491433078317485
LR,enron,pr,1.0,0.6901563532261616,0.003154061738157541
LR,enron,pr,1.0,0.6903083700440529,0.003154573957464524
LR,enron,pr,1.0,0.6904604538444591,0.0031562510447993475
LR,enron,pr,1.0,0.6906126046716615,0.003156890712055544
LR,enron,pr,1.0,0.6907648225699802,0.003157046186263435
LR,enron,pr,1.0,0.6909171075837742,0.0031573032945841355
LR,enron,pr,1.0,0.6910694597574422,0.0031577269343478986
LR,enron,pr,1.0,0.6912218791354212,0.0031601299068465985
LR,enron,pr,1.0,0.6913743657621884,0.003164672583945582
LR,enron,pr,1.0,0.6915269196822594,0.0031651926459581015
LR,enron,pr,1.0,0.6916795409401898,0.0031709533801496125
LR,enron,pr,1.0,0.691832229580574,0.00317134928951668
LR,enron,pr,1.0,0.6919849856480459,0.0031717557472279744
LR,enron,pr,1.0,0.6921378091872792,0.0031734632671755487
LR,enron,pr,1.0,0.6922907002429866,0.0031741245677656873
LR,enron,pr,1.0,0.6924436588599204,0.003178011992778737
LR,enron,pr,1.0,0.692596685082873,0.0031816216732566006
LR,enron,pr,1.0,0.6927497789566756,0.0031868881770019133
LR,enron,pr,1.0,0.6929029405261994,0.00318706122916522
LR,enron,pr,1.0,0.6930561698363555,0.00319305778007059
LR,enron,pr,1.0,0.6932094669320946,0.0031938671127585264
LR,enron,pr,1.0,0.6933628318584071,0.0032034104713404453
LR,enron,pr,1.0,0.6935162646603231,0.003208333041499098
LR,enron,pr,1.0,0.6936697653829128,0.0032138633329905227
LR,enron,pr,1.0,0.6938233340712863,0.003220093247954092
LR,enron,pr,1.0,0.6939769707705934,0.0032266961079142737
LR,enron,pr,1.0,0.6941306755260244,0.003236090769801479
LR,enron,pr,1.0,0.694284448382809,0.003249122896467571
LR,enron,pr,1.0,0.6944382893862175,0.00325047210341634
LR,enron,pr,1.0,0.6945921985815603,0.003255302847610604
LR,enron,pr,1.0,0.6947461760141875,0.003255971728824161
LR,enron,pr,1.0,0.6949002217294901,0.0032626399431426043
LR,enron,pr,1.0,0.6950543357728987,0.003271864416596715
LR,enron,pr,1.0,0.6952085181898846,0.0032758883016283406
LR,enron,pr,1.0,0.6953627690259596,0.003276888329799206
LR,enron,pr,1.0,0.6955170883266756,0.0032784912714024
LR,enron,pr,1.0,0.6956714761376248,0.0032798814770223957
LR,enron,pr,1.0,0.6958259325044405,0.0032837774862255744
LR,enron,pr,1.0,0.6959804574727959,0.003286067590340478
LR,enron,pr,1.0,0.6961350510884051,0.0032868970802663114
LR,enron,pr,1.0,0.6964444444444444,0.0032873730298599085
LR,enron,pr,1.0,0.6965992442765059,0.0032897331222799986
LR,enron,pr,1.0,0.6967541129390841,0.0032940371561377595
LR,enron,pr,1.0,0.6969090504780965,0.0032986811424701302
LR,enron,pr,1.0,0.6970640569395018,0.003315598945411237
LR,enron,pr,1.0,0.6972191323692992,0.003318493940665721
LR,enron,pr,1.0,0.6973742768135291,0.0033190019568168205
LR,enron,pr,1.0,0.6975294903182728,0.0033201800702771078
LR,enron,pr,1.0,0.6976847729296527,0.003320860421500515
LR,enron,pr,1.0,0.697840124693832,0.003322116737633106
LR,enron,pr,1.0,0.6979955456570156,0.0033260813396914987
LR,enron,pr,1.0,0.6981510358654489,0.0033271927780700967
LR,enron,pr,1.0,0.698306595365419,0.0033284150804992717
LR,enron,pr,1.0,0.6984622242032539,0.003332055629826301
LR,enron,pr,1.0,0.6986179224253233,0.0033344608994820115
LR,enron,pr,1.0,0.6987736900780379,0.003336169491589768
LR,enron,pr,1.0,0.6989295272078502,0.003336196756236333
LR,enron,pr,1.0,0.6990854338612537,0.0033393262912371035
LR,enron,pr,1.0,0.6992414100847836,0.0033398744207212075
LR,enron,pr,1.0,0.6993974559250168,0.0033416786256782413
LR,enron,pr,1.0,0.6995535714285714,0.003342067889724711
LR,enron,pr,1.0,0.6997097566421077,0.003342422485484187
LR,enron,pr,1.0,0.699866011612327,0.003344017990480908
LR,enron,pr,1.0,0.7000223363859728,0.0033459921515704596
LR,enron,pr,1.0,0.7001787310098302,0.0033462452606333494
LR,enron,pr,1.0,0.7003351955307262,0.003348872595319239
LR,enron,pr,1.0,0.7004917299955298,0.003350146369438116
LR,enron,pr,1.0,0.7006483344511514,0.003351522809790266
LR,enron,pr,1.0,0.7008050089445438,0.003352553873644077
LR,enron,pr,1.0,0.7009617535227018,0.003356682350694763
LR,enron,pr,1.0,0.7011185682326622,0.003359731250924127
LR,enron,pr,1.0,0.7012754531215037,0.003360353787133695
LR,enron,pr,1.0,0.7014324082363473,0.0033604531915231027
LR,enron,pr,1.0,0.7015894336243564,0.003364869170336566
LR,enron,pr,1.0,0.7017465293327362,0.0033653079102551635
LR,enron,pr,1.0,0.7019036954087347,0.003366202426769527
LR,enron,pr,1.0,0.7020609318996416,0.003370291001655538
LR,enron,pr,1.0,0.7022182388527896,0.0033706546522098368
LR,enron,pr,1.0,0.7023756163155536,0.0033714260665840164
LR,enron,pr,1.0,0.7025330643353508,0.00337234960671325
LR,enron,pr,1.0,0.7026905829596413,0.003384531962430829
LR,enron,pr,1.0,0.7028481722359273,0.003388446650830282
LR,enron,pr,1.0,0.7030058322117542,0.0033898592764358883
LR,enron,pr,1.0,0.7031635629347095,0.0033907951599216743
LR,enron,pr,1.0,0.7033213644524237,0.003395805323647113
LR,enron,pr,1.0,0.7034792368125702,0.003397841558047854
LR,enron,pr,1.0,0.7036371800628648,0.003399504437934044
LR,enron,pr,1.0,0.7037951942510667,0.0034024840903252042
LR,enron,pr,1.0,0.7039532794249775,0.003402839016894058
LR,enron,pr,1.0,0.7041114356324422,0.0034062893434109206
LR,enron,pr,1.0,0.7042696629213483,0.0034066438645721053
LR,enron,pr,1.0,0.7044279613396269,0.0034084846759438584
LR,enron,pr,1.0,0.7045863309352518,0.0034114318945626144
LR,enron,pr,1.0,0.7047447717562402,0.0034221707584534463
LR,enron,pr,1.0,0.7049032838506523,0.0034237002071390477
LR,enron,pr,1.0,0.7050618672665917,0.0034240194510521955
LR,enron,pr,1.0,0.7052205220522052,0.0034277422955599655
LR,enron,pr,1.0,0.7053792482556831,0.0034293583897951436
LR,enron,pr,1.0,0.7055380459252589,0.003429928010789432
LR,enron,pr,1.0,0.7056969151092096,0.0034305218966572456
LR,enron,pr,1.0,0.7058558558558559,0.003433791293429997
LR,enron,pr,1.0,0.7060148682135616,0.003434867472012526
LR,enron,pr,1.0,0.7061739522307345,0.00343556066170954
LR,enron,pr,1.0,0.706333107955826,0.0034388896309069474
LR,enron,pr,1.0,0.7064923354373309,0.0034481653369594673
LR,enron,pr,1.0,0.706651634723788,0.003452134708300505
LR,enron,pr,1.0,0.7068110058637799,0.0034581524037475848
LR,enron,pr,1.0,0.7069704489059327,0.0034617953444395573
LR,enron,pr,1.0,0.7071299638989169,0.003462038202352763
LR,enron,pr,1.0,0.7072895508914466,0.003463210563144335
LR,enron,pr,1.0,0.7074492099322799,0.003465160549545474
LR,enron,pr,1.0,0.707608941070219,0.0034685453738321956
LR,enron,pr,1.0,0.7077687443541102,0.003472627590042443
LR,enron,pr,1.0,0.7079286198328439,0.003474395951151093
LR,enron,pr,1.0,0.7080885675553548,0.0034761602923299093
LR,enron,pr,1.0,0.7082485875706215,0.003493516845275528
LR,enron,pr,1.0,0.7084086799276673,0.0034960141019976234
LR,enron,pr,1.0,0.7085688446755596,0.003501672347819124
LR,enron,pr,1.0,0.7087290818634102,0.003505604519141384
LR,enron,pr,1.0,0.7088893915403754,0.003507240513806469
LR,enron,pr,1.0,0.7090497737556561,0.0035074164434701445
LR,enron,pr,1.0,0.7092102285584974,0.0035135614445702145
LR,enron,pr,1.0,0.7093707559981892,0.0035147237771392947
LR,enron,pr,1.0,0.7095313561240661,0.003514964920557865
LR,enron,pr,1.0,0.7096920289855072,0.003518164288748321
LR,enron,pr,1.0,0.7098527746319366,0.0035206821470430967
LR,enron,pr,1.0,0.7100135931128229,0.003521149327371255
LR,enron,pr,1.0,0.7101744844776796,0.0035282915546902232
LR,enron,pr,1.0,0.7103354487760652,0.003528926966713929
LR,enron,pr,1.0,0.7106575963718821,0.003529896341145018
LR,enron,pr,1.0,0.710818779768655,0.0035323113364514585
LR,enron,pr,1.0,0.7109800362976406,0.003532682987105595
LR,enron,pr,1.0,0.7111413660086227,0.0035342775590655887
LR,enron,pr,1.0,0.7113027689514299,0.0035378134563351996
LR,enron,pr,1.0,0.7114642451759364,0.003541316732504735
LR,enron,pr,1.0,0.7116257947320618,0.0035436170239849948
LR,enron,pr,1.0,0.7117874176697706,0.0035496752630673383
LR,enron,pr,1.0,0.7119491140390731,0.0035516283044895224
LR,enron,pr,1.0,0.712110883890025,0.0035538008424793347
LR,enron,pr,1.0,0.7124346442373267,0.0035541837363390664
LR,enron,pr,1.0,0.7125966348340155,0.0035629858855323352
LR,enron,pr,1.0,0.7127586991130316,0.003565938946579854
LR,enron,pr,1.0,0.7129208371246588,0.003568253083273968
LR,enron,pr,1.0,0.7130830489192264,0.0035726850642286805
LR,enron,pr,1.0,0.7132453345471097,0.0035751572016564357
LR,enron,pr,1.0,0.7135701275045537,0.003582747090043821
LR,enron,pr,1.0,0.7137326349350945,0.0035855385145513487
LR,enron,pr,1.0,0.7138952164009111,0.003586326114916232
LR,enron,pr,1.0,0.7140578719526088,0.0035872549253264776
LR,enron,pr,1.0,0.7142206016408387,0.003603554606375574
LR,enron,pr,1.0,0.7143834055162982,0.0036047355870587445
LR,enron,pr,1.0,0.7145462836297309,0.0036166590734848895
LR,enron,pr,1.0,0.714709236031927,0.00362473321057662
LR,enron,pr,1.0,0.7148722627737226,0.0036281224614737916
LR,enron,pr,1.0,0.7150353639060004,0.0036314451994273315
LR,enron,pr,1.0,0.7151985394796896,0.0036321235711193225
LR,enron,pr,1.0,0.7153617895457658,0.0036350153350473272
LR,enron,pr,1.0,0.7155251141552511,0.0036356968521813146
LR,enron,pr,1.0,0.7156885133592145,0.003638376558860431
LR,enron,pr,1.0,0.7160155357550834,0.0036422401115281462
LR,enron,pr,1.0,0.7161791590493601,0.003651326028832867
LR,enron,pr,1.0,0.7163428571428572,0.0036607884116996586
LR,enron,pr,1.0,0.716506630086877,0.003661707526281244
LR,enron,pr,1.0,0.7166704779327693,0.003662680089825372
LR,enron,pr,1.0,0.7168344007319305,0.0036670039732002112
LR,enron,pr,1.0,0.7169983985358042,0.003673585702482183
LR,enron,pr,1.0,0.717162471395881,0.003677616898423261
LR,enron,pr,1.0,0.7173266193636988,0.0036806921623849793
LR,enron,pr,1.0,0.7174908424908425,0.003680798801285472
LR,enron,pr,1.0,0.7176551408289443,0.0036869162435732607
LR,enron,pr,1.0,0.717819514429684,0.0036976362492817045
LR,enron,pr,1.0,0.7183130873252349,0.0036978824603927673
LR,enron,pr,1.0,0.7184777624942686,0.003699140306040012
LR,enron,pr,1.0,0.7186425131850493,0.0036992519467404696
LR,enron,pr,1.0,0.7188073394495413,0.003703149479392449
LR,enron,pr,1.0,0.7189722413397568,0.003715059267431078
LR,enron,pr,1.0,0.7191372189077558,0.003715462769262806
LR,enron,pr,1.0,0.7193022722056461,0.0037226310380951157
LR,enron,pr,1.0,0.7194674012855831,0.003724871883408078
LR,enron,pr,1.0,0.7196326061997704,0.0037451300767342524
LR,enron,pr,1.0,0.7197978870004593,0.003747523518947809
LR,enron,pr,1.0,0.7199632437399495,0.003757461571945
LR,enron,pr,1.0,0.7201286764705882,0.003762362639200054
LR,enron,pr,1.0,0.7202941852447713,0.003763856129945618
LR,enron,pr,1.0,0.7204597701149426,0.0037737877677504078
LR,enron,pr,1.0,0.7206254311335939,0.0037753533767861396
LR,enron,pr,1.0,0.7207911683532658,0.003776438018959153
LR,enron,pr,1.0,0.720956981826547,0.0037796442754985445
LR,enron,pr,1.0,0.7211228716060746,0.003784861127565943
LR,enron,pr,1.0,0.7212888377445339,0.00378575799538542
LR,enron,pr,1.0,0.7214548802946593,0.003787329719597908
LR,enron,pr,1.0,0.7216209993092333,0.003790578383735558
LR,enron,pr,1.0,0.7217871948410871,0.003791704180049188
LR,enron,pr,1.0,0.7219534669431007,0.003797290305092627
LR,enron,pr,1.0,0.7221198156682027,0.00379845408395047
LR,enron,pr,1.0,0.7222862410693708,0.003801619180804049
LR,enron,pr,1.0,0.7224527431996312,0.003810527232181803
LR,enron,pr,1.0,0.722619322112059,0.003810778488183528
LR,enron,pr,1.0,0.7227859778597786,0.0038108661154802204
LR,enron,pr,1.0,0.7229527104959631,0.0038184027614204057
LR,enron,pr,1.0,0.7231195200738348,0.003826748108913749
LR,enron,pr,1.0,0.7232864066466651,0.003828171901030084
LR,enron,pr,1.0,0.7234533702677747,0.0038312664548396298
LR,enron,pr,1.0,0.7236204109905333,0.0038313455857935256
LR,enron,pr,1.0,0.7237875288683603,0.003834818992630062
LR,enron,pr,1.0,0.7239547239547239,0.003836552524493033
LR,enron,pr,1.0,0.7241219963031423,0.0038448671701828956
LR,enron,pr,1.0,0.7242893459671828,0.0038490237903577897
LR,enron,pr,1.0,0.7244567730004623,0.0038543404303963513
LR,enron,pr,1.0,0.7246242774566474,0.003856779195360017
LR,enron,pr,1.0,0.7247918593894542,0.003872034241957958
LR,enron,pr,1.0,0.7249595188526486,0.003874379650031631
LR,enron,pr,1.0,0.7251272559000462,0.003877952585703316
LR,enron,pr,1.0,0.7252950705855126,0.0038793739431114325
LR,enron,pr,1.0,0.725462962962963,0.0038807029889928696
LR,enron,pr,1.0,0.7256309330863626,0.0038820759557273267
LR,enron,pr,1.0,0.7257989810097267,0.0038852995243940326
LR,enron,pr,1.0,0.7259671067871207,0.003889340721774629
LR,enron,pr,1.0,0.7261353104726599,0.003889805176853941
LR,enron,pr,1.0,0.7263035921205099,0.003891450574328721
LR,enron,pr,1.0,0.7264719517848864,0.0038957420376226222
LR,enron,pr,1.0,0.7266403895200556,0.003896503896011396
LR,enron,pr,1.0,0.7268089053803339,0.0038978209296669283
LR,enron,pr,1.0,0.7269774994200882,0.0038979487281699727
LR,enron,pr,1.0,0.7271461716937355,0.00389909393041394
LR,enron,pr,1.0,0.7273149222557438,0.003909976589774985
LR,enron,pr,1.0,0.7274837511606314,0.00391253198964698
LR,enron,pr,1.0,0.7276526584629672,0.003920528019362164
LR,enron,pr,1.0,0.727821644217371,0.003922239651078121
LR,enron,pr,1.0,0.7279907084785133,0.003924711822946341
LR,enron,pr,1.0,0.7281598513011153,0.003927383109035051
LR,enron,pr,1.0,0.7283290727399488,0.003933880009783996
LR,enron,pr,1.0,0.7284983728498373,0.0039355349635486715
LR,enron,pr,1.0,0.7286677516856545,0.003936003756023872
LR,enron,pr,1.0,0.7288372093023255,0.0039361036858277555
LR,enron,pr,1.0,0.7290067457548267,0.003937155589354025
LR,enron,pr,1.0,0.7291763610981852,0.003940200872779219
LR,enron,pr,1.0,0.7293460553874797,0.003944957277323395
LR,enron,pr,1.0,0.7295158286778398,0.0039501037985585725
LR,enron,pr,1.0,0.7296856810244471,0.003950520537159283
LR,enron,pr,1.0,0.7298556124825337,0.003962283406366442
LR,enron,pr,1.0,0.7300256231073841,0.00396438112500306
LR,enron,pr,1.0,0.7301957129543336,0.003965013255632393
LR,enron,pr,1.0,0.7303658820787695,0.003968648565111392
LR,enron,pr,1.0,0.7305361305361305,0.003973730724792181
LR,enron,pr,1.0,0.7307064583819072,0.0039823755430906434
LR,enron,pr,1.0,0.7308768656716418,0.0039841568719609834
LR,enron,pr,1.0,0.7310473524609283,0.003996159691300012
LR,enron,pr,1.0,0.731217918805413,0.003996512729158679
LR,enron,pr,1.0,0.7313885647607935,0.0039970123833414015
LR,enron,pr,1.0,0.7315592903828197,0.004002170698997704
LR,enron,pr,1.0,0.731730095727294,0.0040034089911117135
LR,enron,pr,1.0,0.73190098085007,0.004004921475649557
LR,enron,pr,1.0,0.7320719458070545,0.0040078422786259315
LR,enron,pr,1.0,0.7322429906542056,0.004010480852466415
LR,enron,pr,1.0,0.7324141154475344,0.004013698683195889
LR,enron,pr,1.0,0.7325853202431043,0.004020139764346419
LR,enron,pr,1.0,0.7327566050970307,0.004022482333586277
LR,enron,pr,1.0,0.7329279700654817,0.004028210152861248
LR,enron,pr,1.0,0.7330994152046784,0.004029163175053201
LR,enron,pr,1.0,0.733442546220454,0.004037640754215866
LR,enron,pr,1.0,0.7336142322097379,0.004042330606386342
LR,enron,pr,1.0,0.7337859985951768,0.004050994104587401
LR,enron,pr,1.0,0.7339578454332553,0.004055828131966042
LR,enron,pr,1.0,0.7341297727805106,0.004060248819478646
LR,enron,pr,1.0,0.7343017806935332,0.004060259844078279
LR,enron,pr,1.0,0.7344738692289665,0.004060583189921149
LR,enron,pr,1.0,0.7346460384435068,0.004062511550466751
LR,enron,pr,1.0,0.7348182883939038,0.004066557615401826
LR,enron,pr,1.0,0.7349906191369606,0.004070686894317099
LR,enron,pr,1.0,0.7353355232285312,0.004075209986758732
LR,enron,pr,1.0,0.7355080966909177,0.004076102384106523
LR,enron,pr,1.0,0.7356807511737089,0.00407614601458766
LR,enron,pr,1.0,0.7358534867339751,0.004082775982098118
LR,enron,pr,1.0,0.7360263034288398,0.004092229178309871
LR,enron,pr,1.0,0.7361992013154803,0.004093455211528135
LR,enron,pr,1.0,0.7363721804511278,0.004098790381723258
LR,enron,pr,1.0,0.7365452408930669,0.004101977311791466
LR,enron,pr,1.0,0.7368916059252293,0.004105154574880899
LR,enron,pr,1.0,0.7370649106302917,0.004110680056431834
LR,enron,pr,1.0,0.7372382968713244,0.0041118291865900655
LR,enron,pr,1.0,0.7374117647058823,0.00411231531671667
LR,enron,pr,1.0,0.7375853141915745,0.004121767954054713
LR,enron,pr,1.0,0.737758945386064,0.004127839865013238
LR,enron,pr,1.0,0.7379326583470686,0.004129303484902369
LR,enron,pr,1.0,0.7381064531323599,0.004134400393003923
LR,enron,pr,1.0,0.7382803297997644,0.004142598594535357
LR,enron,pr,1.0,0.7384542884071631,0.004155154330749287
LR,enron,pr,1.0,0.7386283290124912,0.004156244382130634
LR,enron,pr,1.0,0.7388024516737388,0.004156494872796056
LR,enron,pr,1.0,0.7389766564489507,0.004162657094499788
LR,enron,pr,1.0,0.7391509433962264,0.004163067644106289
LR,enron,pr,1.0,0.7393253125737203,0.004170302041477766
LR,enron,pr,1.0,0.7394997640396413,0.004173174076896877
LR,enron,pr,1.0,0.7396742978522539,0.004177337015091323
LR,enron,pr,1.0,0.7398489140698773,0.0041797984210245765
LR,enron,pr,1.0,0.7400236127508855,0.004184352502193846
LR,enron,pr,1.0,0.7401983939537081,0.0041887701683373845
LR,enron,pr,1.0,0.7403732577368297,0.004192498613738195
LR,enron,pr,1.0,0.7405482041587902,0.004197527502538626
LR,enron,pr,1.0,0.7407232332781848,0.004202854530362509
LR,enron,pr,1.0,0.7408983451536643,0.004208898643490683
LR,enron,pr,1.0,0.7410735398439348,0.004210573222916156
LR,enron,pr,1.0,0.7412488174077578,0.004212368223678401
LR,enron,pr,1.0,0.7414241779039508,0.004215970079223427
LR,enron,pr,1.0,0.7415996213913867,0.004227738011910454
LR,enron,pr,1.0,0.7417751479289941,0.004236236652963589
LR,enron,pr,1.0,0.7419507575757576,0.0042451601449253005
LR,enron,pr,1.0,0.7421264503907175,0.004251865252655343
LR,enron,pr,1.0,0.7423022264329702,0.004260986506694075
LR,enron,pr,1.0,0.7424780857616678,0.004263195170871755
LR,enron,pr,1.0,0.7426540284360189,0.00426574251021295
LR,enron,pr,1.0,0.7428300545152879,0.004266148129735978
LR,enron,pr,1.0,0.7430061640587956,0.004269377111187251
LR,enron,pr,1.0,0.7431823571259188,0.004270776721288411
LR,enron,pr,1.0,0.7433586337760911,0.00427100870250537
LR,enron,pr,1.0,0.7435349940688019,0.004273160239807871
LR,enron,pr,1.0,0.7437114380635975,0.00427394069788426
LR,enron,pr,1.0,0.7438879658200807,0.004278389852811213
LR,enron,pr,1.0,0.7440645773979108,0.004278885803760461
LR,enron,pr,1.0,0.7442412728568036,0.004282031881172427
LR,enron,pr,1.0,0.744418052256532,0.004284920599620841
LR,enron,pr,1.0,0.7445949156569256,0.0042873408502448205
LR,enron,pr,1.0,0.7447718631178707,0.004290066881419215
LR,enron,pr,1.0,0.7449488946993107,0.004293010189804272
LR,enron,pr,1.0,0.7451260104612458,0.004294138937661112
LR,enron,pr,1.0,0.7453032104637336,0.004294232957846879
LR,enron,pr,1.0,0.7454804947668887,0.004294351353848243
LR,enron,pr,1.0,0.7456578634308827,0.0042986702019134565
LR,enron,pr,1.0,0.7460128540823613,0.004301520232052185
LR,enron,pr,1.0,0.7461904761904762,0.004301954277895768
LR,enron,pr,1.0,0.7463681829006906,0.004309136798155593
LR,enron,pr,1.0,0.7465459742734636,0.004309286850195569
LR,enron,pr,1.0,0.7467238503693114,0.004313669064552873
LR,enron,pr,1.0,0.7469018112488084,0.004318554658677116
LR,enron,pr,1.0,0.7470798569725864,0.00432055770981601
LR,enron,pr,1.0,0.7472579876013352,0.0043316760919939554
LR,enron,pr,1.0,0.7474362031958025,0.004348051240091243
LR,enron,pr,1.0,0.7476145038167938,0.0043490143852139285
LR,enron,pr,1.0,0.747792889525173,0.0043498828307921445
LR,enron,pr,1.0,0.7479713603818616,0.004355393737995943
LR,enron,pr,1.0,0.7481499164478396,0.004359325281587098
LR,enron,pr,1.0,0.7483285577841452,0.004374122346230458
LR,enron,pr,1.0,0.7485072844518749,0.004377904799702552
LR,enron,pr,1.0,0.7486860965121834,0.004380596298408621
LR,enron,pr,1.0,0.7488649940262844,0.0043807146754531725
LR,enron,pr,1.0,0.7490439770554493,0.004392614610643154
LR,enron,pr,1.0,0.7492230456610088,0.004399997069495473
LR,enron,pr,1.0,0.749402199904352,0.004410159834565027
LR,enron,pr,1.0,0.7495814398469266,0.004413119205591833
LR,enron,pr,1.0,0.7497607655502392,0.004414024207944425
LR,enron,pr,1.0,0.7499401770758555,0.004420887251430557
LR,enron,pr,1.0,0.7501196744853997,0.004421476881457497
LR,enron,pr,1.0,0.7502992578405554,0.00442235678554367
LR,enron,pr,1.0,0.7504789272030651,0.004425971976009385
LR,enron,pr,1.0,0.7506586826347306,0.0044267139748626685
LR,enron,pr,1.0,0.7508385241974126,0.0044328441212162124
LR,enron,pr,1.0,0.7510184519530314,0.004433389590661612
LR,enron,pr,1.0,0.7511984659635667,0.00443729550221176
LR,enron,pr,1.0,0.7513785662910573,0.004438866886406651
LR,enron,pr,1.0,0.7515587529976019,0.004442711849613302
LR,enron,pr,1.0,0.7519193857965452,0.004451404780460994
LR,enron,pr,1.0,0.7520998320134389,0.004453863944523457
LR,enron,pr,1.0,0.7522803648583773,0.004456581732801258
LR,enron,pr,1.0,0.7524609843937575,0.004457825666693512
LR,enron,pr,1.0,0.7526416906820365,0.00446079551970294
LR,enron,pr,1.0,0.7528224837857315,0.004460823230382161
LR,enron,pr,1.0,0.7530033637674195,0.004462173373488442
LR,enron,pr,1.0,0.753184330689738,0.004463711324516918
LR,enron,pr,1.0,0.7533653846153846,0.004469992628136264
LR,enron,pr,1.0,0.7535465256071171,0.00447540726912823
LR,enron,pr,1.0,0.7537277537277537,0.00447671917381955
LR,enron,pr,1.0,0.7539090690401732,0.004478494123575684
LR,enron,pr,1.0,0.7540904716073147,0.0044807495086182855
LR,enron,pr,1.0,0.7542719614921781,0.004492400311679555
LR,enron,pr,1.0,0.7544535387578238,0.00449384519185246
LR,enron,pr,1.0,0.754635203467373,0.004494710395271541
LR,enron,pr,1.0,0.7548169556840078,0.0045001505580630164
LR,enron,pr,1.0,0.7549987954709708,0.0045008266268010315
LR,enron,pr,1.0,0.7551807228915662,0.004510306275433298
LR,enron,pr,1.0,0.7553627380091589,0.004510753666537973
LR,enron,pr,1.0,0.7555448408871746,0.00451481009512674
LR,enron,pr,1.0,0.7557270315891006,0.004519338875004091
LR,enron,pr,1.0,0.7559093101784853,0.004519841837586954
LR,enron,pr,1.0,0.7560916767189385,0.004521578757176578
LR,enron,pr,1.0,0.7562741312741312,0.004522155607545029
LR,enron,pr,1.0,0.7564566739077963,0.004533567926420189
LR,enron,pr,1.0,0.7566393046837276,0.004536585137660785
LR,enron,pr,1.0,0.7568220236657812,0.004539572087511622
LR,enron,pr,1.0,0.7570048309178744,0.004548338323894839
LR,enron,pr,1.0,0.7571877265039865,0.004549189609569496
LR,enron,pr,1.0,0.7573707104881585,0.004549832770601247
LR,enron,pr,1.0,0.7575537829344936,0.004557389635055795
LR,enron,pr,1.0,0.7577369439071566,0.004559205383373151
LR,enron,pr,1.0,0.7579201934703749,0.004563448975738802
LR,enron,pr,1.0,0.7581035316884374,0.004564396952781372
LR,enron,pr,1.0,0.7582869586256956,0.00456628210465155
LR,enron,pr,1.0,0.7584704743465635,0.004566656221610518
LR,enron,pr,1.0,0.7586540789155168,0.004568898339713087
LR,enron,pr,1.0,0.7588377723970944,0.004588497628297501
LR,enron,pr,1.0,0.7590215548558973,0.0046014742641328505
LR,enron,pr,1.0,0.7592054263565892,0.004602245859059518
LR,enron,pr,1.0,0.7593893869638962,0.004616519693304556
LR,enron,pr,1.0,0.7595734367426078,0.004618818335551946
LR,enron,pr,1.0,0.7597575757575757,0.004624372805242772
LR,enron,pr,1.0,0.7599418040737148,0.0046351200868204896
LR,enron,pr,1.0,0.7601261217560029,0.00463629033220972
LR,enron,pr,1.0,0.7603105288694808,0.004638040551318986
LR,enron,pr,1.0,0.7604950254792526,0.004639790939314402
LR,enron,pr,1.0,0.7606796116504855,0.00465922418877206
LR,enron,pr,1.0,0.7608642874484098,0.004668071692957081
LR,enron,pr,1.0,0.7610490529383196,0.0046802240532220684
LR,enron,pr,1.0,0.761233908185572,0.004692609746312605
LR,enron,pr,1.0,0.761418853255588,0.0046970358295674005
LR,enron,pr,1.0,0.7616038882138517,0.004697109320021062
LR,enron,pr,1.0,0.7617890131259115,0.004705522418658906
LR,enron,pr,1.0,0.7621595330739299,0.004709693941538844
LR,enron,pr,1.0,0.7623449282413038,0.004714270482031009
LR,enron,pr,1.0,0.7625304136253042,0.004724107277415478
LR,enron,pr,1.0,0.7627159892917985,0.004724957530606277
LR,enron,pr,1.0,0.7629016553067186,0.004729826147505587
LR,enron,pr,1.0,0.7630874117360604,0.004742700991089728
LR,enron,pr,1.0,0.763273258645884,0.004745271089800275
LR,enron,pr,1.0,0.7634591961023143,0.004750635033105598
LR,enron,pr,1.0,0.76364522417154,0.004751946236109176
LR,enron,pr,1.0,0.7638313429198148,0.00475360432940906
LR,enron,pr,1.0,0.7640175524134568,0.004754881829827829
LR,enron,pr,1.0,0.764203852718849,0.0047711225620477435
LR,enron,pr,1.0,0.764390243902439,0.004783194125992332
LR,enron,pr,1.0,0.7645767260307392,0.004788890195480058
LR,enron,pr,1.0,0.764763299170327,0.004789524989856815
LR,enron,pr,1.0,0.7649499633878447,0.004790837584376412
LR,enron,pr,1.0,0.76513671875,0.004793063329266108
LR,enron,pr,1.0,0.7653235653235653,0.004802689601870846
LR,enron,pr,1.0,0.7655105031753786,0.004810967678565873
LR,enron,pr,1.0,0.7656975323723431,0.004813073016392035
LR,enron,pr,1.0,0.7658846529814272,0.004819563964607672
LR,enron,pr,1.0,0.7660718650696651,0.004822901290997324
LR,enron,pr,1.0,0.7662591687041564,0.004823422629507102
LR,enron,pr,1.0,0.7664465639520666,0.004828619244085206
LR,enron,pr,1.0,0.7666340508806262,0.004828686468577246
LR,enron,pr,1.0,0.7668216295571324,0.004828806045353711
LR,enron,pr,1.0,0.7670093000489476,0.00482981951400865
LR,enron,pr,1.0,0.7671970624235006,0.0048401868896092645
LR,enron,pr,1.0,0.767384916748286,0.004846521990453477
LR,enron,pr,1.0,0.7675728630908646,0.004849876840334332
LR,enron,pr,1.0,0.7677609015188633,0.004873487708877903
LR,enron,pr,1.0,0.7679490320999754,0.00488012642231734
LR,enron,pr,1.0,0.7681372549019608,0.004883155200904755
LR,enron,pr,1.0,0.7683255699926452,0.004886522570759507
LR,enron,pr,1.0,0.7685139774399216,0.004886823050682852
LR,enron,pr,1.0,0.7687024773117488,0.004892181111655326
LR,enron,pr,1.0,0.7688910696761531,0.004893064043365011
LR,enron,pr,1.0,0.769079754601227,0.004897600216711769
LR,enron,pr,1.0,0.7692685321551301,0.0048987066626457075
LR,enron,pr,1.0,0.7694574024060888,0.004901431154324114
LR,enron,pr,1.0,0.7696463654223968,0.004905237190465581
LR,enron,pr,1.0,0.7698354212724147,0.004907189065674482
LR,enron,pr,1.0,0.77002457002457,0.004916932866642128
LR,enron,pr,1.0,0.770213811747358,0.0049243982962147576
LR,enron,pr,1.0,0.7704031465093412,0.004932532337051581
LR,enron,pr,1.0,0.7705925743791493,0.004935402112408583
LR,enron,pr,1.0,0.7711614173228346,0.004936972220015074
LR,enron,pr,1.0,0.7713512183115924,0.004937409790939127
LR,enron,pr,1.0,0.7715411127523387,0.004944455806947593
LR,enron,pr,1.0,0.7717311007141098,0.004960159955712012
LR,enron,pr,1.0,0.7719211822660098,0.004961746348232479
LR,enron,pr,1.0,0.7721113574772112,0.0049678553607881695
LR,enron,pr,1.0,0.7723016264169542,0.004968258358514048
LR,enron,pr,1.0,0.7724919891545476,0.004971515108961027
LR,enron,pr,1.0,0.7726824457593688,0.004972224916221292
LR,enron,pr,1.0,0.7728729963008631,0.004973790364993617
LR,enron,pr,1.0,0.7730636408485446,0.004985019181811773
LR,enron,pr,1.0,0.773254379471996,0.004987901415503902
LR,enron,pr,1.0,0.7734452122408687,0.004988825990555521
LR,enron,pr,1.0,0.7736361392248827,0.004990495276645415
LR,enron,pr,1.0,0.7738271604938272,0.004995349118742328
LR,enron,pr,1.0,0.7740182761175599,0.005001655320012595
LR,enron,pr,1.0,0.7742094861660079,0.005008034627532651
LR,enron,pr,1.0,0.7744007907091672,0.005015661177813877
LR,enron,pr,1.0,0.7745921898171033,0.005018072391731067
LR,enron,pr,1.0,0.7747836835599505,0.005025255720643546
LR,enron,pr,1.0,0.7749752720079129,0.005033375810317917
LR,enron,pr,1.0,0.7751669552312639,0.005038387009344186
LR,enron,pr,1.0,0.7753587333003463,0.005051582083898263
LR,enron,pr,1.0,0.7755506062855729,0.005055438773451494
LR,enron,pr,1.0,0.7757425742574258,0.005056747260122748
LR,enron,pr,1.0,0.7759346372864571,0.005066475391082026
LR,enron,pr,1.0,0.7761267954432888,0.005067399858551878
LR,enron,pr,1.0,0.7763190487986128,0.005083665984121774
LR,enron,pr,1.0,0.7765113974231913,0.005092426423055614
LR,enron,pr,1.0,0.7767038413878563,0.005092906972118077
LR,enron,pr,1.0,0.7768963807635102,0.0050961008753247
LR,enron,pr,1.0,0.7770890156211258,0.005103961510292681
LR,enron,pr,1.0,0.777281746031746,0.005105371898706921
LR,enron,pr,1.0,0.7774745720664847,0.005105704626240939
LR,enron,pr,1.0,0.777667493796526,0.005105892543804939
LR,enron,pr,1.0,0.7778605112931248,0.005109404367254848
LR,enron,pr,1.0,0.7780536246276067,0.005113056668858248
LR,enron,pr,1.0,0.7782468338713683,0.005117328006814388
LR,enron,pr,1.0,0.7784401390958768,0.005121635991898866
LR,enron,pr,1.0,0.7786335403726709,0.005132918682910064
LR,enron,pr,1.0,0.7788270377733598,0.005135808963702503
LR,enron,pr,1.0,0.7790206313696246,0.00516800201665343
LR,enron,pr,1.0,0.7792143212332173,0.005172296540475434
LR,enron,pr,1.0,0.7794081074359612,0.005172593474588932
LR,enron,pr,1.0,0.7796019900497513,0.005173575166264346
LR,enron,pr,1.0,0.7797959691465539,0.005177449877431347
LR,enron,pr,1.0,0.7799900447984072,0.005182298896683114
LR,enron,pr,1.0,0.7801842170774209,0.005184064554062963
LR,enron,pr,1.0,0.7803784860557769,0.005186206962857627
LR,enron,pr,1.0,0.7805728518057286,0.005189098356425268
LR,enron,pr,1.0,0.7807673143996013,0.005197104474590613
LR,enron,pr,1.0,0.7809618739097932,0.0052042002357443095
LR,enron,pr,1.0,0.7811565304087736,0.005214979637889404
LR,enron,pr,1.0,0.781351283969085,0.005215428563486734
LR,enron,pr,1.0,0.7815461346633417,0.0052167733921603615
LR,enron,pr,1.0,0.7817410825642305,0.005218033319125379
LR,enron,pr,1.0,0.7819361277445109,0.005221782165839375
LR,enron,pr,1.0,0.7821312702770152,0.005230983927422742
LR,enron,pr,1.0,0.782326510234648,0.005233059857278683
LR,enron,pr,1.0,0.782521847690387,0.005235058701733322
LR,enron,pr,1.0,0.7827172827172827,0.005235692460592855
LR,enron,pr,1.0,0.7829128153884587,0.005243176957630286
LR,enron,pr,1.0,0.7831084457771115,0.005249944896127987
LR,enron,pr,1.0,0.7833041739565109,0.005253594194859843
LR,enron,pr,1.0,0.7835,0.005260706431977617
LR,enron,pr,1.0,0.7836959239809953,0.005267452244823353
LR,enron,pr,1.0,0.7838919459729865,0.005269023620506166
LR,enron,pr,1.0,0.7840880660495372,0.005285772441491936
LR,enron,pr,1.0,0.7842842842842843,0.005293075893581586
LR,enron,pr,1.0,0.7844806007509387,0.0052939545741376255
LR,enron,pr,1.0,0.784677015523285,0.005297099949683861
LR,enron,pr,1.0,0.7848735286751816,0.0052983875728852894
LR,enron,pr,1.0,0.7850701402805611,0.005302066880614981
LR,enron,pr,1.0,0.7852668504134303,0.005302211986995069
LR,enron,pr,1.0,0.7854636591478696,0.005302838145072413
LR,enron,pr,1.0,0.7856605665580346,0.005303716541538146
LR,enron,pr,1.0,0.7858575727181545,0.005305647662939077
LR,enron,pr,1.0,0.7860546777025332,0.005306565023429577
LR,enron,pr,1.0,0.7862518815855494,0.005309307896210197
LR,enron,pr,1.0,0.7864491844416562,0.005310033138640861
LR,enron,pr,1.0,0.7866465863453815,0.005310807454168459
LR,enron,pr,1.0,0.7868440873713282,0.005317938003647193
LR,enron,pr,1.0,0.7870416875941738,0.005318467964984178
LR,enron,pr,1.0,0.7872393870886711,0.005326075826796095
LR,enron,pr,1.0,0.7874371859296483,0.00534103969125571
LR,enron,pr,1.0,0.787635084192008,0.005343759313125279
LR,enron,pr,1.0,0.787833081950729,0.005344457517786836
LR,enron,pr,1.0,0.788031179280865,0.005346507737419417
LR,enron,pr,1.0,0.7882293762575453,0.005349070729103451
LR,enron,pr,1.0,0.7884276729559748,0.005351376155643859
LR,enron,pr,1.0,0.7886260694514343,0.005354922472122361
LR,enron,pr,1.0,0.7888245658192802,0.005357669481634447
LR,enron,pr,1.0,0.7890231621349446,0.00537406234712462
LR,enron,pr,1.0,0.789221858473936,0.005375764132138844
LR,enron,pr,1.0,0.7894206549118388,0.005382338446579693
LR,enron,pr,1.0,0.7896195515243134,0.005391268696338237
LR,enron,pr,1.0,0.7898185483870968,0.005400613695334518
LR,enron,pr,1.0,0.7900176455760021,0.005402412881391151
LR,enron,pr,1.0,0.7902168431669188,0.005403290774585631
LR,enron,pr,1.0,0.7904161412358134,0.005407287068134864
LR,enron,pr,1.0,0.7906155398587286,0.005410455554514155
LR,enron,pr,1.0,0.790815039111784,0.005411694811741413
LR,enron,pr,1.0,0.7910146390711762,0.005421484500145386
LR,enron,pr,1.0,0.7912143398131785,0.0054287593578817295
LR,enron,pr,1.0,0.7914141414141415,0.005433526063034831
LR,enron,pr,1.0,0.7916140439504925,0.0054354970866484905
LR,enron,pr,1.0,0.7918140474987367,0.0054368461633122695
LR,enron,pr,1.0,0.7920141521354561,0.005438138548345703
LR,enron,pr,1.0,0.7922143579373104,0.005450017118858708
LR,enron,pr,1.0,0.7924146649810366,0.005457395677552348
LR,enron,pr,1.0,0.7926150733434497,0.005458623049170787
LR,enron,pr,1.0,0.792815583101442,0.00546421394662077
LR,enron,pr,1.0,0.7930161943319838,0.005466438758025914
LR,enron,pr,1.0,0.7932169071121236,0.005477362488601826
LR,enron,pr,1.0,0.7934177215189874,0.005478444305624896
LR,enron,pr,1.0,0.7936186376297797,0.005478712311969637
LR,enron,pr,1.0,0.7938196555217831,0.005478760590352872
LR,enron,pr,1.0,0.7940207752723587,0.005495958250878432
LR,enron,pr,1.0,0.7942219969589458,0.005500183306532849
LR,enron,pr,1.0,0.7944233206590621,0.00550102133067399
LR,enron,pr,1.0,0.7946247464503042,0.005505404349484734
LR,enron,pr,1.0,0.7948262744103475,0.005505790494178297
LR,enron,pr,1.0,0.7950279046169457,0.005508006923325283
LR,enron,pr,1.0,0.795229637147932,0.005527836923151979
LR,enron,pr,1.0,0.7954314720812182,0.0055315900372967615
LR,enron,pr,1.0,0.7956334094947957,0.005535399318113072
LR,enron,pr,1.0,0.7958354494667343,0.005535582708722328
LR,enron,pr,1.0,0.7960375920751841,0.005539481268760757
LR,enron,pr,1.0,0.796239837398374,0.005543829583659251
LR,enron,pr,1.0,0.7964421855146124,0.005547040024934757
LR,enron,pr,1.0,0.7966446365022878,0.005548103753447777
LR,enron,pr,1.0,0.7968471904398677,0.005552045744960708
LR,enron,pr,1.0,0.7970498474059003,0.0055695283749610065
LR,enron,pr,1.0,0.7972526074790129,0.005570387584639527
LR,enron,pr,1.0,0.7974554707379135,0.00557312098636993
LR,enron,pr,1.0,0.7976584372613896,0.005579935910987497
LR,enron,pr,1.0,0.7978615071283096,0.0055801071004748974
LR,enron,pr,1.0,0.7980646804176216,0.005588404103023678
LR,enron,pr,1.0,0.7982679572083545,0.00559709444450955
LR,enron,pr,1.0,0.7984713375796179,0.005601631983121402
LR,enron,pr,1.0,0.7986748216106014,0.0056039143117016564
LR,enron,pr,1.0,0.7988784093805761,0.005605146405628888
LR,enron,pr,1.0,0.7990821009688934,0.00561185874384284
LR,enron,pr,1.0,0.7992858964549859,0.0056138772555081795
LR,enron,pr,1.0,0.7994897959183673,0.005628070964850187
LR,enron,pr,1.0,0.7996937994386323,0.005629912623446892
LR,enron,pr,1.0,0.7998979070954568,0.0056370390293175475
LR,enron,pr,1.0,0.8001021189685984,0.0056384375931395805
LR,enron,pr,1.0,0.8003064351378958,0.00564020074308978
LR,enron,pr,1.0,0.8005108556832695,0.005642543108101358
LR,enron,pr,1.0,0.8007153806847215,0.0056438591781007835
LR,enron,pr,1.0,0.8009200102223358,0.0056579801556531735
LR,enron,pr,1.0,0.8011247443762781,0.005670043973431194
LR,enron,pr,1.0,0.8013295832267963,0.0056722642095833
LR,enron,pr,1.0,0.80153452685422,0.005679610524523426
LR,enron,pr,1.0,0.8017395753389613,0.005691907183747117
LR,enron,pr,1.0,0.8019447287615148,0.005699719971920489
LR,enron,pr,1.0,0.8021499872024571,0.0057140182052382105
LR,enron,pr,1.0,0.8023553507424476,0.005721609692010321
LR,enron,pr,1.0,0.8025608194622279,0.005727499268253814
LR,enron,pr,1.0,0.8027663934426229,0.005730274580407107
LR,enron,pr,1.0,0.8029720727645401,0.0057328002193508774
LR,enron,pr,1.0,0.8031778575089698,0.005748605244351449
LR,enron,pr,1.0,0.8033837477569854,0.005749404141652454
LR,enron,pr,1.0,0.8035897435897436,0.005753685435872319
LR,enron,pr,1.0,0.8037958450884842,0.0057569267627900845
LR,enron,pr,1.0,0.8040020523345305,0.005762123022939054
LR,enron,pr,1.0,0.8042083654092892,0.00577727015896207
LR,enron,pr,1.0,0.8044147843942505,0.005779180194499254
LR,enron,pr,1.0,0.8046213093709884,0.0057810065464116165
LR,enron,pr,1.0,0.8048279404211608,0.005781064228588498
LR,enron,pr,1.0,0.8050346776265092,0.005786826201761963
LR,enron,pr,1.0,0.8052415210688592,0.005800306342602453
LR,enron,pr,1.0,0.8054484708301208,0.005810272284375838
LR,enron,pr,1.0,0.8056555269922879,0.005831453043615448
LR,enron,pr,1.0,0.8058626896374389,0.005833754533230234
LR,enron,pr,1.0,0.8060699588477366,0.005839794825348405
LR,enron,pr,1.0,0.8062773347054284,0.005845815677729495
LR,enron,pr,1.0,0.8064848172928462,0.0058534305819299874
LR,enron,pr,1.0,0.8066924066924067,0.005870527680201531
LR,enron,pr,1.0,0.8069001029866117,0.005876691828084972
LR,enron,pr,1.0,0.8071079062580478,0.005888383659229754
LR,enron,pr,1.0,0.8073158165893869,0.005889463117735613
LR,enron,pr,1.0,0.8075238340633857,0.005893345669353497
LR,enron,pr,1.0,0.8077319587628866,0.005894383171692557
LR,enron,pr,1.0,0.8079401907708172,0.005929587630104154
LR,enron,pr,1.0,0.8081485301701908,0.00593541168880422
LR,enron,pr,1.0,0.8083569770441063,0.005935531373613517
LR,enron,pr,1.0,0.8085655314757482,0.005938480364874309
LR,enron,pr,1.0,0.8087741935483871,0.005940075901004596
LR,enron,pr,1.0,0.8089829633453794,0.005954502162793495
LR,enron,pr,1.0,0.8091918409501678,0.005955801160398704
LR,enron,pr,1.0,0.809400826446281,0.005966294202554204
LR,enron,pr,1.0,0.809609919917334,0.0059802147073213146
LR,enron,pr,1.0,0.8098191214470284,0.005981003999674779
LR,enron,pr,1.0,0.8100284311191522,0.00598367051736819
LR,enron,pr,1.0,0.8102378490175801,0.0059906708712286864
LR,enron,pr,1.0,0.8104473752262736,0.005997254099527876
LR,enron,pr,1.0,0.8106570098292809,0.00600657768430315
LR,enron,pr,1.0,0.8108667529107374,0.00600922635667409
LR,enron,pr,1.0,0.8110766045548654,0.0060133588066480035
LR,enron,pr,1.0,0.8112865648459746,0.006018931879266957
LR,enron,pr,1.0,0.8114966338684619,0.006024722713112348
LR,enron,pr,1.0,0.8117068117068117,0.006046844648159237
LR,enron,pr,1.0,0.8119170984455959,0.006062747968923074
LR,enron,pr,1.0,0.8121274941694739,0.006079840235342665
LR,enron,pr,1.0,0.8123379989631934,0.00608001064730454
LR,enron,pr,1.0,0.8125486129115893,0.0060813213901593395
LR,enron,pr,1.0,0.8127593360995851,0.006081600800222599
LR,enron,pr,1.0,0.812970168612192,0.006089850322622909
LR,enron,pr,1.0,0.8131811105345096,0.006097487746136265
LR,enron,pr,1.0,0.8133921619517259,0.006097867610261478
LR,enron,pr,1.0,0.8136033229491173,0.006098799111413045
LR,enron,pr,1.0,0.8138145936120488,0.006106423072459527
LR,enron,pr,1.0,0.814025974025974,0.006111586476274695
LR,enron,pr,1.0,0.8142374642764354,0.006114173213027256
LR,enron,pr,1.0,0.8144490644490644,0.006115220213943271
LR,enron,pr,1.0,0.8146607746295815,0.0061331200213173695
LR,enron,pr,1.0,0.8148725949037962,0.006141426421072491
LR,enron,pr,1.0,0.8150845253576073,0.006148986573384664
LR,enron,pr,1.0,0.8152965660770031,0.006151643661202999
LR,enron,pr,1.0,0.8155087171480614,0.006159689479644688
LR,enron,pr,1.0,0.8157209786569495,0.006173904391333482
LR,enron,pr,1.0,0.8159333506899245,0.0061753447165178495
LR,enron,pr,1.0,0.8161458333333333,0.006183028861420642
LR,enron,pr,1.0,0.8163584266736129,0.006190538286803019
LR,enron,pr,1.0,0.8165711307972903,0.006192310109339205
LR,enron,pr,1.0,0.8167839457909826,0.006193969237341491
LR,enron,pr,1.0,0.8169968717413972,0.006194970473098417
LR,enron,pr,1.0,0.8172099087353325,0.006207610934133995
LR,enron,pr,1.0,0.8174230568596765,0.0062148996178787155
LR,enron,pr,1.0,0.8176363162014089,0.006231390985966573
LR,enron,pr,1.0,0.8178496868475992,0.006248386176000917
LR,enron,pr,1.0,0.8180631688854085,0.006270069069283157
LR,enron,pr,1.0,0.8182767624020888,0.00627325592647591
LR,enron,pr,1.0,0.818490467484983,0.006276505811760348
LR,enron,pr,1.0,0.8187042842215256,0.0062776787174222744
LR,enron,pr,1.0,0.8189182126992423,0.00627902555907457
LR,enron,pr,1.0,0.8191322530057501,0.006280511007470333
LR,enron,pr,1.0,0.8193464052287581,0.006281828850050323
LR,enron,pr,1.0,0.819560669456067,0.0062909422927607
LR,enron,pr,1.0,0.8197750457755689,0.00630209962318008
LR,enron,pr,1.0,0.8199895342752486,0.00630766124833706
LR,enron,pr,1.0,0.8202041350431825,0.006311304465479128
LR,enron,pr,1.0,0.8204188481675393,0.0063275471136968135
LR,enron,pr,1.0,0.8206336737365802,0.006335892428138129
LR,enron,pr,1.0,0.820848611838659,0.0063371648525526675
LR,enron,pr,1.0,0.8210636625622216,0.006338352175614627
LR,enron,pr,1.0,0.8212788259958071,0.006373228666056478
LR,enron,pr,1.0,0.8214941022280472,0.006377276960911607
LR,enron,pr,1.0,0.8217094913476665,0.006387300163305682
LR,enron,pr,1.0,0.8219249934434828,0.00639455034866548
LR,enron,pr,1.0,0.8221406086044072,0.006395274943368618
LR,enron,pr,1.0,0.8223563369194438,0.0064021389472599475
LR,enron,pr,1.0,0.8225721784776903,0.0064170203786268355
LR,enron,pr,1.0,0.8227881333683381,0.006423620866917575
LR,enron,pr,1.0,0.8230042016806722,0.006430958729894025
LR,enron,pr,1.0,0.8232203835040715,0.006433878463860156
LR,enron,pr,1.0,0.8234366789280084,0.006439586287604324
LR,enron,pr,1.0,0.82365308804205,0.006440460224999748
LR,enron,pr,1.0,0.823869610935857,0.006449047981105642
LR,enron,pr,1.0,0.8240862476991848,0.006459185064890055
LR,enron,pr,1.0,0.8243029984218833,0.006459888319052882
LR,enron,pr,1.0,0.8245198631938964,0.0064670669031809125
LR,enron,pr,1.0,0.8247368421052632,0.006469917312833807
LR,enron,pr,1.0,0.8249539352461174,0.0064716784837063985
LR,enron,pr,1.0,0.8251711427066877,0.006477295657441152
LR,enron,pr,1.0,0.8253884645772979,0.006489960227044687
LR,enron,pr,1.0,0.8256059009483667,0.006498050648174968
LR,enron,pr,1.0,0.8258234519104084,0.006504731493565402
LR,enron,pr,1.0,0.8260411175540326,0.006506871648439933
LR,enron,pr,1.0,0.8262588979699447,0.0065148032204946325
LR,enron,pr,1.0,0.8264767932489452,0.006516272341944604
LR,enron,pr,1.0,0.8266948034819309,0.006521585650049362
LR,enron,pr,1.0,0.8269129287598944,0.006522620204777401
LR,enron,pr,1.0,0.8271311691739245,0.006542556156255203
LR,enron,pr,1.0,0.827349524815206,0.00654794736530895
LR,enron,pr,1.0,0.8275679957750198,0.006557757464865472
LR,enron,pr,1.0,0.8277865821447438,0.00655823825052204
LR,enron,pr,1.0,0.828005284015852,0.006579078382576555
LR,enron,pr,1.0,0.8282241014799154,0.006581833767863153
LR,enron,pr,1.0,0.8284430346286017,0.006582769378254123
LR,enron,pr,1.0,0.8286620835536753,0.006584516857529058
LR,enron,pr,1.0,0.8288812483469982,0.0065910226534114606
LR,enron,pr,1.0,0.8291005291005291,0.006595808685822808
LR,enron,pr,1.0,0.8293199259063244,0.006601144622094836
LR,enron,pr,1.0,0.8295394388565378,0.006607346404620435
LR,enron,pr,1.0,0.8297590680434207,0.006614006895111392
LR,enron,pr,1.0,0.829978813559322,0.006616096879626692
LR,enron,pr,1.0,0.8301986754966887,0.006621234243571781
LR,enron,pr,1.0,0.8304186539480657,0.006632250601067246
LR,enron,pr,1.0,0.8306387490060959,0.006667853797587671
LR,enron,pr,1.0,0.8308589607635207,0.006676832731705669
LR,enron,pr,1.0,0.8310792893131795,0.006683001140295325
LR,enron,pr,1.0,0.8312997347480106,0.0067175540575073935
LR,enron,pr,1.0,0.8315202971610507,0.006724717071807134
LR,enron,pr,1.0,0.8317409766454352,0.006728637741716993
LR,enron,pr,1.0,0.8319617732943987,0.006733574713670174
LR,enron,pr,1.0,0.8321826872012745,0.006744398193094004
LR,enron,pr,1.0,0.8324037184594953,0.006760144219956472
LR,enron,pr,1.0,0.832624867162593,0.00677084611906539
LR,enron,pr,1.0,0.8328461334041988,0.006780229917638154
LR,enron,pr,1.0,0.8330675172780436,0.006780530530189992
LR,enron,pr,1.0,0.833289018877958,0.006781244742696981
LR,enron,pr,1.0,0.8335106382978723,0.0067842416129904794
LR,enron,pr,1.0,0.833732375631817,0.006798565643685997
LR,enron,pr,1.0,0.8339542309739223,0.006801411246401433
LR,enron,pr,1.0,0.834176204418419,0.006806119285630235
LR,enron,pr,1.0,0.8343982960596379,0.006806463929171812
LR,enron,pr,1.0,0.8346205059920107,0.006813672816426413
LR,enron,pr,1.0,0.8348428343100692,0.00682311513320126
LR,enron,pr,1.0,0.8350652811084466,0.006838944550777246
LR,enron,pr,1.0,0.8352878464818764,0.00684017681819519
LR,enron,pr,1.0,0.8355105305251933,0.006849729834908469
LR,enron,pr,1.0,0.8357333333333333,0.006862031940435275
LR,enron,pr,1.0,0.8359562550013336,0.006862963819031063
LR,enron,pr,1.0,0.836179295624333,0.006864785469760527
LR,enron,pr,1.0,0.8364024552975714,0.006870662266869593
LR,enron,pr,1.0,0.8366257341163909,0.006878752987480898
LR,enron,pr,1.0,0.836849132176235,0.006883379567031074
LR,enron,pr,1.0,0.8370726495726496,0.006892805128872672
LR,enron,pr,1.0,0.8372962864012824,0.006902112568314384
LR,enron,pr,1.0,0.8375200427578835,0.0069059828852177235
LR,enron,pr,1.0,0.8377439187383052,0.0069089860463693534
LR,enron,pr,1.0,0.8379679144385027,0.006910863804553165
LR,enron,pr,1.0,0.8381920299545333,0.006925401953692307
LR,enron,pr,1.0,0.8384162653825575,0.006926727286933305
LR,enron,pr,1.0,0.8386406208188386,0.006959282796955105
LR,enron,pr,1.0,0.838865096359743,0.006959479204646215
LR,enron,pr,1.0,0.8390896921017403,0.006964509606338144
LR,enron,pr,1.0,0.8393144081414033,0.006972984964455356
LR,enron,pr,1.0,0.8395392445754085,0.0069751419770392115
LR,enron,pr,1.0,0.8397642015005359,0.006979795466828065
LR,enron,pr,1.0,0.8399892790136693,0.006989449573533193
LR,enron,pr,1.0,0.8402144772117962,0.007007773874725121
LR,enron,pr,1.0,0.8404397961920086,0.007014622717016275
LR,enron,pr,1.0,0.8406652360515021,0.007028195684211453
LR,enron,pr,1.0,0.8408907968875772,0.007031421674152191
LR,enron,pr,1.0,0.8411164787976382,0.007033192388179923
LR,enron,pr,1.0,0.8413422818791946,0.00703762181013666
LR,enron,pr,1.0,0.8415682062298604,0.007049311086528679
LR,enron,pr,1.0,0.8417942519473542,0.007075631905472785
LR,enron,pr,1.0,0.8420204191295003,0.007087638854744172
LR,enron,pr,1.0,0.8422467078742274,0.007103512383584829
LR,enron,pr,1.0,0.8424731182795699,0.007112362301185645
LR,enron,pr,1.0,0.8426996504436677,0.007118369834255091
LR,enron,pr,1.0,0.8431530804412161,0.007119257478915713
LR,enron,pr,1.0,0.8433799784714747,0.007120175526870697
LR,enron,pr,1.0,0.8436069986541049,0.007133579337173447
LR,enron,pr,1.0,0.843834141087776,0.007148839252145533
LR,enron,pr,1.0,0.8440614058712631,0.0071491543717719696
LR,enron,pr,1.0,0.8442887931034483,0.007157832749202242
LR,enron,pr,1.0,0.8445163028833199,0.00716508132655179
LR,enron,pr,1.0,0.844743935309973,0.00717971806940488
LR,enron,pr,1.0,0.8449716904826099,0.007186242201454111
LR,enron,pr,1.0,0.8451995685005393,0.007186259885221433
LR,enron,pr,1.0,0.8454275694631778,0.007192483209366371
LR,enron,pr,1.0,0.8456556934700485,0.007200716787326415
LR,enron,pr,1.0,0.8458839406207828,0.007216730794847558
LR,enron,pr,1.0,0.8461123110151187,0.007229014057431541
LR,enron,pr,1.0,0.8463408047529031,0.007245443637192294
LR,enron,pr,1.0,0.8465694219340897,0.0072554114010090496
LR,enron,pr,1.0,0.8467981626587409,0.0072704659666890225
LR,enron,pr,1.0,0.847027027027027,0.007275681832581221
LR,enron,pr,1.0,0.8472560151392268,0.007292725155863846
LR,enron,pr,1.0,0.8474851270957274,0.007297759920159647
LR,enron,pr,1.0,0.8477143629970246,0.007309268573134493
LR,enron,pr,1.0,0.8479437229437229,0.007309948183143338
LR,enron,pr,1.0,0.8481732070365359,0.007330421463921697
LR,enron,pr,1.0,0.8484028153762859,0.007347851905592858
LR,enron,pr,1.0,0.8486325480639046,0.007357634128719369
LR,enron,pr,1.0,0.8488624052004333,0.007373856546967688
LR,enron,pr,1.0,0.8490923868870225,0.007378058122635179
LR,enron,pr,1.0,0.8493224932249323,0.007385529657719892
LR,enron,pr,1.0,0.8495527243155326,0.0074082557231026575
LR,enron,pr,1.0,0.8497830802603037,0.007412675762452811
LR,enron,pr,1.0,0.8500135611608354,0.007414425674075679
LR,enron,pr,1.0,0.850244167118828,0.007418404735897446
LR,enron,pr,1.0,0.8504748982360922,0.007437527783901616
LR,enron,pr,1.0,0.8507057546145494,0.007438243057492891
LR,enron,pr,1.0,0.8509367363562313,0.007440391339383808
LR,enron,pr,1.0,0.8511678435632808,0.007440845147121136
LR,enron,pr,1.0,0.8513990763379516,0.007466793762586285
LR,enron,pr,1.0,0.8516304347826087,0.007481682723942859
LR,enron,pr,1.0,0.8518619189997282,0.007494846903724417
LR,enron,pr,1.0,0.8520935290918977,0.007514809636286135
LR,enron,pr,1.0,0.8523252651618167,0.007525282204941897
LR,enron,pr,1.0,0.8525571273122959,0.007528631774423018
LR,enron,pr,1.0,0.8527891156462585,0.007559093911065065
LR,enron,pr,1.0,0.8530212302667393,0.007565239307984708
LR,enron,pr,1.0,0.8532534712768853,0.007576105534411195
LR,enron,pr,1.0,0.8537183328793244,0.007592942983005868
LR,enron,pr,1.0,0.8539509536784741,0.0076293398172946674
LR,enron,pr,1.0,0.854183701281003,0.0076332629903276775
LR,enron,pr,1.0,0.8544165757906216,0.0076426583898182516
LR,enron,pr,1.0,0.8546495773111535,0.007643306708553619
LR,enron,pr,1.0,0.8548827059465357,0.007644637739077051
LR,enron,pr,1.0,0.8551159618008185,0.007658286355573341
LR,enron,pr,1.0,0.855349344978166,0.007659613367846065
LR,enron,pr,1.0,0.8555828555828556,0.0076641128577151635
LR,enron,pr,1.0,0.855816493719279,0.00766540141744517
LR,enron,pr,1.0,0.8560502594919421,0.007671032581062268
LR,enron,pr,1.0,0.8562841530054645,0.007680026256622963
LR,enron,pr,1.0,0.8565181743645804,0.007709369659895878
LR,enron,pr,1.0,0.8567523236741389,0.007712422017837518
LR,enron,pr,1.0,0.8569866010391031,0.0077485489925660745
LR,enron,pr,1.0,0.8572210065645515,0.007749694529047749
LR,enron,pr,1.0,0.8574555403556772,0.007769555132063674
LR,enron,pr,1.0,0.8576902025177887,0.00779731034661856
LR,enron,pr,1.0,0.8579249931563099,0.007798669197759438
LR,enron,pr,1.0,0.8581599123767798,0.007803303592088341
LR,enron,pr,1.0,0.8583949602848535,0.00781192753083183
LR,enron,pr,1.0,0.8586301369863014,0.007829179010733715
LR,enron,pr,1.0,0.8588654425870101,0.00783400494467174
LR,enron,pr,1.0,0.8591008771929824,0.007840790042150679
LR,enron,pr,1.0,0.8593364409103372,0.007849095389807027
LR,enron,pr,1.0,0.85957213384531,0.007852723080507062
LR,enron,pr,1.0,0.8598079561042524,0.00785413626012831
LR,enron,pr,1.0,0.8600439077936334,0.007856988149335985
LR,enron,pr,1.0,0.8602799890200384,0.007888717723355141
LR,enron,pr,1.0,0.8605161998901703,0.007906386321052285
LR,enron,pr,1.0,0.8607525405108487,0.007910360839370393
LR,enron,pr,1.0,0.860989010989011,0.007964686203328889
LR,enron,pr,1.0,0.8612256114317121,0.007991558572070923
LR,enron,pr,1.0,0.8614623419461243,0.00799820878749405
LR,enron,pr,1.0,0.861699202639538,0.008007133817322046
LR,enron,pr,1.0,0.8619361936193619,0.00801558816336584
LR,enron,pr,1.0,0.8621733149931224,0.008042124987014381
LR,enron,pr,1.0,0.8624105668684645,0.00804268907815382
LR,enron,pr,1.0,0.8626479493531517,0.008063862351968239
LR,enron,pr,1.0,0.862885462555066,0.008085961461343456
LR,enron,pr,1.0,0.8631231065822088,0.008105975892634735
LR,enron,pr,1.0,0.8633608815426997,0.008109829696102267
LR,enron,pr,1.0,0.8635987875447781,0.008117965945904956
LR,enron,pr,1.0,0.8638368246968027,0.00813707992791569
LR,enron,pr,1.0,0.8640749931072512,0.008137886928925505
LR,enron,pr,1.0,0.8643132928847215,0.00814397813102731
LR,enron,pr,1.0,0.864551724137931,0.008156392552477331
LR,enron,pr,1.0,0.8647902869757175,0.008169104802984231
LR,enron,pr,1.0,0.8650289815070383,0.008185204134824204
LR,enron,pr,1.0,0.8652678078409718,0.008191511567130974
LR,enron,pr,1.0,0.8655067660867164,0.008202922298423456
LR,enron,pr,1.0,0.8657458563535911,0.008210541020358222
LR,enron,pr,1.0,0.8659850787510363,0.008211453798128194
LR,enron,pr,1.0,0.8662244333886125,0.00825325285059615
LR,enron,pr,1.0,0.8664639203760022,0.008264735744023081
LR,enron,pr,1.0,0.8667035398230089,0.008274307403990475
LR,enron,pr,1.0,0.8669432918395574,0.00828082123455431
LR,enron,pr,1.0,0.8671831765356945,0.008291827885491898
LR,enron,pr,1.0,0.8674231940215887,0.008292152352816965
LR,enron,pr,1.0,0.8676633444075305,0.008341701689145354
LR,enron,pr,1.0,0.8679036278039324,0.00834172517361783
LR,enron,pr,1.0,0.8681440443213296,0.008360394792697047
LR,enron,pr,1.0,0.8683845940703796,0.008367879030368655
LR,enron,pr,1.0,0.8686252771618626,0.008369528661471325
LR,enron,pr,1.0,0.8688660937066814,0.008404642655724982
LR,enron,pr,1.0,0.8691070438158625,0.008405621892748731
LR,enron,pr,1.0,0.8693481276005548,0.008442006900985864
LR,enron,pr,1.0,0.8695893451720311,0.008452737053558883
LR,enron,pr,1.0,0.8698306966416874,0.00845376257271726
LR,enron,pr,1.0,0.870313801721744,0.008456617189246006
LR,enron,pr,1.0,0.8705555555555555,0.008483367617749477
LR,enron,pr,1.0,0.8707974437343706,0.008485107810615816
LR,enron,pr,1.0,0.8710394663702057,0.008491532751803949
LR,enron,pr,1.0,0.8712816235752016,0.00849416714372708
LR,enron,pr,1.0,0.871523915461624,0.008495198109902655
LR,enron,pr,1.0,0.8717663421418637,0.008504765318291195
LR,enron,pr,1.0,0.8720089037284363,0.00851099747017104
LR,enron,pr,1.0,0.8722516003339827,0.008528563599546712
LR,enron,pr,1.0,0.8724944320712695,0.008555648261709146
LR,enron,pr,1.0,0.8727373990531885,0.008616262113175451
LR,enron,pr,1.0,0.8729805013927576,0.008618112640362744
LR,enron,pr,1.0,0.8732237392031207,0.008634386018954745
LR,enron,pr,1.0,0.8734671125975474,0.008650096042273611
LR,enron,pr,1.0,0.873710621689434,0.00866410409442121
LR,enron,pr,1.0,0.8739542665923034,0.008678759469037383
LR,enron,pr,1.0,0.8741980474198048,0.008690711492850535
LR,enron,pr,1.0,0.8744419642857143,0.008727753183296256
LR,enron,pr,1.0,0.8746860173039352,0.008732523770872976
LR,enron,pr,1.0,0.8749302065884981,0.0087617701517708
LR,enron,pr,1.0,0.8751745322535605,0.008762038777098788
LR,enron,pr,1.0,0.87615320100643,0.008763591347822931
LR,enron,pr,1.0,0.8763982102908278,0.008778629418183493
LR,enron,pr,1.0,0.8766433566433567,0.008786584348916701
LR,enron,pr,1.0,0.8768886401790711,0.008826630715324421
LR,enron,pr,1.0,0.8771340610131542,0.008829321348313024
LR,enron,pr,1.0,0.8773796192609182,0.00883396694376537
LR,enron,pr,1.0,0.8776253150378045,0.008835962039288487
LR,enron,pr,1.0,0.8778711484593837,0.008875763929483102
LR,enron,pr,1.0,0.8781171196413561,0.008877545551050582
LR,enron,pr,1.0,0.879595846197025,0.008885950735258108
LR,enron,pr,1.0,0.879842784952274,0.008904346648083287
LR,enron,pr,1.0,0.8800898623982027,0.008907166746895418
LR,enron,pr,1.0,0.8803370786516854,0.008912574654150547
LR,enron,pr,1.0,0.8805844338297274,0.008913566456635626
LR,enron,pr,1.0,0.880831928049466,0.008925750858813501
LR,enron,pr,1.0,0.8810795614281698,0.008949788081549424
LR,enron,pr,1.0,0.8813273340832396,0.008977739855753829
LR,enron,pr,1.0,0.8815752461322082,0.009007949781397793
LR,enron,pr,1.0,0.8818232976927406,0.009037847438175949
LR,enron,pr,1.0,0.8820714888826344,0.009045283580509857
LR,enron,pr,1.0,0.8823198198198198,0.009068183174278118
LR,enron,pr,1.0,0.8825682906223599,0.009072313532105122
LR,enron,pr,1.0,0.8828169014084507,0.009077967449436472
LR,enron,pr,1.0,0.8830656522964215,0.00908359518203163
LR,enron,pr,1.0,0.883314543404735,0.00912505911353714
LR,enron,pr,1.0,0.8835635748519876,0.009125581766579167
LR,enron,pr,1.0,0.8843115124153499,0.009126668462823855
LR,enron,pr,1.0,0.8845611064069997,0.009133699599644959
LR,enron,pr,1.0,0.8848108413325805,0.009164485291942163
LR,enron,pr,1.0,0.8853107344632768,0.009168966123678582
LR,enron,pr,1.0,0.8858111927642736,0.00919452787580801
LR,enron,pr,1.0,0.8860616341532372,0.009197245204379562
LR,enron,pr,1.0,0.8863122171945701,0.00921775657913856
LR,enron,pr,1.0,0.8865629420084865,0.009220582853861225
LR,enron,pr,1.0,0.8868138087153368,0.009232001028643725
LR,enron,pr,1.0,0.8870648174356072,0.009233935541126758
LR,enron,pr,1.0,0.8873159682899208,0.009302090460212645
LR,enron,pr,1.0,0.8875672613990371,0.009316292917265058
LR,enron,pr,1.0,0.8878186968838527,0.009321065490571004
LR,enron,pr,1.0,0.8880702748654009,0.009342181522311751
LR,enron,pr,1.0,0.8883219954648526,0.009343461265511414
LR,enron,pr,1.0,0.8885738588035157,0.009350257426759313
LR,enron,pr,1.0,0.8888258650028361,0.009366090373799346
LR,enron,pr,1.0,0.8890780141843971,0.009408386673185044
LR,enron,pr,1.0,0.8893303064699205,0.009420466902722437
LR,enron,pr,1.0,0.889582741981266,0.009420704268718168
LR,enron,pr,1.0,0.8898353208404316,0.00943816451988664
LR,enron,pr,1.0,0.8921150014232849,0.00944430728112722
LR,enron,pr,1.0,0.892369020501139,0.009460615558451888
LR,enron,pr,1.0,0.8926231842779835,0.009470663699213178
LR,enron,pr,1.0,0.8928774928774929,0.009498427045147658
LR,enron,pr,1.0,0.8949171901770417,0.009517571060566611
LR,enron,pr,1.0,0.8951728077692088,0.00952431362991104
LR,enron,pr,1.0,0.8954285714285715,0.009549050420888387
LR,enron,pr,1.0,0.8956844812803658,0.009555515909309309
LR,enron,pr,1.0,0.8959405374499714,0.009572171016290603
LR,enron,pr,1.0,0.8961967400629111,0.009636233928743331
LR,enron,pr,1.0,0.8964530892448512,0.009647496555992934
LR,enron,pr,1.0,0.8967095851216023,0.009677248737529493
LR,enron,pr,1.0,0.8969662278191185,0.009683518496812794
LR,enron,pr,1.0,0.8972230174634984,0.009690456776002686
LR,enron,pr,1.0,0.8974799541809851,0.009705316681260349
LR,enron,pr,1.0,0.8982516480366868,0.009715436618429297
LR,enron,pr,1.0,0.8985091743119266,0.009726891219757507
LR,enron,pr,1.0,0.8987668482936622,0.009740824771874781
LR,enron,pr,1.0,0.8990246701090074,0.00977942510187741
LR,enron,pr,1.0,0.8997990238300316,0.009784283364955246
LR,enron,pr,1.0,0.9000574382538771,0.009804937203348725
LR,enron,pr,1.0,0.900316001149095,0.009808089386090029
LR,enron,pr,1.0,0.9023898646703139,0.00982304102733148
LR,enron,pr,1.0,0.9026497695852534,0.00983313021463356
LR,enron,pr,1.0,0.9031700288184438,0.009841849701089832
LR,enron,pr,1.0,0.9034303833957913,0.009843666704420849
LR,enron,pr,1.0,0.9036908881199539,0.009850629417933326
LR,enron,pr,1.0,0.9039515431208538,0.009900742062143909
LR,enron,pr,1.0,0.9042123485285631,0.009920808388819775
LR,enron,pr,1.0,0.9044733044733044,0.009926850399407017
LR,enron,pr,1.0,0.9047344110854504,0.009938430004106664
LR,enron,pr,1.0,0.9049956684955242,0.009940396291104166
LR,enron,pr,1.0,0.9052570768341999,0.009948459017744932
LR,enron,pr,1.0,0.9055186362323028,0.009952466501922889
LR,enron,pr,1.0,0.9057803468208092,0.009982754817989317
LR,enron,pr,1.0,0.9060422087308471,0.009989797033519082
LR,enron,pr,1.0,0.9063042220936958,0.010029897552083996
LR,enron,pr,1.0,0.9065663870407868,0.010051794857720753
LR,enron,pr,1.0,0.9068287037037037,0.010057912984502256
LR,enron,pr,1.0,0.9070911722141823,0.010091333622862686
LR,enron,pr,1.0,0.9073537927041112,0.010106787976035161
LR,enron,pr,1.0,0.9076165653055315,0.010126223277434022
LR,enron,pr,1.0,0.9078794901506373,0.010138540158875645
LR,enron,pr,1.0,0.9081425673717763,0.010146026081599107
LR,enron,pr,1.0,0.9084057971014493,0.010162588306736667
LR,enron,pr,1.0,0.9086691794723109,0.010181576337524199
LR,enron,pr,1.0,0.9089327146171694,0.01020328203287134
LR,enron,pr,1.0,0.9091964026689875,0.01021946026046169
LR,enron,pr,1.0,0.9094602437608822,0.010225845764348299
LR,enron,pr,1.0,0.9097242380261248,0.010238357120034541
LR,enron,pr,1.0,0.9099883855981417,0.010243794147043895
LR,enron,pr,1.0,0.9105171411969785,0.010263238245675911
LR,enron,pr,1.0,0.9107817494914269,0.01026454982929364
LR,enron,pr,1.0,0.911046511627907,0.010271034030297721
LR,enron,pr,1.0,0.9113114277406222,0.010278254930790839
LR,enron,pr,1.0,0.9115764979639325,0.010286975795707727
LR,enron,pr,1.0,0.9118417224323538,0.010295143147003838
LR,enron,pr,1.0,0.9121071012805588,0.01030744346657504
LR,enron,pr,1.0,0.912372634643377,0.010318285704101048
LR,enron,pr,1.0,0.912638322655795,0.010322344263680592
LR,enron,pr,1.0,0.9129041654529566,0.01035195343682374
LR,enron,pr,1.0,0.9131701631701632,0.01036445211151398
LR,enron,pr,1.0,0.9134363159428738,0.010365313245789619
LR,enron,pr,1.0,0.9137026239067055,0.010372959403433938
LR,enron,pr,1.0,0.9139690871974336,0.01046026189203045
LR,enron,pr,1.0,0.9142357059509918,0.010479208868722407
LR,enron,pr,1.0,0.9145024803034725,0.010479736580590556
LR,enron,pr,1.0,0.9147694103911267,0.010497063328710568
LR,enron,pr,1.0,0.915036496350365,0.010535046351852012
LR,enron,pr,1.0,0.915303738317757,0.010536217415161258
LR,enron,pr,1.0,0.9158386908240795,0.010565180862278322
LR,enron,pr,1.0,0.9161064016369482,0.010568253296440632
LR,enron,pr,1.0,0.916374269005848,0.010576292435252507
LR,enron,pr,1.0,0.9166422930681486,0.010578291750964754
LR,enron,pr,1.0,0.9169104739613809,0.010580618566190733
LR,enron,pr,1.0,0.9185228604923799,0.010621350766274225
LR,enron,pr,1.0,0.9187921430665494,0.010648727652445122
LR,enron,pr,1.0,0.9193311821648578,0.010662106584268248
LR,enron,pr,1.0,0.9196009389671361,0.010676850254862412
LR,enron,pr,1.0,0.9198708541238626,0.010721124645958115
LR,enron,pr,1.0,0.921222810111699,0.010776353962542918
LR,enron,pr,1.0,0.9214936783299029,0.01079998119615408
LR,enron,pr,1.0,0.9217647058823529,0.010859893318671085
LR,enron,pr,1.0,0.9220358929096794,0.010861508637220785
LR,enron,pr,1.0,0.922307239552678,0.010886430276697737
LR,enron,pr,1.0,0.9225787459523108,0.010887945550760354
LR,enron,pr,1.0,0.9228504122497055,0.010926137047411657
LR,enron,pr,1.0,0.9231222385861562,0.010932704984653256
LR,enron,pr,1.0,0.9233942251031232,0.010940680377933797
LR,enron,pr,1.0,0.923666371942234,0.010959068575115779
LR,enron,pr,1.0,0.9239386792452831,0.010982337311712439
LR,enron,pr,1.0,0.9242111471542318,0.010998713325828618
LR,enron,pr,1.0,0.9244837758112094,0.010999181249741877
LR,enron,pr,1.0,0.9247565653585128,0.011027022163210588
LR,enron,pr,1.0,0.9250295159386068,0.011038294917650569
LR,enron,pr,1.0,0.9253026276941246,0.011042642842879594
LR,enron,pr,1.0,0.9255759007678677,0.011052050607540317
LR,enron,pr,1.0,0.9258493353028066,0.01105973817296148
LR,enron,pr,1.0,0.9261229314420804,0.011101168445511178
LR,enron,pr,1.0,0.9263966893289979,0.011104380656333252
LR,enron,pr,1.0,0.9266706091070372,0.011108167170804545
LR,enron,pr,1.0,0.9269446909198462,0.011167539152102425
LR,enron,pr,1.0,0.9272189349112426,0.011177316718233448
LR,enron,pr,1.0,0.9280426413976902,0.01120345859235281
LR,enron,pr,1.0,0.9283175355450237,0.011242658772908826
LR,enron,pr,1.0,0.9288678126852401,0.011252300272861365
LR,enron,pr,1.0,0.929143195967981,0.011265139884356923
LR,enron,pr,1.0,0.9294187425860023,0.011297024645796596
LR,enron,pr,1.0,0.9296944526846633,0.011305069854003424
LR,enron,pr,1.0,0.9299703264094955,0.011333888566473764
LR,enron,pr,1.0,0.9302463639062036,0.011384208929424882
LR,enron,pr,1.0,0.9305225653206651,0.011399666146229287
LR,enron,pr,1.0,0.9307989307989308,0.011452530511776486
LR,enron,pr,1.0,0.9310754604872252,0.01149552217369738
LR,enron,pr,1.0,0.9313521545319465,0.011495567520917979
LR,enron,pr,1.0,0.9316290130796671,0.011499083916149328
LR,enron,pr,1.0,0.9319060362771335,0.011547943269849007
LR,enron,pr,1.0,0.9330157785055075,0.011552275263177633
LR,enron,pr,1.0,0.9332936271590232,0.011564044088047233
LR,enron,pr,1.0,0.9335716413464403,0.011590702351300157
LR,enron,pr,1.0,0.933849821215733,0.011621513351077263
LR,enron,pr,1.0,0.9341281669150522,0.011624736529136757
LR,enron,pr,1.0,0.9344066785927251,0.011658767422382787
LR,enron,pr,1.0,0.9346853563972561,0.011686605154263924
LR,enron,pr,1.0,0.934964200477327,0.011779733275226757
LR,enron,pr,1.0,0.9352432109817965,0.011817073655849124
LR,enron,pr,1.0,0.9355223880597014,0.011853232816784178
LR,enron,pr,1.0,0.9358017318602568,0.011902481607939733
LR,enron,pr,1.0,0.9360812425328554,0.011935340460419027
LR,enron,pr,1.0,0.9363609202270691,0.011940952233548524
LR,enron,pr,1.0,0.9366407650926479,0.011978964733825275
LR,enron,pr,1.0,0.9369207772795217,0.01203928232203338
LR,enron,pr,1.0,0.9374813042177684,0.012067453934161757
LR,enron,pr,1.0,0.9377618192698982,0.012087222845170442
LR,enron,pr,1.0,0.9380425022448369,0.012100424417841737
LR,enron,pr,1.0,0.9383233532934132,0.012105355769343976
LR,enron,pr,1.0,0.9386043725666368,0.012166198076293658
LR,enron,pr,1.0,0.938885560215698,0.012166772239256348
LR,enron,pr,1.0,0.9391669163919688,0.01220768782385682
LR,enron,pr,1.0,0.9394484412470024,0.012240963495236009
LR,enron,pr,1.0,0.9397301349325338,0.012285557808729725
LR,enron,pr,1.0,0.9400119976004799,0.012313323077429201
LR,enron,pr,1.0,0.9402940294029403,0.012339763195722126
LR,enron,pr,1.0,0.9405762304921969,0.012340376220244429
LR,enron,pr,1.0,0.9408586010207145,0.012345148580878445
LR,enron,pr,1.0,0.9411411411411411,0.012371151043522197
LR,enron,pr,1.0,0.9414238510063082,0.012382368348951659
LR,enron,pr,1.0,0.9419897805831079,0.01240451668144114
LR,enron,pr,1.0,0.9422730006013229,0.012424974046335175
LR,enron,pr,1.0,0.9425563909774436,0.0125080300914588
LR,enron,pr,1.0,0.9428399518652226,0.01262244122589193
LR,enron,pr,1.0,0.9431236834185976,0.012629691594052792
LR,enron,pr,1.0,0.9434075857916917,0.012658142896545134
LR,enron,pr,1.0,0.9436916591388136,0.01269887740108523
LR,enron,pr,1.0,0.9439759036144578,0.012742437771734016
LR,enron,pr,1.0,0.9442603193733052,0.012762474760941112
LR,enron,pr,1.0,0.944544906570223,0.012769113995755001
LR,enron,pr,1.0,0.9448296653602652,0.01298317099523068
LR,enron,pr,1.0,0.9451145958986731,0.012998449291313361
LR,enron,pr,1.0,0.9453996983408748,0.013084686876983666
LR,enron,pr,1.0,0.9456849728424864,0.013084981890590435
LR,enron,pr,1.0,0.9459704195593118,0.013211696444988773
LR,enron,pr,1.0,0.946256038647343,0.013277665607571027
LR,enron,pr,1.0,0.9465418302627605,0.01330338679454632
LR,enron,pr,1.0,0.9468277945619336,0.013335335162696244
LR,enron,pr,1.0,0.9471139317014203,0.01333981225084357
LR,enron,pr,1.0,0.9474002418379686,0.013372434047171318
LR,enron,pr,1.0,0.9476867251285153,0.01343915319564557
LR,enron,pr,1.0,0.9479733817301875,0.013461598957657538
LR,enron,pr,1.0,0.9482602118003026,0.013501881283201702
LR,enron,pr,1.0,0.948547215496368,0.013524835106593379
LR,enron,pr,1.0,0.9488343929760823,0.013548645788136684
LR,enron,pr,1.0,0.949121744397335,0.013591577933361357
LR,enron,pr,1.0,0.9494092699182066,0.01367786198118134
LR,enron,pr,1.0,0.9496969696969697,0.013730070421578994
LR,enron,pr,1.0,0.9499848438920885,0.013875222353638021
LR,enron,pr,1.0,0.9502728926622195,0.013885829133430111
LR,enron,pr,1.0,0.9505611161662118,0.01390917145663642
LR,enron,pr,1.0,0.9508495145631068,0.013998027675295064
LR,enron,pr,1.0,0.9511380880121396,0.01400833563237726
LR,enron,pr,1.0,0.9514268366727383,0.014021052550730344
LR,enron,pr,1.0,0.9517157607045248,0.014079512592422497
LR,enron,pr,1.0,0.9520048602673147,0.014116534435192273
LR,enron,pr,1.0,0.9522941355211182,0.014128374686182927
LR,enron,pr,1.0,0.9525835866261398,0.014172367396103294
LR,enron,pr,1.0,0.952873213742779,0.01418587080154682
LR,enron,pr,1.0,0.9531630170316302,0.01419093223299796
LR,enron,pr,1.0,0.9534529966534834,0.014203699927013307
LR,enron,pr,1.0,0.9537431527693244,0.01420373894588556
LR,enron,pr,1.0,0.9540334855403348,0.014218870248907618
LR,enron,pr,1.0,0.9543239951278928,0.01426357778607207
LR,enron,pr,1.0,0.954614681693573,0.014303811467987907
LR,enron,pr,1.0,0.9549055453991468,0.014328271698078326
LR,enron,pr,1.0,0.9551965864065833,0.014338741326702164
LR,enron,pr,1.0,0.9554878048780487,0.014369381303697068
LR,enron,pr,1.0,0.9557792009759073,0.01439647345865055
LR,enron,pr,1.0,0.9560707748627212,0.0144783927924204
LR,enron,pr,1.0,0.9563625267012511,0.014545217965496446
LR,enron,pr,1.0,0.9566544566544567,0.0146214200714982
LR,enron,pr,1.0,0.9569465648854962,0.014696678406843498
LR,enron,pr,1.0,0.9572388515577276,0.014705631380125785
LR,enron,pr,1.0,0.9575313168347083,0.014711412665428643
LR,enron,pr,1.0,0.9578239608801956,0.014734433660626952
LR,enron,pr,1.0,0.9581167838581474,0.014788409162925299
LR,enron,pr,1.0,0.9584097859327217,0.014796065386416993
LR,enron,pr,1.0,0.9587029672682778,0.014811324251918051
LR,enron,pr,1.0,0.9589963280293757,0.014839493839293599
LR,enron,pr,1.0,0.9592898683807775,0.014976674532269085
LR,enron,pr,1.0,0.9595835884874464,0.01503993874442662
LR,enron,pr,1.0,0.9598774885145482,0.015160166477944057
LR,enron,pr,1.0,0.960171568627451,0.015217510252833777
LR,enron,pr,1.0,0.9604658289917254,0.015329110318288857
LR,enron,pr,1.0,0.9607602697731453,0.015333618897498076
LR,enron,pr,1.0,0.9610548911376878,0.015393912364585358
LR,enron,pr,1.0,0.9613496932515337,0.015413697160032762
LR,enron,pr,1.0,0.9616446762810679,0.015421239865924587
LR,enron,pr,1.0,0.961939840392879,0.015450341800330744
LR,enron,pr,1.0,0.9622351857537611,0.01559463705004787
LR,enron,pr,1.0,0.9625307125307125,0.01563913615104311
LR,enron,pr,1.0,0.9628264208909371,0.015652327365609214
LR,enron,pr,1.0,0.9631223110018439,0.01572448241646412
LR,enron,pr,1.0,0.9634183830310482,0.0158271530125393
LR,enron,pr,1.0,0.9637146371463715,0.01588697711848215
LR,enron,pr,1.0,0.9640110735158413,0.015970265197165247
LR,enron,pr,1.0,0.9643076923076923,0.01604522479960137
LR,enron,pr,1.0,0.9646044936903663,0.016056173702221198
LR,enron,pr,1.0,0.9649014778325123,0.01615899857216947
LR,enron,pr,1.0,0.9651986449029873,0.016344214334550924
LR,enron,pr,1.0,0.9654959950708565,0.016373681192071287
LR,enron,pr,1.0,0.9657935285053929,0.016465621385891534
LR,enron,pr,1.0,0.9660912453760789,0.016536784261070626
LR,enron,pr,1.0,0.9663891458526056,0.016544838521954156
LR,enron,pr,1.0,0.9666872301048736,0.016680318780110476
LR,enron,pr,1.0,0.9669854983029929,0.016721495634177682
LR,enron,pr,1.0,0.967283950617284,0.016859061132781336
LR,enron,pr,1.0,0.9675825872182773,0.01695249401111507
LR,enron,pr,1.0,0.9681804139635465,0.01713404559009365
LR,enron,pr,1.0,0.9684796044499382,0.017210319451924583
LR,enron,pr,1.0,0.9687789799072642,0.017375352848103646
LR,enron,pr,1.0,0.969078540507112,0.01741305835890949
LR,enron,pr,1.0,0.9693782864212805,0.017450404920515448
LR,enron,pr,1.0,0.9696782178217822,0.01745412381560381
LR,enron,pr,1.0,0.9699783348808418,0.017471386749762407
LR,enron,pr,1.0,0.9702786377708978,0.017499082553019282
LR,enron,pr,1.0,0.970579126664602,0.017530401501305085
LR,enron,pr,1.0,0.9708798017348204,0.017542780009166613
LR,enron,pr,1.0,0.9711806631546328,0.01771183802013255
LR,enron,pr,1.0,0.9714817110973342,0.017744619253302795
LR,enron,pr,1.0,0.9717829457364341,0.017801813077731637
LR,enron,pr,1.0,0.9720843672456576,0.017854190104144064
LR,enron,pr,1.0,0.972385975798945,0.017855284915613823
LR,enron,pr,1.0,0.9726877715704532,0.01804479571843858
LR,enron,pr,1.0,0.9729897547345545,0.018053101325271194
LR,enron,pr,1.0,0.9732919254658385,0.01819299742883576
LR,enron,pr,1.0,0.9735942839391115,0.018310943832288186
LR,enron,pr,1.0,0.9738968303293971,0.018350629741389686
LR,enron,pr,1.0,0.9741995648119366,0.018437416854792145
LR,enron,pr,1.0,0.974502487562189,0.018464811916694013
LR,enron,pr,1.0,0.9748055987558321,0.018773260242685563
LR,enron,pr,1.0,0.9751088985687617,0.01883668003150185
LR,enron,pr,1.0,0.9754123871770931,0.018941963053646576
LR,enron,pr,1.0,0.9757160647571607,0.01897098841991962
LR,enron,pr,1.0,0.9760199314855186,0.019111573265382154
LR,enron,pr,1.0,0.9763239875389408,0.01942326944778112
LR,enron,pr,1.0,0.9766282330944219,0.01954746234224803
LR,enron,pr,1.0,0.976932668329177,0.01957592490009991
LR,enron,pr,1.0,0.9772372934206424,0.019699790355619407
LR,enron,pr,1.0,0.9775421085464754,0.019871348190058494
LR,enron,pr,1.0,0.9778471138845554,0.019966855601573665
LR,enron,pr,1.0,0.9781523096129837,0.019996066384483247
LR,enron,pr,1.0,0.9784576959100842,0.02037753911967802
LR,enron,pr,1.0,0.9787632729544035,0.020970500895270357
LR,enron,pr,1.0,0.979069040924711,0.02127650214705647
LR,enron,pr,1.0,0.979375,0.02142795234208315
LR,enron,pr,1.0,0.9796811503594873,0.02145860097737139
LR,enron,pr,1.0,0.9799874921826142,0.02161635306109943
LR,enron,pr,1.0,0.980294025649046,0.021637101735903348
LR,enron,pr,1.0,0.9806007509386734,0.021832434278776135
LR,enron,pr,1.0,0.9809076682316119,0.02187849719625189
LR,enron,pr,1.0,0.9812147777082029,0.022075193761524708
LR,enron,pr,1.0,0.9815220795490135,0.022290400973989537
LR,enron,pr,1.0,0.981829573934837,0.022343379948220894
LR,enron,pr,1.0,0.9821372610466939,0.022752579832015347
LR,enron,pr,1.0,0.9824451410658307,0.022969335231911144
LR,enron,pr,1.0,0.9827532141737222,0.023875627323465178
LR,enron,pr,1.0,0.9830614805520702,0.023963738811720738
LR,enron,pr,1.0,0.9833699403828051,0.02442369534020961
LR,enron,pr,1.0,0.9836785938480854,0.025277522195833665
LR,enron,pr,1.0,0.9839874411302982,0.025377195832012176
LR,enron,pr,1.0,0.9842964824120602,0.025481081898562834
LR,enron,pr,1.0,0.9846057178762174,0.02557605226078572
LR,enron,pr,1.0,0.9849151477058454,0.02614952995419301
LR,enron,pr,1.0,0.9852247720842502,0.026240503489071133
LR,enron,pr,1.0,0.9855345911949686,0.026315200165498168
LR,enron,pr,1.0,0.9858446052217679,0.026491330419397167
LR,enron,pr,1.0,0.9861548143486469,0.026692510715953393
LR,enron,pr,1.0,0.9864652187598363,0.026695620436382798
LR,enron,pr,1.0,0.9867758186397985,0.02672184682070228
LR,enron,pr,1.0,0.9870866141732283,0.0268848845325185
LR,enron,pr,1.0,0.9873976055450535,0.02699312222189257
LR,enron,pr,1.0,0.9877087929404349,0.027208457170524367
LR,enron,pr,1.0,0.9880201765447667,0.02743456471718512
LR,enron,pr,1.0,0.9883317565436771,0.027778955881865405
LR,enron,pr,1.0,0.9886435331230284,0.028241231370014094
LR,enron,pr,1.0,0.9889555064689176,0.028465297128893383
LR,enron,pr,1.0,0.9892676767676768,0.028581417860364416
LR,enron,pr,1.0,0.9895800442058731,0.0285833146195168
LR,enron,pr,1.0,0.9898926089703095,0.028874076989754662
LR,enron,pr,1.0,0.9902053712480253,0.029051586782712475
LR,enron,pr,1.0,0.9905183312262958,0.029252501772357897
LR,enron,pr,1.0,0.9908314890926335,0.029567030687623588
LR,enron,pr,1.0,0.9911448450347881,0.030333642382216603
LR,enron,pr,1.0,0.9914583992407466,0.030353665357031524
LR,enron,pr,1.0,0.9917721518987341,0.03066500404810394
LR,enron,pr,1.0,0.9920861031972144,0.030757726021786107
LR,enron,pr,1.0,0.9924002533248891,0.030977924218905193
LR,enron,pr,1.0,0.9927146024707,0.03218986424458715
LR,enron,pr,1.0,0.9930291508238276,0.03357750806716865
LR,enron,pr,1.0,0.9933438985736925,0.033938742036333784
LR,enron,pr,1.0,0.9936588459099556,0.03409618837620448
LR,enron,pr,1.0,0.9939739930225182,0.0341199334010593
LR,enron,pr,1.0,0.9942893401015228,0.03422387839726771
LR,enron,pr,1.0,0.9946048873373532,0.03489198542855581
LR,enron,pr,1.0,0.9949206349206349,0.03517693477731272
LR,enron,pr,1.0,0.9952365830422356,0.03651057871079493
LR,enron,pr,1.0,0.9955527318932655,0.03970351983343009
LR,enron,pr,1.0,0.9958690816650778,0.04012545527262873
LR,enron,pr,1.0,0.996185632549269,0.04206599992921743
LR,enron,pr,1.0,0.9965023847376788,0.04432878439153054
LR,enron,pr,1.0,0.9968193384223919,0.050059922295896134
LR,enron,pr,1.0,0.9971364937957365,0.058967733064998695
LR,enron,pr,1.0,0.9974538510502864,0.059810526921844305
LR,enron,pr,1.0,0.9977714103788602,0.061515510996646566
LR,enron,pr,1.0,0.9980891719745223,0.2095300872928996
LR,enron,pr,1.0,0.998407136030583,0.264567752272954
LR,enron,pr,1.0,0.9987253027405991,0.29544462370855296
LR,enron,pr,1.0,0.9990436722983742,0.2995658038006289
LR,enron,pr,1.0,0.9996810207336523,0.6256124143686216
LR,enron,pr,1.0,1.0,0.9902379732188126
LR,enron,pr,0.9039566049776643,1.0,0.991025270123098
LR,enron,pr,0.8056796426292279,1.0,0.993459302126256
LR,enron,pr,0.5073388640714741,1.0,0.9960154291014205
LR,enron,pr,0.26802807913209953,1.0,0.9968778711767744
LR,enron,pr,0.0,1.0,
LR,enron,roc,0.0,0.0,inf
LR,enron,roc,0.0,0.26802807913209953,0.9968778711767744
LR,enron,roc,0.0,0.5073388640714741,0.9960154291014205
LR,enron,roc,0.0,0.8056796426292279,0.993459302126256
LR,enron,roc,0.0,0.9039566049776643,0.991025270123098
LR,enron,roc,0.0,1.0,0.9902379732188126
LR,enron,roc,0.00030441400304414006,1.0,0.6256124143686216
LR,enron,roc,0.0009132420091324201,1.0,0.2995658038006289
LR,enron,roc,0.03135464231354642,1.0,0.01713404559009365
LR,enron,roc,0.0319634703196347,1.0,0.01695249401111507
LR,enron,roc,0.05875190258751903,1.0,0.01240451668144114
LR,enron,roc,0.0593607305936073,1.0,0.012382368348951659
LR,enron,roc,0.06362252663622527,1.0,0.012067453934161757
LR,enron,roc,0.06423135464231354,1.0,0.01203928232203338
LR,enron,roc,0.0684931506849315,1.0,0.011552275263177633
LR,enron,roc,0.06971080669710807,1.0,0.011547943269849007
LR,enron,roc,0.0730593607305936,1.0,0.011252300272861365
LR,enron,roc,0.07366818873668189,1.0,0.011242658772908826
LR,enron,roc,0.07397260273972603,1.0,0.01120345859235281
LR,enron,roc,0.07488584474885844,1.0,0.011177316718233448
LR,enron,roc,0.08158295281582953,1.0,0.010776353962542918
LR,enron,roc,0.08310502283105023,1.0,0.010721124645958115
LR,enron,roc,0.0837138508371385,1.0,0.010662106584268248
LR,enron,roc,0.08432267884322679,1.0,0.010648727652445122
LR,enron,roc,0.08462709284627093,1.0,0.010621350766274225
LR,enron,roc,0.08645357686453577,1.0,0.010580618566190733
LR,enron,roc,0.08767123287671233,1.0,0.010565180862278322
LR,enron,roc,0.0882800608828006,1.0,0.010536217415161258
LR,enron,roc,0.09375951293759513,1.0,0.010263238245675911
LR,enron,roc,0.0943683409436834,1.0,0.010243794147043895
LR,enron,roc,0.10228310502283106,1.0,0.009841849701089832
LR,enron,roc,0.10289193302891933,1.0,0.00983313021463356
LR,enron,roc,0.10319634703196347,1.0,0.00982304102733148
LR,enron,roc,0.10563165905631659,1.0,0.009808089386090029
LR,enron,roc,0.10624048706240487,1.0,0.009784283364955246
LR,enron,roc,0.1071537290715373,1.0,0.00977942510187741
LR,enron,roc,0.1080669710806697,1.0,0.009715436618429297
LR,enron,roc,0.10898021308980213,1.0,0.009705316681260349
LR,enron,roc,0.11202435312024353,1.0,0.009517571060566611
LR,enron,roc,0.11445966514459666,1.0,0.009498427045147658
LR,enron,roc,0.11537290715372907,1.0,0.00944430728112722
LR,enron,roc,0.11811263318112633,1.0,0.00943816451988664
LR,enron,roc,0.12298325722983257,1.0,0.00919452787580801
LR,enron,roc,0.12420091324200913,1.0,0.009164485291942163
LR,enron,roc,0.1248097412480974,1.0,0.009126668462823855
LR,enron,roc,0.12572298325722983,1.0,0.009125581766579167
LR,enron,roc,0.13059360730593608,1.0,0.008885950735258108
LR,enron,roc,0.1324200913242009,1.0,0.008877545551050582
LR,enron,roc,0.13485540334855403,1.0,0.008763591347822931
LR,enron,roc,0.13607305936073058,1.0,0.008762038777098788
LR,enron,roc,0.14216133942161338,1.0,0.008456617189246006
LR,enron,roc,0.14277016742770168,1.0,0.00845376257271726
LR,enron,roc,0.1634703196347032,1.0,0.007592942983005868
LR,enron,roc,0.16407914764079148,1.0,0.007576105534411195
LR,enron,roc,0.17747336377473363,1.0,0.007119257478915713
LR,enron,roc,0.1780821917808219,1.0,0.007118369834255091
LR,enron,roc,0.2831050228310502,1.0,0.004936972220015074
LR,enron,roc,0.28401826484018267,1.0,0.004935402112408583
LR,enron,roc,0.29771689497716897,1.0,0.004709693941538844
LR,enron,roc,0.2983257229832572,1.0,0.004705522418658906
LR,enron,roc,0.3147640791476408,1.0,0.004451404780460994
LR,enron,roc,0.31537290715372907,1.0,0.004442711849613302
LR,enron,roc,0.3248097412480974,1.0,0.004301520232052185
LR,enron,roc,0.3254185692541857,1.0,0.0042986702019134565
LR,enron,roc,0.3406392694063927,1.0,0.004105154574880899
LR,enron,roc,0.34124809741248097,1.0,0.004101977311791466
LR,enron,roc,0.34337899543378997,1.0,0.004075209986758732
LR,enron,roc,0.3439878234398782,1.0,0.004070686894317099
LR,enron,roc,0.3467275494672755,1.0,0.004037640754215866
LR,enron,roc,0.34733637747336377,1.0,0.004029163175053201
LR,enron,roc,0.3741248097412481,1.0,0.0036978824603927673
LR,enron,roc,0.3750380517503805,1.0,0.0036976362492817045
LR,enron,roc,0.37838660578386607,1.0,0.0036422401115281462
LR,enron,roc,0.3789954337899543,1.0,0.003638376558860431
LR,enron,roc,0.38295281582952817,1.0,0.003582747090043821
LR,enron,roc,0.3835616438356164,1.0,0.0035751572016564357
LR,enron,roc,0.3850837138508371,1.0,0.0035541837363390664
LR,enron,roc,0.3856925418569254,1.0,0.0035538008424793347
LR,enron,roc,0.38843226788432267,1.0,0.003529896341145018
LR,enron,roc,0.38904109589041097,1.0,0.003528926966713929
LR,enron,roc,0.41582952815829527,1.0,0.0032873730298599085
LR,enron,roc,0.41643835616438357,1.0,0.0032868970802663114
LR,enron,roc,0.4484018264840183,1.0,0.0029484861651971287
LR,enron,roc,0.4490106544901065,1.0,0.0029455619201052214
LR,enron,roc,0.4627092846270928,1.0,0.0028079453683167287
LR,enron,roc,0.4633181126331811,1.0,0.0027943971391463274
LR,enron,roc,0.478234398782344,1.0,0.0026675130902181652
LR,enron,roc,0.4788432267884323,1.0,0.002665425171562434
LR,enron,roc,0.5616438356164384,1.0,0.0019108000639291866
LR,enron,roc,0.5622526636225267,1.0,0.0019096734418352342
LR,enron,roc,0.5811263318112633,1.0,0.001716461524515893
LR,enron,roc,0.5817351598173516,1.0,0.0017111333081197956
LR,enron,roc,0.617351598173516,1.0,0.001360302265552957
LR,enron,roc,0.6182648401826484,1.0,0.0013587864266137362
LR,enron,roc,0.6228310502283105,1.0,0.0013142388890593122
LR,enron,roc,0.6234398782343988,1.0,0.0013127527182094005
LR,enron,roc,0.6627092846270929,1.0,0.0008633609691874086
LR,enron,roc,0.6633181126331811,1.0,0.0008595992340546441
LR,enron,roc,0.7378995433789954,1.0,0.00022187796005858828
LR,enron,roc,0.7385083713850837,1.0,0.000220749264292355
LR,enron,roc,0.7656012176560122,1.0,0.00016992094972704335
LR,enron,roc,0.7662100456621005,1.0,0.000169547612522034
LR,enron,roc,0.8045662100456621,1.0,0.0001206267444681979
LR,enron,roc,0.8051750380517504,1.0,0.00012041603855196027
LR,enron,roc,0.8079147640791476,1.0,0.00011866923738676263
LR,enron,roc,0.8085235920852359,1.0,0.00011865836672156773
LR,enron,roc,0.8100456621004566,1.0,0.00011783042932938162
LR,enron,roc,0.8106544901065449,1.0,0.00011777819153479079
LR,enron,roc,0.8267884322678843,1.0,0.00010212725037539908
LR,enron,roc,0.828310502283105,1.0,0.00010192082491222704
LR,enron,roc,0.8319634703196347,1.0,9.718207613394221e-05
LR,enron,roc,0.832572298325723,1.0,9.699646320734195e-05
LR,enron,roc,0.8343987823439878,1.0,9.61120673901071e-05
LR,enron,roc,0.8350076103500761,1.0,9.601557476424508e-05
LR,enron,roc,0.8459665144596652,1.0,8.947616343542392e-05
LR,enron,roc,0.8465753424657534,1.0,8.933893143724381e-05
LR,enron,roc,0.8639269406392694,1.0,7.774491610944557e-05
LR,enron,roc,0.8645357686453576,1.0,7.763874794826428e-05
LR,enron,roc,0.8721461187214612,1.0,7.308366809339075e-05
LR,enron,roc,0.8727549467275495,1.0,7.287559064305468e-05
LR,enron,roc,0.8809741248097412,1.0,6.8385479607121e-05
LR,enron,roc,0.8815829528158295,1.0,6.830099787113187e-05
LR,enron,roc,0.9083713850837138,1.0,5.493422722291456e-05
LR,enron,roc,0.9089802130898021,1.0,5.477262451663276e-05
LR,enron,roc,0.9101978691019786,1.0,5.423611691497412e-05
LR,enron,roc,0.9108066971080669,1.0,5.4212506730307294e-05
LR,enron,roc,0.9245053272450533,1.0,4.92870912024801e-05
LR,enron,roc,0.9251141552511416,1.0,4.9113982174705535e-05
LR,enron,roc,0.9662100456621004,1.0,2.6464679084187293e-05
LR,enron,roc,0.9668188736681887,1.0,2.645659231339324e-05
LR,enron,roc,0.971689497716895,1.0,2.249137247309655e-05
LR,enron,roc,0.9722983257229832,1.0,2.235033238650967e-05
LR,enron,roc,0.9856925418569255,1.0,1.2635140731912428e-05
LR,enron,roc,0.9863013698630136,1.0,1.2505532714348487e-05
LR,enron,roc,0.9884322678843227,1.0,9.865362951713112e-06
LR,enron,roc,0.989041095890411,1.0,9.710696912785668e-06
LR,enron,roc,1.0,1.0,3.987478229799512e-31
