model,source,curve,x,y,threshold
SVC,enron,pr,1.0,0.4882380433089266,4.5965705008241316e-11
SVC,enron,pr,1.0,0.48831411654721096,1.0689683009225235e-05
SVC,enron,pr,1.0,0.48839021349540285,6.905982929575741e-05
SVC,enron,pr,1.0,0.4884663341645885,0.00010653463052774034
SVC,enron,pr,1.0,0.48854247856586125,0.0001189813550700188
SVC,enron,pr,1.0,0.4886186467103212,0.00012569523337443566
SVC,enron,pr,1.0,0.4886948386090753,0.00012810711510593146
SVC,enron,pr,1.0,0.4887710542732377,0.00014820639616845962
SVC,enron,pr,1.0,0.4888472937139292,0.00016396357888182297
SVC,enron,pr,1.0,0.4889235569422777,0.00016605430988875336
SVC,enron,pr,1.0,0.488999843969418,0.00019765472587290913
SVC,enron,pr,1.0,0.48907615480649186,0.0002068248577368365
SVC,enron,pr,1.0,0.48915248946464807,0.00046740546225935764
SVC,enron,pr,1.0,0.4892288479550421,0.0006082133073053267
SVC,enron,pr,1.0,0.4893052302888368,0.0009897120614744666
SVC,enron,pr,1.0,0.48938163647720173,0.0012158235835403436
SVC,enron,pr,1.0,0.48945806653131346,0.0012277573390643446
SVC,enron,pr,1.0,0.4895345204623555,0.001231950666079393
SVC,enron,pr,1.0,0.4896109982815185,0.0014167811171855854
SVC,enron,pr,1.0,0.4896875,0.0018521542560357856
SVC,enron,pr,1.0,0.4897640256290045,0.001964891857443168
SVC,enron,pr,1.0,0.48984057517974366,0.0021006740456992598
SVC,enron,pr,1.0,0.489917148663436,0.0027397020074479126
SVC,enron,pr,1.0,0.4899937460913071,0.002813618496703042
SVC,enron,pr,1.0,0.49007036747458954,0.002920992961806627
SVC,enron,pr,1.0,0.490147012824523,0.0033834004152298995
SVC,enron,pr,1.0,0.4902236821523541,0.0034153462330285323
SVC,enron,pr,1.0,0.4903003754693367,0.0034337222340621357
SVC,enron,pr,1.0,0.49037709278673136,0.0035734249949123963
SVC,enron,pr,1.0,0.49045383411580595,0.0036943706165262244
SVC,enron,pr,1.0,0.49053059946783534,0.003846509875209403
SVC,enron,pr,1.0,0.49060738885410143,0.003854420822287198
SVC,enron,pr,1.0,0.4906842022858932,0.0040577313139835815
SVC,enron,pr,1.0,0.49076103977450675,0.0042331286831053215
SVC,enron,pr,1.0,0.4908379013312451,0.004328534034447852
SVC,enron,pr,1.0,0.4909147869674185,0.004456430138918113
SVC,enron,pr,1.0,0.49099169669434434,0.004606755181310133
SVC,enron,pr,1.0,0.4910686305233469,0.004875014691099124
SVC,enron,pr,1.0,0.49114558846575773,0.004985839377552458
SVC,enron,pr,1.0,0.49122257053291535,0.00502814039501837
SVC,enron,pr,1.0,0.49129957673616553,0.005047290730815356
SVC,enron,pr,1.0,0.4913766070868611,0.005063105293046761
SVC,enron,pr,1.0,0.49145366159636195,0.005120390725447864
SVC,enron,pr,1.0,0.4915307402760351,0.005164168481170674
SVC,enron,pr,1.0,0.4916078431372549,0.005322437484892566
SVC,enron,pr,1.0,0.49168497019140256,0.0054866028008487755
SVC,enron,pr,1.0,0.49176212144986664,0.005574353919543797
SVC,enron,pr,1.0,0.4918392969240427,0.005750750931072753
SVC,enron,pr,1.0,0.49191649662533354,0.005792093516709888
SVC,enron,pr,1.0,0.4919937205651491,0.0060371756438373884
SVC,enron,pr,1.0,0.4920709687549066,0.006084020772754977
SVC,enron,pr,1.0,0.4921482412060301,0.006091739598792938
SVC,enron,pr,1.0,0.49222553792995133,0.006244756082610933
SVC,enron,pr,1.0,0.4923028589381087,0.006325698734469926
SVC,enron,pr,1.0,0.49238020424194817,0.006363627090294629
SVC,enron,pr,1.0,0.4924575738529227,0.006393350967010586
SVC,enron,pr,1.0,0.49253496778249256,0.006471068165214113
SVC,enron,pr,1.0,0.4926123860421251,0.006492919497864977
SVC,enron,pr,1.0,0.4926898286432951,0.0065638779926669956
SVC,enron,pr,1.0,0.4927672955974843,0.006617586142002144
SVC,enron,pr,1.0,0.4928447869161818,0.006763028722779369
SVC,enron,pr,1.0,0.49292230261088393,0.0067961855385682115
SVC,enron,pr,1.0,0.4929998426930942,0.006910998639246428
SVC,enron,pr,1.0,0.49307740717432347,0.006949370850729011
SVC,enron,pr,1.0,0.4931549960660897,0.006958424187325548
SVC,enron,pr,1.0,0.4933102471273414,0.007011926804833643
SVC,enron,pr,1.0,0.49338790931989923,0.0070379311808485175
SVC,enron,pr,1.0,0.4934655959691387,0.007168237372793123
SVC,enron,pr,1.0,0.49354330708661415,0.007169919490139043
SVC,enron,pr,1.0,0.49362104268388723,0.007184559263998584
SVC,enron,pr,1.0,0.49369880277252676,0.007201422923794043
SVC,enron,pr,1.0,0.493776587364109,0.007249049012970263
SVC,enron,pr,1.0,0.49385439647021745,0.007342333510006943
SVC,enron,pr,1.0,0.49393223010244286,0.007343435407345411
SVC,enron,pr,1.0,0.49401008827238335,0.007454890237294404
SVC,enron,pr,1.0,0.4940879709916443,0.007507113893448943
SVC,enron,pr,1.0,0.49416587827183855,0.007563769008135453
SVC,enron,pr,1.0,0.494243810124586,0.0075674321331106595
SVC,enron,pr,1.0,0.4943217665615142,0.007660971412917587
SVC,enron,pr,1.0,0.49439974759425775,0.007687696682971458
SVC,enron,pr,1.0,0.4944777532344588,0.007719626859070054
SVC,enron,pr,1.0,0.4945557834937668,0.007732330705085663
SVC,enron,pr,1.0,0.4946338383838384,0.007788010783738669
SVC,enron,pr,1.0,0.4947119179163378,0.007862472486559037
SVC,enron,pr,1.0,0.49479002210293654,0.007895177806776956
SVC,enron,pr,1.0,0.49486815095531345,0.007917165956574762
SVC,enron,pr,1.0,0.49494630448515475,0.007926749604783198
SVC,enron,pr,1.0,0.49502448270415417,0.007932578040916223
SVC,enron,pr,1.0,0.49510268562401266,0.007991691797935163
SVC,enron,pr,1.0,0.4951809132564386,0.007992227597012744
SVC,enron,pr,1.0,0.4952591656131479,0.008011312163270242
SVC,enron,pr,1.0,0.4953374427058638,0.008014839079698846
SVC,enron,pr,1.0,0.49541574454631676,0.00804801555056379
SVC,enron,pr,1.0,0.49557242251739403,0.008070267902085433
SVC,enron,pr,1.0,0.4956507986715167,0.008082416051511025
SVC,enron,pr,1.0,0.4957291996203733,0.0081019971975287
SVC,enron,pr,1.0,0.4958076253757317,0.00811811321254656
SVC,enron,pr,1.0,0.49588607594936707,0.008135694697489808
SVC,enron,pr,1.0,0.49596455135306217,0.00824484146005639
SVC,enron,pr,1.0,0.4960430515986072,0.008250713561039116
SVC,enron,pr,1.0,0.4961215766977996,0.008306132298193856
SVC,enron,pr,1.0,0.49620012666244456,0.008372387263839239
SVC,enron,pr,1.0,0.4962787015043547,0.008431796988249281
SVC,enron,pr,1.0,0.49635730123535,0.00843352056480861
SVC,enron,pr,1.0,0.49643592586725804,0.008445323376891495
SVC,enron,pr,1.0,0.4965145754119138,0.008553543053142178
SVC,enron,pr,1.0,0.4965932498811599,0.00856138827466651
SVC,enron,pr,1.0,0.49667194928684627,0.008613094599081252
SVC,enron,pr,1.0,0.4967506736408306,0.008631767409311793
SVC,enron,pr,1.0,0.4968294229549778,0.008645013615400297
SVC,enron,pr,1.0,0.49690819724116064,0.008692779944920237
SVC,enron,pr,1.0,0.4969869965112591,0.00872951422801817
SVC,enron,pr,1.0,0.497065820777161,0.008752273160842596
SVC,enron,pr,1.0,0.4971446700507614,0.008764729135767245
SVC,enron,pr,1.0,0.4972235443439632,0.008774116485074307
SVC,enron,pr,1.0,0.4973024436686766,0.008873152912444593
SVC,enron,pr,1.0,0.49738136803681954,0.00891869841603927
SVC,enron,pr,1.0,0.49746031746031744,0.008956030511998926
SVC,enron,pr,1.0,0.49753929195110336,0.00899177280477753
SVC,enron,pr,1.0,0.4976182915211178,0.009086124296086276
SVC,enron,pr,1.0,0.49769731618230906,0.009131646905614445
SVC,enron,pr,1.0,0.49777636594663277,0.009153161822655218
SVC,enron,pr,1.0,0.49785544082605243,0.009195917515891279
SVC,enron,pr,1.0,0.4979345408325389,0.009225282580672274
SVC,enron,pr,1.0,0.4980136659780709,0.009274634270690314
SVC,enron,pr,1.0,0.4980928162746345,0.009299765086133518
SVC,enron,pr,1.0,0.4981719917342235,0.009376392057554079
SVC,enron,pr,1.0,0.4982511923688394,0.009407147200249965
SVC,enron,pr,1.0,0.49833041819049134,0.009428535321275201
SVC,enron,pr,1.0,0.49840966921119595,0.009432948818982911
SVC,enron,pr,1.0,0.49848894544297756,0.00949159715600306
SVC,enron,pr,1.0,0.4985682468978683,0.009506929226513345
SVC,enron,pr,1.0,0.49864757358790773,0.009522209457252706
SVC,enron,pr,1.0,0.4987269255251432,0.009532970994804959
SVC,enron,pr,1.0,0.4988063027216298,0.009547920797266372
SVC,enron,pr,1.0,0.4988857051894301,0.009626553172256599
SVC,enron,pr,1.0,0.49896513294061456,0.00974305721518507
SVC,enron,pr,1.0,0.49904458598726115,0.009747970368500641
SVC,enron,pr,1.0,0.4991240643414556,0.009885268182871257
SVC,enron,pr,1.0,0.4992035680152915,0.00992220563428198
SVC,enron,pr,1.0,0.4992830970208698,0.009949607659427394
SVC,enron,pr,1.0,0.49936265137029956,0.009956992990955723
SVC,enron,pr,1.0,0.4994422310756972,0.010128958359869945
SVC,enron,pr,1.0,0.4995218361491871,0.010138605250952436
SVC,enron,pr,1.0,0.49960146660290133,0.010161165770488582
SVC,enron,pr,1.0,0.4996811224489796,0.010170142871345478
SVC,enron,pr,1.0,0.49976080369956943,0.0101713560792644
SVC,enron,pr,1.0,0.49984051036682614,0.010279061254456516
SVC,enron,pr,1.0,0.4999202424629127,0.010453385983566559
SVC,enron,pr,1.0,0.5,0.01046913649803094
SVC,enron,pr,1.0,0.5000797829902665,0.010526482341790504
SVC,enron,pr,1.0,0.5001595914458985,0.010546749351441356
SVC,enron,pr,1.0,0.5002394253790902,0.0106139144065409
SVC,enron,pr,1.0,0.5003192848020435,0.01062269763102372
SVC,enron,pr,1.0,0.5003991697269679,0.01072354511904715
SVC,enron,pr,1.0,0.5004790801660811,0.010787401623824343
SVC,enron,pr,1.0,0.5005590161316084,0.010794601850755222
SVC,enron,pr,1.0,0.5006389776357828,0.010808057694010472
SVC,enron,pr,1.0,0.5007189646908452,0.0109739351923911
SVC,enron,pr,1.0,0.5007989773090444,0.010991088606671001
SVC,enron,pr,1.0,0.500879015502637,0.011102698586868109
SVC,enron,pr,1.0,0.5009590792838875,0.011137786174235909
SVC,enron,pr,1.0,0.5011192836584586,0.01113816986726387
SVC,enron,pr,1.0,0.5011994242763473,0.011180718046163713
SVC,enron,pr,1.0,0.5012795905310301,0.011215105542420785
SVC,enron,pr,1.0,0.5013597824348104,0.01123427827360788
SVC,enron,pr,1.0,0.5015202432389182,0.011238451117171797
SVC,enron,pr,1.0,0.5016005121638925,0.011243809955933102
SVC,enron,pr,1.0,0.5016808067872579,0.011254868427327156
SVC,enron,pr,1.0,0.5017611271213577,0.01125681849637619
SVC,enron,pr,1.0,0.5018414731785429,0.011292035658264143
SVC,enron,pr,1.0,0.5019218449711723,0.011328186576267406
SVC,enron,pr,1.0,0.502002242511613,0.011338477231648545
SVC,enron,pr,1.0,0.5020826658122397,0.011356773114312815
SVC,enron,pr,1.0,0.5021631148854351,0.011387779686781655
SVC,enron,pr,1.0,0.5022435897435897,0.011425473376171724
SVC,enron,pr,1.0,0.5023240903991024,0.011429354207381134
SVC,enron,pr,1.0,0.5024046168643796,0.011439629843850193
SVC,enron,pr,1.0,0.5024851691518358,0.011449623476766537
SVC,enron,pr,1.0,0.5025657472738935,0.011519263355933626
SVC,enron,pr,1.0,0.5026463512429832,0.011529608004957686
SVC,enron,pr,1.0,0.5027269810715431,0.011556050704075406
SVC,enron,pr,1.0,0.5028076367720199,0.011567307535294441
SVC,enron,pr,1.0,0.5028883183568678,0.011633677757096844
SVC,enron,pr,1.0,0.5029690258385492,0.011663223299896684
SVC,enron,pr,1.0,0.5030497592295345,0.011756267719250335
SVC,enron,pr,1.0,0.5031305185423022,0.011767194740748487
SVC,enron,pr,1.0,0.5032113037893384,0.011768827661284162
SVC,enron,pr,1.0,0.503292114983138,0.011776038387508783
SVC,enron,pr,1.0,0.503372952136203,0.011819546464343841
SVC,enron,pr,1.0,0.5034538152610442,0.011837076671649514
SVC,enron,pr,1.0,0.50353470437018,0.011867720822882987
SVC,enron,pr,1.0,0.5036156194761369,0.011910382722010608
SVC,enron,pr,1.0,0.5036965605914497,0.011910815330454025
SVC,enron,pr,1.0,0.503777527728661,0.011917801700307503
SVC,enron,pr,1.0,0.5038585209003216,0.011957183399081908
SVC,enron,pr,1.0,0.5039395401189902,0.012009710639020788
SVC,enron,pr,1.0,0.5040205853972338,0.012041521766586424
SVC,enron,pr,1.0,0.5041016567476275,0.012074735196021218
SVC,enron,pr,1.0,0.5041827541827542,0.012083815732635972
SVC,enron,pr,1.0,0.5042638777152052,0.012151761356917758
SVC,enron,pr,1.0,0.5043450273575797,0.012207285836414361
SVC,enron,pr,1.0,0.5044262031224851,0.012260838865891558
SVC,enron,pr,1.0,0.504507405022537,0.012293294650078307
SVC,enron,pr,1.0,0.5045886330703591,0.012309608143357584
SVC,enron,pr,1.0,0.504669887278583,0.012338825481491051
SVC,enron,pr,1.0,0.5047511676598486,0.012342233637959542
SVC,enron,pr,1.0,0.5048324742268041,0.012401376546205585
SVC,enron,pr,1.0,0.5049138069921056,0.01242480102626143
SVC,enron,pr,1.0,0.5049951659684176,0.012428652761683817
SVC,enron,pr,1.0,0.5050765511684125,0.012555949512110235
SVC,enron,pr,1.0,0.5051579626047711,0.012585036192656558
SVC,enron,pr,1.0,0.5052394002901822,0.01265957759451237
SVC,enron,pr,1.0,0.5053208642373428,0.01269327102448127
SVC,enron,pr,1.0,0.5054023544589582,0.012809826748420345
SVC,enron,pr,1.0,0.5054838709677419,0.01285113022198202
SVC,enron,pr,1.0,0.5055654137764155,0.012878994131555702
SVC,enron,pr,1.0,0.5056469828977089,0.012924746167830571
SVC,enron,pr,1.0,0.5057285783443601,0.012928492901390781
SVC,enron,pr,1.0,0.5058102001291156,0.012938295251202027
SVC,enron,pr,1.0,0.5058918482647297,0.012958657286726316
SVC,enron,pr,1.0,0.5059735227639651,0.012961538279614148
SVC,enron,pr,1.0,0.5060552236395931,0.012971357556384266
SVC,enron,pr,1.0,0.5061369509043928,0.01297581344631335
SVC,enron,pr,1.0,0.5063004846526656,0.012978795887707556
SVC,enron,pr,1.0,0.5063822911617386,0.012996104744376213
SVC,enron,pr,1.0,0.5064641241111829,0.013024395689755624
SVC,enron,pr,1.0,0.5065459835138193,0.013043916961172968
SVC,enron,pr,1.0,0.5066278693824766,0.013117806453931713
SVC,enron,pr,1.0,0.5067097817299919,0.013195740048028167
SVC,enron,pr,1.0,0.5067917205692108,0.01322510342219062
SVC,enron,pr,1.0,0.5068736859129872,0.013248442325164226
SVC,enron,pr,1.0,0.5069556777741832,0.013262684740395027
SVC,enron,pr,1.0,0.507037696165669,0.013326293125098284
SVC,enron,pr,1.0,0.5071197411003237,0.013383938518624487
SVC,enron,pr,1.0,0.5072018125910341,0.013439289501600343
SVC,enron,pr,1.0,0.507283910650696,0.013459449387958254
SVC,enron,pr,1.0,0.507366035292213,0.013481609863843757
SVC,enron,pr,1.0,0.5074481865284974,0.013497458158884262
SVC,enron,pr,1.0,0.5075303643724697,0.013510928667196451
SVC,enron,pr,1.0,0.5076125688370586,0.013544557340604063
SVC,enron,pr,1.0,0.5076947999352017,0.013614221870545298
SVC,enron,pr,1.0,0.5077770576798445,0.013769123728363664
SVC,enron,pr,1.0,0.507859342083941,0.013782295597349663
SVC,enron,pr,1.0,0.5080239909223537,0.013817791315273692
SVC,enron,pr,1.0,0.50810635538262,0.013870087139038185
SVC,enron,pr,1.0,0.5081887465542403,0.013882662584669721
SVC,enron,pr,1.0,0.5082711644502108,0.013890480151447282
SVC,enron,pr,1.0,0.5083536090835361,0.013908903615735595
SVC,enron,pr,1.0,0.5084360804672291,0.013969029769442842
SVC,enron,pr,1.0,0.5085185786143113,0.013973413807781278
SVC,enron,pr,1.0,0.5086011035378124,0.014000697655486819
SVC,enron,pr,1.0,0.508683655250771,0.01406441712322457
SVC,enron,pr,1.0,0.5087662337662338,0.014124186222315685
SVC,enron,pr,1.0,0.5088488390972561,0.01413344629410055
SVC,enron,pr,1.0,0.5089314712569016,0.014146651916287278
SVC,enron,pr,1.0,0.5090141302582426,0.014180821797112166
SVC,enron,pr,1.0,0.50909681611436,0.01420788875785571
SVC,enron,pr,1.0,0.5091795288383428,0.01422241414049813
SVC,enron,pr,1.0,0.5092622684432889,0.014222893819470984
SVC,enron,pr,1.0,0.5093450349423045,0.014232867819929218
SVC,enron,pr,1.0,0.5094278283485045,0.014244898198647174
SVC,enron,pr,1.0,0.5095106486750122,0.01432107147272405
SVC,enron,pr,1.0,0.5095934959349594,0.014351256456463226
SVC,enron,pr,1.0,0.5096763701414864,0.014358254258049678
SVC,enron,pr,1.0,0.5097592713077423,0.014367167714032717
SVC,enron,pr,1.0,0.5098421994468847,0.014379948119054227
SVC,enron,pr,1.0,0.5099251545720794,0.014490622092568912
SVC,enron,pr,1.0,0.5100081366965012,0.014504589511299959
SVC,enron,pr,1.0,0.5100911458333334,0.01461019109725666
SVC,enron,pr,1.0,0.5101741819957676,0.014683516237407518
SVC,enron,pr,1.0,0.5102572451970042,0.01470588701715792
SVC,enron,pr,1.0,0.5103403354502524,0.014706655366312051
SVC,enron,pr,1.0,0.5104234527687297,0.014743797289797517
SVC,enron,pr,1.0,0.5105065971656622,0.01474458365176935
SVC,enron,pr,1.0,0.5105897686542847,0.014797849901996554
SVC,enron,pr,1.0,0.510672967247841,0.014800347695544199
SVC,enron,pr,1.0,0.5107561929595827,0.014864685341502622
SVC,enron,pr,1.0,0.510839445802771,0.014906901497911412
SVC,enron,pr,1.0,0.5109227257906749,0.014909794848100915
SVC,enron,pr,1.0,0.5110060329365727,0.014987619345464496
SVC,enron,pr,1.0,0.5110893672537509,0.014998638173626233
SVC,enron,pr,1.0,0.5111727287555048,0.015028433130621022
SVC,enron,pr,1.0,0.5112561174551387,0.015044732871806367
SVC,enron,pr,1.0,0.511339533365965,0.015090558081737876
SVC,enron,pr,1.0,0.5114229765013055,0.015213892903920383
SVC,enron,pr,1.0,0.51150644687449,0.015236814749377192
SVC,enron,pr,1.0,0.5115899444988573,0.015271929021603707
SVC,enron,pr,1.0,0.5116734693877552,0.01527728629797937
SVC,enron,pr,1.0,0.5117570215545395,0.015308055804130706
SVC,enron,pr,1.0,0.5118406010125756,0.015349379789544454
SVC,enron,pr,1.0,0.5119242077752368,0.015349480347292681
SVC,enron,pr,1.0,0.5120078418559059,0.01536628135444335
SVC,enron,pr,1.0,0.5120915032679738,0.015447200481940112
SVC,enron,pr,1.0,0.5121751920248406,0.015505285333305129
SVC,enron,pr,1.0,0.512258908139915,0.0155406447765689
SVC,enron,pr,1.0,0.5123426516266143,0.015542166271887115
SVC,enron,pr,1.0,0.5124264224983649,0.015569017647214654
SVC,enron,pr,1.0,0.5125102207686018,0.01557795452286675
SVC,enron,pr,1.0,0.5125940464507688,0.015694744329745252
SVC,enron,pr,1.0,0.5126778995583183,0.015699001669815443
SVC,enron,pr,1.0,0.5127617801047121,0.01573332894006464
SVC,enron,pr,1.0,0.51284568810342,0.015788890746531854
SVC,enron,pr,1.0,0.5129296235679215,0.015862710033991024
SVC,enron,pr,1.0,0.513013586511704,0.015889344882403966
SVC,enron,pr,1.0,0.5130975769482645,0.015942104507850687
SVC,enron,pr,1.0,0.5131815948911086,0.01595107386281973
SVC,enron,pr,1.0,0.5132656403537504,0.015974567275179312
SVC,enron,pr,1.0,0.5133497133497134,0.01607925551750824
SVC,enron,pr,1.0,0.5134338138925295,0.016098045575365535
SVC,enron,pr,1.0,0.5135179419957397,0.016102717899585704
SVC,enron,pr,1.0,0.5136020976728941,0.01612072751201323
SVC,enron,pr,1.0,0.5136862809375512,0.01613453240494775
SVC,enron,pr,1.0,0.5137704918032787,0.016157771433352366
SVC,enron,pr,1.0,0.513854730283653,0.016168607490945883
SVC,enron,pr,1.0,0.5139389963922597,0.016177701176456425
SVC,enron,pr,1.0,0.5140232901426931,0.016242568876891628
SVC,enron,pr,1.0,0.5141076115485564,0.016264603497020875
SVC,enron,pr,1.0,0.5141919606234618,0.016308664479677125
SVC,enron,pr,1.0,0.5142763373810305,0.016328637121816956
SVC,enron,pr,1.0,0.5143607418348926,0.016407596231898417
SVC,enron,pr,1.0,0.5144451739986868,0.016408514215265183
SVC,enron,pr,1.0,0.5145296338860614,0.016448897490703978
SVC,enron,pr,1.0,0.5146141215106732,0.01647314852572706
SVC,enron,pr,1.0,0.5146986368861882,0.01647462045775169
SVC,enron,pr,1.0,0.5147831800262812,0.01648169077446893
SVC,enron,pr,1.0,0.5148677509446361,0.016573445747588362
SVC,enron,pr,1.0,0.5149523496549457,0.016574632486057932
SVC,enron,pr,1.0,0.515036976170912,0.01659546631624941
SVC,enron,pr,1.0,0.5151216305062459,0.01660574403260093
SVC,enron,pr,1.0,0.5152063126746671,0.01662071078630868
SVC,enron,pr,1.0,0.5152910226899047,0.016652329943877907
SVC,enron,pr,1.0,0.5153757605656965,0.016672082339452412
SVC,enron,pr,1.0,0.5154605263157894,0.016725616012857228
SVC,enron,pr,1.0,0.5155453199539398,0.016825002089787874
SVC,enron,pr,1.0,0.5156301414939125,0.016829135441442798
SVC,enron,pr,1.0,0.5157149909494817,0.016835038081793763
SVC,enron,pr,1.0,0.5157998683344306,0.01685070092946284
SVC,enron,pr,1.0,0.5158847736625515,0.016939608203051102
SVC,enron,pr,1.0,0.5159697069476457,0.016945119402540156
SVC,enron,pr,1.0,0.5161396574440053,0.016994515646884475
SVC,enron,pr,1.0,0.5162246746829188,0.016996295462354444
SVC,enron,pr,1.0,0.5163097199341021,0.01700276775613592
SVC,enron,pr,1.0,0.5163947932114022,0.01705574781285374
SVC,enron,pr,1.0,0.516479894528675,0.017084211457148012
SVC,enron,pr,1.0,0.5165650238997858,0.017154487245334398
SVC,enron,pr,1.0,0.5166501813386086,0.01719395303332497
SVC,enron,pr,1.0,0.5167353668590272,0.017238954111347796
SVC,enron,pr,1.0,0.5168205804749341,0.01726379560139406
SVC,enron,pr,1.0,0.516905822200231,0.017288522427810753
SVC,enron,pr,1.0,0.5169910920488288,0.01728957255106883
SVC,enron,pr,1.0,0.5170763900346478,0.017293966322694813
SVC,enron,pr,1.0,0.5171617161716172,0.017304017969314148
SVC,enron,pr,1.0,0.5172470704736756,0.017323054313337555
SVC,enron,pr,1.0,0.5173324529547706,0.017370124360135353
SVC,enron,pr,1.0,0.5174178636288592,0.01740962833796683
SVC,enron,pr,1.0,0.5175033025099075,0.01742221125104003
SVC,enron,pr,1.0,0.517588769611891,0.017426535622114273
SVC,enron,pr,1.0,0.5176742649487942,0.01743011388215558
SVC,enron,pr,1.0,0.5178453403833444,0.0175878097127888
SVC,enron,pr,1.0,0.5179309205090068,0.017632184902120412
SVC,enron,pr,1.0,0.5180165289256199,0.017687026898799363
SVC,enron,pr,1.0,0.5181021656472145,0.017714593792835007
SVC,enron,pr,1.0,0.5181878306878307,0.017721234674872806
SVC,enron,pr,1.0,0.518273524061518,0.017861031251226824
SVC,enron,pr,1.0,0.5183592457823354,0.017865976554647892
SVC,enron,pr,1.0,0.5184449958643507,0.017918693636951727
SVC,enron,pr,1.0,0.5185307743216413,0.017931454411884287
SVC,enron,pr,1.0,0.5186165811682939,0.017967297298872465
SVC,enron,pr,1.0,0.5187024164184045,0.01797298562760882
SVC,enron,pr,1.0,0.5187882800860785,0.017975650017986438
SVC,enron,pr,1.0,0.5188741721854304,0.018010309759189325
SVC,enron,pr,1.0,0.5189600927305845,0.018015659362472694
SVC,enron,pr,1.0,0.519046041735674,0.018038942805157544
SVC,enron,pr,1.0,0.5191320192148418,0.01814670137636875
SVC,enron,pr,1.0,0.5192180251822399,0.01819447851339445
SVC,enron,pr,1.0,0.5193901226383825,0.018213650960230417
SVC,enron,pr,1.0,0.5194762141554782,0.018288117503242985
SVC,enron,pr,1.0,0.5195623342175066,0.018319126036297016
SVC,enron,pr,1.0,0.5196484828386669,0.018328458893534082
SVC,enron,pr,1.0,0.5197346600331675,0.018340819863779723
SVC,enron,pr,1.0,0.5198208658152264,0.018342576254904524
SVC,enron,pr,1.0,0.519907100199071,0.01835107470121343
SVC,enron,pr,1.0,0.5199933631989381,0.01838633750094068
SVC,enron,pr,1.0,0.520079654829074,0.018398552354135986
SVC,enron,pr,1.0,0.5201659751037344,0.018406895318412515
SVC,enron,pr,1.0,0.5202523240371846,0.018410205576771282
SVC,enron,pr,1.0,0.5203387016436991,0.018416281958922805
SVC,enron,pr,1.0,0.5204251079375622,0.018421215857910997
SVC,enron,pr,1.0,0.5205115429330676,0.018439477776825423
SVC,enron,pr,1.0,0.5205980066445183,0.018456928789238537
SVC,enron,pr,1.0,0.5206844990862269,0.018464121457325327
SVC,enron,pr,1.0,0.5207710202725158,0.0185193017303739
SVC,enron,pr,1.0,0.5208575702177165,0.01853836821141834
SVC,enron,pr,1.0,0.5209441489361702,0.018587733286411067
SVC,enron,pr,1.0,0.5210307564422277,0.018613232206185954
SVC,enron,pr,1.0,0.5211173927502494,0.018626747825615086
SVC,enron,pr,1.0,0.521204057874605,0.018680975144147408
SVC,enron,pr,1.0,0.521290751829674,0.018715199916027398
SVC,enron,pr,1.0,0.5213774746298453,0.018725354317385163
SVC,enron,pr,1.0,0.5214642262895175,0.018756257391356012
SVC,enron,pr,1.0,0.5215510068230987,0.01879422992815146
SVC,enron,pr,1.0,0.5216378162450066,0.018850691717058318
SVC,enron,pr,1.0,0.5217246545696688,0.018868332354077658
SVC,enron,pr,1.0,0.5218115218115218,0.01889205627278789
SVC,enron,pr,1.0,0.5218984179850125,0.018896475838151686
SVC,enron,pr,1.0,0.521985343104597,0.018898184966162464
SVC,enron,pr,1.0,0.5220722971847409,0.018898292198328375
SVC,enron,pr,1.0,0.52215928023992,0.018907072444266416
SVC,enron,pr,1.0,0.5222462922846193,0.01892941704459312
SVC,enron,pr,1.0,0.5223333333333333,0.018938344743152202
SVC,enron,pr,1.0,0.5224204034005667,0.01894767114270138
SVC,enron,pr,1.0,0.5225075025008337,0.018992332195394625
SVC,enron,pr,1.0,0.5225946306486576,0.019027162422162267
SVC,enron,pr,1.0,0.5226817878585723,0.019041459380922218
SVC,enron,pr,1.0,0.5227689741451209,0.01904830339348821
SVC,enron,pr,1.0,0.5228561895228562,0.019066789832832335
SVC,enron,pr,1.0,0.5229434340063407,0.019075736188930947
SVC,enron,pr,1.0,0.5230307076101469,0.019138534862611745
SVC,enron,pr,1.0,0.5231180103488566,0.019140930009285052
SVC,enron,pr,1.0,0.5232053422370617,0.019177513360544587
SVC,enron,pr,1.0,0.5232927032893638,0.019216913900988217
SVC,enron,pr,1.0,0.5233800935203741,0.019252914718335058
SVC,enron,pr,1.0,0.5234675129447135,0.01930098153140591
SVC,enron,pr,1.0,0.523554961577013,0.019306912586759716
SVC,enron,pr,1.0,0.5236424394319131,0.019322136735673106
SVC,enron,pr,1.0,0.5237299465240641,0.01932889129925841
SVC,enron,pr,1.0,0.5238174828681263,0.019348758744189343
SVC,enron,pr,1.0,0.5239050484787696,0.019399219397145492
SVC,enron,pr,1.0,0.5239926433706737,0.019403014428835238
SVC,enron,pr,1.0,0.5240802675585284,0.019445049665712293
SVC,enron,pr,1.0,0.5241679210570329,0.019530525871807782
SVC,enron,pr,1.0,0.5242556038808966,0.019589995702594856
SVC,enron,pr,1.0,0.5243433160448385,0.0195921277559349
SVC,enron,pr,1.0,0.5244310575635877,0.01959519983169591
SVC,enron,pr,1.0,0.5245188284518828,0.01967393655766061
SVC,enron,pr,1.0,0.5246066287244727,0.01972384203525858
SVC,enron,pr,1.0,0.5246944583961158,0.019844214670337656
SVC,enron,pr,1.0,0.5247823174815807,0.019854936789352746
SVC,enron,pr,1.0,0.5248702059956456,0.019864543144959907
SVC,enron,pr,1.0,0.5249581239530988,0.019922416254764833
SVC,enron,pr,1.0,0.5250460713687385,0.019949430820051944
SVC,enron,pr,1.0,0.5251340482573726,0.02001614085006683
SVC,enron,pr,1.0,0.5252220546338193,0.02008927339901513
SVC,enron,pr,1.0,0.5253100905129064,0.020105241251779492
SVC,enron,pr,1.0,0.5253981559094719,0.020164643099192817
SVC,enron,pr,1.0,0.5254862508383635,0.020180170345449586
SVC,enron,pr,1.0,0.5255743753144391,0.020353547324931363
SVC,enron,pr,1.0,0.5256625293525663,0.020402157970540225
SVC,enron,pr,1.0,0.5257507129676229,0.020492731938228054
SVC,enron,pr,1.0,0.5258389261744967,0.020495463367695612
SVC,enron,pr,1.0,0.5259271689880852,0.020497783501164355
SVC,enron,pr,1.0,0.5260154414232964,0.020542581422826892
SVC,enron,pr,1.0,0.5261037434950478,0.020628860840548758
SVC,enron,pr,1.0,0.5261920752182673,0.020641336302883503
SVC,enron,pr,1.0,0.5262804366078925,0.020880674806134845
SVC,enron,pr,1.0,0.5263688276788714,0.020985168763273877
SVC,enron,pr,1.0,0.5264572484461616,0.021034242522818273
SVC,enron,pr,1.0,0.5265456989247311,0.02103650577778242
SVC,enron,pr,1.0,0.526634179129558,0.021053712245091723
SVC,enron,pr,1.0,0.5267226890756302,0.021168753750096494
SVC,enron,pr,1.0,0.5268112287779458,0.021313375468539942
SVC,enron,pr,1.0,0.5268997982515131,0.021421358394399095
SVC,enron,pr,1.0,0.5269883975113503,0.021421839684707917
SVC,enron,pr,1.0,0.5270770265724857,0.021454981898517855
SVC,enron,pr,1.0,0.5271656854499579,0.02146983789334102
SVC,enron,pr,1.0,0.5272543741588156,0.021524782132353346
SVC,enron,pr,1.0,0.5273430927141175,0.021537307269823055
SVC,enron,pr,1.0,0.5274318411309323,0.021561558295415482
SVC,enron,pr,1.0,0.5275206194243394,0.02160119991688422
SVC,enron,pr,1.0,0.5276094276094276,0.021703788495741675
SVC,enron,pr,1.0,0.5276982657012965,0.021748338547033366
SVC,enron,pr,1.0,0.5277871337150556,0.021835328886076213
SVC,enron,pr,1.0,0.5278760316658245,0.021856871828361258
SVC,enron,pr,1.0,0.5279649595687331,0.021891216583808503
SVC,enron,pr,1.0,0.5280539174389216,0.021899468823650483
SVC,enron,pr,1.0,0.5281429052915403,0.021933116790022078
SVC,enron,pr,1.0,0.5282319231417495,0.0219426560519029
SVC,enron,pr,1.0,0.5283209710047202,0.021957574819845813
SVC,enron,pr,1.0,0.5284100488956331,0.02200512864644082
SVC,enron,pr,1.0,0.5284991568296796,0.022104377875950845
SVC,enron,pr,1.0,0.528588294822061,0.022124861969949682
SVC,enron,pr,1.0,0.5286774628879892,0.022134901428821
SVC,enron,pr,1.0,0.528766661042686,0.022216125613133044
SVC,enron,pr,1.0,0.5288558893013837,0.02233150390428765
SVC,enron,pr,1.0,0.5289451476793249,0.02234587159183739
SVC,enron,pr,1.0,0.5290344361917623,0.022359983837490802
SVC,enron,pr,1.0,0.5291237548539591,0.0223670294424806
SVC,enron,pr,1.0,0.5292131036811888,0.02244590083871519
SVC,enron,pr,1.0,0.529302482688735,0.022470249209787973
SVC,enron,pr,1.0,0.5293918918918918,0.02249940809926218
SVC,enron,pr,1.0,0.5294813313059639,0.02252538212067251
SVC,enron,pr,1.0,0.5295708009462656,0.022535597609351823
SVC,enron,pr,1.0,0.5296603008281223,0.02258720573362123
SVC,enron,pr,1.0,0.5297498309668696,0.02262243650855958
SVC,enron,pr,1.0,0.529839391377853,0.022631296414820336
SVC,enron,pr,1.0,0.5299289820764288,0.02266507470419547
SVC,enron,pr,1.0,0.5300186030779638,0.022699471614057026
SVC,enron,pr,1.0,0.5301082543978349,0.022821770803607793
SVC,enron,pr,1.0,0.5301979360514295,0.022856049091038857
SVC,enron,pr,1.0,0.5302876480541455,0.02286271731535036
SVC,enron,pr,1.0,0.5303773904213911,0.022890405902073058
SVC,enron,pr,1.0,0.530467163168585,0.022920124834079666
SVC,enron,pr,1.0,0.5306467998645445,0.023086545382991323
SVC,enron,pr,1.0,0.5307366638441998,0.023108699749619935
SVC,enron,pr,1.0,0.5308265582655827,0.023150450405055322
SVC,enron,pr,1.0,0.530916483144164,0.02316573699980648
SVC,enron,pr,1.0,0.5310064384954253,0.023203179669446614
SVC,enron,pr,1.0,0.5310964243348585,0.0232358637537086
SVC,enron,pr,1.0,0.531186440677966,0.023303246810831856
SVC,enron,pr,1.0,0.531276487540261,0.023311515862358384
SVC,enron,pr,1.0,0.5313665649372669,0.0233332119363286
SVC,enron,pr,1.0,0.5314566728845176,0.023334369798864014
SVC,enron,pr,1.0,0.5315468113975577,0.0233749602188404
SVC,enron,pr,1.0,0.5316369804919423,0.02337595561292974
SVC,enron,pr,1.0,0.5317271801832372,0.023383341712041258
SVC,enron,pr,1.0,0.5318174104870185,0.023414131367494515
SVC,enron,pr,1.0,0.5319076714188731,0.02348019314764023
SVC,enron,pr,1.0,0.5319979629943983,0.023555076145550354
SVC,enron,pr,1.0,0.532088285229202,0.023603066623173418
SVC,enron,pr,1.0,0.5321786381389031,0.023695727508709432
SVC,enron,pr,1.0,0.5322690217391305,0.023733773198542557
SVC,enron,pr,1.0,0.532359436045524,0.023768414943487113
SVC,enron,pr,1.0,0.5324498810737343,0.02379153405243173
SVC,enron,pr,1.0,0.5325403568394222,0.02383332134968166
SVC,enron,pr,1.0,0.5326308633582597,0.02383684160804717
SVC,enron,pr,1.0,0.532721400645929,0.02383934251033083
SVC,enron,pr,1.0,0.5328119687181231,0.023912987062730925
SVC,enron,pr,1.0,0.5329025675905458,0.023929208029272522
SVC,enron,pr,1.0,0.5329931972789116,0.02395750323050683
SVC,enron,pr,1.0,0.5330838577989454,0.023973114137964036
SVC,enron,pr,1.0,0.5331745491663831,0.0240028723224996
SVC,enron,pr,1.0,0.5332652713969712,0.024032753270945492
SVC,enron,pr,1.0,0.533356024506467,0.02403548408904896
SVC,enron,pr,1.0,0.5334468085106383,0.024069815599204458
SVC,enron,pr,1.0,0.5335376234252639,0.02410815943913444
SVC,enron,pr,1.0,0.5336284692661332,0.024122177682038295
SVC,enron,pr,1.0,0.5337193460490464,0.02418865442510347
SVC,enron,pr,1.0,0.5338102537898144,0.024201264057657185
SVC,enron,pr,1.0,0.5339011925042589,0.024450492113036588
SVC,enron,pr,1.0,0.5339921622082127,0.024469297448266075
SVC,enron,pr,1.0,0.5340831629175188,0.024523495257521205
SVC,enron,pr,1.0,0.5341741946480314,0.024623245948598226
SVC,enron,pr,1.0,0.5342652574156154,0.024624190334583063
SVC,enron,pr,1.0,0.5343563512361467,0.02463326454528959
SVC,enron,pr,1.0,0.5344474761255116,0.02464352123624779
SVC,enron,pr,1.0,0.5345386320996077,0.024678308879099064
SVC,enron,pr,1.0,0.5346298191743433,0.024718598785712458
SVC,enron,pr,1.0,0.5347210373656373,0.02473674027567963
SVC,enron,pr,1.0,0.5348122866894198,0.024776614166311387
SVC,enron,pr,1.0,0.5349035671616317,0.02479478338614123
SVC,enron,pr,1.0,0.5349948787982246,0.024869778847958924
SVC,enron,pr,1.0,0.5350862216151614,0.024904372002792968
SVC,enron,pr,1.0,0.5351775956284153,0.024912683883168387
SVC,enron,pr,1.0,0.535269000853971,0.024924116827657553
SVC,enron,pr,1.0,0.5353604373078237,0.024987139783781986
SVC,enron,pr,1.0,0.5354519050059798,0.02502827732338218
SVC,enron,pr,1.0,0.5355434039644565,0.025086717411000454
SVC,enron,pr,1.0,0.5356349341992822,0.025094703853373826
SVC,enron,pr,1.0,0.5357264957264958,0.025099754715552963
SVC,enron,pr,1.0,0.5358180885621474,0.025192454277807422
SVC,enron,pr,1.0,0.5359097127222983,0.02520704884218851
SVC,enron,pr,1.0,0.5360013682230204,0.025223451263585207
SVC,enron,pr,1.0,0.5360930550803968,0.025224746057369175
SVC,enron,pr,1.0,0.5361847733105218,0.02524046885678102
SVC,enron,pr,1.0,0.5362765229295003,0.025254576148665348
SVC,enron,pr,1.0,0.5363683039534486,0.0252746116772839
SVC,enron,pr,1.0,0.5364601163984937,0.025281594796426683
SVC,enron,pr,1.0,0.5365519602807738,0.025351957072214205
SVC,enron,pr,1.0,0.5366438356164384,0.02535458717165894
SVC,enron,pr,1.0,0.5367357424216476,0.025367637914748945
SVC,enron,pr,1.0,0.5368276807125728,0.025371205552451894
SVC,enron,pr,1.0,0.5369196505053966,0.025404017935104772
SVC,enron,pr,1.0,0.5370116518163125,0.025503455284067698
SVC,enron,pr,1.0,0.5371036846615252,0.02551082574197902
SVC,enron,pr,1.0,0.5371957490572506,0.02554826640352646
SVC,enron,pr,1.0,0.5372878450197154,0.025611246500971258
SVC,enron,pr,1.0,0.5373799725651578,0.025628090040535515
SVC,enron,pr,1.0,0.5374721317098268,0.025685931570742174
SVC,enron,pr,1.0,0.5375643224699829,0.025695923921387046
SVC,enron,pr,1.0,0.5376565448618974,0.025721957037330292
SVC,enron,pr,1.0,0.5377487989018531,0.025751557222574693
SVC,enron,pr,1.0,0.5378410846061438,0.025773797417153962
SVC,enron,pr,1.0,0.5379334019910745,0.025843231450732765
SVC,enron,pr,1.0,0.5380257510729614,0.025871806612526183
SVC,enron,pr,1.0,0.5381181318681318,0.0258787411696003
SVC,enron,pr,1.0,0.5382105443929246,0.02588416099367793
SVC,enron,pr,1.0,0.5383029886636894,0.025998369560152095
SVC,enron,pr,1.0,0.5383954646967875,0.02600282501990943
SVC,enron,pr,1.0,0.538487972508591,0.02601283878017412
SVC,enron,pr,1.0,0.5385805121154837,0.02604308806672269
SVC,enron,pr,1.0,0.5386730835338605,0.026062779459208634
SVC,enron,pr,1.0,0.5387656867801273,0.02612916480233296
SVC,enron,pr,1.0,0.5388583218707015,0.026182793707944723
SVC,enron,pr,1.0,0.5389509888220121,0.026183021536869664
SVC,enron,pr,1.0,0.5390436876504988,0.026230701646953448
SVC,enron,pr,1.0,0.5391364183726131,0.026258572515150097
SVC,enron,pr,1.0,0.5392291810048176,0.026268120538516435
SVC,enron,pr,1.0,0.5393219755635863,0.026273796693046844
SVC,enron,pr,1.0,0.5394148020654045,0.02643823418076652
SVC,enron,pr,1.0,0.5395076605267688,0.026438822309897417
SVC,enron,pr,1.0,0.5396005509641874,0.026480383582942957
SVC,enron,pr,1.0,0.5396934733941794,0.02648929864867862
SVC,enron,pr,1.0,0.5397864278332759,0.026588069497074155
SVC,enron,pr,1.0,0.539879414298019,0.026718834271843368
SVC,enron,pr,1.0,0.5399724328049621,0.02673377401144858
SVC,enron,pr,1.0,0.5400654833706704,0.026742969193296537
SVC,enron,pr,1.0,0.5401585660117201,0.026789813192339123
SVC,enron,pr,1.0,0.5402516807446992,0.02689715535975597
SVC,enron,pr,1.0,0.5403448275862069,0.02709143929125581
SVC,enron,pr,1.0,0.5404380065528539,0.02710661113153307
SVC,enron,pr,1.0,0.5405312176612626,0.02713169934829268
SVC,enron,pr,1.0,0.5406244609280663,0.02720627064460163
SVC,enron,pr,1.0,0.5407177363699103,0.027231568318017207
SVC,enron,pr,1.0,0.5408110440034513,0.027236439975910732
SVC,enron,pr,1.0,0.5409043838453572,0.02732365250246648
SVC,enron,pr,1.0,0.5409977559123079,0.027332963198482437
SVC,enron,pr,1.0,0.5410911602209945,0.0273374197097829
SVC,enron,pr,1.0,0.5411845967881195,0.027389841130235303
SVC,enron,pr,1.0,0.5412780656303973,0.02739949706756099
SVC,enron,pr,1.0,0.5413715667645534,0.027404535381038184
SVC,enron,pr,1.0,0.5414651002073255,0.027440213999459433
SVC,enron,pr,1.0,0.5415586659754622,0.02744818536155638
SVC,enron,pr,1.0,0.5416522640857242,0.027487490740015566
SVC,enron,pr,1.0,0.5417458945548833,0.027513950563196804
SVC,enron,pr,1.0,0.5418395573997233,0.0275212007252411
SVC,enron,pr,1.0,0.5419332526370396,0.027577118903207715
SVC,enron,pr,1.0,0.5420269802836388,0.02762505854718328
SVC,enron,pr,1.0,0.5421207403563397,0.027726206462920455
SVC,enron,pr,1.0,0.5422145328719723,0.02778852982708066
SVC,enron,pr,1.0,0.5423083578473784,0.02780133022905994
SVC,enron,pr,1.0,0.5424022152994116,0.02781094940689516
SVC,enron,pr,1.0,0.5424961052449369,0.02785274612322081
SVC,enron,pr,1.0,0.542590027700831,0.027861940158740644
SVC,enron,pr,1.0,0.5426839826839827,0.027962884898755706
SVC,enron,pr,1.0,0.542777970211292,0.02796508661430963
SVC,enron,pr,1.0,0.5428719902996709,0.028020945506654984
SVC,enron,pr,1.0,0.542966042966043,0.028051311218703117
SVC,enron,pr,1.0,0.5430601282273436,0.028089431552133465
SVC,enron,pr,1.0,0.5431542461005199,0.028164650921683465
SVC,enron,pr,1.0,0.5432483966025308,0.028193858210245087
SVC,enron,pr,1.0,0.5433425797503467,0.028204424266186717
SVC,enron,pr,1.0,0.5434367955609503,0.028253413449958884
SVC,enron,pr,1.0,0.5435310440513355,0.02826976315499843
SVC,enron,pr,1.0,0.5436253252385083,0.028280922957314044
SVC,enron,pr,1.0,0.5437196391394865,0.0283037876858204
SVC,enron,pr,1.0,0.5438139857712997,0.028305645050264075
SVC,enron,pr,1.0,0.5439083651509893,0.028345074589138135
SVC,enron,pr,1.0,0.5440027772956084,0.028355608569233987
SVC,enron,pr,1.0,0.5440972222222222,0.02843036067628411
SVC,enron,pr,1.0,0.5441916999479076,0.028439689544335175
SVC,enron,pr,1.0,0.5442862104897533,0.028522633914598024
SVC,enron,pr,1.0,0.5443807538648602,0.02866744001947193
SVC,enron,pr,1.0,0.5444753300903405,0.028675790363325473
SVC,enron,pr,1.0,0.5445699391833189,0.028698512745716928
SVC,enron,pr,1.0,0.5446645811609315,0.028721407020198503
SVC,enron,pr,1.0,0.5447592560403268,0.028766282328421825
SVC,enron,pr,1.0,0.5448539638386648,0.028772993805382646
SVC,enron,pr,1.0,0.5449487045731177,0.028774572367817466
SVC,enron,pr,1.0,0.5450434782608695,0.028874749600300884
SVC,enron,pr,1.0,0.5451382849191164,0.028876906405380334
SVC,enron,pr,1.0,0.5452331245650661,0.028899099349509235
SVC,enron,pr,1.0,0.5453279972159387,0.02891863725674877
SVC,enron,pr,1.0,0.5454229028889662,0.02895332355544132
SVC,enron,pr,1.0,0.5455178416013925,0.028994737175081668
SVC,enron,pr,1.0,0.5456128133704735,0.029067051803599864
SVC,enron,pr,1.0,0.5457078182134772,0.029077924156582332
SVC,enron,pr,1.0,0.5458028561476838,0.02908378885311289
SVC,enron,pr,1.0,0.545897927190385,0.02912648830855333
SVC,enron,pr,1.0,0.545993031358885,0.029199154931996676
SVC,enron,pr,1.0,0.5460881686705001,0.029213555332328986
SVC,enron,pr,1.0,0.5461833391425583,0.02922487471718567
SVC,enron,pr,1.0,0.5462785427924002,0.029297474914607973
SVC,enron,pr,1.0,0.546373779637378,0.02931437229162776
SVC,enron,pr,1.0,0.5464690496948561,0.029344534243511227
SVC,enron,pr,1.0,0.5465643529822114,0.029362576823370946
SVC,enron,pr,1.0,0.5466596895168324,0.029402200005216424
SVC,enron,pr,1.0,0.54675505931612,0.029419731607644734
SVC,enron,pr,1.0,0.5468504623974874,0.029432087537563018
SVC,enron,pr,1.0,0.5469458987783595,0.02946056912807452
SVC,enron,pr,1.0,0.5470413684761739,0.029482882886697658
SVC,enron,pr,1.0,0.5471368715083799,0.029519916432094572
SVC,enron,pr,1.0,0.5472324078924393,0.029534352300568948
SVC,enron,pr,1.0,0.5473279776458261,0.0295584773638731
SVC,enron,pr,1.0,0.5474235807860262,0.029620834536207813
SVC,enron,pr,1.0,0.5475192173305381,0.029660481034476688
SVC,enron,pr,1.0,0.5476148872968722,0.02977508402612199
SVC,enron,pr,1.0,0.5477105907025516,0.029796778338616155
SVC,enron,pr,1.0,0.5478063275651109,0.02982069245683303
SVC,enron,pr,1.0,0.5479020979020979,0.029833239072176942
SVC,enron,pr,1.0,0.5479979017310719,0.029834665946602553
SVC,enron,pr,1.0,0.5480937390696048,0.029848959464874033
SVC,enron,pr,1.0,0.5481896099352808,0.0298721507320112
SVC,enron,pr,1.0,0.5482855143456963,0.029934807405228876
SVC,enron,pr,1.0,0.5483814523184601,0.029937020766133002
SVC,enron,pr,1.0,0.5484774238711936,0.030070401147197067
SVC,enron,pr,1.0,0.5485734290215298,0.030086752496706327
SVC,enron,pr,1.0,0.5486694677871149,0.030087428789067505
SVC,enron,pr,1.0,0.5487655401856067,0.030101802604980316
SVC,enron,pr,1.0,0.548861646234676,0.03010230819458452
SVC,enron,pr,1.0,0.5489577859520056,0.030106300404841885
SVC,enron,pr,1.0,0.5490539593552908,0.03013140550484233
SVC,enron,pr,1.0,0.5491501664622394,0.030146321825562733
SVC,enron,pr,1.0,0.5492464072905713,0.030174407224286496
SVC,enron,pr,1.0,0.5493426818580193,0.03017957058851273
SVC,enron,pr,1.0,0.5495353322812555,0.030220012582490893
SVC,enron,pr,1.0,0.549631708172571,0.030246937267501304
SVC,enron,pr,1.0,0.5497281178740572,0.030247764568132465
SVC,enron,pr,1.0,0.5498245614035088,0.03031416479544678
SVC,enron,pr,1.0,0.5499210387787331,0.030327519011453568
SVC,enron,pr,1.0,0.55001755001755,0.03038633291984653
SVC,enron,pr,1.0,0.5501140951377919,0.030427346442308222
SVC,enron,pr,1.0,0.5502106741573034,0.030434377606948244
SVC,enron,pr,1.0,0.550307287093942,0.03048348125903419
SVC,enron,pr,1.0,0.5504039339655779,0.030510711537392928
SVC,enron,pr,1.0,0.550500614790093,0.030517549405101724
SVC,enron,pr,1.0,0.550597329585383,0.030525465376776598
SVC,enron,pr,1.0,0.5506940783693551,0.030531662228081253
SVC,enron,pr,1.0,0.5507908611599297,0.03057129967752427
SVC,enron,pr,1.0,0.5508876779750396,0.03058021815205773
SVC,enron,pr,1.0,0.55098452883263,0.03068428063655437
SVC,enron,pr,1.0,0.5510814137506594,0.0307249481021921
SVC,enron,pr,1.0,0.5511783327470982,0.03076689239344078
SVC,enron,pr,1.0,0.5512752858399297,0.030881381046826497
SVC,enron,pr,1.0,0.5513722730471499,0.03090983435142576
SVC,enron,pr,1.0,0.5514692943867675,0.030953437341580955
SVC,enron,pr,1.0,0.551566349876804,0.03103845720540262
SVC,enron,pr,1.0,0.5516634395352931,0.031132789067827096
SVC,enron,pr,1.0,0.5517605633802817,0.03118945629048542
SVC,enron,pr,1.0,0.5518577214298291,0.031205569750336365
SVC,enron,pr,1.0,0.5519549137020078,0.031232042179331437
SVC,enron,pr,1.0,0.5520521402149022,0.031238464105561078
SVC,enron,pr,1.0,0.5521494009866103,0.031251752708424604
SVC,enron,pr,1.0,0.5522466960352423,0.031258178155976445
SVC,enron,pr,1.0,0.5523440253789214,0.03129578477629374
SVC,enron,pr,1.0,0.5524413890357835,0.03129727322812217
SVC,enron,pr,1.0,0.5525387870239774,0.03132229719445997
SVC,enron,pr,1.0,0.5526362193616646,0.031334667110444685
SVC,enron,pr,1.0,0.5527336860670194,0.031360145426033305
SVC,enron,pr,1.0,0.552831187158229,0.03136114816316805
SVC,enron,pr,1.0,0.5529287226534932,0.03138334915927309
SVC,enron,pr,1.0,0.5530262925710252,0.03139046995859399
SVC,enron,pr,1.0,0.5531238969290505,0.03139087749392392
SVC,enron,pr,1.0,0.5532215357458076,0.03139390926055336
SVC,enron,pr,1.0,0.553319209039548,0.03140162157969107
SVC,enron,pr,1.0,0.5534169168285361,0.03144403046634661
SVC,enron,pr,1.0,0.5535146591310491,0.0314568642463768
SVC,enron,pr,1.0,0.5536124359653771,0.03155921517115475
SVC,enron,pr,1.0,0.5537102473498233,0.03158348777341848
SVC,enron,pr,1.0,0.5538080933027036,0.03159408549199617
SVC,enron,pr,1.0,0.5539059738423471,0.031603032371971804
SVC,enron,pr,1.0,0.5540038889870956,0.03162117717744429
SVC,enron,pr,1.0,0.554101838755304,0.031632066481194106
SVC,enron,pr,1.0,0.5541998231653404,0.03168036590663685
SVC,enron,pr,1.0,0.5542978422355854,0.03168851911553536
SVC,enron,pr,1.0,0.5543958959844331,0.031744765291843814
SVC,enron,pr,1.0,0.5544939844302902,0.03174855228492184
SVC,enron,pr,1.0,0.5545921075915767,0.031752751973377534
SVC,enron,pr,1.0,0.5546902654867256,0.031799288981066355
SVC,enron,pr,1.0,0.5547884581341831,0.0318026314461869
SVC,enron,pr,1.0,0.5548866855524079,0.03183286553141302
SVC,enron,pr,1.0,0.5549849477598725,0.03194120972565961
SVC,enron,pr,1.0,0.555083244775062,0.032059850157670836
SVC,enron,pr,1.0,0.5551815766164747,0.03206665372611247
SVC,enron,pr,1.0,0.5552799433026222,0.032089331371750025
SVC,enron,pr,1.0,0.5553783448520291,0.032104247096925546
SVC,enron,pr,1.0,0.5554767812832329,0.03212912669988478
SVC,enron,pr,1.0,0.5555752526147846,0.03214850590513582
SVC,enron,pr,1.0,0.5556737588652483,0.03217785385257089
SVC,enron,pr,1.0,0.5557723000532009,0.032198161240163684
SVC,enron,pr,1.0,0.5558708761972331,0.0322001812898474
SVC,enron,pr,1.0,0.5559694873159482,0.03220023283863157
SVC,enron,pr,1.0,0.5560681334279631,0.03220421740912372
SVC,enron,pr,1.0,0.5561668145519078,0.03233679560988132
SVC,enron,pr,1.0,0.5562655307064253,0.032346909773307585
SVC,enron,pr,1.0,0.5563642819101722,0.03239984044800554
SVC,enron,pr,1.0,0.5564630681818182,0.032401415978842406
SVC,enron,pr,1.0,0.5565618895400462,0.03240160279277324
SVC,enron,pr,1.0,0.5566607460035524,0.03241213663273331
SVC,enron,pr,1.0,0.5567596375910464,0.03245707348825644
SVC,enron,pr,1.0,0.5568585643212509,0.03246054597748347
SVC,enron,pr,1.0,0.5569575262129021,0.03246916276153129
SVC,enron,pr,1.0,0.5570565232847494,0.03253018893322987
SVC,enron,pr,1.0,0.5571555555555555,0.032637999846671324
SVC,enron,pr,1.0,0.5572546230440967,0.03269249075005513
SVC,enron,pr,1.0,0.5573537257691624,0.03269601875451158
SVC,enron,pr,1.0,0.5574528637495553,0.03272182212835232
SVC,enron,pr,1.0,0.5575520370040918,0.032726536809595815
SVC,enron,pr,1.0,0.5576512455516014,0.03274593072229605
SVC,enron,pr,1.0,0.5577504894109272,0.03275492498043693
SVC,enron,pr,1.0,0.5578497686009256,0.03288385795620052
SVC,enron,pr,1.0,0.5579490831404664,0.03290310614811377
SVC,enron,pr,1.0,0.5580484330484331,0.032918374546459774
SVC,enron,pr,1.0,0.5581478183437222,0.032932337522898265
SVC,enron,pr,1.0,0.558247239045244,0.032960963912081274
SVC,enron,pr,1.0,0.5583466951719224,0.03299731229615707
SVC,enron,pr,1.0,0.5584461867426942,0.03300036977286067
SVC,enron,pr,1.0,0.5585457137765104,0.03305771744552558
SVC,enron,pr,1.0,0.5586452762923351,0.03310265528254507
SVC,enron,pr,1.0,0.558744874309146,0.03317017154526253
SVC,enron,pr,1.0,0.5588445078459344,0.03322812582346823
SVC,enron,pr,1.0,0.5589441769217051,0.03329610878516931
SVC,enron,pr,1.0,0.5590438815554762,0.03335595985525607
SVC,enron,pr,1.0,0.5591436217662801,0.03340339750608024
SVC,enron,pr,1.0,0.559243397573162,0.03341348946177725
SVC,enron,pr,1.0,0.5593432089951812,0.03346609423038158
SVC,enron,pr,1.0,0.5594430560514102,0.03358677826141433
SVC,enron,pr,1.0,0.5595429387609355,0.03359650264077595
SVC,enron,pr,1.0,0.5596428571428571,0.03361283037020948
SVC,enron,pr,1.0,0.5597428112162887,0.03361547686822745
SVC,enron,pr,1.0,0.5598428010003572,0.03361926897861783
SVC,enron,pr,1.0,0.559942826514204,0.033639286120108455
SVC,enron,pr,1.0,0.5600428877769835,0.033661713416758075
SVC,enron,pr,1.0,0.5601429848078642,0.03367208982433836
SVC,enron,pr,1.0,0.5602431176260279,0.03370036213223265
SVC,enron,pr,1.0,0.5603432862506705,0.03370818584655872
SVC,enron,pr,1.0,0.5604434907010014,0.03376335254409452
SVC,enron,pr,1.0,0.560543730996244,0.03382937333445917
SVC,enron,pr,1.0,0.5606440071556351,0.03409224481344437
SVC,enron,pr,1.0,0.5607443191984255,0.034096921910667446
SVC,enron,pr,1.0,0.5608446671438797,0.034163010681840744
SVC,enron,pr,1.0,0.5609450510112762,0.03417090890301221
SVC,enron,pr,1.0,0.5610454708199069,0.03423335539213691
SVC,enron,pr,1.0,0.5611459265890779,0.03426639099014336
SVC,enron,pr,1.0,0.5612464183381088,0.0343143762854731
SVC,enron,pr,1.0,0.5613469460863335,0.03434928018891092
SVC,enron,pr,1.0,0.5614475098530992,0.03438388920696089
SVC,enron,pr,1.0,0.5615481096577675,0.03440717948795289
SVC,enron,pr,1.0,0.5616487455197132,0.03441590644541215
SVC,enron,pr,1.0,0.5618501254930083,0.034452335811248576
SVC,enron,pr,1.0,0.5619508696431773,0.03450281023239309
SVC,enron,pr,1.0,0.562051649928264,0.03452291278117997
SVC,enron,pr,1.0,0.562152466367713,0.03457213194574614
SVC,enron,pr,1.0,0.5622533189809832,0.03469596051796469
SVC,enron,pr,1.0,0.5623542077875471,0.034772255289641785
SVC,enron,pr,1.0,0.5624551328068916,0.0348074667883897
SVC,enron,pr,1.0,0.5625560940585174,0.03481403469184161
SVC,enron,pr,1.0,0.562657091561939,0.034895159936304924
SVC,enron,pr,1.0,0.5627581253366852,0.03491287290286889
SVC,enron,pr,1.0,0.5628591954022989,0.034936951770158924
SVC,enron,pr,1.0,0.5629603017783367,0.03496484025581734
SVC,enron,pr,1.0,0.5630614444843693,0.03501601234659041
SVC,enron,pr,1.0,0.563162623539982,0.03503664672972003
SVC,enron,pr,1.0,0.5632638389647735,0.03508684128175065
SVC,enron,pr,1.0,0.563365090778357,0.03510404134387795
SVC,enron,pr,1.0,0.5634663790003596,0.035129825203176195
SVC,enron,pr,1.0,0.5635677036504226,0.035154236472682274
SVC,enron,pr,1.0,0.5636690647482014,0.03517710006014533
SVC,enron,pr,1.0,0.5637704623133657,0.0352032538637258
SVC,enron,pr,1.0,0.5638718963655991,0.0352383227726298
SVC,enron,pr,1.0,0.5639733669245997,0.03525021478007131
SVC,enron,pr,1.0,0.5640748740100792,0.03527438465791359
SVC,enron,pr,1.0,0.5641764176417642,0.035277262982557546
SVC,enron,pr,1.0,0.564277997839395,0.03531535877041266
SVC,enron,pr,1.0,0.5643796146227265,0.03532062874163492
SVC,enron,pr,1.0,0.5644812680115274,0.03536372423441136
SVC,enron,pr,1.0,0.564582958025581,0.03536989399468548
SVC,enron,pr,1.0,0.5646846846846847,0.035409742816825775
SVC,enron,pr,1.0,0.5647864480086502,0.03541328214938572
SVC,enron,pr,1.0,0.5648882480173035,0.03542948372080001
SVC,enron,pr,1.0,0.564990084730485,0.035484975377678946
SVC,enron,pr,1.0,0.565091958168049,0.035596436064532146
SVC,enron,pr,1.0,0.5651938683498647,0.035640141842441575
SVC,enron,pr,1.0,0.5652958152958153,0.03564017301490494
SVC,enron,pr,1.0,0.5653977990257983,0.03565052082182279
SVC,enron,pr,1.0,0.5654998195597257,0.035659773228493806
SVC,enron,pr,1.0,0.565601876917524,0.03568173670346612
SVC,enron,pr,1.0,0.5657039711191336,0.03572568876705564
SVC,enron,pr,1.0,0.5658061021845099,0.035737372256222574
SVC,enron,pr,1.0,0.5659082701336222,0.03578419426762693
SVC,enron,pr,1.0,0.5660104749864547,0.03581350173023883
SVC,enron,pr,1.0,0.5661127167630058,0.03588583537113801
SVC,enron,pr,1.0,0.5662149954832881,0.035977800304307056
SVC,enron,pr,1.0,0.5663173111673292,0.036122331016741956
SVC,enron,pr,1.0,0.5664196638351708,0.03614051075108702
SVC,enron,pr,1.0,0.5665220535068691,0.03615392381721972
SVC,enron,pr,1.0,0.566624480202495,0.036166615824008784
SVC,enron,pr,1.0,0.5667269439421339,0.036175568345745424
SVC,enron,pr,1.0,0.5668294447458854,0.036207790826537634
SVC,enron,pr,1.0,0.566931982633864,0.036239606927979555
SVC,enron,pr,1.0,0.5670345576261987,0.036257072042610757
SVC,enron,pr,1.0,0.567137169743033,0.036275539526360936
SVC,enron,pr,1.0,0.5672398190045249,0.03632230873240206
SVC,enron,pr,1.0,0.5673425054308472,0.03634159726157391
SVC,enron,pr,1.0,0.5674452290421872,0.03642125208581381
SVC,enron,pr,1.0,0.5675479898587469,0.03647414964329304
SVC,enron,pr,1.0,0.5676507879007426,0.0364751364708625
SVC,enron,pr,1.0,0.5677536231884058,0.03660808041779718
SVC,enron,pr,1.0,0.5678564957419823,0.03663255616833311
SVC,enron,pr,1.0,0.5679594055817325,0.03670372513701393
SVC,enron,pr,1.0,0.5680623527279318,0.036709858995759535
SVC,enron,pr,1.0,0.5681653372008701,0.036729369657346335
SVC,enron,pr,1.0,0.5682683590208523,0.036731088015680105
SVC,enron,pr,1.0,0.5683714182081974,0.03680709835393741
SVC,enron,pr,1.0,0.5684745147832396,0.03682735038280621
SVC,enron,pr,1.0,0.568577648766328,0.03692989767366981
SVC,enron,pr,1.0,0.5686808201778262,0.0369673754985801
SVC,enron,pr,1.0,0.5687840290381125,0.03701546310726924
SVC,enron,pr,1.0,0.5688872753675803,0.03711332757367655
SVC,enron,pr,1.0,0.5689905591866377,0.037113328716148135
SVC,enron,pr,1.0,0.5690938805157073,0.037135685665532873
SVC,enron,pr,1.0,0.569197239375227,0.03716504744721191
SVC,enron,pr,1.0,0.5693006357856494,0.03719538728194358
SVC,enron,pr,1.0,0.5695075413410867,0.037216780950551816
SVC,enron,pr,1.0,0.569611050527081,0.03728900840337675
SVC,enron,pr,1.0,0.5697145973459371,0.03729749863274737
SVC,enron,pr,1.0,0.5698181818181818,0.03730989123279866
SVC,enron,pr,1.0,0.5699218039643572,0.037319006975974414
SVC,enron,pr,1.0,0.5700254638050201,0.03733142544231061
SVC,enron,pr,1.0,0.5701291613607422,0.03740256035240689
SVC,enron,pr,1.0,0.5702328966521106,0.03741898483238242
SVC,enron,pr,1.0,0.5703366696997271,0.037420083438890715
SVC,enron,pr,1.0,0.5704404805242083,0.03744155998818983
SVC,enron,pr,1.0,0.570544329146186,0.03745449835702804
SVC,enron,pr,1.0,0.5706482155863074,0.037527801866798875
SVC,enron,pr,1.0,0.570752139865234,0.03760140118879783
SVC,enron,pr,1.0,0.570856102003643,0.03762607945553036
SVC,enron,pr,1.0,0.5709601020222262,0.037656630406498096
SVC,enron,pr,1.0,0.5710641399416909,0.03771145125330478
SVC,enron,pr,1.0,0.5711682157827592,0.03772073709913692
SVC,enron,pr,1.0,0.5712723295661685,0.03780588476865552
SVC,enron,pr,1.0,0.5713764813126709,0.03784289884950676
SVC,enron,pr,1.0,0.5714806710430342,0.037902386253330485
SVC,enron,pr,1.0,0.5715848987780412,0.037909356485630895
SVC,enron,pr,1.0,0.5716891645384896,0.03792862308259695
SVC,enron,pr,1.0,0.5717934683451925,0.03793945088457141
SVC,enron,pr,1.0,0.5718978102189781,0.037952651943534976
SVC,enron,pr,1.0,0.5720021901806899,0.03811124839028459
SVC,enron,pr,1.0,0.5721066082511865,0.03815843265231623
SVC,enron,pr,1.0,0.572211064451342,0.03816152373620194
SVC,enron,pr,1.0,0.5723155588020453,0.038171413812810896
SVC,enron,pr,1.0,0.5724200913242009,0.038185706836494006
SVC,enron,pr,1.0,0.5725246620387285,0.03819449456588562
SVC,enron,pr,1.0,0.5726292709665631,0.03819652113282479
SVC,enron,pr,1.0,0.5727339181286549,0.03822264460345897
SVC,enron,pr,1.0,0.5728386035459696,0.0383659693708042
SVC,enron,pr,1.0,0.5729433272394882,0.038489859474767
SVC,enron,pr,1.0,0.5730480892302067,0.03850644125504921
SVC,enron,pr,1.0,0.5731528895391368,0.03852570351580852
SVC,enron,pr,1.0,0.5732577281873057,0.03857159574701043
SVC,enron,pr,1.0,0.5733626051957555,0.03864802848655561
SVC,enron,pr,1.0,0.5734675205855444,0.03869339192716989
SVC,enron,pr,1.0,0.5735724743777453,0.03871211868681607
SVC,enron,pr,1.0,0.5736774665934469,0.03881619236073913
SVC,enron,pr,1.0,0.5737824972537532,0.03882499777855522
SVC,enron,pr,1.0,0.5738875663797839,0.038836386950191
SVC,enron,pr,1.0,0.573992673992674,0.03886691737891695
SVC,enron,pr,1.0,0.5740978201135739,0.03887657514909281
SVC,enron,pr,1.0,0.5742030047636497,0.038927899299362155
SVC,enron,pr,1.0,0.5743082279640829,0.03894312167815516
SVC,enron,pr,1.0,0.5744134897360704,0.03896560773408732
SVC,enron,pr,1.0,0.574518790100825,0.038988667999608824
SVC,enron,pr,1.0,0.5746241290795746,0.03902912930903866
SVC,enron,pr,1.0,0.5747295066935632,0.039042346587138975
SVC,enron,pr,1.0,0.5748349229640499,0.0390516002593683
SVC,enron,pr,1.0,0.5749403779123097,0.039108712854422426
SVC,enron,pr,1.0,0.575045871559633,0.03918362956278929
SVC,enron,pr,1.0,0.5751514039273261,0.039356017039779326
SVC,enron,pr,1.0,0.5752569750367107,0.03935656526105138
SVC,enron,pr,1.0,0.5753625849091243,0.03944178015587149
SVC,enron,pr,1.0,0.5754682335659199,0.0394520925078098
SVC,enron,pr,1.0,0.5755739210284665,0.039507619130938004
SVC,enron,pr,1.0,0.5756796473181485,0.039590890669561736
SVC,enron,pr,1.0,0.5757854124563659,0.03962951736252935
SVC,enron,pr,1.0,0.5758912164645351,0.039630883839709065
SVC,enron,pr,1.0,0.5759970593640875,0.03972679855011853
SVC,enron,pr,1.0,0.5761029411764705,0.039850229226655855
SVC,enron,pr,1.0,0.5762088619231477,0.03986273119306873
SVC,enron,pr,1.0,0.5763148216255977,0.03993276055749092
SVC,enron,pr,1.0,0.5764208203053154,0.03997985111656279
SVC,enron,pr,1.0,0.5765268579838116,0.04020469251243891
SVC,enron,pr,1.0,0.5766329346826127,0.040229492481370706
SVC,enron,pr,1.0,0.5767390504232609,0.04024104463493361
SVC,enron,pr,1.0,0.5768452052273145,0.040291052848330074
SVC,enron,pr,1.0,0.5769513991163475,0.040307117726649806
SVC,enron,pr,1.0,0.5770576321119499,0.04032955096596493
SVC,enron,pr,1.0,0.5771639042357274,0.040391477906356936
SVC,enron,pr,1.0,0.5772702155093019,0.0404721223263795
SVC,enron,pr,1.0,0.577376565954311,0.040472884545063856
SVC,enron,pr,1.0,0.5774829555924084,0.04053982021848992
SVC,enron,pr,1.0,0.5775893844452635,0.04056082016883252
SVC,enron,pr,1.0,0.5776958525345622,0.04062486744238542
SVC,enron,pr,1.0,0.5778023598820059,0.04071446278636833
SVC,enron,pr,1.0,0.5779089065093121,0.0408039888729968
SVC,enron,pr,1.0,0.5780154924382147,0.04082406915996686
SVC,enron,pr,1.0,0.5781221176904631,0.04084081233567475
SVC,enron,pr,1.0,0.5782287822878229,0.04084392409738279
SVC,enron,pr,1.0,0.578335486252076,0.04085454544317107
SVC,enron,pr,1.0,0.5784422296050203,0.040889345312516825
SVC,enron,pr,1.0,0.5785490123684697,0.0409468588643756
SVC,enron,pr,1.0,0.5786558345642541,0.040981481370975896
SVC,enron,pr,1.0,0.5787626962142197,0.04100729129579695
SVC,enron,pr,1.0,0.578869597340229,0.04105824840431533
SVC,enron,pr,1.0,0.5789765379641604,0.04107905904748679
SVC,enron,pr,1.0,0.5790835181079084,0.04141828824639487
SVC,enron,pr,1.0,0.5791905377933838,0.04143539309322837
SVC,enron,pr,1.0,0.5792975970425138,0.0414378013899791
SVC,enron,pr,1.0,0.5794046958772416,0.04149563030853013
SVC,enron,pr,1.0,0.5795118343195266,0.04151985795447473
SVC,enron,pr,1.0,0.5796190123913445,0.04156579951488752
SVC,enron,pr,1.0,0.5797262301146874,0.04161234510087803
SVC,enron,pr,1.0,0.5798334875115634,0.041644276411422376
SVC,enron,pr,1.0,0.579940784603997,0.04165683484662373
SVC,enron,pr,1.0,0.5800481214140293,0.04168379062300733
SVC,enron,pr,1.0,0.5801554979637171,0.0416840588951059
SVC,enron,pr,1.0,0.5802629142751342,0.041728794592941244
SVC,enron,pr,1.0,0.5803703703703704,0.04174686482824048
SVC,enron,pr,1.0,0.5804778662715318,0.041801742128183106
SVC,enron,pr,1.0,0.580585402000741,0.04180301373683051
SVC,enron,pr,1.0,0.5806929775801372,0.041875308047717504
SVC,enron,pr,1.0,0.5808005930318755,0.041924626253113044
SVC,enron,pr,1.0,0.5809082483781279,0.04198077650857951
SVC,enron,pr,1.0,0.5810159436410827,0.041999801561977766
SVC,enron,pr,1.0,0.5811236788429446,0.04205815146658939
SVC,enron,pr,1.0,0.5812314540059347,0.0420826351406956
SVC,enron,pr,1.0,0.5813392691522908,0.042120919586577064
SVC,enron,pr,1.0,0.5814471243042671,0.04213026260010158
SVC,enron,pr,1.0,0.5815550194841344,0.04213889724906852
SVC,enron,pr,1.0,0.5816629547141796,0.04214726329007792
SVC,enron,pr,1.0,0.5817709300167069,0.04216950903412562
SVC,enron,pr,1.0,0.5818789454140364,0.04220971618514455
SVC,enron,pr,1.0,0.5819870009285051,0.04222193438309672
SVC,enron,pr,1.0,0.5820950965824666,0.0422681195437204
SVC,enron,pr,1.0,0.582203232398291,0.04229235703792891
SVC,enron,pr,1.0,0.5823114083983649,0.04234495489820153
SVC,enron,pr,1.0,0.582419624605092,0.04241504752780345
SVC,enron,pr,1.0,0.5825278810408921,0.04245268401505136
SVC,enron,pr,1.0,0.5826361777282023,0.042525199256024736
SVC,enron,pr,1.0,0.5827445146894756,0.04253214740264536
SVC,enron,pr,1.0,0.5828528919471825,0.0425366831820157
SVC,enron,pr,1.0,0.5829613095238095,0.04258561548785588
SVC,enron,pr,1.0,0.5830697674418605,0.04260890309649632
SVC,enron,pr,1.0,0.5831782657238556,0.042638054904842376
SVC,enron,pr,1.0,0.583286804392332,0.042644549068587494
SVC,enron,pr,1.0,0.5833953834698437,0.042717102087175135
SVC,enron,pr,1.0,0.5835040029789611,0.04273599143127724
SVC,enron,pr,1.0,0.5836126629422719,0.04280004170519549
SVC,enron,pr,1.0,0.5837213633823803,0.042816199961443896
SVC,enron,pr,1.0,0.5838301043219076,0.04282718549644705
SVC,enron,pr,1.0,0.5839388857834917,0.04286541393937304
SVC,enron,pr,1.0,0.5840477077897875,0.04292548981953195
SVC,enron,pr,1.0,0.5841565703634669,0.04293343612859013
SVC,enron,pr,1.0,0.5842654735272185,0.04304871400879171
SVC,enron,pr,1.0,0.584374417303748,0.04307544558726668
SVC,enron,pr,1.0,0.5844834017157777,0.04310823710717602
SVC,enron,pr,1.0,0.5845924267860474,0.043163347572290685
SVC,enron,pr,1.0,0.5847014925373134,0.04318435774863763
SVC,enron,pr,1.0,0.5848105989923493,0.043217119971006336
SVC,enron,pr,1.0,0.5849197461739455,0.0432948583869526
SVC,enron,pr,1.0,0.5850289341049094,0.043364151824588776
SVC,enron,pr,1.0,0.5851381628080657,0.043392894776834334
SVC,enron,pr,1.0,0.5852474323062559,0.043423661160998515
SVC,enron,pr,1.0,0.5853567426223384,0.04346611649609533
SVC,enron,pr,1.0,0.5854660937791892,0.0434801316406688
SVC,enron,pr,1.0,0.5855754857997011,0.04349374065572423
SVC,enron,pr,1.0,0.5856849187067837,0.043530717577376955
SVC,enron,pr,1.0,0.5857943925233645,0.04355245992648726
SVC,enron,pr,1.0,0.5859039072723874,0.043555294987254585
SVC,enron,pr,1.0,0.5860134629768138,0.04356247510990335
SVC,enron,pr,1.0,0.5861230596596222,0.04358665315960732
SVC,enron,pr,1.0,0.5862326973438085,0.043606452264015126
SVC,enron,pr,1.0,0.5863423760523854,0.04363470401895589
SVC,enron,pr,1.0,0.5864520958083832,0.04366391188349893
SVC,enron,pr,1.0,0.5865618566348494,0.043667775527873716
SVC,enron,pr,1.0,0.5866716585548484,0.04372759840268311
SVC,enron,pr,1.0,0.5867815015914623,0.04372809816987371
SVC,enron,pr,1.0,0.5868913857677902,0.04372817948944859
SVC,enron,pr,1.0,0.5870013111069489,0.04375785546031507
SVC,enron,pr,1.0,0.5871112776320719,0.043813974345689656
SVC,enron,pr,1.0,0.5872212853663107,0.04386645721865919
SVC,enron,pr,1.0,0.5873313343328336,0.04386894612384931
SVC,enron,pr,1.0,0.5874414245548266,0.04396603919395678
SVC,enron,pr,1.0,0.587551556055493,0.043987099383758915
SVC,enron,pr,1.0,0.5876617288580537,0.044006747705106576
SVC,enron,pr,1.0,0.5877719429857464,0.044034676598462774
SVC,enron,pr,1.0,0.5878821984618271,0.04404075510489982
SVC,enron,pr,1.0,0.5879924953095684,0.04409378526162466
SVC,enron,pr,1.0,0.5881028335522612,0.044102930126189856
SVC,enron,pr,1.0,0.5882132132132132,0.0441331261534898
SVC,enron,pr,1.0,0.58832363431575,0.044157857241355215
SVC,enron,pr,1.0,0.5884340968832145,0.044189208250666946
SVC,enron,pr,1.0,0.5885446009389671,0.04423936029723222
SVC,enron,pr,1.0,0.5886551465063862,0.04437589606245209
SVC,enron,pr,1.0,0.5887657336088672,0.04442164721482674
SVC,enron,pr,1.0,0.5888763622698234,0.044426570236662445
SVC,enron,pr,1.0,0.5889870325126856,0.04449578673789877
SVC,enron,pr,1.0,0.5890977443609022,0.044529030055784576
SVC,enron,pr,1.0,0.5892084978379395,0.04454864023488316
SVC,enron,pr,1.0,0.5893192929672809,0.04456718048904187
SVC,enron,pr,1.0,0.589430129772428,0.04457145408804938
SVC,enron,pr,1.0,0.5895410082768999,0.04458053464166293
SVC,enron,pr,1.0,0.5896519285042333,0.04458936575824752
SVC,enron,pr,1.0,0.5897628904779827,0.04483599911580765
SVC,enron,pr,1.0,0.5898738942217203,0.04486324520200264
SVC,enron,pr,1.0,0.5899849397590361,0.04495678351841494
SVC,enron,pr,1.0,0.5900960271135379,0.04499777652322658
SVC,enron,pr,1.0,0.5902071563088512,0.045053277040153265
SVC,enron,pr,1.0,0.5903183273686193,0.0450921536877145
SVC,enron,pr,1.0,0.5904295403165034,0.04530788667576449
SVC,enron,pr,1.0,0.5905407951761824,0.04532037600989933
SVC,enron,pr,1.0,0.5906520919713532,0.04534983491107949
SVC,enron,pr,1.0,0.5907634307257305,0.04540529557260714
SVC,enron,pr,1.0,0.5908748114630468,0.04543966200129076
SVC,enron,pr,1.0,0.5909862342070527,0.045518433372167766
SVC,enron,pr,1.0,0.5910976989815164,0.04555533790489654
SVC,enron,pr,1.0,0.5912092058102245,0.045606458803503495
SVC,enron,pr,1.0,0.5913207547169811,0.045877021843751205
SVC,enron,pr,1.0,0.5914323457256087,0.045962185337481636
SVC,enron,pr,1.0,0.5915439788599471,0.04610676573380613
SVC,enron,pr,1.0,0.591655654143855,0.04613339513874006
SVC,enron,pr,1.0,0.5917673716012085,0.046181857447011566
SVC,enron,pr,1.0,0.5918791312559017,0.04625739337790232
SVC,enron,pr,1.0,0.5919909331318474,0.046278820279757375
SVC,enron,pr,1.0,0.5921027772529757,0.04631875521609354
SVC,enron,pr,1.0,0.592214663643235,0.04632072444091662
SVC,enron,pr,1.0,0.5923265923265923,0.046425631808655
SVC,enron,pr,1.0,0.5924385633270322,0.04642847184841642
SVC,enron,pr,1.0,0.5925505766685574,0.04670119393442392
SVC,enron,pr,1.0,0.5926626323751891,0.04677750986901973
SVC,enron,pr,1.0,0.5927747304709665,0.04682984595557429
SVC,enron,pr,1.0,0.5928868709799471,0.046840885124716784
SVC,enron,pr,1.0,0.5929990539262062,0.046859220429788705
SVC,enron,pr,1.0,0.593111279333838,0.04686180531570944
SVC,enron,pr,1.0,0.5932235472269544,0.04686184363961468
SVC,enron,pr,1.0,0.5933358576296858,0.04694520119383508
SVC,enron,pr,1.0,0.5934482105661807,0.04695321837156587
SVC,enron,pr,1.0,0.593560606060606,0.046965277915865376
SVC,enron,pr,1.0,0.5936730441371472,0.047022860518754865
SVC,enron,pr,1.0,0.5937855248200076,0.04703693675500078
SVC,enron,pr,1.0,0.5938980481334092,0.04707493211300284
SVC,enron,pr,1.0,0.5940106141015921,0.04726769108889186
SVC,enron,pr,1.0,0.5941232227488151,0.04734704957129221
SVC,enron,pr,1.0,0.5942358740993553,0.04737212442526462
SVC,enron,pr,1.0,0.594348568177508,0.04741736804596309
SVC,enron,pr,1.0,0.5944613050075872,0.047430597795142866
SVC,enron,pr,1.0,0.5945740846139252,0.04745120510287227
SVC,enron,pr,1.0,0.5946869070208729,0.047588544085180755
SVC,enron,pr,1.0,0.5947997722527993,0.04760070867411462
SVC,enron,pr,1.0,0.5949126803340926,0.04760228995918489
SVC,enron,pr,1.0,0.5950256312891589,0.04760675975800882
SVC,enron,pr,1.0,0.5951386251424231,0.04761737368564104
SVC,enron,pr,1.0,0.5952516619183286,0.047636456235168406
SVC,enron,pr,1.0,0.5953647416413373,0.04767013947636733
SVC,enron,pr,1.0,0.5954778643359301,0.047719458865640635
SVC,enron,pr,1.0,0.5955910300266058,0.047750625542867076
SVC,enron,pr,1.0,0.5957042387378826,0.04782204694163252
SVC,enron,pr,1.0,0.5958174904942966,0.04789648978172376
SVC,enron,pr,1.0,0.5960441232407759,0.04795421045746213
SVC,enron,pr,1.0,0.5961575042800076,0.04796202925718967
SVC,enron,pr,1.0,0.5962709284627092,0.0480342695546071
SVC,enron,pr,1.0,0.596384395813511,0.048078693926721754
SVC,enron,pr,1.0,0.5964979063570612,0.048113442454314814
SVC,enron,pr,1.0,0.5966114601180278,0.04812492370262464
SVC,enron,pr,1.0,0.5967250571210967,0.04817442328826201
SVC,enron,pr,1.0,0.5968386973909732,0.0482110336726368
SVC,enron,pr,1.0,0.5969523809523809,0.048257039678376905
SVC,enron,pr,1.0,0.5970661078300629,0.048317335712206116
SVC,enron,pr,1.0,0.5972936916333142,0.048379234159583166
SVC,enron,pr,1.0,0.5974075486084636,0.048391915606487396
SVC,enron,pr,1.0,0.5975214489990467,0.048392222867190526
SVC,enron,pr,1.0,0.5976353928299009,0.0483984912465594
SVC,enron,pr,1.0,0.5977493801258821,0.04845703394005924
SVC,enron,pr,1.0,0.5978634109118657,0.048519771868198606
SVC,enron,pr,1.0,0.5979774852127456,0.04851983237372313
SVC,enron,pr,1.0,0.5980916030534351,0.04854282889241588
SVC,enron,pr,1.0,0.5982057644588662,0.04854570308728005
SVC,enron,pr,1.0,0.59831996945399,0.048573323198542656
SVC,enron,pr,1.0,0.598434218063777,0.04858298135222122
SVC,enron,pr,1.0,0.5985485103132162,0.04868634291125632
SVC,enron,pr,1.0,0.5986628462273161,0.04870159025390087
SVC,enron,pr,1.0,0.5987772258311043,0.048703399348686366
SVC,enron,pr,1.0,0.5988916491496273,0.0487398547972838
SVC,enron,pr,1.0,0.5990061162079511,0.04874474532794187
SVC,enron,pr,1.0,0.5991206270311604,0.04880365593673197
SVC,enron,pr,1.0,0.5992351816443595,0.048805863208253024
SVC,enron,pr,1.0,0.5993497800726716,0.04880929490780742
SVC,enron,pr,1.0,0.5994644223412395,0.04885151357432611
SVC,enron,pr,1.0,0.5995791084752248,0.04891972972746147
SVC,enron,pr,1.0,0.5996938384998086,0.048931700931476536
SVC,enron,pr,1.0,0.5998086124401913,0.04896040258093463
SVC,enron,pr,1.0,0.5999234303215927,0.048982301535364474
SVC,enron,pr,1.0,0.6000382921692514,0.04899245566776092
SVC,enron,pr,1.0,0.6001531980084259,0.04900999099984854
SVC,enron,pr,1.0,0.6002681478643938,0.04909527401824174
SVC,enron,pr,1.0,0.6003831417624521,0.049098000139908525
SVC,enron,pr,1.0,0.6004981797279172,0.04913354645499041
SVC,enron,pr,1.0,0.600613261786125,0.049138670185721135
SVC,enron,pr,1.0,0.6007283879624306,0.049173083618252254
SVC,enron,pr,1.0,0.6008435582822086,0.04918909333037641
SVC,enron,pr,1.0,0.6009587727708533,0.04930285043076144
SVC,enron,pr,1.0,0.6010740314537782,0.04949335469200061
SVC,enron,pr,1.0,0.6011893343564166,0.04949641594813828
SVC,enron,pr,1.0,0.601304681504221,0.049538260008881285
SVC,enron,pr,1.0,0.6014200729226636,0.04955711004398273
SVC,enron,pr,1.0,0.601535508637236,0.049600860775606236
SVC,enron,pr,1.0,0.6016509886734498,0.049720626029890906
SVC,enron,pr,1.0,0.6017665130568356,0.049752329777980796
SVC,enron,pr,1.0,0.6018820818129441,0.04978182919842236
SVC,enron,pr,1.0,0.6019976949673453,0.04981843427074903
SVC,enron,pr,1.0,0.6021133525456293,0.04983121119611461
SVC,enron,pr,1.0,0.602229054573405,0.049840305093417275
SVC,enron,pr,1.0,0.6023448010763022,0.04985142473646408
SVC,enron,pr,1.0,0.6024605920799693,0.049864618429343754
SVC,enron,pr,1.0,0.602576427610075,0.04987075141991959
SVC,enron,pr,1.0,0.6026923076923076,0.04989765703386408
SVC,enron,pr,1.0,0.6028082323523755,0.04992605600704014
SVC,enron,pr,1.0,0.6029242016160061,0.04998028379244591
SVC,enron,pr,1.0,0.6030402155089475,0.05001820506122767
SVC,enron,pr,1.0,0.6031562740569669,0.050044362719632106
SVC,enron,pr,1.0,0.6032723772858518,0.05007607329163862
SVC,enron,pr,1.0,0.6033885252214093,0.05012544665026781
SVC,enron,pr,1.0,0.6035047178894666,0.05016894729513933
SVC,enron,pr,1.0,0.6036209553158706,0.05018192164270773
SVC,enron,pr,1.0,0.6037372375264881,0.05022961631912939
SVC,enron,pr,1.0,0.6038535645472062,0.050246399534336496
SVC,enron,pr,1.0,0.6039699364039314,0.05030350839674847
SVC,enron,pr,1.0,0.6040863531225906,0.05034209852300326
SVC,enron,pr,1.0,0.6042028147291305,0.05035622091579995
SVC,enron,pr,1.0,0.6043193212495179,0.05043456305788676
SVC,enron,pr,1.0,0.6044358727097396,0.05044553061332006
SVC,enron,pr,1.0,0.6045524691358025,0.05052537035292972
SVC,enron,pr,1.0,0.6046691105537334,0.05057193220502176
SVC,enron,pr,1.0,0.6047857969895793,0.05063545496253515
SVC,enron,pr,1.0,0.6049025284694074,0.05064230895871774
SVC,enron,pr,1.0,0.605019305019305,0.050781109463691944
SVC,enron,pr,1.0,0.6051361266653794,0.05080834059537293
SVC,enron,pr,1.0,0.6052529934337582,0.05086358099281504
SVC,enron,pr,1.0,0.6053699053505891,0.05092417459280191
SVC,enron,pr,1.0,0.6054868624420402,0.050937889414443875
SVC,enron,pr,1.0,0.6056038647342995,0.0511158574930455
SVC,enron,pr,1.0,0.6057209122535756,0.05112734157322485
SVC,enron,pr,1.0,0.6058380050260971,0.05113618408809172
SVC,enron,pr,1.0,0.6059551430781129,0.05114979323749169
SVC,enron,pr,1.0,0.6060723264358925,0.0511512187004379
SVC,enron,pr,1.0,0.6061895551257254,0.05120077721729255
SVC,enron,pr,1.0,0.6063068291739214,0.05133941843358161
SVC,enron,pr,1.0,0.6064241486068112,0.051416661575456685
SVC,enron,pr,1.0,0.6065415134507451,0.05150936081553072
SVC,enron,pr,1.0,0.6066589237320945,0.0515466822587736
SVC,enron,pr,1.0,0.6067763794772507,0.05154800745477714
SVC,enron,pr,1.0,0.6068938807126258,0.05158135596565142
SVC,enron,pr,1.0,0.6070114274646523,0.051681646952352965
SVC,enron,pr,1.0,0.6071290197597831,0.051699825422771524
SVC,enron,pr,1.0,0.6072466576244914,0.05171737231282079
SVC,enron,pr,1.0,0.6073643410852713,0.0517859463243896
SVC,enron,pr,1.0,0.6074820701686373,0.05183025146161093
SVC,enron,pr,1.0,0.6075998449011245,0.05185562363837811
SVC,enron,pr,1.0,0.6077176653092884,0.05189788213026989
SVC,enron,pr,1.0,0.6078355314197051,0.05200426133433619
SVC,enron,pr,1.0,0.6079534432589718,0.052069652295684506
SVC,enron,pr,1.0,0.6080714008537058,0.05207834039886596
SVC,enron,pr,1.0,0.6081894042305453,0.052131650377879736
SVC,enron,pr,1.0,0.6083074534161491,0.052173794767409576
SVC,enron,pr,1.0,0.6084255484371967,0.05222454056039094
SVC,enron,pr,1.0,0.6085436893203884,0.05225037143983729
SVC,enron,pr,1.0,0.6086618760924452,0.052279631473916975
SVC,enron,pr,1.0,0.6087801087801088,0.05227986316511301
SVC,enron,pr,1.0,0.6088983874101418,0.052327315638981436
SVC,enron,pr,1.0,0.6090167120093276,0.05233617662427509
SVC,enron,pr,1.0,0.6091350826044704,0.052337765467603124
SVC,enron,pr,1.0,0.609253499222395,0.052354403774531676
SVC,enron,pr,1.0,0.6093719618899475,0.052430990478678434
SVC,enron,pr,1.0,0.6094904706339945,0.05247441504920347
SVC,enron,pr,1.0,0.6096090254814238,0.05248161517155747
SVC,enron,pr,1.0,0.609727626459144,0.05253145776782408
SVC,enron,pr,1.0,0.6098462735940845,0.05254516509126589
SVC,enron,pr,1.0,0.6099649669131958,0.05269751620920934
SVC,enron,pr,1.0,0.6100837064434494,0.05276379289837884
SVC,enron,pr,1.0,0.610202492211838,0.052771989148869214
SVC,enron,pr,1.0,0.6103213242453749,0.05283773039676012
SVC,enron,pr,1.0,0.6104402025710947,0.05284130082617988
SVC,enron,pr,1.0,0.610559127216053,0.05286222389390868
SVC,enron,pr,1.0,0.6106780982073265,0.05290274596863829
SVC,enron,pr,1.0,0.6107971155720132,0.05292623550813508
SVC,enron,pr,1.0,0.610916179337232,0.05293269574155807
SVC,enron,pr,1.0,0.6110352895301229,0.05295220059239883
SVC,enron,pr,1.0,0.6111544461778471,0.052964344213368486
SVC,enron,pr,1.0,0.6112736493075873,0.05306163330195209
SVC,enron,pr,1.0,0.611392898946547,0.05310161508515412
SVC,enron,pr,1.0,0.6115121951219512,0.05313563112801459
SVC,enron,pr,1.0,0.6116315378610461,0.05314220573033862
SVC,enron,pr,1.0,0.6117509271910989,0.053214251730326255
SVC,enron,pr,1.0,0.6118703631393987,0.05321431996946483
SVC,enron,pr,1.0,0.6119898457332552,0.05325630088513145
SVC,enron,pr,1.0,0.612109375,0.0532781459709872
SVC,enron,pr,1.0,0.6122289509669857,0.053325916137106
SVC,enron,pr,1.0,0.6123485736615866,0.05333747768556049
SVC,enron,pr,1.0,0.612468243111198,0.05339302622657577
SVC,enron,pr,1.0,0.612587959343237,0.053432108791651084
SVC,enron,pr,1.0,0.6127077223851417,0.053446525574696015
SVC,enron,pr,1.0,0.6128275322643724,0.05346346017477995
SVC,enron,pr,1.0,0.61294738900841,0.05348641526123487
SVC,enron,pr,1.0,0.6130672926447575,0.0535520491310806
SVC,enron,pr,1.0,0.6131872432009392,0.05357256179533437
SVC,enron,pr,1.0,0.6133072407045009,0.05359843804269595
SVC,enron,pr,1.0,0.6134272851830104,0.05366567390550547
SVC,enron,pr,1.0,0.6135473766640563,0.05367483208103341
SVC,enron,pr,1.0,0.6136675151752496,0.05378497899221483
SVC,enron,pr,1.0,0.6137877007442225,0.05384601924553726
SVC,enron,pr,1.0,0.6139079333986288,0.05390931388357819
SVC,enron,pr,1.0,0.6140282131661442,0.05392998437699859
SVC,enron,pr,1.0,0.614148540074466,0.05394008361004695
SVC,enron,pr,1.0,0.6142689141513132,0.05394255308703572
SVC,enron,pr,1.0,0.6143893354244265,0.0539770926222106
SVC,enron,pr,1.0,0.6145098039215686,0.05411088302103681
SVC,enron,pr,1.0,0.6146303196705236,0.054128478631034545
SVC,enron,pr,1.0,0.6147508826990977,0.054176019661611195
SVC,enron,pr,1.0,0.6148714930351187,0.05440773288494549
SVC,enron,pr,1.0,0.6149921507064364,0.05441914653182772
SVC,enron,pr,1.0,0.6151128557409224,0.05442024707008864
SVC,enron,pr,1.0,0.6152336081664703,0.054446157828276866
SVC,enron,pr,1.0,0.6153544080109955,0.054460419702878154
SVC,enron,pr,1.0,0.6154752553024352,0.054486915732541406
SVC,enron,pr,1.0,0.6155961500687488,0.054509021720653895
SVC,enron,pr,1.0,0.6157170923379175,0.05452780974624543
SVC,enron,pr,1.0,0.6158380821379446,0.054565569814905214
SVC,enron,pr,1.0,0.6159591194968553,0.05458430482980997
SVC,enron,pr,1.0,0.6160802044426971,0.05460277722449819
SVC,enron,pr,1.0,0.6162013370035391,0.05464230772479006
SVC,enron,pr,1.0,0.616322517207473,0.05464955460950605
SVC,enron,pr,1.0,0.6164437450826121,0.05466027308651487
SVC,enron,pr,1.0,0.6165650206570923,0.05472620271691378
SVC,enron,pr,1.0,0.6166863439590712,0.0547469028842077
SVC,enron,pr,1.0,0.616807715016729,0.05475688195115167
SVC,enron,pr,1.0,0.6169291338582678,0.05483258684018607
SVC,enron,pr,1.0,0.6170506005119117,0.05485063501490841
SVC,enron,pr,1.0,0.6171721150059079,0.05486497726246294
SVC,enron,pr,1.0,0.6172936773685247,0.0548942683847381
SVC,enron,pr,1.0,0.6174152876280535,0.05493225033417578
SVC,enron,pr,1.0,0.6175369458128079,0.054962000883294095
SVC,enron,pr,1.0,0.6176586519511233,0.05501267820024952
SVC,enron,pr,1.0,0.6177804060713582,0.055127959053376585
SVC,enron,pr,1.0,0.6179022082018928,0.055180506525917355
SVC,enron,pr,1.0,0.61802405837113,0.05519933623737391
SVC,enron,pr,1.0,0.618145956607495,0.05533637555524254
SVC,enron,pr,1.0,0.6182679029394358,0.05535929893457109
SVC,enron,pr,1.0,0.6183898973954223,0.055370120717305606
SVC,enron,pr,1.0,0.6185119400039472,0.05537331645784524
SVC,enron,pr,1.0,0.618756169792695,0.05539834531337498
SVC,enron,pr,1.0,0.6188783570300158,0.055409233377048735
SVC,enron,pr,1.0,0.6190005925340707,0.05542407573332922
SVC,enron,pr,1.0,0.6191228763334651,0.05546177203264063
SVC,enron,pr,1.0,0.6192452084568267,0.055564227395256315
SVC,enron,pr,1.0,0.6193675889328063,0.05559224387609172
SVC,enron,pr,1.0,0.6194900177900771,0.055620487238181616
SVC,enron,pr,1.0,0.619612495057335,0.055659233035722615
SVC,enron,pr,1.0,0.6197350207632984,0.05569461481030902
SVC,enron,pr,1.0,0.6198575949367089,0.055751735376325384
SVC,enron,pr,1.0,0.6199802176063304,0.05575916737149261
SVC,enron,pr,1.0,0.6201028888009498,0.05578704686775885
SVC,enron,pr,1.0,0.6202256085493766,0.05579436208667635
SVC,enron,pr,1.0,0.6203483768804434,0.05583810099250983
SVC,enron,pr,1.0,0.6204711938230053,0.055984194171559344
SVC,enron,pr,1.0,0.6205940594059406,0.055986547384777964
SVC,enron,pr,1.0,0.6207169736581502,0.05599473301576704
SVC,enron,pr,1.0,0.6208399366085579,0.05600222634801661
SVC,enron,pr,1.0,0.6209629482861105,0.05602612589899437
SVC,enron,pr,1.0,0.621086008719778,0.056047254916211126
SVC,enron,pr,1.0,0.621209117938553,0.05611303597788498
SVC,enron,pr,1.0,0.6213322759714512,0.056223766080263506
SVC,enron,pr,1.0,0.6214554828475114,0.05634165066732272
SVC,enron,pr,1.0,0.6215787385957953,0.05641905496017585
SVC,enron,pr,1.0,0.6217020432453878,0.05651315543930489
SVC,enron,pr,1.0,0.6218253968253968,0.0565272700782452
SVC,enron,pr,1.0,0.6219487993649534,0.05659539546677237
SVC,enron,pr,1.0,0.6220722508932116,0.05669948229305971
SVC,enron,pr,1.0,0.6221957514393488,0.05681202353396598
SVC,enron,pr,1.0,0.6223193010325655,0.0569290634005657
SVC,enron,pr,1.0,0.6224428997020854,0.0570138499395384
SVC,enron,pr,1.0,0.6225665474771553,0.0570410711091033
SVC,enron,pr,1.0,0.6226902443870455,0.05705346793265179
SVC,enron,pr,1.0,0.6228139904610492,0.057068622986462945
SVC,enron,pr,1.0,0.6229377857284834,0.05718711116740053
SVC,enron,pr,1.0,0.6230616302186879,0.057194060749572374
SVC,enron,pr,1.0,0.623185523961026,0.057261568273970415
SVC,enron,pr,1.0,0.6233094669848847,0.057264280114622625
SVC,enron,pr,1.0,0.6234334593196738,0.05733715052497384
SVC,enron,pr,1.0,0.6235575009948269,0.05738934329684505
SVC,enron,pr,1.0,0.623681592039801,0.05754646618300241
SVC,enron,pr,1.0,0.6238057324840764,0.057547194353367505
SVC,enron,pr,1.0,0.623929922357157,0.05754976373702592
SVC,enron,pr,1.0,0.6240541616885703,0.0575630528755904
SVC,enron,pr,1.0,0.6241784505078669,0.05767581679582745
SVC,enron,pr,1.0,0.6243027888446215,0.05773712937303566
SVC,enron,pr,1.0,0.624427176728432,0.05776328098236644
SVC,enron,pr,1.0,0.6245516141889199,0.05783752144239237
SVC,enron,pr,1.0,0.6246761012557305,0.05793041600909544
SVC,enron,pr,1.0,0.6248006379585327,0.05809195181533505
SVC,enron,pr,1.0,0.6249252243270189,0.05815234607577583
SVC,enron,pr,1.0,0.6250498603909055,0.05816683721977701
SVC,enron,pr,1.0,0.6251745461799322,0.058215617622206395
SVC,enron,pr,1.0,0.6252992817238627,0.058267839924929905
SVC,enron,pr,1.0,0.6254240670524845,0.05839370102523925
SVC,enron,pr,1.0,0.6255489021956088,0.058413849435729644
SVC,enron,pr,1.0,0.6256737871830704,0.05847840980632505
SVC,enron,pr,1.0,0.6257987220447284,0.05877264108374528
SVC,enron,pr,1.0,0.6259237068104654,0.058851308551384846
SVC,enron,pr,1.0,0.6260487415101877,0.05900931025063988
SVC,enron,pr,1.0,0.6261738261738262,0.059032566334277996
SVC,enron,pr,1.0,0.626298960831335,0.05906778500303728
SVC,enron,pr,1.0,0.6264241455126924,0.05907133230917113
SVC,enron,pr,1.0,0.6265493802479009,0.0590914119991793
SVC,enron,pr,1.0,0.6266746650669867,0.05912162187774158
SVC,enron,pr,1.0,0.6268,0.05917335700957902
SVC,enron,pr,1.0,0.6269253850770155,0.059175477786408526
SVC,enron,pr,1.0,0.6270508203281312,0.05918943540724788
SVC,enron,pr,1.0,0.6271763057834701,0.05920866542540424
SVC,enron,pr,1.0,0.6273018414731786,0.05928439475166994
SVC,enron,pr,1.0,0.6274274274274274,0.05928999645877866
SVC,enron,pr,1.0,0.6275530636764117,0.059291127007609544
SVC,enron,pr,1.0,0.6276787502503505,0.05929593190967609
SVC,enron,pr,1.0,0.6278044871794872,0.05936643575855613
SVC,enron,pr,1.0,0.6279302744940893,0.05936905639932788
SVC,enron,pr,1.0,0.6280561122244489,0.059413935262973595
SVC,enron,pr,1.0,0.6281820004008819,0.05941462122483099
SVC,enron,pr,1.0,0.628307939053729,0.05945619625715925
SVC,enron,pr,1.0,0.6284339282133548,0.05961045307832171
SVC,enron,pr,1.0,0.6285599679101485,0.05968736040802818
SVC,enron,pr,1.0,0.6286860581745236,0.05971722286568681
SVC,enron,pr,1.0,0.6288121990369181,0.059732116736116225
SVC,enron,pr,1.0,0.6289383905277945,0.05973797133196813
SVC,enron,pr,1.0,0.6290646326776395,0.05985983702209271
SVC,enron,pr,1.0,0.6291909255169644,0.05989084831879321
SVC,enron,pr,1.0,0.6293172690763053,0.05991024665994087
SVC,enron,pr,1.0,0.6294436633862222,0.059993082529557686
SVC,enron,pr,1.0,0.6295701084773001,0.060035916414621825
SVC,enron,pr,1.0,0.6296966043801487,0.06008029884731267
SVC,enron,pr,1.0,0.6298231511254019,0.06009488723384284
SVC,enron,pr,1.0,0.6299497487437186,0.060151924487369834
SVC,enron,pr,1.0,0.630076397265782,0.06033504692891097
SVC,enron,pr,1.0,0.6302030967223005,0.06049624261510363
SVC,enron,pr,1.0,0.6303298471440064,0.060500052002147094
SVC,enron,pr,1.0,0.6304566485616576,0.06060170018899786
SVC,enron,pr,1.0,0.6305835010060362,0.06067696852003018
SVC,enron,pr,1.0,0.6307104045079492,0.06069260595733352
SVC,enron,pr,1.0,0.6308373590982287,0.060700300754079534
SVC,enron,pr,1.0,0.630964364807731,0.06070738008756275
SVC,enron,pr,1.0,0.6310914216673379,0.06074360537047477
SVC,enron,pr,1.0,0.6312185297079557,0.06074626417088586
SVC,enron,pr,1.0,0.6313456889605157,0.06091943232553179
SVC,enron,pr,1.0,0.6314728994559742,0.06092652373415541
SVC,enron,pr,1.0,0.6316001612253124,0.06096718537998006
SVC,enron,pr,1.0,0.6317274742995364,0.060986615282810276
SVC,enron,pr,1.0,0.6318548387096774,0.06105707032199816
SVC,enron,pr,1.0,0.6319822544867917,0.06106821172333982
SVC,enron,pr,1.0,0.6321097216619604,0.06107144636030184
SVC,enron,pr,1.0,0.6322372402662901,0.06113308549833566
SVC,enron,pr,1.0,0.6323648103309121,0.06121869944765493
SVC,enron,pr,1.0,0.6324924318869829,0.061305295671780315
SVC,enron,pr,1.0,0.6326201049656843,0.06168061732753944
SVC,enron,pr,1.0,0.6327478295982233,0.06173269292717435
SVC,enron,pr,1.0,0.632875605815832,0.06187917185307421
SVC,enron,pr,1.0,0.6330034336497677,0.061930997074199
SVC,enron,pr,1.0,0.6331313131313131,0.06195696373101948
SVC,enron,pr,1.0,0.6332592442917762,0.06196537754195258
SVC,enron,pr,1.0,0.6333872271624899,0.06210597762369341
SVC,enron,pr,1.0,0.633515261774813,0.06213917923123164
SVC,enron,pr,1.0,0.6336433481601293,0.06214895731648848
SVC,enron,pr,1.0,0.6337714863498484,0.06216279294013723
SVC,enron,pr,1.0,0.6338996763754046,0.062167673123589666
SVC,enron,pr,1.0,0.6340279182682581,0.06221019366542626
SVC,enron,pr,1.0,0.6341562120598948,0.06221505833999946
SVC,enron,pr,1.0,0.6342845577818256,0.062273549836485524
SVC,enron,pr,1.0,0.6344129554655871,0.06229991248140912
SVC,enron,pr,1.0,0.6345414051427415,0.06239822255141908
SVC,enron,pr,1.0,0.6346699068448765,0.06253067300293123
SVC,enron,pr,1.0,0.6347984606036055,0.06254937199252424
SVC,enron,pr,1.0,0.6349270664505673,0.06263521661282592
SVC,enron,pr,1.0,0.6350557244174265,0.06270400911765531
SVC,enron,pr,1.0,0.6351844345358735,0.06284675194817867
SVC,enron,pr,1.0,0.6353131968376242,0.06289375016872624
SVC,enron,pr,1.0,0.6354420113544201,0.06296086176674982
SVC,enron,pr,1.0,0.6355708781180288,0.06298388650118364
SVC,enron,pr,1.0,0.6356997971602434,0.06300288581046891
SVC,enron,pr,1.0,0.635828768512883,0.06338091317298611
SVC,enron,pr,1.0,0.6359577922077922,0.06340123903428219
SVC,enron,pr,1.0,0.6360868682768419,0.06340168445002058
SVC,enron,pr,1.0,0.6362159967519285,0.0634043243759796
SVC,enron,pr,1.0,0.6363451776649747,0.06348728018713584
SVC,enron,pr,1.0,0.6364744110479286,0.06351582711769442
SVC,enron,pr,1.0,0.6366036969327645,0.06361307421953058
SVC,enron,pr,1.0,0.6367330353514832,0.06364031403175838
SVC,enron,pr,1.0,0.6368624263361106,0.06377955244326429
SVC,enron,pr,1.0,0.6369918699186992,0.06392308851171867
SVC,enron,pr,1.0,0.6371213661313275,0.06395284045859972
SVC,enron,pr,1.0,0.6372509150061001,0.06405018208933522
SVC,enron,pr,1.0,0.6373805165751475,0.06407899595992618
SVC,enron,pr,1.0,0.6375101708706266,0.0641292051344396
SVC,enron,pr,1.0,0.6376398779247202,0.0641482735969535
SVC,enron,pr,1.0,0.6377696377696378,0.06417857553674783
SVC,enron,pr,1.0,0.6378994504376145,0.06423577156815458
SVC,enron,pr,1.0,0.6380293159609121,0.06442564790472825
SVC,enron,pr,1.0,0.6381592343718183,0.06453464917432168
SVC,enron,pr,1.0,0.6382892057026477,0.06457682920102006
SVC,enron,pr,1.0,0.6384192299857405,0.06457843307609508
SVC,enron,pr,1.0,0.6385493072534637,0.06457905422781163
SVC,enron,pr,1.0,0.6388096208724011,0.06459269231822168
SVC,enron,pr,1.0,0.6390701468189234,0.06459830151182523
SVC,enron,pr,1.0,0.6392004894962268,0.06468291133126482
SVC,enron,pr,1.0,0.6393308853529172,0.0647277666877885
SVC,enron,pr,1.0,0.6394613344215466,0.0648807399446385
SVC,enron,pr,1.0,0.6395918367346939,0.06491842165965984
SVC,enron,pr,1.0,0.6397223923249643,0.06493696357370662
SVC,enron,pr,1.0,0.6398530012249898,0.0650752375622005
SVC,enron,pr,1.0,0.6399836634674291,0.06516375296491166
SVC,enron,pr,1.0,0.6401143790849673,0.06521107927657731
SVC,enron,pr,1.0,0.6402451481103166,0.06522512766202314
SVC,enron,pr,1.0,0.6403759705762158,0.06524585604970182
SVC,enron,pr,1.0,0.6405068465154302,0.06525970394965748
SVC,enron,pr,1.0,0.6406377759607522,0.06543283288806385
SVC,enron,pr,1.0,0.6407687589450011,0.06543642476703658
SVC,enron,pr,1.0,0.6408997955010225,0.06545600807070669
SVC,enron,pr,1.0,0.6410308856616895,0.0654887625127778
SVC,enron,pr,1.0,0.6411620294599017,0.06552438826248044
SVC,enron,pr,1.0,0.641293226928586,0.06552682977612041
SVC,enron,pr,1.0,0.6414244781006959,0.06561916681274903
SVC,enron,pr,1.0,0.6415557830092119,0.06562082360806828
SVC,enron,pr,1.0,0.6416871416871417,0.06563840523164433
SVC,enron,pr,1.0,0.64181855416752,0.06567232769057553
SVC,enron,pr,1.0,0.6419500204834084,0.06575350568812406
SVC,enron,pr,1.0,0.6420815406678959,0.06577545370305986
SVC,enron,pr,1.0,0.6422131147540984,0.06582444207625203
SVC,enron,pr,1.0,0.6423447427751589,0.06588757301821184
SVC,enron,pr,1.0,0.6424764247642476,0.06589465642418497
SVC,enron,pr,1.0,0.6426081607545623,0.0659965762076339
SVC,enron,pr,1.0,0.6427399507793273,0.06608657693104057
SVC,enron,pr,1.0,0.6428717948717949,0.06619103858589202
SVC,enron,pr,1.0,0.6430036930652442,0.06630133870601355
SVC,enron,pr,1.0,0.6431356453929817,0.06636727395345586
SVC,enron,pr,1.0,0.6432676518883416,0.0663853908624551
SVC,enron,pr,1.0,0.6433997125846849,0.06650065398731227
SVC,enron,pr,1.0,0.6435318275154004,0.06650355742210477
SVC,enron,pr,1.0,0.6436639967139043,0.06652341958448305
SVC,enron,pr,1.0,0.6437962202136401,0.06653978791443586
SVC,enron,pr,1.0,0.643928498048079,0.06656603517631639
SVC,enron,pr,1.0,0.6440608302507193,0.06663358176921479
SVC,enron,pr,1.0,0.6441932168550873,0.06665521265624268
SVC,enron,pr,1.0,0.6443256578947368,0.06666141635922761
SVC,enron,pr,1.0,0.644458153403249,0.0666764511986977
SVC,enron,pr,1.0,0.6445907034142329,0.06673419234178417
SVC,enron,pr,1.0,0.6447233079613248,0.06674985478957597
SVC,enron,pr,1.0,0.6448559670781893,0.06685616543526994
SVC,enron,pr,1.0,0.6449886807985182,0.06686009898182843
SVC,enron,pr,1.0,0.6451214491560313,0.06687350824501805
SVC,enron,pr,1.0,0.6452542721844761,0.06688110297232198
SVC,enron,pr,1.0,0.6453871499176277,0.06691694440218131
SVC,enron,pr,1.0,0.6455200823892894,0.0669182181151742
SVC,enron,pr,1.0,0.6456530696332922,0.06695766388148491
SVC,enron,pr,1.0,0.6457861116834948,0.06698636575726193
SVC,enron,pr,1.0,0.645919208573784,0.06702374380709017
SVC,enron,pr,1.0,0.6460523603380747,0.06704161660928888
SVC,enron,pr,1.0,0.6461855670103093,0.06712077997965436
SVC,enron,pr,1.0,0.6463188286244587,0.06714689786207363
SVC,enron,pr,1.0,0.6464521452145214,0.06725253752495734
SVC,enron,pr,1.0,0.6465855168145245,0.0672590333451591
SVC,enron,pr,1.0,0.6467189434585225,0.06745914494889739
SVC,enron,pr,1.0,0.6468524251805986,0.06751026497138289
SVC,enron,pr,1.0,0.6469859620148638,0.06755330364328188
SVC,enron,pr,1.0,0.6471195539954574,0.0675890239207475
SVC,enron,pr,1.0,0.6472532011565468,0.06759440855023068
SVC,enron,pr,1.0,0.6473869035323281,0.06768077948345314
SVC,enron,pr,1.0,0.6475206611570248,0.06770900399745619
SVC,enron,pr,1.0,0.6476544740648894,0.0677499033621743
SVC,enron,pr,1.0,0.6477883422902025,0.06776813795897844
SVC,enron,pr,1.0,0.6479222658672731,0.0678732278621159
SVC,enron,pr,1.0,0.6480562448304383,0.06792095167300134
SVC,enron,pr,1.0,0.6481902792140641,0.06793261247311265
SVC,enron,pr,1.0,0.6483243690525444,0.06794711273924255
SVC,enron,pr,1.0,0.6484585143803021,0.06800166065980062
SVC,enron,pr,1.0,0.6485927152317881,0.06800804826679781
SVC,enron,pr,1.0,0.6487269716414821,0.06804497262227549
SVC,enron,pr,1.0,0.6488612836438924,0.06808219186144458
SVC,enron,pr,1.0,0.6489956512735556,0.06810221441518806
SVC,enron,pr,1.0,0.6491300745650372,0.06812308639812407
SVC,enron,pr,1.0,0.6492645535529314,0.06819326808785865
SVC,enron,pr,1.0,0.6493990882718608,0.06820803658293408
SVC,enron,pr,1.0,0.6495336787564767,0.06820814833670331
SVC,enron,pr,1.0,0.6496683250414593,0.0682229245431154
SVC,enron,pr,1.0,0.6498030271615177,0.06831786615744326
SVC,enron,pr,1.0,0.6499377851513894,0.06833208546180314
SVC,enron,pr,1.0,0.6500725990458411,0.06836012182924088
SVC,enron,pr,1.0,0.6502074688796681,0.06851872825124473
SVC,enron,pr,1.0,0.6503423946876945,0.06855988638457622
SVC,enron,pr,1.0,0.6504773765047738,0.06858751513182096
SVC,enron,pr,1.0,0.6508826583592938,0.06866745274453909
SVC,enron,pr,1.0,0.6510178645616951,0.06875265490768424
SVC,enron,pr,1.0,0.6511531269478495,0.06878823130597142
SVC,enron,pr,1.0,0.6512884455527848,0.06879145487725587
SVC,enron,pr,1.0,0.6514238204115569,0.0688229609933406
SVC,enron,pr,1.0,0.6515592515592515,0.06891910785967832
SVC,enron,pr,1.0,0.6516947390309836,0.06903200094395356
SVC,enron,pr,1.0,0.6518302828618968,0.0691248179888224
SVC,enron,pr,1.0,0.6519658830871645,0.06914848173269687
SVC,enron,pr,1.0,0.6521015397419891,0.0691836091602765
SVC,enron,pr,1.0,0.6522372528616025,0.06922050693317722
SVC,enron,pr,1.0,0.6523730224812656,0.06922280417102045
SVC,enron,pr,1.0,0.652508848636269,0.06934810416412206
SVC,enron,pr,1.0,0.6526447313619326,0.06937018517002234
SVC,enron,pr,1.0,0.6527806706936055,0.06939919071337666
SVC,enron,pr,1.0,0.6530527193165243,0.06941833648001244
SVC,enron,pr,1.0,0.653188828678616,0.06944529190622376
SVC,enron,pr,1.0,0.6533249947884094,0.06945363671101851
SVC,enron,pr,1.0,0.6534612176814012,0.06945679173724888
SVC,enron,pr,1.0,0.6535974973931178,0.06948357155179928
SVC,enron,pr,1.0,0.6537338339591156,0.06957000595912621
SVC,enron,pr,1.0,0.6538702274149801,0.06957044521079497
SVC,enron,pr,1.0,0.6540066777963273,0.0696541038598854
SVC,enron,pr,1.0,0.6542797494780793,0.0696675628191459
SVC,enron,pr,1.0,0.6544163708498643,0.06969759686620196
SVC,enron,pr,1.0,0.6545530492898914,0.06972971255905232
SVC,enron,pr,1.0,0.6546897848339253,0.0698431273599358
SVC,enron,pr,1.0,0.6548265775177602,0.06991231517009504
SVC,enron,pr,1.0,0.6549634273772205,0.07002508697965028
SVC,enron,pr,1.0,0.6551003344481605,0.0700699336438407
SVC,enron,pr,1.0,0.6553743203680469,0.07015372263603116
SVC,enron,pr,1.0,0.6555113992888517,0.07021739488377397
SVC,enron,pr,1.0,0.6556485355648536,0.07042563802956761
SVC,enron,pr,1.0,0.6557857292320569,0.07043081105843693
SVC,enron,pr,1.0,0.6559229803264964,0.07047896821626973
SVC,enron,pr,1.0,0.656060288884237,0.07052714729207124
SVC,enron,pr,1.0,0.6561976549413735,0.07056736587401573
SVC,enron,pr,1.0,0.6563350785340314,0.07060510098623973
SVC,enron,pr,1.0,0.6564725596983662,0.07061675297066193
SVC,enron,pr,1.0,0.6566100984705636,0.07070875442695114
SVC,enron,pr,1.0,0.6567476948868399,0.0707853009221569
SVC,enron,pr,1.0,0.6568853489834416,0.07095909057838579
SVC,enron,pr,1.0,0.6570230607966457,0.07111727485488302
SVC,enron,pr,1.0,0.6577124868835257,0.07125332240142078
SVC,enron,pr,1.0,0.6578505457598657,0.07127012130308735
SVC,enron,pr,1.0,0.6579886626076002,0.07129019833806821
SVC,enron,pr,1.0,0.6581268374632507,0.07131758729367338
SVC,enron,pr,1.0,0.658265070363369,0.07133081627226404
SVC,enron,pr,1.0,0.6584033613445378,0.07133811022481308
SVC,enron,pr,1.0,0.6585417104433705,0.07134331797422257
SVC,enron,pr,1.0,0.6586801176965111,0.07145528031174529
SVC,enron,pr,1.0,0.6588185831406349,0.07146352815401155
SVC,enron,pr,1.0,0.6589571068124475,0.07151668171929246
SVC,enron,pr,1.0,0.6590956887486856,0.07157647215714645
SVC,enron,pr,1.0,0.659234328986117,0.07162465026144176
SVC,enron,pr,1.0,0.65937302756154,0.07163836784811432
SVC,enron,pr,1.0,0.6595117845117845,0.07169068144985906
SVC,enron,pr,1.0,0.6596505998737108,0.07174290779716248
SVC,enron,pr,1.0,0.6597894736842105,0.07183992358498888
SVC,enron,pr,1.0,0.6599284059802064,0.07190805865603887
SVC,enron,pr,1.0,0.6600673967986521,0.07194337768969473
SVC,enron,pr,1.0,0.6602064461765326,0.07205289913077814
SVC,enron,pr,1.0,0.6603455541508639,0.07212667358892312
SVC,enron,pr,1.0,0.6604847207586934,0.07221432089305378
SVC,enron,pr,1.0,0.6606239460370995,0.07243571323292046
SVC,enron,pr,1.0,0.660763230023192,0.0724719202031711
SVC,enron,pr,1.0,0.6609025727541122,0.07251876075176851
SVC,enron,pr,1.0,0.6610419742670323,0.0726479535817068
SVC,enron,pr,1.0,0.6611814345991561,0.0728139649732235
SVC,enron,pr,1.0,0.6613209537877189,0.0730126282601666
SVC,enron,pr,1.0,0.6614605318699873,0.07302147859506425
SVC,enron,pr,1.0,0.6616001688832595,0.07302703668993503
SVC,enron,pr,1.0,0.6617398648648649,0.07304748987966121
SVC,enron,pr,1.0,0.6618796198521647,0.07314440679515141
SVC,enron,pr,1.0,0.6620194338825518,0.07323384578343016
SVC,enron,pr,1.0,0.6621593069934503,0.07328309407992462
SVC,enron,pr,1.0,0.6622992392223161,0.07331054473623695
SVC,enron,pr,1.0,0.6624392306066371,0.07331682281842483
SVC,enron,pr,1.0,0.6625792811839324,0.07332968553628523
SVC,enron,pr,1.0,0.662719390991753,0.07340941145858829
SVC,enron,pr,1.0,0.6628595600676819,0.07352544314592467
SVC,enron,pr,1.0,0.6629997884493336,0.07353130027805801
SVC,enron,pr,1.0,0.6631400761743547,0.07359776013737246
SVC,enron,pr,1.0,0.6632804232804232,0.07367896528098515
SVC,enron,pr,1.0,0.6634208298052497,0.073686774037907
SVC,enron,pr,1.0,0.6635612957865763,0.07378092826325489
SVC,enron,pr,1.0,0.663701821262177,0.07381270464340778
SVC,enron,pr,1.0,0.6638424062698581,0.07385791222434726
SVC,enron,pr,1.0,0.6639830508474577,0.07387102179608591
SVC,enron,pr,1.0,0.6641237550328459,0.07409646287656577
SVC,enron,pr,1.0,0.6642645188639253,0.07416371876011853
SVC,enron,pr,1.0,0.6644053423786305,0.07438861138649351
SVC,enron,pr,1.0,0.6645462256149279,0.07449561056041842
SVC,enron,pr,1.0,0.6646871686108166,0.07457582300714609
SVC,enron,pr,1.0,0.6648281714043275,0.07472703791644363
SVC,enron,pr,1.0,0.6649692340335243,0.07475097891585074
SVC,enron,pr,1.0,0.6651103565365025,0.07481053686641433
SVC,enron,pr,1.0,0.6652515389513903,0.07495710308335253
SVC,enron,pr,1.0,0.6653927813163482,0.07502666485918914
SVC,enron,pr,1.0,0.6655340836695689,0.07507905545884687
SVC,enron,pr,1.0,0.6656754460492779,0.07511694942544052
SVC,enron,pr,1.0,0.6658168684937328,0.0751462221432521
SVC,enron,pr,1.0,0.6659583510412239,0.07515545022291854
SVC,enron,pr,1.0,0.6660998937300744,0.07526155720914013
SVC,enron,pr,1.0,0.6662414965986394,0.07529961986963908
SVC,enron,pr,1.0,0.6663831596853073,0.07535268927646194
SVC,enron,pr,1.0,0.6665248830284985,0.07540557666528987
SVC,enron,pr,1.0,0.6666666666666666,0.07547897932118798
SVC,enron,pr,1.0,0.6668085106382978,0.07558328181066439
SVC,enron,pr,1.0,0.6669504149819111,0.07558432798781507
SVC,enron,pr,1.0,0.667092379736058,0.07561501929098179
SVC,enron,pr,1.0,0.667234404939323,0.07562214106859123
SVC,enron,pr,1.0,0.6673764906303237,0.0756239555581913
SVC,enron,pr,1.0,0.6675186368477103,0.07565142049389932
SVC,enron,pr,1.0,0.6676608436301662,0.0756670912449732
SVC,enron,pr,1.0,0.6678031110164074,0.07570213358007326
SVC,enron,pr,1.0,0.6679454390451833,0.07573607388404731
SVC,enron,pr,1.0,0.6680878277552761,0.07575934732949836
SVC,enron,pr,1.0,0.6682302771855011,0.07586646216400933
SVC,enron,pr,1.0,0.6683727873747067,0.07597094571411411
SVC,enron,pr,1.0,0.6685153583617748,0.0759975952264311
SVC,enron,pr,1.0,0.6686579901856198,0.07604079566486081
SVC,enron,pr,1.0,0.6688006828851899,0.0760525197042843
SVC,enron,pr,1.0,0.6689434364994664,0.07605679573222957
SVC,enron,pr,1.0,0.6690862510674637,0.07629621282955813
SVC,enron,pr,1.0,0.6692291266282298,0.07636374200074313
SVC,enron,pr,1.0,0.6693720632208457,0.07637880732844009
SVC,enron,pr,1.0,0.6695150608844264,0.07647187922838702
SVC,enron,pr,1.0,0.6696581196581196,0.07650767436965568
SVC,enron,pr,1.0,0.669801239581107,0.07651172806857436
SVC,enron,pr,1.0,0.6699444206926036,0.07656253700628225
SVC,enron,pr,1.0,0.6700876630318581,0.07658949840294511
SVC,enron,pr,1.0,0.6702309666381523,0.0766483225758585
SVC,enron,pr,1.0,0.6703743315508022,0.07669519076061133
SVC,enron,pr,1.0,0.670517757809157,0.07677546421755822
SVC,enron,pr,1.0,0.6706612454526001,0.07679988659573511
SVC,enron,pr,1.0,0.670804794520548,0.07682384455120257
SVC,enron,pr,1.0,0.6709484050524513,0.07692238585111587
SVC,enron,pr,1.0,0.6710920770877944,0.07694543281348666
SVC,enron,pr,1.0,0.6712358106660955,0.07698547973192699
SVC,enron,pr,1.0,0.6713796058269066,0.07702740918508659
SVC,enron,pr,1.0,0.6715234626098135,0.07706224206428089
SVC,enron,pr,1.0,0.6716673810544364,0.0770760426500953
SVC,enron,pr,1.0,0.6718113612004287,0.07712023981188393
SVC,enron,pr,1.0,0.6719554030874786,0.07718102001566511
SVC,enron,pr,1.0,0.6720995067553077,0.07728270423433128
SVC,enron,pr,1.0,0.6722436722436722,0.07730848621691734
SVC,enron,pr,1.0,0.6723878995923621,0.07746139650401643
SVC,enron,pr,1.0,0.6725321888412017,0.07769325875138876
SVC,enron,pr,1.0,0.6726765400300494,0.07782415608486737
SVC,enron,pr,1.0,0.6728209531987978,0.07784308534069787
SVC,enron,pr,1.0,0.6729654283873738,0.07787884058527346
SVC,enron,pr,1.0,0.6732545649838882,0.07794899536237902
SVC,enron,pr,1.0,0.6735439501396948,0.0779566004213607
SVC,enron,pr,1.0,0.673688736027515,0.07798414048032157
SVC,enron,pr,1.0,0.6738335841754461,0.07798902439615828
SVC,enron,pr,1.0,0.6739784946236559,0.0780396114624526
SVC,enron,pr,1.0,0.6741234674123467,0.07810494801348851
SVC,enron,pr,1.0,0.6742685025817556,0.078120221049382
SVC,enron,pr,1.0,0.6744136001721541,0.07812353792503819
SVC,enron,pr,1.0,0.6745587602238484,0.078184727679998
SVC,enron,pr,1.0,0.6747039827771798,0.07819978137453157
SVC,enron,pr,1.0,0.6748492678725236,0.07824250318168362
SVC,enron,pr,1.0,0.6749946155502907,0.07842930624756803
SVC,enron,pr,1.0,0.6751400258509264,0.07844195925622839
SVC,enron,pr,1.0,0.6752854988149106,0.07854798934746672
SVC,enron,pr,1.0,0.6754310344827587,0.07855781221994243
SVC,enron,pr,1.0,0.6755766328950205,0.07857674021927057
SVC,enron,pr,1.0,0.6757222940922811,0.07858674955799168
SVC,enron,pr,1.0,0.6758680181151606,0.07870288351031089
SVC,enron,pr,1.0,0.6760138050043141,0.07893062792631995
SVC,enron,pr,1.0,0.6761596548004315,0.0789527639295425
SVC,enron,pr,1.0,0.6763055675442382,0.07900374321844224
SVC,enron,pr,1.0,0.6764515432764947,0.0790424533728283
SVC,enron,pr,1.0,0.6765975820379966,0.0790827328592923
SVC,enron,pr,1.0,0.6767436838695746,0.07911003131603107
SVC,enron,pr,1.0,0.676889848812095,0.07926064944541204
SVC,enron,pr,1.0,0.6770360769064593,0.07926413927557617
SVC,enron,pr,1.0,0.6771823681936041,0.07926678796989238
SVC,enron,pr,1.0,0.6773287227145018,0.07944843899131294
SVC,enron,pr,1.0,0.67747514051016,0.07944947575270335
SVC,enron,pr,1.0,0.6776216216216217,0.07952921413140047
SVC,enron,pr,1.0,0.6777681660899654,0.07954236933623043
SVC,enron,pr,1.0,0.6779147739563054,0.07979263429084872
SVC,enron,pr,1.0,0.6780614452617915,0.07984137733067405
SVC,enron,pr,1.0,0.6782081800476087,0.07985481153119019
SVC,enron,pr,1.0,0.6783549783549784,0.08000717148224708
SVC,enron,pr,1.0,0.6785018402251569,0.08008466312035244
SVC,enron,pr,1.0,0.678648765699437,0.08009076710305417
SVC,enron,pr,1.0,0.6787957548191467,0.08021035814899026
SVC,enron,pr,1.0,0.67894280762565,0.08026170802485148
SVC,enron,pr,1.0,0.6790899241603467,0.08026181732319239
SVC,enron,pr,1.0,0.6792371044646728,0.08039359316562428
SVC,enron,pr,1.0,0.6793843485800998,0.08044186079468964
SVC,enron,pr,1.0,0.6795316565481353,0.08054749249873008
SVC,enron,pr,1.0,0.6796790284103231,0.08063425001084322
SVC,enron,pr,1.0,0.679826464208243,0.08069484814502273
SVC,enron,pr,1.0,0.6799739639835105,0.08077600836489515
SVC,enron,pr,1.0,0.6801215277777778,0.08094910479593352
SVC,enron,pr,1.0,0.6802691556327328,0.08095497240774867
SVC,enron,pr,1.0,0.6804168475900999,0.08096156918837712
SVC,enron,pr,1.0,0.6805646036916395,0.08108041859712767
SVC,enron,pr,1.0,0.6807124239791486,0.08108667114330871
SVC,enron,pr,1.0,0.6808603084944601,0.0810951077900415
SVC,enron,pr,1.0,0.6810082572794437,0.0811586844878963
SVC,enron,pr,1.0,0.6811562703760052,0.08121329368894509
SVC,enron,pr,1.0,0.681304347826087,0.08125086709073626
SVC,enron,pr,1.0,0.6814524896716677,0.08126290881349917
SVC,enron,pr,1.0,0.6816006959547629,0.08129492126172691
SVC,enron,pr,1.0,0.6817489667174244,0.08133315352971245
SVC,enron,pr,1.0,0.6818973020017406,0.08143260992929949
SVC,enron,pr,1.0,0.6820457018498368,0.08149789967822536
SVC,enron,pr,1.0,0.6821941663038746,0.08172512889131262
SVC,enron,pr,1.0,0.6823426954060526,0.08176119228121208
SVC,enron,pr,1.0,0.6824912891986062,0.08176612963844936
SVC,enron,pr,1.0,0.6826399477238074,0.0820464296307713
SVC,enron,pr,1.0,0.6827886710239651,0.08217445252319888
SVC,enron,pr,1.0,0.6829374591414251,0.08222369096608537
SVC,enron,pr,1.0,0.6830863121185702,0.08228660176920746
SVC,enron,pr,1.0,0.6832352299978199,0.08240734378296542
SVC,enron,pr,1.0,0.6833842128216311,0.0824246144494022
SVC,enron,pr,1.0,0.6835332606324973,0.08251558731071439
SVC,enron,pr,1.0,0.6836823734729494,0.08251843528883268
SVC,enron,pr,1.0,0.6839807944129201,0.08258627350904099
SVC,enron,pr,1.0,0.6841301025976861,0.08266977959112144
SVC,enron,pr,1.0,0.6842794759825328,0.08277241224064918
SVC,enron,pr,1.0,0.6844289146101769,0.08282482850921635
SVC,enron,pr,1.0,0.6845784185233726,0.08283345778486163
SVC,enron,pr,1.0,0.6847279877649115,0.08285018708402365
SVC,enron,pr,1.0,0.6848776223776224,0.08289545466105486
SVC,enron,pr,1.0,0.6850273224043716,0.08294428543910544
SVC,enron,pr,1.0,0.685177087888063,0.08299221719588837
SVC,enron,pr,1.0,0.6853269188716379,0.08306625879090199
SVC,enron,pr,1.0,0.6854768153980753,0.08321114023724166
SVC,enron,pr,1.0,0.6856267775103916,0.08341204651217808
SVC,enron,pr,1.0,0.6857768052516411,0.08344027372665842
SVC,enron,pr,1.0,0.6859268986649157,0.08349358934169131
SVC,enron,pr,1.0,0.686077057793345,0.08354895302288978
SVC,enron,pr,1.0,0.6862272826800964,0.08359669762632264
SVC,enron,pr,1.0,0.6863775733683749,0.08365436100489694
SVC,enron,pr,1.0,0.6865279299014239,0.0836741464707289
SVC,enron,pr,1.0,0.686678352322524,0.08368047043162842
SVC,enron,pr,1.0,0.6868288406749945,0.08369266205313221
SVC,enron,pr,1.0,0.6869793950021921,0.08385988800899863
SVC,enron,pr,1.0,0.6871300153475115,0.08389678580017673
SVC,enron,pr,1.0,0.6872807017543859,0.08402357497601158
SVC,enron,pr,1.0,0.6874314542662865,0.08403586342818319
SVC,enron,pr,1.0,0.6875822729267222,0.08409644701811775
SVC,enron,pr,1.0,0.6877331577792407,0.08423306160717581
SVC,enron,pr,1.0,0.6878841088674276,0.08426631338386396
SVC,enron,pr,1.0,0.6880351262349067,0.08433002768272134
SVC,enron,pr,1.0,0.6881862099253404,0.08441047691328664
SVC,enron,pr,1.0,0.6883373599824292,0.08452587737778983
SVC,enron,pr,1.0,0.6884885764499121,0.08458899067502779
SVC,enron,pr,1.0,0.6886398593715667,0.08460451862237191
SVC,enron,pr,1.0,0.6887912087912088,0.0847203310788026
SVC,enron,pr,1.0,0.6889426247526929,0.0847223098503999
SVC,enron,pr,1.0,0.689094107299912,0.08473311527047943
SVC,enron,pr,1.0,0.6892456564767979,0.08498400256577433
SVC,enron,pr,1.0,0.6893972723273207,0.08500695132131379
SVC,enron,pr,1.0,0.6895489548954895,0.08507831662420891
SVC,enron,pr,1.0,0.6897007042253521,0.08525500619010856
SVC,enron,pr,1.0,0.689852520360995,0.0854698856239473
SVC,enron,pr,1.0,0.6900044033465433,0.08552665045137592
SVC,enron,pr,1.0,0.6901563532261616,0.08561664429537602
SVC,enron,pr,1.0,0.6903083700440529,0.08571205285798596
SVC,enron,pr,1.0,0.6904604538444591,0.0857472665080829
SVC,enron,pr,1.0,0.6906126046716615,0.08581595821034782
SVC,enron,pr,1.0,0.6907648225699802,0.08593521347737237
SVC,enron,pr,1.0,0.6909171075837742,0.08594966681566578
SVC,enron,pr,1.0,0.6910694597574422,0.0860052436126217
SVC,enron,pr,1.0,0.6912218791354212,0.08617072013398525
SVC,enron,pr,1.0,0.6913743657621884,0.08635014418213048
SVC,enron,pr,1.0,0.6915269196822594,0.08643335740709805
SVC,enron,pr,1.0,0.6916795409401898,0.08645791486417191
SVC,enron,pr,1.0,0.691832229580574,0.08649962881361027
SVC,enron,pr,1.0,0.6919849856480459,0.08658599525136755
SVC,enron,pr,1.0,0.6921378091872792,0.08683080777999952
SVC,enron,pr,1.0,0.6922907002429866,0.08686319476543658
SVC,enron,pr,1.0,0.6924436588599204,0.0868779968029139
SVC,enron,pr,1.0,0.692596685082873,0.08723252868387876
SVC,enron,pr,1.0,0.6927497789566756,0.08735873457834577
SVC,enron,pr,1.0,0.6929029405261994,0.08737274746608224
SVC,enron,pr,1.0,0.6932094669320946,0.08739662024414498
SVC,enron,pr,1.0,0.6933628318584071,0.08751406362183324
SVC,enron,pr,1.0,0.6935162646603231,0.08752846267775576
SVC,enron,pr,1.0,0.6936697653829128,0.08767308077171598
SVC,enron,pr,1.0,0.6938233340712863,0.08768996312746695
SVC,enron,pr,1.0,0.6939769707705934,0.08781448670550956
SVC,enron,pr,1.0,0.694284448382809,0.08805215354901869
SVC,enron,pr,1.0,0.6944382893862175,0.08813874080001051
SVC,enron,pr,1.0,0.6945921985815603,0.08834306859670256
SVC,enron,pr,1.0,0.6947461760141875,0.08836026700088356
SVC,enron,pr,1.0,0.6949002217294901,0.08837412693297031
SVC,enron,pr,1.0,0.6950543357728987,0.08839105109385571
SVC,enron,pr,1.0,0.6952085181898846,0.0887655685401512
SVC,enron,pr,1.0,0.6953627690259596,0.08877397581817258
SVC,enron,pr,1.0,0.6955170883266756,0.08880213859392044
SVC,enron,pr,1.0,0.6956714761376248,0.08882840222925387
SVC,enron,pr,1.0,0.6958259325044405,0.08885413138362326
SVC,enron,pr,1.0,0.6959804574727959,0.08885668290330978
SVC,enron,pr,1.0,0.6961350510884051,0.08886544317381907
SVC,enron,pr,1.0,0.6962897133970228,0.08889872334687786
SVC,enron,pr,1.0,0.6964444444444444,0.08898446983747332
SVC,enron,pr,1.0,0.6965992442765059,0.08918727744946785
SVC,enron,pr,1.0,0.6967541129390841,0.08919241393156606
SVC,enron,pr,1.0,0.6969090504780965,0.08926487871321416
SVC,enron,pr,1.0,0.6970640569395018,0.08929379586556759
SVC,enron,pr,1.0,0.6972191323692992,0.08938553814226698
SVC,enron,pr,1.0,0.6973742768135291,0.08940187731431977
SVC,enron,pr,1.0,0.6975294903182728,0.0894785315752502
SVC,enron,pr,1.0,0.6976847729296527,0.08948582565530298
SVC,enron,pr,1.0,0.697840124693832,0.0894861093248679
SVC,enron,pr,1.0,0.6979955456570156,0.0895045543807406
SVC,enron,pr,1.0,0.6981510358654489,0.08952911745295515
SVC,enron,pr,1.0,0.698306595365419,0.08953396164313182
SVC,enron,pr,1.0,0.6984622242032539,0.08956120944043382
SVC,enron,pr,1.0,0.6986179224253233,0.089637898235758
SVC,enron,pr,1.0,0.6987736900780379,0.08966109876079638
SVC,enron,pr,1.0,0.6989295272078502,0.08978945866129899
SVC,enron,pr,1.0,0.6990854338612537,0.08989292358858532
SVC,enron,pr,1.0,0.6992414100847836,0.08992058724002579
SVC,enron,pr,1.0,0.6993974559250168,0.09004552580443881
SVC,enron,pr,1.0,0.6995535714285714,0.09005554779420316
SVC,enron,pr,1.0,0.6997097566421077,0.09016072116386335
SVC,enron,pr,1.0,0.699866011612327,0.09030048789650567
SVC,enron,pr,1.0,0.7000223363859728,0.09034377075433869
SVC,enron,pr,1.0,0.7001787310098302,0.09038232245313116
SVC,enron,pr,1.0,0.7003351955307262,0.09038793745754618
SVC,enron,pr,1.0,0.7004917299955298,0.09039337136127912
SVC,enron,pr,1.0,0.7006483344511514,0.09040611233612895
SVC,enron,pr,1.0,0.7008050089445438,0.0904284294093476
SVC,enron,pr,1.0,0.7009617535227018,0.09050319849595272
SVC,enron,pr,1.0,0.7011185682326622,0.09060699534835842
SVC,enron,pr,1.0,0.7012754531215037,0.09069604032849359
SVC,enron,pr,1.0,0.7014324082363473,0.09077967330025437
SVC,enron,pr,1.0,0.7015894336243564,0.09082744933420472
SVC,enron,pr,1.0,0.7017465293327362,0.09089278903984427
SVC,enron,pr,1.0,0.7019036954087347,0.0909191593853077
SVC,enron,pr,1.0,0.7020609318996416,0.09091966295877855
SVC,enron,pr,1.0,0.7022182388527896,0.09102526021380981
SVC,enron,pr,1.0,0.7023756163155536,0.09107768005061317
SVC,enron,pr,1.0,0.7025330643353508,0.09109998333604348
SVC,enron,pr,1.0,0.7026905829596413,0.09112189062008058
SVC,enron,pr,1.0,0.7028481722359273,0.09123116582769675
SVC,enron,pr,1.0,0.7030058322117542,0.09136535801583279
SVC,enron,pr,1.0,0.7031635629347095,0.09137145567044351
SVC,enron,pr,1.0,0.7033213644524237,0.09143985640539225
SVC,enron,pr,1.0,0.7034792368125702,0.09150878735159142
SVC,enron,pr,1.0,0.7036371800628648,0.09151594610783863
SVC,enron,pr,1.0,0.7037951942510667,0.09155513332540337
SVC,enron,pr,1.0,0.7039532794249775,0.0916204386681206
SVC,enron,pr,1.0,0.7041114356324422,0.09163194530430567
SVC,enron,pr,1.0,0.7042696629213483,0.09163883025782561
SVC,enron,pr,1.0,0.7044279613396269,0.0917793274185711
SVC,enron,pr,1.0,0.7045863309352518,0.09184490762326042
SVC,enron,pr,1.0,0.7047447717562402,0.09185320497613848
SVC,enron,pr,1.0,0.7049032838506523,0.09203392265252765
SVC,enron,pr,1.0,0.7050618672665917,0.09206162074386638
SVC,enron,pr,1.0,0.7052205220522052,0.09215502853735774
SVC,enron,pr,1.0,0.7053792482556831,0.09220731631908259
SVC,enron,pr,1.0,0.7055380459252589,0.09221996209202371
SVC,enron,pr,1.0,0.7056969151092096,0.09223218243695706
SVC,enron,pr,1.0,0.7058558558558559,0.09231838562743326
SVC,enron,pr,1.0,0.7060148682135616,0.09243053606858388
SVC,enron,pr,1.0,0.7061739522307345,0.09244374337128321
SVC,enron,pr,1.0,0.706333107955826,0.09246720629136791
SVC,enron,pr,1.0,0.7064923354373309,0.09250203767924248
SVC,enron,pr,1.0,0.706651634723788,0.09268513372086618
SVC,enron,pr,1.0,0.7068110058637799,0.0927208767256344
SVC,enron,pr,1.0,0.7069704489059327,0.09282178559535599
SVC,enron,pr,1.0,0.7071299638989169,0.09283343435975955
SVC,enron,pr,1.0,0.7072895508914466,0.09285733081858001
SVC,enron,pr,1.0,0.7074492099322799,0.0929421206013805
SVC,enron,pr,1.0,0.707608941070219,0.09324728240537551
SVC,enron,pr,1.0,0.7077687443541102,0.093326558435549
SVC,enron,pr,1.0,0.7079286198328439,0.09334580189117876
SVC,enron,pr,1.0,0.7080885675553548,0.09338658339630686
SVC,enron,pr,1.0,0.7082485875706215,0.09339480881900157
SVC,enron,pr,1.0,0.7084086799276673,0.09340755938930138
SVC,enron,pr,1.0,0.7085688446755596,0.09361118368837744
SVC,enron,pr,1.0,0.7087290818634102,0.09362711079616633
SVC,enron,pr,1.0,0.7088893915403754,0.09365226748320633
SVC,enron,pr,1.0,0.7090497737556561,0.09392520486106415
SVC,enron,pr,1.0,0.7092102285584974,0.09397388405768213
SVC,enron,pr,1.0,0.7093707559981892,0.09421998343033335
SVC,enron,pr,1.0,0.7096920289855072,0.09422429114002662
SVC,enron,pr,1.0,0.7098527746319366,0.09428279444643901
SVC,enron,pr,1.0,0.7100135931128229,0.094312086068308
SVC,enron,pr,1.0,0.7101744844776796,0.09432721523368999
SVC,enron,pr,1.0,0.7103354487760652,0.09436257892867143
SVC,enron,pr,1.0,0.7104964860575833,0.09438227175311824
SVC,enron,pr,1.0,0.7106575963718821,0.09438610325730712
SVC,enron,pr,1.0,0.710818779768655,0.09458071217390801
SVC,enron,pr,1.0,0.7109800362976406,0.09465976310141117
SVC,enron,pr,1.0,0.7111413660086227,0.09466914480402266
SVC,enron,pr,1.0,0.7113027689514299,0.0949174260512886
SVC,enron,pr,1.0,0.7114642451759364,0.09492666024526573
SVC,enron,pr,1.0,0.7116257947320618,0.09497627066740251
SVC,enron,pr,1.0,0.7117874176697706,0.09501942907803727
SVC,enron,pr,1.0,0.7119491140390731,0.09504928127903005
SVC,enron,pr,1.0,0.712110883890025,0.0950680135774043
SVC,enron,pr,1.0,0.7122727272727273,0.0951545638798363
SVC,enron,pr,1.0,0.7124346442373267,0.09523524285581679
SVC,enron,pr,1.0,0.7125966348340155,0.0953869812892625
SVC,enron,pr,1.0,0.7127586991130316,0.09557723781397026
SVC,enron,pr,1.0,0.7129208371246588,0.09563087830389667
SVC,enron,pr,1.0,0.7130830489192264,0.09565645831341113
SVC,enron,pr,1.0,0.7132453345471097,0.09570659693473765
SVC,enron,pr,1.0,0.7134076940587298,0.0957956367131087
SVC,enron,pr,1.0,0.7135701275045537,0.09582561931849942
SVC,enron,pr,1.0,0.7137326349350945,0.09588149232163064
SVC,enron,pr,1.0,0.7138952164009111,0.0959354291590309
SVC,enron,pr,1.0,0.7140578719526088,0.09605111901599511
SVC,enron,pr,1.0,0.7142206016408387,0.09607363248667809
SVC,enron,pr,1.0,0.7143834055162982,0.09613766990849165
SVC,enron,pr,1.0,0.7145462836297309,0.09621799222808508
SVC,enron,pr,1.0,0.714709236031927,0.09625035949644635
SVC,enron,pr,1.0,0.7148722627737226,0.09642247394238061
SVC,enron,pr,1.0,0.7150353639060004,0.09646277165847633
SVC,enron,pr,1.0,0.7151985394796896,0.09660946423055367
SVC,enron,pr,1.0,0.7153617895457658,0.09661051066267745
SVC,enron,pr,1.0,0.7155251141552511,0.09667887783970346
SVC,enron,pr,1.0,0.7156885133592145,0.09674666759695993
SVC,enron,pr,1.0,0.7158519872087711,0.09674828219848013
SVC,enron,pr,1.0,0.7160155357550834,0.0967933455876468
SVC,enron,pr,1.0,0.7161791590493601,0.09682953901219409
SVC,enron,pr,1.0,0.7163428571428572,0.09686790136566541
SVC,enron,pr,1.0,0.716506630086877,0.09699518819268811
SVC,enron,pr,1.0,0.7166704779327693,0.09701651760152745
SVC,enron,pr,1.0,0.7168344007319305,0.09703377679653491
SVC,enron,pr,1.0,0.7169983985358042,0.09710629393984088
SVC,enron,pr,1.0,0.717162471395881,0.0971840248615616
SVC,enron,pr,1.0,0.7173266193636988,0.09720504394603041
SVC,enron,pr,1.0,0.7174908424908425,0.09729875966173111
SVC,enron,pr,1.0,0.7176551408289443,0.09732827602558093
SVC,enron,pr,1.0,0.717819514429684,0.09750995700788996
SVC,enron,pr,1.0,0.7179839633447881,0.09764058492927273
SVC,enron,pr,1.0,0.7181484876260311,0.0978599021470689
SVC,enron,pr,1.0,0.7183130873252349,0.09796752814499803
SVC,enron,pr,1.0,0.7184777624942686,0.09807674655153854
SVC,enron,pr,1.0,0.7186425131850493,0.0981074138202056
SVC,enron,pr,1.0,0.7188073394495413,0.09812414930431168
SVC,enron,pr,1.0,0.7189722413397568,0.09812654347851796
SVC,enron,pr,1.0,0.7191372189077558,0.09838517355809236
SVC,enron,pr,1.0,0.7193022722056461,0.0984378853962179
SVC,enron,pr,1.0,0.7194674012855831,0.0986755183587653
SVC,enron,pr,1.0,0.7196326061997704,0.09874406239919276
SVC,enron,pr,1.0,0.7197978870004593,0.0992245907333648
SVC,enron,pr,1.0,0.7199632437399495,0.09923286620976313
SVC,enron,pr,1.0,0.7201286764705882,0.09936449757124215
SVC,enron,pr,1.0,0.7202941852447713,0.09948072132714918
SVC,enron,pr,1.0,0.7204597701149426,0.09949521678416762
SVC,enron,pr,1.0,0.7206254311335939,0.09966388022618543
SVC,enron,pr,1.0,0.7207911683532658,0.09979830076610456
SVC,enron,pr,1.0,0.720956981826547,0.09980309049130036
SVC,enron,pr,1.0,0.7211228716060746,0.10005194290590963
SVC,enron,pr,1.0,0.7212888377445339,0.10014906893256219
SVC,enron,pr,1.0,0.7214548802946593,0.10022897130954027
SVC,enron,pr,1.0,0.7216209993092333,0.1003240803009231
SVC,enron,pr,1.0,0.7217871948410871,0.1003612171432741
SVC,enron,pr,1.0,0.7219534669431007,0.10066076602440766
SVC,enron,pr,1.0,0.7221198156682027,0.10067824796762019
SVC,enron,pr,1.0,0.7222862410693708,0.10072938445663972
SVC,enron,pr,1.0,0.7224527431996312,0.10074200073143369
SVC,enron,pr,1.0,0.722619322112059,0.10079239654030497
SVC,enron,pr,1.0,0.7227859778597786,0.10099433843716037
SVC,enron,pr,1.0,0.7229527104959631,0.10113170208244508
SVC,enron,pr,1.0,0.7231195200738348,0.1011374145725915
SVC,enron,pr,1.0,0.7232864066466651,0.10115365182516363
SVC,enron,pr,1.0,0.7234533702677747,0.10119333585550255
SVC,enron,pr,1.0,0.7236204109905333,0.1012770164104538
SVC,enron,pr,1.0,0.7237875288683603,0.10136531665571925
SVC,enron,pr,1.0,0.7239547239547239,0.10145438794188673
SVC,enron,pr,1.0,0.7241219963031423,0.10168188381740097
SVC,enron,pr,1.0,0.7242893459671828,0.10174898809287132
SVC,enron,pr,1.0,0.7244567730004623,0.10188236882235753
SVC,enron,pr,1.0,0.7246242774566474,0.10192130661824216
SVC,enron,pr,1.0,0.7247918593894542,0.10225167111601062
SVC,enron,pr,1.0,0.7249595188526486,0.10226077788570143
SVC,enron,pr,1.0,0.7251272559000462,0.10227975071134088
SVC,enron,pr,1.0,0.7252950705855126,0.10228954364138097
SVC,enron,pr,1.0,0.725462962962963,0.10234577281275768
SVC,enron,pr,1.0,0.7256309330863626,0.102466501529069
SVC,enron,pr,1.0,0.7257989810097267,0.10247016355456272
SVC,enron,pr,1.0,0.7259671067871207,0.10247775527924867
SVC,enron,pr,1.0,0.7263035921205099,0.10257102717429689
SVC,enron,pr,1.0,0.7264719517848864,0.10258323644291574
SVC,enron,pr,1.0,0.7266403895200556,0.10259799645308793
SVC,enron,pr,1.0,0.7268089053803339,0.10278162769929465
SVC,enron,pr,1.0,0.7269774994200882,0.10285494630309412
SVC,enron,pr,1.0,0.7271461716937355,0.10288352710646857
SVC,enron,pr,1.0,0.7273149222557438,0.10296290347228444
SVC,enron,pr,1.0,0.7274837511606314,0.10301553911827338
SVC,enron,pr,1.0,0.7276526584629672,0.10318278034375568
SVC,enron,pr,1.0,0.727821644217371,0.1033175983468101
SVC,enron,pr,1.0,0.7279907084785133,0.1034230707386939
SVC,enron,pr,1.0,0.7281598513011153,0.10359073794786261
SVC,enron,pr,1.0,0.7283290727399488,0.10362766147098841
SVC,enron,pr,1.0,0.7284983728498373,0.10390220340001322
SVC,enron,pr,1.0,0.7286677516856545,0.10394170981707551
SVC,enron,pr,1.0,0.7288372093023255,0.10401686852200216
SVC,enron,pr,1.0,0.7290067457548267,0.10403455768836944
SVC,enron,pr,1.0,0.7291763610981852,0.10406480419822244
SVC,enron,pr,1.0,0.7293460553874797,0.10413222298361946
SVC,enron,pr,1.0,0.7295158286778398,0.10429168857313535
SVC,enron,pr,1.0,0.7296856810244471,0.10431691881311966
SVC,enron,pr,1.0,0.7298556124825337,0.10432535458704821
SVC,enron,pr,1.0,0.7300256231073841,0.10442663479954402
SVC,enron,pr,1.0,0.7301957129543336,0.10443448096130566
SVC,enron,pr,1.0,0.7303658820787695,0.10478511743697026
SVC,enron,pr,1.0,0.7305361305361305,0.10505489764872498
SVC,enron,pr,1.0,0.7307064583819072,0.10512245189449952
SVC,enron,pr,1.0,0.7308768656716418,0.10521142764117104
SVC,enron,pr,1.0,0.7310473524609283,0.10523284941668926
SVC,enron,pr,1.0,0.731217918805413,0.10532012801706013
SVC,enron,pr,1.0,0.7313885647607935,0.10554419322392523
SVC,enron,pr,1.0,0.7315592903828197,0.10558275458314781
SVC,enron,pr,1.0,0.731730095727294,0.10571010767234823
SVC,enron,pr,1.0,0.73190098085007,0.10572374491164775
SVC,enron,pr,1.0,0.7320719458070545,0.10573634392023255
SVC,enron,pr,1.0,0.7322429906542056,0.1057521769273893
SVC,enron,pr,1.0,0.7324141154475344,0.1060043292750396
SVC,enron,pr,1.0,0.7325853202431043,0.10600975961300156
SVC,enron,pr,1.0,0.7327566050970307,0.10607581955988071
SVC,enron,pr,1.0,0.7329279700654817,0.1061081197242596
SVC,enron,pr,1.0,0.7330994152046784,0.10613596511337493
SVC,enron,pr,1.0,0.7332709405708938,0.10620251068699192
SVC,enron,pr,1.0,0.733442546220454,0.10665070861032055
SVC,enron,pr,1.0,0.7336142322097379,0.10667517455008828
SVC,enron,pr,1.0,0.7337859985951768,0.10673390774915886
SVC,enron,pr,1.0,0.7339578454332553,0.1068446246139232
SVC,enron,pr,1.0,0.7341297727805106,0.1069964921569914
SVC,enron,pr,1.0,0.7343017806935332,0.10738378665011945
SVC,enron,pr,1.0,0.7344738692289665,0.10739057079192778
SVC,enron,pr,1.0,0.7346460384435068,0.1074091767167845
SVC,enron,pr,1.0,0.7348182883939038,0.10751610011982217
SVC,enron,pr,1.0,0.7349906191369606,0.10762665705081527
SVC,enron,pr,1.0,0.7351630307295332,0.10780358257904042
SVC,enron,pr,1.0,0.7353355232285312,0.1078282104922269
SVC,enron,pr,1.0,0.7355080966909177,0.10783184409165775
SVC,enron,pr,1.0,0.7356807511737089,0.1078659629625889
SVC,enron,pr,1.0,0.7358534867339751,0.1080358413765306
SVC,enron,pr,1.0,0.7360263034288398,0.10813878569069497
SVC,enron,pr,1.0,0.7361992013154803,0.10818504867995225
SVC,enron,pr,1.0,0.7363721804511278,0.10834889551526646
SVC,enron,pr,1.0,0.7365452408930669,0.10836690449797948
SVC,enron,pr,1.0,0.7367183826986365,0.10837890623492048
SVC,enron,pr,1.0,0.7368916059252293,0.10839735513085924
SVC,enron,pr,1.0,0.7370649106302917,0.10842803307767125
SVC,enron,pr,1.0,0.7372382968713244,0.10846781318100183
SVC,enron,pr,1.0,0.7374117647058823,0.10868787497287015
SVC,enron,pr,1.0,0.7375853141915745,0.10874859695963579
SVC,enron,pr,1.0,0.737758945386064,0.10933308649354889
SVC,enron,pr,1.0,0.7379326583470686,0.1093980809521292
SVC,enron,pr,1.0,0.7381064531323599,0.10943286987200414
SVC,enron,pr,1.0,0.7382803297997644,0.10945965730430184
SVC,enron,pr,1.0,0.7384542884071631,0.10955923798220374
SVC,enron,pr,1.0,0.7386283290124912,0.10965900723918603
SVC,enron,pr,1.0,0.7388024516737388,0.1097607201607194
SVC,enron,pr,1.0,0.7389766564489507,0.11005128414339099
SVC,enron,pr,1.0,0.7391509433962264,0.11023001554208611
SVC,enron,pr,1.0,0.7393253125737203,0.11023590032329522
SVC,enron,pr,1.0,0.7394997640396413,0.11029216530595994
SVC,enron,pr,1.0,0.7396742978522539,0.1103366418854949
SVC,enron,pr,1.0,0.7398489140698773,0.11040381148598084
SVC,enron,pr,1.0,0.7400236127508855,0.11047029913646599
SVC,enron,pr,1.0,0.7401983939537081,0.11054270908915714
SVC,enron,pr,1.0,0.7403732577368297,0.11064697922586668
SVC,enron,pr,1.0,0.7405482041587902,0.11075262537160524
SVC,enron,pr,1.0,0.7407232332781848,0.11075823127162511
SVC,enron,pr,1.0,0.7408983451536643,0.110983014952881
SVC,enron,pr,1.0,0.7410735398439348,0.11156651520760386
SVC,enron,pr,1.0,0.7412488174077578,0.11173742527296437
SVC,enron,pr,1.0,0.7414241779039508,0.11173958775078761
SVC,enron,pr,1.0,0.7415996213913867,0.11179282150249892
SVC,enron,pr,1.0,0.7417751479289941,0.11188015271447403
SVC,enron,pr,1.0,0.7419507575757576,0.11198914661339314
SVC,enron,pr,1.0,0.7421264503907175,0.11228090593474066
SVC,enron,pr,1.0,0.7423022264329702,0.11228820099464915
SVC,enron,pr,1.0,0.7424780857616678,0.11233703651588493
SVC,enron,pr,1.0,0.7426540284360189,0.11237733385982414
SVC,enron,pr,1.0,0.7428300545152879,0.11252792520872569
SVC,enron,pr,1.0,0.7430061640587956,0.11255469327504114
SVC,enron,pr,1.0,0.7431823571259188,0.1126797555891935
SVC,enron,pr,1.0,0.7433586337760911,0.11285909918156524
SVC,enron,pr,1.0,0.7435349940688019,0.11288723900051238
SVC,enron,pr,1.0,0.7437114380635975,0.11298481363519004
SVC,enron,pr,1.0,0.7438879658200807,0.11303082268484259
SVC,enron,pr,1.0,0.7440645773979108,0.113078590122579
SVC,enron,pr,1.0,0.744418052256532,0.11312288611469622
SVC,enron,pr,1.0,0.7445949156569256,0.11312513502669087
SVC,enron,pr,1.0,0.7447718631178707,0.11328255871710337
SVC,enron,pr,1.0,0.7449488946993107,0.11347686870456362
SVC,enron,pr,1.0,0.7451260104612458,0.11351113434729844
SVC,enron,pr,1.0,0.7453032104637336,0.11364112236487385
SVC,enron,pr,1.0,0.7454804947668887,0.11381039067479198
SVC,enron,pr,1.0,0.7456578634308827,0.1141446111046847
SVC,enron,pr,1.0,0.7458353165159448,0.11436464008291337
SVC,enron,pr,1.0,0.7460128540823613,0.11439549090919625
SVC,enron,pr,1.0,0.7461904761904762,0.11459885251552243
SVC,enron,pr,1.0,0.7463681829006906,0.11464833973350293
SVC,enron,pr,1.0,0.7465459742734636,0.11479693951916253
SVC,enron,pr,1.0,0.7467238503693114,0.11481138417176695
SVC,enron,pr,1.0,0.7469018112488084,0.11481407846367508
SVC,enron,pr,1.0,0.7470798569725864,0.11489310174175754
SVC,enron,pr,1.0,0.7472579876013352,0.1150615408371234
SVC,enron,pr,1.0,0.7474362031958025,0.11513440336051477
SVC,enron,pr,1.0,0.7476145038167938,0.11523505664906626
SVC,enron,pr,1.0,0.747792889525173,0.11529712919621082
SVC,enron,pr,1.0,0.7479713603818616,0.11556439505456127
SVC,enron,pr,1.0,0.7481499164478396,0.1156418272891152
SVC,enron,pr,1.0,0.7483285577841452,0.11565090246244845
SVC,enron,pr,1.0,0.7485072844518749,0.11566090300471198
SVC,enron,pr,1.0,0.7486860965121834,0.11569143971072514
SVC,enron,pr,1.0,0.7488649940262844,0.11581870975444798
SVC,enron,pr,1.0,0.7490439770554493,0.11583953205258551
SVC,enron,pr,1.0,0.7492230456610088,0.1158443540663981
SVC,enron,pr,1.0,0.749402199904352,0.11603928622099374
SVC,enron,pr,1.0,0.7495814398469266,0.11606177740932838
SVC,enron,pr,1.0,0.7497607655502392,0.1160905245476284
SVC,enron,pr,1.0,0.7499401770758555,0.11609439210016219
SVC,enron,pr,1.0,0.7501196744853997,0.11611717241594159
SVC,enron,pr,1.0,0.7502992578405554,0.11649788136821637
SVC,enron,pr,1.0,0.7504789272030651,0.11655521350560395
SVC,enron,pr,1.0,0.7506586826347306,0.11693477041595239
SVC,enron,pr,1.0,0.7508385241974126,0.11697858328340492
SVC,enron,pr,1.0,0.7510184519530314,0.1171778369552186
SVC,enron,pr,1.0,0.7511984659635667,0.11749426713774914
SVC,enron,pr,1.0,0.7513785662910573,0.1175162168346872
SVC,enron,pr,1.0,0.7515587529976019,0.11766618701372382
SVC,enron,pr,1.0,0.7517390261453586,0.11788688395227621
SVC,enron,pr,1.0,0.7519193857965452,0.11792299080537837
SVC,enron,pr,1.0,0.7520998320134389,0.11799223607059689
SVC,enron,pr,1.0,0.7522803648583773,0.11799465412649895
SVC,enron,pr,1.0,0.7524609843937575,0.11817159845515841
SVC,enron,pr,1.0,0.7526416906820365,0.11855843207118683
SVC,enron,pr,1.0,0.7528224837857315,0.11866187155397379
SVC,enron,pr,1.0,0.7530033637674195,0.11874557487836501
SVC,enron,pr,1.0,0.753184330689738,0.11905504319877948
SVC,enron,pr,1.0,0.7533653846153846,0.11912049578910866
SVC,enron,pr,1.0,0.7535465256071171,0.11990794845595805
SVC,enron,pr,1.0,0.7537277537277537,0.11992172902338538
SVC,enron,pr,1.0,0.7539090690401732,0.12014600759547835
SVC,enron,pr,1.0,0.7540904716073147,0.12017378955277568
SVC,enron,pr,1.0,0.7542719614921781,0.12021560964731727
SVC,enron,pr,1.0,0.7544535387578238,0.12044076587768364
SVC,enron,pr,1.0,0.754635203467373,0.12053225522933947
SVC,enron,pr,1.0,0.7548169556840078,0.12057899761503887
SVC,enron,pr,1.0,0.7549987954709708,0.12060741009473606
SVC,enron,pr,1.0,0.7551807228915662,0.12061900294630756
SVC,enron,pr,1.0,0.7553627380091589,0.12065268623619907
SVC,enron,pr,1.0,0.7555448408871746,0.12073064143540087
SVC,enron,pr,1.0,0.7557270315891006,0.12101044958068692
SVC,enron,pr,1.0,0.7559093101784853,0.1211226091232705
SVC,enron,pr,1.0,0.7560916767189385,0.12114912606066185
SVC,enron,pr,1.0,0.7562741312741312,0.12126877369285582
SVC,enron,pr,1.0,0.7564566739077963,0.1214001081312608
SVC,enron,pr,1.0,0.7566393046837276,0.12145289388547266
SVC,enron,pr,1.0,0.7568220236657812,0.12148303827451838
SVC,enron,pr,1.0,0.7570048309178744,0.12161433712112946
SVC,enron,pr,1.0,0.7571877265039865,0.12167455693147489
SVC,enron,pr,1.0,0.7573707104881585,0.1217019365048893
SVC,enron,pr,1.0,0.7575537829344936,0.12179216316640133
SVC,enron,pr,1.0,0.7577369439071566,0.12185551240509306
SVC,enron,pr,1.0,0.7579201934703749,0.12207433080680295
SVC,enron,pr,1.0,0.7581035316884374,0.12213979884502672
SVC,enron,pr,1.0,0.7582869586256956,0.1221925099773498
SVC,enron,pr,1.0,0.7584704743465635,0.12231163696211456
SVC,enron,pr,1.0,0.7586540789155168,0.12233042807818763
SVC,enron,pr,1.0,0.7588377723970944,0.1223616241948981
SVC,enron,pr,1.0,0.7590215548558973,0.12241348833595429
SVC,enron,pr,1.0,0.7592054263565892,0.12241515633465128
SVC,enron,pr,1.0,0.7593893869638962,0.12250484468209154
SVC,enron,pr,1.0,0.7595734367426078,0.12252826732749249
SVC,enron,pr,1.0,0.7597575757575757,0.12260723170635816
SVC,enron,pr,1.0,0.7599418040737148,0.12273836038655454
SVC,enron,pr,1.0,0.7601261217560029,0.12310607766060083
SVC,enron,pr,1.0,0.7603105288694808,0.12330793639745817
SVC,enron,pr,1.0,0.7604950254792526,0.12332729352351719
SVC,enron,pr,1.0,0.7606796116504855,0.12334801766147095
SVC,enron,pr,1.0,0.7608642874484098,0.12338779220931952
SVC,enron,pr,1.0,0.7610490529383196,0.12343550169333423
SVC,enron,pr,1.0,0.761233908185572,0.1235493804158669
SVC,enron,pr,1.0,0.761418853255588,0.12364942236835785
SVC,enron,pr,1.0,0.7616038882138517,0.12376031991704371
SVC,enron,pr,1.0,0.7617890131259115,0.1238127556862369
SVC,enron,pr,1.0,0.761974228057379,0.1240522133751017
SVC,enron,pr,1.0,0.7621595330739299,0.12434968031904658
SVC,enron,pr,1.0,0.7623449282413038,0.12443580372529946
SVC,enron,pr,1.0,0.7625304136253042,0.1245750745755646
SVC,enron,pr,1.0,0.7627159892917985,0.12468907540100384
SVC,enron,pr,1.0,0.7629016553067186,0.12476985475588966
SVC,enron,pr,1.0,0.7630874117360604,0.124960669540368
SVC,enron,pr,1.0,0.763273258645884,0.12534306583818453
SVC,enron,pr,1.0,0.7634591961023143,0.12538595687438936
SVC,enron,pr,1.0,0.76364522417154,0.12546568078492903
SVC,enron,pr,1.0,0.7638313429198148,0.12553159828555582
SVC,enron,pr,1.0,0.7640175524134568,0.12563667382729085
SVC,enron,pr,1.0,0.764203852718849,0.12567560292749871
SVC,enron,pr,1.0,0.764390243902439,0.12569297546391361
SVC,enron,pr,1.0,0.764763299170327,0.12581185917137802
SVC,enron,pr,1.0,0.7649499633878447,0.12583793275204413
SVC,enron,pr,1.0,0.76513671875,0.12601239326823124
SVC,enron,pr,1.0,0.7653235653235653,0.1260411888186874
SVC,enron,pr,1.0,0.7655105031753786,0.12608454961452834
SVC,enron,pr,1.0,0.7656975323723431,0.1261852223125463
SVC,enron,pr,1.0,0.7658846529814272,0.12619178445022
SVC,enron,pr,1.0,0.7660718650696651,0.12633209147733496
SVC,enron,pr,1.0,0.7662591687041564,0.12655918977645986
SVC,enron,pr,1.0,0.7664465639520666,0.12655991358810523
SVC,enron,pr,1.0,0.7666340508806262,0.1265638698381978
SVC,enron,pr,1.0,0.7668216295571324,0.1266528698890106
SVC,enron,pr,1.0,0.7670093000489476,0.12674401367951607
SVC,enron,pr,1.0,0.7671970624235006,0.1269642937107566
SVC,enron,pr,1.0,0.767384916748286,0.1269995692093582
SVC,enron,pr,1.0,0.7675728630908646,0.12700584975119458
SVC,enron,pr,1.0,0.7677609015188633,0.12701099741559915
SVC,enron,pr,1.0,0.7679490320999754,0.12709780510770982
SVC,enron,pr,1.0,0.7681372549019608,0.12712701531245482
SVC,enron,pr,1.0,0.7683255699926452,0.1271784536158424
SVC,enron,pr,1.0,0.7685139774399216,0.12719604936056791
SVC,enron,pr,1.0,0.7687024773117488,0.12722722915272153
SVC,enron,pr,1.0,0.7688910696761531,0.127238554264685
SVC,enron,pr,1.0,0.769079754601227,0.12740468909590646
SVC,enron,pr,1.0,0.7692685321551301,0.12749010358036172
SVC,enron,pr,1.0,0.7694574024060888,0.12759972917466034
SVC,enron,pr,1.0,0.7696463654223968,0.12767527483542562
SVC,enron,pr,1.0,0.7698354212724147,0.12768422999301546
SVC,enron,pr,1.0,0.77002457002457,0.1277009926108086
SVC,enron,pr,1.0,0.770213811747358,0.1277585784038058
SVC,enron,pr,1.0,0.7704031465093412,0.1278661396225147
SVC,enron,pr,1.0,0.7705925743791493,0.12788353552149473
SVC,enron,pr,1.0,0.7707820954254796,0.12793718395143708
SVC,enron,pr,1.0,0.7709717097170972,0.1281103863589985
SVC,enron,pr,1.0,0.7711614173228346,0.12824198848890567
SVC,enron,pr,1.0,0.7713512183115924,0.12832466850817567
SVC,enron,pr,1.0,0.7715411127523387,0.129505959927531
SVC,enron,pr,1.0,0.7717311007141098,0.1298824008649377
SVC,enron,pr,1.0,0.7719211822660098,0.12996100045419753
SVC,enron,pr,1.0,0.7721113574772112,0.13004652326676722
SVC,enron,pr,1.0,0.7723016264169542,0.13017904376819764
SVC,enron,pr,1.0,0.7724919891545476,0.1304149820301108
SVC,enron,pr,1.0,0.7726824457593688,0.13069608849501482
SVC,enron,pr,1.0,0.7728729963008631,0.13084737738397828
SVC,enron,pr,1.0,0.7730636408485446,0.1310137752246221
SVC,enron,pr,1.0,0.773254379471996,0.13161895237688567
SVC,enron,pr,1.0,0.7734452122408687,0.1316326020109955
SVC,enron,pr,1.0,0.7736361392248827,0.13165098071661502
SVC,enron,pr,1.0,0.7738271604938272,0.13170654406510354
SVC,enron,pr,1.0,0.7740182761175599,0.1319021334936373
SVC,enron,pr,1.0,0.7742094861660079,0.13196284223628485
SVC,enron,pr,1.0,0.7744007907091672,0.13196674322980068
SVC,enron,pr,1.0,0.7745921898171033,0.132179244628208
SVC,enron,pr,1.0,0.7747836835599505,0.13218633042114733
SVC,enron,pr,1.0,0.7749752720079129,0.13218937665178024
SVC,enron,pr,1.0,0.7751669552312639,0.13221567266821588
SVC,enron,pr,1.0,0.7753587333003463,0.13227699043554642
SVC,enron,pr,1.0,0.7755506062855729,0.1324079880615292
SVC,enron,pr,1.0,0.7757425742574258,0.13258521583252905
SVC,enron,pr,1.0,0.7759346372864571,0.13274927775609
SVC,enron,pr,1.0,0.7761267954432888,0.13277899551027503
SVC,enron,pr,1.0,0.7763190487986128,0.1328836333150276
SVC,enron,pr,1.0,0.7765113974231913,0.13301872299645942
SVC,enron,pr,1.0,0.7767038413878563,0.1332227721360608
SVC,enron,pr,1.0,0.7768963807635102,0.1333402733574164
SVC,enron,pr,1.0,0.7770890156211258,0.13338294022391906
SVC,enron,pr,1.0,0.777281746031746,0.13348477668380326
SVC,enron,pr,1.0,0.7774745720664847,0.13378764949197816
SVC,enron,pr,1.0,0.777667493796526,0.13382482202552762
SVC,enron,pr,1.0,0.7778605112931248,0.13386012580445547
SVC,enron,pr,1.0,0.7780536246276067,0.13389044551117282
SVC,enron,pr,1.0,0.7782468338713683,0.13401791508109223
SVC,enron,pr,1.0,0.7784401390958768,0.13434518854370198
SVC,enron,pr,1.0,0.7786335403726709,0.13459016232102908
SVC,enron,pr,1.0,0.7788270377733598,0.13481031739123073
SVC,enron,pr,1.0,0.7790206313696246,0.13537358036160688
SVC,enron,pr,1.0,0.7792143212332173,0.13558730780885211
SVC,enron,pr,1.0,0.7794081074359612,0.13566351313433153
SVC,enron,pr,1.0,0.7796019900497513,0.13582532795975727
SVC,enron,pr,1.0,0.7797959691465539,0.13600444016833724
SVC,enron,pr,1.0,0.7799900447984072,0.136018152885746
SVC,enron,pr,1.0,0.7801842170774209,0.13638102326792864
SVC,enron,pr,1.0,0.7803784860557769,0.1364038207421061
SVC,enron,pr,1.0,0.7805728518057286,0.13649247201234924
SVC,enron,pr,1.0,0.7807673143996013,0.13661565207575985
SVC,enron,pr,1.0,0.7809618739097932,0.1366214469000467
SVC,enron,pr,1.0,0.7811565304087736,0.13685103178094368
SVC,enron,pr,1.0,0.781351283969085,0.13707982710321517
SVC,enron,pr,1.0,0.7815461346633417,0.13746931999237905
SVC,enron,pr,1.0,0.7817410825642305,0.13747458103810747
SVC,enron,pr,1.0,0.7819361277445109,0.13778372565839403
SVC,enron,pr,1.0,0.7821312702770152,0.13784616876636885
SVC,enron,pr,1.0,0.782326510234648,0.1379274179589937
SVC,enron,pr,1.0,0.782521847690387,0.13793322176128253
SVC,enron,pr,1.0,0.7827172827172827,0.13808922481400182
SVC,enron,pr,1.0,0.7829128153884587,0.1381424467512312
SVC,enron,pr,1.0,0.7831084457771115,0.13815448075152356
SVC,enron,pr,1.0,0.7833041739565109,0.13816910529752705
SVC,enron,pr,1.0,0.7835,0.13819763246798497
SVC,enron,pr,1.0,0.7836959239809953,0.13865482647890717
SVC,enron,pr,1.0,0.7838919459729865,0.1387289023322621
SVC,enron,pr,1.0,0.7840880660495372,0.1387637057209779
SVC,enron,pr,1.0,0.7842842842842843,0.13881048943875923
SVC,enron,pr,1.0,0.7844806007509387,0.13887160303131763
SVC,enron,pr,1.0,0.784677015523285,0.13924105201717135
SVC,enron,pr,1.0,0.7848735286751816,0.1392684818840598
SVC,enron,pr,1.0,0.7850701402805611,0.13939562822063534
SVC,enron,pr,1.0,0.7852668504134303,0.1394310667765731
SVC,enron,pr,1.0,0.7854636591478696,0.13948769277622175
SVC,enron,pr,1.0,0.7856605665580346,0.1397171744503656
SVC,enron,pr,1.0,0.7858575727181545,0.1399677165092786
SVC,enron,pr,1.0,0.7860546777025332,0.14010928416842525
SVC,enron,pr,1.0,0.7862518815855494,0.14032336255216676
SVC,enron,pr,1.0,0.7864491844416562,0.1404647389433834
SVC,enron,pr,1.0,0.7868440873713282,0.14053283275176057
SVC,enron,pr,1.0,0.7870416875941738,0.14073142278302894
SVC,enron,pr,1.0,0.7872393870886711,0.14083746696876295
SVC,enron,pr,1.0,0.7874371859296483,0.14088376291660246
SVC,enron,pr,1.0,0.787635084192008,0.1409883511254849
SVC,enron,pr,1.0,0.787833081950729,0.14109001672373897
SVC,enron,pr,1.0,0.788031179280865,0.1411487072465989
SVC,enron,pr,1.0,0.7882293762575453,0.14122678758050425
SVC,enron,pr,1.0,0.7884276729559748,0.14130359717924554
SVC,enron,pr,1.0,0.7886260694514343,0.1414177242820532
SVC,enron,pr,1.0,0.7888245658192802,0.14151318086687162
SVC,enron,pr,1.0,0.7890231621349446,0.14167262532889818
SVC,enron,pr,1.0,0.789221858473936,0.14168463419585828
SVC,enron,pr,1.0,0.7894206549118388,0.1417820706535508
SVC,enron,pr,1.0,0.7896195515243134,0.1417925920069086
SVC,enron,pr,1.0,0.7898185483870968,0.14195471956192976
SVC,enron,pr,1.0,0.7900176455760021,0.14240372715869323
SVC,enron,pr,1.0,0.7902168431669188,0.14242170188206493
SVC,enron,pr,1.0,0.7904161412358134,0.14264952647533982
SVC,enron,pr,1.0,0.7906155398587286,0.14267586183136802
SVC,enron,pr,1.0,0.790815039111784,0.14270168556453458
SVC,enron,pr,1.0,0.7910146390711762,0.14273514649979782
SVC,enron,pr,1.0,0.7912143398131785,0.14287121593875876
SVC,enron,pr,1.0,0.7914141414141415,0.14287643667338457
SVC,enron,pr,1.0,0.7916140439504925,0.14306856697407805
SVC,enron,pr,1.0,0.7918140474987367,0.14313922472381216
SVC,enron,pr,1.0,0.7920141521354561,0.14319561653772506
SVC,enron,pr,1.0,0.7922143579373104,0.14328302220214856
SVC,enron,pr,1.0,0.7924146649810366,0.14331575186212528
SVC,enron,pr,1.0,0.7926150733434497,0.1433418338836908
SVC,enron,pr,1.0,0.792815583101442,0.14346610281896993
SVC,enron,pr,1.0,0.7930161943319838,0.14358304332431546
SVC,enron,pr,1.0,0.7932169071121236,0.14376209712382595
SVC,enron,pr,1.0,0.7934177215189874,0.14389825187388736
SVC,enron,pr,1.0,0.7936186376297797,0.1442933249131422
SVC,enron,pr,1.0,0.7938196555217831,0.1444475901396414
SVC,enron,pr,1.0,0.7940207752723587,0.1444725426712796
SVC,enron,pr,1.0,0.7942219969589458,0.14453958432827618
SVC,enron,pr,1.0,0.7944233206590621,0.14459908651516462
SVC,enron,pr,1.0,0.7946247464503042,0.1447078463448323
SVC,enron,pr,1.0,0.7948262744103475,0.14474451415751813
SVC,enron,pr,1.0,0.7950279046169457,0.14481516271149772
SVC,enron,pr,1.0,0.795229637147932,0.14488240888574755
SVC,enron,pr,1.0,0.7954314720812182,0.14498025018539912
SVC,enron,pr,1.0,0.7956334094947957,0.14506771139649052
SVC,enron,pr,1.0,0.7958354494667343,0.14508846367627834
SVC,enron,pr,1.0,0.7960375920751841,0.14517801882208115
SVC,enron,pr,1.0,0.796239837398374,0.14522938709241698
SVC,enron,pr,1.0,0.7964421855146124,0.14525781874296048
SVC,enron,pr,1.0,0.7966446365022878,0.14534586936529578
SVC,enron,pr,1.0,0.7968471904398677,0.14537716024870315
SVC,enron,pr,1.0,0.7970498474059003,0.14563999405137895
SVC,enron,pr,1.0,0.7972526074790129,0.14564183958467977
SVC,enron,pr,1.0,0.7974554707379135,0.14578492617116026
SVC,enron,pr,1.0,0.7976584372613896,0.14587846898458776
SVC,enron,pr,1.0,0.7978615071283096,0.14606572639030063
SVC,enron,pr,1.0,0.7980646804176216,0.14627123653432636
SVC,enron,pr,1.0,0.7984713375796179,0.14628710515482482
SVC,enron,pr,1.0,0.7986748216106014,0.14645626292941435
SVC,enron,pr,1.0,0.7988784093805761,0.1465282419718234
SVC,enron,pr,1.0,0.7990821009688934,0.14665582633039215
SVC,enron,pr,1.0,0.7992858964549859,0.14677583485178686
SVC,enron,pr,1.0,0.7996937994386323,0.14694803273745533
SVC,enron,pr,1.0,0.7998979070954568,0.14699293998804633
SVC,enron,pr,1.0,0.8001021189685984,0.14745053158842328
SVC,enron,pr,1.0,0.8003064351378958,0.1474629038157951
SVC,enron,pr,1.0,0.8005108556832695,0.14746483661939241
SVC,enron,pr,1.0,0.8007153806847215,0.14767522428247798
SVC,enron,pr,1.0,0.8009200102223358,0.14772800766071453
SVC,enron,pr,1.0,0.8011247443762781,0.1482326530623109
SVC,enron,pr,1.0,0.8013295832267963,0.1482534507265815
SVC,enron,pr,1.0,0.80153452685422,0.14874507936093703
SVC,enron,pr,1.0,0.8017395753389613,0.14888832247182815
SVC,enron,pr,1.0,0.8019447287615148,0.14895808187281995
SVC,enron,pr,1.0,0.8021499872024571,0.14905733770794918
SVC,enron,pr,1.0,0.8023553507424476,0.149183256486211
SVC,enron,pr,1.0,0.8025608194622279,0.14932447524138218
SVC,enron,pr,1.0,0.8027663934426229,0.14941382532454348
SVC,enron,pr,1.0,0.8029720727645401,0.14949722646872649
SVC,enron,pr,1.0,0.8031778575089698,0.14980750883183913
SVC,enron,pr,1.0,0.8033837477569854,0.1500093222047468
SVC,enron,pr,1.0,0.8035897435897436,0.150021489887982
SVC,enron,pr,1.0,0.8037958450884842,0.15005445189204297
SVC,enron,pr,1.0,0.8040020523345305,0.150387099398401
SVC,enron,pr,1.0,0.8042083654092892,0.15041075226051312
SVC,enron,pr,1.0,0.8044147843942505,0.1504980746483026
SVC,enron,pr,1.0,0.8046213093709884,0.15055009737400474
SVC,enron,pr,1.0,0.8048279404211608,0.15095636752654049
SVC,enron,pr,1.0,0.8052415210688592,0.15103807991276694
SVC,enron,pr,1.0,0.8054484708301208,0.15112780366308567
SVC,enron,pr,1.0,0.8056555269922879,0.15115218858471965
SVC,enron,pr,1.0,0.8058626896374389,0.15118204998349918
SVC,enron,pr,1.0,0.8060699588477366,0.15139942322466998
SVC,enron,pr,1.0,0.8062773347054284,0.1517742862088374
SVC,enron,pr,1.0,0.8064848172928462,0.15180534034723306
SVC,enron,pr,1.0,0.8066924066924067,0.15191335433347913
SVC,enron,pr,1.0,0.8069001029866117,0.15200608607113966
SVC,enron,pr,1.0,0.8071079062580478,0.1520179086688969
SVC,enron,pr,1.0,0.8073158165893869,0.15205340526503883
SVC,enron,pr,1.0,0.8075238340633857,0.15209454527606023
SVC,enron,pr,1.0,0.8077319587628866,0.15209941336789803
SVC,enron,pr,1.0,0.8079401907708172,0.15221847934834626
SVC,enron,pr,1.0,0.8081485301701908,0.15224813424446684
SVC,enron,pr,1.0,0.8083569770441063,0.15238279050495648
SVC,enron,pr,1.0,0.8085655314757482,0.15244488841833645
SVC,enron,pr,1.0,0.8091918409501678,0.1525182667016625
SVC,enron,pr,1.0,0.809609919917334,0.15278355681900327
SVC,enron,pr,1.0,0.8098191214470284,0.15283121854571102
SVC,enron,pr,1.0,0.8100284311191522,0.15318319735374605
SVC,enron,pr,1.0,0.8102378490175801,0.15318794034019345
SVC,enron,pr,1.0,0.8104473752262736,0.153361106480602
SVC,enron,pr,1.0,0.8106570098292809,0.15357069675308926
SVC,enron,pr,1.0,0.8108667529107374,0.153593305438213
SVC,enron,pr,1.0,0.8110766045548654,0.15372023602122054
SVC,enron,pr,1.0,0.8112865648459746,0.1537453874088664
SVC,enron,pr,1.0,0.8117068117068117,0.15393261084313536
SVC,enron,pr,1.0,0.8119170984455959,0.15394209100531867
SVC,enron,pr,1.0,0.8121274941694739,0.15396352121509932
SVC,enron,pr,1.0,0.8123379989631934,0.15407047558151313
SVC,enron,pr,1.0,0.8125486129115893,0.15411303258458278
SVC,enron,pr,1.0,0.8133921619517259,0.15414854863198954
SVC,enron,pr,1.0,0.8136033229491173,0.1543508704898863
SVC,enron,pr,1.0,0.8138145936120488,0.15438999562146707
SVC,enron,pr,1.0,0.814025974025974,0.15464655305463162
SVC,enron,pr,1.0,0.8142374642764354,0.1547479069827186
SVC,enron,pr,1.0,0.8144490644490644,0.15483709317248384
SVC,enron,pr,1.0,0.8146607746295815,0.15501260665036323
SVC,enron,pr,1.0,0.8150845253576073,0.15506118170164826
SVC,enron,pr,1.0,0.8152965660770031,0.15507009268907346
SVC,enron,pr,1.0,0.8155087171480614,0.15515751477179604
SVC,enron,pr,1.0,0.8157209786569495,0.1552713290992299
SVC,enron,pr,1.0,0.8159333506899245,0.15544076239306406
SVC,enron,pr,1.0,0.8161458333333333,0.15545661906208744
SVC,enron,pr,1.0,0.8163584266736129,0.15559759275821447
SVC,enron,pr,1.0,0.8176363162014089,0.15572760932892712
SVC,enron,pr,1.0,0.8180631688854085,0.15587626233541227
SVC,enron,pr,1.0,0.8182767624020888,0.155990217016593
SVC,enron,pr,1.0,0.818490467484983,0.1560144746727428
SVC,enron,pr,1.0,0.8187042842215256,0.15602399909063258
SVC,enron,pr,1.0,0.8189182126992423,0.15602691029386612
SVC,enron,pr,1.0,0.8191322530057501,0.1562299645987161
SVC,enron,pr,1.0,0.8193464052287581,0.15665846888649793
SVC,enron,pr,1.0,0.819560669456067,0.1567581352796423
SVC,enron,pr,1.0,0.8197750457755689,0.15679020938134486
SVC,enron,pr,1.0,0.8199895342752486,0.15679638680189342
SVC,enron,pr,1.0,0.8202041350431825,0.15685793455262176
SVC,enron,pr,1.0,0.8204188481675393,0.15699638258397483
SVC,enron,pr,1.0,0.8206336737365802,0.15707605493154295
SVC,enron,pr,1.0,0.820848611838659,0.15722338172407177
SVC,enron,pr,1.0,0.8210636625622216,0.15725883387966674
SVC,enron,pr,1.0,0.8212788259958071,0.15758232391005364
SVC,enron,pr,1.0,0.8214941022280472,0.15768351416294712
SVC,enron,pr,1.0,0.8217094913476665,0.1576960222959243
SVC,enron,pr,1.0,0.8219249934434828,0.1577315794994756
SVC,enron,pr,1.0,0.8221406086044072,0.15790551142309575
SVC,enron,pr,1.0,0.8223563369194438,0.1579762038055718
SVC,enron,pr,1.0,0.8225721784776903,0.15802092526930211
SVC,enron,pr,1.0,0.8227881333683381,0.15809729864429772
SVC,enron,pr,1.0,0.8230042016806722,0.15810246878568007
SVC,enron,pr,1.0,0.8232203835040715,0.15834409825319537
SVC,enron,pr,1.0,0.8234366789280084,0.15837519715665807
SVC,enron,pr,1.0,0.82365308804205,0.15839977632868796
SVC,enron,pr,1.0,0.823869610935857,0.15853024289621717
SVC,enron,pr,1.0,0.8243029984218833,0.15874410387685225
SVC,enron,pr,1.0,0.8249539352461174,0.1587577668866965
SVC,enron,pr,1.0,0.8251711427066877,0.15876048007618346
SVC,enron,pr,1.0,0.8253884645772979,0.1587825016697411
SVC,enron,pr,1.0,0.8256059009483667,0.15923257908567925
SVC,enron,pr,1.0,0.8260411175540326,0.15926168107138022
SVC,enron,pr,1.0,0.8262588979699447,0.15952049593758935
SVC,enron,pr,1.0,0.8264767932489452,0.15954530083914453
SVC,enron,pr,1.0,0.8266948034819309,0.15980659112928064
SVC,enron,pr,1.0,0.8269129287598944,0.15991250322628422
SVC,enron,pr,1.0,0.8271311691739245,0.16019276450365688
SVC,enron,pr,1.0,0.827349524815206,0.16044419754778086
SVC,enron,pr,1.0,0.8275679957750198,0.16053782970572286
SVC,enron,pr,1.0,0.8277865821447438,0.1606377362742827
SVC,enron,pr,1.0,0.828005284015852,0.16073593139563258
SVC,enron,pr,1.0,0.829978813559322,0.16075784206922641
SVC,enron,pr,1.0,0.8301986754966887,0.16113315825599195
SVC,enron,pr,1.0,0.8304186539480657,0.16139080220981272
SVC,enron,pr,1.0,0.8310792893131795,0.16147179221138133
SVC,enron,pr,1.0,0.8328461334041988,0.16157382347677468
SVC,enron,pr,1.0,0.8330675172780436,0.16158687537787797
SVC,enron,pr,1.0,0.833289018877958,0.16189516774774781
SVC,enron,pr,1.0,0.8335106382978723,0.16226907935701804
SVC,enron,pr,1.0,0.833732375631817,0.16241333339422018
SVC,enron,pr,1.0,0.8339542309739223,0.16245608991406724
SVC,enron,pr,1.0,0.834176204418419,0.16270665580386237
SVC,enron,pr,1.0,0.8343982960596379,0.16272827623491026
SVC,enron,pr,1.0,0.8346205059920107,0.1627738422750028
SVC,enron,pr,1.0,0.8348428343100692,0.16278558385462705
SVC,enron,pr,1.0,0.8350652811084466,0.16287693053293056
SVC,enron,pr,1.0,0.8352878464818764,0.1629070239343261
SVC,enron,pr,1.0,0.8355105305251933,0.16293013500314113
SVC,enron,pr,1.0,0.8357333333333333,0.16303440927613214
SVC,enron,pr,1.0,0.8359562550013336,0.16325291997465854
SVC,enron,pr,1.0,0.836179295624333,0.16331403268558
SVC,enron,pr,1.0,0.8364024552975714,0.1636670016794043
SVC,enron,pr,1.0,0.8366257341163909,0.1637064564449448
SVC,enron,pr,1.0,0.836849132176235,0.1638274006943096
SVC,enron,pr,1.0,0.8370726495726496,0.16385589693042463
SVC,enron,pr,1.0,0.8372962864012824,0.1639749201386315
SVC,enron,pr,1.0,0.8379679144385027,0.1639866411726382
SVC,enron,pr,1.0,0.8381920299545333,0.16418298696866196
SVC,enron,pr,1.0,0.8384162653825575,0.16437762593702968
SVC,enron,pr,1.0,0.8386406208188386,0.16468335941558002
SVC,enron,pr,1.0,0.838865096359743,0.16469673704546958
SVC,enron,pr,1.0,0.8390896921017403,0.16486292963847823
SVC,enron,pr,1.0,0.8397642015005359,0.16499430042061233
SVC,enron,pr,1.0,0.8399892790136693,0.1650617658342268
SVC,enron,pr,1.0,0.8402144772117962,0.16520519737120268
SVC,enron,pr,1.0,0.8420204191295003,0.16539196318924643
SVC,enron,pr,1.0,0.8422467078742274,0.16540776301961196
SVC,enron,pr,1.0,0.8424731182795699,0.16550365210762197
SVC,enron,pr,1.0,0.842926304464766,0.16560745785163286
SVC,enron,pr,1.0,0.8431530804412161,0.16560752758328565
SVC,enron,pr,1.0,0.8433799784714747,0.1656219829272129
SVC,enron,pr,1.0,0.8436069986541049,0.16566580686704244
SVC,enron,pr,1.0,0.843834141087776,0.16573317221172473
SVC,enron,pr,1.0,0.8440614058712631,0.16576495644826017
SVC,enron,pr,1.0,0.8442887931034483,0.16595619326527208
SVC,enron,pr,1.0,0.8445163028833199,0.16617325469873936
SVC,enron,pr,1.0,0.844743935309973,0.1662497690776447
SVC,enron,pr,1.0,0.8449716904826099,0.16626736797607153
SVC,enron,pr,1.0,0.8451995685005393,0.16651332491526408
SVC,enron,pr,1.0,0.8454275694631778,0.1665303332253933
SVC,enron,pr,1.0,0.8456556934700485,0.16675314519804832
SVC,enron,pr,1.0,0.8458839406207828,0.16692398238396589
SVC,enron,pr,1.0,0.8461123110151187,0.16719686330270922
SVC,enron,pr,1.0,0.8463408047529031,0.16720012704839268
SVC,enron,pr,1.0,0.8465694219340897,0.16732021031973165
SVC,enron,pr,1.0,0.8467981626587409,0.1673565528914388
SVC,enron,pr,1.0,0.847027027027027,0.16752594307461469
SVC,enron,pr,1.0,0.8472560151392268,0.1683501011075064
SVC,enron,pr,1.0,0.8474851270957274,0.16836484586275302
SVC,enron,pr,1.0,0.8477143629970246,0.16839372785915976
SVC,enron,pr,1.0,0.8481732070365359,0.1684137859919517
SVC,enron,pr,1.0,0.8484028153762859,0.16843364290725574
SVC,enron,pr,1.0,0.8486325480639046,0.16853927002983926
SVC,enron,pr,1.0,0.8488624052004333,0.16889076362045274
SVC,enron,pr,1.0,0.8490923868870225,0.16889089600351637
SVC,enron,pr,1.0,0.8493224932249323,0.16900208735916222
SVC,enron,pr,1.0,0.8495527243155326,0.16938359708146164
SVC,enron,pr,1.0,0.8497830802603037,0.16944183782928737
SVC,enron,pr,1.0,0.8500135611608354,0.16948051337441583
SVC,enron,pr,1.0,0.850244167118828,0.16950389474667035
SVC,enron,pr,1.0,0.8504748982360922,0.16963729790154888
SVC,enron,pr,1.0,0.8507057546145494,0.16971555766921786
SVC,enron,pr,1.0,0.8509367363562313,0.1698160601569295
SVC,enron,pr,1.0,0.8511678435632808,0.17000988650120508
SVC,enron,pr,1.0,0.8513990763379516,0.1700209454354217
SVC,enron,pr,1.0,0.8516304347826087,0.17006860257691578
SVC,enron,pr,1.0,0.8518619189997282,0.17015678198778902
SVC,enron,pr,1.0,0.8520935290918977,0.1701593437031037
SVC,enron,pr,1.0,0.8523252651618167,0.17021926456180778
SVC,enron,pr,1.0,0.8525571273122959,0.17024542197372225
SVC,enron,pr,1.0,0.8527891156462585,0.17036257474047103
SVC,enron,pr,1.0,0.8530212302667393,0.1703746406973822
SVC,enron,pr,1.0,0.8532534712768853,0.17061591238165738
SVC,enron,pr,1.0,0.8534858387799564,0.1706311699476276
SVC,enron,pr,1.0,0.8537183328793244,0.1706892982091175
SVC,enron,pr,1.0,0.8539509536784741,0.1707348820822248
SVC,enron,pr,1.0,0.854183701281003,0.17106254763900294
SVC,enron,pr,1.0,0.8544165757906216,0.17144704151241744
SVC,enron,pr,1.0,0.8546495773111535,0.17168033149747328
SVC,enron,pr,1.0,0.8548827059465357,0.17173313918051114
SVC,enron,pr,1.0,0.855349344978166,0.17181508321537584
SVC,enron,pr,1.0,0.8555828555828556,0.1718406056248641
SVC,enron,pr,1.0,0.855816493719279,0.17196159126302932
SVC,enron,pr,1.0,0.8560502594919421,0.17198940008439148
SVC,enron,pr,1.0,0.8562841530054645,0.17223463780459322
SVC,enron,pr,1.0,0.8576902025177887,0.17249362185909997
SVC,enron,pr,1.0,0.8579249931563099,0.17266003615145586
SVC,enron,pr,1.0,0.8581599123767798,0.17300111103116464
SVC,enron,pr,1.0,0.8586301369863014,0.17309454526169846
SVC,enron,pr,1.0,0.8588654425870101,0.17332981487815344
SVC,enron,pr,1.0,0.8591008771929824,0.17343427960259702
SVC,enron,pr,1.0,0.8593364409103372,0.1735236028657219
SVC,enron,pr,1.0,0.85957213384531,0.17356203470137835
SVC,enron,pr,1.0,0.8598079561042524,0.17363279247948013
SVC,enron,pr,1.0,0.8600439077936334,0.1736932215415182
SVC,enron,pr,1.0,0.8602799890200384,0.1738121491236857
SVC,enron,pr,1.0,0.8614623419461243,0.1744641910415163
SVC,enron,pr,1.0,0.861699202639538,0.17481506923578807
SVC,enron,pr,1.0,0.8619361936193619,0.17578688448897564
SVC,enron,pr,1.0,0.8621733149931224,0.17598781186201104
SVC,enron,pr,1.0,0.8624105668684645,0.17604285049751675
SVC,enron,pr,1.0,0.8626479493531517,0.17607547698950374
SVC,enron,pr,1.0,0.862885462555066,0.17617876181747646
SVC,enron,pr,1.0,0.8631231065822088,0.1763206896195736
SVC,enron,pr,1.0,0.8633608815426997,0.1767097416552759
SVC,enron,pr,1.0,0.8635987875447781,0.17680036979365585
SVC,enron,pr,1.0,0.8638368246968027,0.17686572369067485
SVC,enron,pr,1.0,0.864551724137931,0.1768782778614677
SVC,enron,pr,1.0,0.8647902869757175,0.1768872190986982
SVC,enron,pr,1.0,0.8650289815070383,0.17698704613544128
SVC,enron,pr,1.0,0.8652678078409718,0.1771394569423995
SVC,enron,pr,1.0,0.8655067660867164,0.1771977754579878
SVC,enron,pr,1.0,0.8657458563535911,0.1772370587117492
SVC,enron,pr,1.0,0.8659850787510363,0.17753086342390081
SVC,enron,pr,1.0,0.8662244333886125,0.17758803917256535
SVC,enron,pr,1.0,0.8664639203760022,0.177696730792633
SVC,enron,pr,1.0,0.8667035398230089,0.1777965853831782
SVC,enron,pr,1.0,0.8669432918395574,0.17780277022651406
SVC,enron,pr,1.0,0.8671831765356945,0.1779242230785449
SVC,enron,pr,1.0,0.8674231940215887,0.177989955500373
SVC,enron,pr,1.0,0.8676633444075305,0.1787482774596377
SVC,enron,pr,1.0,0.8679036278039324,0.17917469416267218
SVC,enron,pr,1.0,0.8681440443213296,0.17951932972538087
SVC,enron,pr,1.0,0.8683845940703796,0.17953649480039635
SVC,enron,pr,1.0,0.8686252771618626,0.17954526817212282
SVC,enron,pr,1.0,0.8691070438158625,0.17976163612315424
SVC,enron,pr,1.0,0.8693481276005548,0.17977006659137196
SVC,enron,pr,1.0,0.8695893451720311,0.1803099148487416
SVC,enron,pr,1.0,0.8698306966416874,0.1803109689661345
SVC,enron,pr,1.0,0.8700721821210439,0.18031243400381025
SVC,enron,pr,1.0,0.870313801721744,0.18031352135281895
SVC,enron,pr,1.0,0.8705555555555555,0.18037943596082226
SVC,enron,pr,1.0,0.8707974437343706,0.1808269733538531
SVC,enron,pr,1.0,0.8717663421418637,0.18113731766485108
SVC,enron,pr,1.0,0.8720089037284363,0.1816625664595692
SVC,enron,pr,1.0,0.8722516003339827,0.18167779119253913
SVC,enron,pr,1.0,0.8724944320712695,0.1817586845325284
SVC,enron,pr,1.0,0.8727373990531885,0.18211943318399212
SVC,enron,pr,1.0,0.8729805013927576,0.18212732032479548
SVC,enron,pr,1.0,0.8732237392031207,0.18221636958950416
SVC,enron,pr,1.0,0.8734671125975474,0.182450043098448
SVC,enron,pr,1.0,0.873710621689434,0.1826882621336883
SVC,enron,pr,1.0,0.8739542665923034,0.1827904689225829
SVC,enron,pr,1.0,0.8741980474198048,0.18287083510638993
SVC,enron,pr,1.0,0.8744419642857143,0.18299305343389538
SVC,enron,pr,1.0,0.8746860173039352,0.18303976057995788
SVC,enron,pr,1.0,0.8749302065884981,0.18318471222488222
SVC,enron,pr,1.0,0.8751745322535605,0.183645582638583
SVC,enron,pr,1.0,0.8754189944134079,0.18373297832688404
SVC,enron,pr,1.0,0.8756635931824532,0.18393111593272582
SVC,enron,pr,1.0,0.8759083286752376,0.18394677513300403
SVC,enron,pr,1.0,0.87615320100643,0.18413717277930083
SVC,enron,pr,1.0,0.8763982102908278,0.18428015536621953
SVC,enron,pr,1.0,0.8766433566433567,0.18440508207599107
SVC,enron,pr,1.0,0.8768886401790711,0.18463714190652222
SVC,enron,pr,1.0,0.8771340610131542,0.1846377119444511
SVC,enron,pr,1.0,0.8773796192609182,0.18482504795113575
SVC,enron,pr,1.0,0.8776253150378045,0.18482517611268146
SVC,enron,pr,1.0,0.8778711484593837,0.1848808583191689
SVC,enron,pr,1.0,0.8781171196413561,0.18530712021782003
SVC,enron,pr,1.0,0.8783632286995515,0.1853778777275733
SVC,enron,pr,1.0,0.8786094757499299,0.18544642365412534
SVC,enron,pr,1.0,0.878855860908581,0.1857034731406312
SVC,enron,pr,1.0,0.8791023842917252,0.1858290488167937
SVC,enron,pr,1.0,0.8793490460157127,0.18594256910126936
SVC,enron,pr,1.0,0.879842784952274,0.1859720126269977
SVC,enron,pr,1.0,0.8800898623982027,0.18681325749697497
SVC,enron,pr,1.0,0.8803370786516854,0.1868360330184705
SVC,enron,pr,1.0,0.8805844338297274,0.18709605457055303
SVC,enron,pr,1.0,0.880831928049466,0.18760315536902364
SVC,enron,pr,1.0,0.8810795614281698,0.1876075276020243
SVC,enron,pr,1.0,0.8813273340832396,0.18761516275860893
SVC,enron,pr,1.0,0.8815752461322082,0.18768441693626395
SVC,enron,pr,1.0,0.8818232976927406,0.18781993826675505
SVC,enron,pr,1.0,0.8820714888826344,0.1878772449209104
SVC,enron,pr,1.0,0.8823198198198198,0.18819769508678855
SVC,enron,pr,1.0,0.8825682906223599,0.18821523366074777
SVC,enron,pr,1.0,0.8828169014084507,0.18932806205648076
SVC,enron,pr,1.0,0.8830656522964215,0.18934622057537884
SVC,enron,pr,1.0,0.883314543404735,0.18935843306627745
SVC,enron,pr,1.0,0.8835635748519876,0.1893951034065777
SVC,enron,pr,1.0,0.8838127467569092,0.19001466720895602
SVC,enron,pr,1.0,0.8840620592383639,0.19046889698256697
SVC,enron,pr,1.0,0.8843115124153499,0.19116426264590705
SVC,enron,pr,1.0,0.8845611064069997,0.19128799210887779
SVC,enron,pr,1.0,0.8848108413325805,0.1918588248077283
SVC,enron,pr,1.0,0.8850607173114939,0.19189616301853943
SVC,enron,pr,1.0,0.8853107344632768,0.19190527917891356
SVC,enron,pr,1.0,0.885560892907601,0.19214507168531667
SVC,enron,pr,1.0,0.8858111927642736,0.1924606028705043
SVC,enron,pr,1.0,0.8860616341532372,0.19258925119992445
SVC,enron,pr,1.0,0.8863122171945701,0.1925906030163207
SVC,enron,pr,1.0,0.8865629420084865,0.19293450351106425
SVC,enron,pr,1.0,0.8868138087153368,0.19296723095179225
SVC,enron,pr,1.0,0.8870648174356072,0.193035807427929
SVC,enron,pr,1.0,0.8873159682899208,0.19323999505279132
SVC,enron,pr,1.0,0.8875672613990371,0.19326935210451446
SVC,enron,pr,1.0,0.8878186968838527,0.19346704404478868
SVC,enron,pr,1.0,0.8880702748654009,0.194093324969741
SVC,enron,pr,1.0,0.8883219954648526,0.1943237500036613
SVC,enron,pr,1.0,0.8885738588035157,0.1944462463416996
SVC,enron,pr,1.0,0.8888258650028361,0.19459137174680266
SVC,enron,pr,1.0,0.8890780141843971,0.19494635487444031
SVC,enron,pr,1.0,0.8893303064699205,0.19502614140119032
SVC,enron,pr,1.0,0.889582741981266,0.19503072312363404
SVC,enron,pr,1.0,0.8898353208404316,0.1955472172792013
SVC,enron,pr,1.0,0.8900880431695541,0.19566514426323303
SVC,enron,pr,1.0,0.8903409090909091,0.19611624118345675
SVC,enron,pr,1.0,0.8905939187269111,0.19622612645168444
SVC,enron,pr,1.0,0.8908470722001137,0.19715009830710709
SVC,enron,pr,1.0,0.8911003696332102,0.19734275549594107
SVC,enron,pr,1.0,0.891353811149033,0.19778776310033505
SVC,enron,pr,1.0,0.8916073968705548,0.19802456169069696
SVC,enron,pr,1.0,0.8918611269208879,0.19806725474556888
SVC,enron,pr,1.0,0.8921150014232849,0.1982364752283485
SVC,enron,pr,1.0,0.892369020501139,0.19870255573487727
SVC,enron,pr,1.0,0.8926231842779835,0.1989337913638324
SVC,enron,pr,1.0,0.8928774928774929,0.1994074428323184
SVC,enron,pr,1.0,0.8931319464234825,0.1994377960612332
SVC,enron,pr,1.0,0.8933865450399088,0.1997241938411538
SVC,enron,pr,1.0,0.8936412888508697,0.20022310279780062
SVC,enron,pr,1.0,0.8938961779806047,0.2002263681403116
SVC,enron,pr,1.0,0.8941512125534951,0.20106922984334852
SVC,enron,pr,1.0,0.894406392694064,0.201301825060869
SVC,enron,pr,1.0,0.8946617185269768,0.20150757365168595
SVC,enron,pr,1.0,0.8949171901770417,0.20153408929528152
SVC,enron,pr,1.0,0.8951728077692088,0.20168329639818383
SVC,enron,pr,1.0,0.8954285714285715,0.2019588538762511
SVC,enron,pr,1.0,0.8956844812803658,0.2025174743048113
SVC,enron,pr,1.0,0.8959405374499714,0.20328975864022159
SVC,enron,pr,1.0,0.8961967400629111,0.20373246183728347
SVC,enron,pr,1.0,0.8964530892448512,0.20375938616341835
SVC,enron,pr,1.0,0.8967095851216023,0.20450692645922108
SVC,enron,pr,1.0,0.8969662278191185,0.20468722404069037
SVC,enron,pr,1.0,0.8972230174634984,0.2049306684602253
SVC,enron,pr,1.0,0.8974799541809851,0.2050718370151613
SVC,enron,pr,1.0,0.8977370380979662,0.20611839384098615
SVC,enron,pr,1.0,0.8979942693409743,0.20633797504669707
SVC,enron,pr,1.0,0.8982516480366868,0.20639764987229814
SVC,enron,pr,1.0,0.8985091743119266,0.20654558918456437
SVC,enron,pr,1.0,0.8987668482936622,0.20656552150981167
SVC,enron,pr,1.0,0.8990246701090074,0.20824001585282884
SVC,enron,pr,1.0,0.8992826398852224,0.2082962194278902
SVC,enron,pr,1.0,0.899540757749713,0.2083955778400717
SVC,enron,pr,1.0,0.8997990238300316,0.208398148567524
SVC,enron,pr,1.0,0.9000574382538771,0.20854803719266224
SVC,enron,pr,1.0,0.900316001149095,0.21007315298780815
SVC,enron,pr,1.0,0.9005747126436782,0.21040026757072897
SVC,enron,pr,1.0,0.900833572865766,0.21044491372695928
SVC,enron,pr,1.0,0.9010925819436457,0.2108199836922436
SVC,enron,pr,1.0,0.9013517400057521,0.21092889028556303
SVC,enron,pr,1.0,0.9016110471806674,0.2116381347424137
SVC,enron,pr,1.0,0.9018705035971223,0.21179929708282585
SVC,enron,pr,1.0,0.9021301093839954,0.21269495245579606
SVC,enron,pr,1.0,0.9023898646703139,0.21339540849437968
SVC,enron,pr,1.0,0.9026497695852534,0.2134869924850161
SVC,enron,pr,1.0,0.9029098242581388,0.2138194995826104
SVC,enron,pr,1.0,0.9031700288184438,0.21427279108564193
SVC,enron,pr,1.0,0.9034303833957913,0.21428625690209538
SVC,enron,pr,1.0,0.9036908881199539,0.21505452498647767
SVC,enron,pr,1.0,0.9039515431208538,0.21557716873493046
SVC,enron,pr,1.0,0.9042123485285631,0.2158347429028223
SVC,enron,pr,1.0,0.9044733044733044,0.21647807204133876
SVC,enron,pr,1.0,0.9047344110854504,0.21675518325462662
SVC,enron,pr,1.0,0.9052570768341999,0.21684466976187908
SVC,enron,pr,1.0,0.9055186362323028,0.21685850389609906
SVC,enron,pr,1.0,0.9057803468208092,0.21722806864792588
SVC,enron,pr,1.0,0.9060422087308471,0.21771868933709623
SVC,enron,pr,1.0,0.9063042220936958,0.21824938264740765
SVC,enron,pr,1.0,0.9065663870407868,0.2188184845662754
SVC,enron,pr,1.0,0.9068287037037037,0.21884866814167844
SVC,enron,pr,1.0,0.9070911722141823,0.2194557004216284
SVC,enron,pr,1.0,0.9073537927041112,0.2195803946703623
SVC,enron,pr,1.0,0.9076165653055315,0.2196170277190116
SVC,enron,pr,1.0,0.9078794901506373,0.22058612034292316
SVC,enron,pr,1.0,0.9081425673717763,0.22106277572484168
SVC,enron,pr,1.0,0.9084057971014493,0.22117820692163248
SVC,enron,pr,1.0,0.9086691794723109,0.2214097366265799
SVC,enron,pr,1.0,0.9089327146171694,0.22282983368683643
SVC,enron,pr,1.0,0.9091964026689875,0.22329679025835406
SVC,enron,pr,1.0,0.9094602437608822,0.22348143160430303
SVC,enron,pr,1.0,0.9097242380261248,0.22444545563188256
SVC,enron,pr,1.0,0.9099883855981417,0.22640916980266323
SVC,enron,pr,1.0,0.9102526866105141,0.22794603895309107
SVC,enron,pr,1.0,0.9105171411969785,0.2293890441368427
SVC,enron,pr,1.0,0.9107817494914269,0.23014330759918988
SVC,enron,pr,1.0,0.911046511627907,0.2302746534564181
SVC,enron,pr,1.0,0.9113114277406222,0.23042595621100162
SVC,enron,pr,1.0,0.9115764979639325,0.23071646602710358
SVC,enron,pr,1.0,0.9118417224323538,0.23153506081524092
SVC,enron,pr,1.0,0.9121071012805588,0.23210317562056326
SVC,enron,pr,1.0,0.912372634643377,0.2331760007971859
SVC,enron,pr,1.0,0.912638322655795,0.23318806544906134
SVC,enron,pr,1.0,0.9129041654529566,0.23340550117121736
SVC,enron,pr,1.0,0.9131701631701632,0.23351910509953974
SVC,enron,pr,1.0,0.9134363159428738,0.2346496513629043
SVC,enron,pr,1.0,0.9137026239067055,0.23572749498418624
SVC,enron,pr,1.0,0.9139690871974336,0.23640216674310646
SVC,enron,pr,1.0,0.9142357059509918,0.23736596308084812
SVC,enron,pr,1.0,0.9145024803034725,0.23746141592484968
SVC,enron,pr,1.0,0.9147694103911267,0.23768351321067538
SVC,enron,pr,1.0,0.915036496350365,0.23814614526330005
SVC,enron,pr,1.0,0.915303738317757,0.23858735378493925
SVC,enron,pr,1.0,0.9155711364300322,0.2404396903078261
SVC,enron,pr,1.0,0.9158386908240795,0.24118687067687683
SVC,enron,pr,1.0,0.9161064016369482,0.24142551363045683
SVC,enron,pr,1.0,0.916374269005848,0.2414563225872042
SVC,enron,pr,1.0,0.9166422930681486,0.2425303982282134
SVC,enron,pr,1.0,0.9169104739613809,0.24432891080969724
SVC,enron,pr,1.0,0.9171788118232368,0.2446157244689585
SVC,enron,pr,1.0,0.917447306791569,0.24542136436402182
SVC,enron,pr,1.0,0.9177159590043924,0.24629540168352837
SVC,enron,pr,1.0,0.9179847685998829,0.24673275050981988
SVC,enron,pr,1.0,0.9182537357163786,0.24747969316366478
SVC,enron,pr,1.0,0.9185228604923799,0.24780025528863606
SVC,enron,pr,1.0,0.9187921430665494,0.2494438914308489
SVC,enron,pr,1.0,0.9190615835777126,0.2504695346295667
SVC,enron,pr,1.0,0.9193311821648578,0.25069041145701965
SVC,enron,pr,1.0,0.9196009389671361,0.2511683907778925
SVC,enron,pr,1.0,0.9198708541238626,0.25139102572527794
SVC,enron,pr,1.0,0.9201409277745156,0.2518983833259571
SVC,enron,pr,1.0,0.9204111600587371,0.2529623891318103
SVC,enron,pr,1.0,0.9206815511163338,0.2530898487539926
SVC,enron,pr,1.0,0.920952101087276,0.2541129883537145
SVC,enron,pr,1.0,0.921222810111699,0.25496031460773244
SVC,enron,pr,1.0,0.9214936783299029,0.2549826289871165
SVC,enron,pr,1.0,0.9217647058823529,0.255386017942904
SVC,enron,pr,1.0,0.9220358929096794,0.25551526710905675
SVC,enron,pr,1.0,0.922307239552678,0.25551655514511534
SVC,enron,pr,1.0,0.9225787459523108,0.2563656759262117
SVC,enron,pr,1.0,0.9228504122497055,0.25721251360759784
SVC,enron,pr,1.0,0.9231222385861562,0.2572432627250017
SVC,enron,pr,1.0,0.9233942251031232,0.2598106253520659
SVC,enron,pr,1.0,0.923666371942234,0.2610032068746737
SVC,enron,pr,1.0,0.9239386792452831,0.26170700321727647
SVC,enron,pr,1.0,0.9242111471542318,0.26341400966282724
SVC,enron,pr,1.0,0.9244837758112094,0.2634864848652357
SVC,enron,pr,1.0,0.9247565653585128,0.2638773506492747
SVC,enron,pr,1.0,0.9250295159386068,0.2640166149901097
SVC,enron,pr,1.0,0.9253026276941246,0.2644655198320219
SVC,enron,pr,1.0,0.9255759007678677,0.2653747521034378
SVC,enron,pr,1.0,0.9258493353028066,0.2655224640667131
SVC,enron,pr,1.0,0.9261229314420804,0.2659322275906261
SVC,enron,pr,1.0,0.9263966893289979,0.26638021115070776
SVC,enron,pr,1.0,0.9266706091070372,0.2664481139420856
SVC,enron,pr,1.0,0.9269446909198462,0.2665693020876697
SVC,enron,pr,1.0,0.9272189349112426,0.26678861031331247
SVC,enron,pr,1.0,0.9274933412252145,0.26719761327153946
SVC,enron,pr,1.0,0.9280426413976902,0.26739781851714645
SVC,enron,pr,1.0,0.9283175355450237,0.26823969240155987
SVC,enron,pr,1.0,0.9285925925925926,0.26840081211559
SVC,enron,pr,1.0,0.9288678126852401,0.26978503637460843
SVC,enron,pr,1.0,0.929143195967981,0.27107024053138845
SVC,enron,pr,1.0,0.9294187425860023,0.2710786868240033
SVC,enron,pr,1.0,0.9296944526846633,0.2710901987682705
SVC,enron,pr,1.0,0.9299703264094955,0.2725916446798056
SVC,enron,pr,1.0,0.9302463639062036,0.2726881251724003
SVC,enron,pr,1.0,0.9305225653206651,0.2728216993648388
SVC,enron,pr,1.0,0.9307989307989308,0.27282203881218586
SVC,enron,pr,1.0,0.9310754604872252,0.2731636044693947
SVC,enron,pr,1.0,0.9313521545319465,0.27485671379535415
SVC,enron,pr,1.0,0.9316290130796671,0.27638324582721635
SVC,enron,pr,1.0,0.9319060362771335,0.27778991397930464
SVC,enron,pr,1.0,0.9321832242712671,0.2787042612966346
SVC,enron,pr,1.0,0.932460577209164,0.27978413405477326
SVC,enron,pr,1.0,0.9327380952380953,0.28006083659132924
SVC,enron,pr,1.0,0.9330157785055075,0.2807613113806153
SVC,enron,pr,1.0,0.9332936271590232,0.28084043127872926
SVC,enron,pr,1.0,0.9335716413464403,0.2810336984581764
SVC,enron,pr,1.0,0.933849821215733,0.2830401993551971
SVC,enron,pr,1.0,0.9341281669150522,0.2839552295505355
SVC,enron,pr,1.0,0.9344066785927251,0.2857753144597401
SVC,enron,pr,1.0,0.9346853563972561,0.2859412883015133
SVC,enron,pr,1.0,0.934964200477327,0.28636733028523986
SVC,enron,pr,1.0,0.9352432109817965,0.28820179586777384
SVC,enron,pr,1.0,0.9355223880597014,0.2885701188471586
SVC,enron,pr,1.0,0.9358017318602568,0.28889605081182995
SVC,enron,pr,1.0,0.9360812425328554,0.2889924167775431
SVC,enron,pr,1.0,0.9363609202270691,0.2898961687790873
SVC,enron,pr,1.0,0.9366407650926479,0.290876586534347
SVC,enron,pr,1.0,0.9369207772795217,0.29189226858589895
SVC,enron,pr,1.0,0.937200956937799,0.29306586319392136
SVC,enron,pr,1.0,0.9374813042177684,0.29409665741225316
SVC,enron,pr,1.0,0.9377618192698982,0.2943245858770746
SVC,enron,pr,1.0,0.9380425022448369,0.2944878811238
SVC,enron,pr,1.0,0.9383233532934132,0.2951700734877393
SVC,enron,pr,1.0,0.9386043725666368,0.29537244163627313
SVC,enron,pr,1.0,0.938885560215698,0.2967511224086761
SVC,enron,pr,1.0,0.9391669163919688,0.2967647563542739
SVC,enron,pr,1.0,0.9394484412470024,0.2970136031941104
SVC,enron,pr,1.0,0.9397301349325338,0.2975465175204574
SVC,enron,pr,1.0,0.9400119976004799,0.2976225771450243
SVC,enron,pr,1.0,0.9402940294029403,0.2977941128641197
SVC,enron,pr,1.0,0.9405762304921969,0.29932128575757094
SVC,enron,pr,1.0,0.9408586010207145,0.3005067254589995
SVC,enron,pr,1.0,0.9411411411411411,0.3014787694233788
SVC,enron,pr,1.0,0.9414238510063082,0.30257199388943135
SVC,enron,pr,1.0,0.9417067307692307,0.30270396838004815
SVC,enron,pr,1.0,0.9419897805831079,0.3037216684110193
SVC,enron,pr,1.0,0.9422730006013229,0.30485629835819755
SVC,enron,pr,1.0,0.9425563909774436,0.3049530703937608
SVC,enron,pr,1.0,0.9428399518652226,0.3051168306760714
SVC,enron,pr,1.0,0.9431236834185976,0.3051855342148178
SVC,enron,pr,1.0,0.9434075857916917,0.3062485729883933
SVC,enron,pr,1.0,0.9436916591388136,0.3066296932021246
SVC,enron,pr,1.0,0.9439759036144578,0.3075883235333457
SVC,enron,pr,1.0,0.9442603193733052,0.3081017886774009
SVC,enron,pr,1.0,0.944544906570223,0.30838441161220026
SVC,enron,pr,1.0,0.9448296653602652,0.3097654178462605
SVC,enron,pr,1.0,0.9451145958986731,0.31141411587124107
SVC,enron,pr,1.0,0.9453996983408748,0.31183756205691804
SVC,enron,pr,1.0,0.9456849728424864,0.3128273954716027
SVC,enron,pr,1.0,0.9459704195593118,0.3136964633080889
SVC,enron,pr,1.0,0.946256038647343,0.31494863106916043
SVC,enron,pr,1.0,0.9465418302627605,0.3154498591280563
SVC,enron,pr,1.0,0.9468277945619336,0.3158666449662575
SVC,enron,pr,1.0,0.9471139317014203,0.31592263832751005
SVC,enron,pr,1.0,0.9474002418379686,0.3162713502016983
SVC,enron,pr,1.0,0.9476867251285153,0.3165101580974939
SVC,enron,pr,1.0,0.9479733817301875,0.3166881353579272
SVC,enron,pr,1.0,0.9482602118003026,0.31723125881677233
SVC,enron,pr,1.0,0.948547215496368,0.31794736928993234
SVC,enron,pr,1.0,0.9488343929760823,0.3182732307814945
SVC,enron,pr,1.0,0.949121744397335,0.3211138176278444
SVC,enron,pr,1.0,0.9494092699182066,0.3220939656760674
SVC,enron,pr,1.0,0.9496969696969697,0.3228712223886284
SVC,enron,pr,1.0,0.9499848438920885,0.3231374148354034
SVC,enron,pr,1.0,0.9502728926622195,0.3242174364902576
SVC,enron,pr,1.0,0.9505611161662118,0.3245643483516211
SVC,enron,pr,1.0,0.9508495145631068,0.3246465790514775
SVC,enron,pr,1.0,0.9511380880121396,0.3253821419502129
SVC,enron,pr,1.0,0.9514268366727383,0.3255862618903722
SVC,enron,pr,1.0,0.9517157607045248,0.3260732330308433
SVC,enron,pr,1.0,0.9522941355211182,0.3261772128455158
SVC,enron,pr,1.0,0.9525835866261398,0.3264459134150725
SVC,enron,pr,1.0,0.952873213742779,0.327051562938286
SVC,enron,pr,1.0,0.9531630170316302,0.32744098990824433
SVC,enron,pr,1.0,0.9534529966534834,0.3277349601585536
SVC,enron,pr,1.0,0.9537431527693244,0.3278542498304055
SVC,enron,pr,1.0,0.9540334855403348,0.3282377411101069
SVC,enron,pr,1.0,0.9543239951278928,0.3295996261818848
SVC,enron,pr,1.0,0.954614681693573,0.32963468317308403
SVC,enron,pr,1.0,0.9549055453991468,0.3306660742103756
SVC,enron,pr,1.0,0.9551965864065833,0.33071791501791586
SVC,enron,pr,1.0,0.9554878048780487,0.33123411348400444
SVC,enron,pr,1.0,0.9557792009759073,0.33126389294100017
SVC,enron,pr,1.0,0.9560707748627212,0.33134214332017153
SVC,enron,pr,1.0,0.9563625267012511,0.3314300845196089
SVC,enron,pr,1.0,0.9566544566544567,0.33166969117306905
SVC,enron,pr,1.0,0.9569465648854962,0.33177935211960563
SVC,enron,pr,1.0,0.9572388515577276,0.3318271447004751
SVC,enron,pr,1.0,0.9575313168347083,0.3318329345244115
SVC,enron,pr,1.0,0.9578239608801956,0.3319027183920131
SVC,enron,pr,1.0,0.9581167838581474,0.33209313869585877
SVC,enron,pr,1.0,0.9584097859327217,0.3324258403605875
SVC,enron,pr,1.0,0.9587029672682778,0.33251809034468577
SVC,enron,pr,1.0,0.9589963280293757,0.3325185037581045
SVC,enron,pr,1.0,0.9592898683807775,0.3325409836870565
SVC,enron,pr,1.0,0.9595835884874464,0.3326481898702519
SVC,enron,pr,1.0,0.9598774885145482,0.332659102308823
SVC,enron,pr,1.0,0.960171568627451,0.3327908423350862
SVC,enron,pr,1.0,0.9604658289917254,0.3328057979569228
SVC,enron,pr,1.0,0.9607602697731453,0.33284728711471795
SVC,enron,pr,1.0,0.9610548911376878,0.33287838527298125
SVC,enron,pr,1.0,0.9613496932515337,0.33313349975555673
SVC,enron,pr,1.0,0.9616446762810679,0.333159062001995
SVC,enron,pr,1.0,0.961939840392879,0.33318248738644335
SVC,enron,pr,1.0,0.9622351857537611,0.3332763496761183
SVC,enron,pr,1.0,0.9625307125307125,0.33328170510828686
SVC,enron,pr,1.0,0.9628264208909371,0.3332982742231478
SVC,enron,pr,1.0,0.9631223110018439,0.3333257497485201
SVC,enron,pr,1.0,0.9634183830310482,0.33333330581844395
SVC,enron,pr,1.0,0.9637146371463715,0.3333703324305533
SVC,enron,pr,1.0,0.9640110735158413,0.33342887787752956
SVC,enron,pr,1.0,0.9643076923076923,0.33343359499270786
SVC,enron,pr,1.0,0.9646044936903663,0.3335230878829642
SVC,enron,pr,1.0,0.9649014778325123,0.3335297476452977
SVC,enron,pr,1.0,0.9651986449029873,0.3337968537116441
SVC,enron,pr,1.0,0.9654959950708565,0.3339226387993968
SVC,enron,pr,1.0,0.9657935285053929,0.3339589397657008
SVC,enron,pr,1.0,0.9660912453760789,0.33422188728461827
SVC,enron,pr,1.0,0.9663891458526056,0.3345632341125542
SVC,enron,pr,1.0,0.9666872301048736,0.3348929945079142
SVC,enron,pr,1.0,0.9669854983029929,0.3350002503293162
SVC,enron,pr,1.0,0.967283950617284,0.33557477761774973
SVC,enron,pr,1.0,0.9675825872182773,0.33685562151215276
SVC,enron,pr,1.0,0.967881408276714,0.33845141373677
SVC,enron,pr,1.0,0.9681804139635465,0.3385961616209823
SVC,enron,pr,1.0,0.9684796044499382,0.33873200538764764
SVC,enron,pr,1.0,0.9687789799072642,0.33883111565554097
SVC,enron,pr,1.0,0.969078540507112,0.3389392562647225
SVC,enron,pr,1.0,0.9693782864212805,0.3398134190123599
SVC,enron,pr,1.0,0.9696782178217822,0.3420340168903993
SVC,enron,pr,1.0,0.9699783348808418,0.3426892080336825
SVC,enron,pr,1.0,0.9702786377708978,0.3428384541392855
SVC,enron,pr,1.0,0.970579126664602,0.34291418180465266
SVC,enron,pr,1.0,0.9708798017348204,0.3432189509601881
SVC,enron,pr,1.0,0.9711806631546328,0.3435248237392523
SVC,enron,pr,1.0,0.9714817110973342,0.345421949218089
SVC,enron,pr,1.0,0.9717829457364341,0.34593675489526426
SVC,enron,pr,1.0,0.9720843672456576,0.34622841207736865
SVC,enron,pr,1.0,0.972385975798945,0.34628274176761686
SVC,enron,pr,1.0,0.9726877715704532,0.34660019156285166
SVC,enron,pr,1.0,0.9729897547345545,0.34697662666448087
SVC,enron,pr,1.0,0.9732919254658385,0.3473655708962789
SVC,enron,pr,1.0,0.9735942839391115,0.3477973724584013
SVC,enron,pr,1.0,0.9738968303293971,0.3523911756303193
SVC,enron,pr,1.0,0.9741995648119366,0.3531280500969714
SVC,enron,pr,1.0,0.974502487562189,0.35389471297216946
SVC,enron,pr,1.0,0.9748055987558321,0.35391819829149607
SVC,enron,pr,1.0,0.9751088985687617,0.3558010754757441
SVC,enron,pr,1.0,0.9754123871770931,0.35600667149753673
SVC,enron,pr,1.0,0.9757160647571607,0.3574818307404566
SVC,enron,pr,1.0,0.9760199314855186,0.3620758196050274
SVC,enron,pr,1.0,0.9763239875389408,0.36303196422512624
SVC,enron,pr,1.0,0.9766282330944219,0.3633922258343965
SVC,enron,pr,1.0,0.976932668329177,0.3669471560566071
SVC,enron,pr,1.0,0.9772372934206424,0.36742149393674645
SVC,enron,pr,1.0,0.9775421085464754,0.36810125752224043
SVC,enron,pr,1.0,0.9778471138845554,0.37085459115594316
SVC,enron,pr,1.0,0.9781523096129837,0.3750259883019867
SVC,enron,pr,1.0,0.9784576959100842,0.3755596666487848
SVC,enron,pr,1.0,0.9787632729544035,0.3790714078427775
SVC,enron,pr,1.0,0.979069040924711,0.3791796880384948
SVC,enron,pr,1.0,0.979375,0.38048389411584943
SVC,enron,pr,1.0,0.9796811503594873,0.3808993718275567
SVC,enron,pr,1.0,0.9799874921826142,0.3853762210562129
SVC,enron,pr,1.0,0.980294025649046,0.38810454750078427
SVC,enron,pr,1.0,0.9806007509386734,0.38878521512969016
SVC,enron,pr,1.0,0.9809076682316119,0.3921829219605611
SVC,enron,pr,1.0,0.9812147777082029,0.40005446832929875
SVC,enron,pr,1.0,0.9815220795490135,0.4013487427996391
SVC,enron,pr,1.0,0.981829573934837,0.4032925122410292
SVC,enron,pr,1.0,0.9821372610466939,0.4038681973008374
SVC,enron,pr,1.0,0.9824451410658307,0.40624990498247193
SVC,enron,pr,1.0,0.9827532141737222,0.4101484477190025
SVC,enron,pr,1.0,0.9830614805520702,0.4110229542229031
SVC,enron,pr,1.0,0.9833699403828051,0.41491834045523723
SVC,enron,pr,1.0,0.9836785938480854,0.4192289733168699
SVC,enron,pr,1.0,0.9839874411302982,0.4213140364277279
SVC,enron,pr,1.0,0.9842964824120602,0.42253074646337585
SVC,enron,pr,1.0,0.9846057178762174,0.4512992156539886
SVC,enron,pr,1.0,0.9849151477058454,0.4593965592512789
SVC,enron,pr,1.0,0.9852247720842502,0.4635477824908261
SVC,enron,pr,1.0,0.9855345911949686,0.48253333665011205
SVC,enron,pr,1.0,0.9858446052217679,0.48879712657180074
SVC,enron,pr,1.0,0.9861548143486469,0.49395149517472814
SVC,enron,pr,1.0,0.9864652187598363,0.49678021696580027
SVC,enron,pr,1.0,0.9867758186397985,0.5161012680458702
SVC,enron,pr,1.0,0.9870866141732283,0.5174236729477654
SVC,enron,pr,1.0,0.9873976055450535,0.5275716504821492
SVC,enron,pr,1.0,0.9877087929404349,0.5286795534372661
SVC,enron,pr,1.0,0.9880201765447667,0.5326185384508574
SVC,enron,pr,1.0,0.9883317565436771,0.5474890780806935
SVC,enron,pr,1.0,0.9886435331230284,0.5482571840510707
SVC,enron,pr,0.9039566049776643,0.9874520738933427,0.5504695458459449
SVC,enron,pr,0.9039566049776643,0.9877963737796374,0.5541204921412758
SVC,enron,pr,0.9039566049776643,0.988140913847227,0.5760573504174443
SVC,enron,pr,0.9039566049776643,0.9884856943475226,0.5766825858594914
SVC,enron,pr,0.9039566049776643,0.9888307155322862,0.5853521280711435
SVC,enron,pr,0.9039566049776643,0.9891759776536313,0.5928199754010194
SVC,enron,pr,0.9039566049776643,0.9895214809640237,0.6071731777461075
SVC,enron,pr,0.9039566049776643,0.9898672257162823,0.6114963169924487
SVC,enron,pr,0.9039566049776643,0.9902132121635792,0.6124724026067692
SVC,enron,pr,0.9039566049776643,0.9905594405594406,0.6194210496684152
SVC,enron,pr,0.9039566049776643,0.9909059111577475,0.6303608262314752
SVC,enron,pr,0.9039566049776643,0.9912526242127362,0.6307802482055995
SVC,enron,pr,0.9039566049776643,0.991599579978999,0.6314844188994505
SVC,enron,pr,0.9039566049776643,0.9919467787114846,0.6387566962016624
SVC,enron,pr,0.9039566049776643,0.9922942206654991,0.6397700857818512
SVC,enron,pr,0.9039566049776643,0.9926419060967063,0.6432853425663956
SVC,enron,pr,0.9039566049776643,0.9929898352611286,0.649410783642649
SVC,enron,pr,0.9039566049776643,0.9933380084151473,0.6576892600843448
SVC,enron,pr,0.9039566049776643,0.9936864258155034,0.6640200479331405
SVC,enron,pr,0.9039566049776643,0.9940350877192983,0.6641837545240877
SVC,enron,pr,0.9039566049776643,0.9943839943839944,0.6645210167098546
SVC,enron,pr,0.9039566049776643,0.9947331460674157,0.6651177659490728
SVC,enron,pr,0.9039566049776643,0.9950825430277485,0.6655781878751869
SVC,enron,pr,0.9039566049776643,0.9954321855235418,0.6666624565586367
SVC,enron,pr,0.9039566049776643,0.9957820738137083,0.6666666538675716
SVC,enron,pr,0.9039566049776643,0.9961322081575246,0.6666730577222273
SVC,enron,pr,0.9039566049776643,0.9964825888146325,0.6678925638924965
SVC,enron,pr,0.9039566049776643,0.9968332160450387,0.7016215712655051
SVC,enron,pr,0.9039566049776643,0.9971840901091165,0.7167253958439502
SVC,enron,pr,0.9039566049776643,0.9975352112676056,0.7207621247833743
SVC,enron,pr,0.9039566049776643,0.9978865797816132,0.7292423876274153
SVC,enron,pr,0.8056796426292279,0.9976293954958514,0.7442804898129595
SVC,enron,pr,0.8056796426292279,0.9980237154150198,0.7534586707200205
SVC,enron,pr,0.8056796426292279,0.9988132911392406,0.7699128292353069
SVC,enron,pr,0.8056796426292279,0.999208547685002,0.828687078495479
SVC,enron,pr,0.8056796426292279,0.9996041171813144,0.9419264254125022
SVC,enron,pr,0.5073388640714741,0.9993714644877436,0.9482885109673779
SVC,enron,pr,0.26802807913209953,0.9988109393579072,0.9486328467941402
SVC,enron,pr,0.0,0.0,0.9999999120382043
SVC,enron,pr,0.0,1.0,
SVC,enron,roc,0.0,0.0,inf
SVC,enron,roc,0.00030441400304414006,0.0,0.9999999120382043
SVC,enron,roc,0.00030441400304414006,0.26802807913209953,0.9486328467941402
SVC,enron,roc,0.00030441400304414006,0.5073388640714741,0.9482885109673779
SVC,enron,roc,0.00030441400304414006,0.8056796426292279,0.9419264254125022
SVC,enron,roc,0.0009132420091324201,0.8056796426292279,0.7699128292353069
SVC,enron,roc,0.0015220700152207,0.8056796426292279,0.7534586707200205
SVC,enron,roc,0.0018264840182648401,0.8056796426292279,0.7442804898129595
SVC,enron,roc,0.0018264840182648401,0.9039566049776643,0.7292423876274153
SVC,enron,roc,0.010958904109589041,0.9039566049776643,0.5504695458459449
SVC,enron,roc,0.010958904109589041,1.0,0.5482571840510707
SVC,enron,roc,0.047792998477929984,1.0,0.3261772128455158
SVC,enron,roc,0.048401826484018265,1.0,0.3260732330308433
SVC,enron,roc,0.07397260273972603,1.0,0.26739781851714645
SVC,enron,roc,0.0745814307458143,1.0,0.26719761327153946
SVC,enron,roc,0.09984779299847793,1.0,0.21684466976187908
SVC,enron,roc,0.1004566210045662,1.0,0.21675518325462662
SVC,enron,roc,0.13028919330289193,1.0,0.1859720126269977
SVC,enron,roc,0.1308980213089802,1.0,0.18594256910126936
SVC,enron,roc,0.14033485540334856,1.0,0.18113731766485108
SVC,enron,roc,0.1415525114155251,1.0,0.1808269733538531
SVC,enron,roc,0.14368340943683408,1.0,0.17976163612315424
SVC,enron,roc,0.14429223744292238,1.0,0.17954526817212282
SVC,enron,roc,0.14946727549467276,1.0,0.1768782778614677
SVC,enron,roc,0.15038051750380518,1.0,0.17686572369067485
SVC,enron,roc,0.15342465753424658,1.0,0.1744641910415163
SVC,enron,roc,0.15494672754946728,1.0,0.1738121491236857
SVC,enron,roc,0.15707762557077626,1.0,0.17309454526169846
SVC,enron,roc,0.15768645357686453,1.0,0.17300111103116464
SVC,enron,roc,0.1582952815829528,1.0,0.17249362185909997
SVC,enron,roc,0.16012176560121766,1.0,0.17223463780459322
SVC,enron,roc,0.1613394216133942,1.0,0.17181508321537584
SVC,enron,roc,0.1619482496194825,1.0,0.17173313918051114
SVC,enron,roc,0.17077625570776256,1.0,0.1684137859919517
SVC,enron,roc,0.17138508371385083,1.0,0.16839372785915976
SVC,enron,roc,0.17777777777777778,1.0,0.16560745785163286
SVC,enron,roc,0.17838660578386606,1.0,0.16550365210762197
SVC,enron,roc,0.17899543378995433,1.0,0.16539196318924643
SVC,enron,roc,0.18143074581430746,1.0,0.16520519737120268
SVC,enron,roc,0.18203957382039573,1.0,0.16499430042061233
SVC,enron,roc,0.18295281582952816,1.0,0.16486292963847823
SVC,enron,roc,0.18447488584474886,1.0,0.1639866411726382
SVC,enron,roc,0.18538812785388128,1.0,0.1639749201386315
SVC,enron,roc,0.19147640791476409,1.0,0.16157382347677468
SVC,enron,roc,0.1939117199391172,1.0,0.16147179221138133
SVC,enron,roc,0.1948249619482496,1.0,0.16139080220981272
SVC,enron,roc,0.1954337899543379,1.0,0.16075784206922641
SVC,enron,roc,0.19817351598173516,1.0,0.16073593139563258
SVC,enron,roc,0.2009132420091324,1.0,0.15926168107138022
SVC,enron,roc,0.2015220700152207,1.0,0.15923257908567925
SVC,enron,roc,0.2024353120243531,1.0,0.1587577668866965
SVC,enron,roc,0.20334855403348553,1.0,0.15874410387685225
SVC,enron,roc,0.2039573820395738,1.0,0.15853024289621717
SVC,enron,roc,0.2121765601217656,1.0,0.15587626233541227
SVC,enron,roc,0.21278538812785389,1.0,0.15572760932892712
SVC,enron,roc,0.2146118721461187,1.0,0.15559759275821447
SVC,enron,roc,0.21643835616438356,1.0,0.15506118170164826
SVC,enron,roc,0.21704718417047184,1.0,0.15501260665036323
SVC,enron,roc,0.2188736681887367,1.0,0.15414854863198954
SVC,enron,roc,0.22009132420091324,1.0,0.15411303258458278
SVC,enron,roc,0.2213089802130898,1.0,0.15393261084313536
SVC,enron,roc,0.2219178082191781,1.0,0.1537453874088664
SVC,enron,roc,0.2243531202435312,1.0,0.15278355681900327
SVC,enron,roc,0.2249619482496195,1.0,0.1525182667016625
SVC,enron,roc,0.2258751902587519,1.0,0.15244488841833645
SVC,enron,roc,0.23074581430745814,1.0,0.15103807991276694
SVC,enron,roc,0.2313546423135464,1.0,0.15095636752654049
SVC,enron,roc,0.2389649923896499,1.0,0.14694803273745533
SVC,enron,roc,0.2395738203957382,1.0,0.14677583485178686
SVC,enron,roc,0.24079147640791476,1.0,0.14628710515482482
SVC,enron,roc,0.24140030441400304,1.0,0.14627123653432636
SVC,enron,roc,0.25844748858447486,1.0,0.14053283275176057
SVC,enron,roc,0.25905631659056316,1.0,0.1404647389433834
SVC,enron,roc,0.29345509893455096,1.0,0.12581185917137802
SVC,enron,roc,0.29406392694063926,1.0,0.12569297546391361
SVC,enron,roc,0.32754946727549467,1.0,0.11312288611469622
SVC,enron,roc,0.32815829528158297,1.0,0.113078590122579
SVC,enron,roc,0.35951293759512937,1.0,0.10257102717429689
SVC,enron,roc,0.36012176560121767,1.0,0.10247775527924867
SVC,enron,roc,0.3902587519025875,1.0,0.09422429114002662
SVC,enron,roc,0.3908675799086758,1.0,0.09421998343033335
SVC,enron,roc,0.4200913242009132,1.0,0.08805215354901869
SVC,enron,roc,0.4207001522070015,1.0,0.08781448670550956
SVC,enron,roc,0.4222222222222222,1.0,0.08739662024414498
SVC,enron,roc,0.4228310502283105,1.0,0.08737274746608224
SVC,enron,roc,0.4407914764079148,1.0,0.08258627350904099
SVC,enron,roc,0.441400304414003,1.0,0.08251843528883268
SVC,enron,roc,0.4624048706240487,1.0,0.0779566004213607
SVC,enron,roc,0.4636225266362253,1.0,0.07787884058527346
SVC,enron,roc,0.4964992389649924,1.0,0.07125332240142078
SVC,enron,roc,0.4980213089802131,1.0,0.07111727485488302
SVC,enron,roc,0.5016742770167427,1.0,0.07015372263603116
SVC,enron,roc,0.502283105022831,1.0,0.0700699336438407
SVC,enron,roc,0.5041095890410959,1.0,0.0696675628191459
SVC,enron,roc,0.5047184170471841,1.0,0.0696541038598854
SVC,enron,roc,0.5068493150684932,1.0,0.06941833648001244
SVC,enron,roc,0.5074581430745815,1.0,0.06939919071337666
SVC,enron,roc,0.5117199391171994,1.0,0.06866745274453909
SVC,enron,roc,0.5126331811263318,1.0,0.06858751513182096
SVC,enron,roc,0.5388127853881278,1.0,0.06459830151182523
SVC,enron,roc,0.5400304414003044,1.0,0.06457905422781163
SVC,enron,roc,0.5878234398782344,1.0,0.05539834531337498
SVC,enron,roc,0.5884322678843227,1.0,0.05537331645784524
SVC,enron,roc,0.6432267884322679,1.0,0.048379234159583166
SVC,enron,roc,0.6438356164383562,1.0,0.048317335712206116
SVC,enron,roc,0.6465753424657534,1.0,0.04795421045746213
SVC,enron,roc,0.6471841704718417,1.0,0.04789648978172376
SVC,enron,roc,0.7211567732115677,1.0,0.037216780950551816
SVC,enron,roc,0.721765601217656,1.0,0.03719538728194358
SVC,enron,roc,0.7439878234398782,1.0,0.034452335811248576
SVC,enron,roc,0.7445966514459665,1.0,0.03441590644541215
SVC,enron,roc,0.7820395738203957,1.0,0.030220012582490893
SVC,enron,roc,0.782648401826484,1.0,0.03017957058851273
SVC,enron,roc,0.8438356164383561,1.0,0.023086545382991323
SVC,enron,roc,0.8444444444444444,1.0,0.022920124834079666
SVC,enron,roc,0.882800608828006,1.0,0.018213650960230417
SVC,enron,roc,0.8834094368340943,1.0,0.01819447851339445
SVC,enron,roc,0.8882800608828006,1.0,0.0175878097127888
SVC,enron,roc,0.8888888888888888,1.0,0.01743011388215558
SVC,enron,roc,0.8943683409436834,1.0,0.016994515646884475
SVC,enron,roc,0.8949771689497716,1.0,0.016945119402540156
SVC,enron,roc,0.923896499238965,1.0,0.013817791315273692
SVC,enron,roc,0.9245053272450533,1.0,0.013782295597349663
SVC,enron,roc,0.930289193302892,1.0,0.012978795887707556
SVC,enron,roc,0.9308980213089803,1.0,0.01297581344631335
SVC,enron,roc,0.9482496194824962,1.0,0.011238451117171797
SVC,enron,roc,0.9488584474885845,1.0,0.01123427827360788
SVC,enron,roc,0.9497716894977168,1.0,0.01113816986726387
SVC,enron,roc,0.9503805175038051,1.0,0.011137786174235909
SVC,enron,roc,0.9710806697108066,1.0,0.008070267902085433
SVC,enron,roc,0.971689497716895,1.0,0.00804801555056379
SVC,enron,roc,0.9799086757990868,1.0,0.007011926804833643
SVC,enron,roc,0.980517503805175,1.0,0.006958424187325548
SVC,enron,roc,1.0,1.0,4.5965705008241316e-11
