model,source,curve,x,y,threshold
NB,enron,pr,1.0,0.4882380433089266,1.3038575262880213e-96
NB,enron,pr,1.0,0.48831411654721096,1.6473407283531657e-73
NB,enron,pr,1.0,0.48839021349540285,1.7765593277403787e-72
NB,enron,pr,1.0,0.4884663341645885,4.555655623110305e-72
NB,enron,pr,1.0,0.48854247856586125,2.7990611377269407e-66
NB,enron,pr,1.0,0.4886186467103212,3.7901254113319195e-66
NB,enron,pr,1.0,0.4886948386090753,6.74384966494211e-66
NB,enron,pr,1.0,0.4887710542732377,3.1015107812019655e-63
NB,enron,pr,1.0,0.4888472937139292,5.464955214293371e-63
NB,enron,pr,1.0,0.4889235569422777,3.7218419606902973e-60
NB,enron,pr,1.0,0.488999843969418,7.39549661319484e-58
NB,enron,pr,1.0,0.48907615480649186,8.368047712691788e-57
NB,enron,pr,1.0,0.48915248946464807,1.1989239690996406e-56
NB,enron,pr,1.0,0.4892288479550421,1.2837644837522527e-56
NB,enron,pr,1.0,0.4893052302888368,2.8713797756869926e-56
NB,enron,pr,1.0,0.48938163647720173,1.9126638662703654e-55
NB,enron,pr,1.0,0.48945806653131346,4.5637920427635485e-55
NB,enron,pr,1.0,0.4895345204623555,3.5034203577149053e-53
NB,enron,pr,1.0,0.4896109982815185,6.074394546911903e-53
NB,enron,pr,1.0,0.4896875,2.5786713054532145e-52
NB,enron,pr,1.0,0.4897640256290045,2.8925381345566676e-52
NB,enron,pr,1.0,0.48984057517974366,4.5895978964786416e-52
NB,enron,pr,1.0,0.489917148663436,4.1665194140568936e-51
NB,enron,pr,1.0,0.4899937460913071,6.841008587131443e-51
NB,enron,pr,1.0,0.49007036747458954,1.0289528089613867e-50
NB,enron,pr,1.0,0.490147012824523,1.6355271324697295e-50
NB,enron,pr,1.0,0.4902236821523541,6.269390907037172e-50
NB,enron,pr,1.0,0.4903003754693367,1.0404330541924095e-49
NB,enron,pr,1.0,0.49037709278673136,1.5558228021999594e-49
NB,enron,pr,1.0,0.49045383411580595,1.1300805695103352e-48
NB,enron,pr,1.0,0.49053059946783534,6.796135655582341e-48
NB,enron,pr,1.0,0.49060738885410143,1.8434252333311395e-47
NB,enron,pr,1.0,0.4906842022858932,8.81183815501e-47
NB,enron,pr,1.0,0.49076103977450675,1.1109638757112094e-46
NB,enron,pr,1.0,0.4908379013312451,3.4221710605190873e-46
NB,enron,pr,1.0,0.4909147869674185,4.185089029157897e-46
NB,enron,pr,1.0,0.49099169669434434,2.0088272737288095e-45
NB,enron,pr,1.0,0.4910686305233469,2.0711592845493606e-45
NB,enron,pr,1.0,0.49114558846575773,2.570781727577673e-45
NB,enron,pr,1.0,0.49122257053291535,2.6091803593866505e-45
NB,enron,pr,1.0,0.49129957673616553,5.4081138782273146e-45
NB,enron,pr,1.0,0.4913766070868611,5.5087827586650546e-45
NB,enron,pr,1.0,0.49145366159636195,8.830833210030284e-45
NB,enron,pr,1.0,0.4915307402760351,1.5887170125106639e-43
NB,enron,pr,1.0,0.4916078431372549,1.3092228427800842e-42
NB,enron,pr,1.0,0.49168497019140256,3.2875187059587767e-42
NB,enron,pr,1.0,0.49176212144986664,3.754330038601782e-42
NB,enron,pr,1.0,0.4918392969240427,8.68111236099819e-42
NB,enron,pr,1.0,0.49191649662533354,1.3277133425900978e-41
NB,enron,pr,1.0,0.4919937205651491,1.4028568947509115e-41
NB,enron,pr,1.0,0.4920709687549066,2.2546284961849336e-41
NB,enron,pr,1.0,0.4921482412060301,2.6472439123692846e-41
NB,enron,pr,1.0,0.49222553792995133,5.027086577783592e-41
NB,enron,pr,1.0,0.4923028589381087,6.635426109459217e-41
NB,enron,pr,1.0,0.49238020424194817,8.545140898674874e-41
NB,enron,pr,1.0,0.4924575738529227,1.5210516103600338e-40
NB,enron,pr,1.0,0.49253496778249256,3.740970777571441e-40
NB,enron,pr,1.0,0.4926123860421251,5.099041331349163e-40
NB,enron,pr,1.0,0.4926898286432951,2.4849849076455735e-39
NB,enron,pr,1.0,0.4927672955974843,2.6735988370099038e-39
NB,enron,pr,1.0,0.4928447869161818,4.2032284071673914e-39
NB,enron,pr,1.0,0.49292230261088393,7.328313382956927e-39
NB,enron,pr,1.0,0.4929998426930942,9.444554205020657e-39
NB,enron,pr,1.0,0.49307740717432347,9.83610850243776e-39
NB,enron,pr,1.0,0.4931549960660897,1.196855786286477e-38
NB,enron,pr,1.0,0.49323260937991814,1.6969796215097912e-38
NB,enron,pr,1.0,0.4933102471273414,5.729664339423521e-38
NB,enron,pr,1.0,0.49338790931989923,8.312864908421232e-38
NB,enron,pr,1.0,0.4934655959691387,9.209013700561682e-38
NB,enron,pr,1.0,0.49354330708661415,1.321891905060757e-37
NB,enron,pr,1.0,0.49362104268388723,1.4751992730155221e-37
NB,enron,pr,1.0,0.49369880277252676,1.8572645703041734e-37
NB,enron,pr,1.0,0.49385439647021745,1.937978690212774e-37
NB,enron,pr,1.0,0.49393223010244286,2.6799975925757636e-37
NB,enron,pr,1.0,0.49401008827238335,3.2932140288022442e-37
NB,enron,pr,1.0,0.4940879709916443,3.7289440912857814e-37
NB,enron,pr,1.0,0.49416587827183855,7.2272979633352204e-37
NB,enron,pr,1.0,0.494243810124586,7.905601624593069e-37
NB,enron,pr,1.0,0.4943217665615142,1.0718031762750532e-36
NB,enron,pr,1.0,0.49439974759425775,2.9500887379039348e-36
NB,enron,pr,1.0,0.4944777532344588,3.153966336188159e-36
NB,enron,pr,1.0,0.4945557834937668,3.170421522412864e-36
NB,enron,pr,1.0,0.4946338383838384,4.495971890483256e-36
NB,enron,pr,1.0,0.4947119179163378,5.1768504698345656e-36
NB,enron,pr,1.0,0.49479002210293654,6.397510640641809e-36
NB,enron,pr,1.0,0.49486815095531345,8.902797777855984e-36
NB,enron,pr,1.0,0.49494630448515475,1.1314860792551523e-35
NB,enron,pr,1.0,0.49502448270415417,1.262753642716287e-35
NB,enron,pr,1.0,0.49510268562401266,1.4235811664533186e-35
NB,enron,pr,1.0,0.4951809132564386,1.894064325607163e-35
NB,enron,pr,1.0,0.4952591656131479,2.0857987843509596e-35
NB,enron,pr,1.0,0.49541574454631676,2.9457857846179957e-35
NB,enron,pr,1.0,0.49549407114624505,3.251386653561228e-35
NB,enron,pr,1.0,0.49557242251739403,3.294960778330223e-35
NB,enron,pr,1.0,0.4956507986715167,1.1842279189740267e-34
NB,enron,pr,1.0,0.4957291996203733,1.28604826358927e-34
NB,enron,pr,1.0,0.4958076253757317,1.4264868626748529e-34
NB,enron,pr,1.0,0.49588607594936707,1.6319172945556777e-34
NB,enron,pr,1.0,0.49596455135306217,1.7287531528223388e-34
NB,enron,pr,1.0,0.4960430515986072,1.8111242402053423e-34
NB,enron,pr,1.0,0.4961215766977996,2.1910432914325483e-34
NB,enron,pr,1.0,0.49620012666244456,2.851725227107821e-34
NB,enron,pr,1.0,0.4962787015043547,3.4321420944151535e-34
NB,enron,pr,1.0,0.49635730123535,5.418788732716882e-34
NB,enron,pr,1.0,0.49643592586725804,5.761638361275469e-34
NB,enron,pr,1.0,0.4965145754119138,5.800591676749033e-34
NB,enron,pr,1.0,0.4965932498811599,6.442388440103083e-34
NB,enron,pr,1.0,0.49667194928684627,1.16584276174555e-33
NB,enron,pr,1.0,0.4968294229549778,1.937419193355443e-33
NB,enron,pr,1.0,0.49690819724116064,2.2044548151161065e-33
NB,enron,pr,1.0,0.4969869965112591,2.2555022968293228e-33
NB,enron,pr,1.0,0.497065820777161,2.857228333968266e-33
NB,enron,pr,1.0,0.4971446700507614,3.007611800268074e-33
NB,enron,pr,1.0,0.4972235443439632,4.35103851932163e-33
NB,enron,pr,1.0,0.4973024436686766,5.690047873376588e-33
NB,enron,pr,1.0,0.49738136803681954,6.423645643429956e-33
NB,enron,pr,1.0,0.49746031746031744,8.151602358642229e-33
NB,enron,pr,1.0,0.49753929195110336,8.187315327840294e-33
NB,enron,pr,1.0,0.4976182915211178,9.05059737799173e-33
NB,enron,pr,1.0,0.49769731618230906,9.31995374238419e-33
NB,enron,pr,1.0,0.49777636594663277,1.2048193944471632e-32
NB,enron,pr,1.0,0.49785544082605243,1.3031327248882062e-32
NB,enron,pr,1.0,0.4979345408325389,1.8194746983631007e-32
NB,enron,pr,1.0,0.4980136659780709,2.1203318461172211e-32
NB,enron,pr,1.0,0.4980928162746345,2.6796365574926176e-32
NB,enron,pr,1.0,0.4981719917342235,2.752908235023644e-32
NB,enron,pr,1.0,0.4982511923688394,3.434618806363214e-32
NB,enron,pr,1.0,0.49833041819049134,3.5051226344863754e-32
NB,enron,pr,1.0,0.49848894544297756,4.375273122200944e-32
NB,enron,pr,1.0,0.4985682468978683,1.424064428407134e-31
NB,enron,pr,1.0,0.49864757358790773,1.8225370525658766e-31
NB,enron,pr,1.0,0.4987269255251432,2.396489476775693e-31
NB,enron,pr,1.0,0.4988063027216298,2.4762951608190746e-31
NB,enron,pr,1.0,0.4988857051894301,3.233811696330224e-31
NB,enron,pr,1.0,0.49896513294061456,3.4806411468298394e-31
NB,enron,pr,1.0,0.49904458598726115,3.987525512120017e-31
NB,enron,pr,1.0,0.4991240643414556,4.73837483636438e-31
NB,enron,pr,1.0,0.4992035680152915,8.19156205128018e-31
NB,enron,pr,1.0,0.4992830970208698,8.198376070646186e-31
NB,enron,pr,1.0,0.49936265137029956,8.273378509697616e-31
NB,enron,pr,1.0,0.4994422310756972,8.549790714708839e-31
NB,enron,pr,1.0,0.4995218361491871,9.332825506665592e-31
NB,enron,pr,1.0,0.49960146660290133,1.0347879219665645e-30
NB,enron,pr,1.0,0.4996811224489796,1.0502705004656439e-30
NB,enron,pr,1.0,0.49976080369956943,1.544380622463633e-30
NB,enron,pr,1.0,0.49984051036682614,1.5926922945563212e-30
NB,enron,pr,1.0,0.4999202424629127,1.9374021798838584e-30
NB,enron,pr,1.0,0.5,1.9772840359349842e-30
NB,enron,pr,1.0,0.5000797829902665,2.437236437583024e-30
NB,enron,pr,1.0,0.5001595914458985,2.461738918359893e-30
NB,enron,pr,1.0,0.5002394253790902,2.603791304075078e-30
NB,enron,pr,1.0,0.5003192848020435,2.8827579826341947e-30
NB,enron,pr,1.0,0.5003991697269679,3.1258320796258523e-30
NB,enron,pr,1.0,0.5004790801660811,3.1939444636524284e-30
NB,enron,pr,1.0,0.5005590161316084,3.7090982124571945e-30
NB,enron,pr,1.0,0.5006389776357828,5.9843945523039834e-30
NB,enron,pr,1.0,0.5007189646908452,6.318786356642214e-30
NB,enron,pr,1.0,0.5007989773090444,8.697435064739291e-30
NB,enron,pr,1.0,0.500879015502637,9.628382072978816e-30
NB,enron,pr,1.0,0.5009590792838875,1.0133650767229902e-29
NB,enron,pr,1.0,0.5010391686650679,1.2145675494660537e-29
NB,enron,pr,1.0,0.5011192836584586,1.2251268382891691e-29
NB,enron,pr,1.0,0.5012795905310301,1.4434023593269305e-29
NB,enron,pr,1.0,0.5013597824348104,2.3768663992015727e-29
NB,enron,pr,1.0,0.50144,2.428824158228869e-29
NB,enron,pr,1.0,0.5015202432389182,2.8071221139277577e-29
NB,enron,pr,1.0,0.5016005121638925,3.0148649473974164e-29
NB,enron,pr,1.0,0.5016808067872579,3.558194987321524e-29
NB,enron,pr,1.0,0.5017611271213577,4.257496925395241e-29
NB,enron,pr,1.0,0.5018414731785429,4.4293215975448364e-29
NB,enron,pr,1.0,0.5019218449711723,4.940427792670958e-29
NB,enron,pr,1.0,0.502002242511613,6.988016012008449e-29
NB,enron,pr,1.0,0.5020826658122397,9.057954058061678e-29
NB,enron,pr,1.0,0.5021631148854351,9.644805254274515e-29
NB,enron,pr,1.0,0.5022435897435897,1.0483173243350517e-28
NB,enron,pr,1.0,0.5023240903991024,1.1378697516598855e-28
NB,enron,pr,1.0,0.5024046168643796,1.1431709758071555e-28
NB,enron,pr,1.0,0.5024851691518358,1.2838381934575302e-28
NB,enron,pr,1.0,0.5025657472738935,1.552272393801782e-28
NB,enron,pr,1.0,0.5026463512429832,1.6563089641955125e-28
NB,enron,pr,1.0,0.5027269810715431,1.664816392796703e-28
NB,enron,pr,1.0,0.5028883183568678,2.056688828717406e-28
NB,enron,pr,1.0,0.5029690258385492,2.2043600355808503e-28
NB,enron,pr,1.0,0.5030497592295345,2.322433291516536e-28
NB,enron,pr,1.0,0.5031305185423022,2.7895284994345834e-28
NB,enron,pr,1.0,0.5032113037893384,2.917092290645273e-28
NB,enron,pr,1.0,0.503292114983138,3.0433306663833256e-28
NB,enron,pr,1.0,0.503372952136203,3.2734224778311767e-28
NB,enron,pr,1.0,0.5034538152610442,3.3871499732356096e-28
NB,enron,pr,1.0,0.50353470437018,3.5240679766279413e-28
NB,enron,pr,1.0,0.5036156194761369,3.823904871107742e-28
NB,enron,pr,1.0,0.5036965605914497,4.856015146204779e-28
NB,enron,pr,1.0,0.503777527728661,5.591361007092746e-28
NB,enron,pr,1.0,0.5038585209003216,5.966449294732483e-28
NB,enron,pr,1.0,0.5039395401189902,6.248153372872312e-28
NB,enron,pr,1.0,0.5040205853972338,6.465153804564203e-28
NB,enron,pr,1.0,0.5041016567476275,6.619507614393062e-28
NB,enron,pr,1.0,0.5041827541827542,6.755729042712456e-28
NB,enron,pr,1.0,0.5042638777152052,7.561673013891905e-28
NB,enron,pr,1.0,0.5043450273575797,7.794856873538697e-28
NB,enron,pr,1.0,0.5044262031224851,8.302563023687e-28
NB,enron,pr,1.0,0.504507405022537,9.19365429063518e-28
NB,enron,pr,1.0,0.5045886330703591,9.769576109250017e-28
NB,enron,pr,1.0,0.504669887278583,1.1371508069873313e-27
NB,enron,pr,1.0,0.5047511676598486,1.153088174858675e-27
NB,enron,pr,1.0,0.5048324742268041,1.2201854815734886e-27
NB,enron,pr,1.0,0.5049138069921056,1.3970363910495164e-27
NB,enron,pr,1.0,0.5049951659684176,1.7243266162678143e-27
NB,enron,pr,1.0,0.5050765511684125,1.9102809130627536e-27
NB,enron,pr,1.0,0.5051579626047711,2.003723519638613e-27
NB,enron,pr,1.0,0.5052394002901822,2.2478729452071873e-27
NB,enron,pr,1.0,0.5053208642373428,2.7204782362313062e-27
NB,enron,pr,1.0,0.5054023544589582,2.829866141248984e-27
NB,enron,pr,1.0,0.5054838709677419,3.156808114857531e-27
NB,enron,pr,1.0,0.5055654137764155,3.1871720987674904e-27
NB,enron,pr,1.0,0.5056469828977089,4.295968606901601e-27
NB,enron,pr,1.0,0.5057285783443601,5.006349734817359e-27
NB,enron,pr,1.0,0.5058102001291156,5.269571350263662e-27
NB,enron,pr,1.0,0.5058918482647297,5.6483534798781146e-27
NB,enron,pr,1.0,0.5059735227639651,6.121939804591649e-27
NB,enron,pr,1.0,0.5060552236395931,6.4126645269432326e-27
NB,enron,pr,1.0,0.5061369509043928,6.701971942699012e-27
NB,enron,pr,1.0,0.5062187045711517,7.426480619364917e-27
NB,enron,pr,1.0,0.5063004846526656,1.0772783402931915e-26
NB,enron,pr,1.0,0.5063822911617386,1.0814412299908816e-26
NB,enron,pr,1.0,0.5064641241111829,1.1065090473596904e-26
NB,enron,pr,1.0,0.5065459835138193,1.1387994805468234e-26
NB,enron,pr,1.0,0.5066278693824766,1.4881679135423858e-26
NB,enron,pr,1.0,0.5067097817299919,1.5891166187036295e-26
NB,enron,pr,1.0,0.5067917205692108,1.9678550210569083e-26
NB,enron,pr,1.0,0.5068736859129872,2.4770999719471136e-26
NB,enron,pr,1.0,0.5069556777741832,2.5175064626004272e-26
NB,enron,pr,1.0,0.507037696165669,2.71697227706137e-26
NB,enron,pr,1.0,0.5071197411003237,2.855830702573165e-26
NB,enron,pr,1.0,0.5072018125910341,2.9036573798201997e-26
NB,enron,pr,1.0,0.507283910650696,3.144339912713874e-26
NB,enron,pr,1.0,0.507366035292213,3.473631870930126e-26
NB,enron,pr,1.0,0.5074481865284974,4.9314038224436204e-26
NB,enron,pr,1.0,0.5075303643724697,5.120254738720064e-26
NB,enron,pr,1.0,0.5076125688370586,5.174262514791662e-26
NB,enron,pr,1.0,0.5076947999352017,5.177320163963532e-26
NB,enron,pr,1.0,0.5077770576798445,5.246481951058132e-26
NB,enron,pr,1.0,0.507859342083941,5.947597351488154e-26
NB,enron,pr,1.0,0.5079416531604538,6.0613281556255e-26
NB,enron,pr,1.0,0.5080239909223537,1.0501962791969027e-25
NB,enron,pr,1.0,0.50810635538262,1.3954059442630632e-25
NB,enron,pr,1.0,0.5081887465542403,1.5832390222489496e-25
NB,enron,pr,1.0,0.5082711644502108,1.630741878639348e-25
NB,enron,pr,1.0,0.5083536090835361,1.9012549953729111e-25
NB,enron,pr,1.0,0.5084360804672291,1.9758253585089524e-25
NB,enron,pr,1.0,0.5085185786143113,2.0614439587412716e-25
NB,enron,pr,1.0,0.5086011035378124,2.287956105843215e-25
NB,enron,pr,1.0,0.508683655250771,2.540520968159988e-25
NB,enron,pr,1.0,0.5087662337662338,2.541004405253072e-25
NB,enron,pr,1.0,0.5088488390972561,2.8837535007770195e-25
NB,enron,pr,1.0,0.5089314712569016,2.972709973514154e-25
NB,enron,pr,1.0,0.5090141302582426,3.121976858088205e-25
NB,enron,pr,1.0,0.50909681611436,3.3744173051614337e-25
NB,enron,pr,1.0,0.5091795288383428,3.382755144360398e-25
NB,enron,pr,1.0,0.5092622684432889,4.0089232969939214e-25
NB,enron,pr,1.0,0.5093450349423045,4.474626480555186e-25
NB,enron,pr,1.0,0.5094278283485045,4.964775302477232e-25
NB,enron,pr,1.0,0.5095106486750122,5.914640753113501e-25
NB,enron,pr,1.0,0.5095934959349594,6.004122944425817e-25
NB,enron,pr,1.0,0.5096763701414864,6.637528841682512e-25
NB,enron,pr,1.0,0.5097592713077423,7.807356182468278e-25
NB,enron,pr,1.0,0.5098421994468847,7.96868656779247e-25
NB,enron,pr,1.0,0.5099251545720794,1.1237767395357943e-24
NB,enron,pr,1.0,0.5100081366965012,1.1484907381456898e-24
NB,enron,pr,1.0,0.5100911458333334,1.1859059622952072e-24
NB,enron,pr,1.0,0.5101741819957676,1.3216325095168489e-24
NB,enron,pr,1.0,0.5102572451970042,1.5164820104402685e-24
NB,enron,pr,1.0,0.5103403354502524,1.5549890914315629e-24
NB,enron,pr,1.0,0.5104234527687297,1.5651827342394985e-24
NB,enron,pr,1.0,0.5105065971656622,1.5910136608648324e-24
NB,enron,pr,1.0,0.5105897686542847,1.7929402441378607e-24
NB,enron,pr,1.0,0.510672967247841,1.8267735645351285e-24
NB,enron,pr,1.0,0.5107561929595827,1.8375533437281465e-24
NB,enron,pr,1.0,0.510839445802771,2.0984360032744745e-24
NB,enron,pr,1.0,0.5109227257906749,2.194109283081516e-24
NB,enron,pr,1.0,0.5110060329365727,2.777254293648192e-24
NB,enron,pr,1.0,0.5110893672537509,3.302687376452127e-24
NB,enron,pr,1.0,0.5111727287555048,3.467099313226232e-24
NB,enron,pr,1.0,0.5112561174551387,3.796191293700519e-24
NB,enron,pr,1.0,0.511339533365965,3.853918497167779e-24
NB,enron,pr,1.0,0.5114229765013055,3.881566131330136e-24
NB,enron,pr,1.0,0.51150644687449,4.478873694271144e-24
NB,enron,pr,1.0,0.5115899444988573,4.694356633108574e-24
NB,enron,pr,1.0,0.5116734693877552,4.816351085116893e-24
NB,enron,pr,1.0,0.5117570215545395,4.999925391794406e-24
NB,enron,pr,1.0,0.5118406010125756,5.16245790785632e-24
NB,enron,pr,1.0,0.5119242077752368,5.191013492836221e-24
NB,enron,pr,1.0,0.5120078418559059,5.3838285204658496e-24
NB,enron,pr,1.0,0.5120915032679738,5.723024387978829e-24
NB,enron,pr,1.0,0.5121751920248406,6.056190741783338e-24
NB,enron,pr,1.0,0.512258908139915,6.388834566856948e-24
NB,enron,pr,1.0,0.5123426516266143,8.375074709245849e-24
NB,enron,pr,1.0,0.5124264224983649,1.1281595572936038e-23
NB,enron,pr,1.0,0.5125102207686018,1.1641435581813685e-23
NB,enron,pr,1.0,0.5125940464507688,1.278605812061965e-23
NB,enron,pr,1.0,0.5126778995583183,1.3215040293705102e-23
NB,enron,pr,1.0,0.5127617801047121,1.35474163255226e-23
NB,enron,pr,1.0,0.51284568810342,1.422300383465504e-23
NB,enron,pr,1.0,0.5129296235679215,1.5839302574304497e-23
NB,enron,pr,1.0,0.513013586511704,1.6085274836036822e-23
NB,enron,pr,1.0,0.5130975769482645,1.6449255504535662e-23
NB,enron,pr,1.0,0.5131815948911086,1.9085417375327386e-23
NB,enron,pr,1.0,0.5132656403537504,1.9223446404997516e-23
NB,enron,pr,1.0,0.5133497133497134,2.1679786005897197e-23
NB,enron,pr,1.0,0.5134338138925295,2.2464395490761488e-23
NB,enron,pr,1.0,0.5135179419957397,2.348342410266326e-23
NB,enron,pr,1.0,0.5136020976728941,2.690114207340238e-23
NB,enron,pr,1.0,0.5136862809375512,2.7012498790458895e-23
NB,enron,pr,1.0,0.5137704918032787,2.832201081259845e-23
NB,enron,pr,1.0,0.513854730283653,3.0592291201796893e-23
NB,enron,pr,1.0,0.5139389963922597,3.695415905413668e-23
NB,enron,pr,1.0,0.5140232901426931,3.8384553370966994e-23
NB,enron,pr,1.0,0.5141076115485564,3.872083631194055e-23
NB,enron,pr,1.0,0.5141919606234618,3.936157993477054e-23
NB,enron,pr,1.0,0.5142763373810305,4.177590915408331e-23
NB,enron,pr,1.0,0.5143607418348926,4.1937225721317295e-23
NB,enron,pr,1.0,0.5144451739986868,4.337884101546649e-23
NB,enron,pr,1.0,0.5145296338860614,4.4941951378800365e-23
NB,enron,pr,1.0,0.5146141215106732,4.7670139363059645e-23
NB,enron,pr,1.0,0.5146986368861882,5.381523272070632e-23
NB,enron,pr,1.0,0.5147831800262812,5.768390550158438e-23
NB,enron,pr,1.0,0.5148677509446361,5.804999711942109e-23
NB,enron,pr,1.0,0.5149523496549457,6.155296363247014e-23
NB,enron,pr,1.0,0.515036976170912,6.382517438877713e-23
NB,enron,pr,1.0,0.5151216305062459,6.674442970651699e-23
NB,enron,pr,1.0,0.5152063126746671,7.756674112636658e-23
NB,enron,pr,1.0,0.5152910226899047,8.998873843103263e-23
NB,enron,pr,1.0,0.5153757605656965,9.204116269834675e-23
NB,enron,pr,1.0,0.5154605263157894,9.325884950980867e-23
NB,enron,pr,1.0,0.5155453199539398,9.453095061952433e-23
NB,enron,pr,1.0,0.5156301414939125,9.809960083724884e-23
NB,enron,pr,1.0,0.5157149909494817,1.0005097896566931e-22
NB,enron,pr,1.0,0.5157998683344306,1.106245394343428e-22
NB,enron,pr,1.0,0.5158847736625515,1.1387181698338014e-22
NB,enron,pr,1.0,0.5159697069476457,1.3187772962499812e-22
NB,enron,pr,1.0,0.5160546682035237,1.3577024552758688e-22
NB,enron,pr,1.0,0.5161396574440053,1.65201372816258e-22
NB,enron,pr,1.0,0.5162246746829188,1.65401612042212e-22
NB,enron,pr,1.0,0.5163097199341021,2.0010682081686143e-22
NB,enron,pr,1.0,0.5163947932114022,2.0474024966873566e-22
NB,enron,pr,1.0,0.516479894528675,2.1480713697665343e-22
NB,enron,pr,1.0,0.5165650238997858,2.2197108407226425e-22
NB,enron,pr,1.0,0.5166501813386086,2.3346769306141767e-22
NB,enron,pr,1.0,0.5167353668590272,2.7269410004216405e-22
NB,enron,pr,1.0,0.5168205804749341,2.744402113091733e-22
NB,enron,pr,1.0,0.516905822200231,2.8097868806621588e-22
NB,enron,pr,1.0,0.5169910920488288,2.834879407697873e-22
NB,enron,pr,1.0,0.5170763900346478,2.8869947045169315e-22
NB,enron,pr,1.0,0.5171617161716172,3.040052317162914e-22
NB,enron,pr,1.0,0.5172470704736756,3.53934381716935e-22
NB,enron,pr,1.0,0.5173324529547706,3.59401893727671e-22
NB,enron,pr,1.0,0.5174178636288592,3.648839973260643e-22
NB,enron,pr,1.0,0.5175033025099075,3.7297511995610014e-22
NB,enron,pr,1.0,0.517588769611891,3.737867659845532e-22
NB,enron,pr,1.0,0.5176742649487942,3.7610088885282967e-22
NB,enron,pr,1.0,0.5177597885346109,3.844626718730579e-22
NB,enron,pr,1.0,0.5178453403833444,3.867786457665861e-22
NB,enron,pr,1.0,0.5179309205090068,4.003089611991154e-22
NB,enron,pr,1.0,0.5180165289256199,4.3598931090697175e-22
NB,enron,pr,1.0,0.5181021656472145,4.521654684864878e-22
NB,enron,pr,1.0,0.518273524061518,4.61844399228777e-22
NB,enron,pr,1.0,0.5183592457823354,4.733320101081963e-22
NB,enron,pr,1.0,0.5184449958643507,4.892351700171178e-22
NB,enron,pr,1.0,0.5185307743216413,5.097577277173475e-22
NB,enron,pr,1.0,0.5186165811682939,5.427081319856238e-22
NB,enron,pr,1.0,0.5187024164184045,5.457471824919005e-22
NB,enron,pr,1.0,0.5187882800860785,5.835088566292966e-22
NB,enron,pr,1.0,0.5188741721854304,5.9087646431782255e-22
NB,enron,pr,1.0,0.5189600927305845,6.389365701326806e-22
NB,enron,pr,1.0,0.519046041735674,6.440092956355148e-22
NB,enron,pr,1.0,0.5191320192148418,6.593206720202009e-22
NB,enron,pr,1.0,0.5192180251822399,6.619972020267645e-22
NB,enron,pr,1.0,0.5193040596520299,6.85453896488167e-22
NB,enron,pr,1.0,0.5193901226383825,6.866916034720727e-22
NB,enron,pr,1.0,0.5194762141554782,7.753428975385446e-22
NB,enron,pr,1.0,0.5195623342175066,7.839905011159328e-22
NB,enron,pr,1.0,0.5196484828386669,8.226182477268688e-22
NB,enron,pr,1.0,0.5197346600331675,8.534030117487126e-22
NB,enron,pr,1.0,0.5198208658152264,9.036998737248632e-22
NB,enron,pr,1.0,0.519907100199071,9.224209704951071e-22
NB,enron,pr,1.0,0.5199933631989381,1.1708615123378352e-21
NB,enron,pr,1.0,0.520079654829074,1.205960131069761e-21
NB,enron,pr,1.0,0.5201659751037344,1.2307491612007528e-21
NB,enron,pr,1.0,0.5202523240371846,1.2518482005435663e-21
NB,enron,pr,1.0,0.5203387016436991,1.3426714625292122e-21
NB,enron,pr,1.0,0.5204251079375622,1.3934535142958123e-21
NB,enron,pr,1.0,0.5205115429330676,1.3997290585760312e-21
NB,enron,pr,1.0,0.5205980066445183,1.4694469195404777e-21
NB,enron,pr,1.0,0.5206844990862269,1.4830432790089382e-21
NB,enron,pr,1.0,0.5207710202725158,1.621484101116779e-21
NB,enron,pr,1.0,0.5208575702177165,1.740043556830927e-21
NB,enron,pr,1.0,0.5209441489361702,1.8505786868332023e-21
NB,enron,pr,1.0,0.5210307564422277,1.9081909489775967e-21
NB,enron,pr,1.0,0.5211173927502494,1.9733499667244815e-21
NB,enron,pr,1.0,0.521204057874605,1.995260209073016e-21
NB,enron,pr,1.0,0.521290751829674,2.0921091196790407e-21
NB,enron,pr,1.0,0.5213774746298453,2.1546430453584334e-21
NB,enron,pr,1.0,0.5214642262895175,2.237057781396431e-21
NB,enron,pr,1.0,0.5215510068230987,2.2540581811772776e-21
NB,enron,pr,1.0,0.5216378162450066,2.28380505678509e-21
NB,enron,pr,1.0,0.5217246545696688,2.332968523215144e-21
NB,enron,pr,1.0,0.5218115218115218,2.431396577554628e-21
NB,enron,pr,1.0,0.5218984179850125,2.5621680413508155e-21
NB,enron,pr,1.0,0.521985343104597,2.659583094721555e-21
NB,enron,pr,1.0,0.5220722971847409,2.8597249794759578e-21
NB,enron,pr,1.0,0.52215928023992,3.012095908013901e-21
NB,enron,pr,1.0,0.5222462922846193,3.0618501295303013e-21
NB,enron,pr,1.0,0.5223333333333333,3.207181842102532e-21
NB,enron,pr,1.0,0.5224204034005667,3.2836162187709393e-21
NB,enron,pr,1.0,0.5225075025008337,3.3236039703168834e-21
NB,enron,pr,1.0,0.5225946306486576,3.3254539710611556e-21
NB,enron,pr,1.0,0.5226817878585723,3.340779616596414e-21
NB,enron,pr,1.0,0.5227689741451209,3.419843463783433e-21
NB,enron,pr,1.0,0.5228561895228562,3.495318743311668e-21
NB,enron,pr,1.0,0.5229434340063407,3.510387480241103e-21
NB,enron,pr,1.0,0.5230307076101469,3.5190977383517215e-21
NB,enron,pr,1.0,0.5231180103488566,3.635429870589319e-21
NB,enron,pr,1.0,0.5232053422370617,3.635630867385158e-21
NB,enron,pr,1.0,0.5232927032893638,3.717319396458327e-21
NB,enron,pr,1.0,0.5233800935203741,3.741606869717704e-21
NB,enron,pr,1.0,0.5234675129447135,3.790400062042532e-21
NB,enron,pr,1.0,0.523554961577013,3.791442230718867e-21
NB,enron,pr,1.0,0.5236424394319131,4.044176003268275e-21
NB,enron,pr,1.0,0.5237299465240641,4.691851416442304e-21
NB,enron,pr,1.0,0.5238174828681263,4.754409070250391e-21
NB,enron,pr,1.0,0.5239050484787696,4.794384315369876e-21
NB,enron,pr,1.0,0.5239926433706737,4.8585379446604895e-21
NB,enron,pr,1.0,0.5240802675585284,5.069676070850166e-21
NB,enron,pr,1.0,0.5241679210570329,5.116556361081477e-21
NB,enron,pr,1.0,0.5242556038808966,5.2791727197776756e-21
NB,enron,pr,1.0,0.5243433160448385,5.493190477681203e-21
NB,enron,pr,1.0,0.5244310575635877,5.628808578867777e-21
NB,enron,pr,1.0,0.5245188284518828,5.641564459572758e-21
NB,enron,pr,1.0,0.5246066287244727,5.760821535367119e-21
NB,enron,pr,1.0,0.5246944583961158,5.96338425580783e-21
NB,enron,pr,1.0,0.5247823174815807,6.037343488204277e-21
NB,enron,pr,1.0,0.5248702059956456,6.2453937453613105e-21
NB,enron,pr,1.0,0.5249581239530988,6.435449239678981e-21
NB,enron,pr,1.0,0.5250460713687385,7.151288252239605e-21
NB,enron,pr,1.0,0.5251340482573726,7.320999058036956e-21
NB,enron,pr,1.0,0.5252220546338193,7.402784283181918e-21
NB,enron,pr,1.0,0.5253100905129064,7.433645797135342e-21
NB,enron,pr,1.0,0.5253981559094719,7.70599499543163e-21
NB,enron,pr,1.0,0.5254862508383635,7.772588460192103e-21
NB,enron,pr,1.0,0.5255743753144391,9.128681823437562e-21
NB,enron,pr,1.0,0.5256625293525663,9.195534630203839e-21
NB,enron,pr,1.0,0.5257507129676229,9.332845385574346e-21
NB,enron,pr,1.0,0.5258389261744967,9.518659058092314e-21
NB,enron,pr,1.0,0.5259271689880852,9.80916094936765e-21
NB,enron,pr,1.0,0.5260154414232964,1.0860903342918451e-20
NB,enron,pr,1.0,0.5261037434950478,1.1319337949036853e-20
NB,enron,pr,1.0,0.5261920752182673,1.1500135961140309e-20
NB,enron,pr,1.0,0.5262804366078925,1.346807504847018e-20
NB,enron,pr,1.0,0.5263688276788714,1.3788410256627526e-20
NB,enron,pr,1.0,0.5265456989247311,1.525134750802863e-20
NB,enron,pr,1.0,0.526634179129558,1.639782850421083e-20
NB,enron,pr,1.0,0.5267226890756302,1.668064976632494e-20
NB,enron,pr,1.0,0.5268997982515131,1.6969861903979648e-20
NB,enron,pr,1.0,0.5269883975113503,1.7038024599117012e-20
NB,enron,pr,1.0,0.5270770265724857,1.8117730785671174e-20
NB,enron,pr,1.0,0.5271656854499579,2.0214857272007282e-20
NB,enron,pr,1.0,0.5272543741588156,2.1427679410047717e-20
NB,enron,pr,1.0,0.5273430927141175,2.1523215945216708e-20
NB,enron,pr,1.0,0.5274318411309323,2.1886563846160607e-20
NB,enron,pr,1.0,0.5275206194243394,2.292495741607451e-20
NB,enron,pr,1.0,0.5276094276094276,2.4154487236226895e-20
NB,enron,pr,1.0,0.5276982657012965,2.4417530699579556e-20
NB,enron,pr,1.0,0.5277871337150556,2.4679988997960718e-20
NB,enron,pr,1.0,0.5278760316658245,2.5336047133612887e-20
NB,enron,pr,1.0,0.5279649595687331,2.6358484724624795e-20
NB,enron,pr,1.0,0.5280539174389216,2.6473245377422745e-20
NB,enron,pr,1.0,0.5281429052915403,2.6667286501893824e-20
NB,enron,pr,1.0,0.5282319231417495,2.75814513461944e-20
NB,enron,pr,1.0,0.5283209710047202,2.9409426699959826e-20
NB,enron,pr,1.0,0.5284100488956331,2.954602937369445e-20
NB,enron,pr,1.0,0.5284991568296796,3.191755387505928e-20
NB,enron,pr,1.0,0.528588294822061,3.331725733776162e-20
NB,enron,pr,1.0,0.5286774628879892,3.65043566222521e-20
NB,enron,pr,1.0,0.528766661042686,3.863134594590296e-20
NB,enron,pr,1.0,0.5288558893013837,4.598896102889377e-20
NB,enron,pr,1.0,0.5289451476793249,4.718813387496356e-20
NB,enron,pr,1.0,0.5290344361917623,4.818086483098428e-20
NB,enron,pr,1.0,0.5291237548539591,4.9936412271749517e-20
NB,enron,pr,1.0,0.5292131036811888,5.1986109650294253e-20
NB,enron,pr,1.0,0.529302482688735,5.2253417314766055e-20
NB,enron,pr,1.0,0.5294813313059639,5.3960856735268735e-20
NB,enron,pr,1.0,0.5295708009462656,6.142006415860388e-20
NB,enron,pr,1.0,0.5296603008281223,6.393710785751968e-20
NB,enron,pr,1.0,0.5297498309668696,6.760982679515311e-20
NB,enron,pr,1.0,0.529839391377853,7.307326815816548e-20
NB,enron,pr,1.0,0.5299289820764288,7.852752171068826e-20
NB,enron,pr,1.0,0.5300186030779638,7.905795270889995e-20
NB,enron,pr,1.0,0.5301082543978349,8.267600516566411e-20
NB,enron,pr,1.0,0.5301979360514295,8.367066004789847e-20
NB,enron,pr,1.0,0.5302876480541455,8.913784431380437e-20
NB,enron,pr,1.0,0.5303773904213911,9.116829625513768e-20
NB,enron,pr,1.0,0.530467163168585,9.844429022511383e-20
NB,enron,pr,1.0,0.5305569663111562,1.0165274687336893e-19
NB,enron,pr,1.0,0.5306467998645445,1.115550503261842e-19
NB,enron,pr,1.0,0.5307366638441998,1.12857080193573e-19
NB,enron,pr,1.0,0.5308265582655827,1.169289292174747e-19
NB,enron,pr,1.0,0.530916483144164,1.1717726283975224e-19
NB,enron,pr,1.0,0.5310064384954253,1.231882477847021e-19
NB,enron,pr,1.0,0.5310964243348585,1.252219174693152e-19
NB,enron,pr,1.0,0.531186440677966,1.3153436180645513e-19
NB,enron,pr,1.0,0.531276487540261,1.49070081701293e-19
NB,enron,pr,1.0,0.5313665649372669,1.5242657648695094e-19
NB,enron,pr,1.0,0.5314566728845176,1.5988102977887363e-19
NB,enron,pr,1.0,0.5315468113975577,1.6651043204816042e-19
NB,enron,pr,1.0,0.5316369804919423,1.7065056729446207e-19
NB,enron,pr,1.0,0.5317271801832372,1.7350709714453117e-19
NB,enron,pr,1.0,0.5318174104870185,1.8080422072934914e-19
NB,enron,pr,1.0,0.5319076714188731,1.8122780979666135e-19
NB,enron,pr,1.0,0.5319979629943983,1.8340457658125588e-19
NB,enron,pr,1.0,0.532088285229202,1.8885330506241794e-19
NB,enron,pr,1.0,0.5322690217391305,1.9230905538718048e-19
NB,enron,pr,1.0,0.532359436045524,2.0376516972389433e-19
NB,enron,pr,1.0,0.5324498810737343,2.1282161726594697e-19
NB,enron,pr,1.0,0.5325403568394222,2.15620944807366e-19
NB,enron,pr,1.0,0.5326308633582597,2.2396610813325997e-19
NB,enron,pr,1.0,0.532721400645929,2.524031238100566e-19
NB,enron,pr,1.0,0.5328119687181231,2.528065193771897e-19
NB,enron,pr,1.0,0.5329025675905458,2.6970393196916167e-19
NB,enron,pr,1.0,0.5329931972789116,2.861068418253233e-19
NB,enron,pr,1.0,0.5330838577989454,2.8793449744724383e-19
NB,enron,pr,1.0,0.5331745491663831,2.911562543937822e-19
NB,enron,pr,1.0,0.5332652713969712,3.0868397127924774e-19
NB,enron,pr,1.0,0.533356024506467,3.091595988240009e-19
NB,enron,pr,1.0,0.5334468085106383,3.2277291775199607e-19
NB,enron,pr,1.0,0.5335376234252639,3.372601176902334e-19
NB,enron,pr,1.0,0.5336284692661332,3.4008303440995336e-19
NB,enron,pr,1.0,0.5337193460490464,3.4614296844347274e-19
NB,enron,pr,1.0,0.5338102537898144,3.4649312788065144e-19
NB,enron,pr,1.0,0.5339011925042589,3.613775504530955e-19
NB,enron,pr,1.0,0.5339921622082127,3.6690886857158534e-19
NB,enron,pr,1.0,0.5340831629175188,3.740934730870763e-19
NB,enron,pr,1.0,0.5341741946480314,3.909782617925824e-19
NB,enron,pr,1.0,0.5342652574156154,3.948892137050252e-19
NB,enron,pr,1.0,0.5343563512361467,4.0042208544972145e-19
NB,enron,pr,1.0,0.5344474761255116,4.212150448238811e-19
NB,enron,pr,1.0,0.5345386320996077,4.379042006950183e-19
NB,enron,pr,1.0,0.5346298191743433,4.530339907577368e-19
NB,enron,pr,1.0,0.5347210373656373,4.754584053893352e-19
NB,enron,pr,1.0,0.5348122866894198,4.940655304113537e-19
NB,enron,pr,1.0,0.5349035671616317,4.983796407543809e-19
NB,enron,pr,1.0,0.5349948787982246,5.095885417081278e-19
NB,enron,pr,1.0,0.5350862216151614,5.296812708697879e-19
NB,enron,pr,1.0,0.5351775956284153,5.515280288909011e-19
NB,enron,pr,1.0,0.535269000853971,5.682247281692107e-19
NB,enron,pr,1.0,0.5353604373078237,5.828808016305591e-19
NB,enron,pr,1.0,0.5354519050059798,6.103302363101219e-19
NB,enron,pr,1.0,0.5355434039644565,6.790991927921065e-19
NB,enron,pr,1.0,0.5356349341992822,6.809654127364948e-19
NB,enron,pr,1.0,0.5357264957264958,6.829212687610172e-19
NB,enron,pr,1.0,0.5358180885621474,6.851984531081999e-19
NB,enron,pr,1.0,0.5359097127222983,6.900027674081558e-19
NB,enron,pr,1.0,0.5360013682230204,7.111178293930335e-19
NB,enron,pr,1.0,0.5360930550803968,7.361788476665802e-19
NB,enron,pr,1.0,0.5361847733105218,7.545807147070679e-19
NB,enron,pr,1.0,0.5362765229295003,7.700999125340124e-19
NB,enron,pr,1.0,0.5363683039534486,7.776435192536116e-19
NB,enron,pr,1.0,0.5364601163984937,8.629225690031208e-19
NB,enron,pr,1.0,0.5365519602807738,8.85790916910099e-19
NB,enron,pr,1.0,0.5366438356164384,8.985418804573458e-19
NB,enron,pr,1.0,0.5367357424216476,9.154980445468656e-19
NB,enron,pr,1.0,0.5368276807125728,9.608525293657866e-19
NB,enron,pr,1.0,0.5369196505053966,9.618702086682324e-19
NB,enron,pr,1.0,0.5370116518163125,1.0265388545618658e-18
NB,enron,pr,1.0,0.5371036846615252,1.063650888388562e-18
NB,enron,pr,1.0,0.5371957490572506,1.1041375914308262e-18
NB,enron,pr,1.0,0.5372878450197154,1.1134118828455897e-18
NB,enron,pr,1.0,0.5373799725651578,1.1277255860735513e-18
NB,enron,pr,1.0,0.5374721317098268,1.1572848825965091e-18
NB,enron,pr,1.0,0.5375643224699829,1.1789031580654081e-18
NB,enron,pr,1.0,0.5376565448618974,1.2494337191702105e-18
NB,enron,pr,1.0,0.5377487989018531,1.2798586199650845e-18
NB,enron,pr,1.0,0.5378410846061438,1.3104024102575085e-18
NB,enron,pr,1.0,0.5379334019910745,1.3555790602284315e-18
NB,enron,pr,1.0,0.5380257510729614,1.4198584518806375e-18
NB,enron,pr,1.0,0.5381181318681318,1.4563887126105244e-18
NB,enron,pr,1.0,0.5382105443929246,1.4853472960108833e-18
NB,enron,pr,1.0,0.5383029886636894,1.4925484996670065e-18
NB,enron,pr,1.0,0.5383954646967875,1.5290531388619058e-18
NB,enron,pr,1.0,0.538487972508591,1.55873708328128e-18
NB,enron,pr,1.0,0.5385805121154837,1.5839466304984245e-18
NB,enron,pr,1.0,0.5386730835338605,1.6212216018030331e-18
NB,enron,pr,1.0,0.5387656867801273,1.6493986100556214e-18
NB,enron,pr,1.0,0.5388583218707015,1.6685134564177507e-18
NB,enron,pr,1.0,0.5389509888220121,1.6931850679604983e-18
NB,enron,pr,1.0,0.5390436876504988,1.7261796538299693e-18
NB,enron,pr,1.0,0.5391364183726131,1.7500172744826995e-18
NB,enron,pr,1.0,0.5392291810048176,1.762984705529717e-18
NB,enron,pr,1.0,0.5393219755635863,1.778044093885871e-18
NB,enron,pr,1.0,0.5394148020654045,1.786678139822108e-18
NB,enron,pr,1.0,0.5395076605267688,1.7963347749577704e-18
NB,enron,pr,1.0,0.5396005509641874,1.861832072162589e-18
NB,enron,pr,1.0,0.5396934733941794,1.8646970889438345e-18
NB,enron,pr,1.0,0.5397864278332759,1.9476496907064903e-18
NB,enron,pr,1.0,0.539879414298019,2.096269334816543e-18
NB,enron,pr,1.0,0.5399724328049621,2.120027452513144e-18
NB,enron,pr,1.0,0.5400654833706704,2.1352551530145795e-18
NB,enron,pr,1.0,0.5401585660117201,2.4223413200617423e-18
NB,enron,pr,1.0,0.5402516807446992,2.462175516515387e-18
NB,enron,pr,1.0,0.5403448275862069,2.482088780625228e-18
NB,enron,pr,1.0,0.5404380065528539,2.692525065362995e-18
NB,enron,pr,1.0,0.5405312176612626,2.8472885077803615e-18
NB,enron,pr,1.0,0.5406244609280663,2.9719890461055765e-18
NB,enron,pr,1.0,0.5407177363699103,3.017261333080495e-18
NB,enron,pr,1.0,0.5408110440034513,3.075954019314514e-18
NB,enron,pr,1.0,0.5409043838453572,3.349013628560966e-18
NB,enron,pr,1.0,0.5409977559123079,3.4349687557606044e-18
NB,enron,pr,1.0,0.5410911602209945,3.470109284874067e-18
NB,enron,pr,1.0,0.5411845967881195,3.48857122135574e-18
NB,enron,pr,1.0,0.5412780656303973,3.728064645048104e-18
NB,enron,pr,1.0,0.5413715667645534,4.172150210488562e-18
NB,enron,pr,1.0,0.5414651002073255,4.1839701120384826e-18
NB,enron,pr,1.0,0.5415586659754622,4.738245893067747e-18
NB,enron,pr,1.0,0.5416522640857242,4.902506623181968e-18
NB,enron,pr,1.0,0.5417458945548833,4.962562994965708e-18
NB,enron,pr,1.0,0.5418395573997233,5.16151117604662e-18
NB,enron,pr,1.0,0.5419332526370396,5.4404931351029995e-18
NB,enron,pr,1.0,0.5420269802836388,5.494546901004568e-18
NB,enron,pr,1.0,0.5421207403563397,5.624005299576945e-18
NB,enron,pr,1.0,0.5422145328719723,5.710593163366593e-18
NB,enron,pr,1.0,0.5423083578473784,5.75468010477361e-18
NB,enron,pr,1.0,0.5424022152994116,5.83420536082747e-18
NB,enron,pr,1.0,0.5424961052449369,5.950348260638118e-18
NB,enron,pr,1.0,0.542590027700831,6.06626470510282e-18
NB,enron,pr,1.0,0.5426839826839827,6.168946208505297e-18
NB,enron,pr,1.0,0.542777970211292,6.1832229473426786e-18
NB,enron,pr,1.0,0.5428719902996709,6.462718176625996e-18
NB,enron,pr,1.0,0.542966042966043,6.689138884421847e-18
NB,enron,pr,1.0,0.5430601282273436,6.795677228433162e-18
NB,enron,pr,1.0,0.5431542461005199,6.97587211970582e-18
NB,enron,pr,1.0,0.5432483966025308,7.106075795790707e-18
NB,enron,pr,1.0,0.5433425797503467,7.398278504966217e-18
NB,enron,pr,1.0,0.5434367955609503,7.484694378965611e-18
NB,enron,pr,1.0,0.5435310440513355,7.540288089024557e-18
NB,enron,pr,1.0,0.5436253252385083,7.58177874288654e-18
NB,enron,pr,1.0,0.5437196391394865,8.121210807337543e-18
NB,enron,pr,1.0,0.5438139857712997,8.2184709833679e-18
NB,enron,pr,1.0,0.5439083651509893,8.440240804598042e-18
NB,enron,pr,1.0,0.5440027772956084,9.190030067394905e-18
NB,enron,pr,1.0,0.5440972222222222,9.381843893366017e-18
NB,enron,pr,1.0,0.5441916999479076,1.0027431988547082e-17
NB,enron,pr,1.0,0.5442862104897533,1.0237020303109087e-17
NB,enron,pr,1.0,0.5443807538648602,1.0521985020964342e-17
NB,enron,pr,1.0,0.5444753300903405,1.1465366229942412e-17
NB,enron,pr,1.0,0.5445699391833189,1.1625984326032794e-17
NB,enron,pr,1.0,0.5446645811609315,1.2427404868649701e-17
NB,enron,pr,1.0,0.5447592560403268,1.2968078464920164e-17
NB,enron,pr,1.0,0.5448539638386648,1.3138892891664575e-17
NB,enron,pr,1.0,0.5449487045731177,1.364510859827867e-17
NB,enron,pr,1.0,0.5450434782608695,1.4614677679148753e-17
NB,enron,pr,1.0,0.5451382849191164,1.5404081274806575e-17
NB,enron,pr,1.0,0.5452331245650661,1.545289314396914e-17
NB,enron,pr,1.0,0.5453279972159387,1.6068636202375777e-17
NB,enron,pr,1.0,0.5454229028889662,1.6098899007274843e-17
NB,enron,pr,1.0,0.5455178416013925,1.6304018912054727e-17
NB,enron,pr,1.0,0.5456128133704735,1.6473501507550397e-17
NB,enron,pr,1.0,0.5457078182134772,1.73259417236124e-17
NB,enron,pr,1.0,0.5458028561476838,1.7356992274051433e-17
NB,enron,pr,1.0,0.545897927190385,1.7437670066946585e-17
NB,enron,pr,1.0,0.545993031358885,1.7615619460740075e-17
NB,enron,pr,1.0,0.5460881686705001,1.771330243931459e-17
NB,enron,pr,1.0,0.5461833391425583,1.8120739555427497e-17
NB,enron,pr,1.0,0.5462785427924002,1.846830954320916e-17
NB,enron,pr,1.0,0.546373779637378,1.8897443315916672e-17
NB,enron,pr,1.0,0.5464690496948561,2.0258424241220283e-17
NB,enron,pr,1.0,0.5465643529822114,2.0659023335411547e-17
NB,enron,pr,1.0,0.5466596895168324,2.0812499461485024e-17
NB,enron,pr,1.0,0.54675505931612,2.1062363164674558e-17
NB,enron,pr,1.0,0.5468504623974874,2.177959654564052e-17
NB,enron,pr,1.0,0.5469458987783595,2.2639344605973648e-17
NB,enron,pr,1.0,0.5470413684761739,2.316091497442006e-17
NB,enron,pr,1.0,0.5471368715083799,2.3676737964653087e-17
NB,enron,pr,1.0,0.5472324078924393,2.5256714979580162e-17
NB,enron,pr,1.0,0.5473279776458261,2.5703329001181628e-17
NB,enron,pr,1.0,0.5474235807860262,2.5879254209568642e-17
NB,enron,pr,1.0,0.5475192173305381,2.6143254663080867e-17
NB,enron,pr,1.0,0.5476148872968722,2.64664047084141e-17
NB,enron,pr,1.0,0.5477105907025516,2.6625145325404273e-17
NB,enron,pr,1.0,0.5478063275651109,2.9787503673916164e-17
NB,enron,pr,1.0,0.5479020979020979,3.105638537861763e-17
NB,enron,pr,1.0,0.5479979017310719,3.197255063723147e-17
NB,enron,pr,1.0,0.5480937390696048,3.2346779703355696e-17
NB,enron,pr,1.0,0.5481896099352808,3.3709933589743625e-17
NB,enron,pr,1.0,0.5482855143456963,3.372002196800497e-17
NB,enron,pr,1.0,0.5483814523184601,3.4313501461725554e-17
NB,enron,pr,1.0,0.5484774238711936,3.453216409030559e-17
NB,enron,pr,1.0,0.5485734290215298,3.510560341549099e-17
NB,enron,pr,1.0,0.5486694677871149,3.5412248319067536e-17
NB,enron,pr,1.0,0.5487655401856067,3.596349755005729e-17
NB,enron,pr,1.0,0.548861646234676,3.7029168752366234e-17
NB,enron,pr,1.0,0.5489577859520056,3.7392374897349696e-17
NB,enron,pr,1.0,0.5490539593552908,4.234840482407689e-17
NB,enron,pr,1.0,0.5491501664622394,4.242953943883934e-17
NB,enron,pr,1.0,0.5492464072905713,4.258365364240796e-17
NB,enron,pr,1.0,0.5493426818580193,4.4743590697417765e-17
NB,enron,pr,1.0,0.5494389901823282,4.633328187194736e-17
NB,enron,pr,1.0,0.5495353322812555,4.720904775108625e-17
NB,enron,pr,1.0,0.549631708172571,4.7911501190940954e-17
NB,enron,pr,1.0,0.5497281178740572,5.0298060807373317e-17
NB,enron,pr,1.0,0.5498245614035088,5.124326650949362e-17
NB,enron,pr,1.0,0.5499210387787331,5.139470963614169e-17
NB,enron,pr,1.0,0.55001755001755,5.290239080476873e-17
NB,enron,pr,1.0,0.5501140951377919,5.340172480924443e-17
NB,enron,pr,1.0,0.5502106741573034,5.624787950529873e-17
NB,enron,pr,1.0,0.550307287093942,5.694324325374162e-17
NB,enron,pr,1.0,0.5504039339655779,5.785602698851678e-17
NB,enron,pr,1.0,0.550500614790093,5.817314358036371e-17
NB,enron,pr,1.0,0.550597329585383,6.101218440813278e-17
NB,enron,pr,1.0,0.5506940783693551,6.349884974245859e-17
NB,enron,pr,1.0,0.5507908611599297,6.435628971890489e-17
NB,enron,pr,1.0,0.5508876779750396,6.442171357906445e-17
NB,enron,pr,1.0,0.55098452883263,6.479031866701285e-17
NB,enron,pr,1.0,0.5510814137506594,6.54899007280645e-17
NB,enron,pr,1.0,0.5511783327470982,6.554501202494796e-17
NB,enron,pr,1.0,0.5512752858399297,7.142175753720001e-17
NB,enron,pr,1.0,0.5513722730471499,7.297090431320006e-17
NB,enron,pr,1.0,0.5514692943867675,7.538729594858991e-17
NB,enron,pr,1.0,0.551566349876804,7.7658932654204e-17
NB,enron,pr,1.0,0.5516634395352931,7.97886256019984e-17
NB,enron,pr,1.0,0.5517605633802817,8.232767107086921e-17
NB,enron,pr,1.0,0.5518577214298291,8.255684711022725e-17
NB,enron,pr,1.0,0.5519549137020078,8.322281659469601e-17
NB,enron,pr,1.0,0.5520521402149022,8.391946239337162e-17
NB,enron,pr,1.0,0.5521494009866103,8.530262477882233e-17
NB,enron,pr,1.0,0.5522466960352423,8.667615918550126e-17
NB,enron,pr,1.0,0.5523440253789214,8.690363623026618e-17
NB,enron,pr,1.0,0.5524413890357835,8.794686391333614e-17
NB,enron,pr,1.0,0.5525387870239774,9.39123965821106e-17
NB,enron,pr,1.0,0.5526362193616646,9.480844239464233e-17
NB,enron,pr,1.0,0.5527336860670194,9.545393123192632e-17
NB,enron,pr,1.0,0.552831187158229,9.548341716745623e-17
NB,enron,pr,1.0,0.5529287226534932,9.736759896669308e-17
NB,enron,pr,1.0,0.5530262925710252,9.758360168450431e-17
NB,enron,pr,1.0,0.5531238969290505,9.814500105320072e-17
NB,enron,pr,1.0,0.5532215357458076,9.821246324527217e-17
NB,enron,pr,1.0,0.553319209039548,1.0010914858633773e-16
NB,enron,pr,1.0,0.5534169168285361,1.0209313519304445e-16
NB,enron,pr,1.0,0.5535146591310491,1.0360829106827286e-16
NB,enron,pr,1.0,0.5536124359653771,1.0664094940907299e-16
NB,enron,pr,1.0,0.5537102473498233,1.0741181199639182e-16
NB,enron,pr,1.0,0.5538080933027036,1.079624638124251e-16
NB,enron,pr,1.0,0.5539059738423471,1.0866180983096628e-16
NB,enron,pr,1.0,0.5540038889870956,1.0955837886741292e-16
NB,enron,pr,1.0,0.554101838755304,1.1031403025695224e-16
NB,enron,pr,1.0,0.5541998231653404,1.1037250274999997e-16
NB,enron,pr,1.0,0.5542978422355854,1.1577996030635392e-16
NB,enron,pr,1.0,0.5543958959844331,1.1994829438023552e-16
NB,enron,pr,1.0,0.5544939844302902,1.309823685789747e-16
NB,enron,pr,1.0,0.5545921075915767,1.3107935621382562e-16
NB,enron,pr,1.0,0.5546902654867256,1.343707701301818e-16
NB,enron,pr,1.0,0.5547884581341831,1.354238761503144e-16
NB,enron,pr,1.0,0.5548866855524079,1.3559224204595064e-16
NB,enron,pr,1.0,0.5549849477598725,1.3814634991027597e-16
NB,enron,pr,1.0,0.555083244775062,1.4655629043632465e-16
NB,enron,pr,1.0,0.5551815766164747,1.518475583448371e-16
NB,enron,pr,1.0,0.5552799433026222,1.6332970753499151e-16
NB,enron,pr,1.0,0.5553783448520291,1.6733678651101633e-16
NB,enron,pr,1.0,0.5554767812832329,1.6770199585120816e-16
NB,enron,pr,1.0,0.5555752526147846,1.7250171581352778e-16
NB,enron,pr,1.0,0.5556737588652483,1.7401333851661142e-16
NB,enron,pr,1.0,0.5557723000532009,1.7740559373139626e-16
NB,enron,pr,1.0,0.5558708761972331,1.8439550003765637e-16
NB,enron,pr,1.0,0.5559694873159482,1.8444052185608802e-16
NB,enron,pr,1.0,0.5560681334279631,1.8524617307369988e-16
NB,enron,pr,1.0,0.5561668145519078,1.9019027385346745e-16
NB,enron,pr,1.0,0.5562655307064253,2.0013270475582111e-16
NB,enron,pr,1.0,0.5563642819101722,2.0134512234622355e-16
NB,enron,pr,1.0,0.5564630681818182,2.070490512559181e-16
NB,enron,pr,1.0,0.5565618895400462,2.0817800431155796e-16
NB,enron,pr,1.0,0.5566607460035524,2.101132524860627e-16
NB,enron,pr,1.0,0.5567596375910464,2.101511673721823e-16
NB,enron,pr,1.0,0.5568585643212509,2.1542218098224196e-16
NB,enron,pr,1.0,0.5569575262129021,2.2128122516821583e-16
NB,enron,pr,1.0,0.5570565232847494,2.265709430773166e-16
NB,enron,pr,1.0,0.5571555555555555,2.2790642284272426e-16
NB,enron,pr,1.0,0.5572546230440967,2.2823433715306743e-16
NB,enron,pr,1.0,0.5573537257691624,2.323622726757846e-16
NB,enron,pr,1.0,0.5574528637495553,2.3461143423145415e-16
NB,enron,pr,1.0,0.5575520370040918,2.3681361296856103e-16
NB,enron,pr,1.0,0.5576512455516014,2.4195277455718537e-16
NB,enron,pr,1.0,0.5577504894109272,2.432494575503838e-16
NB,enron,pr,1.0,0.5578497686009256,2.634805226739396e-16
NB,enron,pr,1.0,0.5579490831404664,2.715267924287665e-16
NB,enron,pr,1.0,0.5580484330484331,3.0180424856413236e-16
NB,enron,pr,1.0,0.5581478183437222,3.081044713437786e-16
NB,enron,pr,1.0,0.558247239045244,3.6524247496591667e-16
NB,enron,pr,1.0,0.5583466951719224,3.892079730971908e-16
NB,enron,pr,1.0,0.5584461867426942,3.917511558695879e-16
NB,enron,pr,1.0,0.5585457137765104,4.055930662443223e-16
NB,enron,pr,1.0,0.5586452762923351,4.088176909573279e-16
NB,enron,pr,1.0,0.558744874309146,4.107520894777349e-16
NB,enron,pr,1.0,0.5588445078459344,4.1278660913580753e-16
NB,enron,pr,1.0,0.5589441769217051,4.162301631074202e-16
NB,enron,pr,1.0,0.5590438815554762,4.26530351603063e-16
NB,enron,pr,1.0,0.5591436217662801,4.399048780552109e-16
NB,enron,pr,1.0,0.559243397573162,4.451912987229235e-16
NB,enron,pr,1.0,0.5593432089951812,4.503875796294678e-16
NB,enron,pr,1.0,0.5594430560514102,4.566544913531083e-16
NB,enron,pr,1.0,0.5595429387609355,4.735027473039455e-16
NB,enron,pr,1.0,0.5596428571428571,4.775532306670369e-16
NB,enron,pr,1.0,0.5597428112162887,4.83571008523067e-16
NB,enron,pr,1.0,0.5598428010003572,4.84889392754743e-16
NB,enron,pr,1.0,0.559942826514204,4.864114118650406e-16
NB,enron,pr,1.0,0.5600428877769835,5.048794376233189e-16
NB,enron,pr,1.0,0.5601429848078642,5.236106317089609e-16
NB,enron,pr,1.0,0.5602431176260279,5.297649945990297e-16
NB,enron,pr,1.0,0.5603432862506705,5.304858400833441e-16
NB,enron,pr,1.0,0.5604434907010014,5.545655783761325e-16
NB,enron,pr,1.0,0.560543730996244,5.688289399689301e-16
NB,enron,pr,1.0,0.5606440071556351,5.708238101969598e-16
NB,enron,pr,1.0,0.5607443191984255,5.79700295459448e-16
NB,enron,pr,1.0,0.5608446671438797,5.826004739901332e-16
NB,enron,pr,1.0,0.5609450510112762,6.001268171804986e-16
NB,enron,pr,1.0,0.5610454708199069,6.028848043004153e-16
NB,enron,pr,1.0,0.5611459265890779,6.311592215567503e-16
NB,enron,pr,1.0,0.5612464183381088,6.412807598698476e-16
NB,enron,pr,1.0,0.5613469460863335,6.745483086402604e-16
NB,enron,pr,1.0,0.5614475098530992,6.756896597746686e-16
NB,enron,pr,1.0,0.5615481096577675,6.766896860775924e-16
NB,enron,pr,1.0,0.5616487455197132,6.786957738837527e-16
NB,enron,pr,1.0,0.5617494174583259,7.127844167018548e-16
NB,enron,pr,1.0,0.5618501254930083,7.138319095191801e-16
NB,enron,pr,1.0,0.5619508696431773,7.164611826649917e-16
NB,enron,pr,1.0,0.562051649928264,7.245385574656808e-16
NB,enron,pr,1.0,0.562152466367713,7.376203710365583e-16
NB,enron,pr,1.0,0.5622533189809832,7.384101896299705e-16
NB,enron,pr,1.0,0.5623542077875471,7.894854416673914e-16
NB,enron,pr,1.0,0.5624551328068916,7.98404916909255e-16
NB,enron,pr,1.0,0.5625560940585174,8.010850481389089e-16
NB,enron,pr,1.0,0.562657091561939,8.123295041743038e-16
NB,enron,pr,1.0,0.5627581253366852,8.477151435701143e-16
NB,enron,pr,1.0,0.5628591954022989,8.847410757487415e-16
NB,enron,pr,1.0,0.5629603017783367,8.906319130694634e-16
NB,enron,pr,1.0,0.5630614444843693,8.963958738709447e-16
NB,enron,pr,1.0,0.563162623539982,9.104245220296637e-16
NB,enron,pr,1.0,0.5632638389647735,9.339807856364458e-16
NB,enron,pr,1.0,0.563365090778357,9.38649752281582e-16
NB,enron,pr,1.0,0.5634663790003596,9.687112089810064e-16
NB,enron,pr,1.0,0.5635677036504226,9.863751843475994e-16
NB,enron,pr,1.0,0.5636690647482014,9.963860627362738e-16
NB,enron,pr,1.0,0.5637704623133657,1.0079389680644834e-15
NB,enron,pr,1.0,0.5638718963655991,1.015920498527988e-15
NB,enron,pr,1.0,0.5639733669245997,1.0164728568160712e-15
NB,enron,pr,1.0,0.5640748740100792,1.0300441212560907e-15
NB,enron,pr,1.0,0.5641764176417642,1.1482841218622904e-15
NB,enron,pr,1.0,0.564277997839395,1.1505438574559366e-15
NB,enron,pr,1.0,0.5643796146227265,1.25660326549141e-15
NB,enron,pr,1.0,0.5644812680115274,1.2575601061592495e-15
NB,enron,pr,1.0,0.564582958025581,1.2670575206749298e-15
NB,enron,pr,1.0,0.5646846846846847,1.2824245095479537e-15
NB,enron,pr,1.0,0.5647864480086502,1.330506489706534e-15
NB,enron,pr,1.0,0.5648882480173035,1.3753810703800062e-15
NB,enron,pr,1.0,0.564990084730485,1.4013124842329661e-15
NB,enron,pr,1.0,0.565091958168049,1.4286681043792352e-15
NB,enron,pr,1.0,0.5651938683498647,1.4417601553232456e-15
NB,enron,pr,1.0,0.5652958152958153,1.4542693633514527e-15
NB,enron,pr,1.0,0.5653977990257983,1.4770040561429232e-15
NB,enron,pr,1.0,0.5654998195597257,1.5002639895735179e-15
NB,enron,pr,1.0,0.565601876917524,1.5383549026846666e-15
NB,enron,pr,1.0,0.5657039711191336,1.5732130413430515e-15
NB,enron,pr,1.0,0.5658061021845099,1.6078913141193426e-15
NB,enron,pr,1.0,0.5659082701336222,1.6794305365213223e-15
NB,enron,pr,1.0,0.5660104749864547,1.7074790486970068e-15
NB,enron,pr,1.0,0.5661127167630058,1.7990382017277857e-15
NB,enron,pr,1.0,0.5662149954832881,1.8100015078665635e-15
NB,enron,pr,1.0,0.5663173111673292,1.8533895274451982e-15
NB,enron,pr,1.0,0.5664196638351708,1.8797358749456313e-15
NB,enron,pr,1.0,0.5665220535068691,1.8853848870289e-15
NB,enron,pr,1.0,0.566624480202495,1.9648757179063695e-15
NB,enron,pr,1.0,0.5667269439421339,1.980878816550273e-15
NB,enron,pr,1.0,0.5668294447458854,1.994665237031688e-15
NB,enron,pr,1.0,0.566931982633864,2.042638427200308e-15
NB,enron,pr,1.0,0.5670345576261987,2.059407522019643e-15
NB,enron,pr,1.0,0.567137169743033,2.097236504797811e-15
NB,enron,pr,1.0,0.5672398190045249,2.1172109432977346e-15
NB,enron,pr,1.0,0.5673425054308472,2.145218810798276e-15
NB,enron,pr,1.0,0.5674452290421872,2.2728009761407295e-15
NB,enron,pr,1.0,0.5675479898587469,2.3533902965397406e-15
NB,enron,pr,1.0,0.5676507879007426,2.421675524307052e-15
NB,enron,pr,1.0,0.5677536231884058,2.4285826652405805e-15
NB,enron,pr,1.0,0.5678564957419823,2.4585284502548518e-15
NB,enron,pr,1.0,0.5679594055817325,2.669719087507421e-15
NB,enron,pr,1.0,0.5680623527279318,2.7071106560515455e-15
NB,enron,pr,1.0,0.5681653372008701,2.7124342516505366e-15
NB,enron,pr,1.0,0.5682683590208523,2.7648297491170746e-15
NB,enron,pr,1.0,0.5683714182081974,2.778986411251257e-15
NB,enron,pr,1.0,0.5684745147832396,2.8462089014850464e-15
NB,enron,pr,1.0,0.568577648766328,2.868959759702694e-15
NB,enron,pr,1.0,0.5686808201778262,2.89033762301987e-15
NB,enron,pr,1.0,0.5687840290381125,2.891769299611843e-15
NB,enron,pr,1.0,0.5688872753675803,2.921957040422113e-15
NB,enron,pr,1.0,0.5689905591866377,2.9532083356258823e-15
NB,enron,pr,1.0,0.5690938805157073,2.9963667159586317e-15
NB,enron,pr,1.0,0.5693006357856494,3.0188144296894127e-15
NB,enron,pr,1.0,0.5694040697674418,3.051973605407329e-15
NB,enron,pr,1.0,0.5695075413410867,3.1075517149292785e-15
NB,enron,pr,1.0,0.569611050527081,3.1182088435690186e-15
NB,enron,pr,1.0,0.5697145973459371,3.1280075553602548e-15
NB,enron,pr,1.0,0.5698181818181818,3.375999153415887e-15
NB,enron,pr,1.0,0.5699218039643572,3.4629554550722074e-15
NB,enron,pr,1.0,0.5700254638050201,3.4739913682606946e-15
NB,enron,pr,1.0,0.5701291613607422,3.582528770546519e-15
NB,enron,pr,1.0,0.5702328966521106,3.770103469986646e-15
NB,enron,pr,1.0,0.5703366696997271,3.780899077147279e-15
NB,enron,pr,1.0,0.5704404805242083,4.0032920071759175e-15
NB,enron,pr,1.0,0.570544329146186,4.230983565903648e-15
NB,enron,pr,1.0,0.5706482155863074,4.266522472219746e-15
NB,enron,pr,1.0,0.570752139865234,4.504121787300128e-15
NB,enron,pr,1.0,0.570856102003643,4.514644052941688e-15
NB,enron,pr,1.0,0.5709601020222262,4.6054328535694495e-15
NB,enron,pr,1.0,0.5710641399416909,4.6203474478897015e-15
NB,enron,pr,1.0,0.5711682157827592,4.652607816808789e-15
NB,enron,pr,1.0,0.5712723295661685,4.654717077341051e-15
NB,enron,pr,1.0,0.5713764813126709,4.6848278345771134e-15
NB,enron,pr,1.0,0.5714806710430342,4.711150755189265e-15
NB,enron,pr,1.0,0.5715848987780412,4.726522038204261e-15
NB,enron,pr,1.0,0.5716891645384896,4.7485977602672435e-15
NB,enron,pr,1.0,0.5717934683451925,4.804551076731292e-15
NB,enron,pr,1.0,0.5718978102189781,4.96606994867857e-15
NB,enron,pr,1.0,0.5720021901806899,4.967455287516492e-15
NB,enron,pr,1.0,0.5721066082511865,4.993740951453922e-15
NB,enron,pr,1.0,0.572211064451342,5.048940215012165e-15
NB,enron,pr,1.0,0.5723155588020453,5.130163217563136e-15
NB,enron,pr,1.0,0.5724200913242009,5.218589117639566e-15
NB,enron,pr,1.0,0.5725246620387285,5.244846894621633e-15
NB,enron,pr,1.0,0.5726292709665631,5.325099651428043e-15
NB,enron,pr,1.0,0.5727339181286549,5.680309947622486e-15
NB,enron,pr,1.0,0.5728386035459696,5.720262047460033e-15
NB,enron,pr,1.0,0.5729433272394882,6.0412566856576036e-15
NB,enron,pr,1.0,0.5730480892302067,6.2709004774818386e-15
NB,enron,pr,1.0,0.5731528895391368,6.464517058308794e-15
NB,enron,pr,1.0,0.5732577281873057,6.727021676678822e-15
NB,enron,pr,1.0,0.5733626051957555,6.768526450885389e-15
NB,enron,pr,1.0,0.5734675205855444,6.950035086232058e-15
NB,enron,pr,1.0,0.5735724743777453,6.966600944460266e-15
NB,enron,pr,1.0,0.5736774665934469,7.472184095757096e-15
NB,enron,pr,1.0,0.5737824972537532,7.876322392300432e-15
NB,enron,pr,1.0,0.5738875663797839,7.905675914345265e-15
NB,enron,pr,1.0,0.573992673992674,8.39335816935185e-15
NB,enron,pr,1.0,0.5740978201135739,8.434368538600298e-15
NB,enron,pr,1.0,0.5742030047636497,8.908072181035165e-15
NB,enron,pr,1.0,0.5743082279640829,9.058817263691742e-15
NB,enron,pr,1.0,0.5744134897360704,9.863125094913243e-15
NB,enron,pr,1.0,0.574518790100825,1.0010546911437353e-14
NB,enron,pr,1.0,0.5746241290795746,1.004130250545825e-14
NB,enron,pr,1.0,0.5747295066935632,1.0628773453592187e-14
NB,enron,pr,1.0,0.5748349229640499,1.0776190130308423e-14
NB,enron,pr,1.0,0.5749403779123097,1.097152701735558e-14
NB,enron,pr,1.0,0.575045871559633,1.117789130693238e-14
NB,enron,pr,1.0,0.5751514039273261,1.1505097209415374e-14
NB,enron,pr,1.0,0.5752569750367107,1.1690999136024069e-14
NB,enron,pr,1.0,0.5754682335659199,1.1811198806204816e-14
NB,enron,pr,1.0,0.5755739210284665,1.1890540582355926e-14
NB,enron,pr,1.0,0.5756796473181485,1.2079104832539131e-14
NB,enron,pr,1.0,0.5757854124563659,1.2098784476069863e-14
NB,enron,pr,1.0,0.5758912164645351,1.212205422002793e-14
NB,enron,pr,1.0,0.5759970593640875,1.2228340892798712e-14
NB,enron,pr,1.0,0.5761029411764705,1.235531112326876e-14
NB,enron,pr,1.0,0.5762088619231477,1.3196835455806883e-14
NB,enron,pr,1.0,0.5763148216255977,1.3206771636490876e-14
NB,enron,pr,1.0,0.5764208203053154,1.3490038635993922e-14
NB,enron,pr,1.0,0.5765268579838116,1.3827571240683445e-14
NB,enron,pr,1.0,0.5766329346826127,1.3918362839050903e-14
NB,enron,pr,1.0,0.5767390504232609,1.4050408196178683e-14
NB,enron,pr,1.0,0.5768452052273145,1.405677885134259e-14
NB,enron,pr,1.0,0.5769513991163475,1.5236651294664117e-14
NB,enron,pr,1.0,0.5770576321119499,1.5696981005292505e-14
NB,enron,pr,1.0,0.5771639042357274,1.5711481184417427e-14
NB,enron,pr,1.0,0.5772702155093019,1.604473060599247e-14
NB,enron,pr,1.0,0.577376565954311,1.7009223147517156e-14
NB,enron,pr,1.0,0.5774829555924084,1.7478485712275663e-14
NB,enron,pr,1.0,0.5775893844452635,1.7679501667331725e-14
NB,enron,pr,1.0,0.5776958525345622,1.876504603145484e-14
NB,enron,pr,1.0,0.5778023598820059,1.945117368209817e-14
NB,enron,pr,1.0,0.5779089065093121,2.0450330010892536e-14
NB,enron,pr,1.0,0.5780154924382147,2.093572770584517e-14
NB,enron,pr,1.0,0.5781221176904631,2.129069540509531e-14
NB,enron,pr,1.0,0.5782287822878229,2.154045367987894e-14
NB,enron,pr,1.0,0.578335486252076,2.2105856072647073e-14
NB,enron,pr,1.0,0.5784422296050203,2.224776467104568e-14
NB,enron,pr,1.0,0.5785490123684697,2.3297201628579075e-14
NB,enron,pr,1.0,0.5786558345642541,2.363030343038937e-14
NB,enron,pr,1.0,0.5787626962142197,2.4409012154662445e-14
NB,enron,pr,1.0,0.578869597340229,2.6168772678281448e-14
NB,enron,pr,1.0,0.5789765379641604,2.6432115608101215e-14
NB,enron,pr,1.0,0.5790835181079084,2.6537963268821643e-14
NB,enron,pr,1.0,0.5791905377933838,2.6635108054728268e-14
NB,enron,pr,1.0,0.5792975970425138,2.6809526042058644e-14
NB,enron,pr,1.0,0.5794046958772416,2.8348102192315433e-14
NB,enron,pr,1.0,0.5795118343195266,2.912315339640716e-14
NB,enron,pr,1.0,0.5796190123913445,2.9304520647168246e-14
NB,enron,pr,1.0,0.5797262301146874,3.136394402990971e-14
NB,enron,pr,1.0,0.5798334875115634,3.16557864095667e-14
NB,enron,pr,1.0,0.579940784603997,3.2393472623547146e-14
NB,enron,pr,1.0,0.5800481214140293,3.268466824663747e-14
NB,enron,pr,1.0,0.5801554979637171,3.2902488316142865e-14
NB,enron,pr,1.0,0.5802629142751342,3.3978586884532277e-14
NB,enron,pr,1.0,0.5803703703703704,3.4068667013229425e-14
NB,enron,pr,1.0,0.5804778662715318,3.433651548203093e-14
NB,enron,pr,1.0,0.580585402000741,3.5153371078775107e-14
NB,enron,pr,1.0,0.5806929775801372,3.546566860533569e-14
NB,enron,pr,1.0,0.5808005930318755,3.808438721219456e-14
NB,enron,pr,1.0,0.5809082483781279,3.8248324567784877e-14
NB,enron,pr,1.0,0.5810159436410827,4.025294987031331e-14
NB,enron,pr,1.0,0.5811236788429446,4.068304282714543e-14
NB,enron,pr,1.0,0.5812314540059347,4.3722691474935964e-14
NB,enron,pr,1.0,0.5813392691522908,4.404315244346801e-14
NB,enron,pr,1.0,0.5814471243042671,4.443079193824122e-14
NB,enron,pr,1.0,0.5815550194841344,4.5871331468275606e-14
NB,enron,pr,1.0,0.5816629547141796,4.610621159560383e-14
NB,enron,pr,1.0,0.5817709300167069,4.72026093898476e-14
NB,enron,pr,1.0,0.5818789454140364,4.7305515979037696e-14
NB,enron,pr,1.0,0.5819870009285051,4.768305777815513e-14
NB,enron,pr,1.0,0.5820950965824666,4.865365917009433e-14
NB,enron,pr,1.0,0.582203232398291,4.990803645411416e-14
NB,enron,pr,1.0,0.5823114083983649,5.02212244959958e-14
NB,enron,pr,1.0,0.582419624605092,5.0659825462386985e-14
NB,enron,pr,1.0,0.5825278810408921,5.188181109166243e-14
NB,enron,pr,1.0,0.5826361777282023,5.3125042541428346e-14
NB,enron,pr,1.0,0.5827445146894756,5.695587920430066e-14
NB,enron,pr,1.0,0.5828528919471825,5.772574083635674e-14
NB,enron,pr,1.0,0.5829613095238095,5.807465121067e-14
NB,enron,pr,1.0,0.5830697674418605,5.874403814724315e-14
NB,enron,pr,1.0,0.5831782657238556,5.87824588385057e-14
NB,enron,pr,1.0,0.583286804392332,5.950746578564436e-14
NB,enron,pr,1.0,0.5833953834698437,5.953665590026968e-14
NB,enron,pr,1.0,0.5835040029789611,6.320066974487162e-14
NB,enron,pr,1.0,0.5836126629422719,6.344894917667305e-14
NB,enron,pr,1.0,0.5837213633823803,6.407774125321236e-14
NB,enron,pr,1.0,0.5838301043219076,6.463233669573761e-14
NB,enron,pr,1.0,0.5839388857834917,7.113998551853027e-14
NB,enron,pr,1.0,0.5840477077897875,7.25268987074506e-14
NB,enron,pr,1.0,0.5841565703634669,7.325883149299289e-14
NB,enron,pr,1.0,0.5842654735272185,7.446348281822305e-14
NB,enron,pr,1.0,0.584374417303748,7.56215671222442e-14
NB,enron,pr,1.0,0.5844834017157777,7.60748513973959e-14
NB,enron,pr,1.0,0.5845924267860474,7.951569769544706e-14
NB,enron,pr,1.0,0.5847014925373134,7.987250553824432e-14
NB,enron,pr,1.0,0.5848105989923493,8.039224969692474e-14
NB,enron,pr,1.0,0.5849197461739455,8.35171424423806e-14
NB,enron,pr,1.0,0.5850289341049094,8.396063453119179e-14
NB,enron,pr,1.0,0.5851381628080657,8.44725945047102e-14
NB,enron,pr,1.0,0.5852474323062559,8.458365757002044e-14
NB,enron,pr,1.0,0.5853567426223384,8.573185671613568e-14
NB,enron,pr,1.0,0.5854660937791892,8.61860851158586e-14
NB,enron,pr,1.0,0.5855754857997011,8.945850152468213e-14
NB,enron,pr,1.0,0.5856849187067837,9.409630407454459e-14
NB,enron,pr,1.0,0.5857943925233645,9.514983832715002e-14
NB,enron,pr,1.0,0.5859039072723874,9.837529446637153e-14
NB,enron,pr,1.0,0.5860134629768138,9.939067449089605e-14
NB,enron,pr,1.0,0.5861230596596222,1.0009791775688423e-13
NB,enron,pr,1.0,0.5862326973438085,1.0023307214279086e-13
NB,enron,pr,1.0,0.5863423760523854,1.0135279106055565e-13
NB,enron,pr,1.0,0.5864520958083832,1.0197111091273095e-13
NB,enron,pr,1.0,0.5865618566348494,1.0265650052228938e-13
NB,enron,pr,1.0,0.5866716585548484,1.0662181505523894e-13
NB,enron,pr,1.0,0.5867815015914623,1.0856948607816052e-13
NB,enron,pr,1.0,0.5868913857677902,1.1456988928343691e-13
NB,enron,pr,1.0,0.5870013111069489,1.1486742588876432e-13
NB,enron,pr,1.0,0.5871112776320719,1.191409231330793e-13
NB,enron,pr,1.0,0.5872212853663107,1.2195643762386997e-13
NB,enron,pr,1.0,0.5873313343328336,1.2326809614707849e-13
NB,enron,pr,1.0,0.5874414245548266,1.2351219581508704e-13
NB,enron,pr,1.0,0.587551556055493,1.2564332153228503e-13
NB,enron,pr,1.0,0.5876617288580537,1.2789919730717552e-13
NB,enron,pr,1.0,0.5877719429857464,1.3001981846674517e-13
NB,enron,pr,1.0,0.5878821984618271,1.3354433455778516e-13
NB,enron,pr,1.0,0.5879924953095684,1.3814790276886711e-13
NB,enron,pr,1.0,0.5881028335522612,1.3830328393236285e-13
NB,enron,pr,1.0,0.5882132132132132,1.3958493042764143e-13
NB,enron,pr,1.0,0.58832363431575,1.4324996453503195e-13
NB,enron,pr,1.0,0.5884340968832145,1.4665735656353108e-13
NB,enron,pr,1.0,0.5885446009389671,1.4671602450337155e-13
NB,enron,pr,1.0,0.5886551465063862,1.5183841431833345e-13
NB,enron,pr,1.0,0.5887657336088672,1.529623043180211e-13
NB,enron,pr,1.0,0.5888763622698234,1.5574316366775825e-13
NB,enron,pr,1.0,0.5889870325126856,1.5662822417684742e-13
NB,enron,pr,1.0,0.5890977443609022,1.6052080222422822e-13
NB,enron,pr,1.0,0.5892084978379395,1.6081106919487106e-13
NB,enron,pr,1.0,0.5893192929672809,1.622749591476754e-13
NB,enron,pr,1.0,0.589430129772428,1.6265553363287276e-13
NB,enron,pr,1.0,0.5895410082768999,1.6317590674878979e-13
NB,enron,pr,1.0,0.5896519285042333,1.7014640331304854e-13
NB,enron,pr,1.0,0.5897628904779827,1.7241397595701456e-13
NB,enron,pr,1.0,0.5898738942217203,1.741148873315049e-13
NB,enron,pr,1.0,0.5899849397590361,1.7543041087905891e-13
NB,enron,pr,1.0,0.5900960271135379,1.9292171785887524e-13
NB,enron,pr,1.0,0.5902071563088512,1.9576811677232337e-13
NB,enron,pr,1.0,0.5903183273686193,2.0219856682118868e-13
NB,enron,pr,1.0,0.5904295403165034,2.0487705959548036e-13
NB,enron,pr,1.0,0.5905407951761824,2.0623711020178455e-13
NB,enron,pr,1.0,0.5906520919713532,2.0636926497085143e-13
NB,enron,pr,1.0,0.5907634307257305,2.0748106478718834e-13
NB,enron,pr,1.0,0.5908748114630468,2.1323814931275112e-13
NB,enron,pr,1.0,0.5909862342070527,2.1492881380426589e-13
NB,enron,pr,1.0,0.5910976989815164,2.1862431740014527e-13
NB,enron,pr,1.0,0.5912092058102245,2.192294120845515e-13
NB,enron,pr,1.0,0.5913207547169811,2.1939664457240298e-13
NB,enron,pr,1.0,0.5914323457256087,2.2729172169720314e-13
NB,enron,pr,1.0,0.5915439788599471,2.282599808335478e-13
NB,enron,pr,1.0,0.591655654143855,2.285407197435406e-13
NB,enron,pr,1.0,0.5917673716012085,2.3069168119134435e-13
NB,enron,pr,1.0,0.5918791312559017,2.340440052847918e-13
NB,enron,pr,1.0,0.5919909331318474,2.3433402350369113e-13
NB,enron,pr,1.0,0.5921027772529757,2.386015764785172e-13
NB,enron,pr,1.0,0.592214663643235,2.415010527548441e-13
NB,enron,pr,1.0,0.5923265923265923,2.460517676549899e-13
NB,enron,pr,1.0,0.5924385633270322,2.495029504044111e-13
NB,enron,pr,1.0,0.5925505766685574,2.6153863327495276e-13
NB,enron,pr,1.0,0.5926626323751891,2.6417078998905636e-13
NB,enron,pr,1.0,0.5927747304709665,2.641749225336997e-13
NB,enron,pr,1.0,0.5928868709799471,2.678971886022876e-13
NB,enron,pr,1.0,0.5929990539262062,2.7179801894546214e-13
NB,enron,pr,1.0,0.593111279333838,2.720319394587901e-13
NB,enron,pr,1.0,0.5932235472269544,2.721567392692807e-13
NB,enron,pr,1.0,0.5933358576296858,2.797997926529649e-13
NB,enron,pr,1.0,0.593560606060606,2.8854295705691473e-13
NB,enron,pr,1.0,0.5936730441371472,3.050508251206738e-13
NB,enron,pr,1.0,0.5937855248200076,3.18715121968893e-13
NB,enron,pr,1.0,0.5938980481334092,3.226191640207304e-13
NB,enron,pr,1.0,0.5940106141015921,3.305487353134536e-13
NB,enron,pr,1.0,0.5941232227488151,3.3316317929190984e-13
NB,enron,pr,1.0,0.5942358740993553,3.421073525925584e-13
NB,enron,pr,1.0,0.594348568177508,3.5516116661976576e-13
NB,enron,pr,1.0,0.5944613050075872,3.572014456061487e-13
NB,enron,pr,1.0,0.5945740846139252,3.719120808628569e-13
NB,enron,pr,1.0,0.5946869070208729,3.753475726423047e-13
NB,enron,pr,1.0,0.5947997722527993,3.854860594033435e-13
NB,enron,pr,1.0,0.5949126803340926,3.869748617306407e-13
NB,enron,pr,1.0,0.5950256312891589,3.991710222337969e-13
NB,enron,pr,1.0,0.5951386251424231,3.9928654618459584e-13
NB,enron,pr,1.0,0.5952516619183286,3.9929169526232085e-13
NB,enron,pr,1.0,0.5953647416413373,3.9948323430896634e-13
NB,enron,pr,1.0,0.5954778643359301,3.9970069934736934e-13
NB,enron,pr,1.0,0.5955910300266058,3.998211097526146e-13
NB,enron,pr,1.0,0.5958174904942966,4.0037281556945763e-13
NB,enron,pr,1.0,0.5959307853204031,4.0126087170948244e-13
NB,enron,pr,1.0,0.5960441232407759,4.025197470819219e-13
NB,enron,pr,1.0,0.5961575042800076,4.051951109143589e-13
NB,enron,pr,1.0,0.5962709284627092,4.142651041412395e-13
NB,enron,pr,1.0,0.596384395813511,4.195068761204773e-13
NB,enron,pr,1.0,0.5964979063570612,4.2261624851837677e-13
NB,enron,pr,1.0,0.5966114601180278,4.288839642752476e-13
NB,enron,pr,1.0,0.5967250571210967,4.4469519249415274e-13
NB,enron,pr,1.0,0.5968386973909732,4.462669963962627e-13
NB,enron,pr,1.0,0.5969523809523809,4.497383491098342e-13
NB,enron,pr,1.0,0.5970661078300629,4.5119887333084494e-13
NB,enron,pr,1.0,0.5971798780487805,4.512319216607298e-13
NB,enron,pr,1.0,0.5972936916333142,4.554088838029762e-13
NB,enron,pr,1.0,0.5974075486084636,4.636611761974189e-13
NB,enron,pr,1.0,0.5975214489990467,4.724003338067203e-13
NB,enron,pr,1.0,0.5976353928299009,4.816133901517808e-13
NB,enron,pr,1.0,0.5977493801258821,4.886735916847005e-13
NB,enron,pr,1.0,0.5978634109118657,5.032985008953458e-13
NB,enron,pr,1.0,0.5979774852127456,5.036495266572901e-13
NB,enron,pr,1.0,0.5980916030534351,5.037641287464392e-13
NB,enron,pr,1.0,0.5982057644588662,5.040584869246511e-13
NB,enron,pr,1.0,0.59831996945399,5.041735247680475e-13
NB,enron,pr,1.0,0.598434218063777,5.196559731485861e-13
NB,enron,pr,1.0,0.5985485103132162,5.296751648486386e-13
NB,enron,pr,1.0,0.5986628462273161,5.365177911730814e-13
NB,enron,pr,1.0,0.5987772258311043,5.502674797743857e-13
NB,enron,pr,1.0,0.5988916491496273,5.554377265125963e-13
NB,enron,pr,1.0,0.5990061162079511,5.633552165128193e-13
NB,enron,pr,1.0,0.5991206270311604,5.681754424308118e-13
NB,enron,pr,1.0,0.5992351816443595,5.759693821867187e-13
NB,enron,pr,1.0,0.5993497800726716,5.810935098093639e-13
NB,enron,pr,1.0,0.5994644223412395,5.846669679704622e-13
NB,enron,pr,1.0,0.5995791084752248,6.016353785453599e-13
NB,enron,pr,1.0,0.5996938384998086,6.28556825698532e-13
NB,enron,pr,1.0,0.5998086124401913,6.482203812955384e-13
NB,enron,pr,1.0,0.5999234303215927,6.631170938189442e-13
NB,enron,pr,1.0,0.6000382921692514,6.930714702183871e-13
NB,enron,pr,1.0,0.6001531980084259,6.984788308056246e-13
NB,enron,pr,1.0,0.6002681478643938,7.130469272343974e-13
NB,enron,pr,1.0,0.6003831417624521,7.226780062089323e-13
NB,enron,pr,1.0,0.6004981797279172,7.354659348265104e-13
NB,enron,pr,1.0,0.600613261786125,7.38657647132644e-13
NB,enron,pr,1.0,0.6007283879624306,7.475926046605933e-13
NB,enron,pr,1.0,0.6008435582822086,7.550474037670254e-13
NB,enron,pr,1.0,0.6009587727708533,7.693307176614811e-13
NB,enron,pr,1.0,0.6010740314537782,7.784326441634805e-13
NB,enron,pr,1.0,0.6011893343564166,7.919383019854047e-13
NB,enron,pr,1.0,0.601304681504221,8.041220600819643e-13
NB,enron,pr,1.0,0.6014200729226636,8.125485033946196e-13
NB,enron,pr,1.0,0.601535508637236,8.276202907951019e-13
NB,enron,pr,1.0,0.6016509886734498,8.328148582489326e-13
NB,enron,pr,1.0,0.6017665130568356,8.40722591319777e-13
NB,enron,pr,1.0,0.6018820818129441,8.497438945011336e-13
NB,enron,pr,1.0,0.6019976949673453,8.58827506110037e-13
NB,enron,pr,1.0,0.6021133525456293,8.609665412623881e-13
NB,enron,pr,1.0,0.602229054573405,8.662790435167548e-13
NB,enron,pr,1.0,0.6023448010763022,8.710133683618827e-13
NB,enron,pr,1.0,0.6024605920799693,8.76024328643942e-13
NB,enron,pr,1.0,0.602576427610075,8.762694855912473e-13
NB,enron,pr,1.0,0.6026923076923076,9.036419142942081e-13
NB,enron,pr,1.0,0.6028082323523755,9.051708820041592e-13
NB,enron,pr,1.0,0.6029242016160061,9.133512210219172e-13
NB,enron,pr,1.0,0.6030402155089475,9.44563852730747e-13
NB,enron,pr,1.0,0.6031562740569669,9.542225709261177e-13
NB,enron,pr,1.0,0.6032723772858518,9.651744923892941e-13
NB,enron,pr,1.0,0.6033885252214093,9.91395531152098e-13
NB,enron,pr,1.0,0.6035047178894666,9.93804326872624e-13
NB,enron,pr,1.0,0.6036209553158706,1.0127680231724697e-12
NB,enron,pr,1.0,0.6037372375264881,1.0148310882889874e-12
NB,enron,pr,1.0,0.6038535645472062,1.0149715852717874e-12
NB,enron,pr,1.0,0.6039699364039314,1.0440711131238122e-12
NB,enron,pr,1.0,0.6040863531225906,1.0442089495138034e-12
NB,enron,pr,1.0,0.6042028147291305,1.057619479104554e-12
NB,enron,pr,1.0,0.6043193212495179,1.0664225164290964e-12
NB,enron,pr,1.0,0.6044358727097396,1.0665990983694608e-12
NB,enron,pr,1.0,0.6045524691358025,1.0766488857896044e-12
NB,enron,pr,1.0,0.6046691105537334,1.078735022227542e-12
NB,enron,pr,1.0,0.6047857969895793,1.0875507398861739e-12
NB,enron,pr,1.0,0.6049025284694074,1.0892003751699259e-12
NB,enron,pr,1.0,0.605019305019305,1.0908608542592099e-12
NB,enron,pr,1.0,0.6051361266653794,1.0975273184335304e-12
NB,enron,pr,1.0,0.6052529934337582,1.1125856505520479e-12
NB,enron,pr,1.0,0.6053699053505891,1.1140573087132795e-12
NB,enron,pr,1.0,0.6054868624420402,1.1148703526894365e-12
NB,enron,pr,1.0,0.6056038647342995,1.117549543669139e-12
NB,enron,pr,1.0,0.6057209122535756,1.1289595507610548e-12
NB,enron,pr,1.0,0.6058380050260971,1.1469708248859401e-12
NB,enron,pr,1.0,0.6059551430781129,1.151679977194983e-12
NB,enron,pr,1.0,0.6060723264358925,1.1639195556688223e-12
NB,enron,pr,1.0,0.6061895551257254,1.2435612201199477e-12
NB,enron,pr,1.0,0.6063068291739214,1.2614367575920037e-12
NB,enron,pr,1.0,0.6064241486068112,1.2678826834257324e-12
NB,enron,pr,1.0,0.6065415134507451,1.268392642080911e-12
NB,enron,pr,1.0,0.6066589237320945,1.2733637056660843e-12
NB,enron,pr,1.0,0.6067763794772507,1.278575087910863e-12
NB,enron,pr,1.0,0.6068938807126258,1.2790426207685362e-12
NB,enron,pr,1.0,0.6070114274646523,1.279696740205617e-12
NB,enron,pr,1.0,0.6071290197597831,1.281891233374874e-12
NB,enron,pr,1.0,0.6072466576244914,1.3060479670797294e-12
NB,enron,pr,1.0,0.6073643410852713,1.3498291009572752e-12
NB,enron,pr,1.0,0.6074820701686373,1.354691184135812e-12
NB,enron,pr,1.0,0.6075998449011245,1.3572879985400361e-12
NB,enron,pr,1.0,0.6077176653092884,1.3829403822555875e-12
NB,enron,pr,1.0,0.6078355314197051,1.384826153330792e-12
NB,enron,pr,1.0,0.6079534432589718,1.3857304134017388e-12
NB,enron,pr,1.0,0.6080714008537058,1.423167860996872e-12
NB,enron,pr,1.0,0.6081894042305453,1.4410970941158387e-12
NB,enron,pr,1.0,0.6083074534161491,1.4609140851044603e-12
NB,enron,pr,1.0,0.6084255484371967,1.5439833798326432e-12
NB,enron,pr,1.0,0.6085436893203884,1.574670991635035e-12
NB,enron,pr,1.0,0.6086618760924452,1.5821909994800551e-12
NB,enron,pr,1.0,0.6087801087801088,1.6061982029540546e-12
NB,enron,pr,1.0,0.6088983874101418,1.6084465052855012e-12
NB,enron,pr,1.0,0.6090167120093276,1.6148239090520495e-12
NB,enron,pr,1.0,0.6091350826044704,1.6487104607104741e-12
NB,enron,pr,1.0,0.609253499222395,1.6606536077650022e-12
NB,enron,pr,1.0,0.6093719618899475,1.6696039139123682e-12
NB,enron,pr,1.0,0.6094904706339945,1.6840875883619072e-12
NB,enron,pr,1.0,0.6096090254814238,1.690382765521337e-12
NB,enron,pr,1.0,0.609727626459144,1.7015644850233185e-12
NB,enron,pr,1.0,0.6098462735940845,1.7095854796412658e-12
NB,enron,pr,1.0,0.6099649669131958,1.7205634247470318e-12
NB,enron,pr,1.0,0.6100837064434494,1.7639463807286356e-12
NB,enron,pr,1.0,0.610202492211838,1.7684667723028665e-12
NB,enron,pr,1.0,0.6103213242453749,1.796033762992083e-12
NB,enron,pr,1.0,0.6104402025710947,1.8012866145610263e-12
NB,enron,pr,1.0,0.610559127216053,1.817407673528704e-12
NB,enron,pr,1.0,0.6106780982073265,1.8286518133033213e-12
NB,enron,pr,1.0,0.6107971155720132,1.847086475658374e-12
NB,enron,pr,1.0,0.610916179337232,1.8475228622472893e-12
NB,enron,pr,1.0,0.6110352895301229,1.8527510100417072e-12
NB,enron,pr,1.0,0.6111544461778471,1.893477559212935e-12
NB,enron,pr,1.0,0.6112736493075873,1.9666621605807706e-12
NB,enron,pr,1.0,0.611392898946547,2.0058530837048886e-12
NB,enron,pr,1.0,0.6115121951219512,2.03631984812931e-12
NB,enron,pr,1.0,0.6116315378610461,2.0393091375486506e-12
NB,enron,pr,1.0,0.6117509271910989,2.056793777980814e-12
NB,enron,pr,1.0,0.6118703631393987,2.1085305032957012e-12
NB,enron,pr,1.0,0.6119898457332552,2.124790441422679e-12
NB,enron,pr,1.0,0.612109375,2.1673685442237415e-12
NB,enron,pr,1.0,0.6122289509669857,2.176077889571592e-12
NB,enron,pr,1.0,0.6123485736615866,2.1810076279649486e-12
NB,enron,pr,1.0,0.612468243111198,2.18539675754115e-12
NB,enron,pr,1.0,0.612587959343237,2.2135405725720603e-12
NB,enron,pr,1.0,0.6127077223851417,2.235793248910915e-12
NB,enron,pr,1.0,0.6128275322643724,2.2743844852949053e-12
NB,enron,pr,1.0,0.61294738900841,2.2878889009768066e-12
NB,enron,pr,1.0,0.6130672926447575,2.2983691146887182e-12
NB,enron,pr,1.0,0.6131872432009392,2.35808352821984e-12
NB,enron,pr,1.0,0.6133072407045009,2.3793492055891127e-12
NB,enron,pr,1.0,0.6134272851830104,2.466184229142266e-12
NB,enron,pr,1.0,0.6135473766640563,2.474835023609706e-12
NB,enron,pr,1.0,0.6136675151752496,2.496530057382795e-12
NB,enron,pr,1.0,0.6137877007442225,2.5021475987392083e-12
NB,enron,pr,1.0,0.6139079333986288,2.5078736492454634e-12
NB,enron,pr,1.0,0.6140282131661442,2.5165400047142414e-12
NB,enron,pr,1.0,0.614148540074466,2.5329833835689323e-12
NB,enron,pr,1.0,0.6142689141513132,2.576485897872889e-12
NB,enron,pr,1.0,0.6143893354244265,2.6073462450435193e-12
NB,enron,pr,1.0,0.6145098039215686,2.6506049132353535e-12
NB,enron,pr,1.0,0.6146303196705236,2.6662867765889216e-12
NB,enron,pr,1.0,0.6147508826990977,2.694756040354854e-12
NB,enron,pr,1.0,0.6148714930351187,2.7334535668565166e-12
NB,enron,pr,1.0,0.6149921507064364,2.780433662535804e-12
NB,enron,pr,1.0,0.6151128557409224,2.793184748573719e-12
NB,enron,pr,1.0,0.6152336081664703,2.8087288267133964e-12
NB,enron,pr,1.0,0.6153544080109955,2.8112594365239507e-12
NB,enron,pr,1.0,0.6154752553024352,2.812878474617495e-12
NB,enron,pr,1.0,0.6155961500687488,2.9548829831956915e-12
NB,enron,pr,1.0,0.6157170923379175,2.956742615829326e-12
NB,enron,pr,1.0,0.6158380821379446,2.9798412120502672e-12
NB,enron,pr,1.0,0.6159591194968553,3.0374144467540147e-12
NB,enron,pr,1.0,0.6160802044426971,3.052189230927414e-12
NB,enron,pr,1.0,0.6162013370035391,3.0528144537075062e-12
NB,enron,pr,1.0,0.616322517207473,3.095309070634379e-12
NB,enron,pr,1.0,0.6164437450826121,3.1053187235936863e-12
NB,enron,pr,1.0,0.6165650206570923,3.108250192604725e-12
NB,enron,pr,1.0,0.6166863439590712,3.1307818538719565e-12
NB,enron,pr,1.0,0.616807715016729,3.1461391596286663e-12
NB,enron,pr,1.0,0.6169291338582678,3.2921101891258016e-12
NB,enron,pr,1.0,0.6170506005119117,3.42668486134793e-12
NB,enron,pr,1.0,0.6171721150059079,3.460751199503563e-12
NB,enron,pr,1.0,0.6172936773685247,3.5128318572247873e-12
NB,enron,pr,1.0,0.6174152876280535,3.515380876841244e-12
NB,enron,pr,1.0,0.6175369458128079,3.5635767726929935e-12
NB,enron,pr,1.0,0.6176586519511233,3.578755558889949e-12
NB,enron,pr,1.0,0.6177804060713582,3.597677982329133e-12
NB,enron,pr,1.0,0.6179022082018928,3.614729920259731e-12
NB,enron,pr,1.0,0.61802405837113,3.682576936421812e-12
NB,enron,pr,1.0,0.618145956607495,3.830365983085719e-12
NB,enron,pr,1.0,0.6183898973954223,3.897762078970204e-12
NB,enron,pr,1.0,0.6185119400039472,3.9127741296433716e-12
NB,enron,pr,1.0,0.6186340307935254,3.993400239624029e-12
NB,enron,pr,1.0,0.618756169792695,4.1900848468927455e-12
NB,enron,pr,1.0,0.6188783570300158,4.256271835063178e-12
NB,enron,pr,1.0,0.6190005925340707,4.3046169675553585e-12
NB,enron,pr,1.0,0.6191228763334651,4.340506113912714e-12
NB,enron,pr,1.0,0.6192452084568267,4.481420957384841e-12
NB,enron,pr,1.0,0.6193675889328063,4.510850512526766e-12
NB,enron,pr,1.0,0.6194900177900771,4.744144233726928e-12
NB,enron,pr,1.0,0.619612495057335,4.889461721018126e-12
NB,enron,pr,1.0,0.6197350207632984,4.980486856330292e-12
NB,enron,pr,1.0,0.6198575949367089,5.0673659410429076e-12
NB,enron,pr,1.0,0.6199802176063304,5.266459269751967e-12
NB,enron,pr,1.0,0.6201028888009498,5.334332120318189e-12
NB,enron,pr,1.0,0.6202256085493766,5.451531817408271e-12
NB,enron,pr,1.0,0.6203483768804434,5.462699629188028e-12
NB,enron,pr,1.0,0.6204711938230053,5.722830544986126e-12
NB,enron,pr,1.0,0.6205940594059406,5.7623530496625815e-12
NB,enron,pr,1.0,0.6207169736581502,5.7815341517930395e-12
NB,enron,pr,1.0,0.6208399366085579,5.8436161293265895e-12
NB,enron,pr,1.0,0.6209629482861105,5.9173069176966085e-12
NB,enron,pr,1.0,0.621086008719778,5.943137123138388e-12
NB,enron,pr,1.0,0.621209117938553,5.995895512072725e-12
NB,enron,pr,1.0,0.6213322759714512,6.037001941096295e-12
NB,enron,pr,1.0,0.6214554828475114,6.058551922246179e-12
NB,enron,pr,1.0,0.6215787385957953,6.062506608801019e-12
NB,enron,pr,1.0,0.6217020432453878,6.08948465731658e-12
NB,enron,pr,1.0,0.6218253968253968,6.232138613374007e-12
NB,enron,pr,1.0,0.6219487993649534,6.265536901637708e-12
NB,enron,pr,1.0,0.6220722508932116,6.417054811661061e-12
NB,enron,pr,1.0,0.6221957514393488,6.4341316214392156e-12
NB,enron,pr,1.0,0.6223193010325655,6.507787560461924e-12
NB,enron,pr,1.0,0.6224428997020854,6.601418352384548e-12
NB,enron,pr,1.0,0.6225665474771553,6.670150368184048e-12
NB,enron,pr,1.0,0.6226902443870455,6.8270581549123085e-12
NB,enron,pr,1.0,0.6228139904610492,6.963383520502746e-12
NB,enron,pr,1.0,0.6229377857284834,7.042887835373798e-12
NB,enron,pr,1.0,0.6230616302186879,7.084260218223931e-12
NB,enron,pr,1.0,0.623185523961026,7.11456956785566e-12
NB,enron,pr,1.0,0.6234334593196738,7.144796664632492e-12
NB,enron,pr,1.0,0.6235575009948269,7.217192072594634e-12
NB,enron,pr,1.0,0.623681592039801,7.267917126605186e-12
NB,enron,pr,1.0,0.6238057324840764,7.279002960574581e-12
NB,enron,pr,1.0,0.623929922357157,7.324378613749888e-12
NB,enron,pr,1.0,0.6240541616885703,7.459165686682692e-12
NB,enron,pr,1.0,0.6241784505078669,7.465478271985708e-12
NB,enron,pr,1.0,0.6243027888446215,7.526313278912662e-12
NB,enron,pr,1.0,0.624427176728432,7.618521647719437e-12
NB,enron,pr,1.0,0.6245516141889199,7.730339536780931e-12
NB,enron,pr,1.0,0.6246761012557305,7.820866732711946e-12
NB,enron,pr,1.0,0.6248006379585327,7.86288113992077e-12
NB,enron,pr,1.0,0.6249252243270189,8.183481782696071e-12
NB,enron,pr,1.0,0.6250498603909055,8.192371082649717e-12
NB,enron,pr,1.0,0.6251745461799322,8.278876504862166e-12
NB,enron,pr,1.0,0.6252992817238627,8.314735441067616e-12
NB,enron,pr,1.0,0.6254240670524845,8.615370101834239e-12
NB,enron,pr,1.0,0.6255489021956088,9.115614745286373e-12
NB,enron,pr,1.0,0.6256737871830704,9.26955243373043e-12
NB,enron,pr,1.0,0.6257987220447284,9.376740875774846e-12
NB,enron,pr,1.0,0.6259237068104654,9.522040030903177e-12
NB,enron,pr,1.0,0.6260487415101877,1.0104444955912228e-11
NB,enron,pr,1.0,0.6261738261738262,1.0302142580208677e-11
NB,enron,pr,1.0,0.626298960831335,1.0342471702801685e-11
NB,enron,pr,1.0,0.6264241455126924,1.0442912113315033e-11
NB,enron,pr,1.0,0.6265493802479009,1.0480406986784952e-11
NB,enron,pr,1.0,0.6266746650669867,1.0682329782443884e-11
NB,enron,pr,1.0,0.6268,1.0710609056601595e-11
NB,enron,pr,1.0,0.6269253850770155,1.0726813350288344e-11
NB,enron,pr,1.0,0.6270508203281312,1.0764379280286434e-11
NB,enron,pr,1.0,0.6271763057834701,1.1041811939156181e-11
NB,enron,pr,1.0,0.6273018414731786,1.1064061432632775e-11
NB,enron,pr,1.0,0.6274274274274274,1.124542180745061e-11
NB,enron,pr,1.0,0.6275530636764117,1.1473886449678884e-11
NB,enron,pr,1.0,0.6276787502503505,1.1625552482631814e-11
NB,enron,pr,1.0,0.6278044871794872,1.1685984664154858e-11
NB,enron,pr,1.0,0.6279302744940893,1.1706317639633418e-11
NB,enron,pr,1.0,0.6280561122244489,1.200113301529681e-11
NB,enron,pr,1.0,0.6281820004008819,1.2137137640622344e-11
NB,enron,pr,1.0,0.628307939053729,1.2284050590095508e-11
NB,enron,pr,1.0,0.6284339282133548,1.2415487396180457e-11
NB,enron,pr,1.0,0.6285599679101485,1.2672230606447958e-11
NB,enron,pr,1.0,0.6286860581745236,1.268016440332743e-11
NB,enron,pr,1.0,0.6288121990369181,1.2782083798804318e-11
NB,enron,pr,1.0,0.6289383905277945,1.3522633711847791e-11
NB,enron,pr,1.0,0.6290646326776395,1.3622644334827642e-11
NB,enron,pr,1.0,0.6291909255169644,1.376610905045199e-11
NB,enron,pr,1.0,0.6293172690763053,1.4407014853289063e-11
NB,enron,pr,1.0,0.6294436633862222,1.4439378152457087e-11
NB,enron,pr,1.0,0.6295701084773001,1.526715593671474e-11
NB,enron,pr,1.0,0.6296966043801487,1.5567679193511604e-11
NB,enron,pr,1.0,0.6298231511254019,1.616413922350554e-11
NB,enron,pr,1.0,0.6299497487437186,1.648611125426406e-11
NB,enron,pr,1.0,0.630076397265782,1.6557819403963187e-11
NB,enron,pr,1.0,0.6302030967223005,1.6712285227914593e-11
NB,enron,pr,1.0,0.6303298471440064,1.6745149619488875e-11
NB,enron,pr,1.0,0.6305835010060362,1.708186175762186e-11
NB,enron,pr,1.0,0.6307104045079492,1.7104190554072612e-11
NB,enron,pr,1.0,0.6308373590982287,1.7168561244905603e-11
NB,enron,pr,1.0,0.630964364807731,1.747409591446613e-11
NB,enron,pr,1.0,0.6310914216673379,1.7869179510442587e-11
NB,enron,pr,1.0,0.6312185297079557,1.803177994052714e-11
NB,enron,pr,1.0,0.6313456889605157,1.813788032432091e-11
NB,enron,pr,1.0,0.6314728994559742,1.8839238065826515e-11
NB,enron,pr,1.0,0.6316001612253124,1.9398663909897668e-11
NB,enron,pr,1.0,0.6317274742995364,1.9907860500354952e-11
NB,enron,pr,1.0,0.6318548387096774,2.0184233792650267e-11
NB,enron,pr,1.0,0.6319822544867917,2.0269565714961923e-11
NB,enron,pr,1.0,0.6321097216619604,2.0750213583841582e-11
NB,enron,pr,1.0,0.6322372402662901,2.081765650758812e-11
NB,enron,pr,1.0,0.6323648103309121,2.15156973738103e-11
NB,enron,pr,1.0,0.6326201049656843,2.1551951921741588e-11
NB,enron,pr,1.0,0.6327478295982233,2.1741722221969584e-11
NB,enron,pr,1.0,0.632875605815832,2.1989041912964595e-11
NB,enron,pr,1.0,0.6330034336497677,2.2104118371758444e-11
NB,enron,pr,1.0,0.6331313131313131,2.3803268496506934e-11
NB,enron,pr,1.0,0.6332592442917762,2.4221508229684507e-11
NB,enron,pr,1.0,0.6333872271624899,2.4236588301899985e-11
NB,enron,pr,1.0,0.633515261774813,2.4350686741146414e-11
NB,enron,pr,1.0,0.6336433481601293,2.4954480911975918e-11
NB,enron,pr,1.0,0.6337714863498484,2.5232141425529012e-11
NB,enron,pr,1.0,0.6338996763754046,2.5425607342747948e-11
NB,enron,pr,1.0,0.6340279182682581,2.5552436442243015e-11
NB,enron,pr,1.0,0.6341562120598948,2.567027478927851e-11
NB,enron,pr,1.0,0.6342845577818256,2.667282888232826e-11
NB,enron,pr,1.0,0.6344129554655871,2.72992709166414e-11
NB,enron,pr,1.0,0.6345414051427415,2.754842474750087e-11
NB,enron,pr,1.0,0.6346699068448765,2.7549975564162452e-11
NB,enron,pr,1.0,0.6347984606036055,2.7795571009387682e-11
NB,enron,pr,1.0,0.6349270664505673,2.8738152615665772e-11
NB,enron,pr,1.0,0.6350557244174265,3.0061756320732746e-11
NB,enron,pr,1.0,0.6351844345358735,3.123687009899399e-11
NB,enron,pr,1.0,0.6353131968376242,3.125860439202026e-11
NB,enron,pr,1.0,0.6354420113544201,3.128955696855731e-11
NB,enron,pr,1.0,0.6355708781180288,3.186721947318938e-11
NB,enron,pr,1.0,0.6356997971602434,3.226185522827139e-11
NB,enron,pr,1.0,0.635828768512883,3.2532781238882063e-11
NB,enron,pr,1.0,0.6359577922077922,3.294881509365293e-11
NB,enron,pr,1.0,0.6360868682768419,3.3048669822424704e-11
NB,enron,pr,1.0,0.6362159967519285,3.314139378378019e-11
NB,enron,pr,1.0,0.6363451776649747,3.3483497014114286e-11
NB,enron,pr,1.0,0.6364744110479286,3.363496513972361e-11
NB,enron,pr,1.0,0.6366036969327645,3.4185713778394735e-11
NB,enron,pr,1.0,0.6367330353514832,3.466548803948014e-11
NB,enron,pr,1.0,0.6368624263361106,3.475019209302221e-11
NB,enron,pr,1.0,0.6369918699186992,3.599599589717496e-11
NB,enron,pr,1.0,0.6371213661313275,3.605702748164587e-11
NB,enron,pr,1.0,0.6372509150061001,3.6064768799601586e-11
NB,enron,pr,1.0,0.6373805165751475,3.625765998993725e-11
NB,enron,pr,1.0,0.6375101708706266,3.7056230104662433e-11
NB,enron,pr,1.0,0.6376398779247202,3.732198062908516e-11
NB,enron,pr,1.0,0.6377696377696378,3.747489469899156e-11
NB,enron,pr,1.0,0.6378994504376145,3.760184691822341e-11
NB,enron,pr,1.0,0.6380293159609121,3.7724130409721414e-11
NB,enron,pr,1.0,0.6381592343718183,3.801551293061819e-11
NB,enron,pr,1.0,0.6382892057026477,3.8541383925489174e-11
NB,enron,pr,1.0,0.6384192299857405,3.910235509865836e-11
NB,enron,pr,1.0,0.6385493072534637,3.930319401543024e-11
NB,enron,pr,1.0,0.6386794375382108,3.9862965943451314e-11
NB,enron,pr,1.0,0.6388096208724011,4.028721782752934e-11
NB,enron,pr,1.0,0.6389398572884811,4.0684155108256316e-11
NB,enron,pr,1.0,0.6390701468189234,4.088936268000919e-11
NB,enron,pr,1.0,0.6392004894962268,4.1023591053408095e-11
NB,enron,pr,1.0,0.6393308853529172,4.1081643747813874e-11
NB,enron,pr,1.0,0.6394613344215466,4.130723696569709e-11
NB,enron,pr,1.0,0.6395918367346939,4.2035427704196266e-11
NB,enron,pr,1.0,0.6397223923249643,4.255713127650224e-11
NB,enron,pr,1.0,0.6398530012249898,4.3429237993878086e-11
NB,enron,pr,1.0,0.6399836634674291,4.4126365054218796e-11
NB,enron,pr,1.0,0.6401143790849673,4.43000806517142e-11
NB,enron,pr,1.0,0.6402451481103166,4.559875558036492e-11
NB,enron,pr,1.0,0.6403759705762158,4.583107763323739e-11
NB,enron,pr,1.0,0.6405068465154302,4.590296706478756e-11
NB,enron,pr,1.0,0.6406377759607522,4.6094981120400997e-11
NB,enron,pr,1.0,0.6407687589450011,4.670278524023427e-11
NB,enron,pr,1.0,0.6408997955010225,4.705076130627725e-11
NB,enron,pr,1.0,0.6410308856616895,4.720376596559609e-11
NB,enron,pr,1.0,0.6411620294599017,4.7602409707710074e-11
NB,enron,pr,1.0,0.641293226928586,4.7670479835562085e-11
NB,enron,pr,1.0,0.6414244781006959,4.777986070621487e-11
NB,enron,pr,1.0,0.6415557830092119,4.7965654588008417e-11
NB,enron,pr,1.0,0.6416871416871417,4.9002451091442314e-11
NB,enron,pr,1.0,0.64181855416752,4.908916130626274e-11
NB,enron,pr,1.0,0.6419500204834084,4.935665139139423e-11
NB,enron,pr,1.0,0.6420815406678959,4.988018751026426e-11
NB,enron,pr,1.0,0.6422131147540984,4.995194554625422e-11
NB,enron,pr,1.0,0.6423447427751589,5.057225251517396e-11
NB,enron,pr,1.0,0.6424764247642476,5.1634050244551094e-11
NB,enron,pr,1.0,0.6426081607545623,5.316196610914969e-11
NB,enron,pr,1.0,0.6427399507793273,5.331866660884401e-11
NB,enron,pr,1.0,0.6428717948717949,5.369074890850294e-11
NB,enron,pr,1.0,0.6430036930652442,5.600479649678439e-11
NB,enron,pr,1.0,0.6431356453929817,5.6384969705786994e-11
NB,enron,pr,1.0,0.6432676518883416,5.7466030401009954e-11
NB,enron,pr,1.0,0.6433997125846849,5.7909144992946684e-11
NB,enron,pr,1.0,0.6435318275154004,5.80311279117678e-11
NB,enron,pr,1.0,0.6436639967139043,5.844634481821763e-11
NB,enron,pr,1.0,0.6437962202136401,5.963183050441734e-11
NB,enron,pr,1.0,0.643928498048079,5.972733765288611e-11
NB,enron,pr,1.0,0.6440608302507193,6.060234076338065e-11
NB,enron,pr,1.0,0.6441932168550873,6.067901909771884e-11
NB,enron,pr,1.0,0.6443256578947368,6.231247667844693e-11
NB,enron,pr,1.0,0.644458153403249,6.233563317897967e-11
NB,enron,pr,1.0,0.6445907034142329,6.251460084069136e-11
NB,enron,pr,1.0,0.6447233079613248,6.274918285990036e-11
NB,enron,pr,1.0,0.6448559670781893,6.322025017159719e-11
NB,enron,pr,1.0,0.6449886807985182,6.534211084189974e-11
NB,enron,pr,1.0,0.6451214491560313,6.6665831522748e-11
NB,enron,pr,1.0,0.6452542721844761,6.709592381210214e-11
NB,enron,pr,1.0,0.6453871499176277,6.892950437684794e-11
NB,enron,pr,1.0,0.6455200823892894,6.969210855722981e-11
NB,enron,pr,1.0,0.6456530696332922,7.00098547730157e-11
NB,enron,pr,1.0,0.6457861116834948,7.145786341858715e-11
NB,enron,pr,1.0,0.645919208573784,7.336360316970062e-11
NB,enron,pr,1.0,0.6460523603380747,7.379625656367346e-11
NB,enron,pr,1.0,0.6461855670103093,7.41073240221284e-11
NB,enron,pr,1.0,0.6463188286244587,7.535189475099592e-11
NB,enron,pr,1.0,0.6464521452145214,7.601286107375767e-11
NB,enron,pr,1.0,0.6465855168145245,7.74157302661402e-11
NB,enron,pr,1.0,0.6467189434585225,7.938270238369287e-11
NB,enron,pr,1.0,0.6468524251805986,7.985514154964419e-11
NB,enron,pr,1.0,0.6469859620148638,7.992555615037662e-11
NB,enron,pr,1.0,0.6471195539954574,8.02279298218385e-11
NB,enron,pr,1.0,0.6472532011565468,8.08704044143506e-11
NB,enron,pr,1.0,0.6473869035323281,8.135850024248682e-11
NB,enron,pr,1.0,0.6475206611570248,8.16727533939966e-11
NB,enron,pr,1.0,0.6476544740648894,8.326459199021602e-11
NB,enron,pr,1.0,0.6477883422902025,8.36823487542814e-11
NB,enron,pr,1.0,0.6479222658672731,8.476211845315819e-11
NB,enron,pr,1.0,0.6480562448304383,8.61507916499739e-11
NB,enron,pr,1.0,0.6481902792140641,8.652592861823443e-11
NB,enron,pr,1.0,0.6483243690525444,8.742243247392153e-11
NB,enron,pr,1.0,0.6484585143803021,8.783866670929867e-11
NB,enron,pr,1.0,0.6485927152317881,8.813838572110183e-11
NB,enron,pr,1.0,0.6487269716414821,8.873383494720377e-11
NB,enron,pr,1.0,0.6488612836438924,8.889776416089498e-11
NB,enron,pr,1.0,0.6489956512735556,9.215482425700986e-11
NB,enron,pr,1.0,0.6491300745650372,9.267123794257131e-11
NB,enron,pr,1.0,0.6492645535529314,9.351334273335039e-11
NB,enron,pr,1.0,0.6493990882718608,9.380853428231507e-11
NB,enron,pr,1.0,0.6495336787564767,9.546675019685214e-11
NB,enron,pr,1.0,0.6496683250414593,9.636056667949528e-11
NB,enron,pr,1.0,0.6498030271615177,9.788026067989459e-11
NB,enron,pr,1.0,0.6499377851513894,9.894826148645627e-11
NB,enron,pr,1.0,0.6500725990458411,9.985839642181474e-11
NB,enron,pr,1.0,0.6502074688796681,1.008118224893663e-10
NB,enron,pr,1.0,0.6503423946876945,1.0233916349053854e-10
NB,enron,pr,1.0,0.6504773765047738,1.0384541021368921e-10
NB,enron,pr,1.0,0.6506124143657879,1.1077363891989589e-10
NB,enron,pr,1.0,0.6507475083056479,1.1171649613153699e-10
NB,enron,pr,1.0,0.6508826583592938,1.1325525302387873e-10
NB,enron,pr,1.0,0.6510178645616951,1.1366757667542298e-10
NB,enron,pr,1.0,0.6511531269478495,1.1542297733414653e-10
NB,enron,pr,1.0,0.6512884455527848,1.1843249210232665e-10
NB,enron,pr,1.0,0.6514238204115569,1.1892438788759576e-10
NB,enron,pr,1.0,0.6515592515592515,1.1924537052461591e-10
NB,enron,pr,1.0,0.6516947390309836,1.2006499468151105e-10
NB,enron,pr,1.0,0.6518302828618968,1.2107431760885925e-10
NB,enron,pr,1.0,0.6519658830871645,1.227553120490718e-10
NB,enron,pr,1.0,0.6521015397419891,1.2648113769728424e-10
NB,enron,pr,1.0,0.6522372528616025,1.2688293638406448e-10
NB,enron,pr,1.0,0.6523730224812656,1.28266422383875e-10
NB,enron,pr,1.0,0.652508848636269,1.301153677307305e-10
NB,enron,pr,1.0,0.6526447313619326,1.3017068427090711e-10
NB,enron,pr,1.0,0.6527806706936055,1.3289551684570664e-10
NB,enron,pr,1.0,0.6529166666666667,1.3297513608135407e-10
NB,enron,pr,1.0,0.6530527193165243,1.340296664905415e-10
NB,enron,pr,1.0,0.653188828678616,1.360045355551958e-10
NB,enron,pr,1.0,0.6533249947884094,1.4032438254332022e-10
NB,enron,pr,1.0,0.6534612176814012,1.4577039074793848e-10
NB,enron,pr,1.0,0.6535974973931178,1.4881977469936564e-10
NB,enron,pr,1.0,0.6537338339591156,1.495969935053767e-10
NB,enron,pr,1.0,0.6538702274149801,1.4987002080060845e-10
NB,enron,pr,1.0,0.6540066777963273,1.5303253225205907e-10
NB,enron,pr,1.0,0.6541431851388019,1.5781078344655282e-10
NB,enron,pr,1.0,0.6542797494780793,1.5806671924314253e-10
NB,enron,pr,1.0,0.6544163708498643,1.61008290238957e-10
NB,enron,pr,1.0,0.6545530492898914,1.661437652634866e-10
NB,enron,pr,1.0,0.6546897848339253,1.6632172061638406e-10
NB,enron,pr,1.0,0.6548265775177602,1.7262705509932205e-10
NB,enron,pr,1.0,0.6549634273772205,1.7379912994286112e-10
NB,enron,pr,1.0,0.6551003344481605,1.8213722096406055e-10
NB,enron,pr,1.0,0.6552372987664645,1.840750871970389e-10
NB,enron,pr,1.0,0.6553743203680469,1.8935360888412583e-10
NB,enron,pr,1.0,0.6555113992888517,1.9024989609074237e-10
NB,enron,pr,1.0,0.6556485355648536,1.9321672124125753e-10
NB,enron,pr,1.0,0.6557857292320569,1.954557673378343e-10
NB,enron,pr,1.0,0.6559229803264964,1.9760063564809586e-10
NB,enron,pr,1.0,0.656060288884237,1.9801718920255472e-10
NB,enron,pr,1.0,0.6561976549413735,2.0753628510480118e-10
NB,enron,pr,1.0,0.6563350785340314,2.086056793591689e-10
NB,enron,pr,1.0,0.6564725596983662,2.0887225465077545e-10
NB,enron,pr,1.0,0.6566100984705636,2.1261212248721822e-10
NB,enron,pr,1.0,0.6567476948868399,2.1269925052602136e-10
NB,enron,pr,1.0,0.6568853489834416,2.128179016195233e-10
NB,enron,pr,1.0,0.6570230607966457,2.1301846998292633e-10
NB,enron,pr,1.0,0.6571608303627595,2.139786457962303e-10
NB,enron,pr,1.0,0.6572986577181208,2.1456743125898003e-10
NB,enron,pr,1.0,0.6574365428990979,2.221891580530293e-10
NB,enron,pr,1.0,0.6575744859420898,2.2288029127671722e-10
NB,enron,pr,1.0,0.6577124868835257,2.2496728531299085e-10
NB,enron,pr,1.0,0.6578505457598657,2.3273196307729854e-10
NB,enron,pr,1.0,0.6579886626076002,2.3388286849769405e-10
NB,enron,pr,1.0,0.6581268374632507,2.356622335501655e-10
NB,enron,pr,1.0,0.658265070363369,2.3834226135319336e-10
NB,enron,pr,1.0,0.6584033613445378,2.4040722867940084e-10
NB,enron,pr,1.0,0.6585417104433705,2.433923300418885e-10
NB,enron,pr,1.0,0.6586801176965111,2.443838260336303e-10
NB,enron,pr,1.0,0.6588185831406349,2.471431970028474e-10
NB,enron,pr,1.0,0.6589571068124475,2.543273219784992e-10
NB,enron,pr,1.0,0.6590956887486856,2.5445172962032197e-10
NB,enron,pr,1.0,0.659234328986117,2.5530606230398994e-10
NB,enron,pr,1.0,0.65937302756154,2.583070465125356e-10
NB,enron,pr,1.0,0.6595117845117845,2.5980506993893496e-10
NB,enron,pr,1.0,0.6596505998737108,2.612952028135026e-10
NB,enron,pr,1.0,0.6597894736842105,2.6174116756678775e-10
NB,enron,pr,1.0,0.6599284059802064,2.657407255563651e-10
NB,enron,pr,1.0,0.6600673967986521,2.6642259455226246e-10
NB,enron,pr,1.0,0.6602064461765326,2.6691206728811197e-10
NB,enron,pr,1.0,0.6603455541508639,2.6917646822340163e-10
NB,enron,pr,1.0,0.6604847207586934,2.707121440630975e-10
NB,enron,pr,1.0,0.6606239460370995,2.740728358326529e-10
NB,enron,pr,1.0,0.660763230023192,2.755571595718284e-10
NB,enron,pr,1.0,0.6609025727541122,2.756274158124837e-10
NB,enron,pr,1.0,0.6610419742670323,2.774451521029869e-10
NB,enron,pr,1.0,0.6611814345991561,2.8062366473553443e-10
NB,enron,pr,1.0,0.6613209537877189,2.8370729882550224e-10
NB,enron,pr,1.0,0.6614605318699873,2.843380084476019e-10
NB,enron,pr,1.0,0.6616001688832595,2.847175811370082e-10
NB,enron,pr,1.0,0.6617398648648649,2.8957125657933043e-10
NB,enron,pr,1.0,0.6618796198521647,2.9663173263774837e-10
NB,enron,pr,1.0,0.6620194338825518,2.9707221824606815e-10
NB,enron,pr,1.0,0.6621593069934503,2.9709972191172527e-10
NB,enron,pr,1.0,0.6622992392223161,2.977036297458122e-10
NB,enron,pr,1.0,0.6624392306066371,2.979078468209017e-10
NB,enron,pr,1.0,0.6625792811839324,3.003458969148618e-10
NB,enron,pr,1.0,0.662719390991753,3.0219652842973906e-10
NB,enron,pr,1.0,0.6628595600676819,3.0844094909226876e-10
NB,enron,pr,1.0,0.6629997884493336,3.093632612089572e-10
NB,enron,pr,1.0,0.6631400761743547,3.103103370644367e-10
NB,enron,pr,1.0,0.6632804232804232,3.12594969697739e-10
NB,enron,pr,1.0,0.6634208298052497,3.133584525647312e-10
NB,enron,pr,1.0,0.6635612957865763,3.193052628694004e-10
NB,enron,pr,1.0,0.663701821262177,3.2018755874207573e-10
NB,enron,pr,1.0,0.6638424062698581,3.2078454793978923e-10
NB,enron,pr,1.0,0.6639830508474577,3.261449744220375e-10
NB,enron,pr,1.0,0.6641237550328459,3.296351945952016e-10
NB,enron,pr,1.0,0.6642645188639253,3.3440458751058597e-10
NB,enron,pr,1.0,0.6644053423786305,3.344616696463896e-10
NB,enron,pr,1.0,0.6645462256149279,3.377386497392285e-10
NB,enron,pr,1.0,0.6646871686108166,3.432171864734524e-10
NB,enron,pr,1.0,0.6648281714043275,3.487218239775036e-10
NB,enron,pr,1.0,0.6649692340335243,3.487932655656972e-10
NB,enron,pr,1.0,0.6651103565365025,3.5469815894772813e-10
NB,enron,pr,1.0,0.6652515389513903,3.55940263322457e-10
NB,enron,pr,1.0,0.6653927813163482,3.5752430009955165e-10
NB,enron,pr,1.0,0.6655340836695689,3.613912638607801e-10
NB,enron,pr,1.0,0.6656754460492779,3.6510785871362747e-10
NB,enron,pr,1.0,0.6658168684937328,3.6513279633940466e-10
NB,enron,pr,1.0,0.6659583510412239,3.655145351239642e-10
NB,enron,pr,1.0,0.6660998937300744,3.765237495971345e-10
NB,enron,pr,1.0,0.6662414965986394,3.7839789224428236e-10
NB,enron,pr,1.0,0.6663831596853073,3.8323238153833765e-10
NB,enron,pr,1.0,0.6665248830284985,3.8792927894762156e-10
NB,enron,pr,1.0,0.6666666666666666,3.927506858153122e-10
NB,enron,pr,1.0,0.6668085106382978,3.946627495280252e-10
NB,enron,pr,1.0,0.6669504149819111,3.976366178998864e-10
NB,enron,pr,1.0,0.667092379736058,4.021064490322633e-10
NB,enron,pr,1.0,0.667234404939323,4.0529392045298064e-10
NB,enron,pr,1.0,0.6673764906303237,4.0731836522353403e-10
NB,enron,pr,1.0,0.6675186368477103,4.09657098777703e-10
NB,enron,pr,1.0,0.6676608436301662,4.112183169145164e-10
NB,enron,pr,1.0,0.6678031110164074,4.1921550758618914e-10
NB,enron,pr,1.0,0.6679454390451833,4.265590398739131e-10
NB,enron,pr,1.0,0.6680878277552761,4.3561128920356173e-10
NB,enron,pr,1.0,0.6682302771855011,4.3722704241802196e-10
NB,enron,pr,1.0,0.6683727873747067,4.431190262669636e-10
NB,enron,pr,1.0,0.6685153583617748,4.440166268940671e-10
NB,enron,pr,1.0,0.6686579901856198,4.4422900130351693e-10
NB,enron,pr,1.0,0.6688006828851899,4.4941251559956345e-10
NB,enron,pr,1.0,0.6689434364994664,4.5057752317560213e-10
NB,enron,pr,1.0,0.6690862510674637,4.5860557179527816e-10
NB,enron,pr,1.0,0.6692291266282298,4.876575346625282e-10
NB,enron,pr,1.0,0.6693720632208457,4.891005101766287e-10
NB,enron,pr,1.0,0.6695150608844264,4.895349710848962e-10
NB,enron,pr,1.0,0.6696581196581196,4.98181891640778e-10
NB,enron,pr,1.0,0.669801239581107,4.988501533881997e-10
NB,enron,pr,1.0,0.6699444206926036,5.048933738922719e-10
NB,enron,pr,1.0,0.6700876630318581,5.0727687408816e-10
NB,enron,pr,1.0,0.6702309666381523,5.254884792937978e-10
NB,enron,pr,1.0,0.6703743315508022,5.299074687418623e-10
NB,enron,pr,1.0,0.670517757809157,5.319431660770412e-10
NB,enron,pr,1.0,0.6706612454526001,5.398045530555381e-10
NB,enron,pr,1.0,0.670804794520548,5.442606943075928e-10
NB,enron,pr,1.0,0.6709484050524513,5.528586332061469e-10
NB,enron,pr,1.0,0.6710920770877944,5.528710376815909e-10
NB,enron,pr,1.0,0.6712358106660955,5.697436947625424e-10
NB,enron,pr,1.0,0.6713796058269066,5.762963895749621e-10
NB,enron,pr,1.0,0.6715234626098135,5.768925582968895e-10
NB,enron,pr,1.0,0.6716673810544364,6.038713583211365e-10
NB,enron,pr,1.0,0.6718113612004287,6.065858971697849e-10
NB,enron,pr,1.0,0.6720995067553077,6.081263011824855e-10
NB,enron,pr,1.0,0.6722436722436722,6.081330789655803e-10
NB,enron,pr,1.0,0.6723878995923621,6.30543842916497e-10
NB,enron,pr,1.0,0.6725321888412017,6.31490895161069e-10
NB,enron,pr,1.0,0.6726765400300494,6.365515364535921e-10
NB,enron,pr,1.0,0.6728209531987978,6.532953922818664e-10
NB,enron,pr,1.0,0.6729654283873738,6.57255302934593e-10
NB,enron,pr,1.0,0.6731099656357389,6.657356239259339e-10
NB,enron,pr,1.0,0.6732545649838882,6.704394727481541e-10
NB,enron,pr,1.0,0.6735439501396948,6.711979579984703e-10
NB,enron,pr,1.0,0.673688736027515,6.861818297568874e-10
NB,enron,pr,1.0,0.6738335841754461,6.888728735638708e-10
NB,enron,pr,1.0,0.6739784946236559,6.897338593026846e-10
NB,enron,pr,1.0,0.6741234674123467,6.938389339722044e-10
NB,enron,pr,1.0,0.6742685025817556,7.061051373917279e-10
NB,enron,pr,1.0,0.6744136001721541,7.193163681243309e-10
NB,enron,pr,1.0,0.6745587602238484,7.338734690655497e-10
NB,enron,pr,1.0,0.6748492678725236,7.42440932269268e-10
NB,enron,pr,1.0,0.6749946155502907,7.47056347967299e-10
NB,enron,pr,1.0,0.6751400258509264,7.479034398251293e-10
NB,enron,pr,1.0,0.6752854988149106,7.559728295588359e-10
NB,enron,pr,1.0,0.6754310344827587,7.622504783303648e-10
NB,enron,pr,1.0,0.6755766328950205,7.655229024500507e-10
NB,enron,pr,1.0,0.6757222940922811,7.67011690880275e-10
NB,enron,pr,1.0,0.6758680181151606,7.673482173259293e-10
NB,enron,pr,1.0,0.6760138050043141,7.758271521329983e-10
NB,enron,pr,1.0,0.6761596548004315,7.840047557950089e-10
NB,enron,pr,1.0,0.6763055675442382,7.862247336263743e-10
NB,enron,pr,1.0,0.6764515432764947,7.88546060717901e-10
NB,enron,pr,1.0,0.6765975820379966,7.957435073077831e-10
NB,enron,pr,1.0,0.6767436838695746,8.078220269022224e-10
NB,enron,pr,1.0,0.676889848812095,8.098100563629304e-10
NB,enron,pr,1.0,0.6770360769064593,8.183777042510088e-10
NB,enron,pr,1.0,0.6771823681936041,8.217305261815929e-10
NB,enron,pr,1.0,0.6773287227145018,8.508392537087604e-10
NB,enron,pr,1.0,0.67747514051016,8.523903071120566e-10
NB,enron,pr,1.0,0.6776216216216217,8.873312021757531e-10
NB,enron,pr,1.0,0.6777681660899654,8.918266701720426e-10
NB,enron,pr,1.0,0.6779147739563054,8.921808024282958e-10
NB,enron,pr,1.0,0.6780614452617915,9.2411625467783e-10
NB,enron,pr,1.0,0.6782081800476087,9.286932684158102e-10
NB,enron,pr,1.0,0.6783549783549784,9.398781431297314e-10
NB,enron,pr,1.0,0.6785018402251569,9.402073165558049e-10
NB,enron,pr,1.0,0.678648765699437,9.544373831292102e-10
NB,enron,pr,1.0,0.6787957548191467,9.615734984867658e-10
NB,enron,pr,1.0,0.67894280762565,9.77902415280833e-10
NB,enron,pr,1.0,0.6790899241603467,9.780016759388205e-10
NB,enron,pr,1.0,0.6792371044646728,9.975867297966492e-10
NB,enron,pr,1.0,0.6793843485800998,1.0175331321039498e-09
NB,enron,pr,1.0,0.6795316565481353,1.0222947059302247e-09
NB,enron,pr,1.0,0.6796790284103231,1.0231289054415165e-09
NB,enron,pr,1.0,0.679826464208243,1.0506383967472962e-09
NB,enron,pr,1.0,0.6799739639835105,1.0886766125996806e-09
NB,enron,pr,1.0,0.6801215277777778,1.0945916956449472e-09
NB,enron,pr,1.0,0.6802691556327328,1.0984972349317006e-09
NB,enron,pr,1.0,0.6804168475900999,1.142239219604947e-09
NB,enron,pr,1.0,0.6805646036916395,1.1469315272224738e-09
NB,enron,pr,1.0,0.6807124239791486,1.1521152273843724e-09
NB,enron,pr,1.0,0.6808603084944601,1.156459475808222e-09
NB,enron,pr,1.0,0.6810082572794437,1.1664450057937598e-09
NB,enron,pr,1.0,0.6811562703760052,1.19912740159937e-09
NB,enron,pr,1.0,0.681304347826087,1.1999443386317754e-09
NB,enron,pr,1.0,0.6814524896716677,1.2084696394442472e-09
NB,enron,pr,1.0,0.6816006959547629,1.2128558776085174e-09
NB,enron,pr,1.0,0.6817489667174244,1.2160376281613662e-09
NB,enron,pr,1.0,0.6818973020017406,1.2283906910945652e-09
NB,enron,pr,1.0,0.6820457018498368,1.2284771152370494e-09
NB,enron,pr,1.0,0.6821941663038746,1.2483754174073583e-09
NB,enron,pr,1.0,0.6823426954060526,1.2604661558242665e-09
NB,enron,pr,1.0,0.6824912891986062,1.262489078745144e-09
NB,enron,pr,1.0,0.6826399477238074,1.2781601886233443e-09
NB,enron,pr,1.0,0.6827886710239651,1.2832695859960278e-09
NB,enron,pr,1.0,0.6829374591414251,1.3282690551674745e-09
NB,enron,pr,1.0,0.6830863121185702,1.3367790092138024e-09
NB,enron,pr,1.0,0.6832352299978199,1.3498068219432853e-09
NB,enron,pr,1.0,0.6833842128216311,1.3732543619529087e-09
NB,enron,pr,1.0,0.6835332606324973,1.3876476946804897e-09
NB,enron,pr,1.0,0.6836823734729494,1.390189563786236e-09
NB,enron,pr,1.0,0.6838315513855553,1.436530998407674e-09
NB,enron,pr,1.0,0.6839807944129201,1.439481993177809e-09
NB,enron,pr,1.0,0.6841301025976861,1.4477623262882483e-09
NB,enron,pr,1.0,0.6842794759825328,1.448377562420156e-09
NB,enron,pr,1.0,0.6844289146101769,1.4557882793385959e-09
NB,enron,pr,1.0,0.6845784185233726,1.4558392591894364e-09
NB,enron,pr,1.0,0.6847279877649115,1.470377538705347e-09
NB,enron,pr,1.0,0.6848776223776224,1.4727240928654654e-09
NB,enron,pr,1.0,0.6850273224043716,1.4841998718952041e-09
NB,enron,pr,1.0,0.685177087888063,1.5167810750950645e-09
NB,enron,pr,1.0,0.6853269188716379,1.5179547190820045e-09
NB,enron,pr,1.0,0.6854768153980753,1.520711311218843e-09
NB,enron,pr,1.0,0.6856267775103916,1.527702426475208e-09
NB,enron,pr,1.0,0.6857768052516411,1.542689953861426e-09
NB,enron,pr,1.0,0.6859268986649157,1.5444088215053636e-09
NB,enron,pr,1.0,0.686077057793345,1.6052689711684062e-09
NB,enron,pr,1.0,0.6862272826800964,1.6105095855113628e-09
NB,enron,pr,1.0,0.6863775733683749,1.620368189828984e-09
NB,enron,pr,1.0,0.6865279299014239,1.6323700185343242e-09
NB,enron,pr,1.0,0.686678352322524,1.643079195793605e-09
NB,enron,pr,1.0,0.6868288406749945,1.6565228245818743e-09
NB,enron,pr,1.0,0.6869793950021921,1.6634881010703014e-09
NB,enron,pr,1.0,0.6871300153475115,1.6679233498810977e-09
NB,enron,pr,1.0,0.6872807017543859,1.6828919275533828e-09
NB,enron,pr,1.0,0.6874314542662865,1.7062903835164165e-09
NB,enron,pr,1.0,0.6875822729267222,1.766349221234528e-09
NB,enron,pr,1.0,0.6877331577792407,1.7774983153610508e-09
NB,enron,pr,1.0,0.6878841088674276,1.780971995232762e-09
NB,enron,pr,1.0,0.6880351262349067,1.8123800271607685e-09
NB,enron,pr,1.0,0.6881862099253404,1.8343309778560238e-09
NB,enron,pr,1.0,0.6883373599824292,1.8356550137513345e-09
NB,enron,pr,1.0,0.6884885764499121,1.8458616456550688e-09
NB,enron,pr,1.0,0.6886398593715667,1.8626315426124292e-09
NB,enron,pr,1.0,0.6887912087912088,1.8929784224384385e-09
NB,enron,pr,1.0,0.6889426247526929,1.9258126885644646e-09
NB,enron,pr,1.0,0.689094107299912,1.9729248987189344e-09
NB,enron,pr,1.0,0.6892456564767979,2.0420072308698382e-09
NB,enron,pr,1.0,0.6893972723273207,2.084042952972135e-09
NB,enron,pr,1.0,0.6895489548954895,2.10060648340431e-09
NB,enron,pr,1.0,0.6897007042253521,2.1264269717693025e-09
NB,enron,pr,1.0,0.689852520360995,2.1301222381539046e-09
NB,enron,pr,1.0,0.6900044033465433,2.1305380940215316e-09
NB,enron,pr,1.0,0.6901563532261616,2.1469892723298995e-09
NB,enron,pr,1.0,0.6903083700440529,2.202418980803249e-09
NB,enron,pr,1.0,0.6904604538444591,2.2090246983627185e-09
NB,enron,pr,1.0,0.6906126046716615,2.2438429980854033e-09
NB,enron,pr,1.0,0.6907648225699802,2.2553625673009655e-09
NB,enron,pr,1.0,0.6909171075837742,2.2910652390651415e-09
NB,enron,pr,1.0,0.6910694597574422,2.307225216033886e-09
NB,enron,pr,1.0,0.6912218791354212,2.3222585336109747e-09
NB,enron,pr,1.0,0.6913743657621884,2.344978128238879e-09
NB,enron,pr,1.0,0.6915269196822594,2.3596818194436244e-09
NB,enron,pr,1.0,0.6916795409401898,2.4365536921362303e-09
NB,enron,pr,1.0,0.691832229580574,2.4449516116917236e-09
NB,enron,pr,1.0,0.6919849856480459,2.4550476346014363e-09
NB,enron,pr,1.0,0.6921378091872792,2.4597797509032724e-09
NB,enron,pr,1.0,0.6922907002429866,2.480654455888258e-09
NB,enron,pr,1.0,0.6924436588599204,2.4934910194210445e-09
NB,enron,pr,1.0,0.692596685082873,2.4979457737306975e-09
NB,enron,pr,1.0,0.6927497789566756,2.559558395980526e-09
NB,enron,pr,1.0,0.6929029405261994,2.579534070596278e-09
NB,enron,pr,1.0,0.6930561698363555,2.6263649430060456e-09
NB,enron,pr,1.0,0.6932094669320946,2.670762559887894e-09
NB,enron,pr,1.0,0.6933628318584071,2.696361857934962e-09
NB,enron,pr,1.0,0.6935162646603231,2.7284155973359782e-09
NB,enron,pr,1.0,0.6936697653829128,2.7395419208450917e-09
NB,enron,pr,1.0,0.6938233340712863,2.7415391707361017e-09
NB,enron,pr,1.0,0.6939769707705934,2.7681484911015708e-09
NB,enron,pr,1.0,0.6941306755260244,2.7915940191421326e-09
NB,enron,pr,1.0,0.694284448382809,2.8180809483429915e-09
NB,enron,pr,1.0,0.6944382893862175,2.8246958007034822e-09
NB,enron,pr,1.0,0.6945921985815603,2.8843152655647622e-09
NB,enron,pr,1.0,0.6947461760141875,2.9004184075411208e-09
NB,enron,pr,1.0,0.6949002217294901,2.90861243432028e-09
NB,enron,pr,1.0,0.6950543357728987,2.9420033423734955e-09
NB,enron,pr,1.0,0.6952085181898846,3.012461318779018e-09
NB,enron,pr,1.0,0.6953627690259596,3.015032253585038e-09
NB,enron,pr,1.0,0.6955170883266756,3.05634492997764e-09
NB,enron,pr,1.0,0.6956714761376248,3.0827600447245694e-09
NB,enron,pr,1.0,0.6958259325044405,3.0964531448134185e-09
NB,enron,pr,1.0,0.6959804574727959,3.1778598326982614e-09
NB,enron,pr,1.0,0.6961350510884051,3.189930381276584e-09
NB,enron,pr,1.0,0.6962897133970228,3.2076493639940828e-09
NB,enron,pr,1.0,0.6964444444444444,3.242894390806999e-09
NB,enron,pr,1.0,0.6965992442765059,3.244408508501588e-09
NB,enron,pr,1.0,0.6967541129390841,3.2972259555250604e-09
NB,enron,pr,1.0,0.6969090504780965,3.3386339582784357e-09
NB,enron,pr,1.0,0.6972191323692992,3.418194386289751e-09
NB,enron,pr,1.0,0.6973742768135291,3.4217451756222257e-09
NB,enron,pr,1.0,0.6975294903182728,3.4791620902217955e-09
NB,enron,pr,1.0,0.6976847729296527,3.54169095667193e-09
NB,enron,pr,1.0,0.697840124693832,3.543053564541382e-09
NB,enron,pr,1.0,0.6979955456570156,3.585197215676668e-09
NB,enron,pr,1.0,0.6981510358654489,3.6093019051565287e-09
NB,enron,pr,1.0,0.698306595365419,3.6138103279120377e-09
NB,enron,pr,1.0,0.6984622242032539,3.630469072489173e-09
NB,enron,pr,1.0,0.6986179224253233,3.630892657904036e-09
NB,enron,pr,1.0,0.6989295272078502,3.631729931974463e-09
NB,enron,pr,1.0,0.6990854338612537,3.6344020827894275e-09
NB,enron,pr,1.0,0.6992414100847836,3.6692235473201087e-09
NB,enron,pr,1.0,0.6993974559250168,3.6848453902610343e-09
NB,enron,pr,1.0,0.6995535714285714,3.75380780373316e-09
NB,enron,pr,1.0,0.6997097566421077,3.758576689198419e-09
NB,enron,pr,1.0,0.699866011612327,3.925928287049822e-09
NB,enron,pr,1.0,0.7000223363859728,3.937797445485216e-09
NB,enron,pr,1.0,0.7001787310098302,3.955178404400872e-09
NB,enron,pr,1.0,0.7003351955307262,3.977793877967758e-09
NB,enron,pr,1.0,0.7004917299955298,4.010649745209726e-09
NB,enron,pr,1.0,0.7006483344511514,4.024130488383395e-09
NB,enron,pr,1.0,0.7008050089445438,4.084969675830115e-09
NB,enron,pr,1.0,0.7009617535227018,4.103396354118559e-09
NB,enron,pr,1.0,0.7011185682326622,4.147388809708884e-09
NB,enron,pr,1.0,0.7012754531215037,4.275846410961903e-09
NB,enron,pr,1.0,0.7014324082363473,4.297021933937512e-09
NB,enron,pr,1.0,0.7015894336243564,4.3539435313582655e-09
NB,enron,pr,1.0,0.7017465293327362,4.3697592108977784e-09
NB,enron,pr,1.0,0.7019036954087347,4.396442283253063e-09
NB,enron,pr,1.0,0.7020609318996416,4.448432472802296e-09
NB,enron,pr,1.0,0.7022182388527896,4.460571726846999e-09
NB,enron,pr,1.0,0.7023756163155536,4.656490807723715e-09
NB,enron,pr,1.0,0.7025330643353508,4.661746407502897e-09
NB,enron,pr,1.0,0.7026905829596413,4.7154132794267275e-09
NB,enron,pr,1.0,0.7028481722359273,4.760703981424518e-09
NB,enron,pr,1.0,0.7030058322117542,4.760711163540574e-09
NB,enron,pr,1.0,0.7031635629347095,4.775988087883544e-09
NB,enron,pr,1.0,0.7033213644524237,4.787959202581824e-09
NB,enron,pr,1.0,0.7034792368125702,4.864846454845079e-09
NB,enron,pr,1.0,0.7036371800628648,5.055243981539281e-09
NB,enron,pr,1.0,0.7037951942510667,5.158403517909543e-09
NB,enron,pr,1.0,0.7039532794249775,5.28209447848992e-09
NB,enron,pr,1.0,0.7041114356324422,5.3171793290534615e-09
NB,enron,pr,1.0,0.7042696629213483,5.35446521334179e-09
NB,enron,pr,1.0,0.7044279613396269,5.357423533375116e-09
NB,enron,pr,1.0,0.7045863309352518,5.757163192039788e-09
NB,enron,pr,1.0,0.7047447717562402,5.791952013023089e-09
NB,enron,pr,1.0,0.7049032838506523,5.835472777998839e-09
NB,enron,pr,1.0,0.7050618672665917,6.06959424454961e-09
NB,enron,pr,1.0,0.7052205220522052,6.1143287570490875e-09
NB,enron,pr,1.0,0.7053792482556831,6.225827711139815e-09
NB,enron,pr,1.0,0.7055380459252589,6.248775101532506e-09
NB,enron,pr,1.0,0.7056969151092096,6.305433352022269e-09
NB,enron,pr,1.0,0.7058558558558559,6.334299838098114e-09
NB,enron,pr,1.0,0.7060148682135616,6.4402108721370335e-09
NB,enron,pr,1.0,0.7061739522307345,6.444803770304486e-09
NB,enron,pr,1.0,0.706333107955826,6.507866055330968e-09
NB,enron,pr,1.0,0.7064923354373309,6.623451469803568e-09
NB,enron,pr,1.0,0.706651634723788,6.637038045003714e-09
NB,enron,pr,1.0,0.7068110058637799,6.637971360236025e-09
NB,enron,pr,1.0,0.7069704489059327,6.680683315838023e-09
NB,enron,pr,1.0,0.7071299638989169,6.797435835286998e-09
NB,enron,pr,1.0,0.7072895508914466,6.926886877258365e-09
NB,enron,pr,1.0,0.7074492099322799,6.9787866504014976e-09
NB,enron,pr,1.0,0.707608941070219,7.0808232443829066e-09
NB,enron,pr,1.0,0.7077687443541102,7.251288025151768e-09
NB,enron,pr,1.0,0.7079286198328439,7.302853969133306e-09
NB,enron,pr,1.0,0.7080885675553548,7.324919208859859e-09
NB,enron,pr,1.0,0.7082485875706215,7.3388508495806194e-09
NB,enron,pr,1.0,0.7084086799276673,7.4092756528560095e-09
NB,enron,pr,1.0,0.7085688446755596,7.423403213060804e-09
NB,enron,pr,1.0,0.7087290818634102,7.602258801238123e-09
NB,enron,pr,1.0,0.7088893915403754,7.762274752178987e-09
NB,enron,pr,1.0,0.7090497737556561,7.907443741117348e-09
NB,enron,pr,1.0,0.7092102285584974,7.917439376590316e-09
NB,enron,pr,1.0,0.7093707559981892,7.958754376437787e-09
NB,enron,pr,1.0,0.7095313561240661,8.025358010612096e-09
NB,enron,pr,1.0,0.7098527746319366,8.037525567734598e-09
NB,enron,pr,1.0,0.7100135931128229,8.037809065257054e-09
NB,enron,pr,1.0,0.7101744844776796,8.116975417903882e-09
NB,enron,pr,1.0,0.7103354487760652,8.197321308409835e-09
NB,enron,pr,1.0,0.7104964860575833,8.205011609461679e-09
NB,enron,pr,1.0,0.7106575963718821,8.227085139315091e-09
NB,enron,pr,1.0,0.710818779768655,8.235985740148396e-09
NB,enron,pr,1.0,0.7109800362976406,8.281042559676168e-09
NB,enron,pr,1.0,0.7111413660086227,8.321222436622672e-09
NB,enron,pr,1.0,0.7113027689514299,8.52246949598928e-09
NB,enron,pr,1.0,0.7114642451759364,8.632775091752782e-09
NB,enron,pr,1.0,0.7116257947320618,8.637230121917284e-09
NB,enron,pr,1.0,0.7117874176697706,8.69912066611556e-09
NB,enron,pr,1.0,0.7119491140390731,8.769819180445404e-09
NB,enron,pr,1.0,0.712110883890025,8.998467901997276e-09
NB,enron,pr,1.0,0.7122727272727273,9.026953019814697e-09
NB,enron,pr,1.0,0.7124346442373267,9.05090339900634e-09
NB,enron,pr,1.0,0.7125966348340155,9.304970759679541e-09
NB,enron,pr,1.0,0.7127586991130316,9.446454343377978e-09
NB,enron,pr,1.0,0.7129208371246588,9.581222210309926e-09
NB,enron,pr,1.0,0.7130830489192264,9.670792537224424e-09
NB,enron,pr,1.0,0.7132453345471097,9.716870032540308e-09
NB,enron,pr,1.0,0.7134076940587298,9.787532614173744e-09
NB,enron,pr,1.0,0.7135701275045537,9.984673569019047e-09
NB,enron,pr,1.0,0.7137326349350945,9.989206588314827e-09
NB,enron,pr,1.0,0.7138952164009111,9.99663023284554e-09
NB,enron,pr,1.0,0.7140578719526088,1.0168707236425015e-08
NB,enron,pr,1.0,0.7142206016408387,1.0194766487496007e-08
NB,enron,pr,1.0,0.7143834055162982,1.0371838951409667e-08
NB,enron,pr,1.0,0.7145462836297309,1.0425727593642901e-08
NB,enron,pr,1.0,0.714709236031927,1.060664409870125e-08
NB,enron,pr,1.0,0.7148722627737226,1.0690514903008882e-08
NB,enron,pr,1.0,0.7150353639060004,1.093280140128679e-08
NB,enron,pr,1.0,0.7151985394796896,1.0937090145258558e-08
NB,enron,pr,1.0,0.7153617895457658,1.1217424017599876e-08
NB,enron,pr,1.0,0.7155251141552511,1.123314818825606e-08
NB,enron,pr,1.0,0.7156885133592145,1.1273771352650592e-08
NB,enron,pr,1.0,0.7158519872087711,1.1383343789450558e-08
NB,enron,pr,1.0,0.7160155357550834,1.1403765812764911e-08
NB,enron,pr,1.0,0.7161791590493601,1.1425733602919733e-08
NB,enron,pr,1.0,0.7163428571428572,1.150407655997149e-08
NB,enron,pr,1.0,0.716506630086877,1.163183362473451e-08
NB,enron,pr,1.0,0.7166704779327693,1.1875166822749494e-08
NB,enron,pr,1.0,0.7168344007319305,1.192590219548401e-08
NB,enron,pr,1.0,0.7169983985358042,1.2156069758478745e-08
NB,enron,pr,1.0,0.717162471395881,1.2236219875582158e-08
NB,enron,pr,1.0,0.7173266193636988,1.2306959976285535e-08
NB,enron,pr,1.0,0.7174908424908425,1.2455026286279333e-08
NB,enron,pr,1.0,0.7176551408289443,1.2852844064431872e-08
NB,enron,pr,1.0,0.717819514429684,1.2970247436146222e-08
NB,enron,pr,1.0,0.7179839633447881,1.305887032736958e-08
NB,enron,pr,1.0,0.7181484876260311,1.3088023517046267e-08
NB,enron,pr,1.0,0.7183130873252349,1.3254935384926694e-08
NB,enron,pr,1.0,0.7184777624942686,1.3475662582885525e-08
NB,enron,pr,1.0,0.7186425131850493,1.3803211494178653e-08
NB,enron,pr,1.0,0.7188073394495413,1.3893208141004418e-08
NB,enron,pr,1.0,0.7189722413397568,1.3999780538285672e-08
NB,enron,pr,1.0,0.7191372189077558,1.4201755018208087e-08
NB,enron,pr,1.0,0.7193022722056461,1.4360213536006932e-08
NB,enron,pr,1.0,0.7194674012855831,1.451801002343558e-08
NB,enron,pr,1.0,0.7196326061997704,1.4588467679935397e-08
NB,enron,pr,1.0,0.7197978870004593,1.4672829902367549e-08
NB,enron,pr,1.0,0.7199632437399495,1.4699124814016681e-08
NB,enron,pr,1.0,0.7201286764705882,1.4850115473003296e-08
NB,enron,pr,1.0,0.7202941852447713,1.4924689186050045e-08
NB,enron,pr,1.0,0.7204597701149426,1.5017373918644876e-08
NB,enron,pr,1.0,0.7206254311335939,1.512417529846427e-08
NB,enron,pr,1.0,0.7207911683532658,1.5189392575299868e-08
NB,enron,pr,1.0,0.720956981826547,1.5436484668648654e-08
NB,enron,pr,1.0,0.7211228716060746,1.5625246532904815e-08
NB,enron,pr,1.0,0.7212888377445339,1.562645543013467e-08
NB,enron,pr,1.0,0.7214548802946593,1.5852133750114916e-08
NB,enron,pr,1.0,0.7216209993092333,1.5915250161162283e-08
NB,enron,pr,1.0,0.7217871948410871,1.608236208947302e-08
NB,enron,pr,1.0,0.7219534669431007,1.6471669210746595e-08
NB,enron,pr,1.0,0.7221198156682027,1.6527867589276713e-08
NB,enron,pr,1.0,0.7222862410693708,1.677084892736898e-08
NB,enron,pr,1.0,0.7224527431996312,1.695318758473729e-08
NB,enron,pr,1.0,0.722619322112059,1.7099038209168214e-08
NB,enron,pr,1.0,0.7227859778597786,1.71134624843317e-08
NB,enron,pr,1.0,0.7229527104959631,1.7378681038013896e-08
NB,enron,pr,1.0,0.7231195200738348,1.805538952169697e-08
NB,enron,pr,1.0,0.7232864066466651,1.9399345133183217e-08
NB,enron,pr,1.0,0.7234533702677747,1.963405702401859e-08
NB,enron,pr,1.0,0.7236204109905333,2.0120457204433954e-08
NB,enron,pr,1.0,0.7237875288683603,2.044434573749533e-08
NB,enron,pr,1.0,0.7239547239547239,2.0569349912762634e-08
NB,enron,pr,1.0,0.7241219963031423,2.084798826942648e-08
NB,enron,pr,1.0,0.7242893459671828,2.0952510234507628e-08
NB,enron,pr,1.0,0.7246242774566474,2.1111342147236805e-08
NB,enron,pr,1.0,0.7247918593894542,2.115358468203697e-08
NB,enron,pr,1.0,0.7249595188526486,2.119641662538514e-08
NB,enron,pr,1.0,0.7251272559000462,2.126130852777874e-08
NB,enron,pr,1.0,0.7252950705855126,2.1552039126536203e-08
NB,enron,pr,1.0,0.725462962962963,2.180228958237236e-08
NB,enron,pr,1.0,0.7256309330863626,2.1809519237746108e-08
NB,enron,pr,1.0,0.7257989810097267,2.1969455455374136e-08
NB,enron,pr,1.0,0.7259671067871207,2.2405807540638912e-08
NB,enron,pr,1.0,0.7261353104726599,2.2516922901267025e-08
NB,enron,pr,1.0,0.7263035921205099,2.2587178820868145e-08
NB,enron,pr,1.0,0.7264719517848864,2.2682178455457075e-08
NB,enron,pr,1.0,0.7266403895200556,2.2794995397635387e-08
NB,enron,pr,1.0,0.7268089053803339,2.308082903565599e-08
NB,enron,pr,1.0,0.7269774994200882,2.3144037569079083e-08
NB,enron,pr,1.0,0.7271461716937355,2.3191935708337777e-08
NB,enron,pr,1.0,0.7273149222557438,2.3331171571894028e-08
NB,enron,pr,1.0,0.7274837511606314,2.3487704249770686e-08
NB,enron,pr,1.0,0.7276526584629672,2.3589390877204065e-08
NB,enron,pr,1.0,0.727821644217371,2.3681614627511894e-08
NB,enron,pr,1.0,0.7279907084785133,2.4165296637872312e-08
NB,enron,pr,1.0,0.7281598513011153,2.4168701685314462e-08
NB,enron,pr,1.0,0.7283290727399488,2.4348980403093817e-08
NB,enron,pr,1.0,0.7284983728498373,2.4975814040683424e-08
NB,enron,pr,1.0,0.7288372093023255,2.5072400160859855e-08
NB,enron,pr,1.0,0.7290067457548267,2.5172922859556615e-08
NB,enron,pr,1.0,0.7291763610981852,2.5349987667341622e-08
NB,enron,pr,1.0,0.7293460553874797,2.563364149471731e-08
NB,enron,pr,1.0,0.7295158286778398,2.5747586156704404e-08
NB,enron,pr,1.0,0.7296856810244471,2.5763225785404583e-08
NB,enron,pr,1.0,0.7298556124825337,2.577846376790066e-08
NB,enron,pr,1.0,0.7300256231073841,2.5859778257665765e-08
NB,enron,pr,1.0,0.7301957129543336,2.6036389634307694e-08
NB,enron,pr,1.0,0.7303658820787695,2.6521987626566163e-08
NB,enron,pr,1.0,0.7305361305361305,2.668883324744832e-08
NB,enron,pr,1.0,0.7307064583819072,2.6908307503626686e-08
NB,enron,pr,1.0,0.7308768656716418,2.7450079209881585e-08
NB,enron,pr,1.0,0.7310473524609283,2.753504367900748e-08
NB,enron,pr,1.0,0.731217918805413,2.7583675909017604e-08
NB,enron,pr,1.0,0.7313885647607935,2.7829665283645983e-08
NB,enron,pr,1.0,0.7315592903828197,2.7864568993372665e-08
NB,enron,pr,1.0,0.731730095727294,2.8033429064711826e-08
NB,enron,pr,1.0,0.73190098085007,2.8033612122988006e-08
NB,enron,pr,1.0,0.7320719458070545,2.8102374520055164e-08
NB,enron,pr,1.0,0.7322429906542056,2.834564996323675e-08
NB,enron,pr,1.0,0.7324141154475344,2.836004472508232e-08
NB,enron,pr,1.0,0.7325853202431043,2.856921894138406e-08
NB,enron,pr,1.0,0.7327566050970307,2.9239605770081336e-08
NB,enron,pr,1.0,0.7329279700654817,2.962227001983759e-08
NB,enron,pr,1.0,0.7330994152046784,3.007350539420206e-08
NB,enron,pr,1.0,0.7332709405708938,3.0149659721439206e-08
NB,enron,pr,1.0,0.733442546220454,3.0493370956666254e-08
NB,enron,pr,1.0,0.7336142322097379,3.0983825137526554e-08
NB,enron,pr,1.0,0.7337859985951768,3.12878561917141e-08
NB,enron,pr,1.0,0.7339578454332553,3.1398000367695184e-08
NB,enron,pr,1.0,0.7341297727805106,3.1579306601402656e-08
NB,enron,pr,1.0,0.7343017806935332,3.1789723565863024e-08
NB,enron,pr,1.0,0.7344738692289665,3.340983796581896e-08
NB,enron,pr,1.0,0.7346460384435068,3.3977908315078884e-08
NB,enron,pr,1.0,0.7348182883939038,3.401602595417314e-08
NB,enron,pr,1.0,0.7349906191369606,3.429440799378444e-08
NB,enron,pr,1.0,0.7351630307295332,3.433176808018804e-08
NB,enron,pr,1.0,0.7353355232285312,3.444007565803881e-08
NB,enron,pr,1.0,0.7355080966909177,3.4903637150726614e-08
NB,enron,pr,1.0,0.7356807511737089,3.531450786575391e-08
NB,enron,pr,1.0,0.7358534867339751,3.657252456795355e-08
NB,enron,pr,1.0,0.7360263034288398,3.67817099304952e-08
NB,enron,pr,1.0,0.7361992013154803,3.722011523536421e-08
NB,enron,pr,1.0,0.7363721804511278,3.726966794236409e-08
NB,enron,pr,1.0,0.7365452408930669,3.7364629501373295e-08
NB,enron,pr,1.0,0.7367183826986365,3.775186939909154e-08
NB,enron,pr,1.0,0.7368916059252293,3.788615846489082e-08
NB,enron,pr,1.0,0.7370649106302917,3.8001930465003356e-08
NB,enron,pr,1.0,0.7372382968713244,3.935050215840343e-08
NB,enron,pr,1.0,0.7374117647058823,3.964370235561948e-08
NB,enron,pr,1.0,0.7375853141915745,3.99646028479386e-08
NB,enron,pr,1.0,0.737758945386064,3.999170814678411e-08
NB,enron,pr,1.0,0.7379326583470686,4.038570795667814e-08
NB,enron,pr,1.0,0.7381064531323599,4.0426477639794416e-08
NB,enron,pr,1.0,0.7382803297997644,4.049596228117475e-08
NB,enron,pr,1.0,0.7384542884071631,4.126095300917375e-08
NB,enron,pr,1.0,0.7386283290124912,4.169367938897058e-08
NB,enron,pr,1.0,0.7388024516737388,4.192116697517665e-08
NB,enron,pr,1.0,0.7389766564489507,4.210086114706015e-08
NB,enron,pr,1.0,0.7391509433962264,4.2310174839718615e-08
NB,enron,pr,1.0,0.7393253125737203,4.264511804133501e-08
NB,enron,pr,1.0,0.7394997640396413,4.2867269821479246e-08
NB,enron,pr,1.0,0.7396742978522539,4.305799807842613e-08
NB,enron,pr,1.0,0.7398489140698773,4.6107054206127117e-08
NB,enron,pr,1.0,0.7400236127508855,4.701180352991833e-08
NB,enron,pr,1.0,0.7401983939537081,4.7096936557577564e-08
NB,enron,pr,1.0,0.7403732577368297,4.85037586145895e-08
NB,enron,pr,1.0,0.7405482041587902,4.852693004264534e-08
NB,enron,pr,1.0,0.7407232332781848,5.086585441785606e-08
NB,enron,pr,1.0,0.7408983451536643,5.198378456570236e-08
NB,enron,pr,1.0,0.7410735398439348,5.318206261445093e-08
NB,enron,pr,1.0,0.7412488174077578,5.335136217203727e-08
NB,enron,pr,1.0,0.7414241779039508,5.3390463095811876e-08
NB,enron,pr,1.0,0.7415996213913867,5.366686877281489e-08
NB,enron,pr,1.0,0.7417751479289941,5.444694631261998e-08
NB,enron,pr,1.0,0.7419507575757576,5.450489759132324e-08
NB,enron,pr,1.0,0.7421264503907175,5.4567683013382556e-08
NB,enron,pr,1.0,0.7423022264329702,5.4793527611119765e-08
NB,enron,pr,1.0,0.7424780857616678,5.567750395760182e-08
NB,enron,pr,1.0,0.7426540284360189,5.583278430964835e-08
NB,enron,pr,1.0,0.7428300545152879,5.619917287460628e-08
NB,enron,pr,1.0,0.7430061640587956,5.662896999627705e-08
NB,enron,pr,1.0,0.7431823571259188,5.694543553607677e-08
NB,enron,pr,1.0,0.7433586337760911,5.7230929092721704e-08
NB,enron,pr,1.0,0.7435349940688019,5.826333275246905e-08
NB,enron,pr,1.0,0.7437114380635975,5.8551457370348145e-08
NB,enron,pr,1.0,0.7438879658200807,5.89738259018373e-08
NB,enron,pr,1.0,0.7440645773979108,5.9159746974850034e-08
NB,enron,pr,1.0,0.7442412728568036,5.95040016921646e-08
NB,enron,pr,1.0,0.744418052256532,5.966370260166153e-08
NB,enron,pr,1.0,0.7445949156569256,5.98446563995413e-08
NB,enron,pr,1.0,0.7447718631178707,5.993625436620094e-08
NB,enron,pr,1.0,0.7449488946993107,6.061756840910973e-08
NB,enron,pr,1.0,0.7451260104612458,6.34427692675292e-08
NB,enron,pr,1.0,0.7453032104637336,6.365197759827909e-08
NB,enron,pr,1.0,0.7454804947668887,6.366096307248142e-08
NB,enron,pr,1.0,0.7456578634308827,6.373129481622187e-08
NB,enron,pr,1.0,0.7461904761904762,6.488401396547495e-08
NB,enron,pr,1.0,0.7463681829006906,6.612756029085895e-08
NB,enron,pr,1.0,0.7465459742734636,6.671190500516208e-08
NB,enron,pr,1.0,0.7467238503693114,6.7109070460032e-08
NB,enron,pr,1.0,0.7469018112488084,6.759347981600641e-08
NB,enron,pr,1.0,0.7470798569725864,6.836640066532494e-08
NB,enron,pr,1.0,0.7472579876013352,6.838950749892075e-08
NB,enron,pr,1.0,0.7474362031958025,6.890851674232951e-08
NB,enron,pr,1.0,0.7476145038167938,6.980819894935921e-08
NB,enron,pr,1.0,0.747792889525173,7.047720524942106e-08
NB,enron,pr,1.0,0.7479713603818616,7.100033310029838e-08
NB,enron,pr,1.0,0.7481499164478396,7.105122400709055e-08
NB,enron,pr,1.0,0.7483285577841452,7.155145307294591e-08
NB,enron,pr,1.0,0.7485072844518749,7.380028812866098e-08
NB,enron,pr,1.0,0.7486860965121834,7.398821540635573e-08
NB,enron,pr,1.0,0.7488649940262844,7.413361925916457e-08
NB,enron,pr,1.0,0.7490439770554493,7.655095767823408e-08
NB,enron,pr,1.0,0.7492230456610088,7.699914277467821e-08
NB,enron,pr,1.0,0.749402199904352,7.736782778433021e-08
NB,enron,pr,1.0,0.7495814398469266,7.797261928709194e-08
NB,enron,pr,1.0,0.7497607655502392,7.806932117005652e-08
NB,enron,pr,1.0,0.7499401770758555,7.840109641573582e-08
NB,enron,pr,1.0,0.7501196744853997,7.934555483982868e-08
NB,enron,pr,1.0,0.7502992578405554,8.158210191664818e-08
NB,enron,pr,1.0,0.7504789272030651,8.225558252126679e-08
NB,enron,pr,1.0,0.7506586826347306,8.236629423453354e-08
NB,enron,pr,1.0,0.7508385241974126,8.308139236943277e-08
NB,enron,pr,1.0,0.7510184519530314,8.534857919451318e-08
NB,enron,pr,1.0,0.7513785662910573,8.540491806318535e-08
NB,enron,pr,1.0,0.7515587529976019,8.616281579571193e-08
NB,enron,pr,1.0,0.7517390261453586,8.6473570437922e-08
NB,enron,pr,1.0,0.7519193857965452,8.746483035695762e-08
NB,enron,pr,1.0,0.7520998320134389,8.755510661334877e-08
NB,enron,pr,1.0,0.7522803648583773,8.775296080161208e-08
NB,enron,pr,1.0,0.7524609843937575,8.934209776589205e-08
NB,enron,pr,1.0,0.7526416906820365,8.985638222984962e-08
NB,enron,pr,1.0,0.7528224837857315,8.986253280622355e-08
NB,enron,pr,1.0,0.7530033637674195,9.133147401531114e-08
NB,enron,pr,1.0,0.753184330689738,9.161319015182933e-08
NB,enron,pr,1.0,0.7533653846153846,9.170759375866283e-08
NB,enron,pr,1.0,0.7535465256071171,9.183165427831881e-08
NB,enron,pr,1.0,0.7539090690401732,9.190790431254386e-08
NB,enron,pr,1.0,0.7540904716073147,9.319023480622518e-08
NB,enron,pr,1.0,0.7542719614921781,9.55154136216818e-08
NB,enron,pr,1.0,0.7544535387578238,9.774203908088251e-08
NB,enron,pr,1.0,0.754635203467373,9.864591099459412e-08
NB,enron,pr,1.0,0.7548169556840078,9.907654855443936e-08
NB,enron,pr,1.0,0.7549987954709708,1.0024106331387696e-07
NB,enron,pr,1.0,0.7551807228915662,1.008965139297902e-07
NB,enron,pr,1.0,0.7553627380091589,1.0145644899572091e-07
NB,enron,pr,1.0,0.7555448408871746,1.0284477890483402e-07
NB,enron,pr,1.0,0.7557270315891006,1.0585217850650728e-07
NB,enron,pr,1.0,0.7559093101784853,1.0707256085058757e-07
NB,enron,pr,1.0,0.7560916767189385,1.0744280564059022e-07
NB,enron,pr,1.0,0.7562741312741312,1.076223664917167e-07
NB,enron,pr,1.0,0.7564566739077963,1.0821218235565717e-07
NB,enron,pr,1.0,0.7566393046837276,1.0836400466681096e-07
NB,enron,pr,1.0,0.7568220236657812,1.0886249936548889e-07
NB,enron,pr,1.0,0.7570048309178744,1.0899628468828525e-07
NB,enron,pr,1.0,0.7571877265039865,1.0983564852483969e-07
NB,enron,pr,1.0,0.7573707104881585,1.0990469590215361e-07
NB,enron,pr,1.0,0.7575537829344936,1.1011207180168289e-07
NB,enron,pr,1.0,0.7577369439071566,1.1152910951671289e-07
NB,enron,pr,1.0,0.7579201934703749,1.1322436168172651e-07
NB,enron,pr,1.0,0.7581035316884374,1.1700726927900226e-07
NB,enron,pr,1.0,0.7582869586256956,1.1889776030969103e-07
NB,enron,pr,1.0,0.7584704743465635,1.1899761380170204e-07
NB,enron,pr,1.0,0.7586540789155168,1.192632012102535e-07
NB,enron,pr,1.0,0.7588377723970944,1.2159401189927146e-07
NB,enron,pr,1.0,0.7590215548558973,1.2349247823112593e-07
NB,enron,pr,1.0,0.7592054263565892,1.2365506185157962e-07
NB,enron,pr,1.0,0.7593893869638962,1.2809466627761213e-07
NB,enron,pr,1.0,0.7595734367426078,1.2902806827104145e-07
NB,enron,pr,1.0,0.7597575757575757,1.3044003982972982e-07
NB,enron,pr,1.0,0.7599418040737148,1.3095572961618994e-07
NB,enron,pr,1.0,0.7601261217560029,1.3164711702722228e-07
NB,enron,pr,1.0,0.7603105288694808,1.3356463161321586e-07
NB,enron,pr,1.0,0.7604950254792526,1.371353498650454e-07
NB,enron,pr,1.0,0.7606796116504855,1.4176758164665872e-07
NB,enron,pr,1.0,0.7608642874484098,1.4184097552700132e-07
NB,enron,pr,1.0,0.7610490529383196,1.4241799266482964e-07
NB,enron,pr,1.0,0.761233908185572,1.4334212007603616e-07
NB,enron,pr,1.0,0.761418853255588,1.450532893539375e-07
NB,enron,pr,1.0,0.7616038882138517,1.4526487550898469e-07
NB,enron,pr,1.0,0.7617890131259115,1.4623135005274303e-07
NB,enron,pr,1.0,0.761974228057379,1.469787812791418e-07
NB,enron,pr,1.0,0.7621595330739299,1.4827915982620348e-07
NB,enron,pr,1.0,0.7623449282413038,1.491144075740472e-07
NB,enron,pr,1.0,0.7625304136253042,1.512441365704328e-07
NB,enron,pr,1.0,0.7627159892917985,1.525089096561571e-07
NB,enron,pr,1.0,0.7629016553067186,1.5339667341829103e-07
NB,enron,pr,1.0,0.7630874117360604,1.5398745628181085e-07
NB,enron,pr,1.0,0.763273258645884,1.5642875464969871e-07
NB,enron,pr,1.0,0.7634591961023143,1.582409285347721e-07
NB,enron,pr,1.0,0.76364522417154,1.6052355317693246e-07
NB,enron,pr,1.0,0.7638313429198148,1.6222861640336056e-07
NB,enron,pr,1.0,0.7640175524134568,1.638689621254378e-07
NB,enron,pr,1.0,0.764203852718849,1.648332447671429e-07
NB,enron,pr,1.0,0.764390243902439,1.6514798010226956e-07
NB,enron,pr,1.0,0.7645767260307392,1.7037286020556696e-07
NB,enron,pr,1.0,0.764763299170327,1.706759514649233e-07
NB,enron,pr,1.0,0.7649499633878447,1.7255312158488682e-07
NB,enron,pr,1.0,0.76513671875,1.752088965804546e-07
NB,enron,pr,1.0,0.7653235653235653,1.7681778551757808e-07
NB,enron,pr,1.0,0.7655105031753786,1.7818027265523126e-07
NB,enron,pr,1.0,0.7656975323723431,1.7853832679178493e-07
NB,enron,pr,1.0,0.7658846529814272,1.796605560511683e-07
NB,enron,pr,1.0,0.7660718650696651,1.810224624634661e-07
NB,enron,pr,1.0,0.7662591687041564,1.8103071720257543e-07
NB,enron,pr,1.0,0.7664465639520666,1.8585651618258736e-07
NB,enron,pr,1.0,0.7666340508806262,1.864289257417889e-07
NB,enron,pr,1.0,0.7668216295571324,1.9024831659706834e-07
NB,enron,pr,1.0,0.7670093000489476,1.9294531952559618e-07
NB,enron,pr,1.0,0.7671970624235006,1.950676566347999e-07
NB,enron,pr,1.0,0.767384916748286,1.9636431653589628e-07
NB,enron,pr,1.0,0.7675728630908646,1.987778671353503e-07
NB,enron,pr,1.0,0.7677609015188633,1.9889323609696504e-07
NB,enron,pr,1.0,0.7679490320999754,2.0177343667250412e-07
NB,enron,pr,1.0,0.7681372549019608,2.037291786001048e-07
NB,enron,pr,1.0,0.7683255699926452,2.0512169264106854e-07
NB,enron,pr,1.0,0.7685139774399216,2.0669990931234883e-07
NB,enron,pr,1.0,0.7687024773117488,2.097251342028371e-07
NB,enron,pr,1.0,0.7688910696761531,2.1109252612209858e-07
NB,enron,pr,1.0,0.769079754601227,2.1127093217410683e-07
NB,enron,pr,1.0,0.7692685321551301,2.1199993199741878e-07
NB,enron,pr,1.0,0.7694574024060888,2.1489152865838598e-07
NB,enron,pr,1.0,0.7696463654223968,2.1902320337230855e-07
NB,enron,pr,1.0,0.7698354212724147,2.1908593401166293e-07
NB,enron,pr,1.0,0.77002457002457,2.1913539898422272e-07
NB,enron,pr,1.0,0.770213811747358,2.2122626998003784e-07
NB,enron,pr,1.0,0.7704031465093412,2.2216239020392656e-07
NB,enron,pr,1.0,0.7705925743791493,2.244421493675158e-07
NB,enron,pr,1.0,0.7707820954254796,2.259115031456471e-07
NB,enron,pr,1.0,0.7709717097170972,2.271222026549146e-07
NB,enron,pr,1.0,0.7711614173228346,2.285764083319613e-07
NB,enron,pr,1.0,0.7713512183115924,2.307143882473813e-07
NB,enron,pr,1.0,0.7715411127523387,2.313903722310176e-07
NB,enron,pr,1.0,0.7717311007141098,2.3620794528717406e-07
NB,enron,pr,1.0,0.7719211822660098,2.3622820699676637e-07
NB,enron,pr,1.0,0.7721113574772112,2.3647494793749098e-07
NB,enron,pr,1.0,0.7723016264169542,2.3691777106097888e-07
NB,enron,pr,1.0,0.7724919891545476,2.4047131369534145e-07
NB,enron,pr,1.0,0.7726824457593688,2.4297667616341143e-07
NB,enron,pr,1.0,0.7728729963008631,2.502425380381918e-07
NB,enron,pr,1.0,0.7730636408485446,2.521172427548074e-07
NB,enron,pr,1.0,0.773254379471996,2.5372393066213967e-07
NB,enron,pr,1.0,0.7734452122408687,2.547612076278061e-07
NB,enron,pr,1.0,0.7736361392248827,2.5651794409728213e-07
NB,enron,pr,1.0,0.7738271604938272,2.5692155605210034e-07
NB,enron,pr,1.0,0.7740182761175599,2.5790663979844327e-07
NB,enron,pr,1.0,0.7742094861660079,2.592464784565876e-07
NB,enron,pr,1.0,0.7744007907091672,2.5959440922293385e-07
NB,enron,pr,1.0,0.7745921898171033,2.610048331079772e-07
NB,enron,pr,1.0,0.7747836835599505,2.651512908282197e-07
NB,enron,pr,1.0,0.7749752720079129,2.6540328087476054e-07
NB,enron,pr,1.0,0.7751669552312639,2.671062033924559e-07
NB,enron,pr,1.0,0.7753587333003463,2.7327024200524217e-07
NB,enron,pr,1.0,0.7757425742574258,2.73686138672352e-07
NB,enron,pr,1.0,0.7759346372864571,2.7957705070059854e-07
NB,enron,pr,1.0,0.7761267954432888,2.833695069443273e-07
NB,enron,pr,1.0,0.7763190487986128,2.8345620513873396e-07
NB,enron,pr,1.0,0.7765113974231913,2.8377751943259065e-07
NB,enron,pr,1.0,0.7767038413878563,2.855681535108838e-07
NB,enron,pr,1.0,0.7768963807635102,2.858387228281436e-07
NB,enron,pr,1.0,0.7770890156211258,2.8595236063417577e-07
NB,enron,pr,1.0,0.777281746031746,2.8828972807277566e-07
NB,enron,pr,1.0,0.7774745720664847,2.912450096258626e-07
NB,enron,pr,1.0,0.777667493796526,2.9336050362453936e-07
NB,enron,pr,1.0,0.7778605112931248,3.026331745079102e-07
NB,enron,pr,1.0,0.7780536246276067,3.047107660117688e-07
NB,enron,pr,1.0,0.7782468338713683,3.0726627789914466e-07
NB,enron,pr,1.0,0.7784401390958768,3.148465522874059e-07
NB,enron,pr,1.0,0.7786335403726709,3.1629878606424246e-07
NB,enron,pr,1.0,0.7790206313696246,3.174826444356908e-07
NB,enron,pr,1.0,0.7792143212332173,3.1824680383531264e-07
NB,enron,pr,1.0,0.7794081074359612,3.185647115902108e-07
NB,enron,pr,1.0,0.7796019900497513,3.2348304927764234e-07
NB,enron,pr,1.0,0.7797959691465539,3.236307344585394e-07
NB,enron,pr,1.0,0.7799900447984072,3.289932099573841e-07
NB,enron,pr,1.0,0.7803784860557769,3.304737174203769e-07
NB,enron,pr,1.0,0.7805728518057286,3.348210405326952e-07
NB,enron,pr,1.0,0.7807673143996013,3.3737725401746086e-07
NB,enron,pr,1.0,0.7809618739097932,3.3748663715646844e-07
NB,enron,pr,1.0,0.7811565304087736,3.432959402294218e-07
NB,enron,pr,1.0,0.781351283969085,3.4734273916668314e-07
NB,enron,pr,1.0,0.7815461346633417,3.47844826203076e-07
NB,enron,pr,1.0,0.7817410825642305,3.4992045254801914e-07
NB,enron,pr,1.0,0.7819361277445109,3.553847647255944e-07
NB,enron,pr,1.0,0.7821312702770152,3.5886701159034225e-07
NB,enron,pr,1.0,0.782326510234648,3.70143683728544e-07
NB,enron,pr,1.0,0.782521847690387,3.740276639339666e-07
NB,enron,pr,1.0,0.7827172827172827,3.749868819732474e-07
NB,enron,pr,1.0,0.7829128153884587,3.783876316565488e-07
NB,enron,pr,1.0,0.7831084457771115,3.7929193502493393e-07
NB,enron,pr,1.0,0.7833041739565109,3.878836022954997e-07
NB,enron,pr,1.0,0.7835,3.9287129089555726e-07
NB,enron,pr,1.0,0.7836959239809953,3.939568974665584e-07
NB,enron,pr,1.0,0.7838919459729865,3.945906199779262e-07
NB,enron,pr,1.0,0.7840880660495372,3.949546064812405e-07
NB,enron,pr,1.0,0.7844806007509387,3.9780867032756557e-07
NB,enron,pr,1.0,0.784677015523285,4.0053651504189946e-07
NB,enron,pr,1.0,0.7848735286751816,4.0381598063864077e-07
NB,enron,pr,1.0,0.7850701402805611,4.045315288248259e-07
NB,enron,pr,1.0,0.7852668504134303,4.05181780035056e-07
NB,enron,pr,1.0,0.7854636591478696,4.065487462895703e-07
NB,enron,pr,1.0,0.7856605665580346,4.097493490321856e-07
NB,enron,pr,1.0,0.7858575727181545,4.1059045462406897e-07
NB,enron,pr,1.0,0.7860546777025332,4.208718028131065e-07
NB,enron,pr,1.0,0.7862518815855494,4.245240614365709e-07
NB,enron,pr,1.0,0.7864491844416562,4.2835832178075225e-07
NB,enron,pr,1.0,0.7866465863453815,4.3316406104456474e-07
NB,enron,pr,1.0,0.7868440873713282,4.372588407444453e-07
NB,enron,pr,1.0,0.7870416875941738,4.4156230377219444e-07
NB,enron,pr,1.0,0.7872393870886711,4.420284056924304e-07
NB,enron,pr,1.0,0.7874371859296483,4.4696053364726145e-07
NB,enron,pr,1.0,0.787635084192008,4.4823097522834846e-07
NB,enron,pr,1.0,0.787833081950729,4.5192643533485466e-07
NB,enron,pr,1.0,0.788031179280865,4.5251226883417376e-07
NB,enron,pr,1.0,0.7882293762575453,4.5293544958206335e-07
NB,enron,pr,1.0,0.7884276729559748,4.541458566530973e-07
NB,enron,pr,1.0,0.7886260694514343,4.5568061274299164e-07
NB,enron,pr,1.0,0.7888245658192802,4.575628615359469e-07
NB,enron,pr,1.0,0.7890231621349446,4.5893320990417457e-07
NB,enron,pr,1.0,0.789221858473936,4.60590405390505e-07
NB,enron,pr,1.0,0.7894206549118388,4.6423401929754615e-07
NB,enron,pr,1.0,0.7896195515243134,4.7054534501430145e-07
NB,enron,pr,1.0,0.7898185483870968,4.749765440754253e-07
NB,enron,pr,1.0,0.7900176455760021,4.753386328532036e-07
NB,enron,pr,1.0,0.7902168431669188,4.803913158043242e-07
NB,enron,pr,1.0,0.7904161412358134,4.82850236572451e-07
NB,enron,pr,1.0,0.7906155398587286,4.853190105519703e-07
NB,enron,pr,1.0,0.790815039111784,4.855716329681776e-07
NB,enron,pr,1.0,0.7910146390711762,4.892742667547691e-07
NB,enron,pr,1.0,0.7912143398131785,4.973131311143194e-07
NB,enron,pr,1.0,0.7914141414141415,5.002390825923983e-07
NB,enron,pr,1.0,0.7916140439504925,5.015188741339901e-07
NB,enron,pr,1.0,0.7918140474987367,5.033893753676022e-07
NB,enron,pr,1.0,0.7920141521354561,5.073219849745653e-07
NB,enron,pr,1.0,0.7922143579373104,5.099281533683393e-07
NB,enron,pr,1.0,0.7924146649810366,5.15738164314443e-07
NB,enron,pr,1.0,0.7926150733434497,5.172381659117678e-07
NB,enron,pr,1.0,0.792815583101442,5.174992244921817e-07
NB,enron,pr,1.0,0.7930161943319838,5.176416881685496e-07
NB,enron,pr,1.0,0.7932169071121236,5.181314821728301e-07
NB,enron,pr,1.0,0.7934177215189874,5.220191172320573e-07
NB,enron,pr,1.0,0.7936186376297797,5.229922671076682e-07
NB,enron,pr,1.0,0.7938196555217831,5.230198509037992e-07
NB,enron,pr,1.0,0.7940207752723587,5.234114797974038e-07
NB,enron,pr,1.0,0.7944233206590621,5.245973924877153e-07
NB,enron,pr,1.0,0.7946247464503042,5.258147530623531e-07
NB,enron,pr,1.0,0.7948262744103475,5.334780210212761e-07
NB,enron,pr,1.0,0.7950279046169457,5.393856886347528e-07
NB,enron,pr,1.0,0.795229637147932,5.415509840821226e-07
NB,enron,pr,1.0,0.7954314720812182,5.421423609571709e-07
NB,enron,pr,1.0,0.7956334094947957,5.444784957714137e-07
NB,enron,pr,1.0,0.7958354494667343,5.523956613439236e-07
NB,enron,pr,1.0,0.7960375920751841,5.527014496845322e-07
NB,enron,pr,1.0,0.796239837398374,5.566035131261187e-07
NB,enron,pr,1.0,0.7964421855146124,5.584361818417175e-07
NB,enron,pr,1.0,0.7966446365022878,5.651859612914504e-07
NB,enron,pr,1.0,0.7972526074790129,5.898934364689278e-07
NB,enron,pr,1.0,0.7974554707379135,5.945075184689359e-07
NB,enron,pr,1.0,0.7976584372613896,6.026870082014374e-07
NB,enron,pr,1.0,0.7978615071283096,6.117129029138517e-07
NB,enron,pr,1.0,0.7980646804176216,6.135716443910127e-07
NB,enron,pr,1.0,0.7982679572083545,6.302030626495563e-07
NB,enron,pr,1.0,0.7984713375796179,6.375081284991198e-07
NB,enron,pr,1.0,0.7986748216106014,6.379552995586656e-07
NB,enron,pr,1.0,0.7988784093805761,6.397536775838645e-07
NB,enron,pr,1.0,0.7990821009688934,6.48715626135454e-07
NB,enron,pr,1.0,0.7992858964549859,6.489247021191843e-07
NB,enron,pr,1.0,0.7994897959183673,6.540634587539582e-07
NB,enron,pr,1.0,0.7996937994386323,6.636582784207661e-07
NB,enron,pr,1.0,0.7998979070954568,6.697901831662684e-07
NB,enron,pr,1.0,0.8001021189685984,6.721450619837554e-07
NB,enron,pr,1.0,0.8003064351378958,6.736045830598583e-07
NB,enron,pr,1.0,0.8005108556832695,6.767984695409488e-07
NB,enron,pr,1.0,0.8007153806847215,6.897695089630233e-07
NB,enron,pr,1.0,0.8009200102223358,6.926469949641167e-07
NB,enron,pr,1.0,0.8011247443762781,6.939259540457944e-07
NB,enron,pr,1.0,0.8013295832267963,6.985777617529708e-07
NB,enron,pr,1.0,0.80153452685422,7.015387412898209e-07
NB,enron,pr,1.0,0.8017395753389613,7.057798245763567e-07
NB,enron,pr,1.0,0.8019447287615148,7.091634786187239e-07
NB,enron,pr,1.0,0.8021499872024571,7.115611620946621e-07
NB,enron,pr,1.0,0.8023553507424476,7.160464387981316e-07
NB,enron,pr,1.0,0.8025608194622279,7.212079261005451e-07
NB,enron,pr,1.0,0.8027663934426229,7.333455891279063e-07
NB,enron,pr,1.0,0.8029720727645401,7.435788907001296e-07
NB,enron,pr,1.0,0.8031778575089698,7.551862028448348e-07
NB,enron,pr,1.0,0.8033837477569854,7.646516422815212e-07
NB,enron,pr,1.0,0.8035897435897436,7.64897564025053e-07
NB,enron,pr,1.0,0.8037958450884842,7.67776841909047e-07
NB,enron,pr,1.0,0.8040020523345305,7.752754302704897e-07
NB,enron,pr,1.0,0.8042083654092892,7.831946206293608e-07
NB,enron,pr,1.0,0.8044147843942505,8.057369572360362e-07
NB,enron,pr,1.0,0.8046213093709884,8.088026344328345e-07
NB,enron,pr,1.0,0.8048279404211608,8.139391324187949e-07
NB,enron,pr,1.0,0.8050346776265092,8.405595671181749e-07
NB,enron,pr,1.0,0.8052415210688592,8.445472005995266e-07
NB,enron,pr,1.0,0.8054484708301208,8.534679848884725e-07
NB,enron,pr,1.0,0.8056555269922879,8.63431976953875e-07
NB,enron,pr,1.0,0.8058626896374389,8.634426902560632e-07
NB,enron,pr,1.0,0.8060699588477366,8.660161638393104e-07
NB,enron,pr,1.0,0.8062773347054284,8.678759004403412e-07
NB,enron,pr,1.0,0.8064848172928462,8.70137199918771e-07
NB,enron,pr,1.0,0.8066924066924067,8.819959750776279e-07
NB,enron,pr,1.0,0.8069001029866117,8.849575750149009e-07
NB,enron,pr,1.0,0.8071079062580478,8.956622514566396e-07
NB,enron,pr,1.0,0.8073158165893869,9.044240578835432e-07
NB,enron,pr,1.0,0.8075238340633857,9.048120361094331e-07
NB,enron,pr,1.0,0.8077319587628866,9.101670952188748e-07
NB,enron,pr,1.0,0.8079401907708172,9.143916605801046e-07
NB,enron,pr,1.0,0.8081485301701908,9.170955272702467e-07
NB,enron,pr,1.0,0.8083569770441063,9.426159433035522e-07
NB,enron,pr,1.0,0.8085655314757482,9.536561710924242e-07
NB,enron,pr,1.0,0.8087741935483871,9.621879529125143e-07
NB,enron,pr,1.0,0.8089829633453794,9.673425011375587e-07
NB,enron,pr,1.0,0.8091918409501678,9.685374082028111e-07
NB,enron,pr,1.0,0.809400826446281,9.725938677894852e-07
NB,enron,pr,1.0,0.809609919917334,9.826503556348651e-07
NB,enron,pr,1.0,0.8100284311191522,9.834555229303024e-07
NB,enron,pr,1.0,0.8102378490175801,9.90965132289632e-07
NB,enron,pr,1.0,0.8106570098292809,9.916866009819226e-07
NB,enron,pr,1.0,0.8108667529107374,9.961208021157226e-07
NB,enron,pr,1.0,0.8110766045548654,1.0060667798740936e-06
NB,enron,pr,1.0,0.8112865648459746,1.0296125681259342e-06
NB,enron,pr,1.0,0.8114966338684619,1.056224173480827e-06
NB,enron,pr,1.0,0.8117068117068117,1.0615523063220664e-06
NB,enron,pr,1.0,0.8119170984455959,1.0743923072299228e-06
NB,enron,pr,1.0,0.8121274941694739,1.0998246718067428e-06
NB,enron,pr,1.0,0.8123379989631934,1.1046603811822986e-06
NB,enron,pr,1.0,0.8125486129115893,1.1048104022686643e-06
NB,enron,pr,1.0,0.8127593360995851,1.112499090777386e-06
NB,enron,pr,1.0,0.812970168612192,1.1351367792353655e-06
NB,enron,pr,1.0,0.8131811105345096,1.1488364315803724e-06
NB,enron,pr,1.0,0.8133921619517259,1.1500202510225144e-06
NB,enron,pr,1.0,0.8136033229491173,1.1503980473862915e-06
NB,enron,pr,1.0,0.8142374642764354,1.1508269139731443e-06
NB,enron,pr,1.0,0.8144490644490644,1.1556468121616117e-06
NB,enron,pr,1.0,0.8148725949037962,1.1700714940899676e-06
NB,enron,pr,1.0,0.8150845253576073,1.1911785189367578e-06
NB,enron,pr,1.0,0.8152965660770031,1.195341502339344e-06
NB,enron,pr,1.0,0.8155087171480614,1.205289957253166e-06
NB,enron,pr,1.0,0.8157209786569495,1.2331715372260177e-06
NB,enron,pr,1.0,0.8159333506899245,1.2392759463888255e-06
NB,enron,pr,1.0,0.8161458333333333,1.242476128147366e-06
NB,enron,pr,1.0,0.8163584266736129,1.2528543831283373e-06
NB,enron,pr,1.0,0.8165711307972903,1.2614492400719142e-06
NB,enron,pr,1.0,0.8167839457909826,1.26874263715897e-06
NB,enron,pr,1.0,0.8169968717413972,1.271999609812708e-06
NB,enron,pr,1.0,0.8172099087353325,1.3021303888211136e-06
NB,enron,pr,1.0,0.8174230568596765,1.352771577119978e-06
NB,enron,pr,1.0,0.8176363162014089,1.3622093310556807e-06
NB,enron,pr,1.0,0.8178496868475992,1.3722419572597376e-06
NB,enron,pr,1.0,0.8180631688854085,1.3820234683421588e-06
NB,enron,pr,1.0,0.8182767624020888,1.3881924511821628e-06
NB,enron,pr,1.0,0.818490467484983,1.3969825100826692e-06
NB,enron,pr,1.0,0.8187042842215256,1.4005828243754697e-06
NB,enron,pr,1.0,0.8189182126992423,1.4053418644021244e-06
NB,enron,pr,1.0,0.8191322530057501,1.4161259639396462e-06
NB,enron,pr,1.0,0.8193464052287581,1.4459600777910518e-06
NB,enron,pr,1.0,0.819560669456067,1.4732191952707407e-06
NB,enron,pr,1.0,0.8197750457755689,1.4962937819936037e-06
NB,enron,pr,1.0,0.8199895342752486,1.5164777945299537e-06
NB,enron,pr,1.0,0.8202041350431825,1.5488256866032144e-06
NB,enron,pr,1.0,0.8204188481675393,1.555506694540821e-06
NB,enron,pr,1.0,0.8206336737365802,1.5575334560423041e-06
NB,enron,pr,1.0,0.820848611838659,1.6004621177272717e-06
NB,enron,pr,1.0,0.8210636625622216,1.610369086254615e-06
NB,enron,pr,1.0,0.8212788259958071,1.6121800226311776e-06
NB,enron,pr,1.0,0.8214941022280472,1.6160558529926508e-06
NB,enron,pr,1.0,0.8217094913476665,1.6175474090247009e-06
NB,enron,pr,1.0,0.8219249934434828,1.6334422304928366e-06
NB,enron,pr,1.0,0.8221406086044072,1.6521562273017144e-06
NB,enron,pr,1.0,0.8223563369194438,1.6938544261250272e-06
NB,enron,pr,1.0,0.8225721784776903,1.7089562456392556e-06
NB,enron,pr,1.0,0.8227881333683381,1.7284598899062318e-06
NB,enron,pr,1.0,0.8230042016806722,1.7314635348508098e-06
NB,enron,pr,1.0,0.8232203835040715,1.7374929024861848e-06
NB,enron,pr,1.0,0.8234366789280084,1.7785272403393963e-06
NB,enron,pr,1.0,0.82365308804205,1.8101838776111272e-06
NB,enron,pr,1.0,0.823869610935857,1.8185240094210116e-06
NB,enron,pr,1.0,0.8240862476991848,1.8595721635138429e-06
NB,enron,pr,1.0,0.8243029984218833,1.8601075080519658e-06
NB,enron,pr,1.0,0.8245198631938964,1.8905491557176826e-06
NB,enron,pr,1.0,0.8247368421052632,1.8935035995059442e-06
NB,enron,pr,1.0,0.8249539352461174,1.9037368172199545e-06
NB,enron,pr,1.0,0.8251711427066877,1.9062870115776344e-06
NB,enron,pr,1.0,0.8253884645772979,1.9142601166452233e-06
NB,enron,pr,1.0,0.8256059009483667,1.9197501741862093e-06
NB,enron,pr,1.0,0.8258234519104084,1.9204905656012092e-06
NB,enron,pr,1.0,0.8260411175540326,1.968145705097204e-06
NB,enron,pr,1.0,0.8262588979699447,1.9808861634022897e-06
NB,enron,pr,1.0,0.8264767932489452,1.99657431660402e-06
NB,enron,pr,1.0,0.8266948034819309,2.0013942183699764e-06
NB,enron,pr,1.0,0.8269129287598944,2.055782954883765e-06
NB,enron,pr,1.0,0.8271311691739245,2.067976129082592e-06
NB,enron,pr,1.0,0.827349524815206,2.071388632594513e-06
NB,enron,pr,1.0,0.8275679957750198,2.076381618449752e-06
NB,enron,pr,1.0,0.8277865821447438,2.0892866017291917e-06
NB,enron,pr,1.0,0.828005284015852,2.097071968159583e-06
NB,enron,pr,1.0,0.8282241014799154,2.133776060468307e-06
NB,enron,pr,1.0,0.8284430346286017,2.1343717863502377e-06
NB,enron,pr,1.0,0.8286620835536753,2.1694190481805544e-06
NB,enron,pr,1.0,0.8288812483469982,2.1816647583178577e-06
NB,enron,pr,1.0,0.8291005291005291,2.197123106769416e-06
NB,enron,pr,1.0,0.8293199259063244,2.2788723740544696e-06
NB,enron,pr,1.0,0.8295394388565378,2.3452402203202905e-06
NB,enron,pr,1.0,0.8297590680434207,2.349948663154979e-06
NB,enron,pr,1.0,0.829978813559322,2.39617695236924e-06
NB,enron,pr,1.0,0.8301986754966887,2.41593443892976e-06
NB,enron,pr,1.0,0.8304186539480657,2.4545907102422584e-06
NB,enron,pr,1.0,0.8306387490060959,2.4607265314105977e-06
NB,enron,pr,1.0,0.8308589607635207,2.4671979822942727e-06
NB,enron,pr,1.0,0.8310792893131795,2.4867319106245205e-06
NB,enron,pr,1.0,0.8312997347480106,2.4925007620392196e-06
NB,enron,pr,1.0,0.8315202971610507,2.527611426022911e-06
NB,enron,pr,1.0,0.8317409766454352,2.740268800760816e-06
NB,enron,pr,1.0,0.8319617732943987,2.7634051750546102e-06
NB,enron,pr,1.0,0.8321826872012745,2.8048863323627685e-06
NB,enron,pr,1.0,0.8324037184594953,2.81281098106415e-06
NB,enron,pr,1.0,0.832624867162593,2.8200046485871184e-06
NB,enron,pr,1.0,0.8328461334041988,2.8744367461679447e-06
NB,enron,pr,1.0,0.8330675172780436,2.8747800957583294e-06
NB,enron,pr,1.0,0.833289018877958,2.8826179603449437e-06
NB,enron,pr,1.0,0.8335106382978723,2.906333489367999e-06
NB,enron,pr,1.0,0.833732375631817,2.909072375747825e-06
NB,enron,pr,1.0,0.8339542309739223,2.9106390437353453e-06
NB,enron,pr,1.0,0.834176204418419,2.911183132818758e-06
NB,enron,pr,1.0,0.8343982960596379,2.916849330646979e-06
NB,enron,pr,1.0,0.8346205059920107,2.926929665506675e-06
NB,enron,pr,1.0,0.8348428343100692,2.9392062764416557e-06
NB,enron,pr,1.0,0.8350652811084466,3.002966152189476e-06
NB,enron,pr,1.0,0.8352878464818764,3.021054996959663e-06
NB,enron,pr,1.0,0.8355105305251933,3.0733994422092688e-06
NB,enron,pr,1.0,0.8357333333333333,3.126650258941409e-06
NB,enron,pr,1.0,0.8359562550013336,3.1509922807519077e-06
NB,enron,pr,1.0,0.836179295624333,3.1629661239962065e-06
NB,enron,pr,1.0,0.8364024552975714,3.2101903568960172e-06
NB,enron,pr,1.0,0.8366257341163909,3.212469622781251e-06
NB,enron,pr,1.0,0.836849132176235,3.276162558561039e-06
NB,enron,pr,1.0,0.8370726495726496,3.326693625665431e-06
NB,enron,pr,1.0,0.8372962864012824,3.3754168814166153e-06
NB,enron,pr,1.0,0.8375200427578835,3.391071227133169e-06
NB,enron,pr,1.0,0.8377439187383052,3.4006992745004673e-06
NB,enron,pr,1.0,0.8379679144385027,3.5085172359243936e-06
NB,enron,pr,1.0,0.8381920299545333,3.5892752098606213e-06
NB,enron,pr,1.0,0.8384162653825575,3.660422427495875e-06
NB,enron,pr,1.0,0.8386406208188386,3.713948713994476e-06
NB,enron,pr,1.0,0.838865096359743,3.7218023926229054e-06
NB,enron,pr,1.0,0.8390896921017403,3.7237944882829274e-06
NB,enron,pr,1.0,0.8393144081414033,3.7273296334639404e-06
NB,enron,pr,1.0,0.8397642015005359,3.7331681008244887e-06
NB,enron,pr,1.0,0.8402144772117962,3.73481665684009e-06
NB,enron,pr,1.0,0.8413422818791946,3.7386579618131272e-06
NB,enron,pr,1.0,0.8415682062298604,3.742565308729325e-06
NB,enron,pr,1.0,0.8417942519473542,3.7461182737247944e-06
NB,enron,pr,1.0,0.8420204191295003,3.7479948250331094e-06
NB,enron,pr,1.0,0.8422467078742274,3.8100515122035666e-06
NB,enron,pr,1.0,0.8424731182795699,3.818680181242124e-06
NB,enron,pr,1.0,0.8426996504436677,3.897607840411252e-06
NB,enron,pr,1.0,0.842926304464766,3.907650028462462e-06
NB,enron,pr,1.0,0.8431530804412161,3.947339041093045e-06
NB,enron,pr,1.0,0.8433799784714747,3.986730928867297e-06
NB,enron,pr,1.0,0.8436069986541049,4.0057896096001395e-06
NB,enron,pr,1.0,0.843834141087776,4.020126962257948e-06
NB,enron,pr,1.0,0.8440614058712631,4.0365666390807166e-06
NB,enron,pr,1.0,0.8442887931034483,4.053557840308524e-06
NB,enron,pr,1.0,0.8445163028833199,4.060835128353233e-06
NB,enron,pr,1.0,0.844743935309973,4.068035459256792e-06
NB,enron,pr,1.0,0.8449716904826099,4.089805652054768e-06
NB,enron,pr,1.0,0.8451995685005393,4.0899642522250365e-06
NB,enron,pr,1.0,0.8454275694631778,4.156802273398765e-06
NB,enron,pr,1.0,0.8456556934700485,4.189902718700015e-06
NB,enron,pr,1.0,0.8458839406207828,4.192755765581289e-06
NB,enron,pr,1.0,0.8461123110151187,4.209944616043798e-06
NB,enron,pr,1.0,0.8463408047529031,4.226135153111015e-06
NB,enron,pr,1.0,0.8465694219340897,4.250613316790665e-06
NB,enron,pr,1.0,0.8467981626587409,4.260694075486366e-06
NB,enron,pr,1.0,0.847027027027027,4.291132005537879e-06
NB,enron,pr,1.0,0.8472560151392268,4.2963098130606575e-06
NB,enron,pr,1.0,0.8474851270957274,4.303334063852973e-06
NB,enron,pr,1.0,0.8477143629970246,4.3327514764012116e-06
NB,enron,pr,1.0,0.8479437229437229,4.367008622825962e-06
NB,enron,pr,1.0,0.8481732070365359,4.403999906587785e-06
NB,enron,pr,1.0,0.8484028153762859,4.423158152818107e-06
NB,enron,pr,1.0,0.8486325480639046,4.604085777951555e-06
NB,enron,pr,1.0,0.8488624052004333,4.741561227868266e-06
NB,enron,pr,1.0,0.8490923868870225,4.778698022778303e-06
NB,enron,pr,1.0,0.8493224932249323,4.826030168698986e-06
NB,enron,pr,1.0,0.8495527243155326,4.939741732870489e-06
NB,enron,pr,1.0,0.8497830802603037,4.977857943212303e-06
NB,enron,pr,1.0,0.8500135611608354,5.101359499535313e-06
NB,enron,pr,1.0,0.850244167118828,5.192539586551733e-06
NB,enron,pr,1.0,0.8504748982360922,5.2119941520306365e-06
NB,enron,pr,1.0,0.8507057546145494,5.276645162525806e-06
NB,enron,pr,1.0,0.8509367363562313,5.299468775719865e-06
NB,enron,pr,1.0,0.8513990763379516,5.3654536590290095e-06
NB,enron,pr,1.0,0.8516304347826087,5.516619903778748e-06
NB,enron,pr,1.0,0.8518619189997282,5.531800716922392e-06
NB,enron,pr,1.0,0.8520935290918977,5.556362054081983e-06
NB,enron,pr,1.0,0.8523252651618167,5.569381011255537e-06
NB,enron,pr,1.0,0.8525571273122959,5.7885602300474126e-06
NB,enron,pr,1.0,0.8527891156462585,5.809794411859716e-06
NB,enron,pr,1.0,0.8530212302667393,5.936069524260708e-06
NB,enron,pr,1.0,0.8532534712768853,5.9619179477361974e-06
NB,enron,pr,1.0,0.8534858387799564,6.0082430313321075e-06
NB,enron,pr,1.0,0.8537183328793244,6.0336839849914985e-06
NB,enron,pr,1.0,0.8539509536784741,6.051320879098656e-06
NB,enron,pr,1.0,0.854183701281003,6.194843064488115e-06
NB,enron,pr,1.0,0.8544165757906216,6.305679530551728e-06
NB,enron,pr,1.0,0.8546495773111535,6.366039696097177e-06
NB,enron,pr,1.0,0.8548827059465357,6.373491178073681e-06
NB,enron,pr,1.0,0.8551159618008185,6.377476627579477e-06
NB,enron,pr,1.0,0.855349344978166,6.423433185911002e-06
NB,enron,pr,1.0,0.8555828555828556,6.438764504347995e-06
NB,enron,pr,1.0,0.855816493719279,6.445926026300282e-06
NB,enron,pr,1.0,0.8560502594919421,6.462901112637249e-06
NB,enron,pr,1.0,0.8562841530054645,6.501516057362134e-06
NB,enron,pr,1.0,0.8565181743645804,6.5297846575218395e-06
NB,enron,pr,1.0,0.8567523236741389,6.630809333252297e-06
NB,enron,pr,1.0,0.8569866010391031,6.799960484550787e-06
NB,enron,pr,1.0,0.8572210065645515,6.801364093305048e-06
NB,enron,pr,1.0,0.8574555403556772,6.841309785447864e-06
NB,enron,pr,1.0,0.8576902025177887,6.8947161391026464e-06
NB,enron,pr,1.0,0.8579249931563099,6.898591900795482e-06
NB,enron,pr,1.0,0.8581599123767798,6.917716000095501e-06
NB,enron,pr,1.0,0.8583949602848535,7.005254950732696e-06
NB,enron,pr,1.0,0.8586301369863014,7.084347428341961e-06
NB,enron,pr,1.0,0.8588654425870101,7.098341227473431e-06
NB,enron,pr,1.0,0.8591008771929824,7.113117267106924e-06
NB,enron,pr,1.0,0.8593364409103372,7.243874054633706e-06
NB,enron,pr,1.0,0.85957213384531,7.319576146369433e-06
NB,enron,pr,1.0,0.8598079561042524,7.34719762429427e-06
NB,enron,pr,1.0,0.8600439077936334,7.376800049361859e-06
NB,enron,pr,1.0,0.8602799890200384,7.387190365022001e-06
NB,enron,pr,1.0,0.8605161998901703,7.426562226557229e-06
NB,enron,pr,1.0,0.8607525405108487,7.46006264162911e-06
NB,enron,pr,1.0,0.860989010989011,7.691972566823317e-06
NB,enron,pr,1.0,0.8612256114317121,7.763916766547339e-06
NB,enron,pr,1.0,0.8614623419461243,7.859917223461163e-06
NB,enron,pr,1.0,0.861699202639538,7.934862084128917e-06
NB,enron,pr,1.0,0.8619361936193619,8.040935712689046e-06
NB,enron,pr,1.0,0.8621733149931224,8.162160859839884e-06
NB,enron,pr,1.0,0.8624105668684645,8.208558413538749e-06
NB,enron,pr,1.0,0.8626479493531517,8.275253376672802e-06
NB,enron,pr,1.0,0.862885462555066,8.54118280800075e-06
NB,enron,pr,1.0,0.8631231065822088,8.561217621574598e-06
NB,enron,pr,1.0,0.8633608815426997,8.566302502403393e-06
NB,enron,pr,1.0,0.8635987875447781,8.608004410280227e-06
NB,enron,pr,1.0,0.8638368246968027,8.868683269147052e-06
NB,enron,pr,1.0,0.8640749931072512,9.122719067426696e-06
NB,enron,pr,1.0,0.8643132928847215,9.56997261720038e-06
NB,enron,pr,1.0,0.864551724137931,9.582217968541093e-06
NB,enron,pr,1.0,0.8647902869757175,9.594902561205634e-06
NB,enron,pr,1.0,0.8650289815070383,9.602738284805314e-06
NB,enron,pr,1.0,0.8652678078409718,9.690178603524826e-06
NB,enron,pr,1.0,0.8655067660867164,1.0055006243867434e-05
NB,enron,pr,1.0,0.8657458563535911,1.0196949902588506e-05
NB,enron,pr,1.0,0.8659850787510363,1.0352080592705585e-05
NB,enron,pr,1.0,0.8662244333886125,1.038927541237337e-05
NB,enron,pr,1.0,0.8664639203760022,1.0419832634579865e-05
NB,enron,pr,1.0,0.8667035398230089,1.0538516547729393e-05
NB,enron,pr,1.0,0.8669432918395574,1.1195102468590315e-05
NB,enron,pr,1.0,0.8671831765356945,1.1268821627082601e-05
NB,enron,pr,1.0,0.8674231940215887,1.1411751631450264e-05
NB,enron,pr,1.0,0.8676633444075305,1.1631968115334804e-05
NB,enron,pr,1.0,0.8679036278039324,1.1897761923175444e-05
NB,enron,pr,1.0,0.8681440443213296,1.1970284971763066e-05
NB,enron,pr,1.0,0.8683845940703796,1.2274954765707382e-05
NB,enron,pr,1.0,0.8686252771618626,1.235522856853899e-05
NB,enron,pr,1.0,0.8688660937066814,1.256335523664883e-05
NB,enron,pr,1.0,0.8691070438158625,1.2638831192365024e-05
NB,enron,pr,1.0,0.8693481276005548,1.2688220789715513e-05
NB,enron,pr,1.0,0.8695893451720311,1.2832195881876063e-05
NB,enron,pr,1.0,0.8698306966416874,1.2889985592952027e-05
NB,enron,pr,1.0,0.8700721821210439,1.3705682230597074e-05
NB,enron,pr,1.0,0.870313801721744,1.4050520965488779e-05
NB,enron,pr,1.0,0.8705555555555555,1.4127720160942133e-05
NB,enron,pr,1.0,0.8707974437343706,1.4289446614201057e-05
NB,enron,pr,1.0,0.8710394663702057,1.4330000759900806e-05
NB,enron,pr,1.0,0.8712816235752016,1.447417812114129e-05
NB,enron,pr,1.0,0.871523915461624,1.4513324105742905e-05
NB,enron,pr,1.0,0.8717663421418637,1.500828671269178e-05
NB,enron,pr,1.0,0.8720089037284363,1.574741983218997e-05
NB,enron,pr,1.0,0.8722516003339827,1.57926056553368e-05
NB,enron,pr,1.0,0.8724944320712695,1.5954098123944767e-05
NB,enron,pr,1.0,0.8727373990531885,1.648940736762982e-05
NB,enron,pr,1.0,0.8729805013927576,1.6504163214475694e-05
NB,enron,pr,1.0,0.8732237392031207,1.6546382560340727e-05
NB,enron,pr,1.0,0.8734671125975474,1.6616292680848153e-05
NB,enron,pr,1.0,0.873710621689434,1.6632950974518495e-05
NB,enron,pr,1.0,0.8739542665923034,1.669459121453445e-05
NB,enron,pr,1.0,0.8741980474198048,1.7250517372639555e-05
NB,enron,pr,1.0,0.8744419642857143,1.7546495366810035e-05
NB,enron,pr,1.0,0.8746860173039352,1.785829265562553e-05
NB,enron,pr,1.0,0.8749302065884981,1.7868450155491678e-05
NB,enron,pr,1.0,0.8751745322535605,1.821706657583588e-05
NB,enron,pr,1.0,0.8754189944134079,1.8379664794807414e-05
NB,enron,pr,1.0,0.8756635931824532,1.8664118454692167e-05
NB,enron,pr,1.0,0.8759083286752376,1.868341485347528e-05
NB,enron,pr,1.0,0.87615320100643,1.8886543980217545e-05
NB,enron,pr,1.0,0.8763982102908278,1.9394273329968808e-05
NB,enron,pr,1.0,0.8766433566433567,1.9838617539291376e-05
NB,enron,pr,1.0,0.8768886401790711,2.0220418739580153e-05
NB,enron,pr,1.0,0.8771340610131542,2.1443445280764075e-05
NB,enron,pr,1.0,0.8773796192609182,2.1484578219459065e-05
NB,enron,pr,1.0,0.8776253150378045,2.1581033332264956e-05
NB,enron,pr,1.0,0.8778711484593837,2.1680502800747986e-05
NB,enron,pr,1.0,0.8781171196413561,2.1811830396821704e-05
NB,enron,pr,1.0,0.8783632286995515,2.1828036738504232e-05
NB,enron,pr,1.0,0.8786094757499299,2.2160745494535523e-05
NB,enron,pr,1.0,0.878855860908581,2.233036940075196e-05
NB,enron,pr,1.0,0.8791023842917252,2.282705217555194e-05
NB,enron,pr,1.0,0.8793490460157127,2.2881071836046443e-05
NB,enron,pr,1.0,0.879595846197025,2.2947505638390593e-05
NB,enron,pr,1.0,0.879842784952274,2.3494607917069534e-05
NB,enron,pr,1.0,0.8800898623982027,2.3966464292160407e-05
NB,enron,pr,1.0,0.8803370786516854,2.418961208377161e-05
NB,enron,pr,1.0,0.8805844338297274,2.433326421609742e-05
NB,enron,pr,1.0,0.880831928049466,2.459418633156404e-05
NB,enron,pr,1.0,0.8810795614281698,2.471542523173254e-05
NB,enron,pr,1.0,0.8813273340832396,2.491279079755136e-05
NB,enron,pr,1.0,0.8815752461322082,2.498269504996464e-05
NB,enron,pr,1.0,0.8818232976927406,2.5040543901512283e-05
NB,enron,pr,1.0,0.8820714888826344,2.514275991154523e-05
NB,enron,pr,1.0,0.8823198198198198,2.5243160829779614e-05
NB,enron,pr,1.0,0.8825682906223599,2.541972063375654e-05
NB,enron,pr,1.0,0.8828169014084507,2.5861663816076613e-05
NB,enron,pr,1.0,0.8830656522964215,2.607531569022946e-05
NB,enron,pr,1.0,0.883314543404735,2.6455879317702778e-05
NB,enron,pr,1.0,0.8835635748519876,2.6805501784456615e-05
NB,enron,pr,1.0,0.8838127467569092,2.6875009948829408e-05
NB,enron,pr,1.0,0.8840620592383639,2.715030171996437e-05
NB,enron,pr,1.0,0.8843115124153499,2.760268547714431e-05
NB,enron,pr,1.0,0.8845611064069997,2.7609065081208424e-05
NB,enron,pr,1.0,0.8848108413325805,2.7771523907576734e-05
NB,enron,pr,1.0,0.8850607173114939,2.786849863521375e-05
NB,enron,pr,1.0,0.8853107344632768,2.7988253768709656e-05
NB,enron,pr,1.0,0.885560892907601,2.8087138494690035e-05
NB,enron,pr,1.0,0.8858111927642736,2.8290469984958414e-05
NB,enron,pr,1.0,0.8860616341532372,2.8441616451531044e-05
NB,enron,pr,1.0,0.8863122171945701,2.852811923479643e-05
NB,enron,pr,1.0,0.8865629420084865,2.9222778830976158e-05
NB,enron,pr,1.0,0.8868138087153368,2.9268629665692757e-05
NB,enron,pr,1.0,0.8870648174356072,2.9489281980236034e-05
NB,enron,pr,1.0,0.8873159682899208,2.991189400549172e-05
NB,enron,pr,1.0,0.8875672613990371,3.002101901459979e-05
NB,enron,pr,1.0,0.8878186968838527,3.079459383105996e-05
NB,enron,pr,1.0,0.8880702748654009,3.096655336153436e-05
NB,enron,pr,1.0,0.8883219954648526,3.160236147298555e-05
NB,enron,pr,1.0,0.8885738588035157,3.173254289295692e-05
NB,enron,pr,1.0,0.8888258650028361,3.300628456340931e-05
NB,enron,pr,1.0,0.8890780141843971,3.302744659284978e-05
NB,enron,pr,1.0,0.8893303064699205,3.4014026847887354e-05
NB,enron,pr,1.0,0.889582741981266,3.4328159466834635e-05
NB,enron,pr,1.0,0.8898353208404316,3.4886626311423125e-05
NB,enron,pr,1.0,0.8900880431695541,3.546036445788968e-05
NB,enron,pr,1.0,0.8903409090909091,3.564775461947764e-05
NB,enron,pr,1.0,0.8905939187269111,3.7343974843267034e-05
NB,enron,pr,1.0,0.8908470722001137,3.91920764114257e-05
NB,enron,pr,1.0,0.8911003696332102,4.028200112325128e-05
NB,enron,pr,1.0,0.891353811149033,4.0620085594758556e-05
NB,enron,pr,1.0,0.8916073968705548,4.1720830743891105e-05
NB,enron,pr,1.0,0.8918611269208879,4.178914789754429e-05
NB,enron,pr,1.0,0.892369020501139,4.330837096580452e-05
NB,enron,pr,1.0,0.8926231842779835,4.363344157454468e-05
NB,enron,pr,1.0,0.8928774928774929,4.3703566201752006e-05
NB,enron,pr,1.0,0.8931319464234825,4.397517345924847e-05
NB,enron,pr,1.0,0.8933865450399088,4.5043829261256e-05
NB,enron,pr,1.0,0.8936412888508697,4.589286878898403e-05
NB,enron,pr,1.0,0.8938961779806047,4.636511086497502e-05
NB,enron,pr,1.0,0.8941512125534951,4.874659567134653e-05
NB,enron,pr,1.0,0.894406392694064,4.889140674223118e-05
NB,enron,pr,1.0,0.8946617185269768,4.899572149744447e-05
NB,enron,pr,1.0,0.8949171901770417,4.99219218326088e-05
NB,enron,pr,1.0,0.8951728077692088,5.010602056901207e-05
NB,enron,pr,1.0,0.8954285714285715,5.057523023272665e-05
NB,enron,pr,1.0,0.8956844812803658,5.185565400333785e-05
NB,enron,pr,1.0,0.8959405374499714,5.247643843976033e-05
NB,enron,pr,1.0,0.8961967400629111,5.266789771821016e-05
NB,enron,pr,1.0,0.8964530892448512,5.348568007152605e-05
NB,enron,pr,1.0,0.8967095851216023,5.3868190925790396e-05
NB,enron,pr,1.0,0.8969662278191185,5.57878927128162e-05
NB,enron,pr,1.0,0.8972230174634984,5.800171304883685e-05
NB,enron,pr,1.0,0.8974799541809851,5.829248614660486e-05
NB,enron,pr,1.0,0.8977370380979662,5.934597338920174e-05
NB,enron,pr,1.0,0.8979942693409743,5.949109336255892e-05
NB,enron,pr,1.0,0.8982516480366868,6.052599800307273e-05
NB,enron,pr,1.0,0.8985091743119266,6.134591003737968e-05
NB,enron,pr,1.0,0.8987668482936622,6.260496137803737e-05
NB,enron,pr,1.0,0.8990246701090074,6.313881149498982e-05
NB,enron,pr,1.0,0.8992826398852224,6.351428525567312e-05
NB,enron,pr,1.0,0.899540757749713,6.398444211854033e-05
NB,enron,pr,1.0,0.8997990238300316,6.555505846860674e-05
NB,enron,pr,1.0,0.9000574382538771,6.624526168353706e-05
NB,enron,pr,1.0,0.900316001149095,6.816543127966585e-05
NB,enron,pr,1.0,0.9005747126436782,6.855515718977392e-05
NB,enron,pr,1.0,0.900833572865766,6.918123071046812e-05
NB,enron,pr,1.0,0.9010925819436457,6.94773752095359e-05
NB,enron,pr,1.0,0.9013517400057521,7.07534080448888e-05
NB,enron,pr,1.0,0.9016110471806674,7.08352596304455e-05
NB,enron,pr,1.0,0.9018705035971223,7.350564880787412e-05
NB,enron,pr,1.0,0.9021301093839954,7.469003207280506e-05
NB,enron,pr,1.0,0.9023898646703139,7.509965454430891e-05
NB,enron,pr,1.0,0.9026497695852534,7.535075991322843e-05
NB,enron,pr,1.0,0.9029098242581388,7.559157745985457e-05
NB,enron,pr,1.0,0.9031700288184438,7.688744371100396e-05
NB,enron,pr,1.0,0.9034303833957913,7.954810668733421e-05
NB,enron,pr,1.0,0.9036908881199539,8.113457246836729e-05
NB,enron,pr,1.0,0.9039515431208538,8.233911919902844e-05
NB,enron,pr,1.0,0.9042123485285631,8.275821498654745e-05
NB,enron,pr,1.0,0.9044733044733044,8.653404827712016e-05
NB,enron,pr,1.0,0.9047344110854504,8.7462599699698e-05
NB,enron,pr,1.0,0.9049956684955242,8.762056222722528e-05
NB,enron,pr,1.0,0.9052570768341999,8.831262521404654e-05
NB,enron,pr,1.0,0.9055186362323028,9.139034388626498e-05
NB,enron,pr,1.0,0.9057803468208092,9.392637583062767e-05
NB,enron,pr,1.0,0.9060422087308471,9.524318912479725e-05
NB,enron,pr,1.0,0.9063042220936958,9.700926863907302e-05
NB,enron,pr,1.0,0.9065663870407868,9.85098208407284e-05
NB,enron,pr,1.0,0.9068287037037037,0.00010014511237899513
NB,enron,pr,1.0,0.9070911722141823,0.00010043596280795582
NB,enron,pr,1.0,0.9073537927041112,0.00010304667128743931
NB,enron,pr,1.0,0.9076165653055315,0.0001051733891784697
NB,enron,pr,1.0,0.9078794901506373,0.00011022952395889333
NB,enron,pr,1.0,0.9081425673717763,0.00011378330808202127
NB,enron,pr,1.0,0.9084057971014493,0.00011739268243681583
NB,enron,pr,1.0,0.9086691794723109,0.00011869418084042433
NB,enron,pr,1.0,0.9089327146171694,0.00012161425526284892
NB,enron,pr,1.0,0.9091964026689875,0.00012453991561377095
NB,enron,pr,1.0,0.9094602437608822,0.00012702563148976235
NB,enron,pr,1.0,0.9097242380261248,0.00012750717935237113
NB,enron,pr,1.0,0.9099883855981417,0.00012778098327553546
NB,enron,pr,1.0,0.9102526866105141,0.00013087387521213166
NB,enron,pr,1.0,0.9105171411969785,0.00013413346006293982
NB,enron,pr,1.0,0.9107817494914269,0.0001342064599366766
NB,enron,pr,1.0,0.911046511627907,0.00013463306845887225
NB,enron,pr,1.0,0.9113114277406222,0.0001348400154831144
NB,enron,pr,1.0,0.9115764979639325,0.00013533993086198369
NB,enron,pr,1.0,0.9118417224323538,0.00013685001990921755
NB,enron,pr,1.0,0.9121071012805588,0.0001388052744272129
NB,enron,pr,1.0,0.912372634643377,0.00013886018103960037
NB,enron,pr,1.0,0.912638322655795,0.00014281336454834498
NB,enron,pr,1.0,0.9129041654529566,0.00014495521665410367
NB,enron,pr,1.0,0.9131701631701632,0.0001479383485444069
NB,enron,pr,1.0,0.9134363159428738,0.00015033272941093035
NB,enron,pr,1.0,0.9137026239067055,0.00015100592349930002
NB,enron,pr,1.0,0.9139690871974336,0.00015102456810804583
NB,enron,pr,1.0,0.9142357059509918,0.0001543007833326863
NB,enron,pr,1.0,0.9145024803034725,0.00016627026606868815
NB,enron,pr,1.0,0.9147694103911267,0.0001687214422039436
NB,enron,pr,1.0,0.915036496350365,0.00016876649460344567
NB,enron,pr,1.0,0.915303738317757,0.0001687825849669766
NB,enron,pr,1.0,0.9155711364300322,0.00017454179012570863
NB,enron,pr,1.0,0.9158386908240795,0.00017951077782211324
NB,enron,pr,1.0,0.9161064016369482,0.00018190840114786432
NB,enron,pr,1.0,0.916374269005848,0.0001846870186595285
NB,enron,pr,1.0,0.9166422930681486,0.00018782867951802043
NB,enron,pr,1.0,0.9169104739613809,0.000191258553547319
NB,enron,pr,1.0,0.9171788118232368,0.0001956352275344626
NB,enron,pr,1.0,0.917447306791569,0.0001964942893897189
NB,enron,pr,1.0,0.9177159590043924,0.000197966840553588
NB,enron,pr,1.0,0.9179847685998829,0.00020342094707231413
NB,enron,pr,1.0,0.9182537357163786,0.00020358750511123387
NB,enron,pr,1.0,0.9185228604923799,0.00020634548824815906
NB,enron,pr,1.0,0.9187921430665494,0.0002070114572084528
NB,enron,pr,1.0,0.9190615835777126,0.00020773262435786147
NB,enron,pr,1.0,0.9193311821648578,0.00020794813534582234
NB,enron,pr,1.0,0.9196009389671361,0.00021076473798845773
NB,enron,pr,1.0,0.9198708541238626,0.00021294521729578372
NB,enron,pr,1.0,0.9201409277745156,0.00021622535462711284
NB,enron,pr,1.0,0.9204111600587371,0.0002225727727637141
NB,enron,pr,1.0,0.9206815511163338,0.0002273747059119688
NB,enron,pr,1.0,0.920952101087276,0.00025110807976667536
NB,enron,pr,1.0,0.921222810111699,0.00025178458653670144
NB,enron,pr,1.0,0.9214936783299029,0.0002592592326934152
NB,enron,pr,1.0,0.9217647058823529,0.0002643619921213499
NB,enron,pr,1.0,0.9220358929096794,0.00026789650084507017
NB,enron,pr,1.0,0.922307239552678,0.0002694419087173927
NB,enron,pr,1.0,0.9225787459523108,0.0002714347559327932
NB,enron,pr,1.0,0.9228504122497055,0.00027358384716753164
NB,enron,pr,1.0,0.9231222385861562,0.0002782115170279845
NB,enron,pr,1.0,0.9233942251031232,0.00027849327481400016
NB,enron,pr,1.0,0.923666371942234,0.00029475069801704237
NB,enron,pr,1.0,0.9239386792452831,0.00029726214302261764
NB,enron,pr,1.0,0.9242111471542318,0.00029730331472791984
NB,enron,pr,1.0,0.9244837758112094,0.00030991721420683174
NB,enron,pr,1.0,0.9247565653585128,0.0003169684339461199
NB,enron,pr,1.0,0.9250295159386068,0.0003303117072824302
NB,enron,pr,1.0,0.9253026276941246,0.0003309007898127686
NB,enron,pr,1.0,0.9255759007678677,0.00033360855243127184
NB,enron,pr,1.0,0.9258493353028066,0.0003341784934519902
NB,enron,pr,1.0,0.9261229314420804,0.0003535867255639011
NB,enron,pr,1.0,0.9263966893289979,0.00036528781325132934
NB,enron,pr,1.0,0.9266706091070372,0.000373636813269875
NB,enron,pr,1.0,0.9269446909198462,0.0003808683147294003
NB,enron,pr,1.0,0.9272189349112426,0.0003866951372241836
NB,enron,pr,1.0,0.9274933412252145,0.00039402561098238876
NB,enron,pr,1.0,0.9280426413976902,0.0003948732695296447
NB,enron,pr,1.0,0.9283175355450237,0.00039548132658340164
NB,enron,pr,1.0,0.9285925925925926,0.0004050618547129668
NB,enron,pr,1.0,0.9288678126852401,0.0004115021936025765
NB,enron,pr,1.0,0.929143195967981,0.0004132426957646168
NB,enron,pr,1.0,0.9294187425860023,0.0004159388471881682
NB,enron,pr,1.0,0.9296944526846633,0.0004318055513504904
NB,enron,pr,1.0,0.9299703264094955,0.00044117986011213796
NB,enron,pr,1.0,0.9302463639062036,0.0004653625215778421
NB,enron,pr,1.0,0.9305225653206651,0.0004724026410801622
NB,enron,pr,1.0,0.9307989307989308,0.00047325839425092753
NB,enron,pr,1.0,0.9310754604872252,0.000515509991387115
NB,enron,pr,1.0,0.9313521545319465,0.0005280838176604587
NB,enron,pr,1.0,0.9316290130796671,0.0005589740832870955
NB,enron,pr,1.0,0.9319060362771335,0.0005660998183899666
NB,enron,pr,1.0,0.9321832242712671,0.0005746327318188781
NB,enron,pr,1.0,0.932460577209164,0.000601726441179325
NB,enron,pr,1.0,0.9327380952380953,0.0006274312614457813
NB,enron,pr,1.0,0.9330157785055075,0.0006281883346201046
NB,enron,pr,1.0,0.9332936271590232,0.0006290702719973848
NB,enron,pr,1.0,0.9335716413464403,0.0006381910671117329
NB,enron,pr,1.0,0.933849821215733,0.0006448326600310751
NB,enron,pr,1.0,0.9341281669150522,0.0006478865858787294
NB,enron,pr,1.0,0.9344066785927251,0.0006695752744044695
NB,enron,pr,1.0,0.9346853563972561,0.0006913145227074285
NB,enron,pr,1.0,0.934964200477327,0.0006921808760783569
NB,enron,pr,1.0,0.9352432109817965,0.0007043044667240119
NB,enron,pr,1.0,0.9355223880597014,0.0007377359114516661
NB,enron,pr,1.0,0.9358017318602568,0.0007609180489271301
NB,enron,pr,1.0,0.9360812425328554,0.0007648635541003044
NB,enron,pr,1.0,0.9363609202270691,0.0007915672907823411
NB,enron,pr,1.0,0.9366407650926479,0.000810157198596213
NB,enron,pr,1.0,0.9369207772795217,0.0008335121398808303
NB,enron,pr,1.0,0.937200956937799,0.0008510789974974585
NB,enron,pr,1.0,0.9374813042177684,0.0008513794766437162
NB,enron,pr,1.0,0.9377618192698982,0.0008628018404513184
NB,enron,pr,1.0,0.9380425022448369,0.0008734651252019663
NB,enron,pr,1.0,0.9383233532934132,0.0008787101011883465
NB,enron,pr,1.0,0.9386043725666368,0.0009106401517754279
NB,enron,pr,1.0,0.938885560215698,0.0009206073298846979
NB,enron,pr,1.0,0.9391669163919688,0.000933403491253347
NB,enron,pr,1.0,0.9394484412470024,0.0009376941288757336
NB,enron,pr,1.0,0.9397301349325338,0.0009418288099969928
NB,enron,pr,1.0,0.9400119976004799,0.0009422245787000729
NB,enron,pr,1.0,0.9402940294029403,0.0009432384260377879
NB,enron,pr,1.0,0.9405762304921969,0.0009515980700087641
NB,enron,pr,1.0,0.9408586010207145,0.0010745527270450352
NB,enron,pr,1.0,0.9411411411411411,0.0011110564691627057
NB,enron,pr,1.0,0.9414238510063082,0.0011116541164281522
NB,enron,pr,1.0,0.9417067307692307,0.0011781651269048975
NB,enron,pr,1.0,0.9419897805831079,0.0012040312468795111
NB,enron,pr,1.0,0.9422730006013229,0.0012568768307264294
NB,enron,pr,1.0,0.9425563909774436,0.0013736472360583983
NB,enron,pr,1.0,0.9428399518652226,0.0014294871954117331
NB,enron,pr,1.0,0.9431236834185976,0.001498483915806777
NB,enron,pr,1.0,0.9434075857916917,0.0015110959606825403
NB,enron,pr,1.0,0.9436916591388136,0.001541027421209424
NB,enron,pr,1.0,0.9439759036144578,0.001563505591673546
NB,enron,pr,1.0,0.9442603193733052,0.0015711310414790456
NB,enron,pr,1.0,0.944544906570223,0.0017782663553010843
NB,enron,pr,1.0,0.9448296653602652,0.0018795509290216398
NB,enron,pr,1.0,0.9451145958986731,0.0018996212012695754
NB,enron,pr,1.0,0.9453996983408748,0.0019007737765087444
NB,enron,pr,1.0,0.9456849728424864,0.0019117794693835695
NB,enron,pr,1.0,0.9459704195593118,0.0019190921274479247
NB,enron,pr,1.0,0.946256038647343,0.0019220310886235927
NB,enron,pr,1.0,0.9465418302627605,0.0019610888747727353
NB,enron,pr,1.0,0.9468277945619336,0.0019936617721115976
NB,enron,pr,1.0,0.9471139317014203,0.0021454771289237677
NB,enron,pr,1.0,0.9474002418379686,0.002158723451465122
NB,enron,pr,1.0,0.9476867251285153,0.002292494582608022
NB,enron,pr,1.0,0.9479733817301875,0.002327241218829209
NB,enron,pr,1.0,0.9482602118003026,0.0023498517623021147
NB,enron,pr,1.0,0.948547215496368,0.002394447732719765
NB,enron,pr,1.0,0.9488343929760823,0.00247803640724775
NB,enron,pr,1.0,0.949121744397335,0.0027134566258980503
NB,enron,pr,1.0,0.9494092699182066,0.0028380152618128645
NB,enron,pr,1.0,0.9496969696969697,0.002879663242408162
NB,enron,pr,1.0,0.9499848438920885,0.0029527990194829004
NB,enron,pr,1.0,0.9502728926622195,0.0033523271101652072
NB,enron,pr,1.0,0.9505611161662118,0.003353690234165697
NB,enron,pr,1.0,0.9508495145631068,0.0035781237700591435
NB,enron,pr,1.0,0.9511380880121396,0.003811655781295577
NB,enron,pr,1.0,0.9514268366727383,0.003880349138094971
NB,enron,pr,1.0,0.9517157607045248,0.0040244514794147606
NB,enron,pr,1.0,0.9520048602673147,0.004113794284197438
NB,enron,pr,1.0,0.9522941355211182,0.004576370503695877
NB,enron,pr,1.0,0.9525835866261398,0.005361012318480139
NB,enron,pr,1.0,0.952873213742779,0.005465803192039991
NB,enron,pr,1.0,0.9531630170316302,0.005642101415288101
NB,enron,pr,1.0,0.9534529966534834,0.005765191625883572
NB,enron,pr,1.0,0.9537431527693244,0.006230953522316335
NB,enron,pr,1.0,0.9540334855403348,0.006740250563123269
NB,enron,pr,1.0,0.9543239951278928,0.006844393708111228
NB,enron,pr,1.0,0.954614681693573,0.007866904898676173
NB,enron,pr,1.0,0.9549055453991468,0.009442487212883877
NB,enron,pr,1.0,0.9551965864065833,0.009497654597458093
NB,enron,pr,1.0,0.9554878048780487,0.009519705140751358
NB,enron,pr,1.0,0.9557792009759073,0.009666745430909753
NB,enron,pr,1.0,0.9560707748627212,0.009687542557287957
NB,enron,pr,1.0,0.9563625267012511,0.010665874669812872
NB,enron,pr,1.0,0.9566544566544567,0.011687198900219166
NB,enron,pr,1.0,0.9569465648854962,0.01643726525721452
NB,enron,pr,1.0,0.9572388515577276,0.017445786623355348
NB,enron,pr,1.0,0.9575313168347083,0.01806485130649069
NB,enron,pr,1.0,0.9578239608801956,0.0181189468342869
NB,enron,pr,1.0,0.9581167838581474,0.018573205271253085
NB,enron,pr,1.0,0.9584097859327217,0.01914191055401415
NB,enron,pr,1.0,0.9587029672682778,0.020957575357317994
NB,enron,pr,1.0,0.9589963280293757,0.02145683465380147
NB,enron,pr,1.0,0.9592898683807775,0.04038666609736997
NB,enron,pr,1.0,0.9595835884874464,0.0590910487480254
NB,enron,pr,1.0,0.9598774885145482,0.061670195521836495
NB,enron,pr,1.0,0.960171568627451,0.06343686741543596
NB,enron,pr,1.0,0.9604658289917254,0.07001235130311466
NB,enron,pr,1.0,0.9607602697731453,0.07182236927621413
NB,enron,pr,1.0,0.9610548911376878,0.07244367885822961
NB,enron,pr,1.0,0.9613496932515337,0.1168580926403506
NB,enron,pr,1.0,0.9616446762810679,0.15018323994805402
NB,enron,pr,1.0,0.961939840392879,0.15407066615502107
NB,enron,pr,1.0,0.9622351857537611,0.19553486868462427
NB,enron,pr,1.0,0.9625307125307125,0.2660420526526942
NB,enron,pr,1.0,0.9628264208909371,0.287935007989066
NB,enron,pr,1.0,0.9631223110018439,0.28874338606464195
NB,enron,pr,1.0,0.9634183830310482,0.2890248756329826
NB,enron,pr,1.0,0.9637146371463715,0.2894948886220929
NB,enron,pr,1.0,0.9640110735158413,0.2895659952023801
NB,enron,pr,1.0,0.9643076923076923,0.2895664667687403
NB,enron,pr,1.0,0.9646044936903663,0.2897345942900667
NB,enron,pr,1.0,0.9649014778325123,0.28997771156797825
NB,enron,pr,1.0,0.9651986449029873,0.29002743552732607
NB,enron,pr,1.0,0.9654959950708565,0.2903467165577461
NB,enron,pr,1.0,0.9657935285053929,0.29048554501324053
NB,enron,pr,1.0,0.9660912453760789,0.4234931157026005
NB,enron,pr,1.0,0.9663891458526056,0.4263201798498441
NB,enron,pr,1.0,0.9666872301048736,0.42678418518927114
NB,enron,pr,1.0,0.9669854983029929,0.49172850005054525
NB,enron,pr,1.0,0.967283950617284,0.5544185685675642
NB,enron,pr,1.0,0.9675825872182773,0.5677562146717332
NB,enron,pr,1.0,0.967881408276714,0.743505077898951
NB,enron,pr,1.0,0.9681804139635465,0.7710639342922195
NB,enron,pr,1.0,0.9684796044499382,0.9995562963979773
NB,enron,pr,1.0,0.9687789799072642,0.9999030846506337
NB,enron,pr,1.0,0.969078540507112,0.99991770887487
NB,enron,pr,1.0,0.9696782178217822,0.999983278401744
NB,enron,pr,1.0,0.9699783348808418,0.999983282439435
NB,enron,pr,1.0,0.9702786377708978,0.9999833829797269
NB,enron,pr,1.0,0.9708798017348204,0.9999834027406154
NB,enron,pr,1.0,0.9714817110973342,0.9999834106570101
NB,enron,pr,1.0,0.9717829457364341,0.9999834330128718
NB,enron,pr,1.0,0.9720843672456576,0.9999834352665624
NB,enron,pr,1.0,0.972385975798945,0.999983439641671
NB,enron,pr,1.0,0.9726877715704532,0.9999834397083472
NB,enron,pr,1.0,0.9729897547345545,0.999983446213173
NB,enron,pr,1.0,0.9732919254658385,0.9999834471421497
NB,enron,pr,1.0,0.9735942839391115,0.9999835044661419
NB,enron,pr,1.0,0.9738968303293971,0.999983505406146
NB,enron,pr,1.0,0.9754123871770931,0.9999835101447058
NB,enron,pr,1.0,0.9766282330944219,0.9999835169379507
NB,enron,pr,1.0,0.9772372934206424,0.9999835210319169
NB,enron,pr,1.0,0.9775421085464754,0.999983522791078
NB,enron,pr,1.0,0.9781523096129837,0.9999835275258294
NB,enron,pr,1.0,0.9784576959100842,0.9999835278306188
NB,enron,pr,1.0,0.979375,0.9999835294976382
NB,enron,pr,1.0,0.9796811503594873,0.9999835317676429
NB,enron,pr,1.0,0.980294025649046,0.9999835382959452
NB,enron,pr,1.0,0.9827532141737222,0.9999835392365177
NB,enron,pr,1.0,0.9846057178762174,0.9999835439727471
NB,enron,pr,1.0,0.9849151477058454,0.9999835457860792
NB,enron,pr,1.0,0.9858446052217679,0.9999835500050989
NB,enron,pr,1.0,0.9864652187598363,0.999983550436647
NB,enron,pr,1.0,0.9867758186397985,0.9999835610041764
NB,enron,pr,1.0,0.9870866141732283,0.9999835652361562
NB,enron,pr,1.0,0.9880201765447667,0.9999835937083866
NB,enron,pr,1.0,0.9889555064689176,0.99998359820548
NB,enron,pr,1.0,0.9908314890926335,0.9999836111656238
NB,enron,pr,1.0,0.9911448450347881,0.9999836201992024
NB,enron,pr,1.0,0.9936588459099556,0.9999836218871401
NB,enron,pr,1.0,0.9942893401015228,0.9999836276507978
NB,enron,pr,1.0,0.9946048873373532,0.9999836315401883
NB,enron,pr,1.0,0.9958690816650778,0.99998363639664
NB,enron,pr,1.0,0.9987253027405991,0.999999883693938
NB,enron,pr,1.0,0.9990436722983742,0.9999999952242433
NB,enron,pr,1.0,0.9993622448979592,1.0
NB,enron,pr,0.0,1.0,
NB,enron,roc,0.0,0.0,inf
NB,enron,roc,0.0006088280060882801,1.0,1.0
NB,enron,roc,0.0012176560121765602,1.0,0.999999883693938
NB,enron,roc,0.0039573820395738205,1.0,0.99998363639664
NB,enron,roc,0.005175038051750381,1.0,0.9999836315401883
NB,enron,roc,0.005479452054794521,1.0,0.9999836276507978
NB,enron,roc,0.0060882800608828,1.0,0.9999836218871401
NB,enron,roc,0.00852359208523592,1.0,0.9999836201992024
NB,enron,roc,0.008828006088280061,1.0,0.9999836111656238
NB,enron,roc,0.0106544901065449,1.0,0.99998359820548
NB,enron,roc,0.012480974124809741,1.0,0.9999835652361562
NB,enron,roc,0.013089802130898021,1.0,0.999983550436647
NB,enron,roc,0.0136986301369863,1.0,0.9999835500050989
NB,enron,roc,0.014611872146118721,1.0,0.9999835457860792
NB,enron,roc,0.014916286149162862,1.0,0.9999835439727471
NB,enron,roc,0.0167427701674277,1.0,0.9999835392365177
NB,enron,roc,0.019178082191780823,1.0,0.9999835382959452
NB,enron,roc,0.0197869101978691,1.0,0.9999835317676429
NB,enron,roc,0.02009132420091324,1.0,0.9999835294976382
NB,enron,roc,0.021004566210045664,1.0,0.9999835278306188
NB,enron,roc,0.0213089802130898,1.0,0.9999835275258294
NB,enron,roc,0.021917808219178082,1.0,0.999983522791078
NB,enron,roc,0.022222222222222223,1.0,0.9999835210319169
NB,enron,roc,0.0228310502283105,1.0,0.9999835169379507
NB,enron,roc,0.024048706240487064,1.0,0.9999835101447058
NB,enron,roc,0.025570776255707764,1.0,0.999983505406146
NB,enron,roc,0.028006088280060883,1.0,0.9999834106570101
NB,enron,roc,0.029223744292237442,1.0,0.9999833829797269
NB,enron,roc,0.029832572298325723,1.0,0.999983278401744
NB,enron,roc,0.030441400304414,1.0,0.99991770887487
NB,enron,roc,0.07397260273972603,1.0,0.0003948732695296447
NB,enron,roc,0.0745814307458143,1.0,0.00039402561098238876
NB,enron,roc,0.11506849315068493,1.0,4.330837096580452e-05
NB,enron,roc,0.1156773211567732,1.0,4.178914789754429e-05
NB,enron,roc,0.1665144596651446,1.0,5.3654536590290095e-06
NB,enron,roc,0.16712328767123288,1.0,5.299468775719865e-06
NB,enron,roc,0.17990867579908676,1.0,3.7386579618131272e-06
NB,enron,roc,0.18143074581430746,1.0,3.73481665684009e-06
NB,enron,roc,0.182648401826484,1.0,3.7273296334639404e-06
NB,enron,roc,0.2167427701674277,1.0,1.1700714940899676e-06
NB,enron,roc,0.217351598173516,1.0,1.1556468121616117e-06
NB,enron,roc,0.2176560121765601,1.0,1.1508269139731443e-06
NB,enron,roc,0.21856925418569254,1.0,1.1503980473862915e-06
NB,enron,roc,0.2228310502283105,1.0,9.916866009819226e-07
NB,enron,roc,0.2234398782343988,1.0,9.90965132289632e-07
NB,enron,roc,0.2237442922374429,1.0,9.834555229303024e-07
NB,enron,roc,0.2243531202435312,1.0,9.826503556348651e-07
NB,enron,roc,0.2426179604261796,1.0,5.898934364689278e-07
NB,enron,roc,0.243531202435312,1.0,5.651859612914504e-07
NB,enron,roc,0.24687975646879756,1.0,5.245973924877153e-07
NB,enron,roc,0.24748858447488584,1.0,5.234114797974038e-07
NB,enron,roc,0.26210045662100456,1.0,3.9780867032756557e-07
NB,enron,roc,0.26270928462709286,1.0,3.949546064812405e-07
NB,enron,roc,0.2684931506849315,1.0,3.304737174203769e-07
NB,enron,roc,0.26910197869101976,1.0,3.289932099573841e-07
NB,enron,roc,0.27062404870624046,1.0,3.174826444356908e-07
NB,enron,roc,0.27123287671232876,1.0,3.1629878606424246e-07
NB,enron,roc,0.27579908675799086,1.0,2.73686138672352e-07
NB,enron,roc,0.27640791476407917,1.0,2.7327024200524217e-07
NB,enron,roc,0.31141552511415527,1.0,9.190790431254386e-08
NB,enron,roc,0.3120243531202435,1.0,9.183165427831881e-08
NB,enron,roc,0.3156773211567732,1.0,8.540491806318535e-08
NB,enron,roc,0.3162861491628615,1.0,8.534857919451318e-08
NB,enron,roc,0.32450532724505327,1.0,6.488401396547495e-08
NB,enron,roc,0.3254185692541857,1.0,6.373129481622187e-08
NB,enron,roc,0.35494672754946727,1.0,2.5072400160859855e-08
NB,enron,roc,0.35555555555555557,1.0,2.4975814040683424e-08
NB,enron,roc,0.36255707762557077,1.0,2.1111342147236805e-08
NB,enron,roc,0.36316590563165907,1.0,2.0952510234507628e-08
NB,enron,roc,0.38995433789954337,1.0,8.037525567734598e-09
NB,enron,roc,0.39056316590563167,1.0,8.025358010612096e-09
NB,enron,roc,0.410958904109589,1.0,3.631729931974463e-09
NB,enron,roc,0.4115677321156773,1.0,3.630892657904036e-09
NB,enron,roc,0.41430745814307457,1.0,3.418194386289751e-09
NB,enron,roc,0.41491628614916287,1.0,3.3386339582784357e-09
NB,enron,roc,0.4596651445966514,1.0,7.42440932269268e-10
NB,enron,roc,0.4602739726027397,1.0,7.338734690655497e-10
NB,enron,roc,0.4624048706240487,1.0,6.711979579984703e-10
NB,enron,roc,0.46301369863013697,1.0,6.704394727481541e-10
NB,enron,roc,0.4654490106544901,1.0,6.081263011824855e-10
NB,enron,roc,0.46605783866057837,1.0,6.065858971697849e-10
NB,enron,roc,0.5540334855403348,1.0,2.1551951921741588e-11
NB,enron,roc,0.5546423135464231,1.0,2.15156973738103e-11
NB,enron,roc,0.5589041095890411,1.0,1.708186175762186e-11
NB,enron,roc,0.5595129375951293,1.0,1.6745149619488875e-11
NB,enron,roc,0.5762557077625571,1.0,7.144796664632492e-12
NB,enron,roc,0.5768645357686454,1.0,7.11456956785566e-12
NB,enron,roc,0.5887366818873668,1.0,3.897762078970204e-12
NB,enron,roc,0.5893455098934551,1.0,3.830365983085719e-12
NB,enron,roc,0.6471841704718417,1.0,4.0037281556945763e-13
NB,enron,roc,0.64779299847793,1.0,3.998211097526146e-13
NB,enron,roc,0.6532724505327245,1.0,2.8854295705691473e-13
NB,enron,roc,0.6538812785388128,1.0,2.797997926529649e-13
NB,enron,roc,0.7038051750380517,1.0,1.1811198806204816e-14
NB,enron,roc,0.70441400304414,1.0,1.1690999136024069e-14
NB,enron,roc,0.721765601217656,1.0,3.0188144296894127e-15
NB,enron,roc,0.7223744292237443,1.0,2.9963667159586317e-15
NB,enron,roc,0.8383561643835616,1.0,1.9230905538718048e-19
NB,enron,roc,0.8389649923896499,1.0,1.8885330506241794e-19
NB,enron,roc,0.84779299847793,1.0,5.3960856735268735e-20
NB,enron,roc,0.8484018264840183,1.0,5.2253417314766055e-20
NB,enron,roc,0.85662100456621,1.0,1.6969861903979648e-20
NB,enron,roc,0.8572298325722983,1.0,1.668064976632494e-20
NB,enron,roc,0.8578386605783866,1.0,1.525134750802863e-20
NB,enron,roc,0.8584474885844748,1.0,1.3788410256627526e-20
NB,enron,roc,0.8867579908675799,1.0,4.61844399228777e-22
NB,enron,roc,0.8873668188736682,1.0,4.521654684864878e-22
NB,enron,roc,0.9430745814307459,1.0,2.056688828717406e-28
NB,enron,roc,0.943683409436834,1.0,1.664816392796703e-28
NB,enron,roc,0.9491628614916287,1.0,1.4434023593269305e-29
NB,enron,roc,0.9497716894977168,1.0,1.2251268382891691e-29
NB,enron,roc,0.9598173515981735,1.0,4.375273122200944e-32
NB,enron,roc,0.9604261796042618,1.0,3.5051226344863754e-32
NB,enron,roc,0.9662100456621004,1.0,1.937419193355443e-33
NB,enron,roc,0.9668188736681887,1.0,1.16584276174555e-33
NB,enron,roc,0.971689497716895,1.0,2.9457857846179957e-35
NB,enron,roc,0.9722983257229832,1.0,2.0857987843509596e-35
NB,enron,roc,0.9777777777777777,1.0,1.937978690212774e-37
NB,enron,roc,0.978386605783866,1.0,1.8572645703041734e-37
NB,enron,roc,1.0,1.0,1.3038575262880213e-96
