model,source,curve,x,y,threshold
SVC,combined,pr,1.0,0.4342666666666667,1.2232318729898766e-09
SVC,combined,pr,1.0,0.4343245766102147,2.9538520526947145e-09
SVC,combined,pr,1.0,0.43438250200053347,7.053411271726339e-09
SVC,combined,pr,1.0,0.4344404428438042,1.6856241969095255e-07
SVC,combined,pr,1.0,0.4344983991462113,1.8356672823481846e-07
SVC,combined,pr,1.0,0.4345563709139426,2.4093821276364604e-06
SVC,combined,pr,1.0,0.4346143581531892,2.6604856138594204e-06
SVC,combined,pr,1.0,0.4346723608701455,3.0709022924920782e-06
SVC,combined,pr,1.0,0.4347303790710091,3.8541388850150564e-06
SVC,combined,pr,1.0,0.4348464619492657,4.0832009242139695e-06
SVC,combined,pr,1.0,0.43490452663907064,4.247567233595151e-06
SVC,combined,pr,1.0,0.43496260683760685,4.5039998717392044e-06
SVC,combined,pr,1.0,0.43502070255108855,6.591518579172018e-06
SVC,combined,pr,1.0,0.4350788137857334,6.8594741049868105e-06
SVC,combined,pr,1.0,0.4351369405477622,7.622761568399878e-06
SVC,combined,pr,1.0,0.43519508284339925,8.695603760029214e-06
SVC,combined,pr,1.0,0.4352532406788721,1.0321070598515345e-05
SVC,combined,pr,1.0,0.43531141406041163,1.033598940305588e-05
SVC,combined,pr,1.0,0.4353696029942521,1.05555170864078e-05
SVC,combined,pr,1.0,0.435427807486631,1.8938622229684123e-05
SVC,combined,pr,1.0,0.4354860275437893,2.3200499678454597e-05
SVC,combined,pr,1.0,0.4355442631719711,2.3900620235363206e-05
SVC,combined,pr,1.0,0.4356025143774241,2.5832754127662436e-05
SVC,combined,pr,1.0,0.43566078116639917,3.361901145619821e-05
SVC,combined,pr,1.0,0.4357190635451505,3.716209476054178e-05
SVC,combined,pr,1.0,0.4357773615199358,3.863506169290619e-05
SVC,combined,pr,1.0,0.43583567509701593,3.9071279144702944e-05
SVC,combined,pr,1.0,0.43589400428265523,4.114829988165132e-05
SVC,combined,pr,1.0,0.4359523490831214,4.590893939288793e-05
SVC,combined,pr,1.0,0.4360107095046854,4.725150959755328e-05
SVC,combined,pr,1.0,0.4360690855536216,4.874190715236056e-05
SVC,combined,pr,1.0,0.4361274772362078,4.9464785613868114e-05
SVC,combined,pr,1.0,0.43618588455872503,4.9854933870238106e-05
SVC,combined,pr,1.0,0.4365366572845463,4.9990410647337255e-05
SVC,combined,pr,1.0,0.4365951742627346,5.1460329970631716e-05
SVC,combined,pr,1.0,0.436653706931224,5.239670161571449e-05
SVC,combined,pr,1.0,0.43671225529632607,5.302555876818718e-05
SVC,combined,pr,1.0,0.43677081936435563,5.604647884871844e-05
SVC,combined,pr,1.0,0.4368293991416309,5.981458766082553e-05
SVC,combined,pr,1.0,0.43688799463447353,6.141722598046749e-05
SVC,combined,pr,1.0,0.43694660584920847,6.291781357141745e-05
SVC,combined,pr,1.0,0.43700523279216424,6.386119812853564e-05
SVC,combined,pr,1.0,0.43706387546967257,6.437111256939436e-05
SVC,combined,pr,1.0,0.4371225338880687,6.712381265999613e-05
SVC,combined,pr,1.0,0.43718120805369126,6.720972411627164e-05
SVC,combined,pr,1.0,0.43723989797288226,7.005714174075941e-05
SVC,combined,pr,1.0,0.4372986036519871,7.029036855009053e-05
SVC,combined,pr,1.0,0.43735732509735464,7.068810282301319e-05
SVC,combined,pr,1.0,0.4374160623153371,7.328455174805749e-05
SVC,combined,pr,1.0,0.43747481531229016,7.764208758780063e-05
SVC,combined,pr,1.0,0.4375335840945728,7.783616426678776e-05
SVC,combined,pr,1.0,0.4375923686685476,7.870114466619755e-05
SVC,combined,pr,1.0,0.4376511690405805,7.903158091594195e-05
SVC,combined,pr,1.0,0.43770998521704074,8.098086389940886e-05
SVC,combined,pr,1.0,0.43776881720430105,8.151132513532489e-05
SVC,combined,pr,1.0,0.4378276650087377,8.18889079407332e-05
SVC,combined,pr,1.0,0.4378865286367303,8.370597191492625e-05
SVC,combined,pr,1.0,0.4379454080946618,8.828773520948179e-05
SVC,combined,pr,1.0,0.43800430338891877,8.95807283958195e-05
SVC,combined,pr,1.0,0.43806321452589103,9.092931549981938e-05
SVC,combined,pr,1.0,0.43812214151197204,9.452984615158145e-05
SVC,combined,pr,1.0,0.43818108435355846,9.55198737900574e-05
SVC,combined,pr,1.0,0.4382400430570506,9.761791670130609e-05
SVC,combined,pr,1.0,0.4382990176288521,9.959251823264745e-05
SVC,combined,pr,1.0,0.4383580080753701,9.986135541726384e-05
SVC,combined,pr,1.0,0.4384170144030152,0.00010024164746897688
SVC,combined,pr,1.0,0.4384760366182014,0.00010059060359398843
SVC,combined,pr,1.0,0.43853507472734615,0.00010211189767621107
SVC,combined,pr,1.0,0.4385941287368705,0.00010429598698623816
SVC,combined,pr,1.0,0.43865319865319863,0.00010552778363117526
SVC,combined,pr,1.0,0.4387122844827586,0.00010741597758643344
SVC,combined,pr,1.0,0.4387713862319817,0.0001075334962307996
SVC,combined,pr,1.0,0.4388305039073026,0.00010853142574134186
SVC,combined,pr,1.0,0.4388896375151597,0.00010887192798195886
SVC,combined,pr,1.0,0.4389487870619946,0.0001098441240616282
SVC,combined,pr,1.0,0.43900795255425257,0.00011131049619429396
SVC,combined,pr,1.0,0.4390671339983823,0.00011146044635195038
SVC,combined,pr,1.0,0.4391263314008359,0.00011177844146613451
SVC,combined,pr,1.0,0.43918554476806904,0.00011209367413672341
SVC,combined,pr,1.0,0.4392447741065408,0.00011390322321711258
SVC,combined,pr,1.0,0.4393040194227138,0.00011700091341536416
SVC,combined,pr,1.0,0.4393632807230541,0.00011835388911893932
SVC,combined,pr,1.0,0.4394225580140313,0.00012092259183600885
SVC,combined,pr,1.0,0.4394818513021185,0.00012165233578339917
SVC,combined,pr,1.0,0.43954116059379217,0.0001265526881300536
SVC,combined,pr,1.0,0.43960048589553247,0.00012664461713549644
SVC,combined,pr,1.0,0.4396598272138229,0.00013074874609135905
SVC,combined,pr,1.0,0.4397191845551505,0.00013355518928821728
SVC,combined,pr,1.0,0.43977855792600595,0.0001336137934620776
SVC,combined,pr,1.0,0.4398379473328832,0.00013395743115479858
SVC,combined,pr,1.0,0.43989735278227987,0.00013608558488057074
SVC,combined,pr,1.0,0.439956774280697,0.00013674070345364957
SVC,combined,pr,1.0,0.4400162118346393,0.00013715888483998862
SVC,combined,pr,1.0,0.4400756654506148,0.00013716909843553544
SVC,combined,pr,1.0,0.44013513513513514,0.00013779996179058253
SVC,combined,pr,1.0,0.4401946208947155,0.000137863706416355
SVC,combined,pr,1.0,0.44025412273587455,0.00013872520958974996
SVC,combined,pr,1.0,0.4403136406651345,0.00014088633945159724
SVC,combined,pr,1.0,0.4403731746890211,0.00014267613758702603
SVC,combined,pr,1.0,0.44043272481406354,0.0001443035687986269
SVC,combined,pr,1.0,0.4404922910467947,0.00014447575363430291
SVC,combined,pr,1.0,0.44055187339375085,0.0001458119968704576
SVC,combined,pr,1.0,0.44061147186147187,0.00014599955578976193
SVC,combined,pr,1.0,0.44067108645650116,0.00014646317838715322
SVC,combined,pr,1.0,0.44073071718538565,0.00014726508042815024
SVC,combined,pr,1.0,0.44079036405467587,0.00014880153866979646
SVC,combined,pr,1.0,0.4408500270709258,0.00014939392650753998
SVC,combined,pr,1.0,0.4409097062406931,0.0001563674617709312
SVC,combined,pr,1.0,0.4409694015705389,0.0001580200207139489
SVC,combined,pr,1.0,0.44102911306702774,0.00015910176410172748
SVC,combined,pr,1.0,0.44108884073672805,0.00015926228922954073
SVC,combined,pr,1.0,0.4411485845862116,0.0001599539499353184
SVC,combined,pr,1.0,0.44120834462205366,0.00016192676817266993
SVC,combined,pr,1.0,0.4412681208508332,0.0001622928860429407
SVC,combined,pr,1.0,0.4413279132791328,0.00016320562482236565
SVC,combined,pr,1.0,0.4413877219135384,0.0001632932337498101
SVC,combined,pr,1.0,0.44144754676063974,0.0001665401061906659
SVC,combined,pr,1.0,0.44150738782703,0.00016665806172561147
SVC,combined,pr,1.0,0.44156724511930584,0.0001691474452299844
SVC,combined,pr,1.0,0.4416271186440678,0.00016921907810028196
SVC,combined,pr,1.0,0.44168700840791975,0.0001729987065997902
SVC,combined,pr,1.0,0.44174691441746916,0.00017362709399684238
SVC,combined,pr,1.0,0.4418068366793272,0.00017378516060283204
SVC,combined,pr,1.0,0.44186677520010853,0.00017466221363562882
SVC,combined,pr,1.0,0.44192672998643145,0.00017579567318460864
SVC,combined,pr,1.0,0.4419867010449179,0.000176595493089498
SVC,combined,pr,1.0,0.44204668838219324,0.00017664820299237275
SVC,combined,pr,1.0,0.44210669200488667,0.00017875375941253774
SVC,combined,pr,1.0,0.44216671191963075,0.00017939289625901536
SVC,combined,pr,1.0,0.4422267481330618,0.00018056428483899704
SVC,combined,pr,1.0,0.4422868006518197,0.0001850289783359309
SVC,combined,pr,1.0,0.44234686948254787,0.00018782873667283736
SVC,combined,pr,1.0,0.4424069546318935,0.00018910084225298103
SVC,combined,pr,1.0,0.4424670561065073,0.00018924430916047858
SVC,combined,pr,1.0,0.44252717391304347,0.00019035032437172156
SVC,combined,pr,1.0,0.4425873080581601,0.00019182116916027802
SVC,combined,pr,1.0,0.4426474585485186,0.00019249980022009757
SVC,combined,pr,1.0,0.4427076253907843,0.0001930353721080299
SVC,combined,pr,1.0,0.4427678085916259,0.00019317069239910547
SVC,combined,pr,1.0,0.44282800815771584,0.00019450968655201624
SVC,combined,pr,1.0,0.4428882240957302,0.00019476729423031336
SVC,combined,pr,1.0,0.4429484564123487,0.00019622281113815634
SVC,combined,pr,1.0,0.4430087051142546,0.00019627747496809515
SVC,combined,pr,1.0,0.44306897020813496,0.00019709215222642588
SVC,combined,pr,1.0,0.4431292517006803,0.0001977176042722207
SVC,combined,pr,1.0,0.44318954959858486,0.00019791940004932143
SVC,combined,pr,1.0,0.44324986390854654,0.00019927662870861183
SVC,combined,pr,1.0,0.4433101946372669,0.00020277167998923468
SVC,combined,pr,1.0,0.44337054179145113,0.00020289649041874459
SVC,combined,pr,1.0,0.44343090537780805,0.0002040881096080509
SVC,combined,pr,1.0,0.4434912854030501,0.00020630954326292857
SVC,combined,pr,1.0,0.4435516818738935,0.00020633377585928527
SVC,combined,pr,1.0,0.44361209479705804,0.00020652873281079963
SVC,combined,pr,1.0,0.4436725241792671,0.00020792662312801597
SVC,combined,pr,1.0,0.44373297002724793,0.0002081867529975187
SVC,combined,pr,1.0,0.4437934323477313,0.0002087993964794008
SVC,combined,pr,1.0,0.4438539111474516,0.00021092027604617896
SVC,combined,pr,1.0,0.44391440643314706,0.0002129822735685065
SVC,combined,pr,1.0,0.44397491821155943,0.0002137145309272049
SVC,combined,pr,1.0,0.4440354464894342,0.00021433637710537145
SVC,combined,pr,1.0,0.44409599127352056,0.00021657150785672766
SVC,combined,pr,1.0,0.4441565525705714,0.00021757371669873355
SVC,combined,pr,1.0,0.4442171303873432,0.0002180970380361765
SVC,combined,pr,1.0,0.4442777247305961,0.0002181904289543887
SVC,combined,pr,1.0,0.4443383356070941,0.00022056739917451806
SVC,combined,pr,1.0,0.4443989630236049,0.00022076330111400183
SVC,combined,pr,1.0,0.44445960698689957,0.00022169686647610743
SVC,combined,pr,1.0,0.44452026750375323,0.00022208920748913185
SVC,combined,pr,1.0,0.4445809445809446,0.0002244057573200424
SVC,combined,pr,1.0,0.444641638225256,0.00022505755659224484
SVC,combined,pr,1.0,0.4447023484434735,0.00022515943541596937
SVC,combined,pr,1.0,0.444763075242387,0.00022565559846025505
SVC,combined,pr,1.0,0.44482381862878995,0.0002260794253389607
SVC,combined,pr,1.0,0.44488457860947955,0.000227410333579951
SVC,combined,pr,1.0,0.44494535519125683,0.00022766173712871233
SVC,combined,pr,1.0,0.44500614838092634,0.00023026672820285408
SVC,combined,pr,1.0,0.4450669581852965,0.00023426227825289916
SVC,combined,pr,1.0,0.44512778461117947,0.0002343337079591794
SVC,combined,pr,1.0,0.4451886276653909,0.0002350413652722952
SVC,combined,pr,1.0,0.4452494873547505,0.00023636274263709586
SVC,combined,pr,1.0,0.4453103636860815,0.00023683811343802344
SVC,combined,pr,1.0,0.44537125666621086,0.0002375491875992715
SVC,combined,pr,1.0,0.44543216630196936,0.00023779884764566452
SVC,combined,pr,1.0,0.4454930926001915,0.00023858230363297387
SVC,combined,pr,1.0,0.44555403556771545,0.00023926308442572125
SVC,combined,pr,1.0,0.4456149952113832,0.00024037220356939735
SVC,combined,pr,1.0,0.4456759715380405,0.00024127607399124142
SVC,combined,pr,1.0,0.44573696455453676,0.00024345950336434534
SVC,combined,pr,1.0,0.44579797426772516,0.00024389741150022273
SVC,combined,pr,1.0,0.4458590006844627,0.00024447050377218873
SVC,combined,pr,1.0,0.4459200438116101,0.0002448531043854085
SVC,combined,pr,1.0,0.4459811036560318,0.00024555298735519203
SVC,combined,pr,1.0,0.446042180224596,0.0002459514510240719
SVC,combined,pr,1.0,0.4461032735241748,0.0002463606605346299
SVC,combined,pr,1.0,0.44616438356164384,0.0002476738920945012
SVC,combined,pr,1.0,0.44622551034388275,0.00024775131567452156
SVC,combined,pr,1.0,0.4462866538777747,0.0002485797122402487
SVC,combined,pr,1.0,0.4463478141702069,0.00024933398063034913
SVC,combined,pr,1.0,0.44640899122807015,0.0002508833456408496
SVC,combined,pr,1.0,0.4464701850582591,0.0002514659171431608
SVC,combined,pr,1.0,0.4465313956676721,0.00025206290544539374
SVC,combined,pr,1.0,0.4465926230632113,0.000252278312389588
SVC,combined,pr,1.0,0.4466538672517828,0.00025233858171192555
SVC,combined,pr,1.0,0.44671512824029624,0.00025278716963746806
SVC,combined,pr,1.0,0.4467764060356653,0.00025285586584993246
SVC,combined,pr,1.0,0.44683770064480727,0.0002556829323399653
SVC,combined,pr,1.0,0.4468990120746433,0.00025586669036975913
SVC,combined,pr,1.0,0.44696034033209825,0.00025741191207203463
SVC,combined,pr,1.0,0.44702168542410103,0.0002587780004983749
SVC,combined,pr,1.0,0.4470830473575841,0.0002597353911158667
SVC,combined,pr,1.0,0.4471444261394838,0.0002619363380511466
SVC,combined,pr,1.0,0.44720582177674034,0.00026242268031439163
SVC,combined,pr,1.0,0.4472672342762977,0.0002642505022972555
SVC,combined,pr,1.0,0.4473286636451037,0.00026432881753497714
SVC,combined,pr,1.0,0.4473901098901099,0.0002652469524212164
SVC,combined,pr,1.0,0.44745157301827176,0.0002657641243010659
SVC,combined,pr,1.0,0.4475130530365485,0.0002664013278867555
SVC,combined,pr,1.0,0.44757454995190327,0.0002698190718970082
SVC,combined,pr,1.0,0.44763606377130294,0.0002699940235638654
SVC,combined,pr,1.0,0.4476975945017182,0.00027033105055973116
SVC,combined,pr,1.0,0.44775914215012375,0.00027285577001621763
SVC,combined,pr,1.0,0.4478207067234979,0.0002742455659303948
SVC,combined,pr,1.0,0.44788228822882287,0.0002758039314408245
SVC,combined,pr,1.0,0.4479438866730849,0.00027758627928665215
SVC,combined,pr,1.0,0.4480055020632737,0.0002776593271001653
SVC,combined,pr,1.0,0.4480671344063833,0.00027942690791384566
SVC,combined,pr,1.0,0.4481287837094111,0.0002801535958960473
SVC,combined,pr,1.0,0.44819044997935875,0.0002807522429539634
SVC,combined,pr,1.0,0.4482521332232315,0.00028415334874436465
SVC,combined,pr,1.0,0.44831383344803855,0.0002844070201282339
SVC,combined,pr,1.0,0.44837555066079293,0.00028704799683325734
SVC,combined,pr,1.0,0.44843728486851164,0.0002885633655856333
SVC,combined,pr,1.0,0.44849903607821534,0.000289270059581127
SVC,combined,pr,1.0,0.4485608042969288,0.0002895832114920987
SVC,combined,pr,1.0,0.44862258953168044,0.00029044996965963093
SVC,combined,pr,1.0,0.4486843917895027,0.000292863409543795
SVC,combined,pr,1.0,0.4487462110774318,0.0002959249924746943
SVC,combined,pr,1.0,0.4488080474025079,0.000296496440716345
SVC,combined,pr,1.0,0.4488699007717751,0.0002984704592833658
SVC,combined,pr,1.0,0.44893177119228117,0.0003006398791823542
SVC,combined,pr,1.0,0.44899365867107804,0.000301150953427519
SVC,combined,pr,1.0,0.4490555632152213,0.0003015349959650018
SVC,combined,pr,1.0,0.44911748483177055,0.00030214312996479695
SVC,combined,pr,1.0,0.4491794235277893,0.00030302367175671533
SVC,combined,pr,1.0,0.4492413793103448,0.0003043315509761704
SVC,combined,pr,1.0,0.44930335218650846,0.0003049124860154354
SVC,combined,pr,1.0,0.4493653421633554,0.00030548976787358675
SVC,combined,pr,1.0,0.4494273492479647,0.00030555456915285997
SVC,combined,pr,1.0,0.44948937344741924,0.0003087606648114539
SVC,combined,pr,1.0,0.44955141476880606,0.0003087770853973464
SVC,combined,pr,1.0,0.4496134732192159,0.00031341996026827197
SVC,combined,pr,1.0,0.44967554880574345,0.0003155286607979492
SVC,combined,pr,1.0,0.44973764153548745,0.0003173854287626125
SVC,combined,pr,1.0,0.44979975141555034,0.0003180582734722574
SVC,combined,pr,1.0,0.44986187845303865,0.0003180638902825096
SVC,combined,pr,1.0,0.44992402265506287,0.00031855929283247685
SVC,combined,pr,1.0,0.44998618402873725,0.00032172359485253946
SVC,combined,pr,1.0,0.45004836258118003,0.0003236276860672408
SVC,combined,pr,1.0,0.4501105583195135,0.0003240758708264321
SVC,combined,pr,1.0,0.45017277125086386,0.00032454120017843467
SVC,combined,pr,1.0,0.45023500138236106,0.0003252946019313415
SVC,combined,pr,1.0,0.45029724872113924,0.0003262248337732132
SVC,combined,pr,1.0,0.45035951327433627,0.00032685758719310816
SVC,combined,pr,1.0,0.4504217950490942,0.00032693917322590936
SVC,combined,pr,1.0,0.4504840940525588,0.00033002544595921797
SVC,combined,pr,1.0,0.4505464102918799,0.00033039609861183387
SVC,combined,pr,1.0,0.4506087437742114,0.0003335762103555183
SVC,combined,pr,1.0,0.45067109450671095,0.00033801088146781375
SVC,combined,pr,1.0,0.4507334624965403,0.00033806527146868474
SVC,combined,pr,1.0,0.45079584775086506,0.00033985452408276346
SVC,combined,pr,1.0,0.45085825027685494,0.00034030430286903
SVC,combined,pr,1.0,0.4509206700816835,0.000342358652734814
SVC,combined,pr,1.0,0.4509831071725284,0.00034336549580082665
SVC,combined,pr,1.0,0.4510455615565711,0.0003434965588026654
SVC,combined,pr,1.0,0.45110803324099724,0.0003445609285972529
SVC,combined,pr,1.0,0.45117052223299625,0.0003446098091897743
SVC,combined,pr,1.0,0.4512330285397617,0.0003447139011423516
SVC,combined,pr,1.0,0.45129555216849104,0.0003455608345216006
SVC,combined,pr,1.0,0.4513580931263858,0.0003461674015892429
SVC,combined,pr,1.0,0.4514206514206514,0.00034777628006570495
SVC,combined,pr,1.0,0.45148322705849736,0.0003478192646881757
SVC,combined,pr,1.0,0.4515458200471371,0.00035065625969861545
SVC,combined,pr,1.0,0.4516084303937881,0.0003509869853881292
SVC,combined,pr,1.0,0.4516710581056719,0.00035127919904960955
SVC,combined,pr,1.0,0.4517337031900139,0.00035232970660174426
SVC,combined,pr,1.0,0.4517963656540436,0.00035310024889807757
SVC,combined,pr,1.0,0.45185904550499445,0.00035311123538673644
SVC,combined,pr,1.0,0.45192174275010405,0.0003534267920471985
SVC,combined,pr,1.0,0.4519844573966139,0.0003556047964688499
SVC,combined,pr,1.0,0.4520471894517696,0.00035612099558002546
SVC,combined,pr,1.0,0.45210993892282064,0.0003571025856099466
SVC,combined,pr,1.0,0.4521727058170207,0.00036155676617141626
SVC,combined,pr,1.0,0.45223549014162734,0.00036175396844076636
SVC,combined,pr,1.0,0.45229829190390225,0.0003628269958662449
SVC,combined,pr,1.0,0.4523611111111111,0.0003629757668677053
SVC,combined,pr,1.0,0.4524239477705237,0.0003650656533202444
SVC,combined,pr,1.0,0.4524868018894137,0.00036522570556566275
SVC,combined,pr,1.0,0.45254967347505903,0.0003652500985110672
SVC,combined,pr,1.0,0.4526125625347415,0.0003662888188009008
SVC,combined,pr,1.0,0.4526754690757471,0.000366447896116932
SVC,combined,pr,1.0,0.45273839310536557,0.00036733569947587007
SVC,combined,pr,1.0,0.4528013346308911,0.0003683222134552707
SVC,combined,pr,1.0,0.4528642936596218,0.0003684030813921471
SVC,combined,pr,1.0,0.4529272701988597,0.0003691613868671583
SVC,combined,pr,1.0,0.452990264255911,0.0003709272409774837
SVC,combined,pr,1.0,0.45305327583808597,0.0003721190234995243
SVC,combined,pr,1.0,0.45311630495269895,0.00037373742804172166
SVC,combined,pr,1.0,0.4531793516070683,0.0003747278538561187
SVC,combined,pr,1.0,0.45324241580851654,0.0003753949008802303
SVC,combined,pr,1.0,0.4533054975643702,0.00037564104245649325
SVC,combined,pr,1.0,0.4533685968819599,0.0003768833891476757
SVC,combined,pr,1.0,0.45343171376862035,0.0003773244101430907
SVC,combined,pr,1.0,0.45349484823169034,0.00037834306208008977
SVC,combined,pr,1.0,0.45355800027851273,0.0003785097222685268
SVC,combined,pr,1.0,0.45362116991643453,0.00037944061333989985
SVC,combined,pr,1.0,0.4536843571528068,0.0003813018189805836
SVC,combined,pr,1.0,0.45374756199498467,0.00038386138068927203
SVC,combined,pr,1.0,0.4538107844503274,0.000385511129432728
SVC,combined,pr,1.0,0.45387402452619846,0.000386307010487938
SVC,combined,pr,1.0,0.45393728222996516,0.0003864320878258084
SVC,combined,pr,1.0,0.45400055756899915,0.0003871215799608234
SVC,combined,pr,1.0,0.45406385055067616,0.00038817759087334046
SVC,combined,pr,1.0,0.4541271611823759,0.0003883951894725912
SVC,combined,pr,1.0,0.4541904894714824,0.0003901761230571865
SVC,combined,pr,1.0,0.45425383542538356,0.0003935888932175416
SVC,combined,pr,1.0,0.4543171990514716,0.0003937641082825368
SVC,combined,pr,1.0,0.45438058035714285,0.0003941601422316761
SVC,combined,pr,1.0,0.4544439793497977,0.00039870745114583194
SVC,combined,pr,1.0,0.45450739603684065,0.00040165910208277
SVC,combined,pr,1.0,0.4545708304256804,0.00040697589473884135
SVC,combined,pr,1.0,0.4546342825237298,0.0004079991481820445
SVC,combined,pr,1.0,0.4546977523384057,0.00040824877774208015
SVC,combined,pr,1.0,0.4547612398771293,0.0004109688518531022
SVC,combined,pr,1.0,0.4548247451473258,0.0004109958456602083
SVC,combined,pr,1.0,0.4548882681564246,0.0004137381232870951
SVC,combined,pr,1.0,0.4549518089118592,0.00041439361698176303
SVC,combined,pr,1.0,0.45501536742106735,0.0004162300223479485
SVC,combined,pr,1.0,0.4550789436914908,0.0004170967136948362
SVC,combined,pr,1.0,0.4551425377305757,0.0004185096958252515
SVC,combined,pr,1.0,0.4552061495457722,0.0004188267180513853
SVC,combined,pr,1.0,0.45526977914453454,0.0004230708750981786
SVC,combined,pr,1.0,0.45533342653432124,0.00042312689313678335
SVC,combined,pr,1.0,0.45539709172259507,0.0004243266393166025
SVC,combined,pr,1.0,0.45546077471682284,0.0004247679418757932
SVC,combined,pr,1.0,0.4555244755244755,0.00042511644718503365
SVC,combined,pr,1.0,0.45558819415302837,0.00042779155775371356
SVC,combined,pr,1.0,0.45565193060996084,0.000427983972021959
SVC,combined,pr,1.0,0.4557156849027564,0.0004321598154178973
SVC,combined,pr,1.0,0.4557794570389029,0.00043441156458043335
SVC,combined,pr,1.0,0.45584324702589224,0.00044002240188252914
SVC,combined,pr,1.0,0.45590705487122063,0.0004441525546303982
SVC,combined,pr,1.0,0.4559708805823883,0.00044479911058636397
SVC,combined,pr,1.0,0.45603472416690005,0.0004449027550472992
SVC,combined,pr,1.0,0.4560985856322644,0.00044592599149031244
SVC,combined,pr,1.0,0.4561624649859944,0.00044630949824407755
SVC,combined,pr,1.0,0.45622636223560725,0.00044708273992248213
SVC,combined,pr,1.0,0.45629027738862427,0.00044748451414205196
SVC,combined,pr,1.0,0.45635421045257113,0.00044751278713022597
SVC,combined,pr,1.0,0.4564181614349776,0.00044776876672386823
SVC,combined,pr,1.0,0.4564821303433777,0.0004539698464167409
SVC,combined,pr,1.0,0.4565461171853098,0.00045556615979280135
SVC,combined,pr,1.0,0.4566101219683163,0.0004569757143667171
SVC,combined,pr,1.0,0.45667414469994394,0.000457885855264825
SVC,combined,pr,1.0,0.45673818538774363,0.00045942298941616214
SVC,combined,pr,1.0,0.45680224403927067,0.00045993709702212194
SVC,combined,pr,1.0,0.45686632066208444,0.00046157845805064264
SVC,combined,pr,1.0,0.4569304152637486,0.0004637427791832381
SVC,combined,pr,1.0,0.4569945278518311,0.0004641366670052641
SVC,combined,pr,1.0,0.45705865843390403,0.0004643801271828342
SVC,combined,pr,1.0,0.4571228070175439,0.00046509729405997454
SVC,combined,pr,1.0,0.4571869736103313,0.00046620717794115097
SVC,combined,pr,1.0,0.4572511582198512,0.0004706778694956834
SVC,combined,pr,1.0,0.4573153608536928,0.0004713263469858533
SVC,combined,pr,1.0,0.4573795815194495,0.0004766440037105963
SVC,combined,pr,1.0,0.4574438202247191,0.0004795543880430563
SVC,combined,pr,1.0,0.45750807697710355,0.00048230207159956156
SVC,combined,pr,1.0,0.4575723517842091,0.0004843580745171559
SVC,combined,pr,1.0,0.4576366446536462,0.00048476192117033706
SVC,combined,pr,1.0,0.4577009555930298,0.00048481784746159983
SVC,combined,pr,1.0,0.4577652846099789,0.0004932932247466794
SVC,combined,pr,1.0,0.45782963171211694,0.0004968866145559915
SVC,combined,pr,1.0,0.45789399690707155,0.0004982843511282608
SVC,combined,pr,1.0,0.4579583802024747,0.0004994656345760747
SVC,combined,pr,1.0,0.4580227816059626,0.0005000969036943569
SVC,combined,pr,1.0,0.4580872011251758,0.0005007629293400561
SVC,combined,pr,1.0,0.45815163876775916,0.0005029158246420221
SVC,combined,pr,1.0,0.45821609454136186,0.0005031647723356081
SVC,combined,pr,1.0,0.45828056845363724,0.0005054968764617575
SVC,combined,pr,1.0,0.45834506051224316,0.0005064693853357201
SVC,combined,pr,1.0,0.4584095707248417,0.0005066004405720899
SVC,combined,pr,1.0,0.4584740990990991,0.0005075132895460601
SVC,combined,pr,1.0,0.4585386456426862,0.0005125667396715533
SVC,combined,pr,1.0,0.45860321036327795,0.0005150321766927889
SVC,combined,pr,1.0,0.4586677932685537,0.0005151541636064832
SVC,combined,pr,1.0,0.45873239436619717,0.0005172424747126982
SVC,combined,pr,1.0,0.4587970136638963,0.0005188292123348823
SVC,combined,pr,1.0,0.45886165116934347,0.0005196278860428641
SVC,combined,pr,1.0,0.45892630689023534,0.0005204754414714968
SVC,combined,pr,1.0,0.4589909808342728,0.0005209788443241336
SVC,combined,pr,1.0,0.4590556730091614,0.000521789764961652
SVC,combined,pr,1.0,0.45912038342261063,0.0005226224022756201
SVC,combined,pr,1.0,0.4591851120823347,0.0005229275444735903
SVC,combined,pr,1.0,0.45924985899605186,0.0005233009919925767
SVC,combined,pr,1.0,0.459314624171485,0.0005238599371007498
SVC,combined,pr,1.0,0.4593794076163611,0.0005243163973406116
SVC,combined,pr,1.0,0.4594442093384116,0.0005245798307403757
SVC,combined,pr,1.0,0.45950902934537247,0.000525497596363808
SVC,combined,pr,1.0,0.45957386764498376,0.0005258732552225521
SVC,combined,pr,1.0,0.45963872424499014,0.0005281001092700292
SVC,combined,pr,1.0,0.45970359915314046,0.0005285602964859666
SVC,combined,pr,1.0,0.45976849237718803,0.0005313840521210964
SVC,combined,pr,1.0,0.4598334039248906,0.0005346378085547744
SVC,combined,pr,1.0,0.4598983338040102,0.0005350429670032954
SVC,combined,pr,1.0,0.45996328202231324,0.0005355439797588471
SVC,combined,pr,1.0,0.46002824858757063,0.0005363655331410484
SVC,combined,pr,1.0,0.46009323350755754,0.0005366799195842467
SVC,combined,pr,1.0,0.4601582367900537,0.000537951333759349
SVC,combined,pr,1.0,0.460223258442843,0.0005383233262111347
SVC,combined,pr,1.0,0.46028829847371394,0.0005407215343063653
SVC,combined,pr,1.0,0.46035335689045936,0.0005410183599537764
SVC,combined,pr,1.0,0.46041843370087643,0.0005410936087277431
SVC,combined,pr,1.0,0.46048352891276684,0.0005424305686689597
SVC,combined,pr,1.0,0.4605486425339366,0.0005425379722119313
SVC,combined,pr,1.0,0.4606137745721963,0.0005432911343713621
SVC,combined,pr,1.0,0.4606789250353607,0.0005455556883843432
SVC,combined,pr,1.0,0.4607440939312491,0.0005478952983187563
SVC,combined,pr,1.0,0.46080928126768533,0.0005500816612688154
SVC,combined,pr,1.0,0.4608744870524975,0.0005531457697826866
SVC,combined,pr,1.0,0.46093971129351824,0.0005556249185770441
SVC,combined,pr,1.0,0.4610049539985846,0.0005591979779112488
SVC,combined,pr,1.0,0.4610702151755379,0.0005598647307494947
SVC,combined,pr,1.0,0.46113549483222427,0.0005613727622452187
SVC,combined,pr,1.0,0.4612007929764939,0.0005639408191529602
SVC,combined,pr,1.0,0.4612661096162017,0.000564003764562579
SVC,combined,pr,1.0,0.4613314447592068,0.0005647301068472809
SVC,combined,pr,1.0,0.461396798413373,0.0005649382351173965
SVC,combined,pr,1.0,0.4614621705865684,0.0005652201962360936
SVC,combined,pr,1.0,0.4615275612866657,0.0005661714602264199
SVC,combined,pr,1.0,0.46159297052154197,0.0005676581429290145
SVC,combined,pr,1.0,0.4616583982990787,0.0005695745012742692
SVC,combined,pr,1.0,0.4617238446271619,0.0005703051568113872
SVC,combined,pr,1.0,0.46178930951368213,0.0005755086893402926
SVC,combined,pr,1.0,0.4618547929665343,0.0005770687730277267
SVC,combined,pr,1.0,0.4619202949936179,0.0005825670842868487
SVC,combined,pr,1.0,0.46198581560283686,0.0005837861690273049
SVC,combined,pr,1.0,0.4620513548020996,0.00058413249742087
SVC,combined,pr,1.0,0.462116912599319,0.0005844555167288461
SVC,combined,pr,1.0,0.4621824890024124,0.0005845159637223946
SVC,combined,pr,1.0,0.46224808401930173,0.0005850122363919463
SVC,combined,pr,1.0,0.4623136976579134,0.0005856195627505588
SVC,combined,pr,1.0,0.4623793299261783,0.0005888423308449353
SVC,combined,pr,1.0,0.4624449808320318,0.0005891008155968928
SVC,combined,pr,1.0,0.4625106503834138,0.0005907975989361625
SVC,combined,pr,1.0,0.4625763385882687,0.0005917601296411983
SVC,combined,pr,1.0,0.46264204545454546,0.0005919834822284108
SVC,combined,pr,1.0,0.4627077709901975,0.0005935008165028531
SVC,combined,pr,1.0,0.4627735152031827,0.0005945158847901626
SVC,combined,pr,1.0,0.4628392781014637,0.0005954532423351559
SVC,combined,pr,1.0,0.46297085998578535,0.0005969160533227685
SVC,combined,pr,1.0,0.4630366789877737,0.000598839355730255
SVC,combined,pr,1.0,0.46310251670695296,0.0006009364467867104
SVC,combined,pr,1.0,0.4631683731513083,0.0006025024197423649
SVC,combined,pr,1.0,0.4632342483288295,0.0006026150184610189
SVC,combined,pr,1.0,0.46330014224751065,0.0006027422600979826
SVC,combined,pr,1.0,0.4633660549153507,0.0006033660913367876
SVC,combined,pr,1.0,0.4634319863403529,0.0006049978264117372
SVC,combined,pr,1.0,0.4634979365305251,0.0006070359258048339
SVC,combined,pr,1.0,0.4635639054938799,0.0006083930680880783
SVC,combined,pr,1.0,0.4636298932384342,0.0006090246124191125
SVC,combined,pr,1.0,0.46369589977220954,0.0006101994604181264
SVC,combined,pr,1.0,0.4637619251032322,0.0006102311574484251
SVC,combined,pr,1.0,0.4638279692395329,0.0006105361429658587
SVC,combined,pr,1.0,0.4638940321891468,0.0006105887668691959
SVC,combined,pr,1.0,0.46396011396011394,0.0006119537427066395
SVC,combined,pr,1.0,0.4640262145604787,0.0006164630995609346
SVC,combined,pr,1.0,0.4640923339982901,0.0006192790767790009
SVC,combined,pr,1.0,0.46415847228160184,0.0006193360974815758
SVC,combined,pr,1.0,0.4642246294184721,0.0006198895089507306
SVC,combined,pr,1.0,0.46429080541696366,0.0006234436759510752
SVC,combined,pr,1.0,0.464357000285144,0.0006237424734008566
SVC,combined,pr,1.0,0.4644232140310851,0.0006255846249871404
SVC,combined,pr,1.0,0.4644894466628637,0.0006260129211090537
SVC,combined,pr,1.0,0.46455569818856085,0.0006275607078987281
SVC,combined,pr,1.0,0.4646219686162625,0.0006282800209003414
SVC,combined,pr,1.0,0.46468825795405905,0.0006299401453675321
SVC,combined,pr,1.0,0.4647545662100457,0.0006324498979554544
SVC,combined,pr,1.0,0.46482089339232197,0.0006340016917212391
SVC,combined,pr,1.0,0.4648872395089923,0.0006344565211064848
SVC,combined,pr,1.0,0.4649536045681656,0.0006382032520703776
SVC,combined,pr,1.0,0.46501998857795546,0.0006411171935654434
SVC,combined,pr,1.0,0.46508639154648007,0.0006414576440799734
SVC,combined,pr,1.0,0.4651528134818623,0.000642514937477928
SVC,combined,pr,1.0,0.46521925439222966,0.0006446136899650683
SVC,combined,pr,1.0,0.4652857142857143,0.0006451113942413045
SVC,combined,pr,1.0,0.4653521931704529,0.0006456362568104785
SVC,combined,pr,1.0,0.46541869105458705,0.0006457249561560252
SVC,combined,pr,1.0,0.4654852079462627,0.0006461553223122129
SVC,combined,pr,1.0,0.46555174385363063,0.0006473274036741386
SVC,combined,pr,1.0,0.46561829878484634,0.0006486580767263998
SVC,combined,pr,1.0,0.4656848727480698,0.000652653841089269
SVC,combined,pr,1.0,0.46575146575146575,0.0006546628176001759
SVC,combined,pr,1.0,0.46581807780320367,0.0006549849871016647
SVC,combined,pr,1.0,0.4658847089114576,0.0006551522398386915
SVC,combined,pr,1.0,0.46595135908440627,0.0006551551975951588
SVC,combined,pr,1.0,0.4660180283302332,0.0006578509130003171
SVC,combined,pr,1.0,0.46608471665712653,0.000661929800323121
SVC,combined,pr,1.0,0.4661514240732789,0.00066238784643176
SVC,combined,pr,1.0,0.46621815058688804,0.000664854699773109
SVC,combined,pr,1.0,0.46628489620615604,0.0006658694828210326
SVC,combined,pr,1.0,0.4663516609392898,0.0006662888560253819
SVC,combined,pr,1.0,0.46641844479450095,0.000666646118965374
SVC,combined,pr,1.0,0.4664852477800057,0.0006667242411449873
SVC,combined,pr,1.0,0.4665520699040252,0.0006690624141119985
SVC,combined,pr,1.0,0.4666189111747851,0.0006697584411788502
SVC,combined,pr,1.0,0.46668577160051583,0.0006699559415067657
SVC,combined,pr,1.0,0.4667526511894526,0.0006713871646783086
SVC,combined,pr,1.0,0.46681954994983516,0.0006777471235582255
SVC,combined,pr,1.0,0.46688646788990823,0.0006792610447368469
SVC,combined,pr,1.0,0.46695340501792115,0.0006807417334095946
SVC,combined,pr,1.0,0.4670203613421279,0.0006829468951396394
SVC,combined,pr,1.0,0.4670873368707873,0.0006831090297991938
SVC,combined,pr,1.0,0.46715433161216297,0.0006851922561977914
SVC,combined,pr,1.0,0.46722134557452305,0.0006869350974087009
SVC,combined,pr,1.0,0.4672883787661406,0.0006877557209095077
SVC,combined,pr,1.0,0.46735543119529344,0.0006884262894489393
SVC,combined,pr,1.0,0.46742250287026404,0.0006906068838473242
SVC,combined,pr,1.0,0.46748959379933974,0.0006941520943691045
SVC,combined,pr,1.0,0.4675567039908125,0.0006942312836807001
SVC,combined,pr,1.0,0.4676238334529792,0.0006962814513110993
SVC,combined,pr,1.0,0.4676909821941413,0.0007049851001000401
SVC,combined,pr,1.0,0.4677581502226052,0.0007065951950979374
SVC,combined,pr,1.0,0.467825337546682,0.0007087942479890152
SVC,combined,pr,1.0,0.46789254417468756,0.0007097694017161238
SVC,combined,pr,1.0,0.46795977011494255,0.0007162447023599834
SVC,combined,pr,1.0,0.4680270153757724,0.000720594537494084
SVC,combined,pr,1.0,0.46809427996550734,0.0007210299200086854
SVC,combined,pr,1.0,0.46816156389248237,0.0007259499953181694
SVC,combined,pr,1.0,0.46822886716503737,0.0007260968875905579
SVC,combined,pr,1.0,0.4682961897915169,0.000726504345092287
SVC,combined,pr,1.0,0.46836353178027035,0.0007265699236731752
SVC,combined,pr,1.0,0.46843089313965197,0.0007285166189470201
SVC,combined,pr,1.0,0.46849827387802073,0.000732493794354596
SVC,combined,pr,1.0,0.4685656740037405,0.0007330854339293677
SVC,combined,pr,1.0,0.46863309352517984,0.0007358394070629336
SVC,combined,pr,1.0,0.46870053245071236,0.0007362225487625467
SVC,combined,pr,1.0,0.46876799078871617,0.0007368470197638144
SVC,combined,pr,1.0,0.4688354685475745,0.0007386170335646674
SVC,combined,pr,1.0,0.4689029657356752,0.0007390517213624379
SVC,combined,pr,1.0,0.4689704823614111,0.0007392240294854129
SVC,combined,pr,1.0,0.4690380184331797,0.0007410750871828394
SVC,combined,pr,1.0,0.46910557395938357,0.0007414618234822386
SVC,combined,pr,1.0,0.4691731489484299,0.0007418294356186468
SVC,combined,pr,1.0,0.46924074340873073,0.0007423290129935787
SVC,combined,pr,1.0,0.4693083573487032,0.0007431615862302303
SVC,combined,pr,1.0,0.469375990776769,0.0007503052047220547
SVC,combined,pr,1.0,0.4694436437013549,0.0007555556491894975
SVC,combined,pr,1.0,0.4695113161308923,0.0007569483325130371
SVC,combined,pr,1.0,0.46957900807381775,0.0007619554533354098
SVC,combined,pr,1.0,0.46964671953857245,0.0007638754216233142
SVC,combined,pr,1.0,0.46971445053360256,0.0007666911393289919
SVC,combined,pr,1.0,0.469782201067359,0.0007689002830347674
SVC,combined,pr,1.0,0.46984997114829774,0.0007716400560339601
SVC,combined,pr,1.0,0.4699177607848795,0.0007743783441880207
SVC,combined,pr,1.0,0.46998556998557,0.0007752931914579432
SVC,combined,pr,1.0,0.47005339875883967,0.0007763576503395448
SVC,combined,pr,1.0,0.470121247113164,0.0007773626026765769
SVC,combined,pr,1.0,0.47018911505702327,0.0007803479629119566
SVC,combined,pr,1.0,0.4702570025989027,0.0007811462030609253
SVC,combined,pr,1.0,0.4703249097472924,0.0007821549827113297
SVC,combined,pr,1.0,0.4703928365106875,0.00078227025915114
SVC,combined,pr,1.0,0.47046078289758775,0.0007823866335661367
SVC,combined,pr,1.0,0.4705287489164981,0.0007829848907521996
SVC,combined,pr,1.0,0.4705967345759283,0.0007862059345654072
SVC,combined,pr,1.0,0.47066473988439306,0.0007863429558566216
SVC,combined,pr,1.0,0.47073276485041193,0.0007868137048811884
SVC,combined,pr,1.0,0.4708008094825094,0.0007876051737958277
SVC,combined,pr,1.0,0.470868873789215,0.0007897277825592445
SVC,combined,pr,1.0,0.470936957779063,0.0007922362114508178
SVC,combined,pr,1.0,0.4710050614605929,0.0007926139745964802
SVC,combined,pr,1.0,0.47107318484234884,0.0007927468926655556
SVC,combined,pr,1.0,0.4711413279328801,0.0007931623809215175
SVC,combined,pr,1.0,0.47120949074074076,0.0007941789911702756
SVC,combined,pr,1.0,0.47127767327448994,0.0007949512188873808
SVC,combined,pr,1.0,0.47134587554269175,0.0007971787971638281
SVC,combined,pr,1.0,0.47141409755391517,0.0007979100597209588
SVC,combined,pr,1.0,0.4714823393167342,0.0007993367719779402
SVC,combined,pr,1.0,0.47155060083972783,0.0008001180996020764
SVC,combined,pr,1.0,0.4716188821314799,0.0008001434534496173
SVC,combined,pr,1.0,0.4716871832005793,0.0008003761611796626
SVC,combined,pr,1.0,0.47175550405561995,0.0008032343722806841
SVC,combined,pr,1.0,0.4718238447052006,0.0008041240803611503
SVC,combined,pr,1.0,0.47189220515792524,0.0008060032350512645
SVC,combined,pr,1.0,0.47196058542240255,0.0008076356103256716
SVC,combined,pr,1.0,0.47202898550724637,0.0008100426549780063
SVC,combined,pr,1.0,0.47209740542107553,0.0008107681704202763
SVC,combined,pr,1.0,0.47216584517251375,0.0008112102868032775
SVC,combined,pr,1.0,0.47223430477018996,0.0008132883437730618
SVC,combined,pr,1.0,0.4723027842227378,0.000819136216171655
SVC,combined,pr,1.0,0.4723712835387962,0.0008208721304887485
SVC,combined,pr,1.0,0.472439802727009,0.0008227538762628962
SVC,combined,pr,1.0,0.47250834179602497,0.0008242004301009595
SVC,combined,pr,1.0,0.472576900754498,0.0008244957573901567
SVC,combined,pr,1.0,0.47264547961108694,0.0008245189770096301
SVC,combined,pr,1.0,0.4727140783744557,0.0008245212462202307
SVC,combined,pr,1.0,0.47278269705327336,0.0008260119745353113
SVC,combined,pr,1.0,0.4728513356562137,0.0008283639418124704
SVC,combined,pr,1.0,0.47291999419195585,0.0008308436964003345
SVC,combined,pr,1.0,0.4729886726691839,0.000831443411457621
SVC,combined,pr,1.0,0.4730573710965868,0.0008328166140318229
SVC,combined,pr,1.0,0.4731260894828588,0.000833202921746619
SVC,combined,pr,1.0,0.47319482783669914,0.0008332612461590776
SVC,combined,pr,1.0,0.47326358616681197,0.0008344092317099233
SVC,combined,pr,1.0,0.4733323644819067,0.0008345121306844418
SVC,combined,pr,1.0,0.47340116279069766,0.0008385106512617972
SVC,combined,pr,1.0,0.47346998110190436,0.0008405179510943009
SVC,combined,pr,1.0,0.47353881942425124,0.0008435798862470651
SVC,combined,pr,1.0,0.47360767776646795,0.0008456850379384407
SVC,combined,pr,1.0,0.4736765561372891,0.0008485120706799862
SVC,combined,pr,1.0,0.4737454545454545,0.0008486503827481948
SVC,combined,pr,1.0,0.473814372999709,0.0008534564082209305
SVC,combined,pr,1.0,0.4738833115088026,0.0008534874858497039
SVC,combined,pr,1.0,0.4739522700814901,0.0008566343557907486
SVC,combined,pr,1.0,0.4740212487265318,0.0008567553189719456
SVC,combined,pr,1.0,0.47409024745269285,0.0008580649692603561
SVC,combined,pr,1.0,0.4741592662687436,0.0008586026049962238
SVC,combined,pr,1.0,0.47422830518345954,0.0008595878952130782
SVC,combined,pr,1.0,0.4742973642056211,0.0008612361835916181
SVC,combined,pr,1.0,0.47436644334401395,0.0008612703513281636
SVC,combined,pr,1.0,0.474435542607429,0.0008633031036893255
SVC,combined,pr,1.0,0.474504662004662,0.0008672940273026889
SVC,combined,pr,1.0,0.47457380154451406,0.000869602439885148
SVC,combined,pr,1.0,0.4746429612357913,0.0008707556897710212
SVC,combined,pr,1.0,0.4747121410873051,0.0008708263944202252
SVC,combined,pr,1.0,0.47478134110787173,0.0008716728970178011
SVC,combined,pr,1.0,0.47485056130631287,0.0008729766223705125
SVC,combined,pr,1.0,0.47491980169145526,0.0008729791114242729
SVC,combined,pr,1.0,0.47498906227213067,0.0008734902264437827
SVC,combined,pr,1.0,0.4750583430571762,0.0008738382077149743
SVC,combined,pr,1.0,0.475127644055434,0.0008740072507041338
SVC,combined,pr,1.0,0.4751969652757514,0.0008749526940035314
SVC,combined,pr,1.0,0.4752663067269809,0.0008765847572706293
SVC,combined,pr,1.0,0.47533566841798014,0.000877347691649885
SVC,combined,pr,1.0,0.47540505035761205,0.0008773826546888034
SVC,combined,pr,1.0,0.4754744525547445,0.0008829644271383763
SVC,combined,pr,1.0,0.47554387501825085,0.0008831323559025947
SVC,combined,pr,1.0,0.4756133177570093,0.0008831899512805067
SVC,combined,pr,1.0,0.4756827807799036,0.000884817534946322
SVC,combined,pr,1.0,0.4757522640958224,0.000886144367516605
SVC,combined,pr,1.0,0.4758217677136596,0.0008864011315590359
SVC,combined,pr,1.0,0.4758912916423144,0.000886800305665166
SVC,combined,pr,1.0,0.4759608358906912,0.000887165614703561
SVC,combined,pr,1.0,0.4760304004676995,0.0008871980559239318
SVC,combined,pr,1.0,0.47609998538225407,0.0008871984825335128
SVC,combined,pr,1.0,0.47616959064327485,0.0008889300008065397
SVC,combined,pr,1.0,0.47623921625968707,0.0008904864166301468
SVC,combined,pr,1.0,0.4763088622404212,0.0008923612198574333
SVC,combined,pr,1.0,0.47637852859441276,0.0009042679711617147
SVC,combined,pr,1.0,0.47644821533060266,0.0009073531619866931
SVC,combined,pr,1.0,0.4765179224579371,0.0009081335498874652
SVC,combined,pr,1.0,0.4765876499853673,0.0009116291059263817
SVC,combined,pr,1.0,0.47665739792184986,0.0009121546767820781
SVC,combined,pr,1.0,0.4767271662763466,0.000912497599007601
SVC,combined,pr,1.0,0.4767969550578246,0.0009144148517320245
SVC,combined,pr,1.0,0.4768667642752562,0.0009214465696457001
SVC,combined,pr,1.0,0.476936593937619,0.0009220741878108634
SVC,combined,pr,1.0,0.47700644405389575,0.0009261634283907893
SVC,combined,pr,1.0,0.47707631463307454,0.0009278994176265322
SVC,combined,pr,1.0,0.47714620568414884,0.0009301546598946041
SVC,combined,pr,1.0,0.47721611721611723,0.000931320719794175
SVC,combined,pr,1.0,0.47728604923798357,0.0009316043786884208
SVC,combined,pr,1.0,0.47735600175875714,0.0009317211141982486
SVC,combined,pr,1.0,0.47742597478745236,0.0009337067294262052
SVC,combined,pr,1.0,0.477495968333089,0.0009360702662660701
SVC,combined,pr,1.0,0.47756598240469206,0.000937542233142081
SVC,combined,pr,1.0,0.477636017011292,0.0009379398203252617
SVC,combined,pr,1.0,0.47770607216192434,0.0009395172021624395
SVC,combined,pr,1.0,0.47777614786563005,0.0009413588090951599
SVC,combined,pr,1.0,0.4778462441314554,0.0009436013020180504
SVC,combined,pr,1.0,0.47791636096845197,0.0009445803788287973
SVC,combined,pr,1.0,0.47798649838567653,0.000947171246276401
SVC,combined,pr,1.0,0.4780566563921914,0.0009482396652909698
SVC,combined,pr,1.0,0.478126834997064,0.0009499304295464131
SVC,combined,pr,1.0,0.4781970342093672,0.0009513267894593213
SVC,combined,pr,1.0,0.47826725403817916,0.0009529941686369898
SVC,combined,pr,1.0,0.47833749449258334,0.0009534641864688207
SVC,combined,pr,1.0,0.47840775558166865,0.0009562008611177123
SVC,combined,pr,1.0,0.47847803731452915,0.0009576000429485395
SVC,combined,pr,1.0,0.47854833970026445,0.0009614387024546225
SVC,combined,pr,1.0,0.47861866274797943,0.0009640666858176366
SVC,combined,pr,1.0,0.47868900646678425,0.0009648545997947457
SVC,combined,pr,1.0,0.4787593708657945,0.0009657282311326268
SVC,combined,pr,1.0,0.47882975595413113,0.0009660584201688648
SVC,combined,pr,1.0,0.4789001617409204,0.0009670450536432782
SVC,combined,pr,1.0,0.4789705882352941,0.0009679719705020118
SVC,combined,pr,1.0,0.47904103544638915,0.0009686159183112166
SVC,combined,pr,1.0,0.47911150338334807,0.0009689669562240405
SVC,combined,pr,1.0,0.47918199205531853,0.0009697472210006271
SVC,combined,pr,1.0,0.4792525014714538,0.0009699841623458131
SVC,combined,pr,1.0,0.47932303164091244,0.0009712541755666046
SVC,combined,pr,1.0,0.4793935825728584,0.0009721116921250617
SVC,combined,pr,1.0,0.47946415427646105,0.0009721727181172613
SVC,combined,pr,1.0,0.4795347467608952,0.0009734893757788193
SVC,combined,pr,1.0,0.4796053600353409,0.000974611544343715
SVC,combined,pr,1.0,0.4796759941089838,0.0009752816552190991
SVC,combined,pr,1.0,0.4797466489910149,0.0009901554319342646
SVC,combined,pr,1.0,0.47981732469063054,0.0009906898495753147
SVC,combined,pr,1.0,0.47988802121703256,0.0009925676682924186
SVC,combined,pr,1.0,0.4799587385794282,0.0009940856497604059
SVC,combined,pr,1.0,0.48002947678703023,0.0009947182586890816
SVC,combined,pr,1.0,0.4801002358490566,0.0009965033608604354
SVC,combined,pr,1.0,0.4801710157747309,0.0009986564901860824
SVC,combined,pr,1.0,0.48024181657328224,0.001000974096396846
SVC,combined,pr,1.0,0.4803126382539448,0.0010022578568590985
SVC,combined,pr,1.0,0.4803834808259587,0.0010031449164795813
SVC,combined,pr,1.0,0.4804543442985691,0.0010044460219812365
SVC,combined,pr,1.0,0.4805252286810269,0.0010059947571153787
SVC,combined,pr,1.0,0.48059613398258816,0.0010061387408442978
SVC,combined,pr,1.0,0.48066706021251476,0.001009860368821395
SVC,combined,pr,1.0,0.48073800738007383,0.001009967008789332
SVC,combined,pr,1.0,0.48080897549453794,0.0010105930861734628
SVC,combined,pr,1.0,0.4808799645651853,0.001012575493916473
SVC,combined,pr,1.0,0.48102200561216957,0.0010133762059675885
SVC,combined,pr,1.0,0.4810930576070901,0.0010154170918879285
SVC,combined,pr,1.0,0.48116413059536123,0.0010183967150316595
SVC,combined,pr,1.0,0.4812352245862884,0.0010202691199184604
SVC,combined,pr,1.0,0.4813063395891828,0.0010204939995759796
SVC,combined,pr,1.0,0.4813774756133609,0.0010220748425399304
SVC,combined,pr,1.0,0.48144863266814486,0.0010244758045005263
SVC,combined,pr,1.0,0.4815198107628622,0.0010252445823677886
SVC,combined,pr,1.0,0.48159100990684606,0.0010254505112916275
SVC,combined,pr,1.0,0.4816622301094351,0.0010276217418402494
SVC,combined,pr,1.0,0.48173347137997335,0.0010279301584607142
SVC,combined,pr,1.0,0.48180473372781063,0.001028405736013159
SVC,combined,pr,1.0,0.4818760171623021,0.0010290886608411403
SVC,combined,pr,1.0,0.4819473216928085,0.0010300972144648235
SVC,combined,pr,1.0,0.48201864732869615,0.0010311649496397635
SVC,combined,pr,1.0,0.4820899940793369,0.0010360679987493299
SVC,combined,pr,1.0,0.4821613619541081,0.0010371895092597214
SVC,combined,pr,1.0,0.48223275096239265,0.0010381339977763213
SVC,combined,pr,1.0,0.48230416111357916,0.0010432860990932248
SVC,combined,pr,1.0,0.4823755924170616,0.0010439022186922628
SVC,combined,pr,1.0,0.48244704488223966,0.0010456658270537262
SVC,combined,pr,1.0,0.4825185185185185,0.001049392408987916
SVC,combined,pr,1.0,0.48259001333530893,0.001050527630459106
SVC,combined,pr,1.0,0.4826615293420273,0.0010529225380053642
SVC,combined,pr,1.0,0.48273306654809545,0.001054609968248305
SVC,combined,pr,1.0,0.482804624962941,0.0010603634708802065
SVC,combined,pr,1.0,0.48287620459599706,0.0010616656930332031
SVC,combined,pr,1.0,0.48294780545670224,0.0010627602242841668
SVC,combined,pr,1.0,0.48301942755450095,0.0010629243258947943
SVC,combined,pr,1.0,0.48309107089884307,0.0010637218097220252
SVC,combined,pr,1.0,0.4831627354991841,0.001063877753259407
SVC,combined,pr,1.0,0.4832344213649852,0.0010652138153323595
SVC,combined,pr,1.0,0.48330612850571303,0.0010652493580273973
SVC,combined,pr,1.0,0.48337785693084,0.001065290843049518
SVC,combined,pr,1.0,0.48352137767220904,0.0010724889598545421
SVC,combined,pr,1.0,0.4835931700074239,0.001073334523443952
SVC,combined,pr,1.0,0.48366498366498367,0.0010751212042198197
SVC,combined,pr,1.0,0.48373681865438883,0.0010803070993721318
SVC,combined,pr,1.0,0.48380867498514557,0.0010861302514951628
SVC,combined,pr,1.0,0.4838805526667657,0.0010899709603032534
SVC,combined,pr,1.0,0.4839524517087667,0.0010918295159121167
SVC,combined,pr,1.0,0.48402437212067173,0.001091967864164165
SVC,combined,pr,1.0,0.4840963139120095,0.0010955963745525228
SVC,combined,pr,1.0,0.4841682770923146,0.0010990643861684072
SVC,combined,pr,1.0,0.484240261671127,0.0011024559056071381
SVC,combined,pr,1.0,0.48431226765799257,0.0011032415027427888
SVC,combined,pr,1.0,0.48438429506246283,0.0011046569605605635
SVC,combined,pr,1.0,0.4844563438940949,0.0011066682886648126
SVC,combined,pr,1.0,0.4845284141624516,0.0011074472753015866
SVC,combined,pr,1.0,0.48460050587710163,0.001107456581282303
SVC,combined,pr,1.0,0.48467261904761905,0.0011079367422674985
SVC,combined,pr,1.0,0.4847447536835839,0.0011098135588252659
SVC,combined,pr,1.0,0.4848169097945817,0.001109864056618717
SVC,combined,pr,1.0,0.484889087390204,0.0011147624708463995
SVC,combined,pr,1.0,0.48496128648004766,0.001117494649158256
SVC,combined,pr,1.0,0.48503350707371556,0.0011175402151137777
SVC,combined,pr,1.0,0.4851057491808162,0.001119285416164203
SVC,combined,pr,1.0,0.4851780128109638,0.0011217781557819031
SVC,combined,pr,1.0,0.48525029797377833,0.0011273025593553383
SVC,combined,pr,1.0,0.48532260467888544,0.0011274702878556534
SVC,combined,pr,1.0,0.48539493293591657,0.0011287115719139775
SVC,combined,pr,1.0,0.48546728275450884,0.0011302963439204963
SVC,combined,pr,1.0,0.48553965414430533,0.0011327800543814964
SVC,combined,pr,1.0,0.48561204711495454,0.0011349477319052578
SVC,combined,pr,1.0,0.48568446167611096,0.0011365114991575016
SVC,combined,pr,1.0,0.48575689783743475,0.0011376881305809887
SVC,combined,pr,1.0,0.48582935560859186,0.00114142173861542
SVC,combined,pr,1.0,0.48590183499925405,0.0011415136983019046
SVC,combined,pr,1.0,0.4859743360190988,0.001142103100777339
SVC,combined,pr,1.0,0.4860468586778093,0.0011533919378785224
SVC,combined,pr,1.0,0.4861194029850746,0.0011542707516453015
SVC,combined,pr,1.0,0.48619196895058964,0.0011586800495051275
SVC,combined,pr,1.0,0.48626455658405493,0.0011628688428175695
SVC,combined,pr,1.0,0.48633716589517695,0.0011640991076043194
SVC,combined,pr,1.0,0.48640979689366787,0.0011643420814858448
SVC,combined,pr,1.0,0.4864824495892457,0.001165424881201039
SVC,combined,pr,1.0,0.4865551239916343,0.0011699227571371623
SVC,combined,pr,1.0,0.48662782011056327,0.0011699867761547703
SVC,combined,pr,1.0,0.48670053795576806,0.0011708693704032646
SVC,combined,pr,1.0,0.48677327753699,0.0011727239779658488
SVC,combined,pr,1.0,0.4868460388639761,0.0011727971193014966
SVC,combined,pr,1.0,0.4869188219464793,0.001174801378000579
SVC,combined,pr,1.0,0.4869916267942584,0.0011763328591940013
SVC,combined,pr,1.0,0.48706445341707794,0.0011763450008351315
SVC,combined,pr,1.0,0.4871373018247083,0.0011807198709558452
SVC,combined,pr,1.0,0.48721017202692596,0.0011809510089972296
SVC,combined,pr,1.0,0.48728306403351285,0.0011869440183522257
SVC,combined,pr,1.0,0.48735597785425705,0.0011881192411698634
SVC,combined,pr,1.0,0.4874289134989524,0.0011896528829635196
SVC,combined,pr,1.0,0.4875018709773986,0.0011907573691313687
SVC,combined,pr,1.0,0.4875748502994012,0.0011912487314580166
SVC,combined,pr,1.0,0.4876478514747717,0.0011950558656318867
SVC,combined,pr,1.0,0.48772087451332735,0.001198457614415457
SVC,combined,pr,1.0,0.4877939194248914,0.0011996866813358223
SVC,combined,pr,1.0,0.487866986219293,0.001200114955916835
SVC,combined,pr,1.0,0.48794007490636704,0.0012037314772700655
SVC,combined,pr,1.0,0.48801318549595446,0.0012037604431008825
SVC,combined,pr,1.0,0.488086317997902,0.0012059206862658654
SVC,combined,pr,1.0,0.48815947242206237,0.00120677406767402
SVC,combined,pr,1.0,0.4882326487782941,0.001210215518386314
SVC,combined,pr,1.0,0.4883058470764618,0.0012115999725474669
SVC,combined,pr,1.0,0.48837906732643577,0.0012145771082766128
SVC,combined,pr,1.0,0.4884523095380924,0.0012207366834695171
SVC,combined,pr,1.0,0.48852557372131394,0.0012230809898498428
SVC,combined,pr,1.0,0.4885988598859886,0.0012248940960398606
SVC,combined,pr,1.0,0.4886721680420105,0.001225939404533022
SVC,combined,pr,1.0,0.4887454981992797,0.0012277382515061858
SVC,combined,pr,1.0,0.48881885036770223,0.0012299410254891854
SVC,combined,pr,1.0,0.48889222455719006,0.0012319952651863844
SVC,combined,pr,1.0,0.48896562077766104,0.0012330200255397138
SVC,combined,pr,1.0,0.48903903903903906,0.0012342359371196028
SVC,combined,pr,1.0,0.48911247935125396,0.0012349242364312915
SVC,combined,pr,1.0,0.4891859417242415,0.0012374498512833748
SVC,combined,pr,1.0,0.48925942616794355,0.0012396739502893463
SVC,combined,pr,1.0,0.4893329326923077,0.0012416443008753384
SVC,combined,pr,1.0,0.48940646130728777,0.0012503068247060776
SVC,combined,pr,1.0,0.4894800120228434,0.0012521870131241353
SVC,combined,pr,1.0,0.48955358484894035,0.001252197115249775
SVC,combined,pr,1.0,0.4896271797955502,0.001252515029504994
SVC,combined,pr,1.0,0.4897007968726507,0.0012531504299231825
SVC,combined,pr,1.0,0.4897744360902256,0.0012537647909193555
SVC,combined,pr,1.0,0.4898480974582644,0.0012550064701305332
SVC,combined,pr,1.0,0.4899217809867629,0.0012553017949481955
SVC,combined,pr,1.0,0.4899954866857229,0.0012555026842709152
SVC,combined,pr,1.0,0.49006921456515196,0.0012617890175855996
SVC,combined,pr,1.0,0.49014296463506396,0.0012661250808277107
SVC,combined,pr,1.0,0.4902167369054786,0.001269115258588657
SVC,combined,pr,1.0,0.4902905313864218,0.0012708083182829512
SVC,combined,pr,1.0,0.49036434808792534,0.0012716208240067513
SVC,combined,pr,1.0,0.4904381870200271,0.0012764260767005465
SVC,combined,pr,1.0,0.4905120481927711,0.0012772889337495407
SVC,combined,pr,1.0,0.4905859316162073,0.0012805024154018089
SVC,combined,pr,1.0,0.4906598373003917,0.0012835316643354984
SVC,combined,pr,1.0,0.4907337652553865,0.0012871178773460003
SVC,combined,pr,1.0,0.4908077154912598,0.0012887746304082327
SVC,combined,pr,1.0,0.4908816880180859,0.001297726165912991
SVC,combined,pr,1.0,0.49095568284594515,0.0013006083467898266
SVC,combined,pr,1.0,0.49102969998492385,0.0013022553315569045
SVC,combined,pr,1.0,0.4911037394451146,0.0013037437879807317
SVC,combined,pr,1.0,0.4911778012366159,0.0013037977851912354
SVC,combined,pr,1.0,0.4912518853695324,0.0013067668089058043
SVC,combined,pr,1.0,0.49132599185397496,0.0013086080226313065
SVC,combined,pr,1.0,0.49140012070006034,0.0013100788657137135
SVC,combined,pr,1.0,0.4914742719179116,0.0013111216764730676
SVC,combined,pr,1.0,0.4915484455176577,0.001311730223107819
SVC,combined,pr,1.0,0.49162264150943397,0.001312047367547319
SVC,combined,pr,1.0,0.49169685990338163,0.0013140038949137614
SVC,combined,pr,1.0,0.4917711007096482,0.0013150179522906783
SVC,combined,pr,1.0,0.4918453639383872,0.0013189166805187534
SVC,combined,pr,1.0,0.49191964959975837,0.0013197022694015896
SVC,combined,pr,1.0,0.4919939577039275,0.0013206837702106034
SVC,combined,pr,1.0,0.49206828826106663,0.0013218644228303051
SVC,combined,pr,1.0,0.4921426412813539,0.0013235798067787053
SVC,combined,pr,1.0,0.49221701677497354,0.0013251771338028146
SVC,combined,pr,1.0,0.4922914147521161,0.0013289706853872449
SVC,combined,pr,1.0,0.49236583522297805,0.0013297182576053588
SVC,combined,pr,1.0,0.4924402781977623,0.001329976030733337
SVC,combined,pr,1.0,0.49251474368667775,0.0013320557624714041
SVC,combined,pr,1.0,0.4925892316999395,0.0013322026971679171
SVC,combined,pr,1.0,0.4926637422477689,0.0013357944488269354
SVC,combined,pr,1.0,0.49273827534039333,0.001336863900819324
SVC,combined,pr,1.0,0.4928128309880466,0.001343054558480348
SVC,combined,pr,1.0,0.4928874092009685,0.0013481036858111202
SVC,combined,pr,1.0,0.4929620099894052,0.00135044264591174
SVC,combined,pr,1.0,0.49303663336360887,0.0013542378418999544
SVC,combined,pr,1.0,0.493111279333838,0.001356805250135178
SVC,combined,pr,1.0,0.49318594791035736,0.0013569243920193725
SVC,combined,pr,1.0,0.4932606391034378,0.0013583940039692628
SVC,combined,pr,1.0,0.49333535292335656,0.0013586481702523377
SVC,combined,pr,1.0,0.49341008938039693,0.0013612649168212203
SVC,combined,pr,1.0,0.49348484848484847,0.0013624621521907184
SVC,combined,pr,1.0,0.4935596302470071,0.0013692886612247316
SVC,combined,pr,1.0,0.4936344346771749,0.0013704260367888587
SVC,combined,pr,1.0,0.49370926178566016,0.001371753489410246
SVC,combined,pr,1.0,0.49378411158277746,0.0013721640183166446
SVC,combined,pr,1.0,0.4938589840788476,0.0013726917305490038
SVC,combined,pr,1.0,0.49393387928419774,0.0013731620847948003
SVC,combined,pr,1.0,0.49400879720916124,0.0013746498706811085
SVC,combined,pr,1.0,0.49408373786407767,0.0013748209632086382
SVC,combined,pr,1.0,0.49415870125929295,0.0013763214825019653
SVC,combined,pr,1.0,0.4942336874051593,0.0013775295230016354
SVC,combined,pr,1.0,0.4943086963120352,0.0013778495331846707
SVC,combined,pr,1.0,0.49438372799028535,0.0013785044086751244
SVC,combined,pr,1.0,0.49445878245028085,0.0013795098702430693
SVC,combined,pr,1.0,0.49453385970239905,0.0013799195074648185
SVC,combined,pr,1.0,0.4946089597570235,0.0013813177938255684
SVC,combined,pr,1.0,0.49468408262454433,0.0013816422725942586
SVC,combined,pr,1.0,0.4948343968398663,0.0013819961533486312
SVC,combined,pr,1.0,0.49490958820847897,0.001383964901236188
SVC,combined,pr,1.0,0.4949848024316109,0.0013843033721869461
SVC,combined,pr,1.0,0.49506003951968386,0.0013851231896733912
SVC,combined,pr,1.0,0.49513529948312557,0.001389283984399044
SVC,combined,pr,1.0,0.49521058233237036,0.0013895680777501354
SVC,combined,pr,1.0,0.4952858880778589,0.001390058861484916
SVC,combined,pr,1.0,0.495361216730038,0.0013954447623201066
SVC,combined,pr,1.0,0.4954365682993611,0.001398234393088355
SVC,combined,pr,1.0,0.49551194279628785,0.0013992007275043777
SVC,combined,pr,1.0,0.49558734023128426,0.0013993723972745978
SVC,combined,pr,1.0,0.49566276061482273,0.0013994291908638573
SVC,combined,pr,1.0,0.49573820395738205,0.0014022746337149531
SVC,combined,pr,1.0,0.4958136702694474,0.0014024445381674957
SVC,combined,pr,1.0,0.49588915956151036,0.0014091574017887876
SVC,combined,pr,1.0,0.49596467184406884,0.0014112165906406883
SVC,combined,pr,1.0,0.4960402071276272,0.0014145590265222045
SVC,combined,pr,1.0,0.49611576542269614,0.001416157704037251
SVC,combined,pr,1.0,0.4961913467397928,0.0014174022675265
SVC,combined,pr,1.0,0.4962669510894408,0.0014209987324170102
SVC,combined,pr,1.0,0.49634257848217006,0.001426516251083431
SVC,combined,pr,1.0,0.496418228928517,0.0014281123832799371
SVC,combined,pr,1.0,0.4964939024390244,0.0014287936448544372
SVC,combined,pr,1.0,0.4965695990242415,0.0014353955783183575
SVC,combined,pr,1.0,0.496645318694724,0.0014382435489685241
SVC,combined,pr,1.0,0.496721061461034,0.0014405652390786408
SVC,combined,pr,1.0,0.4967968273337401,0.0014424416279199756
SVC,combined,pr,1.0,0.4968726163234172,0.0014437853938933506
SVC,combined,pr,1.0,0.4969484284406469,0.0014439124092104855
SVC,combined,pr,1.0,0.4970242636960171,0.001444133017284177
SVC,combined,pr,1.0,0.4971001221001221,0.0014461975637043382
SVC,combined,pr,1.0,0.4971760036635628,0.0014483434344531119
SVC,combined,pr,1.0,0.49725190839694655,0.0014530944311805683
SVC,combined,pr,1.0,0.4973278363108872,0.0014549820437700627
SVC,combined,pr,1.0,0.4974037874160049,0.0014623718593328192
SVC,combined,pr,1.0,0.4974797617229265,0.0014668949677913478
SVC,combined,pr,1.0,0.49755575924228534,0.0014681440451586487
SVC,combined,pr,1.0,0.49763177998472113,0.001470936012826798
SVC,combined,pr,1.0,0.4977078239608802,0.0014739380214176415
SVC,combined,pr,1.0,0.49778389118141525,0.0014759841004953623
SVC,combined,pr,1.0,0.49785998165698564,0.001479406349375661
SVC,combined,pr,1.0,0.4979360953982572,0.0014798120562902915
SVC,combined,pr,1.0,0.49801223241590215,0.0014816556116424122
SVC,combined,pr,1.0,0.49808839272059946,0.0014822868803766175
SVC,combined,pr,1.0,0.49816457632303457,0.0014823683209025324
SVC,combined,pr,1.0,0.49824078323389936,0.001486075260744996
SVC,combined,pr,1.0,0.4983170134638923,0.0014875351983565765
SVC,combined,pr,1.0,0.49839326702371844,0.0014901944389962179
SVC,combined,pr,1.0,0.4984695439240894,0.001490992081653161
SVC,combined,pr,1.0,0.49854584417572323,0.001493171750296389
SVC,combined,pr,1.0,0.49862216778934476,0.0014961608249969274
SVC,combined,pr,1.0,0.4986985147756852,0.0014981649348843734
SVC,combined,pr,1.0,0.4987748851454824,0.0015001597224104503
SVC,combined,pr,1.0,0.4988512789094808,0.0015003219238872876
SVC,combined,pr,1.0,0.49892769607843135,0.0015012039618534732
SVC,combined,pr,1.0,0.4990041366630918,0.0015041268014172563
SVC,combined,pr,1.0,0.49908060067422616,0.0015054136576335452
SVC,combined,pr,1.0,0.49915708812260534,0.0015081056713130469
SVC,combined,pr,1.0,0.49923359901900677,0.0015095783606071406
SVC,combined,pr,1.0,0.4993101333742143,0.001510216682684882
SVC,combined,pr,1.0,0.4993866911990187,0.0015113515270671401
SVC,combined,pr,1.0,0.4994632725042171,0.0015166556113118581
SVC,combined,pr,1.0,0.4995398773006135,0.001517550762677264
SVC,combined,pr,1.0,0.49961650559901827,0.0015183876692797407
SVC,combined,pr,1.0,0.49969315741024856,0.001518409124724147
SVC,combined,pr,1.0,0.49976983274512815,0.0015220841781664353
SVC,combined,pr,1.0,0.4998465316144874,0.0015232620258643942
SVC,combined,pr,1.0,0.4999232540291635,0.0015263308242972416
SVC,combined,pr,1.0,0.5,0.001529301790165424
SVC,combined,pr,1.0,0.5000767695378474,0.0015298803100973612
SVC,combined,pr,1.0,0.5001535626535627,0.0015314046041340517
SVC,combined,pr,1.0,0.5002303793580095,0.0015359111614390516
SVC,combined,pr,1.0,0.5003072196620584,0.0015424157497823654
SVC,combined,pr,1.0,0.5003840835765863,0.0015469837216530006
SVC,combined,pr,1.0,0.500460971112477,0.0015487624877747888
SVC,combined,pr,1.0,0.5005378822806209,0.001549888059126575
SVC,combined,pr,1.0,0.5006148170919151,0.0015502165398829943
SVC,combined,pr,1.0,0.5006917755572636,0.0015509480878387655
SVC,combined,pr,1.0,0.5007687576875769,0.0015524875738393458
SVC,combined,pr,1.0,0.5008457634937721,0.0015549301759515955
SVC,combined,pr,1.0,0.5009227929867733,0.0015611372777651338
SVC,combined,pr,1.0,0.5009998461775111,0.0015611950829150444
SVC,combined,pr,1.0,0.5010769230769231,0.0015641003160096905
SVC,combined,pr,1.0,0.5011540236959532,0.0015641755187163454
SVC,combined,pr,1.0,0.5012311480455525,0.0015659297092172509
SVC,combined,pr,1.0,0.5013082961366785,0.0015679910987902474
SVC,combined,pr,1.0,0.5013854679802956,0.0015695317678916503
SVC,combined,pr,1.0,0.5014626635873749,0.0015698282880818274
SVC,combined,pr,1.0,0.5015398829688944,0.0015703867339666522
SVC,combined,pr,1.0,0.5016171261358386,0.0015765198741220295
SVC,combined,pr,1.0,0.501694393099199,0.001579116453072113
SVC,combined,pr,1.0,0.5017716838699738,0.0015842576530727553
SVC,combined,pr,1.0,0.501848998459168,0.0015844018654741128
SVC,combined,pr,1.0,0.5019263368777932,0.001586254189233564
SVC,combined,pr,1.0,0.502003699136868,0.0015868984548219076
SVC,combined,pr,1.0,0.5020810852474179,0.0015900020108441076
SVC,combined,pr,1.0,0.5021584952204748,0.0015900211258418207
SVC,combined,pr,1.0,0.5022359290670779,0.0015909062555216618
SVC,combined,pr,1.0,0.5023133867982726,0.001592488620570456
SVC,combined,pr,1.0,0.5023908684251118,0.0015940005065876927
SVC,combined,pr,1.0,0.5024683739586547,0.0015941165078835436
SVC,combined,pr,1.0,0.5025459034099676,0.0015949494514239184
SVC,combined,pr,1.0,0.5026234567901234,0.0015959931258383434
SVC,combined,pr,1.0,0.5027010341102022,0.0016002130865712526
SVC,combined,pr,1.0,0.5027786353812905,0.0016034177874923495
SVC,combined,pr,1.0,0.502856260614482,0.001617232783437569
SVC,combined,pr,1.0,0.502933909820877,0.0016179967901790177
SVC,combined,pr,1.0,0.503011583011583,0.0016197762417051564
SVC,combined,pr,1.0,0.5030892801977139,0.0016205675880541146
SVC,combined,pr,1.0,0.5031670013903908,0.0016207350936467335
SVC,combined,pr,1.0,0.5032447466007417,0.0016254211139865346
SVC,combined,pr,1.0,0.5033225158399011,0.0016279800333546077
SVC,combined,pr,1.0,0.5034003091190108,0.0016296076516224868
SVC,combined,pr,1.0,0.5035559678416821,0.001631173166033099
SVC,combined,pr,1.0,0.5036338333075615,0.0016366549874308018
SVC,combined,pr,1.0,0.5037117228580266,0.001638746311889693
SVC,combined,pr,1.0,0.5037896365042537,0.0016406644371622242
SVC,combined,pr,1.0,0.5038675742574258,0.0016447741078519965
SVC,combined,pr,1.0,0.5039455361287328,0.001645124125223698
SVC,combined,pr,1.0,0.5040235221293717,0.0016453111008658833
SVC,combined,pr,1.0,0.5041015322705463,0.0016473364805436833
SVC,combined,pr,1.0,0.5041795665634675,0.0016495076834403403
SVC,combined,pr,1.0,0.5042576250193529,0.0016505836391147628
SVC,combined,pr,1.0,0.504335707649427,0.001650781912960703
SVC,combined,pr,1.0,0.5044138144649218,0.00165152177992136
SVC,combined,pr,1.0,0.5044919454770755,0.0016534292640695049
SVC,combined,pr,1.0,0.504570100697134,0.0016534613865547786
SVC,combined,pr,1.0,0.5046482801363495,0.0016545983676855402
SVC,combined,pr,1.0,0.5047264838059817,0.0016551160326083697
SVC,combined,pr,1.0,0.504804711717297,0.0016574664049685734
SVC,combined,pr,1.0,0.5048829638815687,0.0016597325509163574
SVC,combined,pr,1.0,0.5049612403100775,0.00165993402615051
SVC,combined,pr,1.0,0.5050395410141107,0.0016602257632040332
SVC,combined,pr,1.0,0.5051178660049628,0.0016602531741413005
SVC,combined,pr,1.0,0.5051962152939352,0.001660463944743665
SVC,combined,pr,1.0,0.5052745888923363,0.0016616119334816558
SVC,combined,pr,1.0,0.5053529868114818,0.0016619858743491507
SVC,combined,pr,1.0,0.505431409062694,0.001664623957520465
SVC,combined,pr,1.0,0.5055098556573026,0.001665288050041502
SVC,combined,pr,1.0,0.5055883266066439,0.0016669191244432918
SVC,combined,pr,1.0,0.5056668219220618,0.0016702126204792877
SVC,combined,pr,1.0,0.5057453416149068,0.0016711954738025143
SVC,combined,pr,1.0,0.5058238856965367,0.0016727924614921381
SVC,combined,pr,1.0,0.5059024541783163,0.0016732781761789079
SVC,combined,pr,1.0,0.5059810470716172,0.0016743725885266711
SVC,combined,pr,1.0,0.5060596643878186,0.0016747904065961456
SVC,combined,pr,1.0,0.5061383061383061,0.0016752292592024942
SVC,combined,pr,1.0,0.5062169723344732,0.0016755910907514746
SVC,combined,pr,1.0,0.5062956629877196,0.0016762544638650317
SVC,combined,pr,1.0,0.5063743781094527,0.0016766326572343708
SVC,combined,pr,1.0,0.5064531177110869,0.0016777826507925711
SVC,combined,pr,1.0,0.5065318818040435,0.001678798235533856
SVC,combined,pr,1.0,0.5066106703997512,0.0016809660526828183
SVC,combined,pr,1.0,0.5066894835096453,0.001686230308869218
SVC,combined,pr,1.0,0.5067683211451688,0.0016869940206168685
SVC,combined,pr,1.0,0.5068471833177716,0.0016900455239151917
SVC,combined,pr,1.0,0.5069260700389105,0.0016924299163966893
SVC,combined,pr,1.0,0.5070839171726608,0.0016971693533378888
SVC,combined,pr,1.0,0.5071628776082218,0.001697721119230072
SVC,combined,pr,1.0,0.5072418626382184,0.0016983482248245432
SVC,combined,pr,1.0,0.5073208722741434,0.0016997081844797415
SVC,combined,pr,1.0,0.5073999065274964,0.0017011449066194981
SVC,combined,pr,1.0,0.507478965409785,0.0017066473159585754
SVC,combined,pr,1.0,0.507558048932523,0.001708208666823097
SVC,combined,pr,1.0,0.5076371571072319,0.00170906981121519
SVC,combined,pr,1.0,0.5077162899454404,0.00171584851787021
SVC,combined,pr,1.0,0.5077954474586841,0.0017161816615936035
SVC,combined,pr,1.0,0.5078746296585062,0.0017178694062893781
SVC,combined,pr,1.0,0.5079538365564567,0.0017195697516522931
SVC,combined,pr,1.0,0.508033068164093,0.0017198886851632394
SVC,combined,pr,1.0,0.5081123244929797,0.0017215888157530949
SVC,combined,pr,1.0,0.5081916055546887,0.0017225925852114917
SVC,combined,pr,1.0,0.508270911360799,0.0017232849565396596
SVC,combined,pr,1.0,0.5083502419228968,0.0017258189181390282
SVC,combined,pr,1.0,0.5084295972525757,0.0017268923013318976
SVC,combined,pr,1.0,0.5085089773614364,0.0017278840972590798
SVC,combined,pr,1.0,0.5085883822610868,0.0017324432689003026
SVC,combined,pr,1.0,0.5086678119631423,0.0017326746028451187
SVC,combined,pr,1.0,0.5087472664792252,0.0017361380153981091
SVC,combined,pr,1.0,0.5088267458209654,0.0017376486425554293
SVC,combined,pr,1.0,0.50890625,0.0017383741344258177
SVC,combined,pr,1.0,0.5089857790279732,0.001738954740440284
SVC,combined,pr,1.0,0.5090653329165364,0.0017392836076317428
SVC,combined,pr,1.0,0.5091449116773488,0.0017415729567666384
SVC,combined,pr,1.0,0.5092245153220762,0.0017442668168224642
SVC,combined,pr,1.0,0.5093041438623925,0.001746799398840912
SVC,combined,pr,1.0,0.5093837973099781,0.0017490261246734101
SVC,combined,pr,1.0,0.5094634756765212,0.0017498014971386762
SVC,combined,pr,1.0,0.5095431789737171,0.0017499420148875896
SVC,combined,pr,1.0,0.5096229072132686,0.0017506723170256078
SVC,combined,pr,1.0,0.5097026604068857,0.001750752264847444
SVC,combined,pr,1.0,0.5097824385662858,0.001751846309594661
SVC,combined,pr,1.0,0.5098622417031935,0.0017530784475845752
SVC,combined,pr,1.0,0.5099420698293409,0.0017559396249639259
SVC,combined,pr,1.0,0.5100219229564673,0.0017559397060534076
SVC,combined,pr,1.0,0.5101018010963195,0.0017588433637583118
SVC,combined,pr,1.0,0.5101817042606517,0.0017592312247989514
SVC,combined,pr,1.0,0.5102616324612251,0.0017626485292645806
SVC,combined,pr,1.0,0.5103415857098088,0.0017670101934659365
SVC,combined,pr,1.0,0.510421564018179,0.0017715526597776726
SVC,combined,pr,1.0,0.5105015673981191,0.0017740690639576299
SVC,combined,pr,1.0,0.5105815958614203,0.0017754751500559582
SVC,combined,pr,1.0,0.5106616494198808,0.0017761865564194877
SVC,combined,pr,1.0,0.5107417280853066,0.0017812199396874558
SVC,combined,pr,1.0,0.5108218318695107,0.0017814278461983173
SVC,combined,pr,1.0,0.5109019607843137,0.0017890514088868142
SVC,combined,pr,1.0,0.5109821148415438,0.0018024987154118153
SVC,combined,pr,1.0,0.5110622940530363,0.0018030757806374196
SVC,combined,pr,1.0,0.511142498430634,0.001804385979851112
SVC,combined,pr,1.0,0.5112227279861874,0.0018066346104782952
SVC,combined,pr,1.0,0.5113029827315542,0.0018071180564631945
SVC,combined,pr,1.0,0.5113832626785995,0.0018075039880314666
SVC,combined,pr,1.0,0.511463567839196,0.00180968507578681
SVC,combined,pr,1.0,0.5115438982252238,0.0018099602269424147
SVC,combined,pr,1.0,0.5116242538485706,0.0018106357354145469
SVC,combined,pr,1.0,0.5117046347211311,0.0018114875800301232
SVC,combined,pr,1.0,0.5117850408548082,0.001811598892519043
SVC,combined,pr,1.0,0.5118654722615119,0.0018132632531998698
SVC,combined,pr,1.0,0.5119459289531594,0.0018136610069523884
SVC,combined,pr,1.0,0.5120264109416759,0.0018144522615187494
SVC,combined,pr,1.0,0.5121069182389937,0.0018146444078806074
SVC,combined,pr,1.0,0.512187450857053,0.0018179574074996747
SVC,combined,pr,1.0,0.5122680088078012,0.0018194767728180478
SVC,combined,pr,1.0,0.5123485921031933,0.0018244894342058931
SVC,combined,pr,1.0,0.5124292007551919,0.0018255933811035048
SVC,combined,pr,1.0,0.5125098347757671,0.0018261027613623601
SVC,combined,pr,1.0,0.5125904941768964,0.0018304857697856176
SVC,combined,pr,1.0,0.5126711789705651,0.0018328016333871763
SVC,combined,pr,1.0,0.5127518891687658,0.0018360602448458082
SVC,combined,pr,1.0,0.5128326247834987,0.0018363967536786233
SVC,combined,pr,1.0,0.5129133858267717,0.0018405461375739594
SVC,combined,pr,1.0,0.5129941723106001,0.001842062023746337
SVC,combined,pr,1.0,0.5130749842470069,0.0018433222560764453
SVC,combined,pr,1.0,0.5131558216480226,0.001844208779081297
SVC,combined,pr,1.0,0.5132366845256855,0.0018451047095017267
SVC,combined,pr,1.0,0.5133175728920409,0.0018458422478220306
SVC,combined,pr,1.0,0.5133984867591425,0.0018475436182501144
SVC,combined,pr,1.0,0.513479426139051,0.0018507127235520497
SVC,combined,pr,1.0,0.5135603910438348,0.0018566629162581982
SVC,combined,pr,1.0,0.5136413814855701,0.0018580147975373223
SVC,combined,pr,1.0,0.5137223974763407,0.0018590461406583086
SVC,combined,pr,1.0,0.5138034390282379,0.0018591947073309035
SVC,combined,pr,1.0,0.5138845061533607,0.0018656313344008087
SVC,combined,pr,1.0,0.5139655988638157,0.0018686748730092722
SVC,combined,pr,1.0,0.5140467171717171,0.0018698683959259518
SVC,combined,pr,1.0,0.5141278610891871,0.0018708536150676216
SVC,combined,pr,1.0,0.5142090306283549,0.0018728266232255545
SVC,combined,pr,1.0,0.514290225801358,0.001873725896848641
SVC,combined,pr,1.0,0.5143714466203412,0.0018737313137182027
SVC,combined,pr,1.0,0.514452693097457,0.0018767627175678037
SVC,combined,pr,1.0,0.5145339652448657,0.0018804018943104055
SVC,combined,pr,1.0,0.5146152630747354,0.001880962939110127
SVC,combined,pr,1.0,0.5146965865992414,0.0018810807181717818
SVC,combined,pr,1.0,0.5147779358305674,0.0018845485027572724
SVC,combined,pr,1.0,0.5149407114624506,0.0018860643969561316
SVC,combined,pr,1.0,0.515022137887413,0.0018879659972468703
SVC,combined,pr,1.0,0.5151035900680057,0.0018894168535905226
SVC,combined,pr,1.0,0.5151850680164505,0.0018920018015961063
SVC,combined,pr,1.0,0.515266571744977,0.0018922744151256986
SVC,combined,pr,1.0,0.5153481012658228,0.0018987567005366256
SVC,combined,pr,1.0,0.5154296565912327,0.0019022805137932565
SVC,combined,pr,1.0,0.51551123773346,0.0019052673178906888
SVC,combined,pr,1.0,0.515592844704765,0.0019063923944375864
SVC,combined,pr,1.0,0.5156744775174161,0.001906835785413219
SVC,combined,pr,1.0,0.5157561361836897,0.001909861594605886
SVC,combined,pr,1.0,0.5158378207158695,0.0019112512000754693
SVC,combined,pr,1.0,0.5159195311262474,0.001919947207079548
SVC,combined,pr,1.0,0.5160012674271229,0.0019212889135899911
SVC,combined,pr,1.0,0.5160830296308033,0.0019213091084353412
SVC,combined,pr,1.0,0.5161648177496038,0.0019230133097995082
SVC,combined,pr,1.0,0.5162466317958472,0.0019262723644682504
SVC,combined,pr,1.0,0.5163284717818643,0.00192651769460026
SVC,combined,pr,1.0,0.5164103377199937,0.001927477023410178
SVC,combined,pr,1.0,0.5164922296225817,0.001928681761216521
SVC,combined,pr,1.0,0.5165741475019826,0.001931802097596019
SVC,combined,pr,1.0,0.5166560913705583,0.001931848961974697
SVC,combined,pr,1.0,0.516738061240679,0.0019346310407346674
SVC,combined,pr,1.0,0.5168200571247223,0.0019356062040679727
SVC,combined,pr,1.0,0.5169020790350738,0.0019391485939849063
SVC,combined,pr,1.0,0.516984126984127,0.0019392728621293656
SVC,combined,pr,1.0,0.5170662009842832,0.0019393852047627485
SVC,combined,pr,1.0,0.5171483010479517,0.0019396314768577144
SVC,combined,pr,1.0,0.5172304271875496,0.0019400862366242052
SVC,combined,pr,1.0,0.5173125794155019,0.0019431217926498458
SVC,combined,pr,1.0,0.5173947577442415,0.001945744224343438
SVC,combined,pr,1.0,0.5174769621862091,0.0019480837110845836
SVC,combined,pr,1.0,0.5175591927538535,0.0019510008099906618
SVC,combined,pr,1.0,0.5176414494596313,0.0019510122147320351
SVC,combined,pr,1.0,0.517723732316007,0.0019551826226819682
SVC,combined,pr,1.0,0.517806041335453,0.0019564115882748537
SVC,combined,pr,1.0,0.51788837653045,0.001960096045426051
SVC,combined,pr,1.0,0.517970737913486,0.001965114059400776
SVC,combined,pr,1.0,0.5180531254970574,0.001965944665916866
SVC,combined,pr,1.0,0.5181355392936685,0.00196837382641361
SVC,combined,pr,1.0,0.5182179793158314,0.0019696638723554765
SVC,combined,pr,1.0,0.5183004455760662,0.001970065067107708
SVC,combined,pr,1.0,0.5183829380869012,0.00197417731196446
SVC,combined,pr,1.0,0.5184654568608723,0.0019778727014247532
SVC,combined,pr,1.0,0.5185480019105237,0.0019860438229585145
SVC,combined,pr,1.0,0.5186305732484077,0.0019904555584942213
SVC,combined,pr,1.0,0.5187131708870839,0.0019915632952537438
SVC,combined,pr,1.0,0.5187957948391207,0.001993829788511713
SVC,combined,pr,1.0,0.5188784451170941,0.0019945403069550724
SVC,combined,pr,1.0,0.5189611217335883,0.0019969409365966258
SVC,combined,pr,1.0,0.5190438247011953,0.0019989746274238647
SVC,combined,pr,1.0,0.5191265540325152,0.002000779842962309
SVC,combined,pr,1.0,0.5192093097401562,0.0020011444281919227
SVC,combined,pr,1.0,0.5192920918367347,0.0020015812168852768
SVC,combined,pr,1.0,0.5193749003348748,0.0020098177578559214
SVC,combined,pr,1.0,0.519457735247209,0.0020209093473110835
SVC,combined,pr,1.0,0.5195405965863774,0.0020234779100391626
SVC,combined,pr,1.0,0.5196234843650287,0.0020272421359985577
SVC,combined,pr,1.0,0.5197063985958194,0.0020299812295124474
SVC,combined,pr,1.0,0.519789339291414,0.002030299607183345
SVC,combined,pr,1.0,0.5198723064644852,0.0020308968182829665
SVC,combined,pr,1.0,0.519955300127714,0.0020310955728275177
SVC,combined,pr,1.0,0.5200383202937889,0.0020311314512849623
SVC,combined,pr,1.0,0.5201213669754072,0.0020333967974661363
SVC,combined,pr,1.0,0.5202044401852739,0.0020337503176726716
SVC,combined,pr,1.0,0.5202875399361022,0.0020346746358141485
SVC,combined,pr,1.0,0.5203706662406136,0.0020347294762175696
SVC,combined,pr,1.0,0.5204538191115372,0.002035882408761573
SVC,combined,pr,1.0,0.520536998561611,0.0020359485397859587
SVC,combined,pr,1.0,0.5207034372501999,0.0020385581765919297
SVC,combined,pr,1.0,0.5207866965142309,0.002043637393299047
SVC,combined,pr,1.0,0.520869982408444,0.00204749417130601
SVC,combined,pr,1.0,0.5209532949456174,0.0020501331137993133
SVC,combined,pr,1.0,0.5210366341385378,0.0020523308698166005
SVC,combined,pr,1.0,0.52112,0.0020533497543912126
SVC,combined,pr,1.0,0.5212033925428069,0.0020536741213115633
SVC,combined,pr,1.0,0.5212868117797695,0.0020551781234883076
SVC,combined,pr,1.0,0.5213702577237074,0.002058151622824364
SVC,combined,pr,1.0,0.5214537303874479,0.0020603434123869363
SVC,combined,pr,1.0,0.5215372297838271,0.002062179914767291
SVC,combined,pr,0.9996929689898679,0.521460602178091,0.0020632959368351157
SVC,combined,pr,0.9996929689898679,0.521544129424956,0.002064155703719521
SVC,combined,pr,0.9996929689898679,0.5216276834347965,0.0020656013511321215
SVC,combined,pr,0.9996929689898679,0.5217112642204775,0.002065652426932603
SVC,combined,pr,0.9996929689898679,0.5217948717948718,0.002065859663838152
SVC,combined,pr,0.9996929689898679,0.5218785061708607,0.0020658951204639633
SVC,combined,pr,0.9996929689898679,0.5219621673613337,0.0020665737894700726
SVC,combined,pr,0.9996929689898679,0.5220458553791887,0.00206833441163212
SVC,combined,pr,0.9996929689898679,0.5221295702373316,0.0020689374914936434
SVC,combined,pr,0.9996929689898679,0.5222133119486768,0.002069438033357546
SVC,combined,pr,0.9996929689898679,0.522297080526147,0.002069741280414901
SVC,combined,pr,0.9996929689898679,0.5223808759826729,0.0020700095938562626
SVC,combined,pr,0.9996929689898679,0.5224646983311938,0.0020724352309703328
SVC,combined,pr,0.9996929689898679,0.5225485475846574,0.0020754113539105177
SVC,combined,pr,0.9996929689898679,0.5226324237560193,0.002076770311310172
SVC,combined,pr,0.9996929689898679,0.5227163268582437,0.0020772247791486266
SVC,combined,pr,0.9996929689898679,0.5228002569043031,0.0020808952789650175
SVC,combined,pr,0.9996929689898679,0.5228842139071784,0.0020856706383524173
SVC,combined,pr,0.9996929689898679,0.5229681978798587,0.002090683369589717
SVC,combined,pr,0.9996929689898679,0.5230522088353413,0.0020910649616398395
SVC,combined,pr,0.9996929689898679,0.5231362467866324,0.0020924006864906793
SVC,combined,pr,0.9996929689898679,0.523220311746746,0.0020934497118286033
SVC,combined,pr,0.9996929689898679,0.5233044037287046,0.002096602944856652
SVC,combined,pr,0.9996929689898679,0.5233885227455393,0.0021033981944095135
SVC,combined,pr,0.9996929689898679,0.5234726688102894,0.002107510040755237
SVC,combined,pr,0.9996929689898679,0.5235568419360026,0.0021075690949854033
SVC,combined,pr,0.9996929689898679,0.5236410421357349,0.002107873058212931
SVC,combined,pr,0.9996929689898679,0.523725269422551,0.0021102787273139505
SVC,combined,pr,0.9996929689898679,0.5238095238095238,0.0021153457405777096
SVC,combined,pr,0.9996929689898679,0.5238938053097345,0.002125680040748313
SVC,combined,pr,0.9996929689898679,0.5239781139362729,0.002126160955469971
SVC,combined,pr,0.9996929689898679,0.5240624497022373,0.0021307260277042585
SVC,combined,pr,0.9996929689898679,0.524146812620734,0.002140875186653466
SVC,combined,pr,0.9996929689898679,0.5242312027048784,0.0021447574136852746
SVC,combined,pr,0.9996929689898679,0.5243156199677939,0.0021458162148696816
SVC,combined,pr,0.9996929689898679,0.5244000644226123,0.0021469001525105933
SVC,combined,pr,0.9996929689898679,0.5244845360824743,0.0021495551241594844
SVC,combined,pr,0.9996929689898679,0.5245690349605284,0.002149838682482374
SVC,combined,pr,0.9996929689898679,0.5246535610699323,0.0021513698321184173
SVC,combined,pr,0.9996929689898679,0.5247381144238518,0.0021515643957306678
SVC,combined,pr,0.9996929689898679,0.524822695035461,0.00215552035877154
SVC,combined,pr,0.9996929689898679,0.524907302917943,0.0021555789093435553
SVC,combined,pr,0.9996929689898679,0.5249919380844889,0.002161239358485102
SVC,combined,pr,0.9996929689898679,0.5250766005482986,0.0021618511923343635
SVC,combined,pr,0.9996929689898679,0.5251612903225806,0.002163010309820935
SVC,combined,pr,0.9996929689898679,0.5252460074205517,0.00216473304621558
SVC,combined,pr,0.9996929689898679,0.5253307518554372,0.0021658325637011135
SVC,combined,pr,0.9996929689898679,0.5254155236404712,0.0021667773992747473
SVC,combined,pr,0.9996929689898679,0.525500322788896,0.002168234623509178
SVC,combined,pr,0.9996929689898679,0.5255851493139628,0.002170788170508357
SVC,combined,pr,0.9996929689898679,0.5257548845470693,0.0021793622176791354
SVC,combined,pr,0.9996929689898679,0.5258397932816538,0.002183648767299895
SVC,combined,pr,0.9996929689898679,0.5259247294459699,0.002184006127764587
SVC,combined,pr,0.9996929689898679,0.5260096930533118,0.0021856801609265886
SVC,combined,pr,0.9996929689898679,0.5260946841169818,0.002186781946652856
SVC,combined,pr,0.9996929689898679,0.5261797026502909,0.0021882239886020123
SVC,combined,pr,0.9996929689898679,0.5262647486665589,0.0021931941679451546
SVC,combined,pr,0.9996929689898679,0.5263498221791141,0.0021949214403573316
SVC,combined,pr,0.9996929689898679,0.5264349232012935,0.0021978687053830427
SVC,combined,pr,0.9996929689898679,0.5265200517464425,0.002209135984067806
SVC,combined,pr,0.9996929689898679,0.5266052078279152,0.002210196341759989
SVC,combined,pr,0.9996929689898679,0.5266903914590747,0.002211040252695052
SVC,combined,pr,0.9996929689898679,0.5267756026532924,0.002215091915164217
SVC,combined,pr,0.9996929689898679,0.5268608414239482,0.0022161754071338777
SVC,combined,pr,0.9996929689898679,0.5269461077844312,0.0022163660826672836
SVC,combined,pr,0.9996929689898679,0.5270314017481386,0.0022169336202913126
SVC,combined,pr,0.9996929689898679,0.5271167233284766,0.0022173175386569054
SVC,combined,pr,0.9996929689898679,0.5272020725388601,0.0022213261368958497
SVC,combined,pr,0.9996929689898679,0.5272874493927125,0.002224504486085306
SVC,combined,pr,0.9996929689898679,0.5273728539034661,0.002225879215602463
SVC,combined,pr,0.9996929689898679,0.5274582860845618,0.002229185727159301
SVC,combined,pr,0.9996929689898679,0.5275437459494491,0.0022314226911466003
SVC,combined,pr,0.9996929689898679,0.5276292335115864,0.002238850533098033
SVC,combined,pr,0.9996929689898679,0.5277147487844408,0.002239258954423517
SVC,combined,pr,0.9996929689898679,0.5278002917814881,0.002240489856493822
SVC,combined,pr,0.9996929689898679,0.5278858625162127,0.0022417289157407073
SVC,combined,pr,0.9996929689898679,0.527971461002108,0.0022473857371278563
SVC,combined,pr,0.9996929689898679,0.528057087252676,0.0022497918402670084
SVC,combined,pr,0.9996929689898679,0.5281427412814275,0.0022533407368332003
SVC,combined,pr,0.9996929689898679,0.5282284231018819,0.002254793682083814
SVC,combined,pr,0.9996929689898679,0.5283141327275678,0.0022583547486017207
SVC,combined,pr,0.9996929689898679,0.5283998701720221,0.002264273875571512
SVC,combined,pr,0.9996929689898679,0.5284856354487908,0.002267041436934326
SVC,combined,pr,0.9996929689898679,0.5285714285714286,0.002267167870774081
SVC,combined,pr,0.9996929689898679,0.5286572495534989,0.0022690259853212144
SVC,combined,pr,0.9996929689898679,0.5287430984085743,0.0022755367517491598
SVC,combined,pr,0.9996929689898679,0.5288289751502355,0.002277542018250063
SVC,combined,pr,0.9996929689898679,0.5289148797920727,0.0022794059730615987
SVC,combined,pr,0.9996929689898679,0.5290008123476848,0.0022817902676174973
SVC,combined,pr,0.9996929689898679,0.5290867728306793,0.0022821299631666002
SVC,combined,pr,0.9996929689898679,0.5291727612546725,0.0022823365234699872
SVC,combined,pr,0.9996929689898679,0.52925877763329,0.002291541579840246
SVC,combined,pr,0.9996929689898679,0.5293448219801659,0.002293164146857118
SVC,combined,pr,0.9996929689898679,0.5294308943089431,0.002298279442200417
SVC,combined,pr,0.9996929689898679,0.5295169946332737,0.0022989712925089935
SVC,combined,pr,0.9996929689898679,0.5296031229668184,0.0022995526296596437
SVC,combined,pr,0.9996929689898679,0.5296892793232472,0.0023008601175293813
SVC,combined,pr,0.9996929689898679,0.5297754637162382,0.0023042548372255206
SVC,combined,pr,0.9996929689898679,0.5298616761594792,0.0023083152802554304
SVC,combined,pr,0.9996929689898679,0.5299479166666666,0.002312059215866146
SVC,combined,pr,0.9996929689898679,0.5300341852515058,0.0023125276735745898
SVC,combined,pr,0.9996929689898679,0.5301204819277109,0.002313388702212409
SVC,combined,pr,0.9996929689898679,0.530206806709005,0.002314594756521135
SVC,combined,pr,0.9996929689898679,0.5302931596091205,0.0023174646329015385
SVC,combined,pr,0.9996929689898679,0.5303795406417984,0.002318055448816933
SVC,combined,pr,0.9996929689898679,0.5304659498207885,0.002320883175384972
SVC,combined,pr,0.9996929689898679,0.5305523871598501,0.002321962077222625
SVC,combined,pr,0.9996929689898679,0.530638852672751,0.002332407094278305
SVC,combined,pr,0.9996929689898679,0.5307253463732682,0.002337176636469632
SVC,combined,pr,0.9996929689898679,0.5308118682751874,0.0023372566010163545
SVC,combined,pr,0.9996929689898679,0.5308984183923039,0.002339684826166361
SVC,combined,pr,0.9996929689898679,0.5309849967384214,0.002340238367479909
SVC,combined,pr,0.9996929689898679,0.5310716033273528,0.002341783381587166
SVC,combined,pr,0.9996929689898679,0.5311582381729201,0.0023440450390332995
SVC,combined,pr,0.9996929689898679,0.5312449012889542,0.002346038474803413
SVC,combined,pr,0.9996929689898679,0.5313315926892951,0.0023475278524671406
SVC,combined,pr,0.9996929689898679,0.5314183123877917,0.002351748622641824
SVC,combined,pr,0.9996929689898679,0.5315050603983024,0.0023560887039367697
SVC,combined,pr,0.9996929689898679,0.5315918367346939,0.002359833143499701
SVC,combined,pr,0.9996929689898679,0.5316786414108425,0.0023604600832120297
SVC,combined,pr,0.9996929689898679,0.5317654744406337,0.002364387743156566
SVC,combined,pr,0.9996929689898679,0.5318523358379614,0.0023651547795055456
SVC,combined,pr,0.9996929689898679,0.5319392256167292,0.0023654842143127283
SVC,combined,pr,0.9996929689898679,0.5320261437908497,0.002372997734056259
SVC,combined,pr,0.9996929689898679,0.5321130903742441,0.002374059974633086
SVC,combined,pr,0.9996929689898679,0.5322000653808434,0.0023742353203303856
SVC,combined,pr,0.9996929689898679,0.5322870688245872,0.0023748164001891245
SVC,combined,pr,0.9996929689898679,0.5323741007194245,0.0023755161020205615
SVC,combined,pr,0.9996929689898679,0.5324611610793132,0.0023799170864584863
SVC,combined,pr,0.9996929689898679,0.5325482499182205,0.0023857798662328057
SVC,combined,pr,0.9996929689898679,0.5326353672501227,0.0023943023762578114
SVC,combined,pr,0.9996929689898679,0.5327225130890052,0.0023963125623748826
SVC,combined,pr,0.9996929689898679,0.5328096874488627,0.0023974935206149024
SVC,combined,pr,0.9996929689898679,0.5328968903436988,0.0024063251447998574
SVC,combined,pr,0.9996929689898679,0.5329841217875266,0.0024119296707561405
SVC,combined,pr,0.9996929689898679,0.5330713817943681,0.002412685312585441
SVC,combined,pr,0.9996929689898679,0.5331586703782545,0.0024166200424356053
SVC,combined,pr,0.9996929689898679,0.5332459875532264,0.002419990213536697
SVC,combined,pr,0.9996929689898679,0.5333333333333333,0.002420892024437517
SVC,combined,pr,0.9996929689898679,0.5334207077326344,0.00242534401802984
SVC,combined,pr,0.9996929689898679,0.5335081107651974,0.0024257785371893897
SVC,combined,pr,0.9996929689898679,0.5336830027864284,0.0024267950423133393
SVC,combined,pr,0.9996929689898679,0.5337704918032787,0.0024321061089415037
SVC,combined,pr,0.9996929689898679,0.5338580095097557,0.00243223464634329
SVC,combined,pr,0.9996929689898679,0.5339455559199737,0.002433726567286661
SVC,combined,pr,0.9996929689898679,0.5340331310480564,0.002435354598419598
SVC,combined,pr,0.9996929689898679,0.5341207349081365,0.0024353953722025027
SVC,combined,pr,0.9996929689898679,0.5342083675143561,0.002438369186379987
SVC,combined,pr,0.9996929689898679,0.5342960288808665,0.002442825607990773
SVC,combined,pr,0.9996929689898679,0.5343837190218284,0.0024431690420854846
SVC,combined,pr,0.9996929689898679,0.5344714379514117,0.002444110763018303
SVC,combined,pr,0.9996929689898679,0.5345591856837958,0.0024532068273520192
SVC,combined,pr,0.9996929689898679,0.5346469622331691,0.0024562617015065763
SVC,combined,pr,0.9996929689898679,0.5347347676137296,0.0024639903827966964
SVC,combined,pr,0.9996929689898679,0.5348226018396847,0.0024652074459318874
SVC,combined,pr,0.9996929689898679,0.5349104649252505,0.002465593922580086
SVC,combined,pr,0.9996929689898679,0.5349983568846532,0.002468801988455078
SVC,combined,pr,0.9996929689898679,0.5350862777321281,0.0024736425239084425
SVC,combined,pr,0.9996929689898679,0.5351742274819198,0.002474104744090155
SVC,combined,pr,0.9996929689898679,0.5352622061482821,0.002479221158198803
SVC,combined,pr,0.9996929689898679,0.5353502137454784,0.002480271362992149
SVC,combined,pr,0.9996929689898679,0.5354382502877816,0.0024803632317416703
SVC,combined,pr,0.9996929689898679,0.5355263157894737,0.0024805559914801473
SVC,combined,pr,0.9996929689898679,0.5356144102648462,0.0024811520757051383
SVC,combined,pr,0.9996929689898679,0.5357025337282001,0.0024811971229625513
SVC,combined,pr,0.9996929689898679,0.5357906861938456,0.0025014294757172663
SVC,combined,pr,0.9996929689898679,0.5358788676761027,0.002502082979829687
SVC,combined,pr,0.9996929689898679,0.5359670781893004,0.0025092945341034303
SVC,combined,pr,0.9996929689898679,0.5360553177477774,0.0025095345973622555
SVC,combined,pr,0.9996929689898679,0.5361435863658818,0.0025125044767285894
SVC,combined,pr,0.9996929689898679,0.5363202108384121,0.0025127092422491375
SVC,combined,pr,0.9996929689898679,0.5364085667215815,0.002515156143806655
SVC,combined,pr,0.9996929689898679,0.5364969517218652,0.0025174491707834067
SVC,combined,pr,0.9996929689898679,0.5365853658536586,0.0025189867032643642
SVC,combined,pr,0.9996929689898679,0.5366738091313664,0.002521323581069205
SVC,combined,pr,0.9996929689898679,0.5367622815694032,0.002521591937406429
SVC,combined,pr,0.9996929689898679,0.5368507831821929,0.002522566788827427
SVC,combined,pr,0.9996929689898679,0.5369393139841688,0.0025257962913261406
SVC,combined,pr,0.9996929689898679,0.537027873989774,0.002526942036821514
SVC,combined,pr,0.9996929689898679,0.5371164632134608,0.002528954325277583
SVC,combined,pr,0.9996929689898679,0.5372050816696915,0.0025295114838442107
SVC,combined,pr,0.9996929689898679,0.5372937293729373,0.0025338464576178115
SVC,combined,pr,0.9996929689898679,0.5373824063376795,0.0025340956809080245
SVC,combined,pr,0.9996929689898679,0.5374711125784087,0.002539054502766588
SVC,combined,pr,0.9996929689898679,0.5375598481096252,0.0025426612838266543
SVC,combined,pr,0.9996929689898679,0.5376486129458389,0.0025439085760847364
SVC,combined,pr,0.9996929689898679,0.5377374071015689,0.002546969190594816
SVC,combined,pr,0.9996929689898679,0.5378262305913446,0.0025533290731270587
SVC,combined,pr,0.9996929689898679,0.5379150834297043,0.002556991069824661
SVC,combined,pr,0.9996929689898679,0.5380039656311963,0.0025597562376494538
SVC,combined,pr,0.9996929689898679,0.5380928772103785,0.002562269549590853
SVC,combined,pr,0.9996929689898679,0.5381818181818182,0.002565369233439915
SVC,combined,pr,0.9996929689898679,0.5382707885600926,0.0025674243341359975
SVC,combined,pr,0.9996929689898679,0.5383597883597884,0.0025710085270823717
SVC,combined,pr,0.9996929689898679,0.5384488175955019,0.0025714584666865184
SVC,combined,pr,0.9996929689898679,0.5385378762818392,0.002572945026029056
SVC,combined,pr,0.9996929689898679,0.5386269644334161,0.0025737126636954937
SVC,combined,pr,0.9996929689898679,0.5387160820648577,0.0025764416552193996
SVC,combined,pr,0.9996929689898679,0.5388052291907993,0.0025773949930743716
SVC,combined,pr,0.9996929689898679,0.5388944058258854,0.0025785692689002933
SVC,combined,pr,0.9996929689898679,0.5389836119847707,0.002578700697585335
SVC,combined,pr,0.9996929689898679,0.5390728476821192,0.00258040562235708
SVC,combined,pr,0.9996929689898679,0.5391621129326047,0.0025806399011648103
SVC,combined,pr,0.9996929689898679,0.5392514077509108,0.002582912351196405
SVC,combined,pr,0.9996929689898679,0.539340732151731,0.0025836358869167227
SVC,combined,pr,0.9996929689898679,0.5394300861497681,0.00258799631675412
SVC,combined,pr,0.9996929689898679,0.5395194697597349,0.0025923590554275348
SVC,combined,pr,0.9996929689898679,0.539608882996354,0.0025960577026048347
SVC,combined,pr,0.9996929689898679,0.5396983258743577,0.0025967272480862612
SVC,combined,pr,0.9996929689898679,0.5397877984084881,0.0025979471276056042
SVC,combined,pr,0.9996929689898679,0.5398773006134969,0.002598024983143889
SVC,combined,pr,0.9996929689898679,0.5399668325041459,0.0026043522577107125
SVC,combined,pr,0.9996929689898679,0.5400563940952064,0.002604409662761089
SVC,combined,pr,0.9996929689898679,0.5401459854014599,0.002608815806053369
SVC,combined,pr,0.9996929689898679,0.5402356064376971,0.002609788892368644
SVC,combined,pr,0.9996929689898679,0.5403252572187189,0.00261247358713141
SVC,combined,pr,0.9996929689898679,0.5404149377593361,0.002612565332550311
SVC,combined,pr,0.9996929689898679,0.5405046480743692,0.002615230483089879
SVC,combined,pr,0.9996929689898679,0.5405943881786485,0.0026155753442747426
SVC,combined,pr,0.9996929689898679,0.5406841580870143,0.002619615581180264
SVC,combined,pr,0.9996929689898679,0.5407739578143166,0.002621454051271037
SVC,combined,pr,0.9996929689898679,0.5408637873754153,0.00262330702391252
SVC,combined,pr,0.9996929689898679,0.5409536467851802,0.0026234872999976286
SVC,combined,pr,0.9996929689898679,0.5410435360584912,0.00262481507871548
SVC,combined,pr,0.9996929689898679,0.5411334552102377,0.0026251906873749754
SVC,combined,pr,0.9996929689898679,0.5412234042553191,0.0026276587315552345
SVC,combined,pr,0.9996929689898679,0.5413133832086451,0.0026287328098457234
SVC,combined,pr,0.9996929689898679,0.5414033920851347,0.0026340045614215942
SVC,combined,pr,0.9996929689898679,0.5414934308997172,0.002634866451224322
SVC,combined,pr,0.9996929689898679,0.541583499667332,0.0026357001328591342
SVC,combined,pr,0.9996929689898679,0.541673598402928,0.002637757404150364
SVC,combined,pr,0.9996929689898679,0.5417637271214643,0.0026380764645975215
SVC,combined,pr,0.9996929689898679,0.5418538858379098,0.0026404215328486406
SVC,combined,pr,0.9996929689898679,0.5419440745672437,0.0026407087110029612
SVC,combined,pr,0.9996929689898679,0.5421245421245421,0.002648794335312669
SVC,combined,pr,0.9996929689898679,0.5422148209825146,0.002651246300078994
SVC,combined,pr,0.9996929689898679,0.5423051299133911,0.0026523720244869407
SVC,combined,pr,0.9996929689898679,0.5423954689322006,0.002653958294446862
SVC,combined,pr,0.9996929689898679,0.542485838053982,0.002656207352615345
SVC,combined,pr,0.9996929689898679,0.5425762372937843,0.002666782072565786
SVC,combined,pr,0.9996929689898679,0.5426666666666666,0.002668684190795776
SVC,combined,pr,0.9996929689898679,0.542757126187698,0.0026719502610053924
SVC,combined,pr,0.9996929689898679,0.5428476158719573,0.002672526385687378
SVC,combined,pr,0.9996929689898679,0.542938135734534,0.002674514146313167
SVC,combined,pr,0.9996929689898679,0.543028685790527,0.002680027194611313
SVC,combined,pr,0.9996929689898679,0.5431192660550459,0.0026811530135675
SVC,combined,pr,0.9996929689898679,0.5432098765432098,0.0026816473116778976
SVC,combined,pr,0.9996929689898679,0.5433005172701485,0.002686465066074351
SVC,combined,pr,0.9996929689898679,0.5433911882510013,0.002687227545515954
SVC,combined,pr,0.9996929689898679,0.543481889500918,0.0026925255814156932
SVC,combined,pr,0.9996929689898679,0.5435726210350584,0.002700872767156881
SVC,combined,pr,0.9996929689898679,0.5436633828685924,0.0027026057673836187
SVC,combined,pr,0.9996929689898679,0.5437541750167001,0.002712751371595009
SVC,combined,pr,0.9996929689898679,0.5438449974945716,0.002712849483892202
SVC,combined,pr,0.9996929689898679,0.5439358503174073,0.002717321530826822
SVC,combined,pr,0.9996929689898679,0.5440267335004177,0.0027182248135870514
SVC,combined,pr,0.9996929689898679,0.5441176470588235,0.0027191441234858094
SVC,combined,pr,0.9996929689898679,0.5442085910078556,0.002720930188088801
SVC,combined,pr,0.9996929689898679,0.5442995653627549,0.0027217282507331336
SVC,combined,pr,0.9996929689898679,0.5443905701387728,0.002728282130528378
SVC,combined,pr,0.9996929689898679,0.5444816053511705,0.002728484383825549
SVC,combined,pr,0.9996929689898679,0.5445726710152199,0.0027318082503825156
SVC,combined,pr,0.9996929689898679,0.5446637671462028,0.002741373631109871
SVC,combined,pr,0.9996929689898679,0.5447548937594111,0.002744254283990978
SVC,combined,pr,0.9996929689898679,0.5448460508701473,0.0027477162096813217
SVC,combined,pr,0.9996929689898679,0.5449372384937239,0.002750430309814356
SVC,combined,pr,0.9996929689898679,0.5450284566454636,0.0027508754022216673
SVC,combined,pr,0.9996929689898679,0.5451197053406999,0.002751134305713103
SVC,combined,pr,0.9996929689898679,0.5452109845947756,0.002751357307586635
SVC,combined,pr,0.9996929689898679,0.5453022944230447,0.0027538597218503646
SVC,combined,pr,0.9996929689898679,0.545393634840871,0.002755864124464358
SVC,combined,pr,0.9996929689898679,0.5454850058636288,0.002758674476031344
SVC,combined,pr,0.9996929689898679,0.5455764075067024,0.0027596956569071705
SVC,combined,pr,0.9996929689898679,0.5456678397854868,0.002759879367785368
SVC,combined,pr,0.9996929689898679,0.5457593027153872,0.0027600932991887254
SVC,combined,pr,0.9996929689898679,0.545850796311819,0.002766757195012771
SVC,combined,pr,0.9996929689898679,0.5459423205902079,0.0027706476691402725
SVC,combined,pr,0.9996929689898679,0.5460338755659903,0.002774477602157795
SVC,combined,pr,0.9996929689898679,0.5461254612546126,0.0027758159458676373
SVC,combined,pr,0.9996929689898679,0.5462170776715316,0.002776478103360408
SVC,combined,pr,0.9996929689898679,0.5463087248322148,0.002777342855135669
SVC,combined,pr,0.9996929689898679,0.5464004027521396,0.0027783333317971865
SVC,combined,pr,0.9996929689898679,0.5464921114467942,0.0027783759060301515
SVC,combined,pr,0.9996929689898679,0.546583850931677,0.0027788849971743176
SVC,combined,pr,0.9996929689898679,0.5466756212222968,0.0027796489078812854
SVC,combined,pr,0.9996929689898679,0.546767422334173,0.0027806273163538744
SVC,combined,pr,0.9996929689898679,0.5468592542828351,0.002782984411335154
SVC,combined,pr,0.9996929689898679,0.5469511170838233,0.0027887676251012582
SVC,combined,pr,0.9996929689898679,0.5470430107526881,0.0027947249569693616
SVC,combined,pr,0.9996929689898679,0.5471349353049908,0.002795075961157754
SVC,combined,pr,0.9996929689898679,0.5472268907563025,0.002799027916416791
SVC,combined,pr,0.9996929689898679,0.5473188771222054,0.0028088490974984043
SVC,combined,pr,0.9996929689898679,0.5474108944182918,0.002812969100975192
SVC,combined,pr,0.9996929689898679,0.5475029426601647,0.0028142279019704314
SVC,combined,pr,0.9996929689898679,0.5475950218634376,0.0028171922770199496
SVC,combined,pr,0.9996929689898679,0.5476871320437342,0.0028200732156904995
SVC,combined,pr,0.9996929689898679,0.5477792732166891,0.0028220314674527497
SVC,combined,pr,0.9996929689898679,0.5478714453979472,0.0028251308458858097
SVC,combined,pr,0.9996929689898679,0.5479636486031639,0.0028266412340795266
SVC,combined,pr,0.9996929689898679,0.5480558828480054,0.002828452857866773
SVC,combined,pr,0.9996929689898679,0.5481481481481482,0.0028304105815419728
SVC,combined,pr,0.9996929689898679,0.5482404445192793,0.002840214897557524
SVC,combined,pr,0.9996929689898679,0.5483327719770966,0.0028427197255275114
SVC,combined,pr,0.9996929689898679,0.5484251305373085,0.002843167195439479
SVC,combined,pr,0.9996929689898679,0.5485175202156334,0.0028552064800858993
SVC,combined,pr,0.9996929689898679,0.5486099410278011,0.002863291678224779
SVC,combined,pr,0.9996929689898679,0.5487023929895517,0.002863626459244248
SVC,combined,pr,0.9996929689898679,0.5487948761166358,0.0028655698682162195
SVC,combined,pr,0.9996929689898679,0.5488873904248146,0.0028660341232133297
SVC,combined,pr,0.9996929689898679,0.54897993592986,0.0028669799766068813
SVC,combined,pr,0.9996929689898679,0.5490725126475549,0.002869709872569251
SVC,combined,pr,0.9996929689898679,0.549165120593692,0.0028711372656668385
SVC,combined,pr,0.9996929689898679,0.5492577597840755,0.0028717759501300636
SVC,combined,pr,0.9996929689898679,0.54935043023452,0.002872245289452771
SVC,combined,pr,0.9996929689898679,0.5494431319608505,0.002877747769419462
SVC,combined,pr,0.9996929689898679,0.5495358649789029,0.002878534216842922
SVC,combined,pr,0.9996929689898679,0.5496286293045239,0.002882868317529101
SVC,combined,pr,0.9996929689898679,0.5497214249535708,0.00288554541766281
SVC,combined,pr,0.9996929689898679,0.5499071102854247,0.0028903272148701567
SVC,combined,pr,0.9996929689898679,0.55,0.0028916775637267376
SVC,combined,pr,0.9996929689898679,0.5500929211015374,0.002897225857265278
SVC,combined,pr,0.9996929689898679,0.550185873605948,0.0029016535348062194
SVC,combined,pr,0.9996929689898679,0.5502788575291533,0.002902035128155541
SVC,combined,pr,0.9996929689898679,0.5503718728870859,0.0029117211197053684
SVC,combined,pr,0.9996929689898679,0.5504649196956889,0.002920791975127479
SVC,combined,pr,0.9996929689898679,0.5505579979709164,0.00292252248730591
SVC,combined,pr,0.9996929689898679,0.5506511077287333,0.0029254361732914936
SVC,combined,pr,0.9996929689898679,0.550744248985115,0.0029301988720396173
SVC,combined,pr,0.9996929689898679,0.550837421756048,0.002930524415403087
SVC,combined,pr,0.9996929689898679,0.5509306260575296,0.002931835972079145
SVC,combined,pr,0.9996929689898679,0.5510238619055677,0.0029368862545222398
SVC,combined,pr,0.9996929689898679,0.5511171293161814,0.0029372307399844473
SVC,combined,pr,0.9996929689898679,0.5512104283054003,0.00293870947775195
SVC,combined,pr,0.9996929689898679,0.5513037588892652,0.0029457200743978986
SVC,combined,pr,0.9996929689898679,0.5513971210838272,0.0029477211465057905
SVC,combined,pr,0.9996929689898679,0.551490514905149,0.002951506072926108
SVC,combined,pr,0.9996929689898679,0.5515839403693037,0.0029562664393903426
SVC,combined,pr,0.9996929689898679,0.5516773974923754,0.002957050345582274
SVC,combined,pr,0.9996929689898679,0.5517708862904592,0.002958386100424284
SVC,combined,pr,0.9996929689898679,0.551864406779661,0.0029603265010948177
SVC,combined,pr,0.9996929689898679,0.5519579589760977,0.0029607577180338594
SVC,combined,pr,0.9996929689898679,0.5520515428958969,0.00296173501482741
SVC,combined,pr,0.9996929689898679,0.5521451585551975,0.0029619272682585365
SVC,combined,pr,0.9996929689898679,0.5522388059701493,0.0029632600768018237
SVC,combined,pr,0.9996929689898679,0.5523324851569127,0.002964671553251452
SVC,combined,pr,0.9996929689898679,0.5524261961316593,0.0029652836891268784
SVC,combined,pr,0.9996929689898679,0.5525199389105718,0.002969933431786529
SVC,combined,pr,0.9996929689898679,0.5526137135098439,0.002971640420008638
SVC,combined,pr,0.9996929689898679,0.5527075199456799,0.0029729850253356967
SVC,combined,pr,0.9996929689898679,0.5528013582342954,0.0029751734019756505
SVC,combined,pr,0.9996929689898679,0.5528952283919172,0.002977686720391516
SVC,combined,pr,0.9996929689898679,0.5529891304347826,0.0029806241805734033
SVC,combined,pr,0.9996929689898679,0.5530830643791405,0.0029807419823350465
SVC,combined,pr,0.9996929689898679,0.5531770302412504,0.002982079160937358
SVC,combined,pr,0.9996929689898679,0.5532710280373832,0.0029924185259514527
SVC,combined,pr,0.9996929689898679,0.5533650577838205,0.002993471544542627
SVC,combined,pr,0.9996929689898679,0.5534591194968553,0.0029937278194921667
SVC,combined,pr,0.9996929689898679,0.5535532131927916,0.002995295358765878
SVC,combined,pr,0.9996929689898679,0.5536473388879443,0.0029963425376280154
SVC,combined,pr,0.9996929689898679,0.5537414965986395,0.0029965495589410894
SVC,combined,pr,0.9996929689898679,0.5538356863412145,0.002996734401505056
SVC,combined,pr,0.9996929689898679,0.5539299081320177,0.002997198313740485
SVC,combined,pr,0.9996929689898679,0.5540241619874086,0.002997308939361626
SVC,combined,pr,0.9996929689898679,0.5541184479237576,0.0029979057644145568
SVC,combined,pr,0.9996929689898679,0.5542127659574468,0.003004653099176961
SVC,combined,pr,0.9996929689898679,0.5543071161048689,0.0030093684154488677
SVC,combined,pr,0.9996929689898679,0.554401498382428,0.003010657554837608
SVC,combined,pr,0.9996929689898679,0.5544959128065395,0.0030130379691977144
SVC,combined,pr,0.9996929689898679,0.5545903593936297,0.003013694351269816
SVC,combined,pr,0.9996929689898679,0.5546848381601363,0.0030220585452498568
SVC,combined,pr,0.9996929689898679,0.5547793491225081,0.0030313703129429674
SVC,combined,pr,0.9996929689898679,0.5548738922972052,0.003033988647539365
SVC,combined,pr,0.9996929689898679,0.5549684677006989,0.003034413051908431
SVC,combined,pr,0.9996929689898679,0.5550630753494715,0.0030361410743458147
SVC,combined,pr,0.9996929689898679,0.555157715260017,0.003040088670594021
SVC,combined,pr,0.9996929689898679,0.5552523874488404,0.0030416808180158197
SVC,combined,pr,0.9996929689898679,0.5553470919324578,0.0030422286387951658
SVC,combined,pr,0.9996929689898679,0.5554418287273968,0.003043613020749391
SVC,combined,pr,0.9996929689898679,0.5555365978501963,0.003044600317873526
SVC,combined,pr,0.9996929689898679,0.5556313993174061,0.00304990529688109
SVC,combined,pr,0.9996929689898679,0.555726233145588,0.003054236342735368
SVC,combined,pr,0.9996929689898679,0.5558210993513144,0.0030585379402988267
SVC,combined,pr,0.9996929689898679,0.5559159979511695,0.0030673416923016547
SVC,combined,pr,0.9996929689898679,0.5562008882815169,0.003074071603125863
SVC,combined,pr,0.9996929689898679,0.5562959166239535,0.003082919829543953
SVC,combined,pr,0.9996929689898679,0.556390977443609,0.0030845079383329103
SVC,combined,pr,0.9996929689898679,0.5565811965811965,0.0030851558589373982
SVC,combined,pr,0.9996929689898679,0.5566763549324671,0.00308747052949887
SVC,combined,pr,0.9996929689898679,0.5567715458276333,0.003096466971549547
SVC,combined,pr,0.9996929689898679,0.5568667692833932,0.0030970457554966723
SVC,combined,pr,0.9996929689898679,0.5569620253164557,0.0030986004427872005
SVC,combined,pr,0.9996929689898679,0.5570573139435415,0.0031053415171598537
SVC,combined,pr,0.9996929689898679,0.5571526351813826,0.003106322294477606
SVC,combined,pr,0.9996929689898679,0.5573433755563163,0.0031063556583771235
SVC,combined,pr,0.9996929689898679,0.5574387947269304,0.0031091513035638296
SVC,combined,pr,0.9996929689898679,0.5575342465753425,0.003116616247276342
SVC,combined,pr,0.9996929689898679,0.5576297311183421,0.003128016619010654
SVC,combined,pr,0.9996929689898679,0.5577252483727304,0.003129018781795416
SVC,combined,pr,0.9996929689898679,0.5578207983553195,0.003129021431115134
SVC,combined,pr,0.9996929689898679,0.5579163810829335,0.0031301549648100196
SVC,combined,pr,0.9996929689898679,0.5580119965724079,0.0031350709202413833
SVC,combined,pr,0.9996929689898679,0.5581076448405896,0.003136411401185677
SVC,combined,pr,0.9996929689898679,0.5582033259043374,0.003141487993123844
SVC,combined,pr,0.9996929689898679,0.5582990397805213,0.003146455226519008
SVC,combined,pr,0.9996929689898679,0.558394786486023,0.003149928918847579
SVC,combined,pr,0.9996929689898679,0.5584905660377358,0.003151761525523862
SVC,combined,pr,0.9996929689898679,0.5585863784525648,0.003156029776722968
SVC,combined,pr,0.9996929689898679,0.5586822237474263,0.003165776805844596
SVC,combined,pr,0.9996929689898679,0.5587781019392484,0.003169278931368336
SVC,combined,pr,0.9996929689898679,0.5588740130449709,0.0031697999304935646
SVC,combined,pr,0.9996929689898679,0.5589699570815451,0.003177844521127909
SVC,combined,pr,0.9996929689898679,0.5590659340659341,0.0031818463459340365
SVC,combined,pr,0.9996929689898679,0.5591619440151124,0.00318525380993127
SVC,combined,pr,0.9996929689898679,0.5592579869460667,0.0031860420872570905
SVC,combined,pr,0.9996929689898679,0.5593540628757946,0.0031894461883254233
SVC,combined,pr,0.9996929689898679,0.5594501718213059,0.0031919046536699586
SVC,combined,pr,0.9996929689898679,0.5595463137996219,0.003192740832898848
SVC,combined,pr,0.9996929689898679,0.5596424888277759,0.0031931170356474183
SVC,combined,pr,0.9996929689898679,0.5597386969228124,0.003196445641545427
SVC,combined,pr,0.9996929689898679,0.5598349381017882,0.0031974761998302547
SVC,combined,pr,0.9996929689898679,0.5601238603130914,0.0032001995793515107
SVC,combined,pr,0.9996929689898679,0.5602202339986235,0.003206253983321939
SVC,combined,pr,0.9996929689898679,0.5603166408535536,0.0032096222606419708
SVC,combined,pr,0.9996929689898679,0.5604130808950086,0.003209943016545515
SVC,combined,pr,0.9996929689898679,0.5605095541401274,0.0032108368902766006
SVC,combined,pr,0.9996929689898679,0.5606060606060606,0.003211068077399265
SVC,combined,pr,0.9996929689898679,0.5607026003099708,0.0032185537816725464
SVC,combined,pr,0.9996929689898679,0.5607991732690321,0.003220257350322742
SVC,combined,pr,0.9996929689898679,0.5608957795004307,0.0032299100105305494
SVC,combined,pr,0.9996929689898679,0.5609924190213645,0.003232610948299231
SVC,combined,pr,0.9996929689898679,0.5610890918490437,0.003232885263963593
SVC,combined,pr,0.9996929689898679,0.5611857980006895,0.0032328873801410634
SVC,combined,pr,0.9996929689898679,0.5612825374935356,0.003241393911332355
SVC,combined,pr,0.9996929689898679,0.5613793103448276,0.0032475456154465576
SVC,combined,pr,0.9996929689898679,0.5614761165718227,0.0032477785550257183
SVC,combined,pr,0.9996929689898679,0.5615729561917903,0.0032483447254157438
SVC,combined,pr,0.9996929689898679,0.5616698292220114,0.0032511041556937416
SVC,combined,pr,0.9996929689898679,0.5617667356797792,0.0032533083482423866
SVC,combined,pr,0.9996929689898679,0.5618636755823986,0.0032607510381386534
SVC,combined,pr,0.9996929689898679,0.5619606489471868,0.003266244146529533
SVC,combined,pr,0.9996929689898679,0.5620576557914725,0.0032686510414648047
SVC,combined,pr,0.9996929689898679,0.5621546961325967,0.003277040907869648
SVC,combined,pr,0.9996929689898679,0.5622517699879123,0.0032934200468874458
SVC,combined,pr,0.9996929689898679,0.5623488773747841,0.003293567348522706
SVC,combined,pr,0.9996929689898679,0.562446018310589,0.003296664848033692
SVC,combined,pr,0.9996929689898679,0.5625431928127159,0.0033009088406531785
SVC,combined,pr,0.9996929689898679,0.5626404008985657,0.0033060453915655535
SVC,combined,pr,0.9996929689898679,0.5627376425855514,0.003308288394595405
SVC,combined,pr,0.9996929689898679,0.5628349178910976,0.0033105602134139572
SVC,combined,pr,0.9996929689898679,0.5629322268326418,0.003316485250030298
SVC,combined,pr,0.9996929689898679,0.5630295694276327,0.003318996216067739
SVC,combined,pr,0.9996929689898679,0.5631269456935316,0.0033208938800676044
SVC,combined,pr,0.9996929689898679,0.5632243556478118,0.0033244096855343463
SVC,combined,pr,0.9996929689898679,0.5633217993079584,0.003332377924524255
SVC,combined,pr,0.9996929689898679,0.5634192766914691,0.003335641973374017
SVC,combined,pr,0.9996929689898679,0.5635167878158532,0.00333623198513686
SVC,combined,pr,0.9996929689898679,0.5636143326986325,0.0033458803134320393
SVC,combined,pr,0.9996929689898679,0.5637119113573407,0.0033468037833345177
SVC,combined,pr,0.9996929689898679,0.5638095238095238,0.003349000714095623
SVC,combined,pr,0.9996929689898679,0.5639071700727398,0.003351133645586512
SVC,combined,pr,0.9996929689898679,0.5640048501645591,0.003352935138489565
SVC,combined,pr,0.9996929689898679,0.5641025641025641,0.003357108408018736
SVC,combined,pr,0.9996929689898679,0.5642003119043494,0.003358395743687138
SVC,combined,pr,0.9996929689898679,0.5642980935875217,0.0033590260795203137
SVC,combined,pr,0.9996929689898679,0.5643959091697002,0.003360213564169426
SVC,combined,pr,0.9996929689898679,0.5644937586685159,0.0033640159162148377
SVC,combined,pr,0.9996929689898679,0.5645916421016126,0.00336569106338952
SVC,combined,pr,0.9996929689898679,0.5646895594866459,0.0033692814889347295
SVC,combined,pr,0.9996929689898679,0.5647875108412836,0.0033702472919380382
SVC,combined,pr,0.9996929689898679,0.5648854961832062,0.0033751961931711943
SVC,combined,pr,0.9996929689898679,0.5649835155301058,0.0033780133459292653
SVC,combined,pr,0.9996929689898679,0.5650815688996876,0.0033828322209604653
SVC,combined,pr,0.9996929689898679,0.5651796563096685,0.0033837086417396966
SVC,combined,pr,0.9996929689898679,0.5652777777777778,0.003385559523121738
SVC,combined,pr,0.9996929689898679,0.5653759333217573,0.003386224140173798
SVC,combined,pr,0.9996929689898679,0.5654741229593608,0.003387904746969048
SVC,combined,pr,0.9996929689898679,0.5655723467083551,0.0033939261470010483
SVC,combined,pr,0.9996929689898679,0.5656706045865184,0.0033972176046511344
SVC,combined,pr,0.9996929689898679,0.5657688966116421,0.003401388945178085
SVC,combined,pr,0.9996929689898679,0.5658672228015293,0.003402075053656054
SVC,combined,pr,0.9996929689898679,0.5659655831739961,0.0034088526410358563
SVC,combined,pr,0.9996929689898679,0.5660639777468707,0.0034103862074855266
SVC,combined,pr,0.9996929689898679,0.5661624065379934,0.003410548023111651
SVC,combined,pr,0.9996929689898679,0.5662608695652174,0.003411199219231166
SVC,combined,pr,0.9996929689898679,0.5663593668464081,0.003414515063524331
SVC,combined,pr,0.9996929689898679,0.5664578983994433,0.0034187277798690394
SVC,combined,pr,0.9996929689898679,0.5665564642422133,0.0034209237559899883
SVC,combined,pr,0.9996929689898679,0.5666550643926209,0.003424604756691586
SVC,combined,pr,0.9996929689898679,0.5667536988685814,0.003427222038523911
SVC,combined,pr,0.9996929689898679,0.5668523676880223,0.003429855641800835
SVC,combined,pr,0.9996929689898679,0.5669510708688839,0.003431086875078444
SVC,combined,pr,0.9996929689898679,0.5670498084291188,0.0034316087881390324
SVC,combined,pr,0.9996929689898679,0.5671485803866922,0.003432495398254564
SVC,combined,pr,0.9996929689898679,0.5672473867595819,0.0034403150124999
SVC,combined,pr,0.9996929689898679,0.567346227565778,0.00344694929479439
SVC,combined,pr,0.9996929689898679,0.5674451028232834,0.003449904151511281
SVC,combined,pr,0.9996929689898679,0.5675440125501133,0.0034560879277966325
SVC,combined,pr,0.9996929689898679,0.5676429567642957,0.003456089919792262
SVC,combined,pr,0.9996929689898679,0.567741935483871,0.0034633675054726344
SVC,combined,pr,0.9996929689898679,0.5678409487268922,0.0034703632781127943
SVC,combined,pr,0.9996929689898679,0.5679399965114251,0.0034799940411415153
SVC,combined,pr,0.9996929689898679,0.5680390788555478,0.003487396364942274
SVC,combined,pr,0.9996929689898679,0.5681381957773513,0.00349334963280847
SVC,combined,pr,0.9996929689898679,0.5682373472949389,0.0034961868031697894
SVC,combined,pr,0.9996929689898679,0.568336533426427,0.0035053817955031084
SVC,combined,pr,0.9996929689898679,0.5684357541899442,0.0035055777944085604
SVC,combined,pr,0.9996929689898679,0.5685350096036319,0.0035079770073656036
SVC,combined,pr,0.9996929689898679,0.5686342996856444,0.003508592823859994
SVC,combined,pr,0.9996929689898679,0.5687336244541484,0.003510196721552082
SVC,combined,pr,0.9996929689898679,0.5688329839273235,0.003513427730826125
SVC,combined,pr,0.9996929689898679,0.5689323781233618,0.0035138888385212903
SVC,combined,pr,0.9996929689898679,0.5690318070604684,0.003518295394940453
SVC,combined,pr,0.9996929689898679,0.5692307692307692,0.003525070013609584
SVC,combined,pr,0.9996929689898679,0.5693303025004371,0.0035283680825339407
SVC,combined,pr,0.9996929689898679,0.5694298705841203,0.0035320843823967232
SVC,combined,pr,0.9996929689898679,0.5695294735000874,0.003534799797382363
SVC,combined,pr,0.9996929689898679,0.56962911126662,0.003536066741307017
SVC,combined,pr,0.9996929689898679,0.5697287839020122,0.0035434049608092026
SVC,combined,pr,0.9996929689898679,0.5698284914245713,0.003550562815224014
SVC,combined,pr,0.9996929689898679,0.5699282338526168,0.0035522682849751957
SVC,combined,pr,0.9996929689898679,0.5700280112044818,0.0035527294770269966
SVC,combined,pr,0.9996929689898679,0.5701278234985117,0.003562554425207433
SVC,combined,pr,0.9996929689898679,0.5702276707530648,0.00356854591431287
SVC,combined,pr,0.9996929689898679,0.5704274702172389,0.0035704662260952827
SVC,combined,pr,0.9996929689898679,0.5705274224636412,0.003570723187748615
SVC,combined,pr,0.9996929689898679,0.570627409744129,0.0035770980878804134
SVC,combined,pr,0.9996929689898679,0.5707274320771253,0.003579534644847018
SVC,combined,pr,0.9996929689898679,0.5708274894810659,0.003583242689502108
SVC,combined,pr,0.9996929689898679,0.5709275819743994,0.003583575859259418
SVC,combined,pr,0.9996929689898679,0.5710277095755875,0.003588225357571686
SVC,combined,pr,0.9996929689898679,0.5711278723031047,0.0035916336466119345
SVC,combined,pr,0.9996929689898679,0.5712280701754386,0.0035965183026704785
SVC,combined,pr,0.9996929689898679,0.5713283032110896,0.0036043761369474506
SVC,combined,pr,0.9996929689898679,0.5714285714285714,0.003604984529005937
SVC,combined,pr,0.9996929689898679,0.5715288748464104,0.003605642804570104
SVC,combined,pr,0.9996929689898679,0.5716292134831461,0.0036128909108374546
SVC,combined,pr,0.9996929689898679,0.571729587357331,0.003617576154385826
SVC,combined,pr,0.9996929689898679,0.5718299964875307,0.0036322910560388465
SVC,combined,pr,0.9996929689898679,0.5719304408923239,0.003638342044624751
SVC,combined,pr,0.9996929689898679,0.5720309205903021,0.003641996044443242
SVC,combined,pr,0.9996929689898679,0.5721314356000703,0.0036459433191119114
SVC,combined,pr,0.9996929689898679,0.572231985940246,0.003647447645388942
SVC,combined,pr,0.9996929689898679,0.5723325716294604,0.003650449425446531
SVC,combined,pr,0.9996929689898679,0.5724331926863573,0.003650510353740371
SVC,combined,pr,0.9996929689898679,0.5725338491295938,0.0036576606623526645
SVC,combined,pr,0.9996929689898679,0.5726345409778403,0.0036614909509576966
SVC,combined,pr,0.9996929689898679,0.5727352682497802,0.003663754206835599
SVC,combined,pr,0.9996929689898679,0.5728360309641097,0.0036674157359304614
SVC,combined,pr,0.9996929689898679,0.572936829139539,0.003672886247529586
SVC,combined,pr,0.9996929689898679,0.5731385319486006,0.0036737377846420487
SVC,combined,pr,0.9996929689898679,0.5732394366197183,0.0036738998868746067
SVC,combined,pr,0.9996929689898679,0.5734413525889398,0.0036817191159490884
SVC,combined,pr,0.9996929689898679,0.5735423639246081,0.0036850145718158333
SVC,combined,pr,0.9996929689898679,0.5736434108527132,0.0036859324527213095
SVC,combined,pr,0.9996929689898679,0.5737444933920705,0.0036944449798481413
SVC,combined,pr,0.9996929689898679,0.5738456115615086,0.003695548360900186
SVC,combined,pr,0.9996929689898679,0.5739467653798696,0.0036964456172241043
SVC,combined,pr,0.9996929689898679,0.5741491800387939,0.0036986527510273538
SVC,combined,pr,0.9996929689898679,0.5742504409171075,0.0037001196017303665
SVC,combined,pr,0.9996929689898679,0.5743517375198448,0.003706393263686089
SVC,combined,pr,0.9996929689898679,0.5744530698659139,0.003707679845775278
SVC,combined,pr,0.9996929689898679,0.5745544379742368,0.003709660407681044
SVC,combined,pr,0.9996929689898679,0.5746558418637486,0.003712339203918407
SVC,combined,pr,0.9996929689898679,0.574757281553398,0.0037149809834309856
SVC,combined,pr,0.9996929689898679,0.5749602684089705,0.0037165304556245476
SVC,combined,pr,0.9996929689898679,0.5750618156128576,0.003716739261360128
SVC,combined,pr,0.9996929689898679,0.5751633986928104,0.0037260862814370178
SVC,combined,pr,0.9996929689898679,0.5752650176678445,0.0037268167196697097
SVC,combined,pr,0.9996929689898679,0.5753666725569888,0.0037296717739234036
SVC,combined,pr,0.9996929689898679,0.575468363379286,0.0037326883934515457
SVC,combined,pr,0.9996929689898679,0.5756718528995757,0.003736849391606976
SVC,combined,pr,0.9996929689898679,0.5757736516357206,0.0037431574220038225
SVC,combined,pr,0.9996929689898679,0.5758754863813229,0.0037438672993275906
SVC,combined,pr,0.9996929689898679,0.5759773571554927,0.0037510500069212935
SVC,combined,pr,0.9996929689898679,0.5760792639773531,0.0037570363348957366
SVC,combined,pr,0.9996929689898679,0.5761812068660415,0.0037637258257531363
SVC,combined,pr,0.9996929689898679,0.5762831858407079,0.0037683477594630983
SVC,combined,pr,0.9996929689898679,0.5763852009205169,0.0037717543500949326
SVC,combined,pr,0.9996929689898679,0.5764872521246459,0.003776023574263524
SVC,combined,pr,0.9996929689898679,0.5765893394722862,0.003777023651161437
SVC,combined,pr,0.9996929689898679,0.5766914629826426,0.003780942737957302
SVC,combined,pr,0.9996929689898679,0.5767936226749336,0.0037816403678527406
SVC,combined,pr,0.9996929689898679,0.5768958185683912,0.0037845901581376614
SVC,combined,pr,0.9996929689898679,0.5769980506822612,0.0037898877816217387
SVC,combined,pr,0.9996929689898679,0.5771003190358029,0.0037906039992084022
SVC,combined,pr,0.9996929689898679,0.5772026236482893,0.0037916197348479516
SVC,combined,pr,0.9996929689898679,0.577304964539007,0.0037992556623888643
SVC,combined,pr,0.9996929689898679,0.5774073417272566,0.0038006401391303905
SVC,combined,pr,0.9996929689898679,0.5775097552323519,0.0038014510745876793
SVC,combined,pr,0.9996929689898679,0.5776122050736208,0.0038018099114920448
SVC,combined,pr,0.9996929689898679,0.5777146912704045,0.0038030484124200736
SVC,combined,pr,0.9996929689898679,0.5780223681874667,0.0038033210232169593
SVC,combined,pr,0.9996929689898679,0.578125,0.003806196774031869
SVC,combined,pr,0.9996929689898679,0.5782276682649619,0.0038105535895558863
SVC,combined,pr,0.9996929689898679,0.5783303730017761,0.003810748498769821
SVC,combined,pr,0.9996929689898679,0.578433114229881,0.003811888686971393
SVC,combined,pr,0.9996929689898679,0.5785358919687278,0.0038163000475984004
SVC,combined,pr,0.9996929689898679,0.5786387062377821,0.0038210995401269376
SVC,combined,pr,0.9996929689898679,0.5787415570565233,0.003831546558468752
SVC,combined,pr,0.9996929689898679,0.5788444444444445,0.003832283876551616
SVC,combined,pr,0.9996929689898679,0.5789473684210527,0.003832348331550326
SVC,combined,pr,0.9996929689898679,0.5790503290058687,0.0038335944761894794
SVC,combined,pr,0.9996929689898679,0.5791533262184276,0.003835084124749335
SVC,combined,pr,0.9996929689898679,0.5792563600782779,0.0038371878950547197
SVC,combined,pr,0.9996929689898679,0.5793594306049822,0.003838665582819794
SVC,combined,pr,0.9996929689898679,0.5794625378181171,0.0038390598148702773
SVC,combined,pr,0.9996929689898679,0.5795656817372731,0.0038410077801399843
SVC,combined,pr,0.9996929689898679,0.5796688623820545,0.0038424106465685943
SVC,combined,pr,0.9996929689898679,0.5797720797720798,0.003843802834760776
SVC,combined,pr,0.9996929689898679,0.5798753339269813,0.0038521595457595933
SVC,combined,pr,0.9996929689898679,0.5799786248664054,0.0038522589014358534
SVC,combined,pr,0.9996929689898679,0.5800819526100125,0.003859127578631855
SVC,combined,pr,0.9996929689898679,0.5802887185884869,0.0038609153952770393
SVC,combined,pr,0.9996929689898679,0.5803921568627451,0.0038656470269275386
SVC,combined,pr,0.9996929689898679,0.5804956320199679,0.003870997536133037
SVC,combined,pr,0.9996929689898679,0.5805991440798859,0.003871112214993437
SVC,combined,pr,0.9996929689898679,0.5807026930622436,0.0038721778545891157
SVC,combined,pr,0.9996929689898679,0.5808062789867998,0.003876321435036636
SVC,combined,pr,0.9996929689898679,0.5809099018733274,0.0038768274624293047
SVC,combined,pr,0.9996929689898679,0.5810135617416131,0.0038836653853952896
SVC,combined,pr,0.9996929689898679,0.5811172586114581,0.0038895417169315127
SVC,combined,pr,0.9996929689898679,0.5812209925026777,0.0038992219781551515
SVC,combined,pr,0.9996929689898679,0.5813247634351009,0.0039003916840636994
SVC,combined,pr,0.9996929689898679,0.5814285714285714,0.0039012629771804385
SVC,combined,pr,0.9996929689898679,0.581532416502947,0.003910672381655205
SVC,combined,pr,0.9996929689898679,0.5817402179739146,0.0039115657555470135
SVC,combined,pr,0.9996929689898679,0.581844174410293,0.0039127181861370874
SVC,combined,pr,0.9996929689898679,0.5819481680071492,0.0039180319356118785
SVC,combined,pr,0.9996929689898679,0.5820521987844118,0.003931327671130522
SVC,combined,pr,0.9996929689898679,0.5821562667620239,0.003931484331163178
SVC,combined,pr,0.9996929689898679,0.5822603719599427,0.0039344128319876576
SVC,combined,pr,0.9996929689898679,0.5823645143981399,0.003937437230110817
SVC,combined,pr,0.9996929689898679,0.5824686940966011,0.0039408854271254555
SVC,combined,pr,0.9996929689898679,0.5825729110753265,0.003941019062823831
SVC,combined,pr,0.9996929689898679,0.5826771653543307,0.003949423911970924
SVC,combined,pr,0.9996929689898679,0.5827814569536424,0.003949797285976394
SVC,combined,pr,0.9996929689898679,0.5828857858933046,0.0039528156498433225
SVC,combined,pr,0.9996929689898679,0.5829901521933751,0.003967053461273515
SVC,combined,pr,0.9996929689898679,0.5830945558739254,0.0039706805312534664
SVC,combined,pr,0.9996929689898679,0.5831989969550421,0.003970806215563384
SVC,combined,pr,0.9996929689898679,0.5833034754568255,0.003975098658462488
SVC,combined,pr,0.9996929689898679,0.5834079913993908,0.003975522103101228
SVC,combined,pr,0.9996929689898679,0.5835125448028674,0.003977618803749445
SVC,combined,pr,0.9996929689898679,0.5836171356873991,0.003984752712306572
SVC,combined,pr,0.9996929689898679,0.5837217640731445,0.003986292860436662
SVC,combined,pr,0.9996929689898679,0.5838264299802761,0.003995707743377718
SVC,combined,pr,0.9996929689898679,0.5839311334289814,0.003999232674109894
SVC,combined,pr,0.9996929689898679,0.5840358744394619,0.004000012585739098
SVC,combined,pr,0.9996929689898679,0.584140653031934,0.0040007121267382996
SVC,combined,pr,0.9996929689898679,0.5842454692266283,0.004002075254161905
SVC,combined,pr,0.9996929689898679,0.5843503230437904,0.004009941892243569
SVC,combined,pr,0.9996929689898679,0.5844552145036798,0.004010775300995739
SVC,combined,pr,0.9996929689898679,0.5845601436265709,0.004013185140859667
SVC,combined,pr,0.9996929689898679,0.5846651104327527,0.0040207266441850825
SVC,combined,pr,0.9996929689898679,0.5847701149425287,0.004036922876993016
SVC,combined,pr,0.9996929689898679,0.584875157176217,0.0040406705517383205
SVC,combined,pr,0.9996929689898679,0.5849802371541502,0.004048666616566503
SVC,combined,pr,0.9996929689898679,0.5850853548966757,0.004058848179448855
SVC,combined,pr,0.9996929689898679,0.5851905104241553,0.004064439770766696
SVC,combined,pr,0.9996929689898679,0.5852957037569657,0.0040829854081212745
SVC,combined,pr,0.9996929689898679,0.585400934915498,0.004098143348029191
SVC,combined,pr,0.9996929689898679,0.5855062039201583,0.004109489728045196
SVC,combined,pr,0.9996929689898679,0.5856115107913669,0.004109949497289245
SVC,combined,pr,0.9996929689898679,0.5857168555495593,0.004119192805855786
SVC,combined,pr,0.9996929689898679,0.5858222382151853,0.004136258815254509
SVC,combined,pr,0.9996929689898679,0.5859276588087098,0.004160049201638457
SVC,combined,pr,0.9996929689898679,0.5860331173506119,0.004162125012099606
SVC,combined,pr,0.9996929689898679,0.5861386138613861,0.00416254604362825
SVC,combined,pr,0.9996929689898679,0.5862441483615413,0.00416491987262904
SVC,combined,pr,0.9996929689898679,0.586349720871601,0.004165110948330319
SVC,combined,pr,0.9996929689898679,0.5864553314121037,0.004171514117428603
SVC,combined,pr,0.9996929689898679,0.5865609800036029,0.004174947038577426
SVC,combined,pr,0.9996929689898679,0.5866666666666667,0.004177761361344821
SVC,combined,pr,0.9996929689898679,0.5867723914218779,0.004178698766987403
SVC,combined,pr,0.9996929689898679,0.5868781542898341,0.004179708013852249
SVC,combined,pr,0.9996929689898679,0.5869839552911483,0.004179730947878323
SVC,combined,pr,0.9996929689898679,0.5870897944464479,0.004193418169080154
SVC,combined,pr,0.9996929689898679,0.5871956717763751,0.004199189402049191
SVC,combined,pr,0.9996929689898679,0.5873015873015873,0.00420406346580476
SVC,combined,pr,0.9996929689898679,0.5874075410427566,0.004209608315939421
SVC,combined,pr,0.9996929689898679,0.5875135330205702,0.004214574392342288
SVC,combined,pr,0.9996929689898679,0.5876195632557301,0.004216427194243107
SVC,combined,pr,0.9996929689898679,0.5877256317689531,0.0042190169070769066
SVC,combined,pr,0.9996929689898679,0.5878317385809713,0.00422802940030447
SVC,combined,pr,0.9996929689898679,0.5879378837125316,0.004228580655723141
SVC,combined,pr,0.9996929689898679,0.5880440671843958,0.004234945247092202
SVC,combined,pr,0.9996929689898679,0.588150289017341,0.004239880012923754
SVC,combined,pr,0.9996929689898679,0.588256549232159,0.004240239959699199
SVC,combined,pr,0.9996929689898679,0.5883628478496566,0.004245265717493008
SVC,combined,pr,0.9996929689898679,0.588469184890656,0.004246279391498985
SVC,combined,pr,0.9996929689898679,0.5885755603759942,0.004250557053792933
SVC,combined,pr,0.9996929689898679,0.5886819743265232,0.004250574800529413
SVC,combined,pr,0.9996929689898679,0.5887884267631103,0.004252700249633534
SVC,combined,pr,0.9996929689898679,0.5888949177066377,0.004254776116616737
SVC,combined,pr,0.9996929689898679,0.5890014471780028,0.004258638876547129
SVC,combined,pr,0.9996929689898679,0.5891080151981183,0.004261674879378821
SVC,combined,pr,0.9996929689898679,0.5892146217879117,0.0042625603994859386
SVC,combined,pr,0.9996929689898679,0.5893212669683258,0.004262773275800275
SVC,combined,pr,0.9996929689898679,0.5894279507603186,0.004263127291619133
SVC,combined,pr,0.9996929689898679,0.5895346731848633,0.00426402891338687
SVC,combined,pr,0.9996929689898679,0.5899619496285559,0.004266855237570112
SVC,combined,pr,0.9996929689898679,0.5900688655309895,0.004273839715700249
SVC,combined,pr,0.9996929689898679,0.5901758201921334,0.004273890336379914
SVC,combined,pr,0.9996929689898679,0.5902828136330674,0.004281193516098069
SVC,combined,pr,0.9996929689898679,0.5903898458748866,0.004287111076735924
SVC,combined,pr,0.9996929689898679,0.5904969169387014,0.004301325978139712
SVC,combined,pr,0.9996929689898679,0.5906040268456376,0.004307932390061554
SVC,combined,pr,0.9996929689898679,0.590711175616836,0.004310374524275548
SVC,combined,pr,0.9996929689898679,0.590818363273453,0.004315488740816398
SVC,combined,pr,0.9996929689898679,0.5909255898366607,0.004318372129777725
SVC,combined,pr,0.9996929689898679,0.5910328553276457,0.004320488546098635
SVC,combined,pr,0.9996929689898679,0.5911401597676107,0.004322522568072633
SVC,combined,pr,0.9996929689898679,0.5912475031777737,0.004329218930924789
SVC,combined,pr,0.9996929689898679,0.591354885579368,0.004336896644300491
SVC,combined,pr,0.9996929689898679,0.5914623069936421,0.004340644876007144
SVC,combined,pr,0.9996929689898679,0.5915697674418605,0.00434606719566315
SVC,combined,pr,0.9996929689898679,0.5916772669453025,0.004349970601592455
SVC,combined,pr,0.9996929689898679,0.5917848055252636,0.004353618798977261
SVC,combined,pr,0.9996929689898679,0.591892383203054,0.004354512123959259
SVC,combined,pr,0.9996929689898679,0.592,0.004356794161104078
SVC,combined,pr,0.9996929689898679,0.5921076559374432,0.0043580555801870716
SVC,combined,pr,0.9996929689898679,0.5922153510367406,0.004360023529339994
SVC,combined,pr,0.9996929689898679,0.592323085319265,0.004361474533010726
SVC,combined,pr,0.9996929689898679,0.5924308588064047,0.004362991597952447
SVC,combined,pr,0.9996929689898679,0.5925386715195632,0.004363588984692719
SVC,combined,pr,0.9996929689898679,0.5926465234801602,0.004364342373786448
SVC,combined,pr,0.9996929689898679,0.5927544147096304,0.0043690217705265435
SVC,combined,pr,0.9996929689898679,0.5928623452294246,0.004371249039486936
SVC,combined,pr,0.9996929689898679,0.592970315061009,0.004371611023402034
SVC,combined,pr,0.9996929689898679,0.5930783242258653,0.00437276975536769
SVC,combined,pr,0.9996929689898679,0.593186372745491,0.004385330306091864
SVC,combined,pr,0.9996929689898679,0.5932944606413995,0.004385627775976342
SVC,combined,pr,0.9996929689898679,0.5934025879351194,0.004387840890722271
SVC,combined,pr,0.9996929689898679,0.5935107546481954,0.004399294777810036
SVC,combined,pr,0.9996929689898679,0.5936189608021878,0.004399807101440694
SVC,combined,pr,0.9996929689898679,0.5937272064186725,0.004402187841474475
SVC,combined,pr,0.9996929689898679,0.5938354915192413,0.004408156582369756
SVC,combined,pr,0.9996929689898679,0.5939438161255016,0.0044139431972705775
SVC,combined,pr,0.9996929689898679,0.5940521802590768,0.0044156084442991865
SVC,combined,pr,0.9996929689898679,0.5941605839416059,0.0044164946550549955
SVC,combined,pr,0.9996929689898679,0.5943775100401606,0.004418421995705653
SVC,combined,pr,0.9996929689898679,0.5944860324995436,0.004419249340353574
SVC,combined,pr,0.9996929689898679,0.5945945945945946,0.004423266650694318
SVC,combined,pr,0.9996929689898679,0.5951380003655639,0.0044275727874809505
SVC,combined,pr,0.9996929689898679,0.5952468007312615,0.004431146951093273
SVC,combined,pr,0.9996929689898679,0.5953556408849882,0.004432507267409049
SVC,combined,pr,0.9996929689898679,0.5954645208485735,0.0044378840456526115
SVC,combined,pr,0.9996929689898679,0.5955734406438632,0.00443972161023488
SVC,combined,pr,0.9996929689898679,0.5956824002927186,0.0044416134509378214
SVC,combined,pr,0.9996929689898679,0.5957913998170173,0.004441693753518278
SVC,combined,pr,0.9996929689898679,0.595900439238653,0.004443196461620742
SVC,combined,pr,0.9996929689898679,0.5960095185795351,0.004444245831371345
SVC,combined,pr,0.9996929689898679,0.5961186378615891,0.004453339915173633
SVC,combined,pr,0.9996929689898679,0.596227797106757,0.004464106517199967
SVC,combined,pr,0.9996929689898679,0.5963369963369963,0.004464301880542481
SVC,combined,pr,0.9996929689898679,0.596446235574281,0.004466027909094126
SVC,combined,pr,0.9996929689898679,0.596555514840601,0.004467171672740954
SVC,combined,pr,0.9996929689898679,0.5966648341579622,0.0044672458982303485
SVC,combined,pr,0.9996929689898679,0.5967741935483871,0.004482034316941204
SVC,combined,pr,0.9996929689898679,0.5968835930339138,0.00449607407436868
SVC,combined,pr,0.9996929689898679,0.596993032636597,0.004496983661128869
SVC,combined,pr,0.9996929689898679,0.5971025123785072,0.004503367676996396
SVC,combined,pr,0.9996929689898679,0.5972120322817315,0.0045059233717081185
SVC,combined,pr,0.9996929689898679,0.5973215923683728,0.004507972052078112
SVC,combined,pr,0.9996929689898679,0.5974311926605504,0.004508686536870488
SVC,combined,pr,0.9996929689898679,0.5976505139500734,0.004518676268872408
SVC,combined,pr,0.9996929689898679,0.5977602349917386,0.004521368283188068
SVC,combined,pr,0.9996929689898679,0.5978699963275799,0.004524734577721487
SVC,combined,pr,0.9996929689898679,0.597979797979798,0.004526428828090543
SVC,combined,pr,0.9996929689898679,0.5985294117647059,0.004531805186461576
SVC,combined,pr,0.9996929689898679,0.5987495402721589,0.004539093990146829
SVC,combined,pr,0.9996929689898679,0.5988596652565753,0.004546828555184537
SVC,combined,pr,0.9996929689898679,0.5989698307579102,0.004549946680575303
SVC,combined,pr,0.9996929689898679,0.5990800367985281,0.0045529110121323635
SVC,combined,pr,0.9996929689898679,0.5991902834008097,0.00455311016941331
SVC,combined,pr,0.9996929689898679,0.5993005705871526,0.004572733514288912
SVC,combined,pr,0.9996929689898679,0.5994108983799705,0.004579598241391374
SVC,combined,pr,0.9996929689898679,0.5996316758747698,0.004581828169183878
SVC,combined,pr,0.9996929689898679,0.5997421256216614,0.004584910884957762
SVC,combined,pr,0.9996929689898679,0.599852616064849,0.004586158556022692
SVC,combined,pr,0.9996929689898679,0.5999631472268289,0.0045900530347696405
SVC,combined,pr,0.9996929689898679,0.6000737191301143,0.004591469929254523
SVC,combined,pr,0.9996929689898679,0.6001843317972351,0.004592454021625684
SVC,combined,pr,0.9996929689898679,0.6002949852507374,0.004597459210635855
SVC,combined,pr,0.9996929689898679,0.6004056795131846,0.004599978726787093
SVC,combined,pr,0.9996929689898679,0.600516414607156,0.0046028511286683475
SVC,combined,pr,0.9996929689898679,0.6006271905552482,0.004608244889465064
SVC,combined,pr,0.9996929689898679,0.6007380073800738,0.004612136788655138
SVC,combined,pr,0.9996929689898679,0.6008488651042628,0.004615899014857225
SVC,combined,pr,0.9996929689898679,0.6009597637504615,0.004617598283725195
SVC,combined,pr,0.9996929689898679,0.6010707033413328,0.004621835450938863
SVC,combined,pr,0.9996929689898679,0.6011816838995568,0.004624885501735123
SVC,combined,pr,0.9996929689898679,0.6012927054478301,0.0046272914462922275
SVC,combined,pr,0.9996929689898679,0.6014037680088659,0.004628591547221236
SVC,combined,pr,0.9996929689898679,0.6015148716053944,0.004628814177701123
SVC,combined,pr,0.9996929689898679,0.6016260162601627,0.004634009394799501
SVC,combined,pr,0.9996929689898679,0.6019596968016269,0.004635381715085256
SVC,combined,pr,0.9996929689898679,0.6020710059171598,0.004637073036550566
SVC,combined,pr,0.9996929689898679,0.6027397260273972,0.0046377090930244565
SVC,combined,pr,0.9996929689898679,0.6028513238289206,0.004639667433769006
SVC,combined,pr,0.9996929689898679,0.6029629629629629,0.004647405261675401
SVC,combined,pr,0.9996929689898679,0.6030746434524912,0.0046485001723696635
SVC,combined,pr,0.9996929689898679,0.6031863653204891,0.004651316103773166
SVC,combined,pr,0.9996929689898679,0.6032981285899573,0.004652261708626158
SVC,combined,pr,0.9996929689898679,0.603409933283914,0.00466379158637155
SVC,combined,pr,0.9996929689898679,0.6035217794253939,0.004670463111995106
SVC,combined,pr,0.9996929689898679,0.603633667037449,0.004674409562144079
SVC,combined,pr,0.9996929689898679,0.6037455961431485,0.004678050493749988
SVC,combined,pr,0.9996929689898679,0.6038575667655787,0.004681426950035465
SVC,combined,pr,0.9996929689898679,0.6039695789278428,0.004690920213905701
SVC,combined,pr,0.9996929689898679,0.6040816326530613,0.004692320548405126
SVC,combined,pr,0.9996929689898679,0.6041937279643719,0.004692682790865023
SVC,combined,pr,0.9996929689898679,0.6043058648849294,0.004692914634039259
SVC,combined,pr,0.9996929689898679,0.6044180434379061,0.004693622288461341
SVC,combined,pr,0.9996929689898679,0.6045302636464909,0.004697648152233953
SVC,combined,pr,0.9996929689898679,0.6046425255338904,0.004699803103323986
SVC,combined,pr,0.9996929689898679,0.6047548291233283,0.004707401467272442
SVC,combined,pr,0.9996929689898679,0.6049795615013006,0.004711290137613392
SVC,combined,pr,0.9996929689898679,0.6050919903363687,0.004720057092075685
SVC,combined,pr,0.9996929689898679,0.6052044609665428,0.004721076649658759
SVC,combined,pr,0.9996929689898679,0.6053169734151329,0.004729088761752264
SVC,combined,pr,0.9996929689898679,0.6054295277054668,0.004731677550913908
SVC,combined,pr,0.9996929689898679,0.605542123860889,0.00473429530241836
SVC,combined,pr,0.9996929689898679,0.6056547619047619,0.004740969651046797
SVC,combined,pr,0.9996929689898679,0.6057674418604652,0.004751530680393265
SVC,combined,pr,0.9996929689898679,0.6058801637513956,0.004767932331778561
SVC,combined,pr,0.9996929689898679,0.6059929276009678,0.004775677936715674
SVC,combined,pr,0.9996929689898679,0.6061057334326135,0.004776111543677012
SVC,combined,pr,0.9996929689898679,0.6062185812697821,0.004783195112243729
SVC,combined,pr,0.9996929689898679,0.6063314711359404,0.004784527418533003
SVC,combined,pr,0.9996929689898679,0.6064444030545726,0.004789078494555724
SVC,combined,pr,0.9996929689898679,0.6065573770491803,0.004789638048159413
SVC,combined,pr,0.9996929689898679,0.606670393143283,0.00479128329167735
SVC,combined,pr,0.9996929689898679,0.6068965517241379,0.004792315195186827
SVC,combined,pr,0.9996929689898679,0.6072361059306229,0.004794735089308629
SVC,combined,pr,0.9996929689898679,0.6073493751165827,0.004803536790716638
SVC,combined,pr,0.9996929689898679,0.6074626865671642,0.004806618368266348
SVC,combined,pr,0.9996929689898679,0.6075760403060273,0.004813092674515542
SVC,combined,pr,0.9996929689898679,0.6076894363568496,0.0048165533876348
SVC,combined,pr,0.9996929689898679,0.6078028747433265,0.004820367158311998
SVC,combined,pr,0.9996929689898679,0.607916355489171,0.0048228137395824495
SVC,combined,pr,0.9996929689898679,0.6080298786181139,0.004835200931290928
SVC,combined,pr,0.9996929689898679,0.6089395922947447,0.004837083268536717
SVC,combined,pr,0.9996929689898679,0.6090534979423868,0.004842901380696375
SVC,combined,pr,0.9996929689898679,0.6091674462114125,0.004844836727458437
SVC,combined,pr,0.9996929689898679,0.6092814371257484,0.004849981282187026
SVC,combined,pr,0.9996929689898679,0.6093954707093393,0.004850000764073783
SVC,combined,pr,0.9996929689898679,0.6095095469861476,0.004851056003342735
SVC,combined,pr,0.9996929689898679,0.6096236659801535,0.004851272774146664
SVC,combined,pr,0.9996929689898679,0.6097378277153558,0.004854445704675733
SVC,combined,pr,0.9996929689898679,0.6098520322157708,0.004860030806168411
SVC,combined,pr,0.9996929689898679,0.6099662795054327,0.004862166246835819
SVC,combined,pr,0.9996929689898679,0.6100805696083942,0.004864304402106313
SVC,combined,pr,0.9996929689898679,0.6101949025487257,0.004886113085529705
SVC,combined,pr,0.9996929689898679,0.6105381586349147,0.0048892881303469575
SVC,combined,pr,0.9996929689898679,0.6106526631657915,0.004891876411312348
SVC,combined,pr,0.9996929689898679,0.6107672106546614,0.004899264379719582
SVC,combined,pr,0.9996929689898679,0.610996434603115,0.004899517312250957
SVC,combined,pr,0.9996929689898679,0.6111111111111112,0.004902480032719469
SVC,combined,pr,0.9996929689898679,0.6112258306739253,0.004902655160501167
SVC,combined,pr,0.9996929689898679,0.6113405933158093,0.004905014264551915
SVC,combined,pr,0.9996929689898679,0.6114553990610329,0.004905478946434672
SVC,combined,pr,0.9996929689898679,0.6116851399586699,0.004919329844597049
SVC,combined,pr,0.9996929689898679,0.6118000751597144,0.004933791515401258
SVC,combined,pr,0.9996929689898679,0.6119150535613607,0.004933793616942497
SVC,combined,pr,0.9996929689898679,0.6120300751879699,0.004937508662818046
SVC,combined,pr,0.9996929689898679,0.6121451400639218,0.004937872624314121
SVC,combined,pr,0.9996929689898679,0.6122602482136141,0.004942784064169449
SVC,combined,pr,0.9996929689898679,0.6123753996614633,0.004943976694329572
SVC,combined,pr,0.9996929689898679,0.6124905944319037,0.004949929330561041
SVC,combined,pr,0.9996929689898679,0.6126058325493885,0.004956919901181442
SVC,combined,pr,0.9996929689898679,0.6127211140383891,0.004962468436102059
SVC,combined,pr,0.9996929689898679,0.6128364389233955,0.004968238444027735
SVC,combined,pr,0.9996929689898679,0.6129518072289156,0.004972275185220746
SVC,combined,pr,0.9996929689898679,0.6130672189794766,0.004974084316123949
SVC,combined,pr,0.9996929689898679,0.6131826741996234,0.004974393882960241
SVC,combined,pr,0.9996929689898679,0.6135293009233088,0.004979240010634616
SVC,combined,pr,0.9996929689898679,0.6136449302676216,0.004990308242019097
SVC,combined,pr,0.9996929689898679,0.6137606032045241,0.005000291194862278
SVC,combined,pr,0.9996929689898679,0.6138763197586727,0.005004389474286237
SVC,combined,pr,0.9996929689898679,0.6139920799547426,0.005009524918998964
SVC,combined,pr,0.9996929689898679,0.6141078838174274,0.005020983708448771
SVC,combined,pr,0.9996929689898679,0.6144555576523872,0.005021263952108754
SVC,combined,pr,0.9996929689898679,0.6145715364288411,0.005022223945459139
SVC,combined,pr,0.9996929689898679,0.614687558995658,0.005022248849477321
SVC,combined,pr,0.9996929689898679,0.6148036253776435,0.005026117688331372
SVC,combined,pr,0.9996929689898679,0.6149197355996223,0.00503047331925422
SVC,combined,pr,0.9996929689898679,0.6150358896864375,0.0050327230104683625
SVC,combined,pr,0.9996929689898679,0.615152087662951,0.0050414214601540615
SVC,combined,pr,0.9996929689898679,0.6152683295540439,0.00504501215697821
SVC,combined,pr,0.9996929689898679,0.6153846153846154,0.005061374123190516
SVC,combined,pr,0.9996929689898679,0.6155009451795841,0.005078918116068142
SVC,combined,pr,0.9996929689898679,0.6156173189638873,0.005081750561610696
SVC,combined,pr,0.9996929689898679,0.6157337367624811,0.005087976621045722
SVC,combined,pr,0.9996929689898679,0.6158501986003404,0.0050883657052570586
SVC,combined,pr,0.9996929689898679,0.6159667045024593,0.005092848596098977
SVC,combined,pr,0.9996929689898679,0.6160832544938505,0.0050942627909762676
SVC,combined,pr,0.9996929689898679,0.6161998485995458,0.005096625561741425
SVC,combined,pr,0.9996929689898679,0.6163164868445958,0.005097129141380032
SVC,combined,pr,0.9996929689898679,0.6164331692540704,0.0051121583460160885
SVC,combined,pr,0.9996929689898679,0.6165498958530581,0.005119665351706175
SVC,combined,pr,0.9996929689898679,0.6166666666666667,0.005122341845132632
SVC,combined,pr,0.9996929689898679,0.6167834817200227,0.005128488727355343
SVC,combined,pr,0.9996929689898679,0.6169003410382721,0.005128808966842316
SVC,combined,pr,0.9996929689898679,0.6170172446465795,0.00513050511308731
SVC,combined,pr,0.9996929689898679,0.6171341925701289,0.005131343930528608
SVC,combined,pr,0.9996929689898679,0.6172511848341232,0.0051314333231483045
SVC,combined,pr,0.9996929689898679,0.6173682214637846,0.005131989975459171
SVC,combined,pr,0.9996929689898679,0.6174853024843543,0.0051342240149334925
SVC,combined,pr,0.9996929689898679,0.6176024279210925,0.005137766024569484
SVC,combined,pr,0.9996929689898679,0.6177195977992791,0.005140773884238441
SVC,combined,pr,0.9996929689898679,0.6178368121442125,0.0051653575867522845
SVC,combined,pr,0.9996929689898679,0.6179540709812108,0.005166251458884381
SVC,combined,pr,0.9996929689898679,0.6180713743356112,0.0051664050272133
SVC,combined,pr,0.9996929689898679,0.6181887222327701,0.005174288433783219
SVC,combined,pr,0.9996929689898679,0.6183061146980631,0.005180800874159254
SVC,combined,pr,0.9996929689898679,0.6184235517568851,0.005194059243912072
SVC,combined,pr,0.9996929689898679,0.6185410334346505,0.005200371597938995
SVC,combined,pr,0.9996929689898679,0.6186585597567927,0.0052051777187661075
SVC,combined,pr,0.9996929689898679,0.6187761307487647,0.005205621793205762
SVC,combined,pr,0.9996929689898679,0.6188937464360388,0.0052066993854118886
SVC,combined,pr,0.9996929689898679,0.6191291119984788,0.005208849758796887
SVC,combined,pr,0.9996929689898679,0.6192468619246861,0.005210791004389017
SVC,combined,pr,0.9996929689898679,0.6193646566482784,0.005210809171377717
SVC,combined,pr,0.9996929689898679,0.619482496194825,0.005222915827377926
SVC,combined,pr,0.9996929689898679,0.6196003805899144,0.00522379509118947
SVC,combined,pr,0.9996929689898679,0.6197183098591549,0.005224162142413114
SVC,combined,pr,0.9996929689898679,0.6198362840281744,0.005243829598284171
SVC,combined,pr,0.9996929689898679,0.61995430312262,0.005244097278033058
SVC,combined,pr,0.9996929689898679,0.6200723671681585,0.005247587865188779
SVC,combined,pr,0.9996929689898679,0.6201904761904762,0.005248195533361169
SVC,combined,pr,0.9996929689898679,0.6203086302152792,0.005256468147667271
SVC,combined,pr,0.9996929689898679,0.6204268292682927,0.0052644140753960655
SVC,combined,pr,0.9996929689898679,0.6205450733752621,0.005270821728197618
SVC,combined,pr,0.9996929689898679,0.620663362561952,0.005272626126376734
SVC,combined,pr,0.9996929689898679,0.6207816968541469,0.005274303070716861
SVC,combined,pr,0.9996929689898679,0.6209000762776506,0.005276139799229384
SVC,combined,pr,0.9996929689898679,0.6210185008582872,0.005279712722103723
SVC,combined,pr,0.9996929689898679,0.6211369706219,0.005297854362678596
SVC,combined,pr,0.9996929689898679,0.6212554855943522,0.005306545066261585
SVC,combined,pr,0.9996929689898679,0.6213740458015267,0.005347532685768511
SVC,combined,pr,0.9996929689898679,0.6214926512693262,0.005351506427021586
SVC,combined,pr,0.9996929689898679,0.6216113020236732,0.005352492278178265
SVC,combined,pr,0.9996929689898679,0.6217299980905099,0.0053526404310622324
SVC,combined,pr,0.9996929689898679,0.6218487394957983,0.005356453221793411
SVC,combined,pr,0.9996929689898679,0.6219675262655205,0.005363067810126575
SVC,combined,pr,0.9996929689898679,0.6220863584256783,0.005369715341811568
SVC,combined,pr,0.9996929689898679,0.6222052360022932,0.005372235933061125
SVC,combined,pr,0.9996929689898679,0.6223241590214067,0.005376225490663446
SVC,combined,pr,0.9996929689898679,0.6224431275090805,0.005386703565634892
SVC,combined,pr,0.9996929689898679,0.6225621414913958,0.005388981704005612
SVC,combined,pr,0.9996929689898679,0.622681200994454,0.005410472586925536
SVC,combined,pr,0.9996929689898679,0.6228003060443764,0.005413709432347917
SVC,combined,pr,0.9996929689898679,0.6229194566673044,0.00542067199374497
SVC,combined,pr,0.9996929689898679,0.6230386528893992,0.0054230796214971705
SVC,combined,pr,0.9996929689898679,0.6231578947368421,0.005423793932688263
SVC,combined,pr,0.9996929689898679,0.624113475177305,0.00542518406308472
SVC,combined,pr,0.9996929689898679,0.6242331288343558,0.005436013924029
SVC,combined,pr,0.9996929689898679,0.624352828379674,0.005452082922111589
SVC,combined,pr,0.9996929689898679,0.6244725738396625,0.0054603185839047245
SVC,combined,pr,0.9996929689898679,0.6245923652407442,0.005469963290843407
SVC,combined,pr,0.9996929689898679,0.624712202609363,0.005470706696987056
SVC,combined,pr,0.9996929689898679,0.6248320859719824,0.00547335678393333
SVC,combined,pr,0.9996929689898679,0.6249520153550864,0.005477863362560657
SVC,combined,pr,0.9996929689898679,0.6250719907851795,0.005479806948809042
SVC,combined,pr,0.9996929689898679,0.6251920122887865,0.005480976742248299
SVC,combined,pr,0.9996929689898679,0.6253120798924525,0.005481303634290131
SVC,combined,pr,0.9996929689898679,0.6254321936227429,0.005484595257643751
SVC,combined,pr,0.9996929689898679,0.6255523535062439,0.005487477177341041
SVC,combined,pr,0.9996929689898679,0.6256725595695619,0.005490063651191708
SVC,combined,pr,0.9996929689898679,0.6263947672181608,0.005490113955862057
SVC,combined,pr,0.9996929689898679,0.6265152972868963,0.005497895806497745
SVC,combined,pr,0.9996929689898679,0.6266358737490377,0.005501327061227142
SVC,combined,pr,0.9996929689898679,0.6267564966313763,0.005503766913381306
SVC,combined,pr,0.9996929689898679,0.626877165960724,0.005506866408054822
SVC,combined,pr,0.9996929689898679,0.6269978817639129,0.005508730312633538
SVC,combined,pr,0.9996929689898679,0.6271186440677966,0.00551728114856026
SVC,combined,pr,0.9996929689898679,0.6272394528992487,0.005523646271653267
SVC,combined,pr,0.9996929689898679,0.6273603082851638,0.005544702943414145
SVC,combined,pr,0.9996929689898679,0.6274812102524571,0.005547907949184679
SVC,combined,pr,0.9996929689898679,0.6276021588280648,0.005548904279185176
SVC,combined,pr,0.9996929689898679,0.6286927978374204,0.005553114587295624
SVC,combined,pr,0.9996929689898679,0.6288142139822325,0.005556606658852947
SVC,combined,pr,0.9996929689898679,0.6289356770330307,0.0055606955062031714
SVC,combined,pr,0.9996929689898679,0.6290571870170015,0.005579482369035095
SVC,combined,pr,0.9996929689898679,0.6291787439613526,0.005593860819434447
SVC,combined,pr,0.9996929689898679,0.6293003478933127,0.005604161989738024
SVC,combined,pr,0.9996929689898679,0.6294219988401315,0.005610126201083976
SVC,combined,pr,0.9996929689898679,0.6295436968290796,0.005610822766252598
SVC,combined,pr,0.9996929689898679,0.6296654418874492,0.005616524510582321
SVC,combined,pr,0.9996929689898679,0.6297872340425532,0.00561663726931845
SVC,combined,pr,0.9996929689898679,0.6299090733217256,0.005619754413540518
SVC,combined,pr,0.9996929689898679,0.6300309597523219,0.005626228052128718
SVC,combined,pr,0.9996929689898679,0.6301528933617186,0.005630285730776685
SVC,combined,pr,0.9996929689898679,0.6302748741773132,0.005640572751472364
SVC,combined,pr,0.9996929689898679,0.6303969022265247,0.005642481743752579
SVC,combined,pr,0.9996929689898679,0.6305189775367932,0.005651195194766538
SVC,combined,pr,0.9996929689898679,0.6306411001355801,0.005652897796506832
SVC,combined,pr,0.9996929689898679,0.630763270050368,0.0056800512686899715
SVC,combined,pr,0.9996929689898679,0.6308854873086611,0.005688997662412963
SVC,combined,pr,0.9996929689898679,0.6310077519379845,0.0056950108359484315
SVC,combined,pr,0.9996929689898679,0.6311300639658849,0.0057031674105616536
SVC,combined,pr,0.9996929689898679,0.6312524234199302,0.005707968138211451
SVC,combined,pr,0.9996929689898679,0.6313748303277099,0.005709717274704463
SVC,combined,pr,0.9996929689898679,0.6314972847168348,0.005709974913697298
SVC,combined,pr,0.9996929689898679,0.631619786614937,0.005739803451649876
SVC,combined,pr,0.9996929689898679,0.6317423360496701,0.005741095194699189
SVC,combined,pr,0.9996929689898679,0.6318649330487095,0.005741379198860777
SVC,combined,pr,0.9996929689898679,0.6319875776397516,0.005742738281472189
SVC,combined,pr,0.9996929689898679,0.6321102698505144,0.005753736831382995
SVC,combined,pr,0.9996929689898679,0.6326015154458908,0.005759654542426429
SVC,combined,pr,0.9996929689898679,0.6327244461717839,0.005775122207648922
SVC,combined,pr,0.9996929689898679,0.6328474246841593,0.005783356788231719
SVC,combined,pr,0.9996929689898679,0.6329704510108864,0.00578935905567584
SVC,combined,pr,0.9996929689898679,0.6330935251798561,0.0057895941814191535
SVC,combined,pr,0.9996929689898679,0.633216647218981,0.005790394984075849
SVC,combined,pr,0.9996929689898679,0.6333398171561953,0.005793612372734336
SVC,combined,pr,0.9996929689898679,0.6334630350194552,0.005800283900538124
SVC,combined,pr,0.9996929689898679,0.6335863008367386,0.00580537225185641
SVC,combined,pr,0.9996929689898679,0.6337096146360451,0.005810892159318585
SVC,combined,pr,0.9996929689898679,0.6338329764453962,0.005817852803111684
SVC,combined,pr,0.9996929689898679,0.6339563862928349,0.005819006867479162
SVC,combined,pr,0.9996929689898679,0.6340798442064265,0.005836688250472857
SVC,combined,pr,0.9996929689898679,0.6342033502142579,0.005845431314979023
SVC,combined,pr,0.9996929689898679,0.634326904344438,0.005845782572936577
SVC,combined,pr,0.9996929689898679,0.6344505066250974,0.0058525731250702135
SVC,combined,pr,0.9996929689898679,0.634574157084389,0.005853267791477181
SVC,combined,pr,0.9996929689898679,0.6346978557504873,0.005859074568670758
SVC,combined,pr,0.9996929689898679,0.634821602651589,0.005892686905819324
SVC,combined,pr,0.9996929689898679,0.6349453978159126,0.005904049973136343
SVC,combined,pr,0.9996929689898679,0.6350692412716988,0.005916705516799566
SVC,combined,pr,0.9996929689898679,0.6351931330472103,0.005921095025251005
SVC,combined,pr,0.9996929689898679,0.6353170731707317,0.005929726777746335
SVC,combined,pr,0.9996929689898679,0.6354410616705699,0.005931855902838828
SVC,combined,pr,0.9996929689898679,0.6355650985750537,0.005935764620861275
SVC,combined,pr,0.9996929689898679,0.6356891839125342,0.005951066805534249
SVC,combined,pr,0.9996929689898679,0.6358133177113845,0.005956031971730248
SVC,combined,pr,0.9996929689898679,0.6359375,0.005956565392224849
SVC,combined,pr,0.9996929689898679,0.6360617308067982,0.005962735509029422
SVC,combined,pr,0.9996929689898679,0.6361860101602188,0.005980086809519018
SVC,combined,pr,0.9996929689898679,0.6363103380887238,0.005986350849425362
SVC,combined,pr,0.9996929689898679,0.6364347146207975,0.005996189520725898
SVC,combined,pr,0.9996929689898679,0.6365591397849463,0.006013362223032959
SVC,combined,pr,0.9996929689898679,0.6366836136096988,0.006034228017349401
SVC,combined,pr,0.9996929689898679,0.6368081361236065,0.00604530643332597
SVC,combined,pr,0.9996929689898679,0.6369327073552425,0.006045663078974135
SVC,combined,pr,0.9996929689898679,0.6370573273332029,0.006046628620539258
SVC,combined,pr,0.9996929689898679,0.6371819960861057,0.006046979727763542
SVC,combined,pr,0.9996929689898679,0.6373067136425915,0.0060503915997785545
SVC,combined,pr,0.9996929689898679,0.6374314800313234,0.006051128268631317
SVC,combined,pr,0.9996929689898679,0.6375562952809869,0.0060679114073923955
SVC,combined,pr,0.9996929689898679,0.6376811594202898,0.006069242238373796
SVC,combined,pr,0.9996929689898679,0.6378060724779627,0.006070931857383177
SVC,combined,pr,0.9996929689898679,0.6379310344827587,0.006074007632954764
SVC,combined,pr,0.9996929689898679,0.6380560454634528,0.006111084425362282
SVC,combined,pr,0.9996929689898679,0.6381811054488435,0.006113649581321719
SVC,combined,pr,0.9996929689898679,0.6383062144677514,0.006118303447430196
SVC,combined,pr,0.9996929689898679,0.6384313725490196,0.0061235585273501465
SVC,combined,pr,0.9996929689898679,0.638556579721514,0.0061247726887932105
SVC,combined,pr,0.9996929689898679,0.6386818360141232,0.0061252967754809136
SVC,combined,pr,0.9996929689898679,0.6388071414557583,0.00612991340459533
SVC,combined,pr,0.9996929689898679,0.6389324960753532,0.006130064275055837
SVC,combined,pr,0.9996929689898679,0.6390578999018646,0.00613073849850473
SVC,combined,pr,0.9996929689898679,0.6391833529642716,0.0061410603984028735
SVC,combined,pr,0.9996929689898679,0.6393088552915767,0.0061443578686847826
SVC,combined,pr,0.9996929689898679,0.6394344069128044,0.006147113912173013
SVC,combined,pr,0.9996929689898679,0.6395600078570025,0.006156059380457326
SVC,combined,pr,0.9996929689898679,0.6396856581532416,0.006157905794461718
SVC,combined,pr,0.9996929689898679,0.639811357830615,0.006166428893698916
SVC,combined,pr,0.9996929689898679,0.639937106918239,0.006166494205118709
SVC,combined,pr,0.9996929689898679,0.6400629054452526,0.0061668171130630734
SVC,combined,pr,0.9996929689898679,0.6401887534408179,0.006186825797965266
SVC,combined,pr,0.9996929689898679,0.64031465093412,0.006205809799225366
SVC,combined,pr,0.9996929689898679,0.6404405979543666,0.00622190343695359
SVC,combined,pr,0.9996929689898679,0.6405665945307889,0.006222082456818246
SVC,combined,pr,0.9996929689898679,0.6406926406926406,0.006228727941223855
SVC,combined,pr,0.9996929689898679,0.640818736469199,0.006242354237790157
SVC,combined,pr,0.9996929689898679,0.6409448818897637,0.006246613280536735
SVC,combined,pr,0.9996929689898679,0.6410710769836582,0.006247276932930583
SVC,combined,pr,0.9996929689898679,0.6411973217802285,0.006249274396652284
SVC,combined,pr,0.9996929689898679,0.6413236163088438,0.006258847801665232
SVC,combined,pr,0.9996929689898679,0.6414499605988968,0.006265876118283715
SVC,combined,pr,0.9996929689898679,0.641576354679803,0.0062751561599925345
SVC,combined,pr,0.9996929689898679,0.6417027985810012,0.006282186030364818
SVC,combined,pr,0.9996929689898679,0.6418292923319535,0.006283241648554462
SVC,combined,pr,0.9996929689898679,0.6419558359621451,0.006293182585380076
SVC,combined,pr,0.9996929689898679,0.6420824295010846,0.006301447061735907
SVC,combined,pr,0.9996929689898679,0.6422090729783038,0.006307042461788553
SVC,combined,pr,0.9996929689898679,0.6423357664233577,0.006312174560170229
SVC,combined,pr,0.9996929689898679,0.6424625098658248,0.006319812505932619
SVC,combined,pr,0.9996929689898679,0.6425893033353068,0.006320025549209892
SVC,combined,pr,0.9996929689898679,0.6427161468614291,0.0063204226854781985
SVC,combined,pr,0.9996929689898679,0.6428430404738401,0.006320999977119854
SVC,combined,pr,0.9996929689898679,0.6429699842022117,0.006322265487744651
SVC,combined,pr,0.9996929689898679,0.6430969780762393,0.006326782551338915
SVC,combined,pr,0.9996929689898679,0.643224022125642,0.006334066878040824
SVC,combined,pr,0.9996929689898679,0.6433511163801621,0.006334746471010399
SVC,combined,pr,0.9996929689898679,0.6434782608695652,0.006339474774675849
SVC,combined,pr,0.9996929689898679,0.643605455623641,0.006339912796219344
SVC,combined,pr,0.9996929689898679,0.6437327006722025,0.006341208925982636
SVC,combined,pr,0.9996929689898679,0.643859996045086,0.0063425843192739945
SVC,combined,pr,0.9996929689898679,0.6439873417721519,0.006350824608555375
SVC,combined,pr,0.9996929689898679,0.6441147378832839,0.006365728412229793
SVC,combined,pr,0.9996929689898679,0.6442421844083894,0.0063823574699859
SVC,combined,pr,0.9996929689898679,0.6443696813773996,0.006388220197916627
SVC,combined,pr,0.9996929689898679,0.6444972288202692,0.006388324119953627
SVC,combined,pr,0.9996929689898679,0.6446248267669769,0.006404502729073845
SVC,combined,pr,0.9996929689898679,0.6447524752475248,0.0064122714889880104
SVC,combined,pr,0.9996929689898679,0.644880174291939,0.006426337970998079
SVC,combined,pr,0.9996929689898679,0.6450079239302694,0.006436950634780749
SVC,combined,pr,0.9996929689898679,0.6451357241925897,0.006447955652602797
SVC,combined,pr,0.9996929689898679,0.6452635751089972,0.00644986392798642
SVC,combined,pr,0.9996929689898679,0.6453914767096135,0.006454671918749685
SVC,combined,pr,0.9996929689898679,0.6455194290245837,0.006455087894631949
SVC,combined,pr,0.9996929689898679,0.6456474320840769,0.00645564098810016
SVC,combined,pr,0.9996929689898679,0.6457754859182864,0.006459407027755558
SVC,combined,pr,0.9996929689898679,0.6459035905574291,0.006470186484762166
SVC,combined,pr,0.9996929689898679,0.6460317460317461,0.006475523102465741
SVC,combined,pr,0.9996929689898679,0.6461599523715023,0.006477099726046325
SVC,combined,pr,0.9996929689898679,0.6462882096069869,0.0064784733690309675
SVC,combined,pr,0.9996929689898679,0.646416517768513,0.006478499663138235
SVC,combined,pr,0.9996929689898679,0.6465448768864178,0.00647996421292861
SVC,combined,pr,0.9996929689898679,0.6466732869910625,0.006480718273316067
SVC,combined,pr,0.9996929689898679,0.6468017481128328,0.006484029009082554
SVC,combined,pr,0.9996929689898679,0.6469302602821378,0.006494452795706416
SVC,combined,pr,0.9996929689898679,0.6470588235294118,0.00649548344956177
SVC,combined,pr,0.9996929689898679,0.6471874378851123,0.006505380984002687
SVC,combined,pr,0.9996929689898679,0.6473161033797217,0.006513840298759639
SVC,combined,pr,0.9996929689898679,0.6474448200437463,0.006515008851654927
SVC,combined,pr,0.9996929689898679,0.6475735879077168,0.006520184332834037
SVC,combined,pr,0.9996929689898679,0.6477024070021882,0.0065203876082724176
SVC,combined,pr,0.9996929689898679,0.6478312773577397,0.0065358997728467245
SVC,combined,pr,0.9996929689898679,0.6479601990049751,0.006538174174205938
SVC,combined,pr,0.9996929689898679,0.6480891719745223,0.006541425700716855
SVC,combined,pr,0.9996929689898679,0.6482181962970337,0.006550574890925011
SVC,combined,pr,0.9996929689898679,0.648347272003186,0.0065723082409905155
SVC,combined,pr,0.9996929689898679,0.6484763991236805,0.0065726937754151645
SVC,combined,pr,0.9996929689898679,0.648605577689243,0.006573983926372315
SVC,combined,pr,0.9996929689898679,0.6487348077306236,0.006580747825279426
SVC,combined,pr,0.9996929689898679,0.6489934223639625,0.006588500818166455
SVC,combined,pr,0.9996929689898679,0.6491228070175439,0.006593648326821297
SVC,combined,pr,0.9996929689898679,0.6492522432701894,0.0065954680732338246
SVC,combined,pr,0.9996929689898679,0.6493817311527722,0.006599540068642985
SVC,combined,pr,0.9996929689898679,0.6495112706961899,0.00661839430767146
SVC,combined,pr,0.9996929689898679,0.6496408619313647,0.006678291226332148
SVC,combined,pr,0.9996929689898679,0.6497705048892437,0.006678463187532843
SVC,combined,pr,0.9996929689898679,0.6499001996007984,0.0066813021486473
SVC,combined,pr,0.9996929689898679,0.6500299460970254,0.00668737534917421
SVC,combined,pr,0.9996929689898679,0.6501597444089456,0.0066875569423109965
SVC,combined,pr,0.9996929689898679,0.6502895945676054,0.006689806632243702
SVC,combined,pr,0.9996929689898679,0.6504194966040752,0.006691715656131056
SVC,combined,pr,0.9996929689898679,0.6505494505494506,0.006691871719546568
SVC,combined,pr,0.9996929689898679,0.6506794564348521,0.006696353765095665
SVC,combined,pr,0.9996929689898679,0.6508095142914252,0.006700485248180385
SVC,combined,pr,0.9996929689898679,0.6509396241503399,0.006701347864076539
SVC,combined,pr,0.9996929689898679,0.6510697860427914,0.006701706262075568
SVC,combined,pr,0.9996929689898679,0.6512,0.006704377429898832
SVC,combined,pr,0.9996929689898679,0.6513302660532106,0.0067056578913154835
SVC,combined,pr,0.9996929689898679,0.6514605842336935,0.006706480078551851
SVC,combined,pr,0.9996929689898679,0.6515909545727436,0.006708818392390711
SVC,combined,pr,0.9996929689898679,0.6517213771016813,0.006714719535888594
SVC,combined,pr,0.9996929689898679,0.6518518518518519,0.0067214372069717915
SVC,combined,pr,0.9996929689898679,0.6519823788546255,0.006726323509184712
SVC,combined,pr,0.9996929689898679,0.6521129581413979,0.006728525082189088
SVC,combined,pr,0.9996929689898679,0.6522435897435898,0.006736482012257704
SVC,combined,pr,0.9996929689898679,0.6523742736926468,0.0067371613845406105
SVC,combined,pr,0.9996929689898679,0.6525050100200401,0.006739322706762925
SVC,combined,pr,0.9996929689898679,0.652635798757266,0.006751397448045866
SVC,combined,pr,0.9996929689898679,0.652766639935846,0.006798580786727724
SVC,combined,pr,0.9996929689898679,0.652897533587327,0.006807209861625355
SVC,combined,pr,0.9996929689898679,0.6530284797432812,0.006813445277778625
SVC,combined,pr,0.9996929689898679,0.6531594784353059,0.0068152370615628295
SVC,combined,pr,0.9996929689898679,0.6532905296950241,0.00682613802314361
SVC,combined,pr,0.9996929689898679,0.6534216335540839,0.006826777323518392
SVC,combined,pr,0.9996929689898679,0.653552790044159,0.006828941024349636
SVC,combined,pr,0.9996929689898679,0.6536839991969484,0.0068424597963334804
SVC,combined,pr,0.9996929689898679,0.6538152610441768,0.0068496868284506325
SVC,combined,pr,0.9996929689898679,0.6539465756175938,0.006853326922673449
SVC,combined,pr,0.9996929689898679,0.6540779429489755,0.006867355801913483
SVC,combined,pr,0.9996929689898679,0.6542093630701226,0.006870113084418678
SVC,combined,pr,0.9996929689898679,0.6543408360128617,0.006883694807826603
SVC,combined,pr,0.9996929689898679,0.6544723618090452,0.00689757427808334
SVC,combined,pr,0.9996929689898679,0.6546039404905508,0.006906768799645263
SVC,combined,pr,0.9996929689898679,0.6547355720892821,0.006907262869424158
SVC,combined,pr,0.9996929689898679,0.6548672566371682,0.006911431331195465
SVC,combined,pr,0.9996929689898679,0.6549989941661637,0.006913155917831079
SVC,combined,pr,0.9996929689898679,0.6551307847082495,0.006917471043514867
SVC,combined,pr,0.9996929689898679,0.6552626282954317,0.006918619948029781
SVC,combined,pr,0.9996929689898679,0.6553945249597424,0.006919263578408136
SVC,combined,pr,0.9996929689898679,0.6555264747332393,0.006928331401039783
SVC,combined,pr,0.9996929689898679,0.6556584776480064,0.00693586697862172
SVC,combined,pr,0.9996929689898679,0.655790533736153,0.006945204719922163
SVC,combined,pr,0.9996929689898679,0.6559226430298146,0.006947543824122375
SVC,combined,pr,0.9996929689898679,0.6560548055611525,0.006956404526781285
SVC,combined,pr,0.9996929689898679,0.6561870213623539,0.006957423497013215
SVC,combined,pr,0.9996929689898679,0.656319290465632,0.006973877315282227
SVC,combined,pr,0.9996929689898679,0.6564516129032258,0.006976168403360337
SVC,combined,pr,0.9996929689898679,0.6567164179104478,0.006985698677991022
SVC,combined,pr,0.9996929689898679,0.6568489005446843,0.006987432369971899
SVC,combined,pr,0.9996929689898679,0.6569814366424536,0.0069991366500654515
SVC,combined,pr,0.9996929689898679,0.6571140262361251,0.00700656961236601
SVC,combined,pr,0.9996929689898679,0.6572466693580945,0.007013489678644476
SVC,combined,pr,0.9996929689898679,0.6573793660407834,0.007026741279051202
SVC,combined,pr,0.9996929689898679,0.6575121163166397,0.007043063511070334
SVC,combined,pr,0.9996929689898679,0.6576449202181377,0.007044267580597455
SVC,combined,pr,0.9996929689898679,0.6577777777777778,0.007047991069304274
SVC,combined,pr,0.9996929689898679,0.6579106890280865,0.007051339373028082
SVC,combined,pr,0.9996929689898679,0.6580436540016168,0.0070513461038139115
SVC,combined,pr,0.9996929689898679,0.658176672730948,0.007053412610985912
SVC,combined,pr,0.9996929689898679,0.6583097452486858,0.007056781745157913
SVC,combined,pr,0.9996929689898679,0.6584428715874621,0.007065934197756522
SVC,combined,pr,0.9996929689898679,0.6585760517799353,0.007067269371881242
SVC,combined,pr,0.9996929689898679,0.6587092858587902,0.007070758692537736
SVC,combined,pr,0.9996929689898679,0.6588425738567382,0.007079253930739111
SVC,combined,pr,0.9996929689898679,0.6589759158065169,0.007107465740615794
SVC,combined,pr,0.9996929689898679,0.6591093117408907,0.0071147281875220715
SVC,combined,pr,0.9996929689898679,0.6592427616926503,0.007116049626889797
SVC,combined,pr,0.9996929689898679,0.6593762656946132,0.007128737199337257
SVC,combined,pr,0.9996929689898679,0.6595098237796233,0.007129646775212895
SVC,combined,pr,0.9996929689898679,0.6596434359805511,0.007154968346228002
SVC,combined,pr,0.9996929689898679,0.6597771023302939,0.007159413550700581
SVC,combined,pr,0.9996929689898679,0.6599108228617754,0.007160734587073896
SVC,combined,pr,0.9996929689898679,0.6600445976079465,0.007168083963475663
SVC,combined,pr,0.9996929689898679,0.6601784266017843,0.007174659736368022
SVC,combined,pr,0.9996929689898679,0.6603123098762929,0.007188701979479715
SVC,combined,pr,0.9996929689898679,0.6604462474645031,0.007195145712155889
SVC,combined,pr,0.9996929689898679,0.6605802393994725,0.0072159784275753315
SVC,combined,pr,0.9996929689898679,0.6607142857142857,0.007238108979889936
SVC,combined,pr,0.9996929689898679,0.660848386442054,0.007240294596937366
SVC,combined,pr,0.9996929689898679,0.6609825416159155,0.007244809685124305
SVC,combined,pr,0.9996929689898679,0.6611167512690356,0.007244969369047197
SVC,combined,pr,0.9996929689898679,0.661251015434606,0.007248379178361811
SVC,combined,pr,0.9996929689898679,0.661385334145846,0.007255397007851538
SVC,combined,pr,0.9996929689898679,0.6615197074360016,0.007260042692517705
SVC,combined,pr,0.9996929689898679,0.6616541353383458,0.00726249225773563
SVC,combined,pr,0.9996929689898679,0.6617886178861788,0.0072714663104425275
SVC,combined,pr,0.9996929689898679,0.6619231551128278,0.007273429600192879
SVC,combined,pr,0.9996929689898679,0.662057747051647,0.007274397313293949
SVC,combined,pr,0.9996929689898679,0.6621923937360179,0.00727509282278583
SVC,combined,pr,0.9996929689898679,0.6623270951993491,0.007287055638882579
SVC,combined,pr,0.9996929689898679,0.6624618514750763,0.007306899983539777
SVC,combined,pr,0.9996929689898679,0.6625966625966626,0.0073108718596850185
SVC,combined,pr,0.9996929689898679,0.6627315285975982,0.007311631857001781
SVC,combined,pr,0.9996929689898679,0.6628664495114006,0.007322172042605143
SVC,combined,pr,0.9996929689898679,0.6630014253716148,0.007330030789673529
SVC,combined,pr,0.9996929689898679,0.6631364562118126,0.007348028919179073
SVC,combined,pr,0.9996929689898679,0.6632715420655938,0.007383877969632177
SVC,combined,pr,0.9996929689898679,0.6634066829665851,0.0073880113195057
SVC,combined,pr,0.9996929689898679,0.663541878948441,0.007390108896946145
SVC,combined,pr,0.9996929689898679,0.6636771300448431,0.007390184784872464
SVC,combined,pr,0.9996929689898679,0.6638124362895005,0.007407326454514124
SVC,combined,pr,0.9996929689898679,0.6639477977161501,0.007408762390386104
SVC,combined,pr,0.9996929689898679,0.664083214358556,0.007418606142369968
SVC,combined,pr,0.9996929689898679,0.66421868625051,0.007424117397715074
SVC,combined,pr,0.9996929689898679,0.6643542134258315,0.007427855576811613
SVC,combined,pr,0.9996929689898679,0.6644897959183673,0.007428338178771747
SVC,combined,pr,0.9996929689898679,0.6646254337619922,0.007439822662844354
SVC,combined,pr,0.9996929689898679,0.6647611269906084,0.007440970631238883
SVC,combined,pr,0.9996929689898679,0.6648968756381458,0.00744459269315715
SVC,combined,pr,0.9996929689898679,0.6650326797385621,0.007480917708970129
SVC,combined,pr,0.9996929689898679,0.6651685393258427,0.007483735012545745
SVC,combined,pr,0.9996929689898679,0.6653044544340008,0.007483761012741663
SVC,combined,pr,0.9996929689898679,0.6654404250970775,0.007490496500459932
SVC,combined,pr,0.9996929689898679,0.6655764513491415,0.007490717572010559
SVC,combined,pr,0.9996929689898679,0.6657125332242895,0.007494536399573477
SVC,combined,pr,0.9996929689898679,0.6658486707566462,0.007498828322228014
SVC,combined,pr,0.9996929689898679,0.665984863980364,0.007504793345646253
SVC,combined,pr,0.9996929689898679,0.6661211129296236,0.007522920777912327
SVC,combined,pr,0.9996929689898679,0.6662574176386331,0.007531614657105103
SVC,combined,pr,0.9996929689898679,0.6663937781416291,0.007537988147139254
SVC,combined,pr,0.9996929689898679,0.6665301944728762,0.007559410185140656
SVC,combined,pr,0.9996929689898679,0.6666666666666666,0.007571469789648145
SVC,combined,pr,0.9996929689898679,0.6668031947573213,0.007582983063069874
SVC,combined,pr,0.9996929689898679,0.6669397787791889,0.007585193757371229
SVC,combined,pr,0.9996929689898679,0.6670764187666461,0.007585607438179337
SVC,combined,pr,0.9996929689898679,0.6672131147540984,0.007595360127293573
SVC,combined,pr,0.9996929689898679,0.6673498667759787,0.007597948751743127
SVC,combined,pr,0.9996929689898679,0.6674866748667486,0.007604260121295901
SVC,combined,pr,0.9996929689898679,0.6676235390608981,0.0076066506633064
SVC,combined,pr,0.9996929689898679,0.667760459392945,0.007610847696875781
SVC,combined,pr,0.9996929689898679,0.6678974358974359,0.00761275261576735
SVC,combined,pr,0.9996929689898679,0.6680344686089454,0.007614477643754741
SVC,combined,pr,0.9996929689898679,0.6681715575620768,0.007615812734307007
SVC,combined,pr,0.9996929689898679,0.6683087027914614,0.007639613109853072
SVC,combined,pr,0.9996929689898679,0.6684459043317594,0.007641452417790293
SVC,combined,pr,0.9996929689898679,0.6685831622176591,0.007653627283138974
SVC,combined,pr,0.9996929689898679,0.6687204764838776,0.007659247497161031
SVC,combined,pr,0.9996929689898679,0.6688578471651603,0.007661045626210822
SVC,combined,pr,0.9996929689898679,0.668995274296281,0.007663109131032428
SVC,combined,pr,0.9996929689898679,0.6691327579120427,0.007670387100355665
SVC,combined,pr,0.9996929689898679,0.6692702980472764,0.007672825589428574
SVC,combined,pr,0.9996929689898679,0.6694078947368421,0.007676584024157873
SVC,combined,pr,0.9996929689898679,0.6695455480156283,0.0076787678224900366
SVC,combined,pr,0.9996929689898679,0.669683257918552,0.00768972351505549
SVC,combined,pr,0.9996929689898679,0.6698210244805596,0.007695879529784772
SVC,combined,pr,0.9996929689898679,0.6699588477366255,0.0077007637456101225
SVC,combined,pr,0.9996929689898679,0.6700967277217534,0.007725946095015902
SVC,combined,pr,0.9996929689898679,0.6702346644709757,0.0077358078343774195
SVC,combined,pr,0.9996929689898679,0.6703726580193535,0.007738401812360455
SVC,combined,pr,0.9996929689898679,0.6705107084019769,0.007741836561376801
SVC,combined,pr,0.9996929689898679,0.670648815653965,0.007745173849542339
SVC,combined,pr,0.9996929689898679,0.6707869798104656,0.007802462608574295
SVC,combined,pr,0.9996929689898679,0.6709252009066556,0.007815902897700693
SVC,combined,pr,0.9996929689898679,0.6710634789777411,0.007815928996278242
SVC,combined,pr,0.9996929689898679,0.671201814058957,0.007844345731935515
SVC,combined,pr,0.9996929689898679,0.671340206185567,0.007858519038112776
SVC,combined,pr,0.9996929689898679,0.6714786553928646,0.007862058578049128
SVC,combined,pr,0.9996929689898679,0.6716171617161716,0.00786941301291271
SVC,combined,pr,0.9996929689898679,0.6717557251908397,0.007878816931491903
SVC,combined,pr,0.9996929689898679,0.6718943458522493,0.00789417224886356
SVC,combined,pr,0.9996929689898679,0.6720330237358101,0.007899371096875716
SVC,combined,pr,0.9996929689898679,0.6721717588769612,0.007910575128616848
SVC,combined,pr,0.9996929689898679,0.6723105513111708,0.007938947654179384
SVC,combined,pr,0.9996929689898679,0.6724494010739364,0.007939545055918353
SVC,combined,pr,0.9996929689898679,0.672588308200785,0.007941470473907706
SVC,combined,pr,0.9996929689898679,0.6727272727272727,0.007947628039489505
SVC,combined,pr,0.9996929689898679,0.6728662946889853,0.007948072033061847
SVC,combined,pr,0.9996929689898679,0.6730053741215378,0.007981938002341211
SVC,combined,pr,0.9996929689898679,0.6731445110605747,0.00798938870396757
SVC,combined,pr,0.9996929689898679,0.6732837055417701,0.007991424482173992
SVC,combined,pr,0.9996929689898679,0.6734229576008273,0.007995069459135286
SVC,combined,pr,0.9996929689898679,0.6735622672734796,0.008002994919613848
SVC,combined,pr,0.9996929689898679,0.6737016345954894,0.008010911785817422
SVC,combined,pr,0.9996929689898679,0.6738410596026491,0.008014119540130052
SVC,combined,pr,0.9996929689898679,0.6739805423307804,0.008015991569958518
SVC,combined,pr,0.9996929689898679,0.674120082815735,0.00801916109317167
SVC,combined,pr,0.9996929689898679,0.6742596810933941,0.00802148787304782
SVC,combined,pr,0.9996929689898679,0.6743993371996686,0.00802203302357781
SVC,combined,pr,0.9996929689898679,0.6745390511704993,0.008029150557475856
SVC,combined,pr,0.9996929689898679,0.6746788230418566,0.008032457790243313
SVC,combined,pr,0.9996929689898679,0.674818652849741,0.008043412087625367
SVC,combined,pr,0.9996929689898679,0.6749585406301825,0.008052058199956127
SVC,combined,pr,0.9996929689898679,0.6750984864192411,0.008055188026018185
SVC,combined,pr,0.9996929689898679,0.6752384902530071,0.008076089155564072
SVC,combined,pr,0.9996929689898679,0.6753785521676001,0.00807817469023194
SVC,combined,pr,0.9996929689898679,0.6755186721991702,0.00808642287447898
SVC,combined,pr,0.9996929689898679,0.6756588503838971,0.00809548136036894
SVC,combined,pr,0.9996929689898679,0.6757990867579908,0.008097457265830658
SVC,combined,pr,0.9996929689898679,0.6759393813576915,0.008098928751446655
SVC,combined,pr,0.9996929689898679,0.6760797342192691,0.008123996586530862
SVC,combined,pr,0.9996929689898679,0.6762201453790239,0.008125465442659685
SVC,combined,pr,0.9996929689898679,0.6763606148732862,0.008131372855784481
SVC,combined,pr,0.9996929689898679,0.6765011427384168,0.008132399491727045
SVC,combined,pr,0.9996929689898679,0.6766417290108063,0.008134346823855164
SVC,combined,pr,0.9996929689898679,0.6767823737268759,0.008145684828209073
SVC,combined,pr,0.9996929689898679,0.676923076923077,0.00814906398355019
SVC,combined,pr,0.9996929689898679,0.677063838635891,0.008166638609406298
SVC,combined,pr,0.9996929689898679,0.6772046589018302,0.008177151515171803
SVC,combined,pr,0.9996929689898679,0.6773455377574371,0.008179102764399121
SVC,combined,pr,0.9996929689898679,0.6774864752392842,0.008193713063137854
SVC,combined,pr,0.9996929689898679,0.677627471383975,0.008197598123128447
SVC,combined,pr,0.9996929689898679,0.6777685262281432,0.008197917839733148
SVC,combined,pr,0.9996929689898679,0.6779096398084531,0.008203478818114708
SVC,combined,pr,0.9996929689898679,0.6780508121615993,0.00820985000276915
SVC,combined,pr,0.9996929689898679,0.6781920433243074,0.008212114065252555
SVC,combined,pr,0.9996929689898679,0.6783333333333333,0.008215468980973034
SVC,combined,pr,0.9996929689898679,0.6784746822254636,0.008232343918879835
SVC,combined,pr,0.9996929689898679,0.6786160900375157,0.00825141196578103
SVC,combined,pr,0.9996929689898679,0.6787575568063373,0.008270422096496501
SVC,combined,pr,0.9996929689898679,0.6788990825688074,0.008272389652097945
SVC,combined,pr,0.9996929689898679,0.6790406673618352,0.008281715345230397
SVC,combined,pr,0.9996929689898679,0.6791823112223613,0.008288836062451304
SVC,combined,pr,0.9996929689898679,0.6793240141873566,0.008298934968381319
SVC,combined,pr,0.9996929689898679,0.679465776293823,0.008315094476654933
SVC,combined,pr,0.9996929689898679,0.6796075975787935,0.008318892136817878
SVC,combined,pr,0.9996929689898679,0.679749478079332,0.008325014585697923
SVC,combined,pr,0.9996929689898679,0.6798914178325329,0.00833451098120022
SVC,combined,pr,0.9996929689898679,0.6800334168755221,0.008335867766269897
SVC,combined,pr,0.9996929689898679,0.6801754752454564,0.008342121129159552
SVC,combined,pr,0.9996929689898679,0.6803175929795237,0.008342713895640159
SVC,combined,pr,0.9996929689898679,0.6804597701149425,0.008369143766839853
SVC,combined,pr,0.9996929689898679,0.6806020066889632,0.008373522192762417
SVC,combined,pr,0.9996929689898679,0.6807443027388668,0.00838530476907543
SVC,combined,pr,0.9996929689898679,0.6808866583019657,0.008395967480632614
SVC,combined,pr,0.9996929689898679,0.6810290734156035,0.00840845799790792
SVC,combined,pr,0.9996929689898679,0.6811715481171549,0.008460793016146911
SVC,combined,pr,0.9996929689898679,0.6813140824440259,0.008476345560834738
SVC,combined,pr,0.9996929689898679,0.6814566764336543,0.00848566284506237
SVC,combined,pr,0.9996929689898679,0.6815993301235085,0.008519523116564724
SVC,combined,pr,0.9996929689898679,0.6817420435510888,0.008525593305353919
SVC,combined,pr,0.9996929689898679,0.6818848167539266,0.008547585671583794
SVC,combined,pr,0.9996929689898679,0.6820276497695853,0.008554494386471838
SVC,combined,pr,0.9996929689898679,0.6821705426356589,0.008581918597239085
SVC,combined,pr,0.9996929689898679,0.6823134953897737,0.008643726151035322
SVC,combined,pr,0.9996929689898679,0.6824565080695871,0.00864864675819863
SVC,combined,pr,0.9996929689898679,0.6825995807127883,0.00865416943549921
SVC,combined,pr,0.9996929689898679,0.6827427133570979,0.008678305428536892
SVC,combined,pr,0.9996929689898679,0.6828859060402684,0.008686679454080873
SVC,combined,pr,0.9996929689898679,0.6830291588000839,0.008696987808893372
SVC,combined,pr,0.9996929689898679,0.68317247167436,0.008719048821427126
SVC,combined,pr,0.9996929689898679,0.6833158447009444,0.008738108324341522
SVC,combined,pr,0.9996929689898679,0.6834592779177162,0.008750312819530849
SVC,combined,pr,0.9996929689898679,0.6836027713625866,0.008762631203553998
SVC,combined,pr,0.9996929689898679,0.6837463250734985,0.008795476342676032
SVC,combined,pr,0.9996929689898679,0.6838899390884268,0.008811758502314786
SVC,combined,pr,0.9996929689898679,0.6840336134453782,0.008833177835479968
SVC,combined,pr,0.9996929689898679,0.6841773481823913,0.008846539691037304
SVC,combined,pr,0.9996929689898679,0.6843211433375368,0.008850158120592118
SVC,combined,pr,0.9996929689898679,0.6844649989489174,0.008852898100356549
SVC,combined,pr,0.9996929689898679,0.6846089150546678,0.008855070440199293
SVC,combined,pr,0.9996929689898679,0.6847528916929548,0.00885776825021243
SVC,combined,pr,0.9996929689898679,0.6848969289019773,0.00886274188064084
SVC,combined,pr,0.9996929689898679,0.6850410267199664,0.008871489981242202
SVC,combined,pr,0.9996929689898679,0.6851851851851852,0.008874862888181241
SVC,combined,pr,0.9996929689898679,0.6853294043359293,0.008883552732628653
SVC,combined,pr,0.9996929689898679,0.6854736842105263,0.008894307185865858
SVC,combined,pr,0.9996929689898679,0.6856180248473362,0.008909097888041955
SVC,combined,pr,0.9996929689898679,0.6857624262847515,0.008923568195497835
SVC,combined,pr,0.9996929689898679,0.6859068885611965,0.008978618592659976
SVC,combined,pr,0.9996929689898679,0.6860514117151285,0.008993067681437027
SVC,combined,pr,0.9996929689898679,0.6861959957850369,0.00899407429415848
SVC,combined,pr,0.9996929689898679,0.6863406408094435,0.009004526882186338
SVC,combined,pr,0.9996929689898679,0.6864853468269028,0.009020829866167458
SVC,combined,pr,0.9996929689898679,0.6866301138760017,0.009025185277986352
SVC,combined,pr,0.9996929689898679,0.6867749419953596,0.009042361976413704
SVC,combined,pr,0.9996929689898679,0.6869198312236287,0.009054364031555075
SVC,combined,pr,0.9996929689898679,0.6870647815994936,0.009067514889873686
SVC,combined,pr,0.9996929689898679,0.6872097931616716,0.009071785553956784
SVC,combined,pr,0.9996929689898679,0.6873548659489128,0.009072066566332665
SVC,combined,pr,0.9996929689898679,0.6875,0.009078687243127366
SVC,combined,pr,0.9996929689898679,0.6876451953537487,0.009080501093946638
SVC,combined,pr,0.9996929689898679,0.6877904520490071,0.009084878701645272
SVC,combined,pr,0.9996929689898679,0.6879357701246567,0.009092187934258197
SVC,combined,pr,0.9996929689898679,0.6880811496196112,0.009095116055475617
SVC,combined,pr,0.9996929689898679,0.6882265905728175,0.0091033103140913
SVC,combined,pr,0.9996929689898679,0.6883720930232559,0.009135897017477407
SVC,combined,pr,0.9996929689898679,0.6885176570099387,0.009153760404070746
SVC,combined,pr,0.9996929689898679,0.688663282571912,0.00915584461547303
SVC,combined,pr,0.9996929689898679,0.6888089697482547,0.009156010917681272
SVC,combined,pr,0.9996929689898679,0.6889547185780787,0.00918014266925878
SVC,combined,pr,0.9996929689898679,0.6891005291005291,0.0092103062602123
SVC,combined,pr,0.9996929689898679,0.6892464013547841,0.00921036646605651
SVC,combined,pr,0.9996929689898679,0.6893923353800551,0.009224594740564982
SVC,combined,pr,0.9996929689898679,0.6895383312155866,0.009231596612865984
SVC,combined,pr,0.9996929689898679,0.6896843889006566,0.009231793133994802
SVC,combined,pr,0.9996929689898679,0.6898305084745763,0.0092369563829662
SVC,combined,pr,0.9996929689898679,0.6899766899766899,0.009284971821259945
SVC,combined,pr,0.9996929689898679,0.6901229334463755,0.00929952271867797
SVC,combined,pr,0.9996929689898679,0.6902692389230443,0.009301358603287358
SVC,combined,pr,0.9996929689898679,0.6904156064461408,0.009302517043076462
SVC,combined,pr,0.9996929689898679,0.6905620360551432,0.009328403246916347
SVC,combined,pr,0.9996929689898679,0.690708527789563,0.009348242533280246
SVC,combined,pr,0.9996929689898679,0.6908550816889455,0.00936038145328544
SVC,combined,pr,0.9996929689898679,0.6910016977928692,0.009363546935500679
SVC,combined,pr,0.9996929689898679,0.6911483761409467,0.009371019744506567
SVC,combined,pr,0.9996929689898679,0.6912951167728237,0.00937436392219702
SVC,combined,pr,0.9996929689898679,0.69144191972818,0.00940599692585085
SVC,combined,pr,0.9996929689898679,0.6915887850467289,0.00942222255042982
SVC,combined,pr,0.9996929689898679,0.6917357127682175,0.009449237411445448
SVC,combined,pr,0.9996929689898679,0.6918827029324267,0.009458136079578723
SVC,combined,pr,0.9996929689898679,0.6920297555791711,0.009476621738605329
SVC,combined,pr,0.9996929689898679,0.6921768707482994,0.009479845371568464
SVC,combined,pr,0.9996929689898679,0.6923240484796939,0.009493297906194782
SVC,combined,pr,0.9996929689898679,0.6924712888132709,0.009496855296978081
SVC,combined,pr,0.9996929689898679,0.6926185917889811,0.0095142776224712
SVC,combined,pr,0.9996929689898679,0.6927659574468085,0.009524441558358418
SVC,combined,pr,0.9996929689898679,0.6929133858267716,0.009548884731785808
SVC,combined,pr,0.9996929689898679,0.6930608769689229,0.00954929122164203
SVC,combined,pr,0.9996929689898679,0.6932084309133489,0.009555980081473667
SVC,combined,pr,0.9996929689898679,0.6933560477001703,0.009618507175306735
SVC,combined,pr,0.9996929689898679,0.693503727369542,0.009619394880096008
SVC,combined,pr,0.9996929689898679,0.6936514699616532,0.009624980470995463
SVC,combined,pr,0.9996929689898679,0.693799275516727,0.00962919735182536
SVC,combined,pr,0.9996929689898679,0.6939471440750213,0.009643866786299709
SVC,combined,pr,0.9996929689898679,0.6940950756768279,0.009647064941069027
SVC,combined,pr,0.9996929689898679,0.6942430703624733,0.009655423414594258
SVC,combined,pr,0.9996929689898679,0.6943911281723182,0.009669562035919097
SVC,combined,pr,0.9996929689898679,0.6945392491467577,0.009673570219498192
SVC,combined,pr,0.9996929689898679,0.6946874333262215,0.009739501167981028
SVC,combined,pr,0.9996929689898679,0.6948356807511737,0.00974262004665633
SVC,combined,pr,0.9996929689898679,0.6949839914621131,0.009753647885804037
SVC,combined,pr,0.9996929689898679,0.695132365499573,0.009764914248566204
SVC,combined,pr,0.9996929689898679,0.6952808029041213,0.009779024031684234
SVC,combined,pr,0.9996929689898679,0.6954293037163606,0.009782416908383412
SVC,combined,pr,0.9996929689898679,0.695577867976928,0.009787318818009816
SVC,combined,pr,0.9996929689898679,0.6957264957264957,0.00978886764003617
SVC,combined,pr,0.9996929689898679,0.6958751870057704,0.009799923539627128
SVC,combined,pr,0.9996929689898679,0.6960239418554938,0.009828544328160717
SVC,combined,pr,0.9996929689898679,0.6961727603164422,0.009833123196398142
SVC,combined,pr,0.9996929689898679,0.6963216424294268,0.009840194319242481
SVC,combined,pr,0.9996929689898679,0.6964705882352941,0.009841814190907862
SVC,combined,pr,0.9996929689898679,0.6966195977749251,0.009856157789581267
SVC,combined,pr,0.9996929689898679,0.696768671089236,0.009862941055466921
SVC,combined,pr,0.9996929689898679,0.696917808219178,0.00986575335860268
SVC,combined,pr,0.9996929689898679,0.6970670092057375,0.009868179987654721
SVC,combined,pr,0.9996929689898679,0.6972162740899358,0.00987252158508165
SVC,combined,pr,0.9996929689898679,0.6973656029128293,0.009882096064088882
SVC,combined,pr,0.9996929689898679,0.6975149957155099,0.009893861923690007
SVC,combined,pr,0.9996929689898679,0.6976644525391044,0.00989495584987699
SVC,combined,pr,0.9996929689898679,0.6978139734247749,0.009923700485730142
SVC,combined,pr,0.9996929689898679,0.6979635584137192,0.009958956262728346
SVC,combined,pr,0.9996929689898679,0.6981132075471698,0.009977461415749742
SVC,combined,pr,0.9996929689898679,0.6982629208663951,0.009980562233439724
SVC,combined,pr,0.9996929689898679,0.6984126984126984,0.00999787129227813
SVC,combined,pr,0.9996929689898679,0.698562540227419,0.010003839652918197
SVC,combined,pr,0.9996929689898679,0.6988624168276454,0.010006620443673035
SVC,combined,pr,0.9996929689898679,0.6990124516960069,0.010008546587507059
SVC,combined,pr,0.9996929689898679,0.6991625509984969,0.010017235065630055
SVC,combined,pr,0.9996929689898679,0.6993127147766323,0.010020679684470922
SVC,combined,pr,0.9996929689898679,0.6994629430719657,0.010033912192737174
SVC,combined,pr,0.9996929689898679,0.699613235926085,0.010050425521100859
SVC,combined,pr,0.9996929689898679,0.6997635933806147,0.010054017504879846
SVC,combined,pr,0.9996929689898679,0.6999140154772141,0.010054750720970998
SVC,combined,pr,0.9996929689898679,0.700064502257579,0.010082067129245698
SVC,combined,pr,0.9996929689898679,0.7002150537634408,0.010087882766996225
SVC,combined,pr,0.9996929689898679,0.700365670036567,0.010136144758311663
SVC,combined,pr,0.9996929689898679,0.7005163511187608,0.010136350341321543
SVC,combined,pr,0.9996929689898679,0.7006670970518614,0.010153719142487002
SVC,combined,pr,0.9996929689898679,0.7008179078777443,0.010157631581584696
SVC,combined,pr,0.9996929689898679,0.7009687836383208,0.010193334223071492
SVC,combined,pr,0.9996929689898679,0.7011197243755384,0.010193470844661342
SVC,combined,pr,0.9996929689898679,0.7012707301313805,0.01019602762580881
SVC,combined,pr,0.9996929689898679,0.7014218009478673,0.010211184611052408
SVC,combined,pr,0.9996929689898679,0.7015729368670545,0.010221458591248596
SVC,combined,pr,0.9996929689898679,0.7017241379310345,0.010235326395192089
SVC,combined,pr,0.9996929689898679,0.7018754041819357,0.0102397857800541
SVC,combined,pr,0.9996929689898679,0.7020267356619232,0.010258327908807794
SVC,combined,pr,0.9996929689898679,0.7021781324131982,0.010266258705017739
SVC,combined,pr,0.9996929689898679,0.7023295944779983,0.010273910397510725
SVC,combined,pr,0.9996929689898679,0.7024811218985976,0.010281342708488178
SVC,combined,pr,0.9996929689898679,0.7026327147173068,0.010376562479142303
SVC,combined,pr,0.9996929689898679,0.7027843729764731,0.01038466418935337
SVC,combined,pr,0.9996929689898679,0.7029360967184801,0.010398356721642714
SVC,combined,pr,0.9996929689898679,0.7030878859857482,0.010430589567582515
SVC,combined,pr,0.9996929689898679,0.7032397408207344,0.010435479181137972
SVC,combined,pr,0.9996929689898679,0.7033916612659322,0.010439884863963722
SVC,combined,pr,0.9996929689898679,0.7035436473638721,0.010443451277028367
SVC,combined,pr,0.9996929689898679,0.7036956991571213,0.010475423728813228
SVC,combined,pr,0.9996929689898679,0.7038478166882837,0.010478818760092122
SVC,combined,pr,0.9996929689898679,0.704,0.010482979984318718
SVC,combined,pr,0.9996929689898679,0.7041522491349481,0.010499157262879531
SVC,combined,pr,0.9996929689898679,0.7043045641358425,0.010510637444469409
SVC,combined,pr,0.9996929689898679,0.7044569450454349,0.0105115026477991
SVC,combined,pr,0.9996929689898679,0.7046093919065137,0.010515432739102536
SVC,combined,pr,0.9996929689898679,0.7047619047619048,0.010525730275885305
SVC,combined,pr,0.9996929689898679,0.7049144836544706,0.01053454482673649
SVC,combined,pr,0.9996929689898679,0.7050671286271113,0.010554254738997777
SVC,combined,pr,0.9996929689898679,0.7052198397227637,0.010563429031167077
SVC,combined,pr,0.9996929689898679,0.7053726169844021,0.010600470316390283
SVC,combined,pr,0.9996929689898679,0.705525460455038,0.010608582623088907
SVC,combined,pr,0.9996929689898679,0.70567837017772,0.010610549304374689
SVC,combined,pr,0.9996929689898679,0.7058313461955343,0.010612484575742516
SVC,combined,pr,0.9996929689898679,0.7059843885516045,0.010668523637824105
SVC,combined,pr,0.9996929689898679,0.7061374972890913,0.01067986827301804
SVC,combined,pr,0.9996929689898679,0.706290672451193,0.010681911542367683
SVC,combined,pr,0.9996929689898679,0.7064439140811456,0.010686565996107178
SVC,combined,pr,0.9996929689898679,0.7065972222222222,0.010745714879888797
SVC,combined,pr,0.9996929689898679,0.7067505969177339,0.010772141311131023
SVC,combined,pr,0.9996929689898679,0.7069040382110291,0.010796832867903006
SVC,combined,pr,0.9996929689898679,0.707057546145494,0.010847858329710004
SVC,combined,pr,0.9996929689898679,0.7072111207645526,0.01088223372413926
SVC,combined,pr,0.9996929689898679,0.7073647621116663,0.01089954815901809
SVC,combined,pr,0.9996929689898679,0.7075184702303347,0.010926241608622341
SVC,combined,pr,0.9996929689898679,0.7076722451640948,0.01093630777930017
SVC,combined,pr,0.9996929689898679,0.7078260869565217,0.01095796748094618
SVC,combined,pr,0.9996929689898679,0.7079799956512285,0.010961101492994623
SVC,combined,pr,0.9996929689898679,0.7081339712918661,0.01096128757327157
SVC,combined,pr,0.9996929689898679,0.7082880139221231,0.010962691073657993
SVC,combined,pr,0.9996929689898679,0.7084421235857267,0.010966767772666622
SVC,combined,pr,0.9996929689898679,0.7085963003264418,0.010983468112731388
SVC,combined,pr,0.9996929689898679,0.7087505441880714,0.010994001862440756
SVC,combined,pr,0.9996929689898679,0.7089048552144568,0.011011459436803707
SVC,combined,pr,0.9996929689898679,0.7090592334494773,0.011019111789973715
SVC,combined,pr,0.9996929689898679,0.7092136789370508,0.011024639239740563
SVC,combined,pr,0.9996929689898679,0.7093681917211329,0.011032765910758422
SVC,combined,pr,0.9996929689898679,0.709522771845718,0.011048628756174697
SVC,combined,pr,0.9996929689898679,0.7096774193548387,0.011051012526357684
SVC,combined,pr,0.9996929689898679,0.709832134292566,0.011055456305255862
SVC,combined,pr,0.9996929689898679,0.7099869167030092,0.011064862449264195
SVC,combined,pr,0.9996929689898679,0.7101417666303163,0.011101216274374574
SVC,combined,pr,0.9996929689898679,0.7102966841186736,0.011152680140951693
SVC,combined,pr,0.9996929689898679,0.7104516692123064,0.011187794058484447
SVC,combined,pr,0.9996929689898679,0.7106067219554779,0.011189740877134972
SVC,combined,pr,0.9996929689898679,0.7107618423924907,0.011209789803394673
SVC,combined,pr,0.9996929689898679,0.7109170305676856,0.01121139218371784
SVC,combined,pr,0.9996929689898679,0.7110722865254422,0.011241437083211
SVC,combined,pr,0.9996929689898679,0.7112276103101791,0.011243657067863302
SVC,combined,pr,0.9996929689898679,0.7113830019663535,0.011261589802214261
SVC,combined,pr,0.9996929689898679,0.7115384615384616,0.011314478039796051
SVC,combined,pr,0.9996929689898679,0.7116939890710382,0.011381744917003988
SVC,combined,pr,0.9996929689898679,0.7118495846086577,0.011437739317720587
SVC,combined,pr,0.9996929689898679,0.7120052481959327,0.011475605055971916
SVC,combined,pr,0.9996929689898679,0.7121609798775154,0.011493875197636796
SVC,combined,pr,0.9996929689898679,0.7123167796980967,0.011495616029514892
SVC,combined,pr,0.9996929689898679,0.712472647702407,0.011506944571015086
SVC,combined,pr,0.9996929689898679,0.7126285839352156,0.011509351154212137
SVC,combined,pr,0.9996929689898679,0.712784588441331,0.011510631310461905
SVC,combined,pr,0.9996929689898679,0.7129406612656011,0.011522019356928875
SVC,combined,pr,0.9996929689898679,0.7130968024529128,0.011522724973249217
SVC,combined,pr,0.9996929689898679,0.7132530120481928,0.011543901622839704
SVC,combined,pr,0.9996929689898679,0.7134092900964066,0.011554196255799945
SVC,combined,pr,0.9996929689898679,0.7135656366425597,0.01157372821451462
SVC,combined,pr,0.9996929689898679,0.7137220517316967,0.011581957888556982
SVC,combined,pr,0.9996929689898679,0.7138785354089016,0.011591041834852706
SVC,combined,pr,0.9996929689898679,0.7140350877192982,0.011596667859579779
SVC,combined,pr,0.9996929689898679,0.71419170870805,0.011605135631913774
SVC,combined,pr,0.9996929689898679,0.7143483984203598,0.011615977976242886
SVC,combined,pr,0.9996929689898679,0.7145051569014703,0.011616919315599253
SVC,combined,pr,0.9996929689898679,0.7146619841966637,0.01163344154568425
SVC,combined,pr,0.9996929689898679,0.7148188803512624,0.011633951514647712
SVC,combined,pr,0.9996929689898679,0.714975845410628,0.01164016886550484
SVC,combined,pr,0.9996929689898679,0.7151328794201626,0.011654815026675673
SVC,combined,pr,0.9996929689898679,0.7152899824253075,0.011656954902035664
SVC,combined,pr,0.9996929689898679,0.7154471544715447,0.011665744024686111
SVC,combined,pr,0.9996929689898679,0.7156043956043956,0.011688670408766264
SVC,combined,pr,0.9996929689898679,0.7157617058694219,0.011708419742988245
SVC,combined,pr,0.9996929689898679,0.7159190853122251,0.011713872794652164
SVC,combined,pr,0.9996929689898679,0.7160765339784473,0.011720262836237698
SVC,combined,pr,0.9996929689898679,0.7162340519137703,0.011722301965993406
SVC,combined,pr,0.9996929689898679,0.7165492957746479,0.011730859048481099
SVC,combined,pr,0.9996929689898679,0.7168648172611185,0.011751485668009128
SVC,combined,pr,0.9996929689898679,0.717022682228584,0.01175369489825454
SVC,combined,pr,0.9996929689898679,0.7171806167400882,0.011776959212395405
SVC,combined,pr,0.9996929689898679,0.717338620841595,0.011777834248960466
SVC,combined,pr,0.9996929689898679,0.7174966945791097,0.011849654024741287
SVC,combined,pr,0.9996929689898679,0.7176548379986776,0.011851768663671028
SVC,combined,pr,0.9996929689898679,0.7178130511463845,0.011856446400842468
SVC,combined,pr,0.9996929689898679,0.7179713340683572,0.01186590808721521
SVC,combined,pr,0.9996929689898679,0.7181296868107632,0.011879633457316977
SVC,combined,pr,0.9996929689898679,0.7182881094198103,0.011894616646910126
SVC,combined,pr,0.9996929689898679,0.7184466019417476,0.01189486415592182
SVC,combined,pr,0.9996929689898679,0.7186051644228647,0.011950575822941107
SVC,combined,pr,0.9996929689898679,0.7187637969094923,0.011965790646597982
SVC,combined,pr,0.9996929689898679,0.7189224994480018,0.011982679648085899
SVC,combined,pr,0.9996929689898679,0.7190812720848057,0.011983568745634698
SVC,combined,pr,0.9996929689898679,0.7192401148663574,0.011985294840041613
SVC,combined,pr,0.9996929689898679,0.7193990278391516,0.012008718403769632
SVC,combined,pr,0.9996929689898679,0.7195580110497237,0.012009337774926439
SVC,combined,pr,0.9996929689898679,0.7197170645446508,0.01207037518186417
SVC,combined,pr,0.9996929689898679,0.7198761883705506,0.012075687052634038
SVC,combined,pr,0.9996929689898679,0.7201946472019465,0.012086755776659292
SVC,combined,pr,0.9996929689898679,0.720353982300885,0.01209240494263325
SVC,combined,pr,0.9996929689898679,0.7205133879176809,0.012122430800036327
SVC,combined,pr,0.9996929689898679,0.7206728640991589,0.012130469955512655
SVC,combined,pr,0.9996929689898679,0.7208324108921851,0.012163869731018045
SVC,combined,pr,0.9996929689898679,0.7209920283436669,0.012174012861735826
SVC,combined,pr,0.9996929689898679,0.7211517165005538,0.01220601495526575
SVC,combined,pr,0.9996929689898679,0.7213114754098361,0.012222072689732947
SVC,combined,pr,0.9996929689898679,0.7214713051185464,0.012229924656392175
SVC,combined,pr,0.9996929689898679,0.7216312056737588,0.012238591774352858
SVC,combined,pr,0.9996929689898679,0.7217911771225892,0.012243029063666417
SVC,combined,pr,0.9996929689898679,0.7219512195121951,0.012298718131657943
SVC,combined,pr,0.9996929689898679,0.722111332889776,0.012312700956066043
SVC,combined,pr,0.9996929689898679,0.7222715173025732,0.012315393896500318
SVC,combined,pr,0.9996929689898679,0.72243177279787,0.01233730071625439
SVC,combined,pr,0.9996929689898679,0.7225920994229915,0.012349619873707472
SVC,combined,pr,0.9996929689898679,0.7227524972253052,0.01235513791788168
SVC,combined,pr,0.9996929689898679,0.7229129662522202,0.012357218307816482
SVC,combined,pr,0.9996929689898679,0.7230735065511881,0.012377695353187628
SVC,combined,pr,0.9996929689898679,0.7232341181697024,0.012402922983975133
SVC,combined,pr,0.9996929689898679,0.7233948011552989,0.0124076624287825
SVC,combined,pr,0.9996929689898679,0.7235555555555555,0.012412148276828279
SVC,combined,pr,0.9996929689898679,0.7237163814180929,0.01243840954033786
SVC,combined,pr,0.9996929689898679,0.7238772787905736,0.012458203165511291
SVC,combined,pr,0.9996929689898679,0.7240382477207027,0.01250745884744899
SVC,combined,pr,0.9996929689898679,0.7241992882562278,0.01251899306471288
SVC,combined,pr,0.9996929689898679,0.7243604004449388,0.012520350343632499
SVC,combined,pr,0.9996929689898679,0.7245215843346684,0.012568358390728241
SVC,combined,pr,0.9996929689898679,0.7246828399732917,0.01258244029920047
SVC,combined,pr,0.9996929689898679,0.7248441674087266,0.012586614610503455
SVC,combined,pr,0.9996929689898679,0.7250055666889335,0.012606838218492454
SVC,combined,pr,0.9996929689898679,0.7251670378619154,0.01261034883680417
SVC,combined,pr,0.9996929689898679,0.7253285809757184,0.012616213058160066
SVC,combined,pr,0.9996929689898679,0.7254901960784313,0.012621020968269892
SVC,combined,pr,0.9996929689898679,0.7256518832181859,0.012665711516069681
SVC,combined,pr,0.9996929689898679,0.7258136424431565,0.012679146852859967
SVC,combined,pr,0.9996929689898679,0.7259754738015608,0.012686653621777066
SVC,combined,pr,0.9996929689898679,0.7261373773416593,0.012704450543187527
SVC,combined,pr,0.9996929689898679,0.7262993531117555,0.012731518390436389
SVC,combined,pr,0.9996929689898679,0.7264614011601963,0.012751428456412375
SVC,combined,pr,0.9996929689898679,0.7266235215353716,0.012760557438333571
SVC,combined,pr,0.9996929689898679,0.7267857142857143,0.012763182994143448
SVC,combined,pr,0.9996929689898679,0.7269479794597008,0.012776280252620351
SVC,combined,pr,0.9996929689898679,0.7271103171058508,0.01287157640719183
SVC,combined,pr,0.9996929689898679,0.7272727272727273,0.012881871816191687
SVC,combined,pr,0.9996929689898679,0.7274352100089365,0.012882585510265429
SVC,combined,pr,0.9996929689898679,0.7275977653631285,0.012935607802442808
SVC,combined,pr,0.9996929689898679,0.7277603933839965,0.012955752125400094
SVC,combined,pr,0.9996929689898679,0.7279230941202772,0.01295699196761268
SVC,combined,pr,0.9996929689898679,0.7280858676207513,0.012992033369034699
SVC,combined,pr,0.9996929689898679,0.728248713934243,0.013022807143681833
SVC,combined,pr,0.9996929689898679,0.7284116331096196,0.0130455244808093
SVC,combined,pr,0.9996929689898679,0.7285746251957932,0.01307595552108501
SVC,combined,pr,0.9996929689898679,0.7287376902417189,0.0130771749429474
SVC,combined,pr,0.9996929689898679,0.7289008282963958,0.013083785733762484
SVC,combined,pr,0.9996929689898679,0.729064039408867,0.013092263175627526
SVC,combined,pr,0.9996929689898679,0.7292273236282195,0.013097868064806617
SVC,combined,pr,0.9996929689898679,0.7293906810035843,0.013102329008707307
SVC,combined,pr,0.9996929689898679,0.7295541115841362,0.013142822485669697
SVC,combined,pr,0.9996929689898679,0.7297176154190945,0.013150300870229559
SVC,combined,pr,0.9996929689898679,0.7298811925577224,0.013157512792155138
SVC,combined,pr,0.9996929689898679,0.7300448430493274,0.013202450175414375
SVC,combined,pr,0.9996929689898679,0.7302085669432609,0.01321332433571088
SVC,combined,pr,0.9996929689898679,0.7303723642889188,0.013253146934907504
SVC,combined,pr,0.9996929689898679,0.7305362351357415,0.0132649086213587
SVC,combined,pr,0.9996929689898679,0.7307001795332136,0.01326910610322847
SVC,combined,pr,0.9996929689898679,0.7308641975308642,0.013282390678427097
SVC,combined,pr,0.9996929689898679,0.7310282891782667,0.013337190004736973
SVC,combined,pr,0.9996929689898679,0.7311924545250393,0.013337225950694323
SVC,combined,pr,0.9996929689898679,0.7313566936208445,0.0133399275010387
SVC,combined,pr,0.9996929689898679,0.7315210065153898,0.013340287215729224
SVC,combined,pr,0.9996929689898679,0.731685393258427,0.01341363110680153
SVC,combined,pr,0.9996929689898679,0.7318498538997528,0.013414239449437806
SVC,combined,pr,0.9996929689898679,0.7320143884892086,0.013429906982493876
SVC,combined,pr,0.9996929689898679,0.7321789970766809,0.013474840691810758
SVC,combined,pr,0.9996929689898679,0.7323436797121008,0.01347748618713046
SVC,combined,pr,0.9996929689898679,0.7325084364454443,0.013543224645358792
SVC,combined,pr,0.9996929689898679,0.7326732673267327,0.013591773793837893
SVC,combined,pr,0.9996929689898679,0.732838172406032,0.01359693554663275
SVC,combined,pr,0.9996929689898679,0.7330031517334534,0.013600961021277785
SVC,combined,pr,0.9996929689898679,0.7331682053591534,0.013622270232317745
SVC,combined,pr,0.9996929689898679,0.7333333333333333,0.013624330099323276
SVC,combined,pr,0.9996929689898679,0.7334985357062401,0.013635556010264659
SVC,combined,pr,0.9996929689898679,0.7336638125281658,0.013659167656266494
SVC,combined,pr,0.9996929689898679,0.7338291638494479,0.013700676339020496
SVC,combined,pr,0.9996929689898679,0.7339945897204689,0.013742443585646628
SVC,combined,pr,0.9996929689898679,0.7341600901916573,0.01375547389225512
SVC,combined,pr,0.9996929689898679,0.7343256653134866,0.013756826666171505
SVC,combined,pr,0.9996929689898679,0.7344913151364765,0.013798430184644593
SVC,combined,pr,0.9996929689898679,0.7346570397111913,0.013809320119665139
SVC,combined,pr,0.9996929689898679,0.734822839088242,0.013819841013854214
SVC,combined,pr,0.9996929689898679,0.7349887133182844,0.013857787242044756
SVC,combined,pr,0.9996929689898679,0.7351546624520208,0.013868990340170596
SVC,combined,pr,0.9996929689898679,0.7353206865401988,0.013884762502488083
SVC,combined,pr,0.9996929689898679,0.7354867856336119,0.01392358116762526
SVC,combined,pr,0.9996929689898679,0.7356529597830999,0.013939459434757683
SVC,combined,pr,0.9996929689898679,0.735819209039548,0.013962810342672211
SVC,combined,pr,0.9996929689898679,0.7359855334538878,0.013975553130518464
SVC,combined,pr,0.9996929689898679,0.736151933077097,0.013977080202101524
SVC,combined,pr,0.9996929689898679,0.736318407960199,0.013991728286309941
SVC,combined,pr,0.9996929689898679,0.7364849581542637,0.01401111354365891
SVC,combined,pr,0.9996929689898679,0.7366515837104073,0.014039572391357133
SVC,combined,pr,0.9996929689898679,0.7368182846797918,0.01404386132694159
SVC,combined,pr,0.9996929689898679,0.736985061113626,0.014060568367335205
SVC,combined,pr,0.9996929689898679,0.7371519130631651,0.014088468967720985
SVC,combined,pr,0.9996929689898679,0.7373188405797102,0.014098510511235937
SVC,combined,pr,0.9996929689898679,0.7374858437146092,0.014124547147424392
SVC,combined,pr,0.9996929689898679,0.737652922519257,0.014132973940423356
SVC,combined,pr,0.9996929689898679,0.737820077045094,0.014145276690937764
SVC,combined,pr,0.9996929689898679,0.7379873073436083,0.014160086693189418
SVC,combined,pr,0.9996929689898679,0.7381546134663342,0.01417995262763364
SVC,combined,pr,0.9996929689898679,0.7383219954648526,0.014188256342736835
SVC,combined,pr,0.9996929689898679,0.7384894533907915,0.014208658873549542
SVC,combined,pr,0.9996929689898679,0.7386569872958257,0.014214855657287598
SVC,combined,pr,0.9996929689898679,0.7388245972316769,0.014220345247240777
SVC,combined,pr,0.9996929689898679,0.7389922832501135,0.014231260516141086
SVC,combined,pr,0.9996929689898679,0.7391600454029512,0.014243964742817338
SVC,combined,pr,0.9996929689898679,0.7393278837420527,0.014298960353376704
SVC,combined,pr,0.9996929689898679,0.7394957983193278,0.014318535073412136
SVC,combined,pr,0.9996929689898679,0.7396637891867333,0.014320469025483248
SVC,combined,pr,0.9996929689898679,0.7398318563962736,0.014328929850993405
SVC,combined,pr,0.9996929689898679,0.74,0.014336047565191655
SVC,combined,pr,0.9996929689898679,0.7401682200500114,0.01435963728524582
SVC,combined,pr,0.9996929689898679,0.7403365165984539,0.014375883603651418
SVC,combined,pr,0.9996929689898679,0.740504889697521,0.014401216652383869
SVC,combined,pr,0.9996929689898679,0.740673339399454,0.014437061413682535
SVC,combined,pr,0.9996929689898679,0.7408418657565415,0.014478866906133684
SVC,combined,pr,0.9996929689898679,0.7410104688211198,0.014494512942341721
SVC,combined,pr,0.9996929689898679,0.7411791486455725,0.014508568616542936
SVC,combined,pr,0.9996929689898679,0.7413479052823315,0.014510441369994907
SVC,combined,pr,0.9996929689898679,0.7415167387838761,0.014571604780306094
SVC,combined,pr,0.9996929689898679,0.7416856492027335,0.014596831474085012
SVC,combined,pr,0.9996929689898679,0.7418546365914787,0.014623197407393762
SVC,combined,pr,0.9996929689898679,0.7420237010027347,0.014645649720200674
SVC,combined,pr,0.9996929689898679,0.7421928424891726,0.014669404404034284
SVC,combined,pr,0.9996929689898679,0.7423620611035112,0.014687988107990565
SVC,combined,pr,0.9996929689898679,0.7425313568985177,0.014726822482425595
SVC,combined,pr,0.9996929689898679,0.7427007299270073,0.01473331044242457
SVC,combined,pr,0.9996929689898679,0.7428701802418435,0.014735174529258493
SVC,combined,pr,0.9996929689898679,0.7430397078959379,0.014749597023776316
SVC,combined,pr,0.9996929689898679,0.7432093129422507,0.014754479928740035
SVC,combined,pr,0.9996929689898679,0.7433789954337899,0.014756993345126259
SVC,combined,pr,0.9996929689898679,0.7435487554236127,0.014780248194922888
SVC,combined,pr,0.9996929689898679,0.7437185929648241,0.014780854661149603
SVC,combined,pr,0.9996929689898679,0.743888508110578,0.014809525848642877
SVC,combined,pr,0.9996929689898679,0.7440585009140768,0.014837519435802008
SVC,combined,pr,0.9996929689898679,0.7442285714285715,0.01485164125575564
SVC,combined,pr,0.9996929689898679,0.7443987197073617,0.014865695032955623
SVC,combined,pr,0.9996929689898679,0.7445689458037961,0.014890037198746311
SVC,combined,pr,0.9996929689898679,0.7447392497712717,0.014917140356584896
SVC,combined,pr,0.9996929689898679,0.744909631663235,0.014925269434696006
SVC,combined,pr,0.9996929689898679,0.7450800915331808,0.01497466067806947
SVC,combined,pr,0.9996929689898679,0.7452506294346533,0.01499881471643865
SVC,combined,pr,0.9996929689898679,0.7454212454212454,0.015092225126909614
SVC,combined,pr,0.9996929689898679,0.7455919395465995,0.015132357907089729
SVC,combined,pr,0.9996929689898679,0.7457627118644068,0.01518686270186248
SVC,combined,pr,0.9996929689898679,0.7459335624284078,0.015210524376381351
SVC,combined,pr,0.9996929689898679,0.7461044912923923,0.015220923939448475
SVC,combined,pr,0.9996929689898679,0.7462754985101994,0.01523723256407108
SVC,combined,pr,0.9996929689898679,0.7464465841357175,0.015268909515736458
SVC,combined,pr,0.9996929689898679,0.7466177482228846,0.015273988401389008
SVC,combined,pr,0.9996929689898679,0.7467889908256881,0.0152766553278496
SVC,combined,pr,0.9996929689898679,0.7469603119981647,0.015347059601161799
SVC,combined,pr,0.9996929689898679,0.7471317117944011,0.01536274587508276
SVC,combined,pr,0.9996929689898679,0.7473031902685334,0.0153659106946082
SVC,combined,pr,0.9996929689898679,0.7474747474747475,0.01537896877363184
SVC,combined,pr,0.9996929689898679,0.747646383467279,0.01540484145311193
SVC,combined,pr,0.9996929689898679,0.7478180983004135,0.01545875711966617
SVC,combined,pr,0.9996929689898679,0.7479898920284861,0.01545996510402567
SVC,combined,pr,0.9996929689898679,0.7481617647058824,0.015482568351869263
SVC,combined,pr,0.9996929689898679,0.7483337163870375,0.015508871394362014
SVC,combined,pr,0.9996929689898679,0.7485057471264368,0.015518100934107536
SVC,combined,pr,0.9996929689898679,0.7486778569786158,0.015530989668595868
SVC,combined,pr,0.9996929689898679,0.7488500459981601,0.015582061110734438
SVC,combined,pr,0.9996929689898679,0.7490223142397056,0.015591558794599765
SVC,combined,pr,0.9996929689898679,0.7491946617579384,0.015591805239795947
SVC,combined,pr,0.9996929689898679,0.7493670886075949,0.01559480743881804
SVC,combined,pr,0.9996929689898679,0.7495395948434622,0.015623443544009977
SVC,combined,pr,0.9996929689898679,0.7497121805203776,0.015626507665257926
SVC,combined,pr,0.9996929689898679,0.7498848456932289,0.01565228222751908
SVC,combined,pr,0.9996929689898679,0.7500575904169546,0.015655925945525468
SVC,combined,pr,0.9996929689898679,0.7502304147465437,0.015719913794974196
SVC,combined,pr,0.9996929689898679,0.7504033187370361,0.015775506845606403
SVC,combined,pr,0.9996929689898679,0.7505763024435224,0.015815341700780198
SVC,combined,pr,0.9996929689898679,0.7507493659211436,0.01583486030906337
SVC,combined,pr,0.9996929689898679,0.7509225092250923,0.015887551773487232
SVC,combined,pr,0.9996929689898679,0.7510957324106113,0.01589185339754621
SVC,combined,pr,0.9996929689898679,0.751269035532995,0.01593742026857357
SVC,combined,pr,0.9996929689898679,0.7514424186475883,0.01602456302946308
SVC,combined,pr,0.9996929689898679,0.7516158818097877,0.016044834527333646
SVC,combined,pr,0.9996929689898679,0.7517894250750404,0.016074801867404554
SVC,combined,pr,0.9996929689898679,0.7519630484988452,0.016075192999912006
SVC,combined,pr,0.9996929689898679,0.7521367521367521,0.01607981168191806
SVC,combined,pr,0.9996929689898679,0.7523105360443623,0.0160817980106901
SVC,combined,pr,0.9996929689898679,0.7524844002773284,0.016082946995966556
SVC,combined,pr,0.9996929689898679,0.7526583448913546,0.016177861342653768
SVC,combined,pr,0.9996929689898679,0.7528323699421965,0.016200255213085598
SVC,combined,pr,0.9996929689898679,0.7530064754856615,0.016215379727041252
SVC,combined,pr,0.9996929689898679,0.7531806615776081,0.01622694502117028
SVC,combined,pr,0.9996929689898679,0.7533549282739472,0.016244899940217175
SVC,combined,pr,0.9996929689898679,0.7535292756306411,0.016288420794420035
SVC,combined,pr,0.9996929689898679,0.7537037037037037,0.01631187045826339
SVC,combined,pr,0.9996929689898679,0.7538782125492012,0.016342661697384436
SVC,combined,pr,0.9996929689898679,0.7540528022232516,0.01644536772022682
SVC,combined,pr,0.9996929689898679,0.7542274727820245,0.016456270054624668
SVC,combined,pr,0.9996929689898679,0.7544022242817423,0.016527264860041246
SVC,combined,pr,0.9996929689898679,0.754577056778679,0.016576656360690632
SVC,combined,pr,0.9996929689898679,0.7547519703291609,0.01658247261019224
SVC,combined,pr,0.9996929689898679,0.7549269649895665,0.016604344325634207
SVC,combined,pr,0.9996929689898679,0.7551020408163265,0.01661013528739796
SVC,combined,pr,0.9996929689898679,0.7552771978659244,0.016615877570258966
SVC,combined,pr,0.9996929689898679,0.7554524361948955,0.016623552116390782
SVC,combined,pr,0.9996929689898679,0.7556277558598282,0.016727373924368915
SVC,combined,pr,0.9996929689898679,0.755803156917363,0.01676853372255628
SVC,combined,pr,0.9996929689898679,0.7559786394241932,0.016787767726980703
SVC,combined,pr,0.9996929689898679,0.7561542034370645,0.01680082074937943
SVC,combined,pr,0.9996929689898679,0.7563298490127759,0.01680099886041585
SVC,combined,pr,0.9996929689898679,0.7565055762081785,0.016822277298175748
SVC,combined,pr,0.9996929689898679,0.7566813850801766,0.016827441175278374
SVC,combined,pr,0.9996929689898679,0.7568572756857276,0.016848191245883413
SVC,combined,pr,0.9996929689898679,0.7570332480818415,0.01685587573576984
SVC,combined,pr,0.9996929689898679,0.7572093023255814,0.016887467269708942
SVC,combined,pr,0.9996929689898679,0.7573854384740637,0.016898720951995957
SVC,combined,pr,0.9996929689898679,0.7575616565844578,0.016919469653592305
SVC,combined,pr,0.9996929689898679,0.7577379567139865,0.016920445462866193
SVC,combined,pr,0.9996929689898679,0.7579143389199255,0.016929982952908155
SVC,combined,pr,0.9996929689898679,0.7580908032596042,0.01694795867954084
SVC,combined,pr,0.9996929689898679,0.7582673497904052,0.016969377141437203
SVC,combined,pr,0.9996929689898679,0.7584439785697648,0.016998225651022544
SVC,combined,pr,0.9996929689898679,0.7586206896551724,0.016998468648115415
SVC,combined,pr,0.9996929689898679,0.7587974831041715,0.017044593973870967
SVC,combined,pr,0.9996929689898679,0.7589743589743589,0.017057088687829222
SVC,combined,pr,0.9996929689898679,0.7591513173233854,0.01711331611941496
SVC,combined,pr,0.9996929689898679,0.7593283582089553,0.01715922103968225
SVC,combined,pr,0.9996929689898679,0.7595054816888267,0.017164809599046277
SVC,combined,pr,0.9996929689898679,0.7596826878208119,0.01721586412110389
SVC,combined,pr,0.9996929689898679,0.7598599766627772,0.017246367770217475
SVC,combined,pr,0.9996929689898679,0.7600373482726424,0.017286503457191366
SVC,combined,pr,0.9996929689898679,0.7602148027083819,0.017343706939450396
SVC,combined,pr,0.9996929689898679,0.7603923400280242,0.017355130596875275
SVC,combined,pr,0.9996929689898679,0.760569960289652,0.01735980903985122
SVC,combined,pr,0.9996929689898679,0.7607476635514019,0.017379878280685337
SVC,combined,pr,0.9996929689898679,0.7609254498714653,0.017391788136357205
SVC,combined,pr,0.9996929689898679,0.7611033193080879,0.017399233803230482
SVC,combined,pr,0.9996929689898679,0.7612812719195698,0.017411832314959515
SVC,combined,pr,0.9996929689898679,0.7614593077642656,0.017429696002767923
SVC,combined,pr,0.9996929689898679,0.7616374269005848,0.017459085308111466
SVC,combined,pr,0.9996929689898679,0.7618156293869911,0.017476503085834136
SVC,combined,pr,0.9996929689898679,0.7619939152820033,0.017479378635888613
SVC,combined,pr,0.9996929689898679,0.7621722846441947,0.01748497212215067
SVC,combined,pr,0.9996929689898679,0.7623507375321938,0.017580779540853353
SVC,combined,pr,0.9996929689898679,0.7625292740046838,0.017605904703009028
SVC,combined,pr,0.9996929689898679,0.7627078941204029,0.017637182113514668
SVC,combined,pr,0.9996929689898679,0.7628865979381443,0.017674756700863933
SVC,combined,pr,0.9996929689898679,0.7630653855167565,0.01768546687934303
SVC,combined,pr,0.9996929689898679,0.763244256915143,0.017690754104952657
SVC,combined,pr,0.9996929689898679,0.7634232121922626,0.017700648829108313
SVC,combined,pr,0.9996929689898679,0.7636022514071295,0.017741762743571556
SVC,combined,pr,0.9996929689898679,0.763781374618813,0.017774731485292353
SVC,combined,pr,0.9996929689898679,0.7639605818864383,0.0178116242818302
SVC,combined,pr,0.9996929689898679,0.7641398732691856,0.01786223622014157
SVC,combined,pr,0.9996929689898679,0.7643192488262911,0.017871761337456604
SVC,combined,pr,0.9996929689898679,0.7644987086170463,0.017944292640088993
SVC,combined,pr,0.9996929689898679,0.7646782527007985,0.01797827313700906
SVC,combined,pr,0.9996929689898679,0.7648578811369509,0.017990769478469063
SVC,combined,pr,0.9996929689898679,0.7650375939849624,0.01807713417641199
SVC,combined,pr,0.9996929689898679,0.7652173913043478,0.01807832561359084
SVC,combined,pr,0.9996929689898679,0.765397273154678,0.01808041450921019
SVC,combined,pr,0.9996929689898679,0.7655772395955796,0.01811149731430578
SVC,combined,pr,0.9996929689898679,0.7657572906867357,0.018125859628916375
SVC,combined,pr,0.9996929689898679,0.7659374264878852,0.01829438130377261
SVC,combined,pr,0.9996929689898679,0.7661176470588236,0.018317325557133692
SVC,combined,pr,0.9996929689898679,0.7662979524594022,0.018344466988346353
SVC,combined,pr,0.9996929689898679,0.7664783427495292,0.01839643709302265
SVC,combined,pr,0.9996929689898679,0.7666588179891688,0.01849101244690121
SVC,combined,pr,0.9996929689898679,0.7668393782383419,0.018541479510770575
SVC,combined,pr,0.9996929689898679,0.7670200235571261,0.01865002040037932
SVC,combined,pr,0.9996929689898679,0.767200754005655,0.018663213735003813
SVC,combined,pr,0.9996929689898679,0.7673815696441197,0.018791241449638046
SVC,combined,pr,0.9996929689898679,0.7675624705327676,0.018808851826202344
SVC,combined,pr,0.9996929689898679,0.7677434567319028,0.01882009411396104
SVC,combined,pr,0.9996929689898679,0.7679245283018868,0.018848973601163995
SVC,combined,pr,0.9996929689898679,0.7681056853031375,0.018866495551635637
SVC,combined,pr,0.9996929689898679,0.7682869277961303,0.018898138573383908
SVC,combined,pr,0.9996929689898679,0.7684682558413972,0.018912804641035296
SVC,combined,pr,0.9996929689898679,0.7686496694995278,0.018924423752752714
SVC,combined,pr,0.9996929689898679,0.7688311688311689,0.018926206148653063
SVC,combined,pr,0.9996929689898679,0.7690127538970241,0.018957864693811548
SVC,combined,pr,0.9996929689898679,0.7691944247578549,0.018970969632528863
SVC,combined,pr,0.9996929689898679,0.7693761814744802,0.01898444984211634
SVC,combined,pr,0.9996929689898679,0.769558024107776,0.018994720397647536
SVC,combined,pr,0.9996929689898679,0.7697399527186761,0.018995378862869897
SVC,combined,pr,0.9996929689898679,0.7699219673681722,0.019085994691297844
SVC,combined,pr,0.9996929689898679,0.7701040681173131,0.019091914534673345
SVC,combined,pr,0.9996929689898679,0.770286255027206,0.019114328223103813
SVC,combined,pr,0.9996929689898679,0.7704685281590156,0.019142109416177167
SVC,combined,pr,0.9996929689898679,0.7706508875739645,0.019164662766050354
SVC,combined,pr,0.9996929689898679,0.7708333333333334,0.01917514860507916
SVC,combined,pr,0.9996929689898679,0.7710158654984608,0.01920599914648564
SVC,combined,pr,0.9996929689898679,0.7711984841307438,0.019222096886497567
SVC,combined,pr,0.9996929689898679,0.771381189291637,0.019240727764134352
SVC,combined,pr,0.9996929689898679,0.771563981042654,0.019265270440162633
SVC,combined,pr,0.9996929689898679,0.7717468594453663,0.019267829795884192
SVC,combined,pr,0.9996929689898679,0.7719298245614035,0.019292814202811957
SVC,combined,pr,0.9996929689898679,0.7721128764524543,0.01929400424375573
SVC,combined,pr,0.9996929689898679,0.7722960151802657,0.01930655810361323
SVC,combined,pr,0.9996929689898679,0.772479240806643,0.01939961543297355
SVC,combined,pr,0.9996929689898679,0.7726625533934504,0.019416825035412495
SVC,combined,pr,0.9996929689898679,0.7728459530026109,0.019423078592867873
SVC,combined,pr,0.9996929689898679,0.7730294396961064,0.01945033280021384
SVC,combined,pr,0.9996929689898679,0.7732130135359772,0.019517810060190394
SVC,combined,pr,0.9996929689898679,0.773396674584323,0.019537158994402677
SVC,combined,pr,0.9996929689898679,0.7735804229033024,0.019540427062078602
SVC,combined,pr,0.9996929689898679,0.7737642585551331,0.019667656862648195
SVC,combined,pr,0.9996929689898679,0.7739481816020918,0.01969695460129361
SVC,combined,pr,0.9996929689898679,0.7741321921065145,0.019730494071910503
SVC,combined,pr,0.9996929689898679,0.7743162901307967,0.019732786874473943
SVC,combined,pr,0.9996929689898679,0.774500475737393,0.019830116978387987
SVC,combined,pr,0.9996929689898679,0.7746847489888176,0.019838820547334008
SVC,combined,pr,0.9996929689898679,0.774869109947644,0.019886145827294407
SVC,combined,pr,0.9996929689898679,0.7750535586765056,0.01994799940547005
SVC,combined,pr,0.9996929689898679,0.7752380952380953,0.019949125292975253
SVC,combined,pr,0.9996929689898679,0.7754227196951655,0.019960675919149556
SVC,combined,pr,0.9996929689898679,0.7756074321105288,0.019971880412454217
SVC,combined,pr,0.9996929689898679,0.7757922325470574,0.019997514965545915
SVC,combined,pr,0.9996929689898679,0.7759771210676835,0.020021480269271454
SVC,combined,pr,0.9996929689898679,0.7761620977353992,0.020038337404036554
SVC,combined,pr,0.9996929689898679,0.776347162613257,0.020148431421454328
SVC,combined,pr,0.999385937979736,0.7762938230383973,0.020167437435160432
SVC,combined,pr,0.999385937979736,0.7764790076335878,0.020217463598220336
SVC,combined,pr,0.999385937979736,0.7766642806012884,0.02031660704352568
SVC,combined,pr,0.999385937979736,0.7768496420047732,0.020353679938984473
SVC,combined,pr,0.999385937979736,0.7770350919073764,0.020367141613067935
SVC,combined,pr,0.999385937979736,0.7772206303724928,0.020378908307173347
SVC,combined,pr,0.999385937979736,0.7774062574635777,0.020382025001515553
SVC,combined,pr,0.999385937979736,0.7775919732441472,0.020388137308851858
SVC,combined,pr,0.999385937979736,0.7777777777777778,0.020409998388467288
SVC,combined,pr,0.999385937979736,0.777963671128107,0.020471325540599314
SVC,combined,pr,0.999385937979736,0.7781496533588333,0.020540712998675003
SVC,combined,pr,0.999385937979736,0.7783357245337159,0.020547615312298217
SVC,combined,pr,0.999385937979736,0.778521884716575,0.020556185753269337
SVC,combined,pr,0.999385937979736,0.7787081339712919,0.020575640733680553
SVC,combined,pr,0.999385937979736,0.7788944723618091,0.020584202309448876
SVC,combined,pr,0.999385937979736,0.7790808999521303,0.020606630297888433
SVC,combined,pr,0.999385937979736,0.7792674168063203,0.02060957702149596
SVC,combined,pr,0.999385937979736,0.7794540229885057,0.020618865241921594
SVC,combined,pr,0.999385937979736,0.7796407185628742,0.020647645997620406
SVC,combined,pr,0.999385937979736,0.7798275035936751,0.020655447441876026
SVC,combined,pr,0.999385937979736,0.7800143781452192,0.02072793817155918
SVC,combined,pr,0.999385937979736,0.7802013422818792,0.02073574164553188
SVC,combined,pr,0.999385937979736,0.7803883960680892,0.02075197373418915
SVC,combined,pr,0.999385937979736,0.7805755395683454,0.02078271579704379
SVC,combined,pr,0.999385937979736,0.7807627728472055,0.020812077677355503
SVC,combined,pr,0.999385937979736,0.7809500959692899,0.02081425198112746
SVC,combined,pr,0.999385937979736,0.78113750899928,0.020878731192510092
SVC,combined,pr,0.999385937979736,0.7813250120019203,0.020975524894637023
SVC,combined,pr,0.999385937979736,0.7815126050420168,0.020998915193666933
SVC,combined,pr,0.999385937979736,0.781700288184438,0.021068460955080734
SVC,combined,pr,0.999385937979736,0.7818880614941148,0.02106986499612895
SVC,combined,pr,0.999385937979736,0.7820759250360404,0.02108051401115286
SVC,combined,pr,0.999385937979736,0.7822638788752704,0.021100220957338333
SVC,combined,pr,0.999385937979736,0.7824519230769231,0.021194331090210742
SVC,combined,pr,0.999385937979736,0.7826400577061794,0.021235157021874392
SVC,combined,pr,0.999385937979736,0.7828282828282829,0.02126161152577481
SVC,combined,pr,0.999385937979736,0.7830165985085398,0.02126819167451885
SVC,combined,pr,0.999385937979736,0.7832050048123196,0.02130165240000875
SVC,combined,pr,0.999385937979736,0.7833935018050542,0.02131001350663898
SVC,combined,pr,0.999385937979736,0.7835820895522388,0.0213315364448478
SVC,combined,pr,0.999385937979736,0.7837707681194317,0.021372566208907606
SVC,combined,pr,0.999385937979736,0.7839595375722543,0.021403913824565735
SVC,combined,pr,0.999385937979736,0.7841483979763912,0.02140621012133921
SVC,combined,pr,0.999385937979736,0.7843373493975904,0.021443140289515782
SVC,combined,pr,0.999385937979736,0.7845263919016631,0.02158070469444522
SVC,combined,pr,0.999385937979736,0.7847155255544841,0.02159712517938911
SVC,combined,pr,0.999385937979736,0.7849047504219918,0.021602887085738837
SVC,combined,pr,0.999385937979736,0.7850940665701881,0.021656232393121932
SVC,combined,pr,0.999385937979736,0.7852834740651388,0.02166080986152316
SVC,combined,pr,0.999385937979736,0.785472972972973,0.02168761486739375
SVC,combined,pr,0.999385937979736,0.7856625633598842,0.021754140596894442
SVC,combined,pr,0.999385937979736,0.7858522452921294,0.021795982039107112
SVC,combined,pr,0.999385937979736,0.78604201883603,0.021816538296139252
SVC,combined,pr,0.999385937979736,0.7862318840579711,0.021844220454349514
SVC,combined,pr,0.999385937979736,0.786421841024402,0.021866545154005202
SVC,combined,pr,0.999385937979736,0.7866118898018366,0.021904438812107477
SVC,combined,pr,0.999385937979736,0.7868020304568528,0.021952566828597187
SVC,combined,pr,0.999385937979736,0.7869922630560928,0.0219592267826846
SVC,combined,pr,0.999385937979736,0.7871825876662636,0.022009123015099493
SVC,combined,pr,0.999385937979736,0.7873730043541364,0.022009903543953293
SVC,combined,pr,0.999385937979736,0.7875635131865473,0.022011956140367415
SVC,combined,pr,0.999385937979736,0.7877541142303969,0.022025071218750886
SVC,combined,pr,0.999385937979736,0.7879448075526507,0.02204824912648001
SVC,combined,pr,0.999385937979736,0.788135593220339,0.022090165141395654
SVC,combined,pr,0.999385937979736,0.788326471300557,0.02213780389020778
SVC,combined,pr,0.999385937979736,0.7885174418604651,0.022156019662371327
SVC,combined,pr,0.999385937979736,0.7887085049672886,0.02222418017127592
SVC,combined,pr,0.999385937979736,0.7890909090909091,0.02234514502898353
SVC,combined,pr,0.999385937979736,0.789282250242483,0.022539740526624857
SVC,combined,pr,0.999385937979736,0.7894736842105263,0.02257672228037026
SVC,combined,pr,0.999385937979736,0.789665211062591,0.02264844998697899
SVC,combined,pr,0.999385937979736,0.7898568308662945,0.02265522209205775
SVC,combined,pr,0.999385937979736,0.7900485436893204,0.022823324793168107
SVC,combined,pr,0.999385937979736,0.7902403495994174,0.022843059241727092
SVC,combined,pr,0.999385937979736,0.7904322486644002,0.02287252508462641
SVC,combined,pr,0.999385937979736,0.7906242409521497,0.022896048743123
SVC,combined,pr,0.999385937979736,0.7908163265306123,0.022954436015171678
SVC,combined,pr,0.999385937979736,0.7910085054678008,0.022957070086958565
SVC,combined,pr,0.999385937979736,0.7912007778317939,0.022957313407639346
SVC,combined,pr,0.999385937979736,0.7913931436907367,0.02302433206931991
SVC,combined,pr,0.999385937979736,0.7915856031128404,0.02306438021687664
SVC,combined,pr,0.999385937979736,0.7917781561663829,0.023107625408194252
SVC,combined,pr,0.999385937979736,0.791970802919708,0.023194515013735737
SVC,combined,pr,0.999385937979736,0.7921635434412265,0.023245940025244893
SVC,combined,pr,0.999385937979736,0.7923563777994158,0.023262501856320564
SVC,combined,pr,0.999385937979736,0.7925493060628196,0.023328494452957243
SVC,combined,pr,0.999385937979736,0.7927423283000488,0.023336856462657856
SVC,combined,pr,0.999385937979736,0.7929354445797807,0.023348370785860283
SVC,combined,pr,0.999385937979736,0.7931286549707602,0.023363007874374144
SVC,combined,pr,0.999385937979736,0.7933219595417987,0.023428654758525205
SVC,combined,pr,0.999385937979736,0.7935153583617748,0.023458483942670916
SVC,combined,pr,0.999385937979736,0.7937088514996342,0.023520349503793326
SVC,combined,pr,0.999385937979736,0.7939024390243903,0.023543979278008127
SVC,combined,pr,0.999385937979736,0.7940961210051232,0.023587977686828163
SVC,combined,pr,0.999385937979736,0.794289897510981,0.023616628594731907
SVC,combined,pr,0.999385937979736,0.7944837686111789,0.023635384893803724
SVC,combined,pr,0.999385937979736,0.794677734375,0.023701949148029294
SVC,combined,pr,0.999385937979736,0.7948717948717948,0.02376774319752509
SVC,combined,pr,0.999385937979736,0.7950659501709819,0.023871876460352787
SVC,combined,pr,0.999385937979736,0.7954545454545454,0.02388220772460802
SVC,combined,pr,0.999385937979736,0.7956489855780983,0.024018259930845543
SVC,combined,pr,0.999385937979736,0.7958435207823961,0.024093986290189887
SVC,combined,pr,0.999385937979736,0.7960381511371973,0.024128128718471198
SVC,combined,pr,0.999385937979736,0.7962328767123288,0.02413077445517192
SVC,combined,pr,0.999385937979736,0.7964276975776854,0.024145139175259612
SVC,combined,pr,0.999385937979736,0.7966226138032305,0.024145550620764816
SVC,combined,pr,0.999385937979736,0.7968176254589964,0.02424443529031563
SVC,combined,pr,0.999385937979736,0.7970127326150832,0.024276372030330135
SVC,combined,pr,0.999385937979736,0.7972079353416606,0.024353142412161927
SVC,combined,pr,0.999385937979736,0.7974032337089662,0.02437601782775861
SVC,combined,pr,0.999385937979736,0.7975986277873071,0.024499256560999962
SVC,combined,pr,0.999385937979736,0.7977941176470589,0.024549363737539128
SVC,combined,pr,0.999385937979736,0.7979897033586664,0.024601823636552698
SVC,combined,pr,0.999385937979736,0.7981853849926435,0.024612492598518648
SVC,combined,pr,0.999385937979736,0.7983811626195733,0.024676159417663667
SVC,combined,pr,0.999385937979736,0.7985770363101079,0.02468539868000534
SVC,combined,pr,0.9990789069696039,0.7985276073619632,0.024743156257966147
SVC,combined,pr,0.9990789069696039,0.7987236131566029,0.024788047314989316
SVC,combined,pr,0.9990789069696039,0.798919715197643,0.024801966666942107
SVC,combined,pr,0.9990789069696039,0.7991159135559921,0.024877762207297694
SVC,combined,pr,0.9990789069696039,0.7993122083026284,0.024907739058962045
SVC,combined,pr,0.9990789069696039,0.7995085995085995,0.025027449861869222
SVC,combined,pr,0.9990789069696039,0.7997050872450233,0.02509860008264447
SVC,combined,pr,0.9990789069696039,0.7999016715830876,0.025111447562939395
SVC,combined,pr,0.9990789069696039,0.8000983525940497,0.02518271570911995
SVC,combined,pr,0.9990789069696039,0.8002951303492376,0.025205997197925045
SVC,combined,pr,0.9990789069696039,0.8004920049200492,0.025435052701900645
SVC,combined,pr,0.9990789069696039,0.8006889763779528,0.025604532476543915
SVC,combined,pr,0.9990789069696039,0.8008860447944869,0.02564600682816731
SVC,combined,pr,0.9990789069696039,0.8010832102412605,0.025676339124746303
SVC,combined,pr,0.9990789069696039,0.8012804727899532,0.02583457659591926
SVC,combined,pr,0.9990789069696039,0.8014778325123153,0.02587623410085106
SVC,combined,pr,0.9990789069696039,0.8016752894801675,0.026092739606087923
SVC,combined,pr,0.9990789069696039,0.8018728437654017,0.02613668659899031
SVC,combined,pr,0.9990789069696039,0.8020704954399803,0.026230133139682064
SVC,combined,pr,0.9990789069696039,0.8022682445759369,0.026231398076119756
SVC,combined,pr,0.9990789069696039,0.802466091245376,0.02639880703725729
SVC,combined,pr,0.9990789069696039,0.8026640355204736,0.026485377482361
SVC,combined,pr,0.9990789069696039,0.8028620774734765,0.026501380869845447
SVC,combined,pr,0.9990789069696039,0.8030602171767028,0.026531433824069955
SVC,combined,pr,0.9990789069696039,0.8032584547025425,0.02653243491536594
SVC,combined,pr,0.9990789069696039,0.8034567901234568,0.02663605373793317
SVC,combined,pr,0.9990789069696039,0.8036552235119783,0.02666601598932772
SVC,combined,pr,0.9990789069696039,0.8038537549407114,0.026675643678172833
SVC,combined,pr,0.9990789069696039,0.8040523844823326,0.026715511636594122
SVC,combined,pr,0.9990789069696039,0.8042511122095897,0.026724360215647485
SVC,combined,pr,0.9990789069696039,0.8044499381953029,0.026741958114788883
SVC,combined,pr,0.9990789069696039,0.804648862512364,0.02681044791278907
SVC,combined,pr,0.9990789069696039,0.8048478852337373,0.02687052652213146
SVC,combined,pr,0.9990789069696039,0.8050470064324592,0.026942818150541076
SVC,combined,pr,0.9990789069696039,0.8052462261816382,0.026994570104333343
SVC,combined,pr,0.9990789069696039,0.8054455445544555,0.02704216068428657
SVC,combined,pr,0.9990789069696039,0.8056449616241644,0.027085208210967344
SVC,combined,pr,0.9990789069696039,0.8058444774640912,0.027187865331730243
SVC,combined,pr,0.9990789069696039,0.8060440921476344,0.027313658959504883
SVC,combined,pr,0.9990789069696039,0.8062438057482656,0.027315292292481294
SVC,combined,pr,0.9990789069696039,0.8064436183395292,0.02732369602287478
SVC,combined,pr,0.9990789069696039,0.8066435299950422,0.02736874084709406
SVC,combined,pr,0.9990789069696039,0.806843540788495,0.02751695362464872
SVC,combined,pr,0.9990789069696039,0.8070436507936508,0.027558428397558093
SVC,combined,pr,0.9990789069696039,0.8072438600843463,0.027619257384908013
SVC,combined,pr,0.9990789069696039,0.8074441687344913,0.02770241355827814
SVC,combined,pr,0.9990789069696039,0.807644576818069,0.027735389754545304
SVC,combined,pr,0.9990789069696039,0.807845084409136,0.027784988863846047
SVC,combined,pr,0.9990789069696039,0.8080456915818227,0.027891504243387613
SVC,combined,pr,0.9990789069696039,0.8082463984103329,0.027935205205227475
SVC,combined,pr,0.9990789069696039,0.8084472049689441,0.027948932082508777
SVC,combined,pr,0.9990789069696039,0.808648111332008,0.02800775305251983
SVC,combined,pr,0.9990789069696039,0.8088491175739498,0.028029459478752655
SVC,combined,pr,0.9990789069696039,0.809050223769269,0.02812880776560875
SVC,combined,pr,0.9990789069696039,0.8092514299925392,0.02817966462429727
SVC,combined,pr,0.9990789069696039,0.809452736318408,0.028247929157071527
SVC,combined,pr,0.9990789069696039,0.8096541428215974,0.028271619703671685
SVC,combined,pr,0.9990789069696039,0.8098556495769039,0.028292792746463364
SVC,combined,pr,0.9990789069696039,0.8100572566591984,0.02839995259156018
SVC,combined,pr,0.9990789069696039,0.8102589641434262,0.028456196791288756
SVC,combined,pr,0.9990789069696039,0.8104607721046078,0.02846014710061869
SVC,combined,pr,0.9990789069696039,0.8106626806178375,0.028481052651910668
SVC,combined,pr,0.9990789069696039,0.8108646897582855,0.028494630946008
SVC,combined,pr,0.9990789069696039,0.8112690102218898,0.02856885305983795
SVC,combined,pr,0.9990789069696039,0.8116737340982789,0.028664529090673563
SVC,combined,pr,0.9990789069696039,0.81187624750499,0.02867194804331742
SVC,combined,pr,0.9990789069696039,0.8120788619915148,0.028685406494509708
SVC,combined,pr,0.9990789069696039,0.8122815776335497,0.028746739813821753
SVC,combined,pr,0.9990789069696039,0.8124843945068664,0.02888342142449503
SVC,combined,pr,0.9990789069696039,0.8126873126873126,0.02890718684229145
SVC,combined,pr,0.9990789069696039,0.8128903322508119,0.028939617297763925
SVC,combined,pr,0.9990789069696039,0.8130934532733634,0.02904389954135336
SVC,combined,pr,0.9990789069696039,0.8132966758310423,0.02911932915430976
SVC,combined,pr,0.9990789069696039,0.8135,0.029123914918443388
SVC,combined,pr,0.9990789069696039,0.8137034258564642,0.02919761223542408
SVC,combined,pr,0.9990789069696039,0.8139069534767384,0.029211921045011666
SVC,combined,pr,0.9990789069696039,0.814110582937203,0.02932311123705565
SVC,combined,pr,0.9990789069696039,0.8143143143143143,0.02932523976591844
SVC,combined,pr,0.9990789069696039,0.8145181476846057,0.029466038231041703
SVC,combined,pr,0.9990789069696039,0.8147220831246871,0.029556169251861986
SVC,combined,pr,0.9990789069696039,0.8149261207112447,0.029717553008646046
SVC,combined,pr,0.9990789069696039,0.8151302605210421,0.029723805193491572
SVC,combined,pr,0.9990789069696039,0.8153345026309196,0.02977495237001347
SVC,combined,pr,0.9990789069696039,0.8155388471177945,0.029783799967109278
SVC,combined,pr,0.9990789069696039,0.8157432940586613,0.029801265109402758
SVC,combined,pr,0.9990789069696039,0.8159478435305918,0.02985062446290443
SVC,combined,pr,0.9990789069696039,0.8161524956107349,0.029935297836610225
SVC,combined,pr,0.9990789069696039,0.8163572503763171,0.029950113578551752
SVC,combined,pr,0.9990789069696039,0.8165621079046425,0.02997826924738209
SVC,combined,pr,0.9990789069696039,0.8167670682730924,0.029986255903624224
SVC,combined,pr,0.9990789069696039,0.8169721315591263,0.030004893548999104
SVC,combined,pr,0.9990789069696039,0.8171772978402813,0.030005166552003013
SVC,combined,pr,0.9990789069696039,0.8173825671941723,0.030051427476439407
SVC,combined,pr,0.9990789069696039,0.8175879396984924,0.03014548783619751
SVC,combined,pr,0.9990789069696039,0.8177934154310128,0.030235545458916
SVC,combined,pr,0.9990789069696039,0.8179989944695827,0.030414731566992956
SVC,combined,pr,0.9990789069696039,0.8182046768921297,0.030449279490106364
SVC,combined,pr,0.9990789069696039,0.81841046277666,0.030501712350783278
SVC,combined,pr,0.9990789069696039,0.8186163522012578,0.03064135555229811
SVC,combined,pr,0.9990789069696039,0.8188223452440866,0.030660351493730042
SVC,combined,pr,0.9990789069696039,0.8190284419833879,0.030694601700624973
SVC,combined,pr,0.9990789069696039,0.8192346424974823,0.030695935380294286
SVC,combined,pr,0.9990789069696039,0.819647355163728,0.030702055294231572
SVC,combined,pr,0.9990789069696039,0.8200604838709677,0.030775071887270623
SVC,combined,pr,0.9990789069696039,0.820267204436602,0.030816107101731494
SVC,combined,pr,0.9990789069696039,0.8204740292486132,0.03083345890435855
SVC,combined,pr,0.9990789069696039,0.8206809583858764,0.030957081964173377
SVC,combined,pr,0.9990789069696039,0.8208879919273461,0.03102308331276253
SVC,combined,pr,0.9990789069696039,0.8210951299520565,0.031024947834587202
SVC,combined,pr,0.9990789069696039,0.8213023725391216,0.031032544518730734
SVC,combined,pr,0.9990789069696039,0.8215097197677355,0.03107569328484605
SVC,combined,pr,0.9990789069696039,0.8217171717171717,0.031102850980844504
SVC,combined,pr,0.9990789069696039,0.8219247284667845,0.031221619066247024
SVC,combined,pr,0.9990789069696039,0.8221323900960081,0.03132920941600075
SVC,combined,pr,0.9990789069696039,0.8223401566843568,0.03136728138627176
SVC,combined,pr,0.9990789069696039,0.8225480283114257,0.031376583341187356
SVC,combined,pr,0.9990789069696039,0.8227560050568901,0.03140372232084603
SVC,combined,pr,0.9990789069696039,0.8229640870005058,0.03147590750387356
SVC,combined,pr,0.9990789069696039,0.8231722742221098,0.031502422719139146
SVC,combined,pr,0.9990789069696039,0.8233805668016194,0.031536761046816665
SVC,combined,pr,0.9990789069696039,0.8235889648190332,0.031742068864409494
SVC,combined,pr,0.9990789069696039,0.8237974683544304,0.031783006448533886
SVC,combined,pr,0.9990789069696039,0.8240060774879716,0.03185960583252992
SVC,combined,pr,0.9990789069696039,0.8242147922998987,0.03207681110974211
SVC,combined,pr,0.9990789069696039,0.8244236128705346,0.03215322656767297
SVC,combined,pr,0.9990789069696039,0.8246325392802838,0.03216427121298989
SVC,combined,pr,0.9990789069696039,0.8248415716096325,0.032188037199584414
SVC,combined,pr,0.9990789069696039,0.8250507099391481,0.032188139680254836
SVC,combined,pr,0.9990789069696039,0.8252599543494801,0.032315991519754055
SVC,combined,pr,0.9990789069696039,0.8254693049213597,0.03242464503667046
SVC,combined,pr,0.9990789069696039,0.8256787617356001,0.03246779145272456
SVC,combined,pr,0.9990789069696039,0.8258883248730965,0.032522745913524505
SVC,combined,pr,0.9990789069696039,0.8260979944148261,0.03274154391014175
SVC,combined,pr,0.9990789069696039,0.8263077704418487,0.03274590126835785
SVC,combined,pr,0.9990789069696039,0.8265176530353061,0.03277859072089668
SVC,combined,pr,0.9990789069696039,0.8267276422764228,0.03279281528256836
SVC,combined,pr,0.9990789069696039,0.8269377382465057,0.03279690263259131
SVC,combined,pr,0.9990789069696039,0.8271479410269446,0.03297040489717891
SVC,combined,pr,0.9990789069696039,0.8273582506992118,0.033081473628133386
SVC,combined,pr,0.9990789069696039,0.8275686673448627,0.033133068616476836
SVC,combined,pr,0.9990789069696039,0.8277791910455354,0.03322577264766768
SVC,combined,pr,0.9990789069696039,0.8279898218829517,0.033359831951163314
SVC,combined,pr,0.9990789069696039,0.8282005599389157,0.03347076214483947
SVC,combined,pr,0.9990789069696039,0.8284114052953157,0.033497806244280275
SVC,combined,pr,0.9990789069696039,0.8286223580341228,0.033567910314786016
SVC,combined,pr,0.9990789069696039,0.8288334182373918,0.03365090930301801
SVC,combined,pr,0.9990789069696039,0.8290445859872612,0.03386608749108899
SVC,combined,pr,0.9990789069696039,0.8292558613659531,0.03389088354152697
SVC,combined,pr,0.9990789069696039,0.8294672444557737,0.034143732068308584
SVC,combined,pr,0.9990789069696039,0.8296787353391127,0.03421674998852279
SVC,combined,pr,0.9990789069696039,0.8298903340984443,0.034258327222329445
SVC,combined,pr,0.9990789069696039,0.8301020408163265,0.034302080515720666
SVC,combined,pr,0.9990789069696039,0.8303138555754019,0.03440077456898105
SVC,combined,pr,0.9990789069696039,0.8305257784583971,0.03441063690618832
SVC,combined,pr,0.9990789069696039,0.8307378095481236,0.034435486634084064
SVC,combined,pr,0.9990789069696039,0.830949948927477,0.034469690592169235
SVC,combined,pr,0.9990789069696039,0.831162196679438,0.03451836052889254
SVC,combined,pr,0.9990789069696039,0.8313745528870721,0.03452156969448463
SVC,combined,pr,0.9990789069696039,0.8315870176335293,0.034576254761723414
SVC,combined,pr,0.9990789069696039,0.831799591002045,0.034713526682510605
SVC,combined,pr,0.9990789069696039,0.8320122730759396,0.03473308413253915
SVC,combined,pr,0.9990789069696039,0.832225063938619,0.03474758403548032
SVC,combined,pr,0.9990789069696039,0.8324379636735738,0.03480049049640476
SVC,combined,pr,0.9990789069696039,0.8326509723643808,0.034816998545042104
SVC,combined,pr,0.9990789069696039,0.8328640900947019,0.03492178971414806
SVC,combined,pr,0.9990789069696039,0.8330773169482847,0.034943564896017194
SVC,combined,pr,0.9990789069696039,0.8332906530089629,0.03533553719793233
SVC,combined,pr,0.9990789069696039,0.8335040983606558,0.03535320358636813
SVC,combined,pr,0.9990789069696039,0.8337176530873687,0.03547426502664492
SVC,combined,pr,0.9990789069696039,0.8339313172731933,0.035548513613227306
SVC,combined,pr,0.9990789069696039,0.834145091002307,0.03564181522114924
SVC,combined,pr,0.9990789069696039,0.8345729674275455,0.03574107991292656
SVC,combined,pr,0.9990789069696039,0.8347870702924577,0.03608880564948313
SVC,combined,pr,0.9990789069696039,0.8350012830382345,0.03610879204305634
SVC,combined,pr,0.9990789069696039,0.8352156057494866,0.03625105227119289
SVC,combined,pr,0.9990789069696039,0.8354300385109115,0.03625585472837483
SVC,combined,pr,0.9990789069696039,0.8356445814072933,0.036269342271985396
SVC,combined,pr,0.9990789069696039,0.8358592345235037,0.036291809966371276
SVC,combined,pr,0.9990789069696039,0.8360739979445015,0.036555115864896064
SVC,combined,pr,0.9990789069696039,0.8362888717553328,0.03664671658324745
SVC,combined,pr,0.9990789069696039,0.8365038560411311,0.036679590805933665
SVC,combined,pr,0.9990789069696039,0.8367189508871176,0.03683703933644914
SVC,combined,pr,0.9990789069696039,0.8369341563786008,0.03699057931163271
SVC,combined,pr,0.9990789069696039,0.8371494726009776,0.0370226997402403
SVC,combined,pr,0.9990789069696039,0.8373648996397324,0.03708360044404759
SVC,combined,pr,0.9990789069696039,0.8375804375804375,0.03726863714695076
SVC,combined,pr,0.9990789069696039,0.8377960865087538,0.03736348093729223
SVC,combined,pr,0.9990789069696039,0.83801184651043,0.037366753719562565
SVC,combined,pr,0.9990789069696039,0.8382277176713034,0.03748377791137599
SVC,combined,pr,0.9990789069696039,0.8384437000772996,0.03800040312453208
SVC,combined,pr,0.9990789069696039,0.838659793814433,0.0382406250874813
SVC,combined,pr,0.9990789069696039,0.8388759989688064,0.038622016512061055
SVC,combined,pr,0.9990789069696039,0.8390923156266117,0.038674582746071724
SVC,combined,pr,0.9990789069696039,0.8393087438741295,0.03878675452089522
SVC,combined,pr,0.9990789069696039,0.8395252837977296,0.038796609487831
SVC,combined,pr,0.9990789069696039,0.839741935483871,0.03882463771801907
SVC,combined,pr,0.9990789069696039,0.8399586990191017,0.038869705028159764
SVC,combined,pr,0.9990789069696039,0.8401755744900594,0.03895213829514268
SVC,combined,pr,0.9990789069696039,0.8403925619834711,0.03898959843649449
SVC,combined,pr,0.9990789069696039,0.8406096615861535,0.039031256705422866
SVC,combined,pr,0.9990789069696039,0.8408268733850129,0.03923051860777662
SVC,combined,pr,0.9990789069696039,0.8410441974670457,0.03925331567699402
SVC,combined,pr,0.9990789069696039,0.8412616339193382,0.039373279996666684
SVC,combined,pr,0.9990789069696039,0.8414791828290664,0.03938890580828947
SVC,combined,pr,0.9990789069696039,0.8416968442834971,0.039739166106855246
SVC,combined,pr,0.9990789069696039,0.841914618369987,0.03981718012801306
SVC,combined,pr,0.9990789069696039,0.8421325051759835,0.03983935265515442
SVC,combined,pr,0.9990789069696039,0.8423505047890241,0.039993268143459944
SVC,combined,pr,0.9990789069696039,0.8425686172967375,0.040187521576320516
SVC,combined,pr,0.9990789069696039,0.8427868427868428,0.04044249004733597
SVC,combined,pr,0.9990789069696039,0.8430051813471503,0.04073322658558596
SVC,combined,pr,0.9990789069696039,0.843223633065561,0.04098633591145558
SVC,combined,pr,0.9990789069696039,0.8434421980300674,0.04105697896748818
SVC,combined,pr,0.9990789069696039,0.8436608763287529,0.04107041455636281
SVC,combined,pr,0.9990789069696039,0.8438796680497925,0.041123548751207654
SVC,combined,pr,0.9990789069696039,0.8440985732814527,0.04113441264642089
SVC,combined,pr,0.9990789069696039,0.8443175921120913,0.04125337167600581
SVC,combined,pr,0.9990789069696039,0.8445367246301583,0.04149750321614131
SVC,combined,pr,0.9990789069696039,0.8447559709241952,0.04160874393506864
SVC,combined,pr,0.9990789069696039,0.8449753310828356,0.04164467157475049
SVC,combined,pr,0.9990789069696039,0.8451948051948052,0.04165201041711453
SVC,combined,pr,0.9990789069696039,0.8454143933489218,0.04165571358309187
SVC,combined,pr,0.9990789069696039,0.8456340956340956,0.0419159552251743
SVC,combined,pr,0.9990789069696039,0.8458539121393294,0.04195977944567725
SVC,combined,pr,0.9990789069696039,0.8460738429537181,0.042045503681080065
SVC,combined,pr,0.9990789069696039,0.8462938881664499,0.042082329010392126
SVC,combined,pr,0.9990789069696039,0.8465140478668054,0.04213205365883758
SVC,combined,pr,0.9990789069696039,0.8467343221441582,0.04252880344885021
SVC,combined,pr,0.9990789069696039,0.846954711087975,0.042652521149449736
SVC,combined,pr,0.9990789069696039,0.8471752147878157,0.04271681663007126
SVC,combined,pr,0.9990789069696039,0.8473958333333333,0.04279798755503262
SVC,combined,pr,0.9990789069696039,0.8476165668142746,0.0430621467325869
SVC,combined,pr,0.9990789069696039,0.8478374153204794,0.04312339174792692
SVC,combined,pr,0.9990789069696039,0.8480583789418816,0.04329701818030394
SVC,combined,pr,0.9990789069696039,0.8482794577685089,0.043401330170795366
SVC,combined,pr,0.9990789069696039,0.8485006518904824,0.04344729890209609
SVC,combined,pr,0.9990789069696039,0.8487219613980177,0.04412325728980893
SVC,combined,pr,0.9990789069696039,0.8489433863814245,0.04413255664496
SVC,combined,pr,0.9990789069696039,0.8491649269311065,0.04425677374847842
SVC,combined,pr,0.9990789069696039,0.849386583137562,0.044296420336101476
SVC,combined,pr,0.9990789069696039,0.8496083550913838,0.0443177060849669
SVC,combined,pr,0.9990789069696039,0.8498302428832594,0.04442169352832714
SVC,combined,pr,0.9990789069696039,0.8500522466039707,0.044464925203692766
SVC,combined,pr,0.9990789069696039,0.8502743663443951,0.0446275277771771
SVC,combined,pr,0.9990789069696039,0.8504966021955045,0.04469393504183852
SVC,combined,pr,0.9990789069696039,0.850718954248366,0.04470607492707133
SVC,combined,pr,0.9990789069696039,0.8509414225941423,0.044960288471660385
SVC,combined,pr,0.9990789069696039,0.851164007324091,0.04529399730551247
SVC,combined,pr,0.9990789069696039,0.8516095263020151,0.04529751388003889
SVC,combined,pr,0.9990789069696039,0.8518324607329842,0.045617986905808504
SVC,combined,pr,0.9990789069696039,0.8520555119141137,0.04573715251581439
SVC,combined,pr,0.9990789069696039,0.8522786799371399,0.04578652144013276
SVC,combined,pr,0.9990789069696039,0.8525019648938957,0.04582021246541996
SVC,combined,pr,0.9990789069696039,0.8527253668763103,0.045931348128213915
SVC,combined,pr,0.9990789069696039,0.8529488859764089,0.045993657272886894
SVC,combined,pr,0.9990789069696039,0.8531725222863136,0.0460798134546255
SVC,combined,pr,0.9990789069696039,0.8533962758982429,0.04612496876612148
SVC,combined,pr,0.9990789069696039,0.853620146904512,0.04624333405882852
SVC,combined,pr,0.9990789069696039,0.8538441353975335,0.04641597722110457
SVC,combined,pr,0.9990789069696039,0.8540682414698163,0.0464827540055141
SVC,combined,pr,0.9990789069696039,0.854292465213967,0.0464853588820603
SVC,combined,pr,0.9990789069696039,0.854516806722689,0.046692123062160244
SVC,combined,pr,0.9990789069696039,0.8547412660887839,0.04682106983670675
SVC,combined,pr,0.9990789069696039,0.8549658434051498,0.046864208638231486
SVC,combined,pr,0.9990789069696039,0.8551905387647831,0.04686631075458772
SVC,combined,pr,0.9990789069696039,0.8554153522607781,0.04707678059912945
SVC,combined,pr,0.9990789069696039,0.8556402839863266,0.04717724411145116
SVC,combined,pr,0.9990789069696039,0.8558653340347185,0.04719801564735302
SVC,combined,pr,0.9990789069696039,0.8560905024993423,0.047302653039995805
SVC,combined,pr,0.9990789069696039,0.8563157894736843,0.04733058660648653
SVC,combined,pr,0.9990789069696039,0.8565411950513293,0.047334579152920615
SVC,combined,pr,0.9990789069696039,0.856766719325961,0.047676766250051655
SVC,combined,pr,0.9990789069696039,0.8569923623913616,0.04769319883237729
SVC,combined,pr,0.9990789069696039,0.857218124341412,0.04776201318783716
SVC,combined,pr,0.9990789069696039,0.8574440052700922,0.047791896553750796
SVC,combined,pr,0.9990789069696039,0.8576700052714813,0.0479927833102781
SVC,combined,pr,0.9990789069696039,0.8578961244397575,0.04815054919062021
SVC,combined,pr,0.9990789069696039,0.8581223628691983,0.04816974305235177
SVC,combined,pr,0.9990789069696039,0.858348720654181,0.04835460624560863
SVC,combined,pr,0.9990789069696039,0.858575197889182,0.04848922792504812
SVC,combined,pr,0.9990789069696039,0.858801794668778,0.048719752290546335
SVC,combined,pr,0.9990789069696039,0.8590285110876452,0.04881304818835216
SVC,combined,pr,0.9990789069696039,0.8592553472405599,0.04885634148928214
SVC,combined,pr,0.9990789069696039,0.8594823032223983,0.04898084201377303
SVC,combined,pr,0.9990789069696039,0.8597093791281374,0.049028880196161216
SVC,combined,pr,0.9990789069696039,0.8599365750528541,0.0490321042099876
SVC,combined,pr,0.9990789069696039,0.8601638910917262,0.04905819093362033
SVC,combined,pr,0.9990789069696039,0.8603913273400318,0.04913675107607982
SVC,combined,pr,0.9990789069696039,0.86061888389315,0.04935023999097791
SVC,combined,pr,0.9990789069696039,0.8608465608465609,0.049947928930070655
SVC,combined,pr,0.9990789069696039,0.8610743582958454,0.049999977045250686
SVC,combined,pr,0.9990789069696039,0.8613022763366861,0.05007201238649666
SVC,combined,pr,0.9990789069696039,0.8615303150648663,0.050343701001316944
SVC,combined,pr,0.9990789069696039,0.8617584745762712,0.050482498718199535
SVC,combined,pr,0.9990789069696039,0.8619867549668874,0.05048995257040317
SVC,combined,pr,0.9990789069696039,0.8622151563328034,0.050743099019119185
SVC,combined,pr,0.9990789069696039,0.8624436787702093,0.05086854031783936
SVC,combined,pr,0.9990789069696039,0.8626723223753977,0.050973380635644334
SVC,combined,pr,0.9990789069696039,0.8629010872447627,0.05099687421343485
SVC,combined,pr,0.9990789069696039,0.863129973474801,0.05105502174784884
SVC,combined,pr,0.9990789069696039,0.863358981162112,0.05111492320534065
SVC,combined,pr,0.9990789069696039,0.863588110403397,0.051510037260658705
SVC,combined,pr,0.9990789069696039,0.8638173612954606,0.05166280217735129
SVC,combined,pr,0.9990789069696039,0.8640467339352098,0.051747835232215766
SVC,combined,pr,0.9990789069696039,0.8642762284196547,0.05191217497404696
SVC,combined,pr,0.9990789069696039,0.8645058448459086,0.051970245473700126
SVC,combined,pr,0.9990789069696039,0.8647355833111878,0.05235884064676841
SVC,combined,pr,0.9990789069696039,0.8649654439128124,0.05248955714724892
SVC,combined,pr,0.9990789069696039,0.8651954267482053,0.05278237629770204
SVC,combined,pr,0.9990789069696039,0.8654255319148936,0.0529424509008804
SVC,combined,pr,0.9990789069696039,0.8656557595105081,0.053031925359474645
SVC,combined,pr,0.9990789069696039,0.8661165823795581,0.053193860104842706
SVC,combined,pr,0.9990789069696039,0.8663471778487752,0.05378590976069746
SVC,combined,pr,0.9990789069696039,0.866577896138482,0.05404005621445781
SVC,combined,pr,0.9990789069696039,0.8668087373468301,0.054120025254183884
SVC,combined,pr,0.9990789069696039,0.8670397015720757,0.05429613141192414
SVC,combined,pr,0.9990789069696039,0.8672707889125799,0.05455106991331373
SVC,combined,pr,0.9990789069696039,0.8675019994668088,0.05458661383100758
SVC,combined,pr,0.9990789069696039,0.8677333333333334,0.05474703281820203
SVC,combined,pr,0.9990789069696039,0.8679647906108295,0.05479301176801148
SVC,combined,pr,0.9990789069696039,0.8681963713980789,0.05481475155120045
SVC,combined,pr,0.9990789069696039,0.8684280757939685,0.054882386703420084
SVC,combined,pr,0.9990789069696039,0.8686599038974907,0.05501115674350754
SVC,combined,pr,0.9990789069696039,0.8688918558077436,0.055072360818761025
SVC,combined,pr,0.9990789069696039,0.8691239316239316,0.05508867914207304
SVC,combined,pr,0.9990789069696039,0.8693561314453647,0.055152223515983256
SVC,combined,pr,0.9990789069696039,0.8695884553714591,0.05536446533926025
SVC,combined,pr,0.9990789069696039,0.8698209035017375,0.05538597820325567
SVC,combined,pr,0.9990789069696039,0.8700534759358288,0.05559870206185816
SVC,combined,pr,0.9990789069696039,0.8702861727734689,0.05567314358711677
SVC,combined,pr,0.9990789069696039,0.8705189941144997,0.056201833817426716
SVC,combined,pr,0.9990789069696039,0.8707519400588708,0.05626510197289893
SVC,combined,pr,0.9990789069696039,0.8709850107066381,0.056364701806420746
SVC,combined,pr,0.9990789069696039,0.8712182061579652,0.05671171760006438
SVC,combined,pr,0.9990789069696039,0.8714515265131226,0.05680143989822765
SVC,combined,pr,0.9990789069696039,0.8716849718724886,0.05714562926375871
SVC,combined,pr,0.9990789069696039,0.8719185423365488,0.0571749561916437
SVC,combined,pr,0.9990789069696039,0.8721522380058966,0.05725302657191148
SVC,combined,pr,0.9990789069696039,0.8723860589812332,0.05734460080413469
SVC,combined,pr,0.9990789069696039,0.8726200053633681,0.05747473919340191
SVC,combined,pr,0.9990789069696039,0.8728540772532188,0.05757319351201088
SVC,combined,pr,0.9990789069696039,0.873088274751811,0.0575853780185285
SVC,combined,pr,0.9990789069696039,0.8733225979602791,0.057608715776969244
SVC,combined,pr,0.9990789069696039,0.8735570469798658,0.057898845115759545
SVC,combined,pr,0.9990789069696039,0.8737916219119226,0.05800268062922551
SVC,combined,pr,0.9990789069696039,0.8740263228579103,0.05817735810609929
SVC,combined,pr,0.9990789069696039,0.8742611499193982,0.058391154329403144
SVC,combined,pr,0.9990789069696039,0.874496103198065,0.058457288877038355
SVC,combined,pr,0.9990789069696039,0.874731182795699,0.05880373285731607
SVC,combined,pr,0.9990789069696039,0.8749663888141974,0.05884530658871007
SVC,combined,pr,0.9990789069696039,0.8752017213555675,0.05898465110847765
SVC,combined,pr,0.9990789069696039,0.8754371805219263,0.059235452007541926
SVC,combined,pr,0.9990789069696039,0.8756727664155005,0.05924921269779191
SVC,combined,pr,0.9990789069696039,0.8759084791386272,0.059273893534868616
SVC,combined,pr,0.9990789069696039,0.8761443187937533,0.05935771578551088
SVC,combined,pr,0.9990789069696039,0.8763802854834366,0.060015371076269
SVC,combined,pr,0.9990789069696039,0.8766163793103449,0.06047021995669467
SVC,combined,pr,0.9990789069696039,0.8768526003772568,0.060526639815184725
SVC,combined,pr,0.9990789069696039,0.877088948787062,0.06090424530768574
SVC,combined,pr,0.9990789069696039,0.8773254246427609,0.06094724689600273
SVC,combined,pr,0.9990789069696039,0.877562028047465,0.06128569881537769
SVC,combined,pr,0.9990789069696039,0.8777987591043971,0.06148894218510317
SVC,combined,pr,0.9990789069696039,0.8780356179168916,0.06172445070413759
SVC,combined,pr,0.9990789069696039,0.8782726045883941,0.06178815061790621
SVC,combined,pr,0.9990789069696039,0.8785097192224622,0.06248736762767607
SVC,combined,pr,0.9990789069696039,0.8787469619227654,0.0625380440579361
SVC,combined,pr,0.9990789069696039,0.8789843327930849,0.0625603435203698
SVC,combined,pr,0.9990789069696039,0.8792218319373143,0.06262687557108282
SVC,combined,pr,0.9990789069696039,0.8794594594594595,0.06298818765989063
SVC,combined,pr,0.9990789069696039,0.8796972154636388,0.06442697054606032
SVC,combined,pr,0.9990789069696039,0.8799351000540833,0.06451339582195988
SVC,combined,pr,0.9990789069696039,0.8801731133351366,0.0645365535654247
SVC,combined,pr,0.9990789069696039,0.8804112554112554,0.0645428839231711
SVC,combined,pr,0.9990789069696039,0.8806495263870094,0.0645739312972436
SVC,combined,pr,0.9990789069696039,0.8808879263670818,0.06514711023471033
SVC,combined,pr,0.9990789069696039,0.8811264554562687,0.06516610668988838
SVC,combined,pr,0.9990789069696039,0.8813651137594799,0.06538990872156154
SVC,combined,pr,0.9990789069696039,0.8816039013817394,0.06547949677330765
SVC,combined,pr,0.9990789069696039,0.8818428184281842,0.06551403778570719
SVC,combined,pr,0.9990789069696039,0.8820818650040662,0.06565777880571144
SVC,combined,pr,0.9990789069696039,0.8823210412147505,0.06605276137557602
SVC,combined,pr,0.9990789069696039,0.8825603471657174,0.06642145339410314
SVC,combined,pr,0.9990789069696039,0.882799782962561,0.06665011093379704
SVC,combined,pr,0.9990789069696039,0.8830393487109905,0.06693726550764219
SVC,combined,pr,0.9990789069696039,0.8832790445168295,0.06714899204795703
SVC,combined,pr,0.9990789069696039,0.8835188704860168,0.06735390641161852
SVC,combined,pr,0.9990789069696039,0.8837588267246062,0.06763823928130165
SVC,combined,pr,0.9990789069696039,0.8839989133387667,0.06786743531041807
SVC,combined,pr,0.9990789069696039,0.8842391304347826,0.06793117407606585
SVC,combined,pr,0.9990789069696039,0.8844794781190541,0.06803081989734844
SVC,combined,pr,0.9990789069696039,0.8847199564980968,0.06807216418887564
SVC,combined,pr,0.9990789069696039,0.8849605656785423,0.06813422183850709
SVC,combined,pr,0.9990789069696039,0.8852013057671382,0.06843157148040331
SVC,combined,pr,0.9990789069696039,0.8854421768707483,0.06849472401620123
SVC,combined,pr,0.9990789069696039,0.8856831790963527,0.0685262079479253
SVC,combined,pr,0.9990789069696039,0.8859243125510482,0.0686081235564433
SVC,combined,pr,0.9990789069696039,0.8861655773420479,0.06866442104052876
SVC,combined,pr,0.9990789069696039,0.8864069735766821,0.06870516286960666
SVC,combined,pr,0.9990789069696039,0.8866485013623978,0.0690247810801078
SVC,combined,pr,0.9990789069696039,0.8868901608067593,0.06926248982487347
SVC,combined,pr,0.9990789069696039,0.8871319520174482,0.06929049137200884
SVC,combined,pr,0.9990789069696039,0.8873738751022634,0.06940452703337212
SVC,combined,pr,0.9990789069696039,0.8876159301691217,0.06944263324182963
SVC,combined,pr,0.9990789069696039,0.8878581173260574,0.06982366793374555
SVC,combined,pr,0.9990789069696039,0.8881004366812227,0.07000863544141527
SVC,combined,pr,0.9990789069696039,0.8883428883428883,0.07022558581663327
SVC,combined,pr,0.9990789069696039,0.888585472419443,0.07048893141093297
SVC,combined,pr,0.9990789069696039,0.8888281890193936,0.07065305377157186
SVC,combined,pr,0.9990789069696039,0.8890710382513661,0.07082932680226726
SVC,combined,pr,0.9990789069696039,0.889314020224105,0.07091272154454874
SVC,combined,pr,0.9990789069696039,0.8895571350464735,0.07121927941194282
SVC,combined,pr,0.9990789069696039,0.8898003828274542,0.07130747802883981
SVC,combined,pr,0.9990789069696039,0.8900437636761488,0.07197308561300123
SVC,combined,pr,0.9990789069696039,0.8902872777017784,0.07249764488126294
SVC,combined,pr,0.9990789069696039,0.8905309250136836,0.07304080219609908
SVC,combined,pr,0.9990789069696039,0.8907747057213249,0.07315815682318981
SVC,combined,pr,0.9990789069696039,0.8910186199342826,0.07350114248167529
SVC,combined,pr,0.9990789069696039,0.8912626677622569,0.07410104288913676
SVC,combined,pr,0.9990789069696039,0.8915068493150685,0.07460900341386906
SVC,combined,pr,0.9990789069696039,0.8917511647026582,0.07477266632976494
SVC,combined,pr,0.9990789069696039,0.8919956140350878,0.07573242430261436
SVC,combined,pr,0.9990789069696039,0.8922401974225391,0.07606802162555636
SVC,combined,pr,0.9990789069696039,0.8924849149753155,0.07617325014169807
SVC,combined,pr,0.9990789069696039,0.8927297668038409,0.07625598217834018
SVC,combined,pr,0.9990789069696039,0.8929747530186608,0.07634434730667901
SVC,combined,pr,0.9990789069696039,0.893219873730442,0.0763459488467612
SVC,combined,pr,0.9990789069696039,0.8934651290499726,0.0764185705965486
SVC,combined,pr,0.9990789069696039,0.8937105190881626,0.07643891878275148
SVC,combined,pr,0.9990789069696039,0.893956043956044,0.07696153200410939
SVC,combined,pr,0.9990789069696039,0.8942017037647706,0.07734081818599768
SVC,combined,pr,0.9990789069696039,0.8944474986256185,0.0781094300539859
SVC,combined,pr,0.9990789069696039,0.8946934286499862,0.07828273536987555
SVC,combined,pr,0.9990789069696039,0.894939493949395,0.07870064694480425
SVC,combined,pr,0.9990789069696039,0.8951856946354884,0.07914706968598205
SVC,combined,pr,0.9990789069696039,0.895432030820033,0.07939544056951632
SVC,combined,pr,0.9990789069696039,0.8956785026149188,0.07946698018655107
SVC,combined,pr,0.9990789069696039,0.8959251101321586,0.0802003664657961
SVC,combined,pr,0.9990789069696039,0.8961718534838887,0.0802501880578315
SVC,combined,pr,0.9990789069696039,0.8964187327823692,0.08069875058027413
SVC,combined,pr,0.9990789069696039,0.8966657481399835,0.08088636821087271
SVC,combined,pr,0.9990789069696039,0.8969128996692393,0.0812127558206126
SVC,combined,pr,0.9990789069696039,0.8971601874827682,0.08129991348322411
SVC,combined,pr,0.9990789069696039,0.897407611693326,0.0813202270645419
SVC,combined,pr,0.9990789069696039,0.8976551724137931,0.08173399888758011
SVC,combined,pr,0.9990789069696039,0.8979028697571744,0.0819795636256071
SVC,combined,pr,0.9990789069696039,0.8981507038365995,0.08262600840091121
SVC,combined,pr,0.9990789069696039,0.898398674765323,0.08385508210331923
SVC,combined,pr,0.9990789069696039,0.8986467826567247,0.08391698634154733
SVC,combined,pr,0.9990789069696039,0.8988950276243094,0.08430606629086577
SVC,combined,pr,0.9990789069696039,0.8991434097817077,0.08459571446873555
SVC,combined,pr,0.9990789069696039,0.8993919292426755,0.08460275676804437
SVC,combined,pr,0.9990789069696039,0.8996405861210949,0.08472398348432587
SVC,combined,pr,0.9990789069696039,0.8998893805309734,0.08486233449436133
SVC,combined,pr,0.9990789069696039,0.9001383125864454,0.08499435666143389
SVC,combined,pr,0.9990789069696039,0.9003873824017709,0.08512124081002938
SVC,combined,pr,0.9990789069696039,0.9006365900913368,0.08580196097127278
SVC,combined,pr,0.9990789069696039,0.9008859357696567,0.08692257818028885
SVC,combined,pr,0.9990789069696039,0.9011354195513708,0.08702162392634022
SVC,combined,pr,0.9990789069696039,0.9013850415512465,0.08760882040206637
SVC,combined,pr,0.9990789069696039,0.9016348018841784,0.08771558199964923
SVC,combined,pr,0.9990789069696039,0.9018847006651884,0.08789907788239748
SVC,combined,pr,0.9990789069696039,0.9021347380094261,0.09026431386912599
SVC,combined,pr,0.9990789069696039,0.9023849140321686,0.09028621746306165
SVC,combined,pr,0.9990789069696039,0.9026352288488211,0.09106461812743026
SVC,combined,pr,0.9990789069696039,0.9028856825749167,0.09153994943626365
SVC,combined,pr,0.9990789069696039,0.9031362753261172,0.09154387861689357
SVC,combined,pr,0.9990789069696039,0.9033870072182121,0.09189018121688919
SVC,combined,pr,0.9990789069696039,0.9036378783671203,0.09255332280621954
SVC,combined,pr,0.9990789069696039,0.9038888888888889,0.09278538414939032
SVC,combined,pr,0.9990789069696039,0.9041400388996944,0.09300818458361194
SVC,combined,pr,0.9990789069696039,0.9043913285158421,0.09301477589415087
SVC,combined,pr,0.9990789069696039,0.904642757853767,0.09313107517450041
SVC,combined,pr,0.9990789069696039,0.9048943270300334,0.09322015416151565
SVC,combined,pr,0.9990789069696039,0.9051460361613352,0.09333633798870329
SVC,combined,pr,0.9990789069696039,0.9053978853644964,0.09372025031513072
SVC,combined,pr,0.9990789069696039,0.905649874756471,0.09375712020324951
SVC,combined,pr,0.9990789069696039,0.905902004454343,0.09376570463892585
SVC,combined,pr,0.9990789069696039,0.9061542745753272,0.09422418231781031
SVC,combined,pr,0.9990789069696039,0.9064066852367688,0.0951602910037882
SVC,combined,pr,0.9990789069696039,0.9066592365561438,0.09523073903609497
SVC,combined,pr,0.9990789069696039,0.9069119286510591,0.09673729091549184
SVC,combined,pr,0.9990789069696039,0.9071647616392529,0.09697434322455974
SVC,combined,pr,0.9990789069696039,0.9074177356385945,0.09707208610035056
SVC,combined,pr,0.9990789069696039,0.9076708507670851,0.09768878330453025
SVC,combined,pr,0.9990789069696039,0.9079241071428571,0.0979223264191716
SVC,combined,pr,0.9990789069696039,0.9081775048841753,0.09810047787703054
SVC,combined,pr,0.9990789069696039,0.9084310441094361,0.0987325504916362
SVC,combined,pr,0.9990789069696039,0.9086847249371683,0.09875832277099006
SVC,combined,pr,0.9990789069696039,0.9089385474860335,0.10055832944654552
SVC,combined,pr,0.9990789069696039,0.9091925118748254,0.10057200222303808
SVC,combined,pr,0.9990789069696039,0.9094466182224706,0.10095484243155207
SVC,combined,pr,0.9990789069696039,0.9097008666480291,0.10159551647831211
SVC,combined,pr,0.9990789069696039,0.9099552572706935,0.10204980411496149
SVC,combined,pr,0.9990789069696039,0.9102097902097902,0.10239337526899288
SVC,combined,pr,0.9990789069696039,0.910464465584779,0.10242226653180042
SVC,combined,pr,0.9990789069696039,0.9107192835152533,0.10282228181087888
SVC,combined,pr,0.9990789069696039,0.9109742441209406,0.10404232510685509
SVC,combined,pr,0.9990789069696039,0.9112293475217026,0.10480639792552687
SVC,combined,pr,0.9990789069696039,0.911484593837535,0.10492432602099276
SVC,combined,pr,0.9990789069696039,0.9117399831885682,0.10511711005000253
SVC,combined,pr,0.9990789069696039,0.9119955156950673,0.10539055277583283
SVC,combined,pr,0.9990789069696039,0.912251191477432,0.10542550412425926
SVC,combined,pr,0.9990789069696039,0.9125070106561974,0.10543981591173934
SVC,combined,pr,0.9990789069696039,0.9127629733520337,0.1055720695293157
SVC,combined,pr,0.9990789069696039,0.9130190796857464,0.10559453821428906
SVC,combined,pr,0.9990789069696039,0.9132753297782767,0.10578698604738195
SVC,combined,pr,0.9990789069696039,0.9135317237507019,0.10642428410529974
SVC,combined,pr,0.9990789069696039,0.9137882617242348,0.10748186886082005
SVC,combined,pr,0.9990789069696039,0.9140449438202247,0.10795439739913602
SVC,combined,pr,0.9990789069696039,0.9143017701601573,0.10845082936194898
SVC,combined,pr,0.9990789069696039,0.9145587408656549,0.1090735059914595
SVC,combined,pr,0.9990789069696039,0.9148158560584763,0.10934600873856111
SVC,combined,pr,0.9990789069696039,0.9150731158605174,0.10975998925036477
SVC,combined,pr,0.9990789069696039,0.9153305203938116,0.11008346471279788
SVC,combined,pr,0.9990789069696039,0.915588069780529,0.11043549938852916
SVC,combined,pr,0.9990789069696039,0.9158457641429778,0.110751643624879
SVC,combined,pr,0.9990789069696039,0.9161036036036037,0.11108635634608925
SVC,combined,pr,0.9990789069696039,0.9163615882849901,0.11121229195689557
SVC,combined,pr,0.9990789069696039,0.9166197183098591,0.11124455339518781
SVC,combined,pr,0.9990789069696039,0.9168779938010707,0.1117723725586211
SVC,combined,pr,0.9990789069696039,0.9171364148816235,0.11278062402648943
SVC,combined,pr,0.9990789069696039,0.9173949816746546,0.11282635469236953
SVC,combined,pr,0.9990789069696039,0.9176536943034405,0.11386423381234068
SVC,combined,pr,0.9990789069696039,0.9179125528913963,0.11421675705197792
SVC,combined,pr,0.9990789069696039,0.9181715575620768,0.11425025496786777
SVC,combined,pr,0.9990789069696039,0.9184307084391758,0.11425101301998163
SVC,combined,pr,0.9990789069696039,0.9186900056465274,0.11428583931183883
SVC,combined,pr,0.9990789069696039,0.9189494493081051,0.11661510513393876
SVC,combined,pr,0.9990789069696039,0.9192090395480226,0.11688361613346425
SVC,combined,pr,0.9990789069696039,0.919468776490534,0.11730898344881695
SVC,combined,pr,0.9990789069696039,0.919728660260034,0.11780034550113395
SVC,combined,pr,0.9990789069696039,0.9199886909810574,0.1178902407903863
SVC,combined,pr,0.9990789069696039,0.9202488687782805,0.11800140688427196
SVC,combined,pr,0.9990789069696039,0.9205091937765205,0.11814902595751316
SVC,combined,pr,0.9990789069696039,0.9207696661007357,0.11830478473043893
SVC,combined,pr,0.9990789069696039,0.9210302858760261,0.11842611272049047
SVC,combined,pr,0.9990789069696039,0.921291053227633,0.11847129004103589
SVC,combined,pr,0.9990789069696039,0.9215519682809402,0.1186076469121027
SVC,combined,pr,0.9990789069696039,0.9218130311614731,0.11875638517060678
SVC,combined,pr,0.9990789069696039,0.9220742419948994,0.11879763600608967
SVC,combined,pr,0.9990789069696039,0.9223356009070295,0.1195835344511857
SVC,combined,pr,0.9990789069696039,0.9225971080238162,0.11972610751483426
SVC,combined,pr,0.9990789069696039,0.9228587634713556,0.12057038425843414
SVC,combined,pr,0.9990789069696039,0.9231205673758865,0.12121384330378719
SVC,combined,pr,0.9990789069696039,0.9233825198637912,0.12148365452348742
SVC,combined,pr,0.9990789069696039,0.9236446210615953,0.12197855848406676
SVC,combined,pr,0.9990789069696039,0.9239068710959683,0.12239116369389665
SVC,combined,pr,0.9990789069696039,0.9241692700937234,0.1229453539550802
SVC,combined,pr,0.9990789069696039,0.9244318181818182,0.1231619653783939
SVC,combined,pr,0.9990789069696039,0.9246945154873544,0.12323493728570734
SVC,combined,pr,0.9990789069696039,0.9249573621375782,0.12449796506242057
SVC,combined,pr,0.9990789069696039,0.9252203582598806,0.12461032888183836
SVC,combined,pr,0.9990789069696039,0.9254835039817975,0.12488415495809828
SVC,combined,pr,0.9990789069696039,0.9257467994310099,0.12653567543264307
SVC,combined,pr,0.9990789069696039,0.9260102447353443,0.12697374111991303
SVC,combined,pr,0.9990789069696039,0.9262738400227726,0.1270825996307868
SVC,combined,pr,0.9990789069696039,0.9265375854214123,0.12839069643127998
SVC,combined,pr,0.9990789069696039,0.9268014810595272,0.1289375538756799
SVC,combined,pr,0.9990789069696039,0.927065527065527,0.1293713536732707
SVC,combined,pr,0.9990789069696039,0.9273297235679681,0.12958835087703835
SVC,combined,pr,0.9990789069696039,0.927594070695553,0.1301281613407211
SVC,combined,pr,0.9990789069696039,0.9278585685771314,0.13256569110292582
SVC,combined,pr,0.9990789069696039,0.9281232173416999,0.13257561796384243
SVC,combined,pr,0.9990789069696039,0.9283880171184022,0.13263429093386128
SVC,combined,pr,0.9990789069696039,0.9286529680365296,0.13279954516960615
SVC,combined,pr,0.9990789069696039,0.928918070225521,0.13302461732877105
SVC,combined,pr,0.9990789069696039,0.9291833238149628,0.13329599574428255
SVC,combined,pr,0.9990789069696039,0.9294487289345901,0.13358272866556184
SVC,combined,pr,0.9990789069696039,0.9297142857142857,0.13399212420099427
SVC,combined,pr,0.9990789069696039,0.9299799942840812,0.13426664506194858
SVC,combined,pr,0.9990789069696039,0.9302458547741567,0.13466105164285025
SVC,combined,pr,0.9990789069696039,0.9305118673148413,0.1354623238939119
SVC,combined,pr,0.9990789069696039,0.9307780320366132,0.1357761777397334
SVC,combined,pr,0.9990789069696039,0.9310443490701001,0.13754812132983338
SVC,combined,pr,0.9990789069696039,0.931310818546079,0.13915896004742842
SVC,combined,pr,0.9990789069696039,0.93184421534937,0.13993414178590924
SVC,combined,pr,0.9990789069696039,0.932111142938986,0.14070765462109622
SVC,combined,pr,0.9990789069696039,0.932378223495702,0.14164464609909153
SVC,combined,pr,0.9990789069696039,0.9326454571510462,0.14240476893663742
SVC,combined,pr,0.9990789069696039,0.9329128440366973,0.1428589192779189
SVC,combined,pr,0.9990789069696039,0.9331803842844852,0.14287285276257725
SVC,combined,pr,0.9990789069696039,0.9334480780263913,0.14321542069724982
SVC,combined,pr,0.9990789069696039,0.9337159253945481,0.14324230156450093
SVC,combined,pr,0.9990789069696039,0.93398392652124,0.14462260012143432
SVC,combined,pr,0.9990789069696039,0.9342520815389033,0.14532423827577456
SVC,combined,pr,0.9990789069696039,0.9345203905801264,0.14787872810402738
SVC,combined,pr,0.9990789069696039,0.9347888537776501,0.14874483803834274
SVC,combined,pr,0.9990789069696039,0.9350574712643678,0.14904746499873436
SVC,combined,pr,0.9990789069696039,0.9353262431733257,0.14905955468888563
SVC,combined,pr,0.9990789069696039,0.9355951696377228,0.1492300848532289
SVC,combined,pr,0.9990789069696039,0.9358642507909117,0.1495925708340522
SVC,combined,pr,0.9990789069696039,0.9361334867663982,0.15067737264610845
SVC,combined,pr,0.9990789069696039,0.9366724237190558,0.15259859942939563
SVC,combined,pr,0.9990789069696039,0.9369421249640081,0.15440255186065263
SVC,combined,pr,0.9990789069696039,0.9372119815668203,0.15634083062371326
SVC,combined,pr,0.9990789069696039,0.937481993661769,0.1566786851836608
SVC,combined,pr,0.9990789069696039,0.9377521613832853,0.1586057050034545
SVC,combined,pr,0.9990789069696039,0.9380224848659556,0.16131495034198348
SVC,combined,pr,0.9990789069696039,0.9382929642445214,0.16213421298052114
SVC,combined,pr,0.9990789069696039,0.9385635996538795,0.16376740671130935
SVC,combined,pr,0.9990789069696039,0.9388343912290825,0.1658983560938415
SVC,combined,pr,0.9990789069696039,0.9391053391053391,0.1674306048808928
SVC,combined,pr,0.9990789069696039,0.9393764434180139,0.16759745389691014
SVC,combined,pr,0.9990789069696039,0.9396477043026278,0.16821648987646698
SVC,combined,pr,0.9990789069696039,0.9399191218948585,0.16864412903013637
SVC,combined,pr,0.9990789069696039,0.9401906963305403,0.17440570989886547
SVC,combined,pr,0.9990789069696039,0.9404624277456647,0.17484299737086162
SVC,combined,pr,0.9990789069696039,0.9407343162763805,0.17498309971605633
SVC,combined,pr,0.9990789069696039,0.9410063620589937,0.17727697883467233
SVC,combined,pr,0.9990789069696039,0.9412785652299682,0.17832142351947167
SVC,combined,pr,0.9990789069696039,0.9415509259259259,0.178427922482569
SVC,combined,pr,0.9987718759594719,0.941534008683068,0.17941351739635872
SVC,combined,pr,0.9987718759594719,0.9418066010422699,0.17970320590580444
SVC,combined,pr,0.9987718759594719,0.9420793512887344,0.18212967182482095
SVC,combined,pr,0.9987718759594719,0.9423522595596755,0.18353735828272402
SVC,combined,pr,0.9987718759594719,0.942625325992466,0.18374650105042922
SVC,combined,pr,0.9987718759594719,0.9428985507246377,0.18504094406690874
SVC,combined,pr,0.9987718759594719,0.9431719338938823,0.18543115132340138
SVC,combined,pr,0.9987718759594719,0.943445475638051,0.18669162263876182
SVC,combined,pr,0.9987718759594719,0.9437191760951552,0.18815748807917532
SVC,combined,pr,0.9987718759594719,0.9439930354033662,0.18902770628849652
SVC,combined,pr,0.9987718759594719,0.9442670537010159,0.1896268692095224
SVC,combined,pr,0.9987718759594719,0.9445412311265969,0.19021579114369705
SVC,combined,pr,0.9987718759594719,0.9448155678187627,0.19066201351858988
SVC,combined,pr,0.9987718759594719,0.9450900639163278,0.19146683688207702
SVC,combined,pr,0.9987718759594719,0.9456395348837209,0.19187989276348183
SVC,combined,pr,0.9987718759594719,0.945914510031986,0.19449790908243458
SVC,combined,pr,0.9987718759594719,0.9461896451425247,0.1946712055224693
SVC,combined,pr,0.9987718759594719,0.9464649403549608,0.19491210357870425
SVC,combined,pr,0.9987718759594719,0.9470160116448326,0.19499000285649226
SVC,combined,pr,0.9987718759594719,0.9472917880023296,0.19529255602202766
SVC,combined,pr,0.9987718759594719,0.9475677250218468,0.1953429707463661
SVC,combined,pr,0.9987718759594719,0.9478438228438228,0.19651409524726046
SVC,combined,pr,0.9987718759594719,0.9481200816088604,0.197946748490212
SVC,combined,pr,0.9987718759594719,0.9483965014577259,0.19820977989434618
SVC,combined,pr,0.9987718759594719,0.9486730825313503,0.20010866421078768
SVC,combined,pr,0.9987718759594719,0.9489498249708285,0.200453274108068
SVC,combined,pr,0.9987718759594719,0.9492267289174204,0.20098367202814946
SVC,combined,pr,0.9987718759594719,0.9495037945125511,0.20210650114697457
SVC,combined,pr,0.9987718759594719,0.9497810218978102,0.20323659041058686
SVC,combined,pr,0.9987718759594719,0.9500584112149533,0.20376202460133822
SVC,combined,pr,0.9987718759594719,0.9503359626059013,0.2050889185120628
SVC,combined,pr,0.9987718759594719,0.9506136762127411,0.20649441767163698
SVC,combined,pr,0.9987718759594719,0.9508915521777258,0.20686314798177877
SVC,combined,pr,0.9987718759594719,0.9511695906432749,0.2089212464168532
SVC,combined,pr,0.9987718759594719,0.9514477917519742,0.21108935342204638
SVC,combined,pr,0.9987718759594719,0.9517261556465769,0.21167603646903266
SVC,combined,pr,0.9987718759594719,0.9520046824700029,0.2117243860651038
SVC,combined,pr,0.9987718759594719,0.9522833723653396,0.21255872355074776
SVC,combined,pr,0.9987718759594719,0.9525622254758419,0.21501850276247547
SVC,combined,pr,0.9987718759594719,0.9528412419449326,0.21524178738747643
SVC,combined,pr,0.9987718759594719,0.9531204219162027,0.21539333906035937
SVC,combined,pr,0.9987718759594719,0.9533997655334114,0.21664798028740648
SVC,combined,pr,0.9987718759594719,0.9536792729404867,0.21853602579634754
SVC,combined,pr,0.9987718759594719,0.953958944281525,0.2187480899888988
SVC,combined,pr,0.9987718759594719,0.9542387797007921,0.21957326889201523
SVC,combined,pr,0.9987718759594719,0.954518779342723,0.22081557387641162
SVC,combined,pr,0.9987718759594719,0.9547989433519225,0.2215017815576192
SVC,combined,pr,0.9987718759594719,0.955079271873165,0.2220551146895037
SVC,combined,pr,0.9987718759594719,0.955359765051395,0.2286528917684401
SVC,combined,pr,0.9987718759594719,0.9556404230317274,0.23064754284463662
SVC,combined,pr,0.9987718759594719,0.9559212459594475,0.23404183259151404
SVC,combined,pr,0.9987718759594719,0.9562022339800118,0.2378745643091853
SVC,combined,pr,0.9987718759594719,0.9564833872390474,0.23819194660466517
SVC,combined,pr,0.9987718759594719,0.956764705882353,0.2388215781426867
SVC,combined,pr,0.9987718759594719,0.9570461900558987,0.24551348940836804
SVC,combined,pr,0.9987718759594719,0.9573278399058269,0.2463643356150719
SVC,combined,pr,0.9987718759594719,0.9578916372202592,0.24674843990299436
SVC,combined,pr,0.9987718759594719,0.9581737849779087,0.2471647379988091
SVC,combined,pr,0.9987718759594719,0.9584560989982321,0.2482790626351237
SVC,combined,pr,0.9987718759594719,0.9587385794282346,0.25009225081570124
SVC,combined,pr,0.9987718759594719,0.9590212264150944,0.25159065225919447
SVC,combined,pr,0.9987718759594719,0.9593040401061633,0.25218471004394977
SVC,combined,pr,0.9987718759594719,0.9595870206489675,0.25306022296551295
SVC,combined,pr,0.9987718759594719,0.9598701681912069,0.2540263512577913
SVC,combined,pr,0.9987718759594719,0.9601534828807556,0.25603671916482323
SVC,combined,pr,0.9987718759594719,0.9604369648656629,0.25696516469215064
SVC,combined,pr,0.9987718759594719,0.9607206142941523,0.2618432717208983
SVC,combined,pr,0.9987718759594719,0.9612884160756501,0.2620545855993914
SVC,combined,pr,0.9987718759594719,0.9615725687259828,0.2622400284812671
SVC,combined,pr,0.9987718759594719,0.9618568894145476,0.2640598632295733
SVC,combined,pr,0.9987718759594719,0.9621413782904467,0.26996599013090034
SVC,combined,pr,0.9987718759594719,0.9624260355029586,0.2713187950132894
SVC,combined,pr,0.9987718759594719,0.9627108612015389,0.2716693977217668
SVC,combined,pr,0.9987718759594719,0.96299585553582,0.27339634652085304
SVC,combined,pr,0.9987718759594719,0.9632810186556114,0.2738317758608048
SVC,combined,pr,0.9987718759594719,0.9635663507109005,0.27531648912014317
SVC,combined,pr,0.9987718759594719,0.9638518518518518,0.27665560503095765
SVC,combined,pr,0.9987718759594719,0.9641375222288086,0.27730883563513536
SVC,combined,pr,0.9987718759594719,0.9644233619922917,0.2783426145209778
SVC,combined,pr,0.9987718759594719,0.9647093712930012,0.2787359126299653
SVC,combined,pr,0.9987718759594719,0.9649955502818155,0.2801165209157626
SVC,combined,pr,0.9987718759594719,0.9652818991097922,0.2815946323978092
SVC,combined,pr,0.9987718759594719,0.9655684179281686,0.2879493456594504
SVC,combined,pr,0.9987718759594719,0.9658551068883611,0.29006270138408424
SVC,combined,pr,0.9987718759594719,0.9664289958407606,0.2957275911729566
SVC,combined,pr,0.9987718759594719,0.9667161961367013,0.2988869084339758
SVC,combined,pr,0.9987718759594719,0.967291109128754,0.3023155379784737
SVC,combined,pr,0.9987718759594719,0.9675788221296847,0.3040243315274821
SVC,combined,pr,0.9987718759594719,0.9678667063373996,0.30483031727142945
SVC,combined,pr,0.9987718759594719,0.9681547619047619,0.30938196103614607
SVC,combined,pr,0.9987718759594719,0.968442988984817,0.310761705959643
SVC,combined,pr,0.9987718759594719,0.9687313877307921,0.3108020416442175
SVC,combined,pr,0.9987718759594719,0.9690199582960977,0.31236674867220976
SVC,combined,pr,0.9987718759594719,0.9693087008343266,0.31241744002305
SVC,combined,pr,0.9987718759594719,0.9695976154992548,0.3132133829130014
SVC,combined,pr,0.9987718759594719,0.969886702444842,0.3173559182450006
SVC,combined,pr,0.9987718759594719,0.9701759618252311,0.31862238443826846
SVC,combined,pr,0.9987718759594719,0.9704653937947494,0.31921071776525684
SVC,combined,pr,0.9987718759594719,0.9707549985079081,0.3205766114144695
SVC,combined,pr,0.9987718759594719,0.971044776119403,0.3215056456371846
SVC,combined,pr,0.9987718759594719,0.9713347267841147,0.32292197967714964
SVC,combined,pr,0.9987718759594719,0.9716248506571087,0.33081051260095046
SVC,combined,pr,0.9987718759594719,0.9719151478936361,0.331519796397403
SVC,combined,pr,0.9987718759594719,0.9722056186491332,0.3421460670295318
SVC,combined,pr,0.9987718759594719,0.9724962630792228,0.3432450874815938
SVC,combined,pr,0.9987718759594719,0.9727870813397129,0.34879724871043943
SVC,combined,pr,0.9987718759594719,0.9730780735865988,0.3516147744099523
SVC,combined,pr,0.9987718759594719,0.9733692399760623,0.35163916740329576
SVC,combined,pr,0.9987718759594719,0.9736605806644717,0.35276281419475136
SVC,combined,pr,0.9987718759594719,0.9739520958083833,0.356583496227386
SVC,combined,pr,0.9987718759594719,0.9742437855645403,0.3573311845475529
SVC,combined,pr,0.9987718759594719,0.9745356500898742,0.3631016342886488
SVC,combined,pr,0.9987718759594719,0.9748276895415043,0.36519878993823723
SVC,combined,pr,0.9987718759594719,0.9751199040767387,0.37758395481795376
SVC,combined,pr,0.9987718759594719,0.9754122938530735,0.3797335472228988
SVC,combined,pr,0.9987718759594719,0.9757048590281944,0.3808576376673621
SVC,combined,pr,0.9987718759594719,0.975997599759976,0.3828215295486912
SVC,combined,pr,0.9987718759594719,0.9762905162064826,0.3923092009627906
SVC,combined,pr,0.9987718759594719,0.9765836085259681,0.39490112740581074
SVC,combined,pr,0.9987718759594719,0.9768768768768769,0.3955878679842688
SVC,combined,pr,0.9987718759594719,0.9771703214178432,0.39672122973512375
SVC,combined,pr,0.9987718759594719,0.9774639423076923,0.39681622593186944
SVC,combined,pr,0.9987718759594719,0.9777577397054403,0.3976307777542501
SVC,combined,pr,0.9987718759594719,0.9780517137702947,0.3996365056497326
SVC,combined,pr,0.9987718759594719,0.9783458646616542,0.3998875252112928
SVC,combined,pr,0.9987718759594719,0.9786401925391095,0.4050122827537858
SVC,combined,pr,0.9987718759594719,0.9789346975624436,0.41171915718873936
SVC,combined,pr,0.9987718759594719,0.9792293798916315,0.4124908613582256
SVC,combined,pr,0.9987718759594719,0.9795242396868413,0.4245998012142525
SVC,combined,pr,0.9987718759594719,0.9798192771084338,0.4261342126942838
SVC,combined,pr,0.9987718759594719,0.9801144923169629,0.43161471433175524
SVC,combined,pr,0.9987718759594719,0.9804098854731766,0.43229961171432696
SVC,combined,pr,0.9987718759594719,0.9807054567380162,0.4359534086326782
SVC,combined,pr,0.9987718759594719,0.9810012062726177,0.4361688870065716
SVC,combined,pr,0.9987718759594719,0.9812971342383107,0.4397593465110707
SVC,combined,pr,0.9987718759594719,0.9815932407966204,0.4421573148467893
SVC,combined,pr,0.9987718759594719,0.9818895261092665,0.444651930154097
SVC,combined,pr,0.9987718759594719,0.9821859903381642,0.45008051842681146
SVC,combined,pr,0.9987718759594719,0.9824826336454243,0.45456857478099005
SVC,combined,pr,0.9987718759594719,0.9827794561933535,0.4633365064286877
SVC,combined,pr,0.9987718759594719,0.9830764581444545,0.482363365888648
SVC,combined,pr,0.9987718759594719,0.9833736396614269,0.48497839117817415
SVC,combined,pr,0.9987718759594719,0.9836710009071666,0.4877975045456197
SVC,combined,pr,0.9987718759594719,0.9839685420447671,0.4884293280024988
SVC,combined,pr,0.9984648449493398,0.9839636913767019,0.4896097067916545
SVC,combined,pr,0.9984648449493398,0.9842615012106537,0.4916699353082509
SVC,combined,pr,0.9984648449493398,0.9845594913714805,0.4928416164514308
SVC,combined,pr,0.9984648449493398,0.9848576620230164,0.49997043050256434
SVC,combined,pr,0.9984648449493398,0.9851560133292941,0.5013253378927668
SVC,combined,pr,0.9981578139392079,0.9851515151515151,0.5046671886429035
SVC,combined,pr,0.9981578139392079,0.9854501364049713,0.5110221401755936
SVC,combined,pr,0.9978507829290758,0.9854457246816253,0.5197980924757448
SVC,combined,pr,0.9975437519189438,0.9854413102820746,0.52009512268629
SVC,combined,pr,0.9975437519189438,0.9857402912621359,0.5203536196443185
SVC,combined,pr,0.9975437519189438,0.9860394537177541,0.5207876575498336
SVC,combined,pr,0.9975437519189438,0.9863387978142076,0.5218250700564354
SVC,combined,pr,0.9975437519189438,0.9866383237169754,0.5264605458171681
SVC,combined,pr,0.9975437519189438,0.9869380315917375,0.527824468020648
SVC,combined,pr,0.9975437519189438,0.9872379216043756,0.5316753280843503
SVC,combined,pr,0.9975437519189438,0.9875379939209726,0.5347137916304993
SVC,combined,pr,0.9975437519189438,0.9878382487078139,0.5358020187839588
SVC,combined,pr,0.9975437519189438,0.9881386861313869,0.554736840284848
SVC,combined,pr,0.9975437519189438,0.9884393063583815,0.5575137962332934
SVC,combined,pr,0.9975437519189438,0.9887401095556908,0.5630376799009541
SVC,combined,pr,0.9972367209088118,0.9887366818873669,0.5754196783581863
SVC,combined,pr,0.9972367209088118,0.9890377588306942,0.5824553137553399
SVC,combined,pr,0.9972367209088118,0.9893390191897654,0.5848964763531052
SVC,combined,pr,0.9969296898986798,0.9893357708714199,0.5918874428161179
SVC,combined,pr,0.9969296898986798,0.9896373056994818,0.5945750435134206
SVC,combined,pr,0.9969296898986798,0.989939024390244,0.6003894095645483
SVC,combined,pr,0.9045133558489408,0.9889224572004028,0.6043791278083613
SVC,combined,pr,0.9045133558489408,0.9892545332437878,0.6050159171593205
SVC,combined,pr,0.9045133558489408,0.9895868323815922,0.6072891405154354
SVC,combined,pr,0.9045133558489408,0.9899193548387096,0.6089362453786041
SVC,combined,pr,0.9045133558489408,0.9902521008403361,0.6119579955967948
SVC,combined,pr,0.9045133558489408,0.9905850706119704,0.6172344447641066
SVC,combined,pr,0.9045133558489408,0.9909182643794148,0.6232648501029385
SVC,combined,pr,0.9045133558489408,0.9912516823687753,0.6261883375380889
SVC,combined,pr,0.9045133558489408,0.9915853248064624,0.6275334425149316
SVC,combined,pr,0.9045133558489408,0.9919191919191919,0.6278715702507945
SVC,combined,pr,0.9045133558489408,0.9922532839339845,0.628717978307659
SVC,combined,pr,0.9045133558489408,0.9925876010781671,0.6312923146695796
SVC,combined,pr,0.9045133558489408,0.9929221435793731,0.6315190560237591
SVC,combined,pr,0.9045133558489408,0.9932569116655429,0.6386691091544122
SVC,combined,pr,0.9045133558489408,0.9935919055649242,0.6479521488959791
SVC,combined,pr,0.9045133558489408,0.9939271255060729,0.6502498537864274
SVC,combined,pr,0.9042063248388087,0.9939250759365508,0.6517142954868363
SVC,combined,pr,0.9042063248388087,0.9942606347062796,0.6622158866933855
SVC,combined,pr,0.9042063248388087,0.994596420128335,0.6641464434618168
SVC,combined,pr,0.9042063248388087,0.9949324324324325,0.6664810089379718
SVC,combined,pr,0.9042063248388087,0.9952686718485975,0.6968483980904695
SVC,combined,pr,0.9042063248388087,0.995605138607167,0.7144707166146307
SVC,combined,pr,0.9042063248388087,0.9959418329387894,0.7335283688991995
SVC,combined,pr,0.9042063248388087,0.9962787550744249,0.7523849757458269
SVC,combined,pr,0.9042063248388087,0.9966159052453468,0.7622559442380474
SVC,combined,pr,0.9038992938286767,0.996614759647935,0.769243255604727
SVC,combined,pr,0.9035922628185447,0.9966136132746359,0.7982601711591369
SVC,combined,pr,0.9035922628185447,0.9969512195121951,0.8020622044448044
SVC,combined,pr,0.9032852318084127,0.9969501863774991,0.8185201281789555
SVC,combined,pr,0.9032852318084127,0.9972881355932204,0.8249581860755848
SVC,combined,pr,0.9029782007982806,0.9972872160054256,0.8351154103586603
SVC,combined,pr,0.9029782007982806,0.9976255088195387,0.8454887760939624
SVC,combined,pr,0.9026711697881487,0.997624703087886,0.8495140571738117
SVC,combined,pr,0.9023641387780166,0.9976238968092329,0.8699733717449428
SVC,combined,pr,0.9020571077678845,0.9976230899830221,0.8862413594134954
SVC,combined,pr,0.9017500767577525,0.9976222826086957,0.8921268804642645
SVC,combined,pr,0.9017500767577525,0.9979612640163099,0.8979390839554982
SVC,combined,pr,0.9014430457476205,0.9979605710401088,0.9207534821389046
SVC,combined,pr,0.9011360147374885,0.9979598775926556,0.9330776477574356
SVC,combined,pr,0.9011360147374885,0.9982993197278912,0.9353196615284993
SVC,combined,pr,0.9008289837273564,0.9982987410683906,0.9416587688303073
SVC,combined,pr,0.9002149217070924,0.9982975825672454,0.9442093164020515
SVC,combined,pr,0.9002149217070924,0.9989778534923339,0.946116129373463
SVC,combined,pr,0.8999078906969604,0.9989775051124744,0.9466740863824213
SVC,combined,pr,0.8996008596868283,0.9989771564950563,0.9531157900179368
SVC,combined,pr,0.8996008596868283,0.9993178717598908,0.9550840755811176
SVC,combined,pr,0.8992938286766964,0.9993176390310474,0.9575415728078319
SVC,combined,pr,0.8986797666564323,0.99931717309662,0.9580392386037815
SVC,combined,pr,0.8983727356463003,0.9993169398907104,0.9656130235998029
SVC,combined,pr,0.8980657046361683,0.9993167065254527,0.9684159940694888
SVC,combined,pr,0.8977586736260362,0.9993164730006835,0.9703992465906145
SVC,combined,pr,0.8977586736260362,0.9996581196581197,0.9713319428297836
SVC,combined,pr,0.8974516426159042,0.9996580027359782,0.9739281695563252
SVC,combined,pr,0.8974516426159042,1.0,0.9773906885616577
SVC,combined,pr,0.8971446116057722,1.0,0.978847719501398
SVC,combined,pr,0.8968375805956401,1.0,0.9799247086431606
SVC,combined,pr,0.8965305495855082,1.0,0.9807758842267441
SVC,combined,pr,0.8962235185753761,1.0,0.9836243835575367
SVC,combined,pr,0.895609456555112,1.0,0.9842305715207488
SVC,combined,pr,0.8953024255449801,1.0,0.9843210699384642
SVC,combined,pr,0.894995394534848,1.0,0.9857818356551578
SVC,combined,pr,0.894688363524716,1.0,0.9858354809327596
SVC,combined,pr,0.8013509364445809,1.0,0.9860470422450495
SVC,combined,pr,0.8010439054344489,1.0,0.9861071524470469
SVC,combined,pr,0.8007368744243168,1.0,0.9868806319343325
SVC,combined,pr,0.8004298434141849,1.0,0.9868972069275984
SVC,combined,pr,0.8001228124040528,1.0,0.9885234880633931
SVC,combined,pr,0.7998157813939207,1.0,0.9898902808153686
SVC,combined,pr,0.7995087503837888,1.0,0.9899113150793895
SVC,combined,pr,0.7988946883635247,1.0,0.9900091653126587
SVC,combined,pr,0.7985876573533927,1.0,0.9903974837577714
SVC,combined,pr,0.7982806263432607,1.0,0.9924764807268556
SVC,combined,pr,0.7979735953331286,1.0,0.992723856635019
SVC,combined,pr,0.7976665643229967,1.0,0.9932347322726708
SVC,combined,pr,0.7973595333128646,1.0,0.9934983623446888
SVC,combined,pr,0.7970525023027326,1.0,0.993899075178503
SVC,combined,pr,0.7967454712926005,1.0,0.9940104609811558
SVC,combined,pr,0.7964384402824686,1.0,0.9942074123000726
SVC,combined,pr,0.7961314092723365,1.0,0.9953992337888584
SVC,combined,pr,0.7958243782622045,1.0,0.995580476551999
SVC,combined,pr,0.7955173472520725,1.0,0.9963930820178367
SVC,combined,pr,0.7949032852318084,1.0,0.9964189025978304
SVC,combined,pr,0.7945962542216763,1.0,0.9967817264224843
SVC,combined,pr,0.7942892232115444,1.0,0.9977626987247513
SVC,combined,pr,0.7936751611912803,1.0,0.9978240314216187
SVC,combined,pr,0.7933681301811483,1.0,0.9981222246105728
SVC,combined,pr,0.7930610991710163,1.0,0.9982926955614838
SVC,combined,pr,0.7927540681608842,1.0,0.9983088168097884
SVC,combined,pr,0.7924470371507523,1.0,0.998659338397069
SVC,combined,pr,0.7921400061406202,1.0,0.9987816931371857
SVC,combined,pr,0.7918329751304882,1.0,0.9988883918401944
SVC,combined,pr,0.7915259441203562,1.0,0.9989780840462649
SVC,combined,pr,0.7912189131102242,1.0,0.9990064076381087
SVC,combined,pr,0.7909118821000921,1.0,0.9990820470997214
SVC,combined,pr,0.79060485108996,1.0,0.999095807536893
SVC,combined,pr,0.7902978200798281,1.0,0.9991120688171446
SVC,combined,pr,0.789990789069696,1.0,0.9991416436071113
SVC,combined,pr,0.789683758059564,1.0,0.9991496347065191
SVC,combined,pr,0.789376727049432,1.0,0.9991619978099493
SVC,combined,pr,0.7890696960393,1.0,0.9992678999634435
SVC,combined,pr,0.7887626650291679,1.0,0.9992997024951665
SVC,combined,pr,0.788455634019036,1.0,0.9993065708920582
SVC,combined,pr,0.7881486030089039,1.0,0.9993244728463817
SVC,combined,pr,0.7878415719987719,1.0,0.9993920935928667
SVC,combined,pr,0.7875345409886398,1.0,0.9994587714962576
SVC,combined,pr,0.7872275099785079,1.0,0.999468807747264
SVC,combined,pr,0.7869204789683758,1.0,0.9994976336095065
SVC,combined,pr,0.7866134479582437,1.0,0.9994989928680608
SVC,combined,pr,0.7863064169481118,1.0,0.9995074642007884
SVC,combined,pr,0.7859993859379797,1.0,0.9995118712892902
SVC,combined,pr,0.7856923549278477,1.0,0.999519659006402
SVC,combined,pr,0.7850782929075837,1.0,0.9995622868575559
SVC,combined,pr,0.7847712618974516,1.0,0.9996357677230326
SVC,combined,pr,0.7844642308873196,1.0,0.9996559321442668
SVC,combined,pr,0.7841571998771876,1.0,0.9996871126948431
SVC,combined,pr,0.7838501688670556,1.0,0.9997058742477124
SVC,combined,pr,0.7835431378569235,1.0,0.9997444997964421
SVC,combined,pr,0.7832361068467916,1.0,0.9997453401423301
SVC,combined,pr,0.49953945348480194,1.0,0.9997537221662595
SVC,combined,pr,0.4992324224746699,1.0,0.9997659678136311
SVC,combined,pr,0.4989253914645379,1.0,0.9997768310423086
SVC,combined,pr,0.2327295056800737,1.0,0.9997807262439768
SVC,combined,pr,0.23242247466994168,1.0,0.9997820911494767
SVC,combined,pr,0.23211544365980963,1.0,0.999785683864491
SVC,combined,pr,0.00552655818237642,1.0,0.9997915456864419
SVC,combined,pr,0.0052195271722443965,1.0,0.9998135788064516
SVC,combined,pr,0.004912496162112374,1.0,0.9998532180801961
SVC,combined,pr,0.00460546515198035,1.0,0.9998576302528273
SVC,combined,pr,0.004298434141848327,1.0,0.9998627203046979
SVC,combined,pr,0.003991403131716303,1.0,0.9998711293888393
SVC,combined,pr,0.00368437212158428,1.0,0.999889770202329
SVC,combined,pr,0.0033773411114522566,1.0,0.9999053912637618
SVC,combined,pr,0.003070310101320233,1.0,0.9999072759446536
SVC,combined,pr,0.00276327909118821,1.0,0.9999270687925216
SVC,combined,pr,0.002456248081056187,1.0,0.9999349373633685
SVC,combined,pr,0.0021492170709241634,1.0,0.9999444050556024
SVC,combined,pr,0.00184218606079214,1.0,0.9999496905819093
SVC,combined,pr,0.0015351550506601166,1.0,0.9999512026286288
SVC,combined,pr,0.0012281240405280934,1.0,0.9999536991471311
SVC,combined,pr,0.00092109303039607,1.0,0.9999610486261027
SVC,combined,pr,0.0006140620202640467,1.0,0.9999785012855892
SVC,combined,pr,0.00030703101013202335,1.0,0.9999822395843695
SVC,combined,pr,0.0,1.0,
SVC,combined,roc,0.0,0.0,inf
SVC,combined,roc,0.0,0.00030703101013202335,0.9999822395843695
SVC,combined,roc,0.0,0.00552655818237642,0.9997915456864419
SVC,combined,roc,0.0,0.23211544365980963,0.999785683864491
SVC,combined,roc,0.0,0.2327295056800737,0.9997807262439768
SVC,combined,roc,0.0,0.4989253914645379,0.9997768310423086
SVC,combined,roc,0.0,0.49953945348480194,0.9997537221662595
SVC,combined,roc,0.0,0.7832361068467916,0.9997453401423301
SVC,combined,roc,0.0,0.7850782929075837,0.9995622868575559
SVC,combined,roc,0.0,0.7856923549278477,0.999519659006402
SVC,combined,roc,0.0,0.7936751611912803,0.9978240314216187
SVC,combined,roc,0.0,0.7942892232115444,0.9977626987247513
SVC,combined,roc,0.0,0.7949032852318084,0.9964189025978304
SVC,combined,roc,0.0,0.7955173472520725,0.9963930820178367
SVC,combined,roc,0.0,0.7988946883635247,0.9900091653126587
SVC,combined,roc,0.0,0.7995087503837888,0.9899113150793895
SVC,combined,roc,0.0,0.8013509364445809,0.9860470422450495
SVC,combined,roc,0.0,0.894688363524716,0.9858354809327596
SVC,combined,roc,0.0,0.895609456555112,0.9842305715207488
SVC,combined,roc,0.0,0.8962235185753761,0.9836243835575367
SVC,combined,roc,0.0,0.8974516426159042,0.9773906885616577
SVC,combined,roc,0.00023568230025925054,0.8974516426159042,0.9739281695563252
SVC,combined,roc,0.00023568230025925054,0.8977586736260362,0.9713319428297836
SVC,combined,roc,0.0004713646005185011,0.8977586736260362,0.9703992465906145
SVC,combined,roc,0.0004713646005185011,0.8986797666564323,0.9580392386037815
SVC,combined,roc,0.0004713646005185011,0.8992938286766964,0.9575415728078319
SVC,combined,roc,0.0004713646005185011,0.8996008596868283,0.9550840755811176
SVC,combined,roc,0.0007070469007777516,0.8996008596868283,0.9531157900179368
SVC,combined,roc,0.0007070469007777516,0.9002149217070924,0.946116129373463
SVC,combined,roc,0.0011784115012962526,0.9002149217070924,0.9442093164020515
SVC,combined,roc,0.0011784115012962526,0.9008289837273564,0.9416587688303073
SVC,combined,roc,0.0011784115012962526,0.9011360147374885,0.9353196615284993
SVC,combined,roc,0.0014140938015555031,0.9011360147374885,0.9330776477574356
SVC,combined,roc,0.0014140938015555031,0.9017500767577525,0.8979390839554982
SVC,combined,roc,0.0016497761018147536,0.9017500767577525,0.8921268804642645
SVC,combined,roc,0.0016497761018147536,0.9029782007982806,0.8454887760939624
SVC,combined,roc,0.0018854584020740043,0.9029782007982806,0.8351154103586603
SVC,combined,roc,0.0018854584020740043,0.9032852318084127,0.8249581860755848
SVC,combined,roc,0.0021211407023332546,0.9032852318084127,0.8185201281789555
SVC,combined,roc,0.0021211407023332546,0.9035922628185447,0.8020622044448044
SVC,combined,roc,0.0023568230025925053,0.9035922628185447,0.7982601711591369
SVC,combined,roc,0.0023568230025925053,0.9042063248388087,0.7622559442380474
SVC,combined,roc,0.004242281404666509,0.9042063248388087,0.6517142954868363
SVC,combined,roc,0.004242281404666509,0.9045133558489408,0.6502498537864274
SVC,combined,roc,0.007777515908555267,0.9045133558489408,0.6043791278083613
SVC,combined,roc,0.007777515908555267,0.9969296898986798,0.6003894095645483
SVC,combined,roc,0.00824888050907377,0.9969296898986798,0.5918874428161179
SVC,combined,roc,0.00824888050907377,0.9972367209088118,0.5848964763531052
SVC,combined,roc,0.008720245109592269,0.9972367209088118,0.5754196783581863
SVC,combined,roc,0.008720245109592269,0.9975437519189438,0.5630376799009541
SVC,combined,roc,0.011312750412444025,0.9975437519189438,0.52009512268629
SVC,combined,roc,0.011312750412444025,0.9981578139392079,0.5110221401755936
SVC,combined,roc,0.011548432712703276,0.9981578139392079,0.5046671886429035
SVC,combined,roc,0.011548432712703276,0.9984648449493398,0.5013253378927668
SVC,combined,roc,0.012491161913740279,0.9984648449493398,0.4896097067916545
SVC,combined,roc,0.012491161913740279,0.9987718759594719,0.4884293280024988
SVC,combined,roc,0.02592505302851756,0.9987718759594719,0.3023155379784737
SVC,combined,roc,0.026396417629036058,0.9987718759594719,0.2988869084339758
SVC,combined,roc,0.02663209992929531,0.9987718759594719,0.2957275911729566
SVC,combined,roc,0.02710346452981381,0.9987718759594719,0.29006270138408424
SVC,combined,roc,0.03087438133396182,0.9987718759594719,0.2620545855993914
SVC,combined,roc,0.03134574593448032,0.9987718759594719,0.2618432717208983
SVC,combined,roc,0.033702568937072824,0.9987718759594719,0.24674843990299436
SVC,combined,roc,0.03417393353759133,0.9987718759594719,0.2463643356150719
SVC,combined,roc,0.042894178647183596,0.9987718759594719,0.19499000285649226
SVC,combined,roc,0.043365543247702094,0.9987718759594719,0.19491210357870425
SVC,combined,roc,0.04407259014847985,0.9987718759594719,0.19187989276348183
SVC,combined,roc,0.04454395474899835,0.9987718759594719,0.19146683688207702
SVC,combined,roc,0.04760782465236861,0.9987718759594719,0.17941351739635872
SVC,combined,roc,0.04760782465236861,0.9990789069696039,0.178427922482569
SVC,combined,roc,0.05185010605703512,0.9990789069696039,0.15259859942939563
SVC,combined,roc,0.05232147065755362,0.9990789069696039,0.15067737264610845
SVC,combined,roc,0.05609238746170163,0.9990789069696039,0.13993414178590924
SVC,combined,roc,0.05656375206222013,0.9990789069696039,0.13915896004742842
SVC,combined,roc,0.11854819703040302,0.9990789069696039,0.053193860104842706
SVC,combined,roc,0.11901956163092152,0.9990789069696039,0.053031925359474645
SVC,combined,roc,0.13363186424699505,0.9990789069696039,0.04529751388003889
SVC,combined,roc,0.13410322884751355,0.9990789069696039,0.04529399730551247
SVC,combined,roc,0.15201508366721658,0.9990789069696039,0.03574107991292656
SVC,combined,roc,0.15248644826773508,0.9990789069696039,0.03564181522114924
SVC,combined,roc,0.16827716238510487,0.9990789069696039,0.030775071887270623
SVC,combined,roc,0.16921989158614187,0.9990789069696039,0.030695935380294286
SVC,combined,roc,0.17794013669573416,0.9990789069696039,0.028664529090673563
SVC,combined,roc,0.17888286589677116,0.9990789069696039,0.028494630946008
SVC,combined,roc,0.19349516851284468,0.9990789069696039,0.024743156257966147
SVC,combined,roc,0.19349516851284468,0.999385937979736,0.02468539868000534
SVC,combined,roc,0.1972660853169927,0.999385937979736,0.02388220772460802
SVC,combined,roc,0.1977374499175112,0.999385937979736,0.023871876460352787
SVC,combined,roc,0.20504360122554796,0.999385937979736,0.02234514502898353
SVC,combined,roc,0.20551496582606646,0.999385937979736,0.02222418017127592
SVC,combined,roc,0.221069997643177,0.999385937979736,0.020167437435160432
SVC,combined,roc,0.221069997643177,0.9996929689898679,0.020148431421454328
SVC,combined,roc,0.2981381098279519,0.9996929689898679,0.012086755776659292
SVC,combined,roc,0.2986094744284704,0.9996929689898679,0.012075687052634038
SVC,combined,roc,0.30308743813339617,0.9996929689898679,0.011751485668009128
SVC,combined,roc,0.30403016733443317,0.9996929689898679,0.011722301965993406
SVC,combined,roc,0.3306622672637285,0.9996929689898679,0.010006620443673035
SVC,combined,roc,0.331133631864247,0.9996929689898679,0.010003839652918197
SVC,combined,roc,0.4011312750412444,0.9996929689898679,0.006985698677991022
SVC,combined,roc,0.4016026396417629,0.9996929689898679,0.006976168403360337
SVC,combined,roc,0.4150365307565402,0.9996929689898679,0.006588500818166455
SVC,combined,roc,0.4155078953570587,0.9996929689898679,0.006580747825279426
SVC,combined,roc,0.44567522979024277,0.9996929689898679,0.005759654542426429
SVC,combined,roc,0.44661795899127976,0.9996929689898679,0.005753736831382995
SVC,combined,roc,0.4532170633985388,0.9996929689898679,0.005553114587295624
SVC,combined,roc,0.455338204100872,0.9996929689898679,0.005548904279185176
SVC,combined,roc,0.45769502710346455,0.9996929689898679,0.005490113955862057
SVC,combined,roc,0.45910912090502004,0.9996929689898679,0.005490063651191708
SVC,combined,roc,0.4621729908083903,0.9996929689898679,0.00542518406308472
SVC,combined,roc,0.4640584492104643,0.9996929689898679,0.005423793932688263
SVC,combined,roc,0.4720716474192788,0.9996929689898679,0.005208849758796887
SVC,combined,roc,0.4725430120197973,0.9996929689898679,0.0052066993854118886
SVC,combined,roc,0.48149893942964883,0.9996929689898679,0.005021263952108754
SVC,combined,roc,0.4822059863304266,0.9996929689898679,0.005020983708448771
SVC,combined,roc,0.4833843978317228,0.9996929689898679,0.004979240010634616
SVC,combined,roc,0.4840914447325006,0.9996929689898679,0.004974393882960241
SVC,combined,roc,0.48715531463587086,0.9996929689898679,0.004919329844597049
SVC,combined,roc,0.48762667923638936,0.9996929689898679,0.004905478946434672
SVC,combined,roc,0.48856940843742636,0.9996929689898679,0.004899517312250957
SVC,combined,roc,0.48904077303794485,0.9996929689898679,0.004899264379719582
SVC,combined,roc,0.48951213763846335,0.9996929689898679,0.0048892881303469575
SVC,combined,roc,0.4902191845392411,0.9996929689898679,0.004886113085529705
SVC,combined,roc,0.49281168984209284,0.9996929689898679,0.004837083268536717
SVC,combined,roc,0.4946971482441669,0.9996929689898679,0.004835200931290928
SVC,combined,roc,0.4963469243459816,0.9996929689898679,0.004794735089308629
SVC,combined,roc,0.4970539712467594,0.9996929689898679,0.004792315195186827
SVC,combined,roc,0.49752533584727787,0.9996929689898679,0.00479128329167735
SVC,combined,roc,0.5010605703511666,0.9996929689898679,0.004711290137613392
SVC,combined,roc,0.5015319349516851,0.9996929689898679,0.004707401467272442
SVC,combined,roc,0.5057742163563517,0.9996929689898679,0.0046377090930244565
SVC,combined,roc,0.5071883101579071,0.9996929689898679,0.004637073036550566
SVC,combined,roc,0.5074239924581664,0.9996929689898679,0.004635381715085256
SVC,combined,roc,0.5081310393589441,0.9996929689898679,0.004634009394799501
SVC,combined,roc,0.5123733207636106,0.9996929689898679,0.004581828169183878
SVC,combined,roc,0.5128446853641292,0.9996929689898679,0.004579598241391374
SVC,combined,roc,0.5142587791656846,0.9996929689898679,0.004539093990146829
SVC,combined,roc,0.5147301437662032,0.9996929689898679,0.004531805186461576
SVC,combined,roc,0.5159085552674995,0.9996929689898679,0.004526428828090543
SVC,combined,roc,0.5166156021682772,0.9996929689898679,0.004518676268872408
SVC,combined,roc,0.5170869667687956,0.9996929689898679,0.004508686536870488
SVC,combined,roc,0.5220362950742399,0.9996929689898679,0.0044275727874809505
SVC,combined,roc,0.5232147065755361,0.9996929689898679,0.004423266650694318
SVC,combined,roc,0.5236860711760547,0.9996929689898679,0.004418421995705653
SVC,combined,roc,0.5241574357765731,0.9996929689898679,0.0044164946550549955
SVC,combined,roc,0.5333490454866839,0.9996929689898679,0.004266855237570112
SVC,combined,roc,0.5342917746877209,0.9996929689898679,0.00426402891338687
SVC,combined,roc,0.5517322649069055,0.9996929689898679,0.0039115657555470135
SVC,combined,roc,0.552203629507424,0.9996929689898679,0.003910672381655205
SVC,combined,roc,0.555031817110535,0.9996929689898679,0.0038609153952770393
SVC,combined,roc,0.5555031817110535,0.9996929689898679,0.003859127578631855
SVC,combined,roc,0.5602168277162385,0.9996929689898679,0.0038033210232169593
SVC,combined,roc,0.5609238746170163,0.9996929689898679,0.0038030484124200736
SVC,combined,roc,0.5656375206222013,0.9996929689898679,0.003736849391606976
SVC,combined,roc,0.5661088852227197,0.9996929689898679,0.0037326883934515457
SVC,combined,roc,0.567287296724016,0.9996929689898679,0.0037165304556245476
SVC,combined,roc,0.5677586613245346,0.9996929689898679,0.0037149809834309856
SVC,combined,roc,0.56917275512609,0.9996929689898679,0.0036986527510273538
SVC,combined,roc,0.5696441197266086,0.9996929689898679,0.0036964456172241043
SVC,combined,roc,0.5708225312279048,0.9996929689898679,0.0036817191159490884
SVC,combined,roc,0.5712938958284233,0.9996929689898679,0.0036738998868746067
SVC,combined,roc,0.5715295781286825,0.9996929689898679,0.0036737377846420487
SVC,combined,roc,0.572000942729201,0.9996929689898679,0.003672886247529586
SVC,combined,roc,0.5778930002356824,0.9996929689898679,0.0035704662260952827
SVC,combined,roc,0.5783643648362008,0.9996929689898679,0.00356854591431287
SVC,combined,roc,0.5807211878387933,0.9996929689898679,0.003525070013609584
SVC,combined,roc,0.5811925524393118,0.9996929689898679,0.003518295394940453
SVC,combined,roc,0.6026396417629036,0.9996929689898679,0.0032001995793515107
SVC,combined,roc,0.6033466886636814,0.9996929689898679,0.0031974761998302547
SVC,combined,roc,0.6094744284704219,0.9996929689898679,0.0031063556583771235
SVC,combined,roc,0.6099457930709403,0.9996929689898679,0.003106322294477606
SVC,combined,roc,0.6113598868724959,0.9996929689898679,0.0030851558589373982
SVC,combined,roc,0.6118312514730144,0.9996929689898679,0.0030845079383329103
SVC,combined,roc,0.6123026160735329,0.9996929689898679,0.003074071603125863
SVC,combined,roc,0.6130096629743106,0.9996929689898679,0.0030673416923016547
SVC,combined,roc,0.6280933301909026,0.9996929689898679,0.0028903272148701567
SVC,combined,roc,0.6285646947914212,0.9996929689898679,0.00288554541766281
SVC,combined,roc,0.6481263257129389,0.9996929689898679,0.002648794335312669
SVC,combined,roc,0.6485976903134575,0.9996929689898679,0.0026407087110029612
SVC,combined,roc,0.6634456752297903,0.9996929689898679,0.0025127092422491375
SVC,combined,roc,0.6639170398303087,0.9996929689898679,0.0025125044767285894
SVC,combined,roc,0.6705161442375678,0.9996929689898679,0.0024267950423133393
SVC,combined,roc,0.6709875088380862,0.9996929689898679,0.0024257785371893897
SVC,combined,roc,0.6921989158614188,0.9996929689898679,0.0021793622176791354
SVC,combined,roc,0.6926702804619373,0.9996929689898679,0.002170788170508357
SVC,combined,roc,0.7042187131746406,0.9996929689898679,0.0020632959368351157
SVC,combined,roc,0.7042187131746406,1.0,0.002062179914767291
SVC,combined,roc,0.7065755361772331,1.0,0.0020385581765919297
SVC,combined,roc,0.7070469007777516,1.0,0.0020359485397859587
SVC,combined,roc,0.7230732971953806,1.0,0.0018860643969561316
SVC,combined,roc,0.7235446617958992,1.0,0.0018845485027572724
SVC,combined,roc,0.7461701626207872,1.0,0.0016971693533378888
SVC,combined,roc,0.7466415272213057,1.0,0.0016924299163966893
SVC,combined,roc,0.7567758661324534,1.0,0.001631173166033099
SVC,combined,roc,0.757247230732972,1.0,0.0016296076516224868
SVC,combined,roc,0.7836436483620081,1.0,0.0013819961533486312
SVC,combined,roc,0.7841150129625265,1.0,0.0013816422725942586
SVC,combined,roc,0.8199387226019326,1.0,0.0010724889598545421
SVC,combined,roc,0.8204100872024511,1.0,0.001065290843049518
SVC,combined,roc,0.8281876031110064,1.0,0.0010133762059675885
SVC,combined,roc,0.8286589677115249,1.0,0.001012575493916473
SVC,combined,roc,0.8904077303794485,1.0,0.0005969160533227685
SVC,combined,roc,0.890879094979967,1.0,0.0005954532423351559
SVC,combined,roc,0.9908083902898892,1.0,4.9990410647337255e-05
SVC,combined,roc,0.9922224840914448,1.0,4.9854933870238106e-05
SVC,combined,roc,0.9976431769974075,1.0,4.0832009242139695e-06
SVC,combined,roc,0.998114541597926,1.0,3.8541388850150564e-06
SVC,combined,roc,1.0,1.0,1.2232318729898766e-09
